-1.0,-1.0,14763.490234375,98.99044799804688,2.506534135317498,0.0,0.9,0.3894230769230769,0.056338028169014086,0.0,0.8681102360495846,0.11163454744578893,0.05555555555555555,0.9999999998798077,0.08533653845128167,0.7764423075989854,0.8912953928217301,0.22968276996152875,0.22722649778303972
-0.9,-1.0,14288.2890625,96.71074676513672,2.4417064735682943,0.0,0.9,0.3942307692307692,0.07142857142857142,0.0,0.8710317458589222,0.11672831187916438,0.011904761904761904,0.9999999998798077,0.08413461537450305,0.7848557691364356,0.8930296506642127,0.22811838137537016,0.22350057555544955
-0.8,-1.0,13848.5390625,94.60779571533203,2.307347481658428,0.0,0.9,0.43509615384615385,0.012987012987012988,0.0,0.8382978721620642,0.1453419455617114,0.0018552875695732839,0.9999999998798077,0.09254807691195335,0.8257211537469086,0.8551561717248445,0.19752942424587433,0.17977908793371
-0.7,-1.0,13448.1552734375,92.69866943359375,2.3198709767960692,0.0,0.9,0.40625,0.06060606060606061,0.0,0.8744939269484829,0.12353913731911775,0.008658008658008658,0.9999999998798077,0.07932692306738859,0.7980769229810004,0.8664919239072617,0.200613682108223,0.200613682108223
-0.6,-1.0,13090.333984375,91.00080871582031,2.3003464668560905,0.0,0.9,0.4170673076923077,0.0,0.0,0.8742268039434583,0.14973539283062445,0.0,0.9999999998798077,0.07331730768349552,0.8281249999004657,0.8702704247286251,0.21265526570938825,0.1795729550128915
-0.5,-1.0,12778.00390625,89.53157043457031,2.2761283387646785,0.0,0.9,0.3858173076923077,0.10638297872340426,0.0,0.917808218998472,0.14593868597310022,0.015197568389057751,0.9999999998798077,0.05649038460859491,0.8112980768255652,0.8957351883912095,0.21672473020085975,0.1926724791690449
-0.3999999999999999,-1.0,12514.1982421875,88.3075180053711,2.267728769758034,0.0,0.9,0.3798076923076923,0.0,0.0,0.9282945734635089,0.15263265936809306,0.0,0.9999999998798077,0.044471153840808755,0.8076923075952294,0.8879901668619817,0.20115927504549572,0.17186218542411194
-0.29999999999999993,-1.0,12303.0546875,87.34369659423828,2.205026517925718,0.0,0.9,0.3701923076923077,0.0,0.0,0.9809160303471535,0.1619942978310725,0.0,0.9999999998798077,0.012019230767786151,0.8221153845165727,0.8699535211404833,0.1737849500181743,0.15330981503780183
-0.19999999999999996,-1.0,12147.2109375,86.6528549194336,2.21370945658139,0.0,0.9,0.35336538461538464,0.4,0.0,0.9944237916367242,0.15851468040365282,0.13333333333333333,0.9999999998798077,0.006009615383893076,0.7812499999060998,0.8710370074811542,0.17449407157460223,0.14167177503293882
-0.09999999999999998,-1.0,12048.4091796875,86.24467468261719,2.136389715927073,0.0,0.9,0.3762019230769231,0.0,0.0,0.99807321753409,0.21045349663883417,0.0,0.9999999998798077,0.001201923076778615,0.8004807691345577,0.8185867945398034,0.10522976658860603,0.09887400510176736
0.0,-1.0,12008.9716796875,86.1251220703125,2.04478252195131,0.0,0.9,0.39903846153846156,0.0,0.0,0.9999999998,0.25035030767801536,0.0,0.9999999998798077,0.0,0.793269230673886,0.7761328147974278,0.0535581858687574,0.043549059920151574
0.10000000000000009,-1.0,12044.4306640625,86.2960205078125,1.987778776723883,0.0,0.9,0.41947115384615385,1.0,0.0,0.9999999997929606,0.2711567067112334,1.0,0.9999999998798077,0.00240384615355723,0.7980769229810004,0.7242256673954783,0.03188391844333873,0.01125987701061061
0.20000000000000018,-1.0,12138.986328125,86.75491333007812,2.0670042612559167,0.0,0.9,0.37259615384615385,0.8,0.0,0.9961685821846421,0.2216690519125943,0.4,0.9999999998798077,0.012019230767786151,0.7656249999079778,0.7837407537627317,0.08461903776673257,0.07792003884986552
0.30000000000000004,-1.0,12292.470703125,87.4952621459961,1.8836939006570947,0.0,0.9,0.4375,0.96,0.0,0.9978632476500292,0.23446199851084706,0.5555555555555555,0.9999999998798077,0.030048076919465375,0.8233173075933513,0.6935071548506653,0.06229907286487594,0.057832570608719554
0.40000000000000013,-1.0,12501.1513671875,88.50688171386719,2.1345653094639854,0.0,0.9,0.3713942307692308,0.96875,0.0,0.9980879539200598,0.19883290501695663,0.6,0.9999999998798077,0.03846153845691568,0.7463942306795199,0.7698704621276024,0.12910009777803977,0.12570134213419148
0.5,-1.0,12762.587890625,89.7765884399414,2.093107748436689,0.0,0.9,0.3701923076923077,0.925,0.0,0.9942748089705583,0.20678746812244705,0.35333333333333333,0.9999999998798077,0.048076923071144605,0.7692307691383137,0.7690065424248486,0.13056590665840934,0.13056590665840934
0.6000000000000001,-1.0,13073.4423828125,91.28902435302734,2.2168979932742046,0.0,0.9,0.3473557692307692,0.7407407407407407,0.0,0.987108655435155,0.2010518951551471,0.21376811594202896,0.9999999998798077,0.03245192307302261,0.7355769229885124,0.8105102148297608,0.14637217579784062,0.14128145992355642
0.7000000000000002,-1.0,13430.462890625,93.0273666381836,2.2824034148489627,0.0,0.9,0.33413461538461536,0.7222222222222222,0.0,0.990974729063001,0.19999326818211005,0.24583333333333335,0.9999999998798077,0.021634615382015072,0.7127403845297188,0.8217505583027241,0.14348745270186772,0.14348745270186772
0.8,-1.0,13829.9228515625,94.97418975830078,2.246291069944771,0.0,0.9,0.3545673076923077,0.6666666666666666,0.0,0.9944134076360497,0.23974971020744118,0.28125,0.9999999998798077,0.010817307691007536,0.7103365383761615,0.7928862346964288,0.1025295897145597,0.1025295897145597
0.9000000000000001,-1.0,14268.1572265625,97.11198425292969,2.39776558131996,0.0,0.9,0.28125,0.7142857142857143,0.0,0.996655518227984,0.16750022809149243,0.35714285714285715,0.9999999998798077,0.008413461537450305,0.6502403845372308,0.8538047706552356,0.17497070416096036,0.17497070416096036
1.0,-1.0,14741.603515625,99.4237060546875,2.3760369008030873,0.0,0.9,0.31009615384615385,0.5,0.0,0.9965156792688997,0.1812169299338651,0.3333333333333333,0.9999999998798077,0.00480769230711446,0.6382211537694445,0.8459477549536121,0.14392841082653302,0.13173251520035903
-1.0,-0.9,14285.1650390625,96.68718719482422,2.391471505109056,0.0,0.9,0.39903846153846156,0.056338028169014086,0.0,0.8659999998268,0.1123611958756071,0.034926470588235295,0.9999999998798077,0.08533653845128167,0.7956730768274431,0.8622773442751606,0.23271606925636348,0.21673174723809888
-0.9,-0.9,13793.1767578125,94.32705688476562,2.4040499740686485,0.0,0.9,0.39302884615384615,0.04477611940298507,0.0,0.873267326559749,0.12268007859483222,0.005681818181818182,0.9999999998798077,0.08052884614416721,0.7824519229828784,0.9046822717379074,0.23198341281651544,0.22899023477454292
-0.8,-0.9,13337.10546875,92.14466857910156,2.3554017546006882,0.0,0.9,0.42908653846153844,0.0273972602739726,0.0,0.8505263156104155,0.14838675446777708,0.03298611111111111,0.9999999998798077,0.0877403846048389,0.8124999999023438,0.8566917286243234,0.1956323512036145,0.19035886050081907
-0.7,-0.9,12920.4287109375,90.15853881835938,2.336287645561694,0.0,0.9,0.42788461538461536,0.06329113924050633,0.0,0.8445378149486265,0.1470008838077355,0.007911392405063292,0.9999999998798077,0.09495192306551059,0.8004807691345577,0.8628052011531538,0.2208189369186988,0.19635441622125643
-0.6,-0.9,12547.1591796875,88.38789367675781,2.328585735161861,0.0,0.9,0.41947115384615385,0.12987012987012986,0.0,0.8612836437140199,0.1740223255047568,0.018552875695732836,0.9999999998798077,0.09254807691195335,0.8028846152881148,0.8732281253352326,0.2106776513686787,0.1751424916567661
-0.5,-0.9,12220.3369140625,86.85195922851562,2.2111956536321884,0.0,0.9,0.4362980769230769,0.07017543859649122,0.0,0.8869936032223894,0.19566002671806357,0.011695906432748537,0.9999999998798077,0.06850961537638106,0.8269230768236872,0.8513232872167384,0.23531043035918794,0.14662668436106607
-0.3999999999999999,-0.9,11943.9228515625,85.56940460205078,2.250339233987869,0.0,0.9,0.38461538461538464,0.07692307692307693,0.0,0.9296874998184205,0.16332015030556327,0.012820512820512822,0.9999999998798077,0.046874999994365986,0.830528846054023,0.8743170415988364,0.20192346382310264,0.1831889760126549
-0.29999999999999993,-0.9,11722.1279296875,84.55728912353516,2.1202030935786755,0.0,0.9,0.4411057692307692,0.06666666666666667,0.0,0.9698924729097005,0.21498813418512625,0.011111111111111112,0.9999999998798077,0.018028846151679226,0.8377403845146947,0.8099057021264651,0.1844188639943964,0.11514463927591195
-0.19999999999999996,-0.9,11558.18359375,83.83024597167969,1.938571025534857,0.0,0.9,0.47475961538461536,0.42857142857142855,0.0,0.9908466816954584,0.27074622323877084,0.14285714285714285,0.9999999998798077,0.008413461537450305,0.861778846050267,0.7415073941756355,0.1263396458904955,0.04980861055945237
-0.09999999999999998,-0.9,11455.001953125,83.39942932128906,1.9983392158258106,0.0,0.9,0.4230769230769231,0.0,0.0,0.9979166664587673,0.23483724539340164,0.0,0.9999999998798077,0.001201923076778615,0.8173076922094582,0.7756105032281627,0.11183965807656442,0.06689679134229523
0.0,-0.9,11421.31640625,83.2717514038086,1.9247806107573968,0.0,0.9,0.47596153846153844,0.75,0.0,0.9977064217895169,0.2986127744228232,0.5,0.9999999998798077,0.00480769230711446,0.8377403845146947,0.7097107438403725,0.052998488948966714,0.01176649068433447
0.10000000000000009,-0.9,11450.4892578125,83.44938659667969,1.7559190028174876,0.0,0.9,0.5228365384615384,0.75,0.0,0.9974811080610878,0.3045044324217065,0.5,0.9999999998798077,0.00480769230711446,0.8653846152806028,0.6286541150943549,0.05150728244853723,-0.04933799618373796
0.20000000000000018,-0.9,11550.2724609375,83.92950439453125,1.7988202341798656,0.0,0.9,0.5324519230769231,0.9,0.0,0.994858611569445,0.3401768628386249,0.5199999999999999,0.9999999998798077,0.024038461535572302,0.8197115383630155,0.6458494356113961,0.05471171601080437,-0.03990583757585625
0.30000000000000004,-0.9,11711.54296875,84.7045669555664,1.7493198241872436,0.0,0.9,0.5180288461538461,0.95,0.0,0.9950124685797973,0.32455428340230585,0.6799242424242424,0.9999999998798077,0.048076923071144605,0.8413461537450305,0.6189250633950061,0.03984159407991175,-0.011898033862790154
0.40000000000000013,-0.9,11931.2568359375,85.7628402709961,1.8482741800597562,0.0,0.9,0.5444711538461539,0.8958333333333334,0.0,0.9868073876024255,0.325340059787173,0.6607142857142857,0.9999999998798077,0.05769230768537352,0.8689903845109387,0.628866969870977,0.07713502419416925,-0.027830991393082004
0.5,-0.9,12205.779296875,87.08930206298828,1.8911139085991446,0.0,0.9,0.47836538461538464,0.82,0.0,0.9792626725854233,0.2902227978632447,0.38715277777777785,0.9999999998798077,0.06009615383893075,0.8509615383592595,0.6799444149269215,0.05761028883294295,0.02438105928622878
0.6000000000000001,-0.9,12531.8349609375,88.66649627685547,2.139939080796691,0.0,0.9,0.4206730769230769,0.8809523809523809,0.0,0.9896265558112808,0.2590851249987796,0.4104938271604938,0.9999999998798077,0.050480769224701835,0.8076923075952294,0.7438161359633838,0.1078220007251437,0.07158260701813501
0.7000000000000002,-0.9,12905.1123046875,90.47562408447266,2.08671769957849,0.0,0.9,0.41346153846153844,0.8125,0.0,0.9877049178303883,0.25167905472465557,0.3900462962962963,0.9999999998798077,0.03846153845691568,0.7752403845222067,0.7572934161643161,0.10305951438546548,0.05968111533929454
0.8,-0.9,13321.212890625,92.497314453125,2.2149463171405825,0.0,0.9,0.34615384615384615,0.5,0.0,0.9926470586410576,0.202937779692402,0.26666666666666666,0.9999999998798077,0.00961538461422892,0.7487980768330772,0.7976388017216169,0.10115096783814692,0.09884528260841556
0.9000000000000001,-0.9,13775.9560546875,94.71237182617188,2.171096977625919,0.0,0.9,0.38100961538461536,1.0,0.0,0.9999999998058253,0.23899596712898305,1.0,0.9999999998798077,0.00480769230711446,0.7716346152918708,0.7472493040999347,0.09755377480038659,0.06024008253900229
1.0,-0.9,14266.3876953125,97.10232543945312,2.3824898371460135,0.0,0.9,0.2980769230769231,0.5714285714285714,0.0,0.9948630135282769,0.1825478183811703,0.29166666666666663,0.9999999998798077,0.008413461537450305,0.7199519229903905,0.8511088233368003,0.14749497464151737,0.13837369921876705
-1.0,-0.8,13842.224609375,94.55936431884766,2.392877514478875,0.0,0.9,0.38341346153846156,0.07692307692307693,0.0,0.883040935500382,0.11659976972378229,0.023809523809523808,0.9999999998798077,0.07812499999060998,0.7668269229847564,0.8870293969914891,0.22417019552936102,0.22417019552936102
-0.9,-0.8,13333.1884765625,92.1196060180664,2.347733167782001,0.0,0.9,0.41466346153846156,0.012987012987012988,0.0,0.8439425049601761,0.14776579530762188,0.025,0.9999999998798077,0.09254807691195335,0.7812499999060998,0.8764981976168625,0.20434474090337373,0.2024173557850966
-0.8,-0.8,12860.4609375,89.85799407958984,2.235070926639544,0.0,0.9,0.4495192307692308,0.08641975308641975,0.0,0.8384279474151903,0.195455870185641,0.012345679012345678,0.9999999998798077,0.09735576921906781,0.8413461537450305,0.8384487741774183,0.2130085369222451,0.18148190511595746
-0.7,-0.8,12427.2431640625,87.7945556640625,2.2269858775860425,0.0,0.9,0.46153846153846156,0.06172839506172839,0.0,0.8303571426717953,0.19750430106690636,0.0102880658436214,0.9999999998798077,0.09735576921906781,0.8389423075914734,0.8235072840897201,0.1962897814167665,0.16336140105539082
-0.6,-0.8,12037.8330078125,85.95024871826172,2.2903144917006215,0.0,0.9,0.44591346153846156,0.09782608695652174,0.0,0.8199566158741959,0.1816459206956691,0.012228260869565218,0.9999999998798077,0.11057692306363259,0.8365384614379161,0.838431218946936,0.2113329551005437,0.175141982510308
-0.5,-0.8,11695.9814453125,84.34638214111328,2.0881568399606034,0.0,0.9,0.47115384615384615,0.18461538461538463,0.0,0.8795454543455578,0.23369537008200977,0.036923076923076927,0.9999999998798077,0.07812499999060998,0.8557692306663739,0.7952955085930801,0.19927373217352873,0.1349419667859999
-0.3999999999999999,-0.8,11406.611328125,83.00382995605469,2.1005964025891015,0.0,0.9,0.45913461538461536,0.24561403508771928,0.0,0.9044444442434567,0.20561924270406587,0.04903628117913832,0.9999999998798077,0.06850961537638106,0.820913461439794,0.822479509554595,0.2191885449950269,0.13387261860572416
-0.29999999999999993,-0.8,11173.984375,81.9419174194336,2.0966065777378717,0.0,0.9,0.4387019230769231,0.22580645161290322,0.0,0.9486081368418398,0.21978232547230203,0.03763440860215054,0.9999999998798077,0.037259615380137064,0.8173076922094582,0.8192152553012716,0.21912493763320778,0.1282728541089504
-0.19999999999999996,-0.8,11001.9375,81.17733001708984,1.9550435300972886,0.0,0.9,0.5132211538461539,0.36363636363636365,0.0,0.98271604914007,0.28035939199244336,0.07272727272727272,0.9999999998798077,0.013221153844564766,0.8677884614341601,0.7190552457787666,0.16161618679668066,0.04924641489416115
-0.09999999999999998,-0.8,10900.8955078125,80.72291564941406,1.8941112152530997,0.0,0.9,0.515625,0.6,0.0,0.9950372205967649,0.33447957968949676,0.5,0.9999999998798077,0.006009615383893076,0.8629807691270456,0.691295659672057,0.12714721682581562,0.028726229277156994
0.0,-0.8,10865.5546875,80.58673858642578,1.8457069713492464,0.0,0.9,0.5588942307692307,1.0,0.0,0.9999999997275204,0.34698503433541755,1.0,0.9999999998798077,0.001201923076778615,0.8641826922038243,0.6416343253222276,0.0904387483219027,-0.02771258540717752
0.10000000000000009,-0.8,10896.8125,80.77127075195312,1.6652936348828027,0.0,0.9,0.6382211538461539,1.0,0.0,0.999999999667774,0.4369649586699373,1.0,0.9999999998798077,0.013221153844564766,0.908653846044633,0.5229296092008426,0.10062706051623108,-0.09833673863430076
0.20000000000000018,-0.8,10994.4541015625,81.27330017089844,1.6591371812106541,0.0,0.9,0.625,0.7714285714285715,0.0,0.9743589740466797,0.39522078163944335,0.4683333333333334,0.9999999998798077,0.042067307687251525,0.8822115383555035,0.5600467142138321,0.10226928202605039,-0.07368494630805204
0.30000000000000004,-0.8,11164.0283203125,82.0841293334961,1.6887808449758746,0.0,0.9,0.6538461538461539,0.9056603773584906,0.0,0.9826388885476948,0.4390684562236127,0.40789473684210525,0.9999999998798077,0.0637019230692666,0.9038461537375185,0.521055030367424,0.1173711384144198,-0.09643894070013058
0.40000000000000013,-0.8,11395.5009765625,83.19032287597656,1.7533425416321908,0.0,0.9,0.5721153846153846,0.8194444444444444,0.0,0.9634831457967743,0.34645459164799103,0.33216011042098,0.9999999998798077,0.08653846152806029,0.8725961537412745,0.615659059097581,0.11285206128685128,-0.011494432167941241
0.5,-0.8,11683.693359375,84.57475280761719,1.7663583986417255,0.0,0.9,0.6105769230769231,0.8987341772151899,0.0,0.9753086416742874,0.3808506381300663,0.38141082519964503,0.9999999998798077,0.09495192306551059,0.8737980768180531,0.5916420538938922,0.11450403711623232,-0.055334723946898326
0.6000000000000001,-0.8,12025.171875,86.2177505493164,1.9294059861760595,0.0,0.9,0.5420673076923077,0.875,0.0,0.9842519682456031,0.32567903734384046,0.518,0.9999999998798077,0.05769230768537352,0.846153846052145,0.6623113661052719,0.11809235746528725,-0.015449153672921084
0.7000000000000002,-0.8,12414.7626953125,88.09829711914062,2.010662365998985,0.0,0.9,0.4987980769230769,0.8611111111111112,0.0,0.9880095920892062,0.3327893974156652,0.41839968310556547,0.9999999998798077,0.043269230764030144,0.8509615383592595,0.6826706484996742,0.08051173459175102,-0.016551689498492565
0.8,-0.8,12847.259765625,90.19500732421875,2.074996950620563,0.0,0.9,0.4795673076923077,0.8571428571428571,0.0,0.9976905309474156,0.3087788070642295,0.5,0.9999999998798077,0.008413461537450305,0.8341346152843588,0.6665844749804088,0.06518402253476895,-0.01592338448915033
0.9000000000000001,-0.8,13319.2841796875,92.48694610595703,2.12540902740293,0.0,0.9,0.36778846153846156,0.8181818181818182,0.0,0.9961977184417876,0.21841942627587602,0.3333333333333333,0.9999999998798077,0.013221153844564766,0.814903846055901,0.7711381000284436,0.07590559875992409,0.07590559875992409
1.0,-0.8,13826.71875,94.9542007446289,2.271324021033831,0.0,0.9,0.3245192307692308,0.9090909090909091,0.0,0.9982206403917757,0.1979463661105008,0.45454545454545453,0.9999999998798077,0.013221153844564766,0.7728365383686495,0.7984742644045393,0.11522706667266913,0.10198339261360437
-1.0,-0.7,13438.2646484375,92.62419891357422,2.2165577332846627,0.0,0.9,0.41586538461538464,0.016666666666666666,0.0,0.8786008228644854,0.17347539515895158,0.05555555555555555,0.9999999998798077,0.0721153846067169,0.8028846152881148,0.8288739676918055,0.17636791898407567,0.17636791898407567
-0.9,-0.7,12912.87890625,90.10704803466797,2.244370158977562,0.0,0.9,0.4411057692307692,0.07692307692307693,0.0,0.8709677417481789,0.19325591682141596,0.0576036866359447,0.9999999998798077,0.07812499999060998,0.8100961537487865,0.8187063916640793,0.18258740415152042,0.17817192054330713
-0.8,-0.7,12422.74609375,87.76787567138672,2.2027320142178763,0.0,0.9,0.46153846153846156,0.0963855421686747,0.0,0.8325892855284398,0.2133683720440666,0.05981416957026713,0.9999999998798077,0.09975961537262505,0.8593749998967097,0.8048593512243241,0.17082107536467275,0.16600804275205133
-0.7,-0.7,11973.0078125,85.628173828125,2.260509849546019,0.0,0.9,0.453125,0.0898876404494382,0.0,0.8219780217973675,0.2101816841519359,0.012841091492776886,0.9999999998798077,0.10697115383329674,0.8413461537450305,0.8320357459915169,0.20704026598702768,0.18398872077483486
-0.6,-0.7,11566.8466796875,83.71066284179688,2.2836923423574524,0.0,0.9,0.421875,0.11688311688311688,0.0,0.8586278584493496,0.17601368300306355,0.01461038961038961,0.9999999998798077,0.09254807691195335,0.7848557691364356,0.8892886289656718,0.2362345828912659,0.21227214023509575
-0.5,-0.7,11210.0517578125,82.038818359375,2.109039482986097,0.0,0.9,0.4543269230769231,0.1978021978021978,0.0,0.8392070482733024,0.2015923403435876,0.024725274725274724,0.9999999998798077,0.10937499998685397,0.8197115383630155,0.8223340531098182,0.192431033589758,0.16461518638668382
-0.3999999999999999,-0.7,10907.20703125,80.63579559326172,2.0687842301641797,0.0,0.9,0.49278846153846156,0.21739130434782608,0.0,0.872037914485299,0.2594565654661174,0.031055900621118012,0.9999999998798077,0.08293269229772444,0.8545673075895953,0.7823658091785942,0.19795227640035898,0.12762098363048466
-0.29999999999999993,-0.7,10663.3974609375,79.52336120605469,1.9756749716417947,0.0,0.9,0.5168269230769231,0.3389830508474576,0.0,0.9029850744022425,0.24789168012348087,0.0423728813559322,0.9999999998798077,0.07091346152993828,0.8593749998967097,0.7282792133398428,0.1599848072796563,0.0940623492379548
-0.19999999999999996,-0.7,10490.216796875,78.72047424316406,1.8392467815796043,0.0,0.9,0.5528846153846154,0.5555555555555556,0.0,0.9677419352237252,0.2985843826898266,0.11111111111111112,0.9999999998798077,0.03245192307302261,0.871394230664496,0.6571193523410083,0.11886106310852536,0.03938582028013457
-0.09999999999999998,-0.7,10383.5625,78.24188232421875,1.7094460410889547,0.0,0.9,0.6213942307692307,0.5789473684210527,0.0,0.9746031742937767,0.36453613945536933,0.5058823529411764,0.9999999998798077,0.022836538458793687,0.8846153845090607,0.5647380303163558,0.10151797675886459,-0.03267982988608246
0.0,-0.7,10346.6162109375,78.09684753417969,1.613557610570924,0.0,0.9,0.6310096153846154,0.5,0.0,0.9869706837175991,0.4140436411808628,0.44000000000000006,0.9999999998798077,0.00961538461422892,0.908653846044633,0.5385329160205555,0.07026708498365487,-0.03670244019138281
0.10000000000000009,-0.7,10380.3330078125,78.2883071899414,1.5309332399713087,0.0,0.9,0.7091346153846154,0.96875,0.0,0.9958677681835257,0.508949442608055,0.7777777777777778,0.9999999998798077,0.03846153845691568,0.9350961537337625,0.43055728117300696,0.10919187020771703,-0.10644505872595353
0.20000000000000018,-0.7,10483.8369140625,78.81253051757812,1.4495907635321539,0.0,0.9,0.765625,0.9298245614035088,0.0,0.9794871789848784,0.5495562409614027,0.649671052631579,0.9999999998798077,0.06850961537638106,0.9543269229622203,0.3878993975603388,0.13797125642879934,-0.1375153010728136
0.30000000000000004,-0.7,10655.1865234375,79.65959930419922,1.4818886587885867,0.0,0.9,0.7151442307692307,0.890625,0.0,0.9704641346116185,0.48510228545603457,0.5141891891891892,0.9999999998798077,0.07692307691383136,0.9591346152693349,0.46228687968996784,0.11972068813934125,-0.0940867078351238
0.40000000000000013,-0.7,10898.9697265625,80.81414794921875,1.4796063877877474,0.0,0.9,0.7127403846153846,0.8674698795180723,0.0,0.9539748949983369,0.4771214877507528,0.3496031746031746,0.9999999998798077,0.09975961537262505,0.9459134614247701,0.4778157650986499,0.14095511013271841,-0.11441791672852927
0.5,-0.7,11201.1025390625,82.25675201416016,1.7658236899625315,0.0,0.9,0.6394230769230769,0.8676470588235294,0.0,0.9699999996766666,0.4132704685628933,0.3388278388278389,0.9999999998798077,0.08173076922094583,0.9062499998910758,0.5624665427689459,0.1318658406829432,-0.057444273600627024
0.6000000000000001,-0.7,11557.7900390625,83.96536254882812,1.888310041940861,0.0,0.9,0.5901442307692307,0.7755102040816326,0.0,0.9677419352000756,0.359533597517195,0.325187969924812,0.9999999998798077,0.05889423076215214,0.8882211537393966,0.623662728542199,0.12932686545266683,-0.04297930245969204
0.7000000000000002,-0.7,11963.279296875,85.9166259765625,1.7664460633185979,0.0,0.9,0.6213942307692307,0.8947368421052632,0.0,0.9873015869881582,0.39088484363037357,0.6726190476190477,0.9999999998798077,0.045673076917587374,0.9014423075839613,0.5729945047578756,0.10543211407857743,-0.09810151013995483
0.8,-0.7,12412.693359375,88.08711242675781,2.0497006020232944,0.0,0.9,0.4723557692307692,1.0,0.0,0.9999999997722095,0.28011789695707506,1.0,0.9999999998798077,0.01442307692134338,0.7956730768274431,0.7165739229998507,0.05622824540140723,-0.0032008055706695022
0.9000000000000001,-0.7,12901.4775390625,90.45411682128906,1.9170901352793275,0.0,0.9,0.5012019230769231,0.8823529411764706,0.0,0.9951807226517636,0.3157672265287721,0.4411764705882353,0.9999999998798077,0.020432692305236456,0.846153846052145,0.664121120748441,0.07152940005231351,-0.06065969245799613
1.0,-0.7,13425.2744140625,92.99632263183594,2.157712415456585,0.0,0.9,0.3737980769230769,0.8333333333333334,0.0,0.9961612282157081,0.2148118077878395,0.4166666666666667,0.9999999998798077,0.01442307692134338,0.8064903845184507,0.7573869528619297,0.0870606080618905,0.04753855815405427
-1.0,-0.6,13076.958984375,90.89929962158203,2.203045497967202,0.0,0.9,0.4206730769230769,0.07692307692307693,0.0,0.900414937572528,0.19164159975219064,0.06505102040816327,0.9999999998798077,0.06249999999248798,0.820913461439794,0.8226745302754003,0.18273413028655647,0.17651404503731036
-0.9,-0.6,12535.7373046875,88.3087158203125,2.191379236824126,0.0,0.9,0.47716346153846156,0.07352941176470588,0.0,0.8551724135965121,0.21426153552956517,0.07995735607675905,0.9999999998798077,0.08173076922094583,0.8569711537431526,0.7768487260919494,0.15994722914781262,0.1448516963701068
-0.8,-0.6,12029.16796875,85.89541625976562,2.1529839515130904,0.0,0.9,0.49759615384615385,0.09090909090909091,0.0,0.8325358849682928,0.2618380635920279,0.05889724310776941,0.9999999998798077,0.09254807691195335,0.8605769229734884,0.7713997313434238,0.18879525874725936,0.1294827993298343
-0.7,-0.6,11562.388671875,83.68225860595703,2.152077089774672,0.0,0.9,0.49038461538461536,0.09375,0.0,0.7948113205672614,0.23763576607106016,0.01171875,0.9999999998798077,0.11538461537074704,0.8377403845146947,0.8006222322892562,0.20590661150645775,0.15348202005417383
-0.6,-0.6,11140.1484375,81.69373321533203,2.1027607389237004,0.0,0.9,0.5024038461538461,0.175,0.0,0.8405797099418889,0.25117045201975324,0.019444444444444445,0.9999999998798077,0.09615384614228921,0.8269230768236872,0.7749593681188042,0.19117568984120142,0.13699660165224692
-0.5,-0.6,10768.1337890625,79.95539093017578,1.9740171830844364,0.0,0.9,0.5504807692307693,0.2755102040816326,0.0,0.8101604275908662,0.28240379176019165,0.039358600583090375,0.9999999998798077,0.11778846152430428,0.8665865383573814,0.7069029246786835,0.19021934498661172,0.0953557314914045
-0.3999999999999999,-0.6,10451.65234375,78.4927978515625,1.9691268696067579,0.0,0.9,0.5432692307692307,0.2765957446808511,0.0,0.8210526313628809,0.27105467756854534,0.03951367781155015,0.9999999998798077,0.11298076921718982,0.8858173075858393,0.7143763517822392,0.17282753584755212,0.10487601782205255
-0.29999999999999993,-0.6,10203.306640625,77.33026123046875,1.8756396626197323,0.0,0.9,0.5396634615384616,0.3484848484848485,0.0,0.8877284592982432,0.2641715115988256,0.043560606060606064,0.9999999998798077,0.07932692306738859,0.8677884614341601,0.697258584198926,0.11883838487949942,0.08990747309380279
-0.19999999999999996,-0.6,10020.912109375,76.48916625976562,1.6639349974502982,0.0,0.9,0.6358173076923077,0.6153846153846154,0.0,0.9339933990316853,0.3842349458022014,0.12307692307692308,0.9999999998798077,0.06249999999248798,0.9122596152749688,0.554865309982382,0.0973226002944116,-0.0004094632294643144
-0.09999999999999998,-0.6,9908.7041015625,75.98629760742188,1.74838014321467,0.0,0.9,0.5973557692307693,0.625,0.0,0.9552238803118734,0.36768500832194945,0.10416666666666667,0.9999999998798077,0.048076923071144605,0.8629807691270456,0.6042925587266778,0.09544803477244397,0.04995516830343274
0.0,-0.6,9869.8671875,75.83224487304688,1.4759152097143815,0.0,0.9,0.7283653846153846,1.0,0.0,0.9999999995575222,0.5182851488595384,1.0,0.9999999998798077,0.024038461535572302,0.924278846042755,0.42414103204136727,0.07455463678675879,-0.07455463678675879
0.10000000000000009,-0.6,9906.4287109375,76.03041076660156,1.4311977010454064,0.0,0.9,0.7836538461538461,0.8536585365853658,0.0,0.9666666661296297,0.5820247451675331,0.47651515151515156,0.9999999998798077,0.049278846147923216,0.939903846040877,0.3632097745008883,0.10555937826710848,-0.09851620360301015
0.20000000000000018,-0.6,10016.638671875,76.57659912109375,1.4411562478640494,0.0,0.9,0.7716346153846154,0.8571428571428571,0.0,0.9315789468781164,0.5627078724026751,0.48495552066980646,0.9999999998798077,0.10937499998685397,0.955528846038999,0.3592948907145433,0.10302875785632594,-0.0834140576609304
0.30000000000000004,-0.6,10198.0576171875,77.45946502685547,1.4419353539248334,0.0,0.9,0.8052884615384616,0.8934426229508197,0.0,0.9197530858520043,0.5812868219507997,0.4318599535990841,0.9999999998798077,0.14663461536699104,0.9747596152674568,0.34493427997121023,0.12403393886398506,-0.11275376350434357
0.40000000000000013,-0.6,10446.0634765625,78.6615982055664,1.6104927397601492,0.0,0.9,0.7007211538461539,0.819047619047619,0.0,0.9236947787455041,0.45740077380565874,0.3511113886113886,0.9999999998798077,0.1262019230617546,0.8990384614304041,0.49221196051469546,0.09906178109647698,-0.033889012594716654
0.5,-0.6,10762.861328125,80.16117858886719,1.54075041832855,0.0,0.9,0.7199519230769231,0.9120879120879121,0.0,0.9656652356370535,0.4977443610682919,0.4468694885361552,0.9999999998798077,0.10937499998685397,0.9206730768124192,0.4600066902483514,0.1084750245300302,-0.09593757676698295
0.6000000000000001,-0.6,11134.49609375,81.9336166381836,1.614249492112209,0.0,0.9,0.6778846153846154,0.8709677419354839,0.0,0.9701492533693472,0.46183881454775677,0.39527243589743594,0.9999999998798077,0.07451923076027413,0.9254807691195336,0.5186855387483674,0.1204436219930384,-0.0936427004946361
0.7000000000000002,-0.6,11556.0947265625,83.95323944091797,1.7704574100313983,0.0,0.9,0.5865384615384616,0.875,0.0,0.9912790694792792,0.3393977813841961,0.45652173913043476,0.9999999998798077,0.02884615384268676,0.852163461436038,0.6246545481580913,0.09219387434697546,-0.05315164469566229
0.8,-0.6,12021.7060546875,86.19449615478516,1.802659708608292,0.0,0.9,0.6021634615384616,0.8666666666666667,0.0,0.993957703627203,0.38203827573480975,0.2888888888888889,0.9999999998798077,0.018028846151679226,0.8798076922019462,0.5884733253859474,0.11696000490914554,-0.11261897357678588
0.9000000000000001,-0.6,12526.48046875,88.63300323486328,1.9351445471019295,0.0,0.9,0.5,0.8888888888888888,0.0,0.9951923074530787,0.3058969888098955,0.4444444444444444,0.9999999998798077,0.021634615382015072,0.8353365383611374,0.6710184070452333,0.05422916453410861,-0.05028152197027031
1.0,-0.6,13066.2939453125,91.2461166381836,2.0255217121277336,0.0,0.9,0.4411057692307692,1.0,0.0,0.9999999997849461,0.25867851984702644,1.0,0.9999999998798077,0.01442307692134338,0.8173076922094582,0.7236963080235121,0.032835618446951494,-0.022061301201171387
-1.0,-0.5,12760.9560546875,89.40222930908203,2.0964032342012984,0.0,0.9,0.4699519230769231,0.023255813953488372,0.0,0.9047619045567433,0.23546492059255655,0.16666666666666666,0.9999999998798077,0.05168269230148045,0.8437499998985878,0.76485245844859,0.13908228505161008,0.12913192108052507
-0.9,-0.5,12205.236328125,86.74409484863281,2.0108627934929593,0.0,0.9,0.5096153846153846,0.022727272727272728,0.0,0.8946078429179882,0.260454249425962,0.1,0.9999999998798077,0.052884615378259066,0.871394230664496,0.7353956244242605,0.14213968826551965,0.10868891881746198
-0.8,-0.5,11683.642578125,84.26213073730469,2.0639269743392337,0.0,0.9,0.49038461538461536,0.08955223880597014,0.0,0.8561320752697801,0.2395559519546664,0.01279317697228145,0.9999999998798077,0.08052884614416721,0.8413461537450305,0.7649670561831825,0.14464263602314054,0.1290495829013241
-0.7,-0.5,11201.185546875,81.98042297363281,1.9479631769283925,0.0,0.9,0.5204326923076923,0.16176470588235295,0.0,0.8571428569280343,0.28790698893575617,0.023109243697478993,0.9999999998798077,0.08173076922094583,0.8605769229734884,0.7256137837463152,0.1699680935810249,0.11479087266910142
-0.6,-0.5,10763.2021484375,79.92509460449219,2.0642465652721156,0.0,0.9,0.5348557692307693,0.2125,0.0,0.8372093021092482,0.2889832596929049,0.0265625,0.9999999998798077,0.09615384614228921,0.8437499998985878,0.7346000600680215,0.17339996301025162,0.12851758111381106
-0.5,-0.5,10376.0966796875,78.12372589111328,1.9095754109724856,0.0,0.9,0.5600961538461539,0.26881720430107525,0.0,0.8142076500507629,0.31988905360251246,0.03840245775729646,0.9999999998798077,0.1117788461404112,0.871394230664496,0.6863706597141151,0.1519517873069791,0.09554558956935019
-0.3999999999999999,-0.5,10053.2939453125,76.60426330566406,1.8881786733047865,0.0,0.9,0.5757211538461539,0.3118279569892473,0.0,0.8186968836207658,0.30856861084097076,0.038978494623655914,0.9999999998798077,0.1117788461404112,0.8870192306626179,0.6638523195764401,0.14526721972861434,0.08895079391904967
-0.29999999999999993,-0.5,9792.716796875,75.3935546875,1.7128120987524351,0.0,0.9,0.6274038461538461,0.5081967213114754,0.0,0.9032258061602497,0.38268326900366323,0.08469945355191257,0.9999999998798077,0.07331730768349552,0.9326923075802053,0.5692118555929858,0.08762322058802385,0.02827331484201684
-0.19999999999999996,-0.5,9600.8427734375,74.5154800415039,1.6894962657666923,0.0,0.9,0.6646634615384616,0.6964285714285714,0.0,0.9390681000218393,0.43180063095881355,0.1392857142857143,0.9999999998798077,0.06730769229960244,0.9314903845034267,0.49480466545411533,0.08347126051884698,0.012916465035218217
-0.09999999999999998,-0.5,9482.876953125,73.98890686035156,1.5444966986031008,0.0,0.9,0.6646634615384616,0.6944444444444444,0.0,0.9211469530748576,0.4273506564897845,0.3136645962732919,0.9999999998798077,0.08653846152806029,0.8641826922038243,0.5094045005675045,0.047276673462686665,0.03877311718548449
0.0,-0.5,9442.6171875,73.82588195800781,1.4117643587013962,0.0,0.9,0.8197115384615384,0.9482758620689655,0.0,0.9799999993466667,0.6386214199369061,0.7027027027027027,0.9999999998798077,0.06971153845315968,0.9567307691157776,0.2968733474056972,0.09938481442092158,-0.09938481442092158
0.10000000000000009,-0.5,9482.0341796875,74.03030395507812,1.2714633247799072,0.0,0.9,0.8233173076923077,0.8888888888888888,0.0,0.9319727884816512,0.6519691484603765,0.6132275132275132,0.9999999998798077,0.10817307691007536,0.9579326921925562,0.285096780102519,0.07547378737280863,-0.06857396578322783
0.20000000000000018,-0.5,9598.951171875,74.597412109375,1.087250059274055,0.0,0.9,0.8713942307692307,0.9136690647482014,0.0,0.8878504664599529,0.7449605999489939,0.6649999999999999,0.9999999998798077,0.1670673076722275,0.986778846035243,0.22363408796407244,0.10116258530864966,-0.09556771416787216
0.30000000000000004,-0.5,9790.6259765625,75.51444244384766,1.3986687781876013,0.0,0.9,0.75,0.8952380952380953,0.0,0.9471153841600407,0.5225610238794249,0.49744027636437366,0.9999999998798077,0.1262019230617546,0.9182692306588619,0.41047483323087786,0.0564596840180783,-0.02276100317716301
0.40000000000000013,-0.5,10051.12109375,76.76187896728516,1.4258250438610522,0.0,0.9,0.7596153846153846,0.8739495798319328,0.0,0.9249999995375,0.5195160127375238,0.36860323886639673,0.9999999998798077,0.1430288461366552,0.9387019229640984,0.40288296481122593,0.07636516730329773,-0.04941833080511526
0.5,-0.5,10374.015625,78.3154067993164,1.394905386795159,0.0,0.9,0.7848557692307693,0.9047619047619048,0.0,0.9441340776848414,0.5850578866071438,0.43794802867383514,0.9999999998798077,0.1262019230617546,0.9723557691138995,0.37507527822587877,0.12455766745808447,-0.11786975825801253
0.6000000000000001,-0.5,10761.0703125,80.14795684814453,1.4893830441567986,0.0,0.9,0.7415865384615384,0.921875,0.0,0.976744185592212,0.548457713863931,0.661128526645768,0.9999999998798077,0.07692307691383136,0.9483173075783273,0.43317019446097993,0.11711821419108895,-0.10843215307563334
0.7000000000000002,-0.5,11197.8994140625,82.23147583007812,1.5569255599054574,0.0,0.9,0.7307692307692307,0.9310344827586207,0.0,0.991071428128986,0.4929590493028832,0.5520833333333334,0.9999999998798077,0.03485576922657984,0.939903846040877,0.4631118733693053,0.1632408334742273,-0.16283507027475114
0.8,-0.5,11678.724609375,84.53846740722656,1.8375625927497863,0.0,0.9,0.5913461538461539,0.9047619047619048,0.0,0.9941176467664359,0.3650275788034909,0.30158730158730157,0.9999999998798077,0.025240384612350918,0.8689903845109387,0.6177372191125025,0.0829820739894529,-0.06530569776619925
0.9000000000000001,-0.5,12198.767578125,87.04291534423828,1.8201079503681366,0.0,0.9,0.5492788461538461,1.0,0.0,0.9999999997333333,0.3326583721552267,1.0,0.9999999998798077,0.015624999998121995,0.8894230768161752,0.6223550245827667,0.10175074321184382,-0.08499418984902915
1.0,-0.5,12753.1826171875,89.72100067138672,2.0096591831553505,0.0,0.9,0.46033653846153844,1.0,0.0,0.9999999997772828,0.25317754231455647,1.0,0.9999999998798077,0.010817307691007536,0.8341346152843588,0.7079339713355187,0.05917910275545101,-0.035634839979181744
-1.0,-0.3999999999999999,12494.8896484375,88.14984893798828,2.0381242155139034,0.0,0.9,0.4567307692307692,0.027777777777777776,0.0,0.9225663714773082,0.21957438432160103,0.004629629629629629,0.9999999998798077,0.043269230764030144,0.8197115383630155,0.7590258266205037,0.12554741544735737,0.12554741544735737
-0.9,-0.3999999999999999,11926.4248046875,85.43209838867188,2.0403705219893564,0.0,0.9,0.49759615384615385,0.07894736842105263,0.0,0.9162679423645291,0.2602397535287584,0.0992063492063492,0.9999999998798077,0.045673076917587374,0.8497596152824809,0.7456738691881807,0.13437415170934944,0.11087261057656653
-0.8,-0.3999999999999999,11391.1611328125,82.88914489746094,1.9439807430530582,0.0,0.9,0.5516826923076923,0.09803921568627451,0.0,0.8766756029821244,0.30644686737542703,0.051666666666666666,0.9999999998798077,0.06129807691570937,0.8749999998948318,0.6929472251783455,0.13696026733598182,0.07102080958046997
-0.7,-0.3999999999999999,10894.5576171875,80.5461196899414,1.9697245941499129,0.0,0.9,0.5192307692307693,0.17391304347826086,0.0,0.857499999785625,0.25888374050568275,0.021739130434782608,0.9999999998798077,0.08293269229772444,0.8497596152824809,0.7389353783553823,0.146669535794374,0.1294800743853416
-0.6,-0.3999999999999999,10442.1162109375,78.43057250976562,1.9315756685887566,0.0,0.9,0.5276442307692307,0.25287356321839083,0.0,0.8346055977520087,0.25176583272846753,0.036124794745484405,0.9999999998798077,0.10456730767973951,0.8653846152806028,0.7109355718931024,0.12909912385885103,0.12599918467715174
-0.5,-0.3999999999999999,10047.970703125,76.57199096679688,1.8325763799843744,0.0,0.9,0.6009615384615384,0.30666666666666664,0.0,0.8433734937218754,0.34107195207472907,0.043809523809523805,0.9999999998798077,0.09014423075839613,0.90264423066074,0.6014847386051186,0.10832392852203677,0.07472656691057289
-0.3999999999999999,-0.3999999999999999,9711.7373046875,75.00048828125,1.8187286713888078,0.0,0.9,0.5997596153846154,0.3592233009708738,0.0,0.8018018015610204,0.3355728013426448,0.044902912621359224,0.9999999998798077,0.12379807690819736,0.9098557691214116,0.6162701217548948,0.09869345678698965,0.09331794984478137
-0.29999999999999993,-0.3999999999999999,9439.2890625,73.7453842163086,1.5979898311496605,0.0,0.9,0.65625,0.55,0.0,0.8741258738202357,0.3762779306000896,0.09166666666666667,0.9999999998798077,0.09615384614228921,0.9350961537337625,0.5076041971276121,0.08303289726691031,0.048631899745728
-0.19999999999999996,-0.3999999999999999,9237.47265625,72.83295440673828,1.4909636034350129,0.0,0.9,0.7175480769230769,0.7027027027027027,0.0,0.9063829783377094,0.46392260713106026,0.28310502283105027,0.9999999998798077,0.08894230768161751,0.9423076921944342,0.4178657033911541,0.061511432364877244,-0.007034692956542462
-0.09999999999999998,-0.3999999999999999,9113.8193359375,72.28417205810547,1.4174017705458606,0.0,0.9,0.7560096153846154,0.7571428571428571,0.0,0.9162561571841102,0.5591669170153826,0.37272727272727274,0.9999999998798077,0.08413461537450305,0.9519230768086632,0.36630614270426076,0.06022496081951227,-0.02898918252250992
0.0,-0.3999999999999999,9072.0,72.11250305175781,1.2451673237679366,0.0,0.9,0.8605769230769231,0.9316239316239316,0.0,0.9310344819560048,0.7132098485566617,0.7757812500000001,0.9999999998798077,0.14062499998309796,0.9723557691138995,0.23207498838015939,0.07872615927563989,-0.07473622603069704
0.10000000000000009,-0.3999999999999999,9113.9912109375,72.32233428955078,1.4483544210748696,0.0,0.9,0.7151442307692307,0.8311688311688312,0.0,0.890295358274137,0.49906518047600407,0.5203042328042328,0.9999999998798077,0.1850961538239067,0.8810096152787248,0.45774398359821106,0.08595416278620911,0.0857156376173307
0.20000000000000018,-0.3999999999999999,9238.0107421875,72.90840911865234,1.155694475820736,0.0,0.9,0.8762019230769231,0.949238578680203,0.0,0.9029126204826091,0.7280306202337486,0.8144670064225424,0.9999999998798077,0.23677884612538716,0.9795673075745712,0.20757556744474442,0.0653933017106351,-0.0653933017106351
0.30000000000000004,-0.3999999999999999,9439.90625,73.85652923583984,1.255951096887147,0.0,0.9,0.8521634615384616,0.9101796407185628,0.0,0.8780487797739441,0.6882306453024362,0.6810833528813826,0.9999999998798077,0.2007211538220287,0.9747596152674568,0.24036967394367692,0.08203110730119047,-0.06257514380123588
0.40000000000000013,-0.3999999999999999,9712.693359375,75.14509582519531,1.3019830851171332,0.0,0.9,0.8425480769230769,0.9098360655737705,0.0,0.9160305336518851,0.64655449307564,0.6266743317045128,0.9999999998798077,0.14663461536699104,0.9795673075745712,0.2622369305060635,0.09689470080471929,-0.09046109946668315
0.5,-0.3999999999999999,10049.177734375,76.74740600585938,1.4977620587310987,0.0,0.9,0.8088942307692307,0.9487179487179487,0.0,0.9748427666824888,0.6100470860574705,0.8074074074074075,0.9999999998798077,0.09374999998873197,0.9579326921925562,0.3278917314342901,0.11577494724301594,-0.11577494724301594
0.6000000000000001,-0.3999999999999999,10442.4775390625,78.63397979736328,1.605291931935306,0.0,0.9,0.7319711538461539,0.9148936170212766,0.0,0.9820627798286714,0.5158873338624471,0.6452380952380953,0.9999999998798077,0.05649038460859491,0.930288461426648,0.44998585448667505,0.09690540232965257,-0.08878363496687285
0.7000000000000002,-0.3999999999999999,10893.5771484375,80.77462005615234,1.7078932484050469,0.0,0.9,0.6670673076923077,0.7428571428571429,0.0,0.9675090249214768,0.4184970927747384,0.515,0.9999999998798077,0.042067307687251525,0.908653846044633,0.5219691217690334,0.0980545158317707,-0.07392384347771878
0.8,-0.3999999999999999,11388.7216796875,83.13997650146484,1.8203544935169218,0.0,0.9,0.59375,0.9285714285714286,0.0,0.9970414198233605,0.3594375823987597,0.6410256410256411,0.9999999998798077,0.01682692307490061,0.846153846052145,0.6080791354051587,0.10821376635721475,-0.06341893227265673
0.9000000000000001,-0.3999999999999999,11922.943359375,85.70263671875,1.7784768664663158,0.0,0.9,0.5865384615384616,0.8888888888888888,0.0,0.9941860462226203,0.35554625849436133,0.2962962962962963,0.9999999998798077,0.021634615382015072,0.8870192306626179,0.6066712934702754,0.10715976588408409,-0.09519258142538252
1.0,-0.3999999999999999,12490.8251953125,88.43771362304688,1.9011102310073666,0.0,0.9,0.49038461538461536,1.0,0.0,0.9999999997641509,0.26956564932940147,1.0,0.9999999998798077,0.010817307691007536,0.8605769229734884,0.6685099135598185,0.07408526616094419,-0.04466721101834371
-1.0,-0.29999999999999993,12281.8505859375,87.15753936767578,2.03638704274026,0.0,0.9,0.45913461538461536,0.05263157894736842,0.0,0.9599999997866666,0.23253471999625358,0.010526315789473684,0.9999999998798077,0.022836538458793687,0.8269230768236872,0.7653949539620282,0.11740394977077209,0.1147275130926951
-0.9,-0.29999999999999993,11702.978515625,84.39021301269531,1.8974230418601972,0.0,0.9,0.5288461538461539,0.043478260869565216,0.0,0.943877550779623,0.2940646798018213,0.008695652173913044,0.9999999998798077,0.027644230765908148,0.893028846046511,0.6768990623451547,0.10770850118191254,0.08368963151950112
-0.8,-0.29999999999999993,11156.7529296875,81.79618835449219,1.9389359343373103,0.0,0.9,0.5168269230769231,0.15217391304347827,0.0,0.9029850744022425,0.24720222863652216,0.019021739130434784,0.9999999998798077,0.055288461531816296,0.8677884614341601,0.7119631740616115,0.12495746779084493,0.1227681463554861
-0.7,-0.29999999999999993,10648.0927734375,79.40147399902344,1.8923076245657968,0.0,0.9,0.5661057692307693,0.2714285714285714,0.0,0.8587257615349789,0.2949677068197698,0.03877551020408163,0.9999999998798077,0.08413461537450305,0.8966346152768468,0.6451861588982064,0.10366788917076616,0.08628071557964609
-0.6,-0.29999999999999993,10190.4033203125,77.23486328125,1.994403521161566,0.0,0.9,0.5384615384615384,0.23333333333333334,0.0,0.8203124997863769,0.27684876373576167,0.029166666666666667,0.9999999998798077,0.10817307691007536,0.8786057691251676,0.6973678411213177,0.1446493309430264,0.13731511424248458
-0.5,-0.29999999999999993,9783.53515625,75.32735443115234,1.8239147889613132,0.0,0.9,0.6274038461538461,0.3026315789473684,0.0,0.8290322577970863,0.3491331736614182,0.043233082706766915,0.9999999998798077,0.09134615383517475,0.9110576921981902,0.5727277516777892,0.1122849204662136,0.07307846819239444
-0.3999999999999999,-0.29999999999999993,9435.0869140625,73.7110595703125,1.706920729858427,0.0,0.9,0.6370192307692307,0.3972602739726027,0.0,0.854304635478707,0.3665013538963182,0.05675146771037182,0.9999999998798077,0.0877403846048389,0.8978365383536254,0.5684729810733928,0.09275409349178124,0.08331551143139465
-0.29999999999999993,-0.29999999999999993,9151.244140625,72.41741180419922,1.676823181311706,0.0,0.9,0.7067307692307693,0.5135135135135135,0.0,0.8524590160440741,0.43833605885331084,0.21428571428571427,0.9999999998798077,0.08894230768161751,0.9374999998873198,0.44633582011348627,0.08475485477143654,0.023160603016495637
-0.19999999999999996,-0.29999999999999993,8939.923828125,71.47490692138672,1.396268334101945,0.0,0.9,0.7548076923076923,0.7721518987341772,0.0,0.9117647054354094,0.5381212902850752,0.3551473402219671,0.9999999998798077,0.09495192306551059,0.9603365383461134,0.3677308304429095,0.05294592290029518,-0.016499770306073323
-0.09999999999999998,-0.29999999999999993,8810.05078125,70.90641784667969,1.3773427912327063,0.0,0.9,0.7860576923076923,0.8315789473684211,0.0,0.9101123590392628,0.57851224064228,0.551811974789916,0.9999999998798077,0.11418269229396844,0.9350961537337625,0.33276139918069375,0.048932247218896226,-0.011297645875076449
0.0,-0.29999999999999993,8766.2392578125,70.72676849365234,1.2416805437748513,0.0,0.9,0.8762019230769231,0.9269406392694064,0.0,0.8446601933546989,0.7091455515215788,0.8037391774891776,0.9999999998798077,0.2632211538145167,0.9699519229603424,0.21070159523641127,0.060969292977074145,-0.052718095642227146
0.10000000000000009,-0.29999999999999993,8811.1337890625,70.94078063964844,1.4832288141963803,0.0,0.9,0.8233173076923077,0.9362416107382551,0.0,0.8707482987273821,0.6348778752964619,0.8202781246137358,0.9999999998798077,0.3581730768800273,0.9423076921944342,0.28768183397835984,0.030100313177985248,0.00735951880269081
0.20000000000000018,-0.29999999999999993,8941.8330078125,71.54278564453125,1.3279943180634208,0.0,0.9,0.7944711538461539,0.9228070175438596,0.0,0.8713450287302076,0.6027880133743206,0.6531253254990683,0.9999999998798077,0.3425480768819053,0.9194711537356405,0.34587045964168134,0.05679633957668598,0.02586858075620258
0.30000000000000004,-0.29999999999999993,9153.27734375,72.51721954345703,1.4618168498345445,0.0,0.9,0.7524038461538461,0.8177339901477833,0.0,0.8203883491163163,0.53477782051034,0.4250197278994091,0.9999999998798077,0.24399038458605884,0.9146634614285261,0.40400939226626054,0.06618421032623197,0.05387308378845154
0.40000000000000013,-0.29999999999999993,9437.6240234375,73.84063720703125,1.2988618695775884,0.0,0.9,0.84375,0.9415584415584416,0.0,0.9307692300532545,0.6348211388574208,0.723482636754137,0.9999999998798077,0.1850961538239067,0.9747596152674568,0.262947123399954,0.0592978735647698,-0.05802020486584629
0.5,-0.29999999999999993,9786.6357421875,75.48416137695312,1.5725671023665493,0.0,0.9,0.7463942307692307,0.7789473684210526,0.0,0.9004739332225242,0.5257725254290917,0.4340836334533814,0.9999999998798077,0.11418269229396844,0.933894230656984,0.40678754075556195,0.06363943106989858,-0.022157607440981796
0.6000000000000001,-0.29999999999999993,10192.5546875,77.41620635986328,1.5749602792705717,0.0,0.9,0.7776442307692307,0.9245283018867925,0.0,0.9783783778495252,0.5805894151404987,0.6183333333333333,0.9999999998798077,0.0637019230692666,0.930288461426648,0.38291452694264116,0.08918861486548564,-0.08909480468434004
0.7000000000000002,-0.29999999999999993,10648.6298828125,79.60467529296875,1.653193644497951,0.0,0.9,0.6923076923076923,0.8387096774193549,0.0,0.9804687496170043,0.445110434210645,0.482962962962963,0.9999999998798077,0.037259615380137064,0.8990384614304041,0.4783910554359871,0.08506242614919808,-0.07626975209258348
0.8,-0.29999999999999993,11156.8046875,82.01866912841797,1.7020835195338622,0.0,0.9,0.6045673076923077,0.8421052631578947,0.0,0.9908814586653855,0.3502230627389104,0.2807017543859649,0.9999999998798077,0.022836538458793687,0.8846153845090607,0.5706954099298792,0.056190167645196444,-0.048486575359198085
0.9000000000000001,-0.29999999999999993,11703.294921875,84.62957763671875,1.9732686129414332,0.0,0.9,0.5504807692307693,1.0,0.0,0.9999999997326202,0.3024772394024433,1.0,0.9999999998798077,0.00480769230711446,0.8557692306663739,0.6362711058928623,0.08246272214702566,-0.06446178020716403
1.0,-0.29999999999999993,12282.4482421875,87.41165161132812,2.0861406440919947,0.0,0.9,0.4651442307692308,1.0,0.0,0.9999999997752809,0.220256011957766,1.0,0.9999999998798077,0.003605769230335845,0.8161057691326796,0.7084144663221672,0.05270806484911497,0.0019468277320659054
-1.0,-0.19999999999999996,12125.1708984375,86.43841552734375,2.0229496983658977,0.0,0.9,0.46153846153846156,0.07142857142857142,0.0,0.9709821426404057,0.21657308180653267,0.014285714285714285,0.9999999998798077,0.01682692307490061,0.830528846054023,0.742702221024449,0.11476559382952121,0.11072365273629291
-0.9,-0.19999999999999996,11538.1923828125,83.63340759277344,1.9401020579386166,0.0,0.9,0.5144230769230769,0.05,0.0,0.9529702967938192,0.2611827846941918,0.008333333333333333,0.9999999998798077,0.024038461535572302,0.8665865383573814,0.695912207797058,0.10839983797336972,0.09111794541129248
-0.8,-0.19999999999999996,10983.4990234375,81.0003890991211,1.9090463509795836,0.0,0.9,0.5204326923076923,0.15789473684210525,0.0,0.9197994985163409,0.23706648782266868,0.017543859649122806,0.9999999998798077,0.045673076917587374,0.8942307691232896,0.6915581285046134,0.1155007627440488,0.1062895664049053
-0.7,-0.19999999999999996,10473.3046875,78.5659408569336,1.7913226485007512,0.0,0.9,0.5949519230769231,0.32727272727272727,0.0,0.8902077148693746,0.33194223127773737,0.05454545454545454,0.9999999998798077,0.06610576922282382,0.8990384614304041,0.6028591165969411,0.10656857177689208,0.0633971049457681
-0.6,-0.19999999999999996,10006.54296875,76.35981750488281,1.7510203446896047,0.0,0.9,0.5745192307692307,0.3048780487804878,0.0,0.8389830506104567,0.3023514269529887,0.04355400696864111,0.9999999998798077,0.09855769229584643,0.9194711537356405,0.6198516610949802,0.12855533959578744,0.10828302257720021
-0.5,-0.19999999999999996,9589.9619140625,74.4142074584961,1.7384067364997016,0.0,0.9,0.640625,0.41333333333333333,0.0,0.8528428090793168,0.3687754633533488,0.06888888888888889,0.9999999998798077,0.09014423075839613,0.9374999998873198,0.5353670394828424,0.08934130802056611,0.058388379482255365
-0.3999999999999999,-0.19999999999999996,9230.6318359375,72.76272583007812,1.6309048637234052,0.0,0.9,0.6802884615384616,0.5147058823529411,0.0,0.8759398492947594,0.4210325412493252,0.0964818763326226,0.9999999998798077,0.08173076922094583,0.9423076921944342,0.47406242344840366,0.09613177688732415,0.04181397722712844
-0.29999999999999993,-0.19999999999999996,8936.70703125,71.43854522705078,1.6957056575329397,0.0,0.9,0.6225961538461539,0.5116279069767442,0.0,0.8662420379406872,0.3383754029917958,0.08811141304347826,0.9999999998798077,0.1033653846029609,0.9170673075820833,0.5570397554252445,0.11923813653084976,0.11923813653084976
-0.19999999999999996,-0.19999999999999996,8716.7626953125,70.47193145751953,1.5256742946933934,0.0,0.9,0.7548076923076923,0.7920792079207921,0.0,0.8970588230896771,0.5449779291203495,0.43278985507246376,0.9999999998798077,0.12139423075464012,0.9266826921963122,0.37138774955625864,0.03904997166474573,0.010571623624696509
-0.09999999999999998,-0.19999999999999996,8579.9853515625,69.88737487792969,1.3623095462616768,0.0,0.9,0.8425480769230769,0.9455445544554455,0.0,0.9160305336518851,0.6454173637950339,0.8335754264392324,0.9999999998798077,0.24278846150928024,0.9639423075764493,0.24026311081454546,0.05265355178060802,-0.033891902846810006
0.0,-0.19999999999999996,8534.576171875,69.70074462890625,1.3889320844400785,0.0,0.9,0.7439903846153846,0.8695652173913043,0.0,0.7605633799246182,0.5281652145613721,0.6581629288216648,0.9999999998798077,0.4699519230204385,0.8762019229716104,0.42228276402815496,0.10438061943601612,0.09729486240176807
0.10000000000000009,-0.19999999999999996,8582.212890625,69.91732788085938,1.0187664870610305,0.0,0.9,0.9591346153846154,0.9930915371329879,0.0,0.8823529385813148,0.9083931078435259,0.9705300864146774,0.9999999998798077,0.6959134614548181,0.9903846152655789,0.07645435930887966,0.08112632925593838,-0.07700572053016416
0.20000000000000018,-0.19999999999999996,8719.892578125,70.53104400634766,1.040941931896894,0.0,0.9,0.9098557692307693,0.9784313725490196,0.0,0.8533333321955556,0.7854284830727939,0.9205664105204756,0.9999999998798077,0.6129807691570937,0.9819711537281285,0.14773326627731873,0.05463172379860256,-0.04202074870691331
0.30000000000000004,-0.19999999999999996,8940.6181640625,71.52532958984375,1.1672720131582597,0.0,0.9,0.8834134615384616,0.9712643678160919,0.0,0.8969072155701988,0.7349804047856362,0.8789417346974968,0.9999999998798077,0.41826923071895805,0.9807692306513499,0.19095067789633635,0.05441371679247527,-0.05441371679247527
0.40000000000000013,-0.19999999999999996,9234.6484375,72.87516784667969,1.3931587231281515,0.0,0.9,0.7908653846153846,0.9311926605504587,0.0,0.9137931029231074,0.5759386803989502,0.6888845642177512,0.9999999998798077,0.2620192307377381,0.9567307691157776,0.3218818498347657,0.0122251088451851,-0.010726173613823707
0.5,-0.19999999999999996,9593.9638671875,74.54999542236328,1.3588426329550394,0.0,0.9,0.7680288461538461,0.8914728682170543,0.0,0.9274611394158233,0.5224902782718953,0.47321530321530325,0.9999999998798077,0.15504807690444133,0.9447115383479915,0.3677084963643647,0.026232780618634093,-0.011564280768538372
0.6000000000000001,-0.19999999999999996,10009.89453125,76.51649475097656,1.3596577356360182,0.0,0.9,0.765625,0.9811320754716981,0.0,0.9948717943616042,0.5415335466467371,0.7307692307692308,0.9999999998798077,0.0637019230692666,0.930288461426648,0.38364898003949416,0.07100910929188556,-0.07100910929188556
0.7000000000000002,-0.19999999999999996,10476.1064453125,78.7410888671875,1.4714000020183071,0.0,0.9,0.75,1.0,0.0,0.9999999995192308,0.5314944070832981,1.0,0.9999999998798077,0.026442307689129533,0.9350961537337625,0.38815285379404424,0.11436325578844402,-0.11265977775767773
0.8,-0.19999999999999996,10986.5634765625,81.19169616699219,1.709109925914679,0.0,0.9,0.5865384615384616,0.6666666666666666,0.0,0.9883720927359383,0.30484642901392284,0.3,0.9999999998798077,0.01442307692134338,0.8641826922038243,0.5864245196431733,0.054214692734059745,-0.01744423534555197
0.9000000000000001,-0.19999999999999996,11542.021484375,83.83882141113281,1.706396392387344,0.0,0.9,0.6105769230769231,1.0,0.0,0.999999999691358,0.35802701949459326,1.0,0.9999999998798077,0.00480769230711446,0.8786057691251676,0.5572545567320827,0.09425197523327199,-0.08491410362601724
1.0,-0.19999999999999996,12129.2919921875,86.65603637695312,2.0653826573026315,0.0,0.9,0.4483173076923077,0.75,0.0,0.9978213505451369,0.19388335222368694,0.5555555555555555,0.9999999998798077,0.00480769230711446,0.7956730768274431,0.7296080467592175,0.045039692543675056,0.03014295832255575
-1.0,-0.09999999999999998,12026.205078125,86.00253295898438,1.8344104882495675,0.0,0.9,0.5048076923076923,0.0,0.0,0.9927184463609906,0.25147951645585354,0.0,0.9999999998798077,0.003605769230335845,0.8593749998967097,0.6745307052096674,0.07112103900707134,0.0701794385115791
-0.9,-0.09999999999999998,11434.37109375,83.17330932617188,1.8485836748828854,0.0,0.9,0.5168269230769231,0.2,0.0,0.9800995022437563,0.26187013876889254,0.05,0.9999999998798077,0.012019230767786151,0.8906249998929537,0.6589453400391281,0.06855356434540677,0.0655936693950135
-0.8,-0.09999999999999998,10881.595703125,80.51508331298828,1.7643077054389755,0.0,0.9,0.5697115384615384,0.2916666666666667,0.0,0.9525139662143816,0.31210162437051964,0.058333333333333334,0.9999999998798077,0.02884615384268676,0.8882211537393966,0.6155288359968974,0.06855110666503511,0.05232128424359635
-0.7,-0.09999999999999998,10366.048828125,78.05484008789062,1.801149849608183,0.0,0.9,0.5637019230769231,0.2653061224489796,0.0,0.9008264460328301,0.2878830875695217,0.04421768707482993,0.9999999998798077,0.05889423076215214,0.8798076922019462,0.648942939547244,0.10176885189979572,0.09912933022097362
-0.6,-0.09999999999999998,9893.427734375,75.82283020019531,1.8088887515672734,0.0,0.9,0.5552884615384616,0.328125,0.0,0.8837837835449233,0.2620744169636539,0.041015625,0.9999999998798077,0.07692307691383136,0.8990384614304041,0.6381277760221943,0.12593869784470205,0.12593869784470205
-0.5,-0.09999999999999998,9470.171875,73.85205841064453,1.5978588659911783,0.0,0.9,0.6586538461538461,0.5342465753424658,0.0,0.8802816898308866,0.364385801558791,0.08380018674136322,0.9999999998798077,0.0877403846048389,0.930288461426648,0.5024955456388329,0.0905462157489037,0.05425275707056431
-0.3999999999999999,-0.09999999999999998,9103.8583984375,72.17713165283203,1.831032656376348,0.0,0.9,0.5576923076923077,0.39473684210526316,0.0,0.8749999997622282,0.28193495033918475,0.06431159420289854,0.9999999998798077,0.09134615383517475,0.8605769229734884,0.6553577176945773,0.17821670774267495,0.17821670774267495
-0.29999999999999993,-0.09999999999999998,8802.9462890625,70.83232116699219,1.4018864523815413,0.0,0.9,0.7007211538461539,0.8043478260869565,0.0,0.9277108430009193,0.4046551534793728,0.44602112589760556,0.9999999998798077,0.11057692306363259,0.933894230656984,0.44494077940182375,0.07052046006789123,0.06415929752982555
-0.19999999999999996,-0.09999999999999998,8576.708984375,69.84912109375,1.548663375018991,0.0,0.9,0.6887019230769231,0.8439306358381503,0.0,0.8957528954070452,0.4001979538076086,0.5485924804704491,0.9999999998798077,0.2079326922827004,0.8990384614304041,0.4717892790269579,0.09249852257257062,0.08676397952875703
-0.09999999999999998,-0.09999999999999998,8434.2646484375,69.2530746459961,1.432262849794267,0.0,0.9,0.7740384615384616,0.9125874125874126,0.0,0.8670212761345631,0.5425899853423503,0.6863248978928804,0.9999999998798077,0.3437499999586839,0.9362980768105411,0.3523701484470697,0.046195955580921114,0.03748896949360766
0.0,-0.09999999999999998,8385.9052734375,69.06085205078125,1.1567257186969258,0.0,0.9,0.890625,0.9804618117229129,0.0,0.8791208781548123,0.743086949973939,0.939096066129697,0.9999999998798077,0.6766826922263602,0.9771634614210141,0.1707181064045551,0.0621694904653311,-0.02667977940178428
0.10000000000000009,-0.09999999999999998,8437.197265625,69.27800750732422,1.463492327216347,0.0,0.9,0.7872596153846154,0.9063745019920318,0.0,0.7344632764212072,0.582987063697249,0.7520025012330022,0.9999999998798077,0.6033653845428648,0.9278846152730909,0.35195634733284414,0.07358309903163511,0.061584792534147885
0.20000000000000018,-0.09999999999999998,8581.0166015625,69.89828491210938,1.1594859822654051,0.0,0.9,0.9014423076923077,0.9757009345794393,0.0,0.8414634136079715,0.7937879994562951,0.9067322228036514,0.9999999998798077,0.6430288460765591,0.9903846152655789,0.16235200839473266,0.04519947168735472,-0.03754606721661138
0.30000000000000004,-0.09999999999999998,8808.6337890625,70.90440368652344,1.2478944746640117,0.0,0.9,0.8581730769230769,0.9701492537313433,0.0,0.8983050839844873,0.6685095484833998,0.7635130494505495,0.9999999998798077,0.48317307686500327,0.9795673075745712,0.22307659029818838,0.05166324667756673,-0.018264066914932323
0.40000000000000013,-0.09999999999999998,9109.4521484375,72.27037811279297,1.318359456558227,0.0,0.9,0.8028846153846154,0.9568627450980393,0.0,0.9329268286994349,0.5708229723158644,0.7797106950067476,0.9999999998798077,0.3064903845785468,0.9759615383442354,0.29896919175804965,0.02506244669784992,-0.0026968368745856966
0.5,-0.09999999999999998,9475.7998046875,73.96446228027344,1.5848551637441115,0.0,0.9,0.7331730769230769,0.9349593495934959,0.0,0.963963963529746,0.4708902928759168,0.6254810004810004,0.9999999998798077,0.14783653844376965,0.9411057691176556,0.41123595275554065,0.05522170409436082,0.011016147399738656
0.6000000000000001,-0.09999999999999998,9898.94140625,75.95228576660156,1.642260694708933,0.0,0.9,0.6730769230769231,0.9583333333333334,0.0,0.9926470584585856,0.4184723643276944,0.76,0.9999999998798077,0.05769230768537352,0.8725961537412745,0.4998366901084822,0.05320532883517334,0.024163806674506388
0.7000000000000002,-0.09999999999999998,10371.5244140625,78.19928741455078,1.6475944484004388,0.0,0.9,0.6442307692307693,0.7727272727272727,0.0,0.9831081077759769,0.3505993746735224,0.43686868686868685,0.9999999998798077,0.026442307689129533,0.8653846152806028,0.5190978820979426,0.031605984096506355,-0.006292487982724526
0.8,-0.09999999999999998,10887.837890625,80.67259979248047,1.7359687414881255,0.0,0.9,0.6310096153846154,0.7777777777777778,0.0,0.993485341695933,0.3583357991524926,0.6,0.9999999998798077,0.010817307691007536,0.871394230664496,0.5388153290974341,0.06733073564492387,-0.049046823827070665
0.9000000000000001,-0.09999999999999998,11441.1123046875,83.34214782714844,1.8083586186907736,0.0,0.9,0.5637019230769231,1.0,0.0,0.9999999997245178,0.29076840122810277,1.0,0.9999999998798077,0.00721153846067169,0.8569711537431526,0.5933269407235179,0.1032344021129983,-0.038463116889148566
1.0,-0.09999999999999998,12033.359375,86.18114471435547,2.0067275791593233,0.0,0.9,0.49278846153846156,1.0,0.0,0.9999999997630331,0.2292315729929847,1.0,0.9999999998798077,0.001201923076778615,0.8257211537469086,0.6564651799718701,0.09303387220160876,-0.005275134357179389
-1.0,0.0,11985.1376953125,85.85621643066406,1.8129778227362632,0.0,0.9,0.5084134615384616,0.0,0.0,0.9999999997555011,0.2399548063196473,0.0,0.9999999998798077,0.0,0.8689903845109387,0.6596150722251163,0.049074619977089576,0.04525548777811399
-0.9,0.0,11399.396484375,83.01727294921875,1.7416796000093062,0.0,0.9,0.5673076923076923,0.2,0.0,0.9888888886141974,0.3125412258462523,0.04,0.9999999998798077,0.006009615383893076,0.8882211537393966,0.6143244279109847,0.04419067286188952,0.014789913723393593
-0.8,0.0,10845.6005859375,80.34881591796875,1.7320064081328441,0.0,0.9,0.6105769230769231,0.15,0.0,0.947530863905083,0.332725812352959,0.03,0.9999999998798077,0.024038461535572302,0.8918269229697324,0.574693440313429,0.08068339330008518,0.014610118213021165
-0.7,0.0,10328.3955078125,77.8779525756836,1.7082927370711491,0.0,0.9,0.5817307692307693,0.3157894736842105,0.0,0.9252873560559518,0.30595748262243555,0.05263157894736842,0.9999999998798077,0.045673076917587374,0.9014423075839613,0.5897635694760717,0.08516983578888473,0.06587146324970128
-0.6,0.0,9853.3984375,75.63516235351562,1.6488738666756737,0.0,0.9,0.6310096153846154,0.5111111111111111,0.0,0.9283387619125931,0.34177002004984774,0.08518518518518518,0.9999999998798077,0.05408653845503768,0.9098557691214116,0.5251774303480824,0.07574904514081823,0.0518452026033089
-0.5,0.0,9427.8154296875,73.6536865234375,1.5933792101729527,0.0,0.9,0.6177884615384616,0.5319148936170213,0.0,0.9308176097701831,0.34457518233315476,0.08865248226950355,0.9999999998798077,0.05649038460859491,0.908653846044633,0.5395949567722861,0.11225056154202333,0.09728708348961927
-0.3999999999999999,0.0,9058.6884765625,71.968505859375,1.5644137280507697,0.0,0.9,0.7103365384615384,0.5774647887323944,0.0,0.8755186718358844,0.45010137460001093,0.2369747899159664,0.9999999998798077,0.08533653845128167,0.9519230768086632,0.41943883115088704,0.09741851646116352,0.028030916389832097
-0.29999999999999993,0.0,8755.2099609375,70.61436462402344,1.3170772368647092,0.0,0.9,0.7716346153846154,0.8861788617886179,0.0,0.9263157889861496,0.5473121172176661,0.7691995947315097,0.9999999998798077,0.14783653844376965,0.9543269229622203,0.32873067094711944,0.06580255592054218,-0.00968947830345971
-0.19999999999999996,0.0,8526.70703125,69.62320709228516,1.4391819082106694,0.0,0.9,0.7584134615384616,0.9097744360902256,0.0,0.8805970144872652,0.5526446310118048,0.7869576538749471,0.9999999998798077,0.3197115384231116,0.9362980768105411,0.3701799179313068,0.04938491278055186,0.043094840035309355
-0.09999999999999998,0.0,8381.5439453125,69.02102661132812,1.3486925489043704,0.0,0.9,0.8605769230769231,0.9648711943793911,0.0,0.8706896544218193,0.7068009505357552,0.8834934916504368,0.9999999998798077,0.5132211537844686,0.9783653844977926,0.21879790807287045,0.04159612317342479,-0.02172106436666103
0.0,0.0,8328.99609375,68.82483673095703,1.2609195749783884,0.0,0.9,0.921875,0.983249581239531,0.0,0.8461538448520711,0.8172040955460821,0.9489091341928925,0.9999999998798077,0.7175480768368332,0.9831730768049072,0.13011954809278703,0.06230739608843685,-0.05083450015648133
0.10000000000000009,0.0,8384.64453125,69.04036712646484,1.1564543204114603,0.0,0.9,0.9158653846153846,0.9860869565217392,0.0,0.8857142844489797,0.8100126934030161,0.9461877284810691,0.9999999998798077,0.6911057691477036,0.9915865383423574,0.14029139309566516,0.05450587197122274,-0.04305032431163943
0.20000000000000018,0.0,8532.1982421875,69.66132354736328,1.3175058309371288,0.0,0.9,0.8257211538461539,0.9581589958158996,0.0,0.8620689649227111,0.63620210061388,0.7961146165770513,0.9999999998798077,0.574519230700178,0.9663461537300065,0.2732102859317246,0.0639016472999033,0.01612544925743771
0.30000000000000004,0.0,8762.46484375,70.67021942138672,1.4173223404798494,0.0,0.9,0.7908653846153846,0.9533678756476683,0.0,0.8965517236226714,0.5592540893604361,0.7142868489851248,0.9999999998798077,0.4639423076365454,0.961538461422892,0.3171220029674072,0.06255854428245572,0.026761858587815456
0.40000000000000013,0.0,9066.4169921875,72.04069519042969,1.5463538050910548,0.0,0.9,0.7668269230769231,0.964,0.0,0.9536082469311298,0.5204259978042104,0.7306323464182745,0.9999999998798077,0.3004807691946538,0.939903846040877,0.35907419066347324,0.05300547092181935,0.01929728162401078
0.5,0.0,9435.49609375,73.7406234741211,1.411012950460329,0.0,0.9,0.7391826923076923,0.9591836734693877,0.0,0.9723502299666589,0.4842769670514767,0.6043265132139812,0.9999999998798077,0.17668269228645642,0.9050480768142971,0.405768894334025,0.04661910212297335,0.012855917063796417
0.6000000000000001,0.0,9861.0595703125,75.73516845703125,1.4381423527790838,0.0,0.9,0.7307692307692307,0.9692307692307692,0.0,0.991071428128986,0.4662026618925023,0.8829365079365079,0.9999999998798077,0.07812499999060998,0.8942307691232896,0.4206571307824158,0.06314285395996061,-0.03898878950467677
0.7000000000000002,0.0,10336.3603515625,77.98944091796875,1.7443413141758668,0.0,0.9,0.6658653846153846,0.8,0.0,0.9892086327376947,0.40365556926805435,0.4464285714285714,0.9999999998798077,0.018028846151679226,0.8737980768180531,0.5004578535948181,0.043074956196002684,-0.023747186216738946
0.8,0.0,10854.849609375,80.47025299072266,1.7123527211737122,0.0,0.9,0.6346153846153846,1.0,0.0,0.9999999996710526,0.3666807305783053,1.0,0.9999999998798077,0.006009615383893076,0.8569711537431526,0.5134650377334741,0.07546951745570177,-0.04210698991429166
0.9000000000000001,0.0,11409.7666015625,83.14732360839844,1.8330008934311446,0.0,0.9,0.5745192307692307,0.8,0.0,0.9971751409612499,0.2788217272800325,0.6666666666666666,0.9999999998798077,0.006009615383893076,0.8473557691289236,0.5882375772160612,0.07781747541814461,-0.024950944693902743
1.0,0.0,11996.0576171875,85.99368286132812,2.0868523235451386,0.0,0.9,0.46153846153846156,1.0,0.0,0.9999999997767857,0.2232398669813558,1.0,0.9999999998798077,0.00240384615355723,0.7908653845203287,0.6997624426983382,0.09364882783535564,0.03932593964733262
-1.0,0.10000000000000009,12020.44921875,86.00164794921875,1.899720103982772,0.0,0.9,0.5,1.0,0.0,0.9999999997596153,0.23766405026264822,1.0,0.9999999998798077,0.001201923076778615,0.8365384614379161,0.6775076211640563,0.05798725934917813,0.03464706563856146
-0.9,0.10000000000000009,11428.1767578125,83.1678466796875,1.766555708354305,0.0,0.9,0.5733173076923077,0.0,0.0,0.9943661969029953,0.2993581389197385,0.0,0.9999999998798077,0.00240384615355723,0.8629807691270456,0.6032048818832408,0.05846434361916803,-0.004083597138650527
-0.8,0.10000000000000009,10876.6884765625,80.50457763671875,1.8271930260588518,0.0,0.9,0.5625,0.2727272727272727,0.0,0.9780219777532906,0.272832309371664,0.0909090909090909,0.9999999998798077,0.013221153844564766,0.861778846050267,0.6323860135831074,0.04857241425760922,0.04414408398651987
-0.7,0.10000000000000009,10361.408203125,78.03882598876953,1.6348725339868393,0.0,0.9,0.6069711538461539,0.5882352941176471,0.0,0.9785932718719897,0.3053072311574388,0.19607843137254902,0.9999999998798077,0.020432692305236456,0.883413461432282,0.5714103339184078,0.059354034027592394,0.03697446403076143
-0.6,0.10000000000000009,9888.533203125,75.80086517333984,1.7959073277022632,0.0,0.9,0.5637019230769231,0.5333333333333333,0.0,0.9614325066221948,0.2672883948869831,0.20344827586206896,0.9999999998798077,0.03605769230335845,0.8786057691251676,0.6225774034673646,0.10117887105406118,0.10117887105406118
-0.5,0.10000000000000009,9465.314453125,73.82373809814453,1.592164916849093,0.0,0.9,0.6742788461538461,0.6666666666666666,0.0,0.9409594092468784,0.3736568247960528,0.21827242524916945,0.9999999998798077,0.05769230768537352,0.9014423075839613,0.4830631340719666,0.04304681590285438,0.04302471959147771
-0.3999999999999999,0.10000000000000009,9099.0380859375,72.14214324951172,1.5022999299469313,0.0,0.9,0.7211538461538461,0.8823529411764706,0.0,0.9655172409631392,0.43017777498612386,0.45940170940170943,0.9999999998798077,0.08173076922094583,0.9387019229640984,0.38501652019940313,0.08854510833543923,0.0157015473313762
-0.29999999999999993,0.10000000000000009,8797.8662109375,70.7905044555664,1.483531569109729,0.0,0.9,0.7199519230769231,0.8802083333333334,0.0,0.90128755326125,0.43351388367503624,0.4139803866366366,0.9999999998798077,0.23076923074149408,0.9218749998891977,0.42249844388008195,0.0475243481272501,0.04191793978550538
-0.19999999999999996,0.10000000000000009,8571.2333984375,69.80048370361328,1.3950777909363594,0.0,0.9,0.8064903846153846,0.9701986754966887,0.0,0.9440993782955904,0.5741626558347905,0.8289205382812689,0.9999999998798077,0.3629807691871417,0.9591346152693349,0.2965903077685364,0.042853965506100655,-0.007470994494538691
-0.09999999999999998,0.10000000000000009,8429.2607421875,69.19786071777344,0.9740018540432639,0.0,0.9,0.9122596153846154,0.9875886524822695,0.0,0.9041095878025897,0.7818229976970862,0.9380368600363109,0.9999999998798077,0.6778846153031389,0.986778846035243,0.13446236928562283,0.06896737751587892,-0.04755055786388048
0.0,0.10000000000000009,8381.0595703125,68.99948120117188,1.1258594765622856,0.0,0.9,0.9194711538461539,0.9796875,0.0,0.8059701480507909,0.8299985495383411,0.9391072676450035,0.9999999998798077,0.7692307691383137,0.9855769229584643,0.1329477760634799,0.058376871184117024,-0.034507774182046966
0.10000000000000009,0.10000000000000009,8432.486328125,69.21115112304688,1.4768932714929226,0.0,0.9,0.8365384615384616,0.9230769230769231,0.0,0.6985294112510814,0.6538061345383211,0.7849072765942603,0.9999999998798077,0.6406249999230018,0.9567307691157776,0.2615143838775653,0.026174636792195144,0.023185294009187576
0.20000000000000018,0.10000000000000009,8577.4580078125,69.82669067382812,1.3189492215888794,0.0,0.9,0.875,0.9615384615384616,0.0,0.8173076915218196,0.7216629154742995,0.7100008265190627,0.9999999998798077,0.5937499999286359,0.9783653844977926,0.1949572198620941,0.045840253565590905,-0.03201822686013331
0.30000000000000004,0.10000000000000009,8805.8427734375,70.82890319824219,1.3083609792128643,0.0,0.9,0.8052884615384616,0.9230769230769231,0.0,0.790123456302393,0.5822237929665213,0.6045885396375592,0.9999999998798077,0.5312499999361479,0.9411057691176556,0.31133315317760557,0.04221103994548718,0.03197385048676315
0.40000000000000013,0.10000000000000009,9108.1552734375,72.1917953491211,1.5104486734403448,0.0,0.9,0.7704326923076923,0.9812734082397003,0.0,0.9738219890189413,0.5082101725921383,0.7301965947669391,0.9999999998798077,0.3209134614998902,0.9387019229640984,0.3591413945448127,0.07140205489581372,0.01853580030695816
0.5,0.10000000000000009,9475.2880859375,73.88355255126953,1.534211532088519,0.0,0.9,0.7475961538461539,0.9605263157894737,0.0,0.9714285709659864,0.4852784882706944,0.5182114512471656,0.9999999998798077,0.1826923076703495,0.9074519229678544,0.3930955767752787,0.03926113379098742,-0.0008331793023839268
0.6000000000000001,0.10000000000000009,9899.1708984375,75.86968231201172,1.6657837501181028,0.0,0.9,0.6622596153846154,0.8833333333333333,0.0,0.9750889676245235,0.3831306508856875,0.505437352245863,0.9999999998798077,0.0721153846067169,0.8485576922057022,0.5099487663812856,0.060032050197476754,0.03277989878821873
0.7000000000000002,0.10000000000000009,10372.755859375,78.11554718017578,1.594135822357966,0.0,0.9,0.6574519230769231,0.896551724137931,0.0,0.9894736838633424,0.40114154911945965,0.40865384615384615,0.9999999998798077,0.03485576922657984,0.8629807691270456,0.496960170468181,0.04365668222918433,-0.00047423588884122245
0.8,0.10000000000000009,10888.857421875,80.58818054199219,1.6888255851388934,0.0,0.9,0.6262019230769231,1.0,0.0,0.9999999996784565,0.3372007360643391,1.0,0.9999999998798077,0.01682692307490061,0.8641826922038243,0.5218971632544159,0.05001256740750908,-0.03519561926064009
0.9000000000000001,0.10000000000000009,11441.734375,83.25739288330078,1.8664191817717746,0.0,0.9,0.5588942307692307,1.0,0.0,0.9999999997275204,0.29361401847913404,1.0,0.9999999998798077,0.00480769230711446,0.8317307691308016,0.5921058957642237,0.09036935439524159,-0.01165697714785995
1.0,0.10000000000000009,12034.908203125,86.09632873535156,2.040023778848502,0.0,0.9,0.4795673076923077,1.0,0.0,0.9999999997690531,0.22563644778260336,1.0,0.9999999998798077,0.001201923076778615,0.793269230673886,0.6718782892056993,0.0914901641766778,0.03041199153204811
-1.0,0.20000000000000018,12115.9130859375,86.4366455078125,1.8836227418817257,0.0,0.9,0.5324519230769231,0.0,0.0,0.9999999997429305,0.2434527166594395,0.0,0.9999999998798077,0.0,0.8317307691308016,0.655776170588069,0.040512671969891716,-0.008546279169281128
-0.9,0.20000000000000018,11528.59375,83.62255859375,1.858335645759244,0.0,0.9,0.5480769230769231,0.0,0.0,0.9973404252666648,0.25712902076016725,0.0,0.9999999998798077,0.001201923076778615,0.8377403845146947,0.632645544737487,0.04009691819606208,0.010092800844462832
-0.8,0.20000000000000018,10973.7275390625,80.97956085205078,1.75145158887621,0.0,0.9,0.5913461538461539,0.6666666666666666,0.0,0.9911764702967127,0.2934215253769772,0.5416666666666666,0.9999999998798077,0.010817307691007536,0.8581730768199312,0.5716967853349165,0.04003579918292422,-0.006574768140878514
-0.7,0.20000000000000018,10464.25,78.53424072265625,1.7143241952191925,0.0,0.9,0.6213942307692307,0.47058823529411764,0.0,0.9714285711201813,0.3325100302486543,0.2875,0.9999999998798077,0.020432692305236456,0.8882211537393966,0.5344639364482174,0.051715897531654446,-0.0006835170927240626
-0.6,0.20000000000000018,9997.83984375,76.31636047363281,1.592505506956665,0.0,0.9,0.6430288461538461,0.7878787878787878,0.0,0.9764309761022117,0.34433468679163565,0.42391304347826086,0.9999999998798077,0.039663461533694294,0.8870192306626179,0.4991785581194156,0.07555234225698136,0.018229194407576307
-0.5,0.20000000000000018,9581.087890625,74.35823059082031,1.6350237326295807,0.0,0.9,0.6983173076923077,0.7931034482758621,0.0,0.9521912346804019,0.38186358851856167,0.2730544309491678,0.9999999998798077,0.06971153845315968,0.8990384614304041,0.4377740723914944,0.06060734181122851,0.005288417336125097
-0.3999999999999999,0.20000000000000018,9221.71484375,72.69361877441406,1.4615729843097809,0.0,0.9,0.7379807692307693,0.9306930693069307,0.0,0.9678899078128945,0.4353554474755663,0.6602813852813854,0.9999999998798077,0.12139423075464012,0.933894230656984,0.3695571787294614,0.07012884111803988,-0.0007745233236227916
-0.29999999999999993,0.20000000000000018,8927.4326171875,71.35599517822266,1.3450003208722698,0.0,0.9,0.7848557692307693,0.9702380952380952,0.0,0.9720670385630911,0.5237135714226091,0.7636572890025576,0.9999999998798077,0.20192307689880734,0.955528846038999,0.3203294281869717,0.053363228447552605,-0.02179989140001224
-0.19999999999999996,0.20000000000000018,8707.548828125,70.37596893310547,1.278125404649796,0.0,0.9,0.8185096153846154,0.9159663865546218,0.0,0.8013245027805799,0.5989026261587237,0.6521205105054206,0.9999999998798077,0.4290865384099656,0.9447115383479915,0.29940655903187946,0.022492249156591506,0.004139357438012267
-0.09999999999999998,0.20000000000000018,8571.7060546875,69.77845001220703,1.3103134623016706,0.0,0.9,0.8064903846153846,0.9263157894736842,0.0,0.7826086951660816,0.6350710845004014,0.8292116534723051,0.9999999998798077,0.5709134614698421,0.9326923075802053,0.3120617632726265,0.04494321644794416,0.0371190567988587
0.0,0.20000000000000018,8526.0791015625,69.57971954345703,1.4201523093873711,0.0,0.9,0.7920673076923077,0.9067961165048544,0.0,0.722543352183501,0.5639075935946549,0.7001372338857517,0.9999999998798077,0.6189903845409868,0.933894230656984,0.3327735109396529,0.06413484861964076,0.06222310451510368
0.10000000000000009,0.20000000000000018,8574.888671875,69.78540802001953,1.2305952124201511,0.0,0.9,0.890625,0.9751908396946565,0.0,0.857142856200942,0.72725017560617,0.923785735615287,0.9999999998798077,0.6298076922319943,0.986778846035243,0.175991519085052,0.04936288782521252,-0.03155732563740157
0.20000000000000018,0.20000000000000018,8714.1494140625,70.38972473144531,1.4916159716820885,0.0,0.9,0.7307692307692307,0.8724373576309795,0.0,0.7499999996651786,0.527426425193972,0.5817270658263305,0.9999999998798077,0.527644230705812,0.9471153845015486,0.43334166348603936,0.10430838966854833,0.0973302467660335
0.30000000000000004,0.20000000000000018,8936.138671875,71.37620544433594,1.387576959096616,0.0,0.9,0.8040865384615384,0.9731343283582089,0.0,0.9447852754939968,0.5757533060081265,0.6791896790485501,0.9999999998798077,0.40264423072083605,0.9603365383461134,0.29938342019782815,0.055189039972217344,0.001976569070674037
0.40000000000000013,0.20000000000000018,9232.232421875,72.71981048583984,1.525081448561127,0.0,0.9,0.7548076923076923,0.9767441860465116,0.0,0.97549019560025,0.5119647410030229,0.6418969501676269,0.9999999998798077,0.25841346150740224,0.9326923075802053,0.3743021590597857,0.05980311363097161,0.016170060341266206
0.5,0.20000000000000018,9592.875,74.3898696899414,1.4140147962371976,0.0,0.9,0.7848557692307693,0.9868421052631579,0.0,0.9888268150900409,0.5456574706083512,0.9298850574712644,0.9999999998798077,0.1826923076703495,0.9411057691176556,0.33628710479113033,0.07338011444270677,-0.03552959581813836
0.6000000000000001,0.20000000000000018,10010.2216796875,76.3529052734375,1.4954417553822126,0.0,0.9,0.7367788461538461,0.9838709677419355,0.0,0.995433789499802,0.5008109393552673,0.9108187134502924,0.9999999998798077,0.07451923076027413,0.90264423066074,0.40085821634025287,0.06934101923816229,-0.04352843908185663
0.7000000000000002,0.20000000000000018,10478.2939453125,78.57512664794922,1.597690496625901,0.0,0.9,0.6646634615384616,1.0,0.0,0.9999999996415769,0.3731843035580518,1.0,0.9999999998798077,0.02884615384268676,0.8737980768180531,0.4787735639433018,0.0563188391072629,-0.023069159578923526
0.8,0.20000000000000018,10988.908203125,81.02423095703125,1.7477630425771393,0.0,0.9,0.6117788461538461,1.0,0.0,0.9999999996904024,0.33325950211118494,1.0,0.9999999998798077,0.012019230767786151,0.8581730768199312,0.5257561810288109,0.07360523761533079,-0.02237782498646528
0.9000000000000001,0.20000000000000018,11544.9814453125,83.67056274414062,1.9246404114640183,0.0,0.9,0.5384615384615384,1.0,0.0,0.9999999997395833,0.2620055807799056,1.0,0.9999999998798077,0.003605769230335845,0.7920673075971073,0.6231381531201111,0.06650723358791463,0.011520489007287877
1.0,0.20000000000000018,12132.8681640625,86.4875259399414,2.0998823756299663,0.0,0.9,0.4855769230769231,1.0,0.0,0.9999999997663551,0.21685493740296147,1.0,0.9999999998798077,0.00240384615355723,0.7596153845240847,0.6968732881931422,0.06955551205209805,0.040339246708986025
-1.0,0.30000000000000004,12269.1806640625,87.1549072265625,1.9199642437184523,0.0,0.9,0.5204326923076923,0.0,0.0,0.9999999997493734,0.2499295672803274,0.0,0.9999999998798077,0.0,0.840144230668252,0.6547196788308779,0.059929426055055995,-0.017208139820593216
-0.9,0.30000000000000004,11690.125,84.37413024902344,1.8619928308454587,0.0,0.9,0.5456730769230769,0.0,0.0,0.9999999997354497,0.25394365854517864,0.0,0.9999999998798077,0.0,0.840144230668252,0.6347658784126227,0.04091584628911558,-0.005619564840954399
-0.8,0.30000000000000004,11143.6572265625,81.76538848876953,1.7087067784404102,0.0,0.9,0.5913461538461539,0.3333333333333333,0.0,0.9941176467664359,0.2733490950259786,0.16666666666666666,0.9999999998798077,0.003605769230335845,0.8533653845128167,0.5823961953844815,0.04500090660286063,-0.024230092902592006
-0.7,0.30000000000000004,10634.984375,79.35466003417969,1.7834253082271212,0.0,0.9,0.5997596153846154,0.5,0.0,0.990990990693396,0.28039387184739967,0.4666666666666666,0.9999999998798077,0.00721153846067169,0.8677884614341601,0.5727814369491097,0.05769069899760651,0.0027336200029147973
-0.6,0.30000000000000004,10177.9609375,77.1707992553711,1.7462722478932662,0.0,0.9,0.5685096153846154,0.7586206896551724,0.0,0.9805013924845399,0.2772474369318612,0.625,0.9999999998798077,0.03485576922657984,0.852163461436038,0.5986967844657947,0.06741597378379774,0.06741597378379774
-0.5,0.30000000000000004,9771.7119140625,75.24494934082031,1.4207026482382943,0.0,0.9,0.7163461538461539,0.9444444444444444,0.0,0.9830508470410801,0.38877257210590543,0.7045454545454546,0.9999999998798077,0.08653846152806029,0.9158653845053046,0.39785428466835726,0.07302422265395443,-0.03286370312493177
-0.3999999999999999,0.30000000000000004,9422.474609375,73.60946655273438,1.3770442911739673,0.0,0.9,0.7632211538461539,0.9711538461538461,0.0,0.9847715731041768,0.4620825267099181,0.7285714285714285,0.9999999998798077,0.12499999998497596,0.9350961537337625,0.3440388034588338,0.06348620074518997,-0.04003185974606623
-0.29999999999999993,0.30000000000000004,9137.724609375,72.29618072509766,1.2504842460248817,0.0,0.9,0.8161057692307693,0.9640718562874252,0.0,0.9607843130975267,0.5811395581778158,0.6321759259259259,0.9999999998798077,0.2007211538220287,0.9543269229622203,0.28608455224827156,0.07322338433072394,-0.044492013983778
-0.19999999999999996,0.30000000000000004,8926.92578125,71.33409118652344,1.3077430486952857,0.0,0.9,0.8485576923076923,0.9655172413793104,0.0,0.920634919904258,0.6624754859954805,0.7610157470717946,0.9999999998798077,0.34855769226579836,0.9723557691138995,0.22835925362097015,0.0548942789260405,-0.038543687136192044
-0.09999999999999998,0.30000000000000004,8797.5458984375,70.74665832519531,1.2466767838754262,0.0,0.9,0.8473557692307693,0.9466666666666667,0.0,0.8110236214086428,0.6500533492724296,0.743099354507501,0.9999999998798077,0.5408653845503768,0.9603365383461134,0.2403624800765565,0.02671668005968384,-0.004315433815084587
0.0,0.30000000000000004,8754.4208984375,70.54925537109375,1.2552042644487744,0.0,0.9,0.8533653846153846,0.9736263736263736,0.0,0.9016393435232465,0.667890861275443,0.8198134803388744,0.9999999998798077,0.5468749999342698,0.9831730768049072,0.2234002909407415,0.04452954732135128,-0.01710885307068745
0.10000000000000009,0.30000000000000004,8800.51953125,70.74722290039062,1.27520377296926,0.0,0.9,0.8209134615384616,0.9144736842105263,0.0,0.7382550330615738,0.6351486346309957,0.5752234062404333,0.9999999998798077,0.5480769230110485,0.9603365383461134,0.29097770904461046,0.02702941671084107,0.01785837023053718
0.20000000000000018,0.30000000000000004,8934.0263671875,71.33525085449219,1.4917035996791796,0.0,0.9,0.7740384615384616,0.9226519337016574,0.0,0.8510638293345405,0.5233797506806516,0.6319174246616404,0.9999999998798077,0.43509615379385863,0.9495192306551059,0.3585366022232336,0.04840722802277154,0.03556372324220029
0.30000000000000004,0.30000000000000004,9147.5439453125,72.2979736328125,1.3790614315469396,0.0,0.9,0.7668269230769231,0.9689922480620154,0.0,0.9587628861037305,0.5035949479204325,0.6806378021000663,0.9999999998798077,0.31009615380888267,0.939903846040877,0.374894146114642,0.08626649606012529,0.03107083885304423
0.40000000000000013,0.30000000000000004,9433.439453125,73.61193084716797,1.4950150686584112,0.0,0.9,0.734375,0.9072164948453608,0.0,0.9185520357834607,0.4872758149989936,0.4472782258064516,0.9999999998798077,0.23317307689505132,0.9014423075839613,0.428307318403812,0.0682116269235421,0.04538551617840607
0.5,0.30000000000000004,9784.1201171875,75.24813842773438,1.609447310978612,0.0,0.9,0.6778846153846154,0.9032258064516129,0.0,0.9664179100871574,0.3925222796240192,0.3259868421052632,0.9999999998798077,0.1117788461404112,0.8641826922038243,0.4998285112018542,0.07655906404731912,0.053524529546171436
0.6000000000000001,0.30000000000000004,10192.2890625,77.17472076416016,1.5520120006164952,0.0,0.9,0.7079326923076923,1.0,0.0,0.9999999995884774,0.46214497077254685,1.0,0.9999999998798077,0.06129807691570937,0.8870192306626179,0.4309985509673108,0.060367055904432594,-0.030557078027450307
0.7000000000000002,0.30000000000000004,10651.0009765625,79.35933685302734,1.6741796419766897,0.0,0.9,0.6730769230769231,0.8888888888888888,0.0,0.9963235290454692,0.40537263946691193,0.4444444444444444,0.9999999998798077,0.010817307691007536,0.8533653845128167,0.4960216799079799,0.048188209023452486,-0.047847145732337656
0.8,0.30000000000000004,11161.26171875,81.77079772949219,1.8537142134170517,0.0,0.9,0.5264423076923077,0.42857142857142855,0.0,0.9898477154848102,0.2408708371572018,0.18,0.9999999998798077,0.008413461537450305,0.793269230673886,0.6568541750481534,0.061739045569176275,0.06069101318645206
0.9000000000000001,0.30000000000000004,11708.236328125,84.38024139404297,1.9689319624198416,0.0,0.9,0.5192307692307693,0.8,0.0,0.997499999750625,0.24925974651719107,0.625,0.9999999998798077,0.006009615383893076,0.7980769229810004,0.648489573435012,0.043607956388763885,0.04135964134658932
1.0,0.30000000000000004,12287.81640625,87.16166687011719,2.06304831018255,0.0,0.9,0.4879807692307692,0.0,0.0,0.9999999997652582,0.24110099712938007,0.0,0.9999999998798077,0.0,0.7716346152918708,0.6903909566961588,0.055099747543988116,0.04538864507651565
-1.0,0.40000000000000013,12479.0693359375,88.1463851928711,1.9454394979481247,0.0,0.9,0.5120192307692307,0.0,0.0,0.9999999997536946,0.23213629588299137,0.0,0.9999999998798077,0.0,0.8389423075914734,0.6730313020887718,0.039812890407723525,-0.016594867396075533
-0.9,0.40000000000000013,11910.845703125,85.41104125976562,1.9325807129312829,0.0,0.9,0.4879807692307692,0.0,0.0,0.9999999997652582,0.2126948244542785,0.0,0.9999999998798077,0.0,0.820913461439794,0.701120184724206,0.05306453258018932,0.02706882243138802
-0.8,0.40000000000000013,11375.6708984375,82.84888458251953,1.779869680284877,0.0,0.9,0.5588942307692307,1.0,0.0,0.9999999997275204,0.2557110630957716,1.0,0.9999999998798077,0.003605769230335845,0.8377403845146947,0.615725817420955,0.05597143827564707,-0.01366115823853165
-0.7,0.40000000000000013,10878.8173828125,80.48502349853516,1.7417804877472716,0.0,0.9,0.5865384615384616,1.0,0.0,0.9999999997093023,0.28933981032859835,1.0,0.9999999998798077,0.010817307691007536,0.8701923075877173,0.5666568762919593,0.061777452636590666,-0.01653001583359466
-0.6,0.40000000000000013,10426.0625,78.34713745117188,1.6035448281109252,0.0,0.9,0.6574519230769231,0.9259259259259259,0.0,0.9929824557919359,0.34347326389351224,0.5833333333333334,0.9999999998798077,0.03245192307302261,0.8870192306626179,0.475597023906692,0.09009490886718759,-0.04702602017287485
-0.5,0.40000000000000013,10031.87890625,76.46484375,1.6156752076944334,0.0,0.9,0.671875,1.0,0.0,0.9999999996336996,0.3733951074310914,1.0,0.9999999998798077,0.06971153845315968,0.8978365383536254,0.4630884211652796,0.05524799474071926,-0.01704252733220654
-0.3999999999999999,0.40000000000000013,9694.4228515625,74.86863708496094,1.5369816258383382,0.0,0.9,0.7295673076923077,0.9230769230769231,0.0,0.9688888884582716,0.413916258210913,0.5349019607843137,0.9999999998798077,0.10937499998685397,0.9182692306588619,0.3956583248539238,0.03912205513548239,-0.030428935234142918
-0.29999999999999993,0.40000000000000013,9421.419921875,73.58827209472656,1.3868145836009944,0.0,0.9,0.7776442307692307,0.9596774193548387,0.0,0.9729729724470416,0.49581717476347886,0.6295722967549592,0.9999999998798077,0.14903846152054825,0.9495192306551059,0.337896653086878,0.049340599903909786,-0.039656340359918295
-0.19999999999999996,0.40000000000000013,9220.232421875,72.65065002441406,1.3676576646724627,0.0,0.9,0.8209134615384616,0.921875,0.0,0.8993288584568263,0.5984172260647124,0.6102937379020846,0.9999999998798077,0.23076923074149408,0.9591346152693349,0.29024943903547007,0.036717111352351735,-0.035386983991960844
-0.09999999999999998,0.40000000000000013,9097.26171875,72.07743835449219,1.2501115244290504,0.0,0.9,0.8557692307692307,0.9555555555555556,0.0,0.8666666659444445,0.6546757954082929,0.662508972150445,0.9999999998798077,0.4326923076403014,0.9795673075745712,0.22138068428233812,0.0567698882679049,-0.026338067015662603
0.0,0.40000000000000013,9056.8173828125,71.88279724121094,1.20197818821859,0.0,0.9,0.8293269230769231,0.9211822660098522,0.0,0.774647886778417,0.6330695472283785,0.6479255270462639,0.9999999998798077,0.4879807691721177,0.961538461422892,0.27782284968750315,0.025555318649239673,0.016226380072339057
0.10000000000000009,0.40000000000000013,9100.2587890625,72.07173156738281,1.3924850072484651,0.0,0.9,0.7752403846153846,0.8941176470588236,0.0,0.8074866305842318,0.540584321382853,0.561702539842934,0.9999999998798077,0.4086538461047291,0.9459134614247701,0.36244729553876953,0.053206627781578614,0.04270066767210707
0.20000000000000018,0.40000000000000013,9227.248046875,72.63946533203125,1.2585249629779298,0.0,0.9,0.8076923076923077,0.9828178694158075,0.0,0.9687499993945313,0.5813877495599298,0.6439261917562098,0.9999999998798077,0.349759615342577,0.9687499998835637,0.3001084729895304,0.059616486165694246,-0.004936328384174845
0.30000000000000004,0.40000000000000013,9431.3388671875,73.57200622558594,1.5615339709253528,0.0,0.9,0.7091346153846154,0.9213483146067416,0.0,0.9421487599412609,0.4284293090010858,0.5156889678948502,0.9999999998798077,0.21394230766659347,0.9266826921963122,0.4460105834224435,0.06675957784748278,0.06368411483565237
0.40000000000000013,0.40000000000000013,9705.69921875,74.84781646728516,1.487939373821717,0.0,0.9,0.7127403846153846,0.9734513274336283,0.0,0.9874476983316118,0.44771673647563553,0.774074074074074,0.9999999998798077,0.1358173076759835,0.9254807691195336,0.4116231662272408,0.06540293493682305,0.016399832080198885
0.5,0.40000000000000013,10044.138671875,76.44003295898438,1.6771667608214393,0.0,0.9,0.6766826923076923,0.9318181818181818,0.0,0.9888475832755212,0.38884642368230055,0.5630630630630631,0.9999999998798077,0.052884615378259066,0.8942307691232896,0.4726676964903377,0.05387135611324311,0.002872476347339375
0.6000000000000001,0.40000000000000013,10440.0458984375,78.31892395019531,1.6292251865066645,0.0,0.9,0.6430288461538461,0.9411764705882353,0.0,0.9966329962974299,0.386204244163397,0.9411764705882353,0.9999999998798077,0.020432692305236456,0.8629807691270456,0.5263508143118035,0.057528426678428925,0.020296603683946278
0.7000000000000002,0.40000000000000013,10894.875,80.4539566040039,1.6011224586861055,0.0,0.9,0.6935096153846154,0.9,0.0,0.99607843098193,0.4501456672094944,0.6944444444444444,0.9999999998798077,0.012019230767786151,0.871394230664496,0.4648492876508946,0.07730474310484259,-0.07666768537998774
0.8,0.40000000000000013,11393.345703125,82.81544494628906,1.8372289351208455,0.0,0.9,0.5973557692307693,1.0,0.0,0.9999999997014924,0.30370723085288165,1.0,0.9999999998798077,0.001201923076778615,0.8389423075914734,0.5749430864345714,0.06968279291262623,-0.011996869411879262
0.9000000000000001,0.40000000000000013,11928.8916015625,85.37566375732422,1.9145194786693929,0.0,0.9,0.53125,1.0,0.0,0.9999999997435897,0.2566405434998796,1.0,0.9999999998798077,0.00240384615355723,0.8004807691345577,0.6515472522938358,0.0630846148660721,0.026503906021904205
1.0,0.40000000000000013,12497.783203125,88.109375,2.13149645889696,0.0,0.9,0.48197115384615385,1.0,0.0,0.9999999997679814,0.23942098653797184,1.0,0.9999999998798077,0.001201923076778615,0.783653846059657,0.6983977908412442,0.07154881931832306,0.056449753850981374
-1.0,0.5,12741.2978515625,89.3979263305664,2.1392107120431385,0.0,0.9,0.4411057692307692,0.0,0.0,0.9999999997849461,0.15860495752482529,0.0,0.9999999998798077,0.0,0.8016826922113363,0.7546507689913348,0.07057578853476497,0.05364612400341778
-0.9,0.5,12186.298828125,86.71830749511719,1.9490399302430044,0.0,0.9,0.5180288461538461,0.6666666666666666,0.0,0.9975062341652103,0.23577761378639409,0.3333333333333333,0.9999999998798077,0.003605769230335845,0.846153846052145,0.6676114676475025,0.08424401368633186,-0.004297781557706096
-0.8,0.5,11665.0517578125,84.21298217773438,1.9454734542554946,0.0,0.9,0.5036057692307693,1.0,0.0,0.9999999997578692,0.20493143568097627,1.0,0.9999999998798077,0.001201923076778615,0.8245192306701299,0.6816851740725514,0.04883022845438394,0.026742775719901375
-0.7,0.5,11182.2978515625,81.90604400634766,1.8437116004263678,0.0,0.9,0.5649038461538461,0.7692307692307693,0.0,0.9917127069083665,0.2776664947878573,0.4375,0.9999999998798077,0.015624999998121995,0.8533653845128167,0.5903404755135307,0.0714556893084972,-0.0005695277529748338
-0.6,0.5,10743.2197265625,79.82373046875,1.5894153821165906,0.0,0.9,0.6346153846153846,0.96875,0.0,0.9967105259879241,0.33974631172708425,0.6551724137931035,0.9999999998798077,0.03846153845691568,0.8689903845109387,0.49517572012010075,0.11893077182124775,-0.04131195478861259
-0.5,0.5,10354.25,77.99385833740234,1.7116588956040277,0.0,0.9,0.6069711538461539,0.851063829787234,0.0,0.9785932718719897,0.3064924917644757,0.42246642246642246,0.9999999998798077,0.05649038460859491,0.861778846050267,0.5531965320205106,0.05144491125506933,0.007790874359342251
-0.3999999999999999,0.5,10030.44921875,76.44474792480469,1.4930414213358998,0.0,0.9,0.6790865384615384,0.8554216867469879,0.0,0.9550561794175819,0.3735657121660459,0.3801587301587302,0.9999999998798077,0.09975961537262505,0.8906249998929537,0.47065252946659625,0.04640952255676673,-0.005321079045050434
-0.29999999999999993,0.5,9769.7578125,75.20380401611328,1.2659374882446315,0.0,0.9,0.8161057692307693,0.9652173913043478,0.0,0.9738562085138195,0.5360914258295162,0.5905882352941176,0.9999999998798077,0.13822115382954073,0.9519230768086632,0.30057075493924973,0.08605484219282414,-0.08478105049987497
-0.19999999999999996,0.5,9578.599609375,74.2955551147461,1.350992962641945,0.0,0.9,0.7788461538461539,0.9126984126984127,0.0,0.9402173907933602,0.5156443442179894,0.5637640449438202,0.9999999998798077,0.1514423076741055,0.9579326921925562,0.3472327857987363,0.03336809536731,-0.025371225505709215
-0.09999999999999998,0.5,9462.5830078125,73.73967742919922,1.3572632749396567,0.0,0.9,0.8137019230769231,0.8960396039603961,0.0,0.8645161284745058,0.5764875042075672,0.6541517033555955,0.9999999998798077,0.24278846150928024,0.9603365383461134,0.29897301549834404,0.036915915122218985,-0.013924608969092155
0.0,0.5,9424.7314453125,73.5489730834961,1.3247017208315746,0.0,0.9,0.8197115384615384,0.8835341365461847,0.0,0.8066666661288889,0.6289664306228864,0.4620740667229916,0.9999999998798077,0.29927884611787514,0.9675480768067851,0.30158646877497214,0.037674683678924514,-0.010765740619044664
0.10000000000000009,0.5,9465.916015625,73.72802734375,1.4145910401835353,0.0,0.9,0.7740384615384616,0.9036697247706422,0.0,0.8882978718679267,0.5350338540070684,0.601202871842718,0.9999999998798077,0.2620192307377381,0.9639423075764493,0.354776031320462,0.029421221480697368,0.016147951437135908
0.20000000000000018,0.5,9585.87109375,74.27263641357422,1.372357348742698,0.0,0.9,0.796875,0.9814814814814815,0.0,0.9822485201288471,0.5579750725198064,0.8239224543572371,0.9999999998798077,0.19471153843813563,0.9687499998835637,0.3090875879088563,0.040766309828200085,-0.02936206930636924
0.30000000000000004,0.5,9779.587890625,75.17031860351562,1.415414340795594,0.0,0.9,0.7788461538461539,1.0,0.0,0.9999999994565217,0.5343531561266315,1.0,0.9999999998798077,0.11538461537074704,0.9651442306532279,0.329645506347434,0.08344508933646458,-0.02265611062302208
0.40000000000000013,0.5,10041.8681640625,76.4016342163086,1.5841872570247597,0.0,0.9,0.7115384615384616,1.0,0.0,0.9999999995833334,0.45096471574029995,1.0,0.9999999998798077,0.05649038460859491,0.9146634614285261,0.436975983044561,0.05992093006703568,-0.006519644332993221
0.5,0.5,10366.7451171875,77.94215393066406,1.6027055305293263,0.0,0.9,0.6814903846153846,0.95,0.0,0.996226414718405,0.4104990926798879,0.7866666666666667,0.9999999998798077,0.024038461535572302,0.8858173075858393,0.47585075128671284,0.0649404453458546,-0.016636534667724186
0.6000000000000001,0.5,10756.8369140625,79.76455688476562,1.5997876172616012,0.0,0.9,0.6706730769230769,1.0,0.0,0.9999999996350364,0.381526908138286,1.0,0.9999999998798077,0.006009615383893076,0.8689903845109387,0.47773350522431074,0.05263489462090157,-0.030727455106475614
0.7000000000000002,0.5,11197.1904296875,81.84040832519531,1.7583991520675135,0.0,0.9,0.6069711538461539,1.0,0.0,0.9999999996941895,0.34905813950841047,1.0,0.9999999998798077,0.00480769230711446,0.8233173075933513,0.5652290771991799,0.03523624836739347,0.008002963683035269
0.8,0.5,11681.3046875,84.14185333251953,1.8831440799080799,0.0,0.9,0.5805288461538461,1.0,0.0,0.999999999713467,0.3007298243948504,1.0,0.9999999998798077,0.001201923076778615,0.814903846055901,0.5993214336281958,0.0747561446262079,0.012910415143780702
0.9000000000000001,0.5,12203.51171875,86.64252471923828,1.9663782243589474,0.0,0.9,0.5408653846153846,1.0,0.0,0.9999999997382198,0.2588416473788817,1.0,0.9999999998798077,0.003605769230335845,0.8281249999004657,0.6446673899677151,0.07835349955183499,0.02285680632761039
1.0,0.5,12759.7939453125,89.3182144165039,2.135279602351534,0.0,0.9,0.4879807692307692,1.0,0.0,0.9999999997652582,0.18946182917036836,1.0,0.9999999998798077,0.001201923076778615,0.7908653845203287,0.6992333380399302,0.0819181866997831,0.05945877298382365
-1.0,0.6000000000000001,13053.17578125,90.89422607421875,2.1354143822072524,0.0,0.9,0.39783653846153844,0.0,0.0,0.9999999998003991,0.11386852752902527,0.0,0.9999999998798077,0.0,0.8233173075933513,0.78072781731153,0.09449686368687345,0.09449686368687345
-0.9,0.6000000000000001,12512.7392578125,88.27852630615234,2.0604844576720125,0.0,0.9,0.47596153846153844,0.0,0.0,0.9999999997706421,0.18218990592692752,0.0,0.9999999998798077,0.0,0.8353365383611374,0.6947742021722765,0.08103177265744718,0.024511694803383537
-0.8,0.6000000000000001,12006.52734375,85.83805084228516,1.9774090358039882,0.0,0.9,0.5180288461538461,1.0,0.0,0.9999999997506234,0.26843190487448904,1.0,0.9999999998798077,0.003605769230335845,0.8221153845165727,0.6492220371077404,0.08677454516992207,0.0056956323125610196
-0.7,0.6000000000000001,11538.9931640625,83.59567260742188,1.8617637289325952,0.0,0.9,0.5661057692307693,1.0,0.0,0.9999999997229916,0.2754453287500254,1.0,0.9999999998798077,0.00480769230711446,0.8581730768199312,0.5865265905621159,0.10271549498395485,-0.026979138788711277
-0.6,0.6000000000000001,11114.9375,81.5760269165039,1.8015930789132686,0.0,0.9,0.5913461538461539,0.967741935483871,0.0,0.9970588232361591,0.308040975251782,0.4838709677419355,0.9999999998798077,0.037259615380137064,0.8605769229734884,0.549303177344065,0.09634562146440771,-0.022422650761194585
-0.5,0.6000000000000001,10740.9765625,79.8049545288086,1.7319065932784765,0.0,0.9,0.6442307692307693,0.9473684210526315,0.0,0.989864864530451,0.35341130434976054,0.3886792452830189,0.9999999998798077,0.06850961537638106,0.8762019229716104,0.5088293906115724,0.08008482873119001,-0.035785711071639685
-0.3999999999999999,0.6000000000000001,10423.1220703125,78.30841064453125,1.817373335136604,0.0,0.9,0.6057692307692307,0.7380952380952381,0.0,0.9329268289838637,0.3129864014323285,0.25416666666666665,0.9999999998798077,0.10096153844940367,0.8725961537412745,0.5798325915651515,0.04827640770471764,0.03753494079576394
-0.29999999999999993,0.6000000000000001,10175.6025390625,77.11132049560547,1.4945505925901128,0.0,0.9,0.7115384615384616,0.8409090909090909,0.0,0.9416666662743056,0.4195507056938764,0.2638888888888889,0.9999999998798077,0.10576923075651813,0.9218749998891977,0.4446921123071561,0.04736071626769202,-0.026299243328438946
-0.19999999999999996,0.6000000000000001,9994.728515625,76.23573303222656,1.4575606289029996,0.0,0.9,0.78125,0.821917808219178,0.0,0.8571428566718996,0.5069086269695979,0.4819139194139194,0.9999999998798077,0.1754807692096778,0.9519230768086632,0.34909932550453326,0.08655452267308376,-0.039454596210619794
-0.09999999999999998,0.6000000000000001,9885.2587890625,75.69927978515625,1.2720976603295908,0.0,0.9,0.8269230769230769,0.8536585365853658,0.0,0.8333333327546296,0.5953599659953378,0.5004105090311987,0.9999999998798077,0.19711538459169287,0.9627403844996707,0.2856788933282968,0.09215136614687194,-0.05781665397956484
0.0,0.6000000000000001,9849.337890625,75.51337432861328,1.179178155484875,0.0,0.9,0.8473557692307693,0.9044585987261147,0.0,0.8818897630851262,0.6313823837562893,0.677717879604672,0.9999999998798077,0.18870192305424258,0.9735576921906782,0.2530729525417207,0.08851309940420768,-0.07236239410731443
0.10000000000000009,0.6000000000000001,9888.3798828125,75.68212890625,1.3525676623251257,0.0,0.9,0.7752403846153846,0.8943089430894309,0.0,0.9304812829248763,0.5211027677745944,0.6030986112080396,0.9999999998798077,0.14783653844376965,0.9543269229622203,0.3460644863738737,0.05763529740314544,-0.03666589463034202
0.20000000000000018,0.6000000000000001,10001.150390625,76.20194244384766,1.339636939087566,0.0,0.9,0.7992788461538461,1.0,0.0,0.9999999994011977,0.570088407577916,1.0,0.9999999998798077,0.09254807691195335,0.961538461422892,0.3089082691077475,0.07356183045224009,-0.067669592819865
0.30000000000000004,0.6000000000000001,10185.04296875,77.06181335449219,1.4844523829198901,0.0,0.9,0.7331730769230769,0.9722222222222222,0.0,0.9954954950470741,0.469771968180531,0.7410714285714286,0.9999999998798077,0.043269230764030144,0.9459134614247701,0.39714907652371656,0.04579609906634735,-0.03224296760773987
0.40000000000000013,0.6000000000000001,10434.65234375,78.24449157714844,1.6124947130436293,0.0,0.9,0.6262019230769231,0.9375,0.0,0.9967845655958891,0.3332574026124795,0.7291666666666666,0.9999999998798077,0.01923076922845784,0.8942307691232896,0.5377015907949988,0.0663607974179097,0.053693042877346
0.5,0.6000000000000001,10753.8515625,79.72803497314453,1.5276797158762985,0.0,0.9,0.6911057692307693,0.75,0.0,0.9961089490287512,0.40969268920308394,0.5,0.9999999998798077,0.00480769230711446,0.8870192306626179,0.4500549066853147,0.07532280659411623,-0.03910307960831633
0.6000000000000001,0.6000000000000001,11128.248046875,81.48763275146484,1.656592136257885,0.0,0.9,0.6490384615384616,1.0,0.0,0.9999999996575342,0.37719268088586166,1.0,0.9999999998798077,0.001201923076778615,0.8485576922057022,0.5194339359785342,0.049544978180409524,-0.025228796902012927
0.7000000000000002,0.6000000000000001,11553.0947265625,83.49726104736328,1.6842730649354767,0.0,0.9,0.6526442307692307,0.0,0.0,0.9999999996539791,0.40064248893785803,0.0,0.9999999998798077,0.0,0.8485576922057022,0.5134916951523333,0.06720424601075448,-0.05934312367836008
0.8,0.6000000000000001,12021.54296875,85.7309799194336,1.8320241016900247,0.0,0.9,0.6009615384615384,0.0,0.0,0.9999999996987952,0.299698215272796,0.0,0.9999999998798077,0.0,0.8353365383611374,0.586243239700151,0.1001445433853547,-0.016925472513048018
0.9000000000000001,0.6000000000000001,12528.53515625,88.16402435302734,1.958499893381882,0.0,0.9,0.515625,0.0,0.0,0.997518610174313,0.20863368285174996,0.0,0.9999999998798077,0.001201923076778615,0.8173076922094582,0.665738031016065,0.04378597676413902,0.04259479220448039
1.0,0.6000000000000001,13070.1689453125,90.77336883544922,2.1761696629753167,0.0,0.9,0.46153846153846156,0.0,0.0,0.997767856920141,0.14797273595388127,0.0,0.9999999998798077,0.001201923076778615,0.8100961537487865,0.7186164769965464,0.08514189886398368,0.08358005696197354
-1.0,0.7000000000000002,13411.2763671875,92.61837768554688,2.186885816918036,0.0,0.9,0.39783653846153844,0.0,0.0,0.9999999998003991,0.11314102208118546,0.0,0.9999999998798077,0.0,0.8509615383592595,0.7825114292954338,0.11737372572470459,0.10558173815281495
-0.9,0.7000000000000002,12886.1318359375,90.07279205322266,2.155074983305125,0.0,0.9,0.4182692307692308,0.0,0.0,0.9999999997933884,0.1336012660924974,0.0,0.9999999998798077,0.0,0.8185096152862369,0.7548559986305193,0.08939363073811109,0.08651008510130866
-0.8,0.7000000000000002,12395.599609375,87.70299530029297,2.0628315601859777,0.0,0.9,0.47716346153846156,0.0,0.0,0.9999999997701149,0.19936485425444414,0.0,0.9999999998798077,0.0,0.8293269229772444,0.7071237524868184,0.09520071147174564,0.038421778150544796
-0.7,0.7000000000000002,11943.9580078125,85.53050994873047,1.9280921439262453,0.0,0.9,0.5,1.0,0.0,0.9999999997596153,0.23434661887209807,1.0,0.9999999998798077,0.00721153846067169,0.8365384614379161,0.6466301647941254,0.10758825107865115,0.03294551873500309
-0.6,0.7000000000000002,11535.998046875,83.57827758789062,1.8454660126971365,0.0,0.9,0.5408653846153846,0.9333333333333333,0.0,0.9947643976453496,0.29397070559480365,0.48275862068965514,0.9999999998798077,0.03605769230335845,0.8593749998967097,0.6083612802787874,0.10351320940062572,0.006037468320015536
-0.5,0.7000000000000002,11177.81640625,81.87000274658203,1.8246470274317736,0.0,0.9,0.5733173076923077,0.8166666666666667,0.0,0.9690140842340805,0.28448067602142635,0.1361111111111111,0.9999999998798077,0.0721153846067169,0.8593749998967097,0.5912760455242656,0.06561704424439613,0.01578238642936705
-0.3999999999999999,0.7000000000000002,10874.4443359375,80.4293212890625,1.6206405129846078,0.0,0.9,0.6826923076923077,0.8902439024390244,0.0,0.9659090905432162,0.3959023638062516,0.2225609756097561,0.9999999998798077,0.09855769229584643,0.9074519229678544,0.4829906750815009,0.09961889878648279,-0.05947743295199324
-0.29999999999999993,0.7000000000000002,10631.232421875,79.27861022949219,1.6153251221085245,0.0,0.9,0.6875,0.8514851485148515,0.0,0.9423076919452662,0.4275056420407537,0.46173469387755106,0.9999999998798077,0.12139423075464012,0.9110576921981902,0.47861599128450094,0.07791667828777181,-0.04631538062650329
-0.19999999999999996,0.7000000000000002,10460.166015625,78.43756103515625,1.6134434630920844,0.0,0.9,0.6754807692307693,0.6982758620689655,0.0,0.8703703700480109,0.38843608938762914,0.23065476190476192,0.9999999998798077,0.13942307690631936,0.9062499998910758,0.5116385938283821,0.0693460998528335,0.008142250434559854
-0.09999999999999998,0.7000000000000002,10356.869140625,77.92171478271484,1.4226150861760651,0.0,0.9,0.8052884615384616,0.8333333333333334,0.0,0.8703703698331048,0.5697348774081018,0.4249504389691306,0.9999999998798077,0.1514423076741055,0.9663461537300065,0.3326575207223515,0.13548493814277732,-0.10063886124618979
0.0,0.7000000000000002,10323.3408203125,77.74116516113281,1.4146802224863513,0.0,0.9,0.8016826923076923,0.8852459016393442,0.0,0.9151515145968779,0.574932300880088,0.5058922558922558,0.9999999998798077,0.14663461536699104,0.9591346152693349,0.3388762852092147,0.10669050712275219,-0.08880983425140732
0.10000000000000009,0.7000000000000002,10360.181640625,77.89960479736328,1.2848649843122146,0.0,0.9,0.8112980769230769,0.8983050847457628,0.0,0.9235668783926326,0.5640691098607449,0.5773584905660377,0.9999999998798077,0.14182692305987657,0.9747596152674568,0.31338435805527903,0.1049542010613607,-0.09035529746051787
0.20000000000000018,0.7000000000000002,10466.6982421875,78.39392852783203,1.4906627650402275,0.0,0.9,0.7103365384615384,0.8852459016393442,0.0,0.9709543564435874,0.4403893154691192,0.28929292929292927,0.9999999998798077,0.07331730768349552,0.924278846042755,0.43215320352300207,0.03451873650725235,-0.017890697927452105
0.30000000000000004,0.7000000000000002,10640.1943359375,79.21456146240234,1.3980428881575202,0.0,0.9,0.7271634615384616,1.0,0.0,0.9999999995594714,0.4528373414634502,1.0,0.9999999998798077,0.024038461535572302,0.9266826921963122,0.40298114827565973,0.07094835200829093,-0.057271851634427905
0.40000000000000013,0.7000000000000002,10885.5361328125,80.34635925292969,1.567619027403555,0.0,0.9,0.6286057692307693,1.0,0.0,0.9999999996763753,0.3121326339911574,1.0,0.9999999998798077,0.013221153844564766,0.8653846152806028,0.5201086730764726,0.04875384624655437,0.02110079558498424
0.5,0.7000000000000002,11190.1640625,81.76984405517578,1.5018791761777257,0.0,0.9,0.6959134615384616,1.0,0.0,0.9999999996047431,0.42355532140652064,1.0,0.9999999998798077,0.00480769230711446,0.8870192306626179,0.4504689744472339,0.0764339556319137,-0.06536039736649028
0.6000000000000001,0.7000000000000002,11549.0634765625,83.46278381347656,1.6923121267134016,0.0,0.9,0.6069711538461539,1.0,0.0,0.9999999996941895,0.31110883833023867,1.0,0.9999999998798077,0.001201923076778615,0.8605769229734884,0.5393185980796221,0.06716607409255043,-0.004186687905725331
0.7000000000000002,0.7000000000000002,11957.318359375,85.40149688720703,1.8594255671152775,0.0,0.9,0.5973557692307693,1.0,0.0,0.9999999997014924,0.2673373793680548,1.0,0.9999999998798077,0.001201923076778615,0.8377403845146947,0.5710260145732792,0.0726429149673505,-0.008316499525200248
0.8,0.7000000000000002,12409.5908203125,87.56217956542969,1.9557507437870811,0.0,0.9,0.5288461538461539,0.0,0.0,0.9974489793373854,0.21727500055213234,0.0,0.9999999998798077,0.001201923076778615,0.8197115383630155,0.6585285733249474,0.049801414109425984,0.029791310281373645
0.9000000000000001,0.7000000000000002,12900.720703125,89.9217300415039,2.0935775155634135,0.0,0.9,0.47716346153846156,0.0,0.0,0.9977011491959307,0.15890373567305324,0.0,0.9999999998798077,0.001201923076778615,0.8028846152881148,0.718558857797089,0.08032195421456216,0.07140204404244803
1.0,0.7000000000000002,13426.744140625,92.45848083496094,2.3136120031356957,0.0,0.9,0.43509615384615385,0.0,0.0,0.97872340404708,0.13482414102725362,0.0,0.9999999998798077,0.012019230767786151,0.7788461537525425,0.7695037888413478,0.1270099773640683,0.11466176910056658
-1.0,0.8,13810.9296875,94.55286407470703,2.3200157518921425,0.0,0.9,0.33413461538461536,0.0,0.0,0.9999999998194946,0.0997591484517622,0.0,0.9999999998798077,0.0,0.8112980768255652,0.8441332064369972,0.17302384569491694,0.17302384569491694
-0.9,0.8,13302.2939453125,92.08163452148438,2.305136791250441,0.0,0.9,0.3581730769230769,0.0,0.0,0.9999999998127341,0.10968807610383285,0.0,0.9999999998798077,0.0,0.7896634614435502,0.840554787008696,0.1627612685474691,0.1627612685474691
-0.8,0.8,12828.287109375,89.78630065917969,2.1833203679643973,0.0,0.9,0.3870192307692308,1.0,0.0,0.9999999998039215,0.12857623031760543,1.0,0.9999999998798077,0.001201923076778615,0.8064903845184507,0.7903049617247845,0.13165499711318968,0.13143941835666795
-0.7,0.8,12393.2470703125,87.68693542480469,2.061265865389062,0.0,0.9,0.4423076923076923,0.7777777777777778,0.0,0.9956896549578255,0.20150282415586762,0.25925925925925924,0.9999999998798077,0.010817307691007536,0.8281249999004657,0.724973576212397,0.10764653604585413,0.08420272277862538
-0.6,0.8,12001.802734375,85.80471801757812,1.9503889117231297,0.0,0.9,0.5168269230769231,0.9032258064516129,0.0,0.992537313185936,0.24723116532517675,0.22580645161290322,0.9999999998798077,0.037259615380137064,0.8569711537431526,0.6514573905046755,0.0685482247972974,0.031008128929958523
-0.5,0.8,11659.2431640625,84.16128540039062,1.913189570675449,0.0,0.9,0.5552884615384616,0.7352941176470589,0.0,0.9513513510942293,0.2709652767064368,0.09328358208955224,0.9999999998798077,0.08173076922094583,0.8701923075877173,0.6324325427476024,0.0619489600931778,0.023484400895853755
-0.3999999999999999,0.8,11370.2294921875,82.7779312133789,1.8738580431213192,0.0,0.9,0.5949519230769231,0.8539325842696629,0.0,0.9614243320589244,0.3210660659230501,0.4622093023255814,0.9999999998798077,0.10697115383329674,0.8990384614304041,0.5838373358862637,0.0428733926378219,-0.01295087128486527
-0.29999999999999993,0.8,11138.9130859375,81.67461395263672,1.631483624819722,0.0,0.9,0.6682692307692307,0.7983193277310925,0.0,0.9130434779300567,0.38493362146381227,0.3589743589743589,0.9999999998798077,0.1430288461366552,0.9194711537356405,0.5007160259020395,0.07605862143195201,-0.031912916418559076
-0.19999999999999996,0.8,10968.8251953125,80.86872863769531,1.697514163310912,0.0,0.9,0.6286057692307693,0.7142857142857143,0.0,0.9029126210670185,0.34137413014712675,0.24369747899159666,0.9999999998798077,0.1262019230617546,0.90264423066074,0.5627330325717573,0.07686704335161526,0.01757247490869988
-0.09999999999999998,0.8,10871.3203125,80.37394714355469,1.5993975369593556,0.0,0.9,0.7043269230769231,0.7627118644067796,0.0,0.8861788614283826,0.4098224000885693,0.3001700680272109,0.9999999998798077,0.14182692305987657,0.9350961537337625,0.4686688821120355,0.11518040400758103,-0.04497039749850635
0.0,0.8,10839.8994140625,80.19908905029297,1.4751917606364715,0.0,0.9,0.7199519230769231,0.8018867924528302,0.0,0.9098712442446905,0.4202602409705254,0.22885431400282888,0.9999999998798077,0.1274038461385332,0.939903846040877,0.4395791714757931,0.10500562143199146,-0.05864964371625347
0.10000000000000009,0.8,10874.3671875,80.34741973876953,1.5566679302928292,0.0,0.9,0.7572115384615384,0.9036144578313253,0.0,0.9603960391285168,0.49559447923369654,0.6315789473684211,0.9999999998798077,0.09975961537262505,0.9350961537337625,0.381684752839184,0.10659919616868316,-0.10087794484155732
0.20000000000000018,0.8,10975.12109375,80.81632995605469,1.3727752781687574,0.0,0.9,0.7427884615384616,0.9565217391304348,0.0,0.9906542051445542,0.4388122065775014,0.4878048780487805,0.9999999998798077,0.055288461531816296,0.9254807691195336,0.38396807537594163,0.08484130596150809,-0.08484130596150809
0.30000000000000004,0.8,11147.5146484375,81.5975341796875,1.3885681797466332,0.0,0.9,0.7151442307692307,1.0,0.0,0.9999999995780591,0.4135121722753772,1.0,0.9999999998798077,0.024038461535572302,0.9230769229659763,0.4072623625395951,0.08355045956310546,-0.07706043795585642
0.40000000000000013,0.8,11380.2900390625,82.67781829833984,1.6502452411621713,0.0,0.9,0.6550480769230769,1.0,0.0,0.9999999996515678,0.3509256642365955,1.0,0.9999999998798077,0.01442307692134338,0.8810096152787248,0.48955121499314735,0.04412056769285008,-0.033285808805035656
0.5,0.8,11670.603515625,84.04007720947266,1.758292808212107,0.0,0.9,0.5829326923076923,1.0,0.0,0.9999999997118155,0.2600358225301046,1.0,0.9999999998798077,0.00240384615355723,0.8485576922057022,0.5745742615135899,0.05539882408732095,0.033643622461697935
0.6000000000000001,0.8,12013.91015625,85.66449737548828,1.6389398265357902,0.0,0.9,0.6382211538461539,1.0,0.0,0.999999999667774,0.2832281746636675,1.0,0.9999999998798077,0.00240384615355723,0.8641826922038243,0.5209356195914242,0.06590958247528177,-0.04221130679996469
0.7000000000000002,0.8,12405.4736328125,87.52977752685547,1.8325197555722734,0.0,0.9,0.5456730769230769,0.0,0.0,0.9999999997354497,0.19924448195480152,0.0,0.9999999998798077,0.0,0.8137019229791224,0.6324034014867874,0.05928837008221878,0.03136679961340494
0.8,0.8,12840.7587890625,89.61420440673828,2.042137203646909,0.0,0.9,0.5060096153846154,0.0,0.0,0.997566909732952,0.15779769316354683,0.0,0.9999999998798077,0.001201923076778615,0.8161057691326796,0.69351793343309,0.0823989047992605,0.07335066052779385
0.9000000000000001,0.8,13315.490234375,91.89647674560547,2.1134571041245067,0.0,0.9,0.47716346153846156,0.0,0.0,0.9862068963250099,0.14089915639214776,0.0,0.9999999998798077,0.00721153846067169,0.8040865383648935,0.7160200022336181,0.10045543056642078,0.09712691913399946
1.0,0.8,13825.12890625,94.35629272460938,2.320242607168413,0.0,0.9,0.4495192307692308,0.0,0.0,0.9323144102767872,0.13186213944016756,0.0,0.9999999998798077,0.037259615380137064,0.8112980768255652,0.7779456471035151,0.14254589875168477,0.11890586014056524
-1.0,0.9000000000000001,14249.6728515625,96.68001556396484,2.403568175973717,0.0,0.9,0.31009615384615385,0.0,0.0,0.9930313587120155,0.09400099890766642,0.0,0.9999999998798077,0.00480769230711446,0.814903846055901,0.8923418650522841,0.21852816547379766,0.21852816547379766
-0.9,0.9000000000000001,13757.283203125,94.28570556640625,2.343338526526462,0.0,0.9,0.3269230769230769,0.0,0.0,0.9982142855360332,0.1067972609536868,0.0,0.9999999998798077,0.001201923076778615,0.799278846057779,0.8599997157973033,0.19784845860637865,0.19784845860637865
-0.8,0.9000000000000001,13299.87890625,92.06682586669922,2.2986152178670975,0.0,0.9,0.3557692307692308,0.0,0.0,0.994402984889104,0.11479476573360417,0.0,0.9999999998798077,0.003605769230335845,0.820913461439794,0.8246658075902208,0.1756108427467295,0.1756108427467295
-0.7,0.9000000000000001,12881.572265625,90.04204559326172,2.0563562033268434,0.0,0.9,0.4254807692307692,1.0,0.0,0.9999999997907949,0.15960982027615225,1.0,0.9999999998798077,0.00961538461422892,0.8497596152824809,0.7185268750446789,0.11465332982641573,0.10249365658840617
-0.6,0.9000000000000001,12506.740234375,88.23075103759766,2.119256333408346,0.0,0.9,0.39903846153846156,0.8064516129032258,0.0,0.9879999998023999,0.166609960115973,0.20161290322580644,0.9999999998798077,0.037259615380137064,0.8413461537450305,0.7769660963112862,0.15538614607626114,0.14295167185613494
-0.5,0.9000000000000001,12179.9326171875,86.65254211425781,2.0196557623220404,0.0,0.9,0.4963942307692308,0.8933333333333333,0.0,0.9809069210069434,0.23104595487427318,0.22333333333333333,0.9999999998798077,0.09014423075839613,0.8749999998948318,0.6679087156788526,0.0685066929958965,0.05688421953445183
-0.3999999999999999,0.9000000000000001,11904.8623046875,85.32652282714844,2.005703039513133,0.0,0.9,0.5048076923076923,0.7604166666666666,0.0,0.9441747570523847,0.22189521490695374,0.10863095238095237,0.9999999998798077,0.11538461537074704,0.8485576922057022,0.6915580283814213,0.07280086110953217,0.06813213908644587
-0.29999999999999993,0.9000000000000001,11685.04296875,84.27037811279297,1.9161807151261763,0.0,0.9,0.5516826923076923,0.780952380952381,0.0,0.938337801357014,0.24169806291715926,0.44471153846153844,0.9999999998798077,0.1262019230617546,0.8942307691232896,0.617399917487842,0.05918052898355068,0.03663113393610968
-0.19999999999999996,0.9000000000000001,11523.1298828125,83.49942779541016,1.9398634192826623,0.0,0.9,0.5336538461538461,0.7547169811320755,0.0,0.9329896904811882,0.23466218119443466,0.15094339622641512,0.9999999998798077,0.1274038461385332,0.8677884614341601,0.6522462992080078,0.07735910816684008,0.06344058674890199
-0.09999999999999998,0.9000000000000001,11422.6416015625,83.02556610107422,1.810997132895777,0.0,0.9,0.5721153846153846,0.6283185840707964,0.0,0.8820224716623531,0.25642941013454923,0.1258043758043758,0.9999999998798077,0.1358173076759835,0.8858173075858393,0.6325158816341577,0.10239668572259891,0.03179023174110412
0.0,0.9000000000000001,11392.8935546875,82.85652923583984,1.6580072147035851,0.0,0.9,0.640625,0.7777777777777778,0.0,0.9264214043724343,0.3151246446062889,0.2529761904761905,0.9999999998798077,0.1189903846010829,0.9146634614285261,0.535283604885679,0.08500241657128657,-0.021529911986964405
0.10000000000000009,0.9000000000000001,11425.4658203125,82.99517822265625,1.5227665600649287,0.0,0.9,0.6790865384615384,0.828125,0.0,0.9588014977682391,0.3383775800410884,0.274482109227872,0.9999999998798077,0.07692307691383136,0.9170673075820833,0.4896275287332425,0.09550681537673465,-0.056468150073719824
0.20000000000000018,0.9000000000000001,11529.056640625,83.43930053710938,1.6491377868707635,0.0,0.9,0.6370192307692307,0.7666666666666667,0.0,0.9768211917295293,0.309462148923471,0.2884615384615385,0.9999999998798077,0.03605769230335845,0.9002403845071827,0.5260424836873077,0.03796908080317271,-0.023376583001002423
0.30000000000000004,0.9000000000000001,11692.576171875,84.1817855834961,1.5318558740156079,0.0,0.9,0.6478365384615384,0.9523809523809523,0.0,0.9965870303765914,0.3054475084051528,0.6481481481481481,0.9999999998798077,0.025240384612350918,0.9074519229678544,0.47548479690418666,0.0854309142323276,-0.044486113790432096
0.40000000000000013,0.9000000000000001,11913.9541015625,85.2111587524414,1.5759155720749838,0.0,0.9,0.6814903846153846,1.0,0.0,0.9999999996226414,0.3301296403894796,1.0,0.9999999998798077,0.012019230767786151,0.893028846046511,0.4565311834651494,0.1016103658728198,-0.07579632326897844
0.5,0.9000000000000001,12190.189453125,86.51248931884766,1.73046161164122,0.0,0.9,0.6237980769230769,1.0,0.0,0.9999999996805111,0.26094411790370037,1.0,0.9999999998798077,0.001201923076778615,0.8822115383555035,0.5348162446055593,0.06305809929621382,-0.04495374276384197
0.6000000000000001,0.9000000000000001,12518.216796875,88.0682144165039,1.786088938912245,0.0,0.9,0.5841346153846154,1.0,0.0,0.9999999997109826,0.1996260719537794,1.0,0.9999999998798077,0.001201923076778615,0.8629807691270456,0.5696513635690801,0.05375435817117799,-0.004078044218170691
0.7000000000000002,0.9000000000000001,12893.69140625,89.85929870605469,1.8770492941179362,0.0,0.9,0.5612980769230769,0.0,0.0,0.9999999997260274,0.17535012696789773,0.0,0.9999999998798077,0.0,0.8437499998985878,0.6163700024359934,0.01527558700771398,0.013693089003348202
0.8,0.9000000000000001,13312.232421875,91.86609649658203,2.0094203794403813,0.0,0.9,0.5180288461538461,0.0,0.0,0.9875311718235582,0.1574302705290557,0.0,0.9999999998798077,0.006009615383893076,0.8173076922094582,0.6892905113950049,0.0742346638149535,0.041563487550116136
0.9000000000000001,0.9000000000000001,13769.7236328125,94.06907653808594,2.208702198791562,0.0,0.9,0.46274038461538464,0.0,0.0,0.9642058163391038,0.13574274617232665,0.0,0.9999999998798077,0.01923076922845784,0.7968749999042218,0.7502248519723317,0.10453426541640456,0.09349159226715922
1.0,0.9000000000000001,14262.7080078125,96.44939422607422,2.3618904170504234,0.0,0.9,0.4387019230769231,0.0,0.0,0.9100642396338192,0.1316508584908259,0.0,0.9999999998798077,0.050480769224701835,0.7692307691383137,0.7948629564380346,0.1432246232749136,0.12355765105194838
-1.0,1.0,14722.9296875,98.982666015625,2.4318817758559237,0.0,0.9,0.27524038461538464,0.0,0.0,0.9850746267023094,0.09237671458119018,0.0,0.9999999998798077,0.010817307691007536,0.8269230768236872,0.9200808774549887,0.26860364988694874,0.26860364988694874
-0.9,1.0,14247.15234375,96.66634368896484,2.3826234157389004,0.0,0.9,0.2704326923076923,0.0,0.0,0.996705106919818,0.09190792721981604,0.0,0.9999999998798077,0.00240384615355723,0.8124999999023438,0.8945252370888409,0.25746919455001077,0.25746919455001077
-0.8,1.0,13806.5712890625,94.52447509765625,2.292605199051118,0.0,0.9,0.3088942307692308,0.0,0.0,0.9965217389571267,0.10250974576547163,0.0,0.9999999998798077,0.00240384615355723,0.8137019229791224,0.8497853861051321,0.21885336526372498,0.21885336526372498
-0.7,1.0,13405.1962890625,92.57427215576172,2.31920290043273,0.0,0.9,0.33774038461538464,0.7692307692307693,0.0,0.9945553537214964,0.11316373035178268,0.25641025641025644,0.9999999998798077,0.015624999998121995,0.8173076922094582,0.8319381680392467,0.20236958732622873,0.20236958732622873
-0.6,1.0,13046.6357421875,90.83343505859375,2.199175524300776,0.0,0.9,0.36177884615384615,0.7619047619047619,0.0,0.9811676081014751,0.12749333728641876,0.15238095238095237,0.9999999998798077,0.050480769224701835,0.8377403845146947,0.7954686084221648,0.1866797604809371,0.18201552986372868
-0.5,1.0,12734.755859375,89.3196029663086,2.1682573390110997,0.0,0.9,0.3762019230769231,0.75,0.0,0.9614643543426852,0.14143256142942512,0.125,0.9999999998798077,0.09615384614228921,0.8281249999004657,0.7850750310474364,0.1699138613749318,0.1699138613749318
-0.3999999999999999,1.0,12472.677734375,88.04986572265625,1.9649541685368188,0.0,0.9,0.4807692307692308,0.7647058823529411,0.0,0.944444444225823,0.1914645360693591,0.19117647058823528,0.9999999998798077,0.12259615383141874,0.8810096152787248,0.697101752749002,0.09562309568095642,0.07915322233797659
-0.29999999999999993,1.0,12263.70703125,87.03980255126953,1.9715955197454031,0.0,0.9,0.49278846153846156,0.773109243697479,0.0,0.936018957124166,0.19011401025854013,0.21296296296296294,0.9999999998798077,0.1430288461366552,0.852163461436038,0.6837898537501426,0.08762515278700583,0.08307674443137686
-0.19999999999999996,1.0,12109.71875,86.30287170410156,1.8570882947826517,0.0,0.9,0.53125,0.6952380952380952,0.0,0.9179487177133464,0.2225177168378922,0.09931972789115646,0.9999999998798077,0.1262019230617546,0.8894230768161752,0.6428856237845532,0.06993334364796847,0.042741614097100776
-0.09999999999999998,1.0,12013.931640625,85.84942626953125,1.6463778625902594,0.0,0.9,0.6225961538461539,0.8053097345132744,0.0,0.929936305436326,0.2894788356690763,0.26843657817109146,0.9999999998798077,0.1358173076759835,0.9098557691214116,0.5409598765250154,0.10046935843815447,-0.03632250704785338
0.0,1.0,11977.5400390625,85.68619537353516,1.673436307872441,0.0,0.9,0.6334134615384616,0.7477477477477478,0.0,0.908196721013706,0.29525979447257145,0.12462462462462463,0.9999999998798077,0.13341346152242628,0.9218749998891977,0.5580146706594176,0.1286966643543132,-0.04770924629518032
0.10000000000000009,1.0,12016.982421875,85.815673828125,1.499139434946782,0.0,0.9,0.6959134615384616,0.8769230769230769,0.0,0.9683794462575576,0.3359814558852023,0.310752688172043,0.9999999998798077,0.07812499999060998,0.939903846040877,0.48121009668109427,0.13912613867680082,-0.10327920452745484
0.20000000000000018,1.0,12115.232421875,86.23601531982422,1.9031704701231527,0.0,0.9,0.4891826923076923,0.6285714285714286,0.0,0.9694117644777854,0.20096602956886087,0.13970588235294118,0.9999999998798077,0.042067307687251525,0.8341346152843588,0.7113010038500388,0.0779716863704558,0.0765005375918078
0.30000000000000004,1.0,12270.7177734375,86.94111633300781,1.634164219903613,0.0,0.9,0.6706730769230769,1.0,0.0,0.9999999996350364,0.31210303448705834,1.0,0.9999999998798077,0.013221153844564766,0.8990384614304041,0.49109395476629175,0.08390904671353146,-0.08345134007725968
0.40000000000000013,1.0,12481.197265625,87.92107391357422,1.6291886075949444,0.0,0.9,0.6165865384615384,1.0,0.0,0.9999999996865203,0.2456250116399722,1.0,0.9999999998798077,0.00480769230711446,0.8882211537393966,0.5288122562400391,0.06177415056240039,-0.04970753465092477
0.5,1.0,12744.2353515625,89.16282653808594,1.7397811920878132,0.0,0.9,0.6045673076923077,0.0,0.0,0.9999999996960486,0.22019837233968545,0.0,0.9999999998798077,0.0,0.8822115383555035,0.5583959648322662,0.045091114176916955,-0.03955751699946447
0.6000000000000001,1.0,13057.4169921875,90.65093994140625,1.9513053468844197,0.0,0.9,0.515625,0.0,0.0,0.9999999997518609,0.16127637917102255,0.0,0.9999999998798077,0.0,0.8389423075914734,0.6738069967238004,0.05127944431295142,0.047522759129178506
0.7000000000000002,1.0,13416.98828125,92.36849212646484,1.9143265613606022,0.0,0.9,0.5600961538461539,0.0,0.0,0.99180327841754,0.1847934796241902,0.0,0.9999999998798077,0.003605769230335845,0.8533653845128167,0.6334998005968142,0.06298015501533473,0.0044830593475656
0.8,1.0,13819.265625,94.29774475097656,2.1181315112405787,0.0,0.9,0.5132211538461539,0.0,0.0,0.9802469133382106,0.16812987687839465,0.0,0.9999999998798077,0.00961538461422892,0.8185096152862369,0.7040115098324156,0.07574632995139192,0.05175710158473904
0.9000000000000001,1.0,14260.0830078125,96.42094421386719,2.173925199658865,0.0,0.9,0.4807692307692308,0.0,0.0,0.939814814597265,0.14459626387898303,0.0,0.9999999998798077,0.03124999999624399,0.8161057691326796,0.7340309394304181,0.11799041492062061,0.08000362188101759
1.0,1.0,14736.087890625,98.72071075439453,2.4113135885939556,0.0,0.9,0.43990384615384615,0.017543859649122806,0.0,0.8798283259914531,0.12844895502174813,0.003508771929824561,0.9999999998798077,0.06850961537638106,0.7824519229828784,0.8043519387577837,0.15705852222755692,0.11947713276158022
