-1.0,-1.0,20359.873046875,123.53909301757812,inf,0.0,0.9,0.17613636363636365,0.1902071563088512,0.0,0.25862068961058265,0.08065377076975547,0.07852947159986416,0.9999999998579546,0.7542613635292242,0.39914772721603015,1.5232925365771621,0.5978985128765537,0.5978985128765537
-0.9,-1.0,19697.353515625,119.57510375976562,inf,0.0,0.9,0.17613636363636365,0.19672131147540983,0.0,0.32413793097859694,0.07119390673780296,0.0634124527003784,0.9999999998579546,0.6931818180833549,0.3863636363087552,1.4863488202533615,0.5228424254135386,0.5225595344957638
-0.8,-1.0,19085.2109375,115.90422058105469,inf,0.0,0.9,0.16335227272727273,0.18736842105263157,0.0,0.34465195240328494,0.04821913126212323,0.048461857468239375,0.9999999998579546,0.6747159089950688,0.3678977272204691,1.4912436776363633,0.5198454593060711,0.5198454593060711
-0.7,-1.0,18529.8515625,112.55529022216797,inf,0.0,0.9,0.1846590909090909,0.22747747747747749,0.0,0.4024390243201326,0.05119053558632336,0.06058328692100622,0.9999999998579546,0.6306818180922328,0.35795454540369964,1.4298270134108961,0.49800336790262023,0.49800336790262023
-0.6,-1.0,18035.671875,109.55805969238281,inf,0.0,0.9,0.16051136363636365,0.18716577540106952,0.0,0.4856175972105554,0.03629397338953381,0.03833818410089596,0.9999999998579546,0.5312499999245384,0.3323863635891497,1.4451947695027356,0.5113091138580863,0.5113091138580863
-0.5,-1.0,17607.447265625,106.94231414794922,inf,0.0,0.9,0.10085227272727272,0.11924119241192412,0.0,0.48657187985994127,0.02072548950597731,0.03220506790921287,0.9999999998579546,0.5241477271982745,0.3196022726818747,1.5384277125844965,0.5811558898845696,0.5811558898845696
-0.3999999999999999,-1.0,17249.248046875,104.7367935180664,inf,0.0,0.9,0.109375,0.12,0.0,0.5087719297434176,0.02417784952746107,0.03051220488195278,0.9999999998579546,0.49715909083847176,0.32244318177238024,1.5229714156320773,0.5993048550970322,0.5979120678535559
-0.29999999999999993,-1.0,16965.0546875,102.96806335449219,inf,0.0,0.9,0.09801136363636363,0.09826589595375723,0.0,0.5086614172427305,0.021828653269909015,0.01914210095301669,0.9999999998579546,0.49147727265746066,0.3565340908584469,1.5324756075511985,0.6585061790058069,0.6585061790058069
-0.19999999999999996,-1.0,16757.779296875,101.6590347290039,inf,0.0,0.9,0.10227272727272728,0.1103448275862069,0.0,0.5917721518050993,0.02489025669932351,0.03939909297052154,0.9999999998579546,0.41193181812330515,0.3963068181255246,1.4621466190757157,0.6362039470918989,0.634484756550959
-0.09999999999999998,-1.0,16632.951171875,100.82771301269531,inf,0.0,0.9,0.10511363636363637,0.15023474178403756,0.0,0.712698412585286,0.02891613691613692,0.03827144570033494,0.9999999998579546,0.3025568181388414,0.42329545448532735,1.3925737594178482,0.5925944843098463,0.5924145128576981
0.0,-1.0,16590.458984375,100.48600006103516,inf,0.0,0.9,0.10653409090909091,0.16149068322981366,0.0,0.7853736087781601,0.027664889828570426,0.03427763649319377,0.9999999998579546,0.228693181785697,0.42471590903058015,1.3614903948586188,0.5646108723305479,0.5646108723305479
0.10000000000000009,-1.0,16629.302734375,100.63890075683594,inf,0.0,0.9,0.1278409090909091,0.13043478260869565,0.0,0.7719869705583083,0.037689805346396404,0.030862077737077737,0.9999999998579546,0.228693181785697,0.44318181811886626,1.3465229552482283,0.5494580714903532,0.5494580714903532
0.20000000000000018,-1.0,16749.583984375,101.28411865234375,7.646677077743166,0.0,0.9,0.12357954545454546,0.13559322033898305,0.0,0.752025931806803,0.04120199349708409,0.04001623376623376,0.9999999998579546,0.25142045450974143,0.44176136357361345,1.356865539490669,0.5678560542040387,0.5678560542040387
0.30000000000000004,-1.0,16950.75390625,102.41227722167969,7.423500123595289,0.0,0.9,0.11931818181818182,0.1534090909090909,0.0,0.7596774192323101,0.0434685452150578,0.04418225623582766,0.9999999998579546,0.24999999996448866,0.4389204544831079,1.3424188211190367,0.5645014352602237,0.5645014352602237
0.40000000000000013,-1.0,17231.068359375,104.0075454711914,7.605752745756585,0.0,0.9,0.09659090909090909,0.11612903225806452,0.0,0.7845911948451901,0.036622047227355826,0.04174590445640967,0.9999999998579546,0.22017045451418035,0.45312499993563565,1.3949514427088887,0.5980373755887001,0.5980373755887001
0.5,-1.0,17586.84765625,106.04872131347656,8.455197170726457,0.0,0.9,0.08522727272727272,0.07657657657657657,0.0,0.6816770185276899,0.038673386814241914,0.04411976911976912,0.9999999998579546,0.3153409090461164,0.41193181812330515,1.464907582068628,0.6530519948497744,0.6530519948497744
0.6000000000000001,-1.0,18012.0234375,108.51045227050781,10.173605219513302,0.0,0.9,0.07386363636363637,0.08633093525179857,0.0,0.6104294477591367,0.03273563978059381,0.057815829753407974,0.9999999998579546,0.39488636358027185,0.3906249999445135,1.5387999465286542,0.6990576967867568,0.6990576967867568
0.7000000000000002,-1.0,18503.287109375,111.3647232055664,12.160282024461749,0.0,0.9,0.08238636363636363,0.0891891891891892,0.0,0.4783281733005684,0.029540450206013046,0.042048334806955495,0.9999999998579546,0.5255681817435273,0.3792613635824913,1.5984859119051154,0.7458293661881175,0.7445239967899304
0.8,-1.0,19055.900390625,114.58200073242188,15.654067677459027,0.0,0.9,0.08096590909090909,0.07982261640798226,0.0,0.35857805249481023,0.025494101002824433,0.02760938987768256,0.9999999998579546,0.6406249999090021,0.3551136363131941,1.6718764988803982,0.7692799519542332,0.7692799519542332
0.9000000000000001,-1.0,19665.794921875,118.13246154785156,inf,0.0,0.9,0.09517045454545454,0.10821643286573146,0.0,0.3014128727941267,0.026234037717328705,0.028713080768023442,0.9999999998579546,0.7088068180811354,0.374999999946733,1.6715543984800014,0.6993417063724938,0.6993417063724938
1.0,-1.0,20327.1875,121.98684692382812,inf,0.0,0.9,0.09517045454545454,0.08626760563380281,0.0,0.18524332807139038,0.025426405823887433,0.019322933956149917,0.9999999998579546,0.806818181703577,0.38778409085400795,1.7205463925907654,0.6590335902499024,0.6590335902499024
-1.0,-0.9,19697.716796875,119.59774017333984,inf,0.0,0.9,0.1690340909090909,0.15862068965517243,0.0,0.3743589742949814,0.08615644061688957,0.08250864933140474,0.9999999998579546,0.6178977271849577,0.4332386363020968,1.488254625692401,0.5989769301012645,0.5989769301012645
-0.9,-0.9,19009.689453125,115.50118255615234,inf,0.0,0.9,0.18892045454545456,0.20489977728285078,0.0,0.3747810857487249,0.08868347089370872,0.07667579014303733,0.9999999998579546,0.6377840908184966,0.4161931817590635,1.4535929063549662,0.5675254683060355,0.5675254683060355
-0.8,-0.9,18372.521484375,111.69918823242188,inf,0.0,0.9,0.19176136363636365,0.20145631067961164,0.0,0.42179261855504524,0.06672199364347224,0.055087662063080925,0.9999999998579546,0.5852272726441439,0.3849431817635024,1.4149235129941808,0.49007805541783034,0.49007805541783034
-0.7,-0.9,17792.85546875,108.22305297851562,inf,0.0,0.9,0.2059659090909091,0.2631578947368421,0.0,0.4991055455278881,0.06910638190493956,0.07462007205857953,0.9999999998579546,0.5397727271960551,0.38920454539926075,1.3592729423461984,0.46555589805997954,0.46555589805997954
-0.6,-0.9,17275.658203125,105.1053466796875,inf,0.0,0.9,0.18323863636363635,0.27011494252873564,0.0,0.5582608694681286,0.051380153075262405,0.06724275724275725,0.9999999998579546,0.4943181817479662,0.3678977272204691,1.3555399277638909,0.4701974923821898,0.4701974923821898
-0.5,-0.9,16826.154296875,102.37903594970703,inf,0.0,0.9,0.15625,0.19141914191419143,0.0,0.5875420874431748,0.042690169363029704,0.061046977713644375,0.9999999998579546,0.43039772721159125,0.3792613635824913,1.379183687310161,0.4878408137897997,0.4878408137897997
-0.3999999999999999,-0.9,16448.638671875,100.07638549804688,inf,0.0,0.9,0.11505681818181818,0.14939024390243902,0.0,0.5521669341007758,0.024914497694240773,0.03849753367061997,0.9999999998579546,0.46590909084291066,0.35937499994895244,1.463233109786926,0.5639679357779375,0.5639679357779375
-0.29999999999999993,-0.9,16148.65234375,98.22734069824219,inf,0.0,0.9,0.11363636363636363,0.12297734627831715,0.0,0.5657051281144704,0.026081277204588287,0.03571428571428571,0.9999999998579546,0.4389204544831079,0.3906249999445135,1.4564069022205453,0.5817488075539596,0.5817488075539596
-0.19999999999999996,-0.9,15930.4765625,96.85808563232422,inf,0.0,0.9,0.11505681818181818,0.13356164383561644,0.0,0.5939004814456019,0.025978118470519687,0.05540138700251059,0.9999999998579546,0.4147727272138107,0.41193181812330515,1.411211729843641,0.6070696178433322,0.6070696178433322
-0.09999999999999998,-0.9,15798.6826171875,95.9892578125,7.243157017491075,0.0,0.9,0.11221590909090909,0.1724137931034483,0.0,0.769599999876864,0.02816748555792541,0.04954320613769433,0.9999999998579546,0.2471590908739831,0.4687499999334162,1.340693256353208,0.5696748397933223,0.5676552169994397
0.0,-0.9,15753.6787109375,95.63457489013672,6.603151694870807,0.0,0.9,0.12642045454545456,0.24347826086956523,0.0,0.8585365852262543,0.03775484482375569,0.06373200442967884,0.9999999998579546,0.1633522727040693,0.5014204544742301,1.2869494248965168,0.5123519844855461,0.5114855751298075
0.10000000000000009,-0.9,15794.8671875,95.79975891113281,6.285858010455047,0.0,0.9,0.15056818181818182,0.2028985507246377,0.0,0.8160535115692219,0.0498222305627457,0.05119314916121883,0.9999999998579546,0.19602272724488315,0.5284090908340329,1.2726067933713376,0.5017268498133635,0.5017268498133635
0.20000000000000018,-0.9,15921.447265625,96.4820785522461,6.0864669506582505,0.0,0.9,0.15625,0.20408163265306123,0.0,0.8030303028951128,0.05608834752870419,0.0557423221939351,0.9999999998579546,0.20880681815215812,0.5213068181077689,1.2630002911144884,0.5121385317656006,0.5104179025430193
0.30000000000000004,-0.9,16133.560546875,97.67062377929688,6.1642414746399306,0.0,0.9,0.11505681818181818,0.14375,0.0,0.7800963080609797,0.039984567430709626,0.052116402116402116,0.9999999998579546,0.22727272724044423,0.49715909083847176,1.3044039264094638,0.542731061900485,0.5409567987448436
0.40000000000000013,-0.9,16429.591796875,99.34707641601562,6.816825761379243,0.0,0.9,0.08522727272727272,0.12269938650306748,0.0,0.7779503104382065,0.027135300631880663,0.027979676719172515,0.9999999998579546,0.23153409087620255,0.4332386363020968,1.3826572206878822,0.5930373051538061,0.5930373051538061
0.5,-0.9,16803.42578125,101.48710632324219,7.727123320297969,0.0,0.9,0.09659090909090909,0.10714285714285714,0.0,0.6855345910871802,0.03511221741482639,0.04190378244813729,0.9999999998579546,0.31818181813662194,0.4218749999400746,1.43544916770605,0.6374594322409599,0.6374594322409599
0.6000000000000001,-0.9,17249.298828125,104.0619125366211,9.106311975404045,0.0,0.9,0.08380681818181818,0.05859375,0.0,0.6263565890501773,0.032732193114014645,0.020959639147005642,0.9999999998579546,0.36363636358471074,0.3977272726707774,1.5095530519002518,0.6833159149437262,0.6833159149437262
0.7000000000000002,-0.9,17762.88671875,107.0399169921875,10.53183155889142,0.0,0.9,0.09375,0.0967741935483871,0.0,0.5172413792292725,0.033805205270261006,0.038156010586643314,0.9999999998579546,0.48437499993119676,0.38778409085400795,1.5640386917504012,0.7195720715445617,0.7195720715445617
0.8,-0.9,18340.267578125,110.38831329345703,inf,0.0,0.9,0.08948863636363637,0.0925,0.0,0.4336973478262563,0.02954546557707436,0.03507936507936508,0.9999999998579546,0.5681818181011106,0.3863636363087552,1.6117086605168904,0.7236076161776144,0.7236076161776144
0.9000000000000001,-0.9,18974.994140625,114.07424926757812,inf,0.0,0.9,0.10085227272727272,0.11471861471861472,0.0,0.3538704580799573,0.028122298892826463,0.028693775261842868,0.9999999998579546,0.6562499999067827,0.4034090908517885,1.6239297598606253,0.663698369553782,0.663698369553782
1.0,-0.9,19661.265625,118.06593322753906,inf,0.0,0.9,0.09375,0.10669077757685352,0.0,0.22570532911822802,0.027201775580848887,0.028379371847246582,0.9999999998579546,0.7855113635247853,0.37642045449198575,1.7013000855585796,0.6621687484228285,0.6621687484228285
-1.0,-0.8,19086.1796875,115.95073699951172,inf,0.0,0.9,0.1590909090909091,0.12876712328767123,0.0,0.4628378377596558,0.09453915114098856,0.10296947111247144,0.9999999998579546,0.5184659090172634,0.46022727266189956,1.451569499070118,0.5968061873135622,0.5968061873135622
-0.9,-0.8,18373.443359375,111.72325897216797,inf,0.0,0.9,0.20738636363636365,0.2113095238095238,0.0,0.525089605640665,0.10428725394482777,0.11548460483978627,0.9999999998579546,0.47727272720493286,0.46164772720715236,1.3575299713128417,0.5230894713347816,0.5230894713347816
-0.8,-0.8,17711.625,107.79095458984375,inf,0.0,0.9,0.2059659090909091,0.2620481927710843,0.0,0.5617173523145408,0.10149743591678059,0.10512679525847922,0.9999999998579546,0.47159090902392176,0.4261363635758329,1.3106012037462484,0.47354973056241306,0.47354973056241306
-0.7,-0.8,17107.15234375,104.18748474121094,inf,0.0,0.9,0.22443181818181818,0.2866043613707165,0.0,0.5805860804797461,0.098604018501358,0.09799990762161814,0.9999999998579546,0.4559659090261412,0.3963068181255246,1.258350546538656,0.3980040238159276,0.3980040238159276
-0.6,-0.8,16566.283203125,100.94832611083984,inf,0.0,0.9,0.19176136363636365,0.31230283911671924,0.0,0.6168717046367537,0.062478193750077834,0.07965266924929114,0.9999999998579546,0.4502840908451301,0.3849431817635024,1.2619882760279424,0.41775588786777806,0.41775588786777806
-0.5,-0.8,16094.7626953125,98.1098861694336,inf,0.0,0.9,0.18892045454545456,0.24305555555555555,0.0,0.6182136601369154,0.06619643010344156,0.08306252570958453,0.9999999998579546,0.4090909090327996,0.4034090908517885,1.2830680789428246,0.4241011199487261,0.4241011199487261
-0.3999999999999999,-0.8,15697.30078125,95.70808410644531,inf,0.0,0.9,0.13210227272727273,0.17832167832167833,0.0,0.6153846152838978,0.03355243214216335,0.05227875559755587,0.9999999998579546,0.40624999994229405,0.40056818176128295,1.3687418195644088,0.5117844873394981,0.5117844873394981
-0.29999999999999993,-0.8,15380.3935546875,93.77670288085938,inf,0.0,0.9,0.12073863636363637,0.14285714285714285,0.0,0.6025848141191301,0.03169501759688546,0.041699305985020266,0.9999999998579546,0.40767045448754685,0.4105113635780524,1.3797836275979962,0.532352038248932,0.532352038248932
-0.19999999999999996,-0.8,15150.162109375,92.3454818725586,inf,0.0,0.9,0.11789772727272728,0.12096774193548387,0.0,0.6489533010227129,0.028365116962735745,0.04705646776131358,0.9999999998579546,0.35227272722268854,0.46022727266189956,1.3587890128408429,0.5378657500130547,0.5378657500130547
-0.09999999999999998,-0.8,15010.12109375,91.43805694580078,6.054353919042672,0.0,0.9,0.12357954545454546,0.18604651162790697,0.0,0.7730956238617349,0.03146883382078978,0.053109961933491344,0.9999999998579546,0.24431818178347756,0.5127840908362523,1.2624733363964038,0.5041106931305315,0.5041106931305315
0.0,-0.8,14962.3466796875,91.07017517089844,5.388030480040122,0.0,0.9,0.14630681818181818,0.3170731707317073,0.0,0.9068219632434573,0.04529016592838249,0.0807748538011696,0.9999999998579546,0.11647727271072766,0.5454545453770662,1.2206219896215098,0.4594411082587868,0.4594411082587868
0.10000000000000009,-0.8,15006.0322265625,91.24837493896484,5.304035615386231,0.0,0.9,0.19176136363636365,0.16923076923076924,0.0,0.8101933214744828,0.06311023385505525,0.048388067870826494,0.9999999998579546,0.18465909088286092,0.5198863635625162,1.2234690122513863,0.45145443358723936,0.4414001466919527
0.20000000000000018,-0.8,15140.5908203125,91.96944427490234,5.095385981968104,0.0,0.9,0.2002840909090909,0.23770491803278687,0.0,0.8348134989636211,0.0700005054780948,0.09042736257143759,0.9999999998579546,0.17329545452083872,0.5553977271938356,1.2067420007471474,0.4446795384949124,0.4430978850945432
0.30000000000000004,-0.8,15365.123046875,93.2206802368164,5.346782765765554,0.0,0.9,0.14914772727272727,0.19078947368421054,0.0,0.7946577628055663,0.05360454732204855,0.06684550848243255,0.9999999998579546,0.21590909087842203,0.5255681817435273,1.251020895996515,0.49772002355497624,0.49772002355497624
0.40000000000000013,-0.8,15677.04296875,94.98094940185547,6.058347603601647,0.0,0.9,0.11221590909090909,0.18421052631578946,0.0,0.801599999871744,0.03523522976156655,0.03795286891127759,0.9999999998579546,0.21590909087842203,0.49715909083847176,1.3153740767608566,0.54302042836818,0.54302042836818
0.5,-0.8,16069.19921875,97.22242736816406,7.071860292474721,0.0,0.9,0.09375,0.10309278350515463,0.0,0.7272727271587347,0.029938611783018064,0.024269005847953218,0.9999999998579546,0.27556818177903863,0.41761363630431625,1.409418684441103,0.6142584093154968,0.6142584093154968
0.6000000000000001,-0.8,16536.615234375,99.91250610351562,8.411000868887697,0.0,0.9,0.08948863636363637,0.064,0.0,0.6349453977168572,0.03380450189813834,0.018856516290726818,0.9999999998579546,0.3551136363131941,0.39488636358027185,1.4825291569110512,0.6630657887834047,0.6630657887834047
0.7000000000000002,-0.8,17074.248046875,103.01578521728516,10.013454259526792,0.0,0.9,0.09232954545454546,0.0903010033444816,0.0,0.57433489818868,0.037988250575873336,0.0347574781867648,0.9999999998579546,0.42471590903058015,0.38778409085400795,1.5433163471264082,0.7109467350484611,0.7109467350484611
0.8,-0.8,17676.33984375,106.49591064453125,12.368366042317723,0.0,0.9,0.10795454545454546,0.09915014164305949,0.0,0.4936305731698041,0.04380049434380359,0.041686692936692936,0.9999999998579546,0.5014204544742301,0.4090909090327996,1.5551245800906994,0.6876832618100368,0.6876832618100368
0.9000000000000001,-0.8,18335.76171875,110.31700134277344,inf,0.0,0.9,0.10227272727272728,0.13942307692307693,0.0,0.4335443037288696,0.031741057095150634,0.04344621301282312,0.9999999998579546,0.590909090825155,0.3920454544897663,1.5914343108568516,0.6431251851788558,0.6431251851788558
1.0,-0.8,19047.18359375,114.44468688964844,inf,0.0,0.9,0.10227272727272728,0.10852713178294573,0.0,0.2721518986911152,0.028768880898287105,0.030021132885730974,0.9999999998579546,0.7329545453504326,0.39346590903501905,1.6623908922764237,0.6376246553889555,0.6376246553889555
-1.0,-0.7,18531.03125,112.62683868408203,inf,0.0,0.9,0.125,0.08270676691729323,0.0,0.6038961037980688,0.0846241935917257,0.06404441896408816,0.9999999998579546,0.37784090903723855,0.444602272664119,1.4250407244845955,0.6066458898905105,0.6066458898905105
-0.9,-0.7,17794.2734375,108.27256774902344,inf,0.0,0.9,0.19176136363636365,0.18396226415094338,0.0,0.6959578206158247,0.11566688923140826,0.15017497383568812,0.9999999998579546,0.3011363635935886,0.4801136362954384,1.2716684626899932,0.4736492974571511,0.4736492974571511
-0.8,-0.7,17108.046875,104.213134765625,inf,0.0,0.9,0.21875,0.2838983050847458,0.0,0.6927272726013224,0.11094485391468217,0.11159484095916732,0.9999999998579546,0.33522727267965524,0.4857954544764495,1.1894042812614516,0.41243808765113843,0.41243808765113843
-0.7,-0.7,16479.1796875,100.48457336425781,inf,0.0,0.9,0.22443181818181818,0.28308823529411764,0.0,0.6428571427394035,0.10625087455686469,0.09795869757543138,0.9999999998579546,0.3863636363087552,0.48295454538594396,1.195412156570105,0.3737314089297957,0.3737314089297957
-0.6,-0.7,15914.109375,97.12530517578125,inf,0.0,0.9,0.22869318181818182,0.3148148148148148,0.0,0.6593001840406446,0.10718460972674845,0.08921957671957671,0.9999999998579546,0.38352272721824965,0.44176136357361345,1.1842009185383582,0.3469000770632575,0.3469000770632575
-0.5,-0.7,15420.0703125,94.1751937866211,inf,0.0,0.9,0.21022727272727273,0.2835820895522388,0.0,0.6546762588750583,0.08090039430603262,0.09948732586095223,0.9999999998579546,0.3806818181277441,0.4403409090283607,1.1929189380033065,0.36631732089856706,0.36631732089856706
-0.3999999999999999,-0.7,15002.458984375,91.67405700683594,inf,0.0,0.9,0.17613636363636365,0.18061674008810572,0.0,0.6793103447104638,0.06607729776676821,0.07591564391576691,0.9999999998579546,0.32244318177238024,0.4346590908473496,1.2259948325712198,0.409581889418431,0.409581889418431
-0.29999999999999993,-0.7,14667.7958984375,89.65975189208984,inf,0.0,0.9,0.15625,0.19196428571428573,0.0,0.6952861951691438,0.050920404737254704,0.07189971863884907,0.9999999998579546,0.31818181813662194,0.45312499993563565,1.2607953452239493,0.44997399286309525,0.44997399286309525
-0.19999999999999996,-0.7,14424.2890625,88.16592407226562,inf,0.0,0.9,0.14204545454545456,0.1691542288557214,0.0,0.7235099336550481,0.04609246942278181,0.06109737257278241,0.9999999998579546,0.28551136359580803,0.5241477271982745,1.2411609081705615,0.46103261970304116,0.46103261970304116
-0.09999999999999998,-0.7,14275.603515625,87.21949768066406,5.414311879961556,0.0,0.9,0.18039772727272727,0.17218543046357615,0.0,0.7833622182351192,0.051686507250621024,0.08636043308347749,0.9999999998579546,0.21448863633316922,0.55255681810333,1.18810745826375,0.426245561223483,0.426245561223483
0.0,-0.7,14224.740234375,86.83849334716797,4.612172540003921,0.0,0.9,0.171875,0.2631578947368421,0.0,0.87993138921442,0.062447727024762624,0.074456841698221,0.9999999998579546,0.13494318179901377,0.5610795453748467,1.1657320685227501,0.42309908456305606,0.42309908456305606
0.10000000000000009,-0.7,14270.451171875,87.03034973144531,4.442811188623037,0.0,0.9,0.22301136363636365,0.20930232558139536,0.0,0.8135283362315305,0.07824399364121,0.06823563823563823,0.9999999998579546,0.18323863633760815,0.5624999999200995,1.1488640711990195,0.39645440597838955,0.39496086618041343
0.20000000000000018,-0.7,14413.5712890625,87.79126739501953,4.55803234118164,0.0,0.9,0.2059659090909091,0.1897810218978102,0.0,0.8014311268691537,0.0741595219262499,0.0443663804319542,0.9999999998579546,0.19460227269963037,0.6008522726419244,1.1835235093852032,0.44789227295689615,0.44789227295689615
0.30000000000000004,-0.7,14651.5732421875,89.1065444946289,5.086361405342826,0.0,0.9,0.11647727272727272,0.21176470588235294,0.0,0.7845659162725779,0.03474944805831006,0.04684399451480197,0.9999999998579546,0.24147727269297198,0.5823863635536384,1.2681514181731266,0.5404184616200697,0.5404184616200697
0.40000000000000013,-0.7,14980.0166015625,90.95193481445312,5.773977443916545,0.0,0.9,0.11789772727272728,0.2147239263803681,0.0,0.7938808372312591,0.037905704093878265,0.06684047147964674,0.9999999998579546,0.23153409087620255,0.5156249999267578,1.3166612132767186,0.5643465892218926,0.5643465892218926
0.5,-0.7,15391.806640625,93.29576873779297,6.504895714665522,0.0,0.9,0.11931818181818182,0.20114942528735633,0.0,0.7758064514877732,0.04155985770662869,0.07547662180814355,0.9999999998579546,0.2471590908739831,0.41903409084956905,1.3622214736872356,0.5878536558456902,0.5878536558456902
0.6000000000000001,-0.7,15881.4697265625,96.10128784179688,7.691838281237195,0.0,0.9,0.09943181818181818,0.0779816513761468,0.0,0.6829652995768194,0.039690676815303506,0.025866508219449396,0.9999999998579546,0.30965909086510524,0.39914772721603015,1.4683713781791456,0.6573513119546339,0.6573513119546339
0.7000000000000002,-0.7,16443.322265625,99.32911682128906,9.245308922035832,0.0,0.9,0.10795454545454546,0.10135135135135136,0.0,0.5764331209273196,0.045065963504234266,0.03533180760645133,0.9999999998579546,0.4204545453948218,0.42329545448532735,1.5124261831486714,0.6851518634696234,0.6837803190338809
0.8,-0.7,17069.515625,102.93925476074219,11.782752536816064,0.0,0.9,0.11221590909090909,0.1277258566978193,0.0,0.55199999991168,0.04235661749006913,0.053055570518805814,0.9999999998579546,0.4559659090261412,0.4389204544831079,1.5181696189150278,0.6751349768321682,0.6730805770277434
0.9000000000000001,-0.7,17754.013671875,106.8927001953125,inf,0.0,0.9,0.11505681818181818,0.14814814814814814,0.0,0.5200642053739866,0.04081607602403559,0.05022839632781408,0.9999999998579546,0.4985795453837245,0.4517045453903829,1.5431946497829172,0.6148475319734228,0.6148475319734228
1.0,-0.7,18490.876953125,111.15257263183594,inf,0.0,0.9,0.11221590909090909,0.12815126050420167,0.0,0.33599999994624,0.03443696372509496,0.03560844745501302,0.9999999998579546,0.6761363635403216,0.44318181811886626,1.6152069509157805,0.6244762984034019,0.6244762984034019
-1.0,-0.6,18037.1796875,109.65560150146484,inf,0.0,0.9,0.11079545454545454,0.08648648648648649,0.0,0.7300319487651706,0.06930984437578452,0.09244199000637238,0.9999999998579546,0.26278409087176363,0.3863636363087552,1.4022060794128914,0.5777196215166265,0.5777196215166265
-0.9,-0.6,17277.45703125,105.18148040771484,inf,0.0,0.9,0.16477272727272727,0.11842105263157894,0.0,0.772108843406104,0.08708894540680676,0.12587113740959896,0.9999999998579546,0.21590909087842203,0.43181818175684406,1.2534453703315893,0.46144456226011715,0.46144456226011715
-0.8,-0.6,16567.720703125,101.0010757446289,inf,0.0,0.9,0.19602272727272727,0.125,0.0,0.7526501765454682,0.10768406350769956,0.0930665089002108,0.9999999998579546,0.22727272724044423,0.508522727200494,1.1879884184268132,0.41660532966393327,0.41660532966393327
-0.7,-0.6,15915.033203125,97.15266418457031,inf,0.0,0.9,0.21022727272727273,0.28846153846153844,0.0,0.7338129495083071,0.10100000271706182,0.11529162522540007,0.9999999998579546,0.2954545454125775,0.55255681810333,1.142662025356023,0.37394229518138894,0.37394229518138894
-0.6,-0.6,15326.509765625,93.677490234375,inf,0.0,0.9,0.21022727272727273,0.30638297872340425,0.0,0.7068345322469722,0.10248806590132759,0.13718646749499744,0.9999999998579546,0.33380681813440244,0.5142045453815051,1.144824317706943,0.3684254573808948,0.3684254573808948
-0.5,-0.6,14809.26953125,90.618896484375,inf,0.0,0.9,0.22017045454545456,0.3177966101694915,0.0,0.7067395262829255,0.1018248608678853,0.12552103069344447,0.9999999998579546,0.33522727267965524,0.4943181817479662,1.1306876092917,0.3388700103926646,0.3388700103926646
-0.3999999999999999,-0.6,14371.3359375,88.02066040039062,inf,0.0,0.9,0.22443181818181818,0.26548672566371684,0.0,0.6959706958432289,0.09060940718969648,0.1359639919422528,0.9999999998579546,0.3210227272271275,0.4999999999289773,1.1241624213446353,0.34002916858044263,0.34002916858044263
-0.29999999999999993,-0.6,14019.2451171875,85.9249267578125,inf,0.0,0.9,0.21875,0.2198952879581152,0.0,0.7290909089583472,0.09509904806105546,0.11829066886870354,0.9999999998579546,0.2713068181432803,0.5482954544675717,1.1266331420296471,0.34378135896654505,0.34378135896654505
-0.19999999999999996,-0.6,13761.6796875,84.36941528320312,inf,0.0,0.9,0.22301136363636365,0.18617021276595744,0.0,0.7202925044387034,0.08606832530528315,0.12158601632285843,0.9999999998579546,0.267045454507522,0.5767045453726273,1.1380637633933244,0.3537566369522893,0.3537566369522893
-0.09999999999999998,-0.6,13604.548828125,83.38460540771484,4.498826549552905,0.0,0.9,0.24431818181818182,0.16666666666666666,0.0,0.8026315787964978,0.10167403070851452,0.12223481546062191,0.9999999998579546,0.17897727270184982,0.6377840908184966,1.1120782219729761,0.37212840007194664,0.36202764062740056
0.0,-0.6,13549.4619140625,82.99095916748047,3.8864031785168294,0.0,0.9,0.2556818181818182,0.24107142857142858,0.0,0.8377862593821019,0.10900124464772204,0.08761132455985397,0.9999999998579546,0.15909090906831097,0.6136363635491994,1.0942795648800945,0.3712002243893996,0.34496443649327735
0.10000000000000009,-0.6,13598.20703125,83.1968994140625,3.7745870117019193,0.0,0.9,0.2684659090909091,0.2727272727272727,0.0,0.8291262134312377,0.11524632839041771,0.12749149659863948,0.9999999998579546,0.17187499997558595,0.6633522726330466,1.0723599658271084,0.3549764078840451,0.34733708637045957
0.20000000000000018,-0.6,13749.3544921875,83.99796295166016,4.047064505978891,0.0,0.9,0.24289772727272727,0.2898550724637681,0.0,0.8161350842746464,0.09507556095561491,0.07901849308099308,0.9999999998579546,0.19602272724488315,0.6590909089972883,1.129398463656373,0.41087979738975633,0.40578882744774936
0.30000000000000004,-0.6,14000.845703125,85.37725830078125,4.431205319088541,0.0,0.9,0.15767045454545456,0.28160919540229884,0.0,0.7892074197657324,0.06258551487668909,0.1017321873839461,0.9999999998579546,0.2471590908739831,0.6775568180855743,1.2268192446274697,0.5106326142254283,0.5106326142254283
0.40000000000000013,-0.6,14346.5888671875,87.30716705322266,5.280749272977076,0.0,0.9,0.13068181818181818,0.281437125748503,0.0,0.8039215684960913,0.043653111663470405,0.09616004296455426,0.9999999998579546,0.23721590905721365,0.5667613635558578,1.28752596220923,0.5522903805268649,0.5522903805268649
0.5,-0.6,14778.509765625,89.75187683105469,6.122123879350211,0.0,0.9,0.11789772727272728,0.1949685534591195,0.0,0.7938808372312591,0.04312898401597994,0.06061044176706827,0.9999999998579546,0.22585227269519145,0.4644886362976579,1.3520334723554444,0.5828137466943119,0.5805036305435524
0.6000000000000001,-0.6,15291.37890625,92.6703872680664,7.206046862549455,0.0,0.9,0.10653409090909091,0.12745098039215685,0.0,0.7170111286618425,0.04190518845214084,0.045920155126580445,0.9999999998579546,0.2897727272315664,0.42471590903058015,1.4318511652855135,0.6361483821953454,0.6361483821953454
0.7000000000000002,-0.6,15876.2626953125,96.01914978027344,8.810104376722995,0.0,0.9,0.10511363636363637,0.10676156583629894,0.0,0.6015873014918116,0.03994440404314835,0.03903284440087102,0.9999999998579546,0.39914772721603015,0.46164772720715236,1.4943483357033245,0.6792541460107386,0.6792541460107386
0.8,-0.6,16527.365234375,99.7545394897461,11.098900607386149,0.0,0.9,0.10085227272727272,0.12341772151898735,0.0,0.5624012637342178,0.039453111273955115,0.05799484294833921,0.9999999998579546,0.44886363629987736,0.4687499999334162,1.5212333890539202,0.6884904630111367,0.6884904630111367
0.9000000000000001,-0.6,17236.2890625,103.83451080322266,inf,0.0,0.9,0.12073863636363637,0.1686746987951807,0.0,0.5541195475679936,0.04052420468559887,0.05451650415897792,0.9999999998579546,0.47159090902392176,0.4744318181144273,1.5065193550881508,0.641281046430509,0.641281046430509
1.0,-0.6,17996.244140625,108.21983337402344,inf,0.0,0.9,0.11789772727272728,0.15706806282722513,0.0,0.48148148140394825,0.033180994353791834,0.04435624031850739,0.9999999998579546,0.5426136362865606,0.44886363629987736,1.5470543816716906,0.6009824199071752,0.6009824199071752
-1.0,-0.5,17608.65625,107.06654357910156,inf,0.0,0.9,0.10085227272727272,0.08270676691729323,0.0,0.8072669824949026,0.05130592284630964,0.025832873816744786,0.9999999998579546,0.18892045451861927,0.39346590903501905,1.3746328447308966,0.5610378822583348,0.5586718722385302
-0.9,-0.5,16827.978515625,102.48272705078125,inf,0.0,0.9,0.11363636363636363,0.05405405405405406,0.0,0.8317307690974791,0.051492524690178405,0.04075091575091575,0.9999999998579546,0.1576704545230582,0.41761363630431625,1.308500980407646,0.48934680734492064,0.48934680734492064
-0.8,-0.5,16096.4453125,98.19092559814453,inf,0.0,0.9,0.15482954545454544,0.09166666666666666,0.0,0.8168067225517972,0.08529006543760856,0.11004273504273504,0.9999999998579546,0.17045454543033317,0.5284090908340329,1.2213047463528437,0.43158791673281066,0.4297071319120578
-0.7,-0.5,15421.0791015625,94.23138427734375,inf,0.0,0.9,0.2059659090909091,0.09420289855072464,0.0,0.7763864041544927,0.11235420097225081,0.17115151515151517,0.9999999998579546,0.19602272724488315,0.5965909090061661,1.1405289687164728,0.35491684058437345,0.35491684058437345
-0.6,-0.5,14810.255859375,90.64802551269531,inf,0.0,0.9,0.23579545454545456,0.16,0.0,0.7657992563632344,0.11915787971942286,0.16853600944510036,0.9999999998579546,0.21306818178791645,0.616477272639705,1.1046556163312513,0.3182497344412085,0.3182497344412085
-0.5,-0.5,14271.33984375,87.48751068115234,inf,0.0,0.9,0.25426136363636365,0.26344086021505375,0.0,0.7390476189068481,0.11660996854882306,0.22313818520715073,0.9999999998579546,0.26420454541701643,0.60369318173243,1.0791298892719632,0.3186565928423945,0.3186565928423945
-0.3999999999999999,-0.5,13812.43359375,84.79755401611328,inf,0.0,0.9,0.26704545454545453,0.26108374384236455,0.0,0.7093023254439337,0.1418137364559626,0.14393360502632024,0.9999999998579546,0.28835227268631364,0.60369318173243,1.067499072393665,0.3020608780542074,0.3020608780542074
-0.29999999999999993,-0.5,13442.892578125,82.62451171875,inf,0.0,0.9,0.28551136363636365,0.22826086956521738,0.0,0.7176938368354485,0.1599768779341448,0.16848544973544974,0.9999999998579546,0.2613636363265109,0.6278409090017272,1.0250127554629593,0.26644014311649855,0.26644014311649855
-0.19999999999999996,-0.5,13172.294921875,81.01032257080078,4.628662847575233,0.0,0.9,0.2883522727272727,0.16981132075471697,0.0,0.7365269459607731,0.14935103855852208,0.16973935155753336,0.9999999998579546,0.22585227269519145,0.6775568180855743,1.0095093416648635,0.2536338177745749,0.2536338177745749
-0.09999999999999998,-0.5,13005.662109375,79.98910522460938,3.4429920056929264,0.0,0.9,0.3338068181818182,0.2524271844660194,0.0,0.8358208953441746,0.18361674310293546,0.20301747311827958,0.9999999998579546,0.14630681816103597,0.7201704544431576,0.9699743100997077,0.2779685846333163,0.2319077766402884
0.0,-0.5,12947.095703125,79.5838623046875,3.0320527928149676,0.0,0.9,0.3536931818181818,0.3333333333333333,0.0,0.8681318679410699,0.21438866213157592,0.18258082497212932,0.9999999998579546,0.12784090907274986,0.781249999889027,0.9429630126957772,0.29547647884505435,0.22371314891765354
0.10000000000000009,-0.5,12998.193359375,79.80402374267578,3.119893175719477,0.0,0.9,0.33238636363636365,0.35344827586206895,0.0,0.8404255317360796,0.18195012311696285,0.1621750266732287,0.9999999998579546,0.16477272724932207,0.7443181817124548,0.9719489916761774,0.2965450677858986,0.27779223390623714
0.20000000000000018,-0.5,13158.25,80.6444091796875,3.42901994015444,0.0,0.9,0.26136363636363635,0.38235294117647056,0.0,0.8384615383002959,0.14322551823651755,0.18363963622584314,0.9999999998579546,0.1931818181543776,0.7230113635336632,1.037833072270992,0.3861040824564542,0.3813040029803097
0.30000000000000004,-0.5,13423.02734375,82.08580017089844,4.109030361100712,0.0,0.9,0.16761363636363635,0.28888888888888886,0.0,0.7815699657369335,0.07321347814588294,0.04202538929046643,0.9999999998579546,0.25568181814549973,0.7073863635358827,1.211543059705067,0.5125667273765814,0.5125667273765814
0.40000000000000013,-0.5,13785.4599609375,84.0970687866211,4.835412740097933,0.0,0.9,0.14772727272727273,0.30057803468208094,0.0,0.7983333332002778,0.054552895695847106,0.08592228548086497,0.9999999998579546,0.24573863632873033,0.6534090908162772,1.2598304486860155,0.5417733762618501,0.5417733762618501
0.5,-0.5,14238.2529296875,86.6382064819336,5.775493525972853,0.0,0.9,0.12073863636363637,0.2138728323699422,0.0,0.7802907914732972,0.0399464921165695,0.06759175465057818,0.9999999998579546,0.24573863632873033,0.5227272726530218,1.3336738848638638,0.5767264208329151,0.5767264208329151
0.6000000000000001,-0.5,14773.3486328125,89.66382598876953,6.970354623716991,0.0,0.9,0.10511363636363637,0.1282051282051282,0.0,0.7301587300428319,0.03776627096391415,0.05835839336705117,0.9999999998579546,0.2769886363242914,0.47301136356917456,1.409608361092433,0.6171881391056238,0.6171881391056238
0.7000000000000002,-0.5,15381.7431640625,93.12635803222656,8.569578959847755,0.0,0.9,0.10511363636363637,0.1039426523297491,0.0,0.6031746030788612,0.0385747095102272,0.047146156397663945,0.9999999998579546,0.3963068181255246,0.5056818181099884,1.4740801203789344,0.6608876349741988,0.6608876349741988
0.8,-0.5,16055.802734375,96.9786605834961,inf,0.0,0.9,0.08948863636363637,0.10967741935483871,0.0,0.569422776822243,0.032568733188555174,0.051166924657052415,0.9999999998579546,0.4403409090283607,0.4758522726596801,1.5309637236162195,0.6951443470114629,0.6951443470114629
0.9000000000000001,-0.5,16787.146484375,101.17586517333984,inf,0.0,0.9,0.109375,0.14285714285714285,0.0,0.5311004783841945,0.03628898321962624,0.05370953777497216,0.9999999998579546,0.4872159090217023,0.4886363635669551,1.5211286445841248,0.6786898756248354,0.6786898756248354
1.0,-0.5,17568.365234375,105.67660522460938,inf,0.0,0.9,0.10511363636363637,0.11192214111922141,0.0,0.4206349205681532,0.036262918236458816,0.04079515068762381,0.9999999998579546,0.5838068180988911,0.4630681817524051,1.5872157480806688,0.6470718335924878,0.6470718335924878
-1.0,-0.3999999999999999,17249.693359375,104.88809204101562,inf,0.0,0.9,0.05823863636363636,0.0763888888888889,0.0,0.7993966816290503,0.031754490975281435,0.022908106289330706,0.9999999998579546,0.2045454545163998,0.3551136363131941,1.449834532061812,0.6306300580939367,0.6306300580939367
-0.9,-0.3999999999999999,16449.970703125,100.20821380615234,6.3402000197654935,0.0,0.9,0.061079545454545456,0.09230769230769231,0.0,0.9107413009212192,0.02223965952839257,0.02838827838827839,0.9999999998579546,0.09232954544143046,0.3906249999445135,1.3632724193745742,0.5563513499839372,0.5563513499839372
-0.8,-0.3999999999999999,15698.986328125,95.81825256347656,inf,0.0,0.9,0.07244318181818182,0.046153846153846156,0.0,0.9050535986362859,0.02925090259931235,0.06428571428571428,0.9999999998579546,0.09232954544143046,0.5156249999267578,1.296244908748782,0.5040536023042324,0.5040536023042324
-0.7,-0.3999999999999999,15003.5771484375,91.76021575927734,inf,0.0,0.9,0.11931818181818182,0.09411764705882353,0.0,0.8758064514716442,0.0627581137489759,0.325,0.9999999998579546,0.12073863634648599,0.565340909010605,1.2001821049528576,0.4174900180501667,0.415643754053562
-0.6,-0.3999999999999999,14372.2890625,88.08041381835938,inf,0.0,0.9,0.171875,0.05,0.0,0.8370497425665439,0.07634618042754063,0.19999999999999998,0.9999999998579546,0.14204545452527764,0.6406249999090021,1.1509377818908593,0.3501631289469609,0.3501631289469609
-0.5,-0.3999999999999999,13813.4599609375,84.82852172851562,inf,0.0,0.9,0.21448863636363635,0.0,0.0,0.8010849908135471,0.08882835091045733,0.0,0.9999999998579546,0.1562499999778054,0.6889204544475965,1.084127272214243,0.2773507598520205,0.2773507598520205
-0.3999999999999999,-0.3999999999999999,13335.6337890625,82.05589294433594,4.73389972371315,0.0,0.9,0.28267045454545453,0.05217391304347826,0.0,0.7841584156863052,0.13259915916727544,0.19192477876106195,0.9999999998579546,0.1633522727040693,0.6874999999023438,1.0172589654522668,0.22866074158579122,0.22866074158579122
-0.29999999999999993,-0.3999999999999999,12949.6083984375,79.81291961669922,4.212936753207256,0.0,0.9,0.3053977272727273,0.08064516129032258,0.0,0.7668711654873474,0.16828818436461598,0.13414634146341464,0.9999999998579546,0.17613636361134427,0.6747159089950688,0.979202618426961,0.23487322599076288,0.21481498559271825
-0.19999999999999996,-0.3999999999999999,12665.63671875,78.1456298828125,3.324586231178966,0.0,0.9,0.40482954545454547,0.16037735849056603,0.0,0.7875894986187136,0.2600764548020747,0.14302884615384615,0.9999999998579546,0.1505681817967943,0.7258522726241687,0.8601801322615309,0.1912595224256346,0.1100519784653388
-0.09999999999999998,-0.3999999999999999,12489.31640625,77.09166717529297,2.3580384473576763,0.0,0.9,0.5085227272727273,0.37681159420289856,0.0,0.8757225430995021,0.3818163788953598,0.24879693157995045,0.9999999998579546,0.09801136362244157,0.8650568180589409,0.7376531248745485,0.15564034736833224,0.028140497468265416
0.0,-0.3999999999999999,12427.1923828125,76.67654418945312,2.273901246813356,0.0,0.9,0.4900568181818182,0.5189873417721519,0.0,0.894150417578231,0.3475721494464617,0.34968734968734966,0.9999999998579546,0.11221590907496934,0.8636363635136881,0.7539976726481872,0.18357060285997406,0.10395258952862377
0.10000000000000009,-0.3999999999999999,12481.2431640625,76.91065216064453,2.314741482065527,0.0,0.9,0.4474431818181818,0.7051282051282052,0.0,0.9408740357478472,0.30440880388945774,0.45230721537626906,0.9999999998579546,0.11079545452971656,0.8267045453371159,0.7812042377079057,0.1758234062341375,0.16245858818960784
0.20000000000000018,-0.3999999999999999,12650.357421875,77.78807067871094,2.821795112793085,0.0,0.9,0.30823863636363635,0.5,0.0,0.8726899382191602,0.20389340789762916,0.21574627657003134,0.9999999998579546,0.17613636361134427,0.7869318180700381,0.954038688691167,0.33815642509733645,0.3351562546473825
0.30000000000000004,-0.3999999999999999,12928.0126953125,79.28726959228516,3.6725822028161694,0.0,0.9,0.1875,0.34705882352941175,0.0,0.8059440558031566,0.09694761312664184,0.11941391941391942,0.9999999998579546,0.24147727269297198,0.7471590908029604,1.1567887549919589,0.4929127031956144,0.4929127031956144
0.40000000000000013,-0.3999999999999999,13307.787109375,81.37361145019531,4.425605538623257,0.0,0.9,0.15482954545454544,0.3443708609271523,0.0,0.8336134452380483,0.05995873841694729,0.1482974910394265,0.9999999998579546,0.21448863633316922,0.6903409089928494,1.2241130936681484,0.5173749196867303,0.5173749196867303
0.5,-0.3999999999999999,13780.474609375,84.0030288696289,5.484711207033188,0.0,0.9,0.15482954545454544,0.21374045801526717,0.0,0.8268907561635478,0.05466025603896583,0.1398989898989899,0.9999999998579546,0.1860795454281137,0.5951704544609133,1.2775703523821305,0.5143304215905329,0.5143304215905329
0.6000000000000001,-0.3999999999999999,14336.451171875,87.1259536743164,6.748910669181601,0.0,0.9,0.09517045454545454,0.1411764705882353,0.0,0.7708006278224803,0.03380544639648813,0.06952766445377283,0.9999999998579546,0.24147727269297198,0.5142045453815051,1.4035906468224228,0.6225591543712707,0.6225591543712707
0.7000000000000002,-0.3999999999999999,14966.115234375,90.6910400390625,8.286441814344892,0.0,0.9,0.10085227272727272,0.1171875,0.0,0.6429699841006367,0.03805154612448426,0.05388292158968851,0.9999999998579546,0.36363636358471074,0.4801136362954384,1.4677397714448814,0.6430878309932987,0.6430878309932987
0.8,-0.3999999999999999,15660.28125,94.64793395996094,9.99597098193138,0.0,0.9,0.08522727272727272,0.11333333333333333,0.0,0.5869565216479882,0.03229274458604813,0.05606394615208255,0.9999999998579546,0.4261363635758329,0.4687499999334162,1.5335410599718877,0.7066604004064396,0.7046052133805211
0.9000000000000001,-0.3999999999999999,16410.935546875,98.94924926757812,inf,0.0,0.9,0.09090909090909091,0.1329639889196676,0.0,0.510937499920166,0.030710268026137258,0.05171174106657978,0.9999999998579546,0.5127840908362523,0.46022727266189956,1.5562286674560997,0.7223093066135927,0.7223093066135927
1.0,-0.3999999999999999,17210.677734375,103.55178833007812,inf,0.0,0.9,0.09801136363636363,0.09761904761904762,0.0,0.4031496062357245,0.03455184708310082,0.03886602276247402,0.9999999998579546,0.5965909090061661,0.457386363571394,1.6039804403521911,0.6628020129686514,0.6628020129686514
-1.0,-0.29999999999999993,16965.337890625,103.14642333984375,inf,0.0,0.9,0.026988636363636364,0.053475935828877004,0.0,0.7416058393077948,0.012497496296424578,0.03270598533756429,0.9999999998579546,0.2656249999622692,0.2840909090505553,1.5702636219654913,0.7122988145429134,0.7122988145429134
-0.9,-0.29999999999999993,16149.697265625,98.38751220703125,7.4060029310247515,0.0,0.9,0.03125,0.03937007874015748,0.0,0.8211143693810683,0.02614301859959857,0.04403126041705248,0.9999999998579546,0.1803977272471026,0.362215909039458,1.4785801637343947,0.6509364709424785,0.6509364709424785
-0.8,-0.29999999999999993,15382.25,93.91645050048828,5.937246702145192,0.0,0.9,0.048295454545454544,0.08108108108108109,0.0,0.8985074625524616,0.034320539005722996,0.053030303030303025,0.9999999998579546,0.10511363634870545,0.46164772720715236,1.3783960459605917,0.5745945742994956,0.5745945742994956
-0.7,-0.29999999999999993,14669.6123046875,89.77661895751953,inf,0.0,0.9,0.061079545454545456,0.29411764705882354,0.0,0.981845688202444,0.022230436831149062,0.15277777777777776,0.9999999998579546,0.0241477272692972,0.5184659090172634,1.246614991936759,0.47789246132833607,0.47789246132833607
-0.6,-0.29999999999999993,14020.1103515625,86.01632690429688,inf,0.0,0.9,0.09375,0.16129032258064516,0.0,0.959247648752469,0.028023522680686978,0.4166666666666667,0.9999999998579546,0.04403409090283607,0.5610795453748467,1.165389777633862,0.42460780564482625,0.42460780564482625
-0.5,-0.29999999999999993,13444.0390625,82.68785095214844,4.138998687570272,0.0,0.9,0.18607954545454544,0.09090909090909091,0.0,0.9301919719144517,0.05895760997838416,0.3333333333333333,0.9999999998579546,0.062499999991122164,0.6221590908207161,1.0770257509878043,0.3098055684012663,0.3098055684012663
-0.3999999999999999,-0.29999999999999993,12950.365234375,79.84569549560547,3.6408342550651254,0.0,0.9,0.24147727272727273,0.05555555555555555,0.0,0.904494381853091,0.10758588631398522,0.3333333333333333,0.9999999998579546,0.07670454544364992,0.6619318180877938,1.0147081011990604,0.25305611980614645,0.25305611980614645
-0.29999999999999993,-0.29999999999999993,12549.1572265625,77.54383087158203,2.9315500859871513,0.0,0.9,0.34375,0.05660377358490566,0.0,0.8917748915818668,0.2159243566626336,0.16666666666666666,0.9999999998579546,0.07528409089839715,0.7613636362554882,0.8810582444178889,0.17298738954173237,0.1522954500141287
-0.19999999999999996,-0.29999999999999993,12251.703125,75.8319091796875,2.210629215517801,0.0,0.9,0.5482954545454546,0.20833333333333334,0.0,0.8805031443772002,0.4347395718833467,0.3220238095238095,0.9999999998579546,0.06818181817213327,0.8238636362466103,0.6848394615565353,0.18788824077846436,-0.03776826948720221
-0.09999999999999998,-0.29999999999999993,12067.25,74.75080871582031,1.5805078384461613,0.0,0.9,0.7002840909090909,0.8823529411764706,0.0,0.981042653563487,0.5927913329904225,0.6363636363636364,0.9999999998579546,0.0482954545385944,0.9062499998712713,0.49403423509135835,0.15919275380682987,-0.13200412227960948
0.0,-0.29999999999999993,12002.7724609375,74.32825469970703,1.4306875987470395,0.0,0.9,0.6974431818181818,0.9818181818181818,0.0,0.9953051638519694,0.5743649974192423,0.9285714285714286,0.9999999998579546,0.0781249999889027,0.927556818050063,0.4681679372232189,0.10151316378347577,-0.08860274943571217
0.10000000000000009,-0.29999999999999993,12059.6669921875,74.57553100585938,1.6531683706502682,0.0,0.9,0.5838068181818182,0.9240506329113924,0.0,0.9795221839660333,0.4475736034135564,0.6417344173441735,0.9999999998579546,0.11221590907496934,0.9119318180522824,0.5554837976008609,0.06300519366543912,0.0361384993297969
0.20000000000000018,-0.29999999999999993,12236.0927734375,75.48599243164062,2.250902220463822,0.0,0.9,0.40482954545454547,0.6,0.0,0.8949880666121747,0.3201835428364606,0.22730496453900711,0.9999999998579546,0.1562499999778054,0.8437499998801492,0.8054935317606604,0.23723063111267242,0.23437961520841938
0.30000000000000004,-0.29999999999999993,12526.484375,77.03593444824219,3.0857411667595422,0.0,0.9,0.22869318181818182,0.5470085470085471,0.0,0.9023941066478096,0.13709637342298275,0.2615194211728865,0.9999999998579546,0.16619318179457485,0.7741477271627631,1.0334306835556493,0.4275836519842898,0.4275836519842898
0.40000000000000013,-0.29999999999999993,12922.458984375,79.18753051757812,4.0597283471113235,0.0,0.9,0.19460227272727273,0.3898305084745763,0.0,0.873015872861902,0.09413179919241925,0.22138009049773755,0.9999999998579546,0.16761363633982762,0.7230113635336632,1.1300445321307429,0.44596145148094013,0.44596145148094013
0.5,-0.29999999999999993,13413.11328125,81.89299011230469,5.161603100409654,0.0,0.9,0.16761363636363635,0.2032520325203252,0.0,0.832764504977344,0.0659927865540281,0.14055463652237843,0.9999999998579546,0.1747159090660915,0.6718749999045632,1.2343810949917686,0.49122513690726566,0.48967477946454235
0.6000000000000001,-0.29999999999999993,13986.9521484375,85.09910583496094,6.593912281433295,0.0,0.9,0.09801136363636363,0.1452513966480447,0.0,0.7590551179907,0.03832464410379323,0.1676785188951818,0.9999999998579546,0.254261363600247,0.5369318181055495,1.3948565254475316,0.6112917154418924,0.6112917154418924
0.7000000000000002,-0.29999999999999993,14634.0107421875,88.75118255615234,7.878086798747907,0.0,0.9,0.08380681818181818,0.09504132231404959,0.0,0.6604651161766721,0.035330978031222086,0.1340039537159675,0.9999999998579546,0.3437499999511719,0.46732954538816346,1.4714009588771793,0.6618832907903547,0.6618832907903547
0.8,-0.29999999999999993,15345.2666015625,92.79615783691406,9.886067300568556,0.0,0.9,0.07954545454545454,0.10543130990415335,0.0,0.5679012344802622,0.03158347370340415,0.07298490991828789,0.9999999998579546,0.444602272664119,0.4460227272093718,1.5527667630985766,0.7160835094783798,0.7160835094783798
0.9000000000000001,-0.29999999999999993,16112.033203125,97.1845932006836,11.932200149953854,0.0,0.9,0.08948863636363637,0.06182795698924731,0.0,0.4555382214577944,0.03271678947240622,0.020785053049085,0.9999999998579546,0.5284090908340329,0.43181818175684406,1.5880076896556694,0.7330551119212045,0.7330551119212045
1.0,-0.29999999999999993,16926.97265625,101.87176513671875,inf,0.0,0.9,0.07386363636363637,0.08604651162790698,0.0,0.39723926374275476,0.023634934167883818,0.025997736857100148,0.9999999998579546,0.6107954544586939,0.4275568181210857,1.6543343179842782,0.714739222405042,0.714739222405042
-1.0,-0.19999999999999996,16758.451171875,101.8640365600586,inf,0.0,0.9,0.026988636363636364,0.04790419161676647,0.0,0.5357664232794502,0.006326926825881329,0.008337139551170792,0.9999999998579546,0.4744318181144273,0.1747159090660915,1.691715562988918,0.7918155913348564,0.7918155913348564
-0.9,-0.19999999999999996,15930.9853515625,97.04633331298828,inf,0.0,0.9,0.024147727272727272,0.06763285024154589,0.0,0.7190684132868896,0.006839031339031339,0.015329586101175267,0.9999999998579546,0.29403409086732474,0.23011363633094978,1.5770494550992091,0.7159303858244337,0.7159303858244337
-0.8,-0.19999999999999996,15151.0185546875,92.51472473144531,inf,0.0,0.9,0.032670454545454544,0.08421052631578947,0.0,0.8722466959071591,0.027469135802469135,0.05860805860805861,0.9999999998579546,0.13494318179901377,0.362215909039458,1.441369672331247,0.6205800628923487,0.6205800628923487
-0.7,-0.19999999999999996,14425.1181640625,88.31366729736328,5.577013398535274,0.0,0.9,0.045454545454545456,0.0625,0.0,0.9107142855787628,0.022717798174049522,0.1,0.9999999998579546,0.09090909089617769,0.48437499993119676,1.312641150962343,0.5218238986352067,0.5218238986352067
-0.6,-0.19999999999999996,13761.89453125,84.49297332763672,4.7413944333534905,0.0,0.9,0.07954545454545454,0.30434782608695654,0.0,0.9753086418247982,0.023340965838447005,0.25,0.9999999998579546,0.03267045454081386,0.5355113635602967,1.1979683211510723,0.4311051439476703,0.4311051439476703
-0.5,-0.19999999999999996,13172.3349609375,81.10688781738281,3.920948079617136,0.0,0.9,0.14772727272727273,0.25,0.0,0.9699999998383334,0.05019978017109835,0.3333333333333333,0.9999999998579546,0.034090909086066636,0.6022727271871772,1.0684059498102279,0.30765293179745995,0.30765293179745995
-0.3999999999999999,-0.19999999999999996,12665.9619140625,78.21243286132812,3.2246470374949414,0.0,0.9,0.26988636363636365,0.3157894736842105,0.0,0.9747081710165938,0.13396064524525617,0.3333333333333333,0.9999999998579546,0.026988636359802753,0.6562499999067827,0.9361414299853513,0.17296149811936745,0.1581219871713493
-0.29999999999999993,-0.19999999999999996,12252.7158203125,75.86637878417969,2.518299751796474,0.0,0.9,0.4403409090909091,1.0,0.0,0.9999999997461928,0.31175293064565435,1.0,0.9999999998579546,0.005681818181011105,0.6917613635381021,0.7740511322532472,0.07855109235481601,0.004905117943771144
-0.19999999999999996,-0.19999999999999996,11944.6650390625,74.12129211425781,1.69119087762536,0.0,0.9,0.6207386363636364,1.0,0.0,0.999999999625468,0.5217590419802864,1.0,0.9999999998579546,0.008522727271516659,0.8735795453304575,0.5314210192908002,0.14554178363180378,-0.1448466570418778
-0.09999999999999998,-0.19999999999999996,11753.2958984375,73.02058410644531,1.0647025119918347,0.0,0.9,0.8664772727272727,0.9772727272727273,0.0,0.9893617010751472,0.8116718079152029,0.8125,0.9999999998579546,0.062499999991122164,0.9559659089551186,0.2716308240797079,0.2518847308129351,-0.24532634298388395
0.0,-0.19999999999999996,11686.2919921875,72.59381103515625,0.8845300973328935,0.0,0.9,0.9119318181818182,0.9904761904761905,0.0,0.9838709661550468,0.8783950141895057,0.9537037037037036,0.9999999998579546,0.14914772725154152,0.9857954544054268,0.17970571475583288,0.19111602715426512,-0.19111602715426512
0.10000000000000009,-0.19999999999999996,11745.333984375,72.85291290283203,1.0760830001106714,0.0,0.9,0.8252840909090909,0.9661016949152542,0.0,0.9674796740101792,0.7507901227215877,0.8444444444444444,0.9999999998579546,0.16761363633982762,0.9758522725886574,0.28448773973555713,0.14436654801886162,-0.14192020767113558
0.20000000000000018,-0.19999999999999996,11928.4677734375,73.79060363769531,1.71937828234847,0.0,0.9,0.5426136363636364,0.7049180327868853,0.0,0.8881987574881369,0.4542380404226118,0.650544922913344,0.9999999998579546,0.17329545452083872,0.9247159089595575,0.6232151338261372,0.11610214979144294,0.10928985795726769
0.30000000000000004,-0.19999999999999996,12230.056640625,75.38135528564453,2.618054777967025,0.0,0.9,0.3522727272727273,0.6730769230769231,0.0,0.925438596288281,0.24755951740685456,0.4354166666666666,0.9999999998579546,0.14772727270628874,0.8338068180633798,0.8833425652247733,0.2839774911123796,0.2769734816205158
0.40000000000000013,-0.19999999999999996,12639.177734375,77.584716796875,3.669525308194801,0.0,0.9,0.265625,0.5529411764705883,0.0,0.9264990327028049,0.13528520540680583,0.43275462962962963,0.9999999998579546,0.12073863634648599,0.7485795453482131,1.0218434332953055,0.3620448454945479,0.36153421136698716
0.5,-0.19999999999999996,13143.1162109375,80.34991455078125,4.904328778504793,0.0,0.9,0.15625,0.19444444444444445,0.0,0.8535353533916608,0.07621859550523738,0.22200170721297482,0.9999999998579546,0.15340909088729984,0.6789772726308271,1.209084430449467,0.4859531801671079,0.4859531801671079
0.6000000000000001,-0.19999999999999996,13730.2548828125,83.62080383300781,6.331834475435694,0.0,0.9,0.11363636363636363,0.13142857142857142,0.0,0.7564102562890369,0.05413348544105644,0.13557476231633536,0.9999999998579546,0.24857954541923588,0.5355113635602967,1.3400206832095067,0.5797359651188055,0.5797359651188055
0.7000000000000002,-0.19999999999999996,14391.04296875,87.34010314941406,7.722032736889768,0.0,0.9,0.08948863636363637,0.10697674418604651,0.0,0.7004680186114715,0.03777554423863669,0.09700854700854701,0.9999999998579546,0.30539772722934694,0.46732954538816346,1.4472419501326845,0.6434648789418429,0.6434648789418429
0.8,-0.19999999999999996,15115.404296875,91.45271301269531,9.544810034938651,0.0,0.9,0.08238636363636363,0.07476635514018691,0.0,0.5402476779349462,0.04014065337081145,0.04128187054605494,0.9999999998579546,0.4559659090261412,0.4332386363020968,1.5498755623927993,0.7149005699562246,0.7149005699562246
0.9000000000000001,-0.19999999999999996,15894.54296875,95.90760803222656,11.81965782517685,0.0,0.9,0.07244318181818182,0.07481296758104738,0.0,0.4318529861513242,0.02658849371086398,0.023439569230295797,0.9999999998579546,0.5696022726463633,0.4090909090327996,1.632666278956723,0.7709769575246193,0.7689432255440348
1.0,-0.19999999999999996,16720.892578125,100.65898895263672,inf,0.0,0.9,0.06392045454545454,0.06396588486140725,0.0,0.3338391501769592,0.02111678937429875,0.019683619544682864,0.9999999998579546,0.6661931817235521,0.41335227266855795,1.7013509047241924,0.7308915254620445,0.7308915254620445
-1.0,-0.09999999999999998,16631.548828125,101.05855560302734,inf,0.0,0.9,0.02130681818181818,0.03189066059225513,0.0,0.38316400574990367,0.0048969904917704815,0.004856573094032827,0.9999999998579546,0.6235795453659688,0.1803977272471026,1.7722540849697996,0.8393330259797346,0.8393330259797346
-0.9,-0.09999999999999998,15796.7158203125,96.2048568725586,inf,0.0,0.9,0.028409090909090908,0.039634146341463415,0.0,0.539473684131656,0.005947576429329254,0.00644988625719256,0.9999999998579546,0.46590909084291066,0.17329545452083872,1.6749315380473784,0.780102058393781,0.780102058393781
-0.8,-0.09999999999999998,15009.068359375,91.63618469238281,inf,0.0,0.9,0.03551136363636364,0.12179487179487179,0.0,0.7982326950223516,0.008342121249228654,0.016681749622926092,0.9999999998579546,0.22159090905943313,0.21164772724266367,1.5069489233256868,0.6599841991821958,0.6599841991821958
-0.7,-0.09999999999999998,14275.2392578125,87.39769744873047,6.518317553477276,0.0,0.9,0.046875,0.40476190476190477,0.0,0.9627421757134513,0.020650833185079757,0.20408163265306123,0.9999999998579546,0.05965909090061661,0.34659090904167744,1.3373363720032456,0.5350500628449543,0.5350500628449543
-0.6,-0.09999999999999998,13604.08203125,83.54013061523438,5.133912169861386,0.0,0.9,0.07244318181818182,0.11666666666666667,0.0,0.9188361407474983,0.04916929046408876,0.1488095238095238,0.9999999998579546,0.08522727271516659,0.45312499993563565,1.238460435957711,0.45060670190385044,0.45060670190385044
-0.5,-0.09999999999999998,13005.486328125,80.11904907226562,4.073131264157836,0.0,0.9,0.12215909090909091,0.17647058823529413,0.0,0.9546925564798233,0.056921910149098844,0.2,0.9999999998579546,0.0482954545385944,0.5994318180966717,1.1170973730317966,0.3476900489283095,0.3476900489283095
-0.3999999999999999,-0.09999999999999998,12490.3037109375,77.19304656982422,3.168448180958499,0.0,0.9,0.2599431818181818,0.13157894736842105,0.0,0.9366602685342303,0.16294798700908503,0.3333333333333333,0.9999999998579546,0.05397727271960551,0.686079545357091,0.9491602427110692,0.1661134991469457,0.16156790101725907
-0.29999999999999993,-0.09999999999999998,12069.5703125,74.82072448730469,2.4323389742548485,0.0,0.9,0.43892045454545453,0.2,0.0,0.9291139238154141,0.34568735769333897,0.3333333333333333,0.9999999998579546,0.049715909083847175,0.7386363635314437,0.7969031293739679,0.2024267082589425,-0.019316346283066235
-0.19999999999999996,-0.09999999999999998,11754.65234375,73.05650329589844,1.5805658608580206,0.0,0.9,0.6661931818181818,1.0,0.0,0.9999999995744681,0.5701533951893422,1.0,0.9999999998579546,0.008522727271516659,0.8664772726041936,0.522705627467562,0.2091107148268808,-0.2091107148268808
-0.09999999999999998,-0.09999999999999998,11557.8857421875,71.94548034667969,0.8442167346241223,0.0,0.9,0.9659090909090909,1.0,0.0,0.9999999958333333,0.9457589997382759,1.0,0.9999999998579546,0.025568181814549975,0.9957386362221963,0.17783677354834673,0.3029224078843073,-0.3027705909653233
0.0,-0.09999999999999998,11489.01953125,71.51832580566406,0.6608764685892695,0.0,0.9,0.984375,1.0,0.0,0.9999999909090911,0.9760049790029584,1.0,0.9999999998579546,0.3607954544942052,0.9999999998579546,0.06341613623753146,0.15330807344614536,-0.15330807344614536
0.10000000000000009,-0.09999999999999998,11549.525390625,71.78734588623047,0.7747114067741413,0.0,0.9,0.9446022727272727,1.0,0.0,0.9999999974358974,0.9177663208587551,1.0,0.9999999998579546,0.37073863631097465,0.9957386362221963,0.11820885297897218,0.1496452466170869,-0.1496452466170869
0.20000000000000018,-0.09999999999999998,11738.8212890625,72.7447509765625,1.3049256682975618,0.0,0.9,0.6917613636363636,0.8796992481203008,0.0,0.9262672806791395,0.6308680290558011,0.8189349112426036,0.9999999998579546,0.18892045451861927,0.978693181679163,0.4236354126870668,0.03842304426815035,-0.008374116309652523
0.30000000000000004,-0.09999999999999998,12047.8037109375,74.36377716064453,2.240290718953262,0.0,0.9,0.4616477272727273,0.8235294117647058,0.0,0.9604221633349809,0.33161765477335725,0.7573529411764706,0.9999999998579546,0.12073863634648599,0.8593749998779298,0.730772327966682,0.1398073256903336,0.1398073256903336
0.40000000000000013,-0.09999999999999998,12465.134765625,76.60218048095703,3.4579743374395466,0.0,0.9,0.2713068181818182,0.6176470588235294,0.0,0.9493177386063709,0.1699902800052889,0.3677114523970508,0.9999999998579546,0.0965909090771888,0.7599431817102353,0.9894837701413524,0.33838419861935704,0.33838419861935704
0.5,-0.09999999999999998,12977.65625,79.40718078613281,4.868651302466385,0.0,0.9,0.15198863636363635,0.25274725274725274,0.0,0.8860971522803858,0.08600393174976849,0.12451963241436927,0.9999999998579546,0.12926136361800267,0.6392045453637494,1.1914235605406076,0.4853728514175252,0.4853728514175252
0.6000000000000001,-0.09999999999999998,13573.1748046875,82.72075653076172,6.3785234651707166,0.0,0.9,0.11789772727272728,0.13450292397660818,0.0,0.7616747180738044,0.06488418341334172,0.2192910108958838,0.9999999998579546,0.24289772723822475,0.5198863635625162,1.3387504896269657,0.5764726724961776,0.5764726724961776
0.7000000000000002,-0.09999999999999998,14241.8857421875,86.48397064208984,7.9073997992471385,0.0,0.9,0.08238636363636363,0.07659574468085106,0.0,0.6640866872037018,0.05347286412819436,0.06558441558441559,0.9999999998579546,0.33380681813440244,0.46590909084291066,1.4623533541240423,0.657464212354576,0.657464212354576
0.8,-0.09999999999999998,14974.6044921875,90.64041137695312,9.425858758720665,0.0,0.9,0.06960227272727272,0.045307443365695796,0.0,0.5496183205267758,0.04364973692174985,0.014825611481008727,0.9999999998579546,0.4389204544831079,0.457386363571394,1.5808218541479473,0.7385341099295115,0.7385341099295115
0.9000000000000001,-0.09999999999999998,15761.5322265625,95.13812255859375,11.930879224339975,0.0,0.9,0.0625,0.06133333333333333,0.0,0.4666666665959596,0.024398945824030713,0.023509243997988802,0.9999999998579546,0.5326704544697911,0.41193181812330515,1.6489419484714563,0.748950243851541,0.748950243851541
1.0,-0.09999999999999998,16595.001953125,99.9306411743164,inf,0.0,0.9,0.036931818181818184,0.03728070175438596,0.0,0.3525073745792762,0.011180848687383473,0.011317291214746398,0.9999999998579546,0.6477272726352661,0.3664772726752163,1.7510560003065958,0.7494107940929853,0.7494107940929853
-1.0,0.0,16586.826171875,100.7414779663086,inf,0.0,0.9,0.02130681818181818,0.031982942430703626,0.0,0.3410740202698006,0.0036363636363636364,0.004032258064516129,0.9999999998579546,0.6661931817235521,0.15482954543255262,1.7958134698282142,0.7798917340647857,0.7798917340647857
-0.9,0.0,15750.119140625,95.8763198852539,inf,0.0,0.9,0.02556818181818182,0.036855036855036855,0.0,0.42857142850895463,0.004771509015106395,0.004405286343612335,0.9999999998579546,0.57812499991788,0.1448863636157832,1.7296194266349845,0.796356840649848,0.796356840649848
-0.8,0.0,14959.40234375,91.29605865478516,inf,0.0,0.9,0.024147727272727272,0.05102040816326531,0.0,0.5938864627956497,0.004932470064049011,0.006229235880398671,0.9999999998579546,0.41761363630431625,0.16193181815881652,1.6320610981650494,0.7442275675685388,0.7442275675685388
-0.7,0.0,14222.857421875,87.04611206054688,inf,0.0,0.9,0.03409090909090909,0.11643835616438356,0.0,0.8102941175278979,0.008497264052819609,0.01656649135987979,0.9999999998579546,0.20738636360690535,0.21164772724266367,1.4543961063145172,0.6142897243680048,0.6125309104561176
-0.6,0.0,13549.0625,83.17759704589844,5.884255615840486,0.0,0.9,0.04971590909090909,0.1595744680851064,0.0,0.8819133033061416,0.021076989540504652,0.12108262108262108,0.9999999998579546,0.133522727253761,0.3565340908584469,1.3086661214354218,0.5082109357384078,0.5082109357384078
-0.5,0.0,12946.853515625,79.74656677246094,4.267599197085103,0.0,0.9,0.09659090909090909,0.125,0.0,0.8899371067783118,0.06310672458684345,0.22142857142857145,0.9999999998579546,0.11363636362022211,0.5411931817413078,1.1557897464273141,0.37891169396461377,0.37891169396461377
-0.3999999999999999,0.0,12428.1904296875,76.81217956542969,3.164685480651741,0.0,0.9,0.26704545454545453,0.11475409836065574,0.0,0.8953488370357852,0.23581098402247802,0.4,0.9999999998579546,0.08664772726041936,0.6661931817235521,0.9861980946738305,0.17071014659588019,0.156389531038314
-0.29999999999999993,0.0,12004.7216796875,74.4337158203125,2.3281564067385507,0.0,0.9,0.43607954545454547,0.1956521739130435,0.0,0.9068010073282616,0.36101966712596745,0.3333333333333333,0.9999999998579546,0.06534090908162772,0.7286931817146743,0.8090590993097935,0.20121535707086322,-0.029973820802616236
-0.19999999999999996,0.0,11687.740234375,72.66622161865234,1.5608878535642665,0.0,0.9,0.6576704545454546,1.0,0.0,0.9999999995850622,0.5524547710753468,1.0,0.9999999998579546,0.04403409090283607,0.889204545328238,0.5451612981397808,0.21464143603945796,-0.21464143603945796
-0.09999999999999998,0.0,11489.822265625,71.55531311035156,0.8177660087456287,0.0,0.9,0.9928977272727273,1.0,0.0,0.9999999800000003,0.9887999590142225,1.0,0.9999999998579546,0.05965909090061661,0.9999999998579546,0.1680202303558025,0.33029470743210476,-0.33029470743210476
0.0,0.0,11420.2177734375,71.1319808959961,0.5800567433336988,0.0,0.9,1.0,1.0,0.0,0.0,1.0,1.0,0.9999999998579546,0.5482954544675717,0.9999999998579546,0.01577264683326126,0.10742242993910364,-0.10742242993910364
0.10000000000000009,0.0,11482.4970703125,71.40855407714844,0.6832806676823728,0.0,0.9,0.9758522727272727,1.0,0.0,0.9999999941176471,0.962721518326793,1.0,0.9999999998579546,0.5312499999245384,0.9999999998579546,0.0597124406905955,0.11347688560557181,-0.11347688560557181
0.20000000000000018,0.0,11673.521484375,72.37691497802734,1.1101237326184263,0.0,0.9,0.8011363636363636,0.9818181818181818,0.0,0.978571427872449,0.7401736651113603,0.9137443438914027,0.9999999998579546,0.2343749999667081,0.9900568180411852,0.3048450733937011,0.0747951123262617,-0.07377211396465522
0.30000000000000004,0.0,11985.4697265625,74.00977325439453,1.9403916746083336,0.0,0.9,0.546875,0.8461538461538461,0.0,0.9686520373139021,0.41136065051505505,0.7779090909090909,0.9999999998579546,0.09232954544143046,0.8934659089639964,0.6294967396067039,0.06568986600834927,0.047998458190727504
0.40000000000000013,0.0,12404.953125,76.2641372680664,3.4887146199123866,0.0,0.9,0.24289772727272727,0.543859649122807,0.0,0.9512195120166568,0.14504802181429036,0.3665445665445665,0.9999999998579546,0.08096590907940826,0.7258522726241687,0.9987649879597614,0.34658172282568395,0.34658172282568395
0.5,0.0,12920.666015625,79.08651733398438,5.129824244941273,0.0,0.9,0.1434659090909091,0.3,0.0,0.9071310114581873,0.06954152214432824,0.22054059408248167,0.9999999998579546,0.11363636362022211,0.5738636362821217,1.19760195172975,0.4935947456854889,0.4935947456854889
0.6000000000000001,0.0,13519.6806640625,82.41813659667969,6.519582385702328,0.0,0.9,0.10369318181818182,0.16463414634146342,0.0,0.7828843104939962,0.04917909646136891,0.09661861296242634,0.9999999998579546,0.23295454542145533,0.5298295453792856,1.343625141248136,0.594711722244309,0.594711722244309
0.7000000000000002,0.0,14191.212890625,86.19950866699219,7.879420859057933,0.0,0.9,0.07244318181818182,0.0944206008583691,0.0,0.6768759570173237,0.04348045441428969,0.04354657687991021,0.9999999998579546,0.3309659090438969,0.5198863635625162,1.4757722947469443,0.6772327091807421,0.6772327091807421
0.8,0.0,14926.2607421875,90.3737564086914,9.71326220958802,0.0,0.9,0.061079545454545456,0.04950495049504951,0.0,0.5642965203382305,0.0289738200028888,0.013476347634763474,0.9999999998579546,0.43039772721159125,0.49573863629321896,1.5888021196037485,0.7337249231388656,0.7337249231388656
0.9000000000000001,0.0,15715.63671875,94.88861083984375,inf,0.0,0.9,0.052556818181818184,0.06149732620320856,0.0,0.47376311836975066,0.01869696802893798,0.02088688745035494,0.9999999998579546,0.5312499999245384,0.4048295453970413,1.6527489095566616,0.7252066224927279,0.7252066224927279
1.0,0.0,16551.748046875,99.69744873046875,inf,0.0,0.9,0.04403409090909091,0.04523809523809524,0.0,0.40416047542285877,0.014809632613817429,0.01537432591843613,0.9999999998579546,0.5965909090061661,0.34659090904167744,1.7165171000867092,0.7523020868884762,0.7523020868884762
-1.0,0.10000000000000009,16624.240234375,100.91747283935547,inf,0.0,0.9,0.018465909090909092,0.024539877300613498,0.0,0.30969609257457364,0.003051643192488263,0.0030534351145038168,0.9999999998579546,0.6946022726286076,0.11363636362022211,1.8181774641685617,0.7398100337264966,0.7398100337264966
-0.9,0.10000000000000009,15790.380859375,96.06607055664062,inf,0.0,0.9,0.02130681818181818,0.029545454545454545,0.0,0.3802612481305862,0.0037231968810916183,0.0034805890227576973,0.9999999998579546,0.6249999999112216,0.13494318179901377,1.7659079120442076,0.7686335715533763,0.7686335715533763
-0.8,0.10000000000000009,15003.013671875,91.50042724609375,inf,0.0,0.9,0.02556818181818182,0.04076086956521739,0.0,0.48542274045402,0.0047171393884690134,0.0051055139550714775,0.9999999998579546,0.5227272726530218,0.133522727253761,1.684728506498089,0.7754241268798505,0.7754241268798505
-0.7,0.10000000000000009,14269.95703125,87.26582336425781,inf,0.0,0.9,0.028409090909090908,0.05514705882352941,0.0,0.6242690057566859,0.009113382779814161,0.00641025641025641,0.9999999998579546,0.3863636363087552,0.19602272724488315,1.5757821848689326,0.7058298649952859,0.7058298649952859
-0.6,0.10000000000000009,13599.4736328125,83.41314697265625,7.3888826132010985,0.0,0.9,0.041193181818181816,0.11320754716981132,0.0,0.7911111109939095,0.017825713435861108,0.029166666666666664,0.9999999998579546,0.22585227269519145,0.29261363632207193,1.3924305833364787,0.5692058413353951,0.5692058413353951
-0.5,0.10000000000000009,12999.501953125,79.99810028076172,4.916528353644686,0.0,0.9,0.11363636363636363,0.13043478260869565,0.0,0.8397435896090155,0.08647855731190715,0.09431818181818181,0.9999999998579546,0.1633522727040693,0.4502840908451301,1.212650508116006,0.41073339526137265,0.398564749267475
-0.3999999999999999,0.10000000000000009,12483.1689453125,77.07940673828125,3.3201937807128603,0.0,0.9,0.2571022727272727,0.16666666666666666,0.0,0.9043977053720081,0.1965574543918093,0.4,0.9999999998579546,0.08522727271516659,0.5894886362799022,1.0038718380020237,0.19195265287131108,0.17857560383071236
-0.29999999999999993,0.10000000000000009,12062.0390625,74.71569061279297,2.3458841717473997,0.0,0.9,0.3806818181818182,0.32,0.0,0.9610091740915117,0.27825001391621895,0.7,0.9999999998579546,0.03551136363131941,0.6803977271760799,0.81155429358395,0.1234163541168621,0.03351637904576926
-0.19999999999999996,0.10000000000000009,11747.4931640625,72.96135711669922,1.665099410612078,0.0,0.9,0.5980113636363636,1.0,0.0,0.999999999646643,0.44559993932804554,1.0,0.9999999998579546,0.05397727271960551,0.8565340907874242,0.5710200026832256,0.15978364574809892,-0.15978364574809892
-0.09999999999999998,0.10000000000000009,11551.62109375,71.86134338378906,0.9851261721265996,0.0,0.9,0.96875,1.0,0.0,0.9999999954545454,0.9499778623550713,1.0,0.9999999998579546,0.09374999998668325,0.9943181816769435,0.2540605459816116,0.3807311267972004,-0.3807311267972004
0.0,0.10000000000000009,11483.673828125,71.44607543945312,0.6454474271271387,0.0,0.9,0.9971590909090909,1.0,0.0,0.9999999500000026,0.9956284153005465,1.0,0.9999999998579546,0.25852272723600533,0.9999999998579546,0.04924200191783854,0.16973537899649335,-0.16973537899649335
0.10000000000000009,0.10000000000000009,11546.125,71.72750854492188,0.7308228491321624,0.0,0.9,0.9502840909090909,0.9936908517350158,0.0,0.9428571401632653,0.9316805784383604,0.9922524565381708,0.9999999998579546,0.4502840908451301,0.9999999998579546,0.09524960016540547,0.12306361179131635,-0.12306361179131635
0.20000000000000018,0.10000000000000009,11735.634765625,72.69749450683594,1.138057053580377,0.0,0.9,0.8082386363636364,0.9680851063829787,0.0,0.9555555548477367,0.7502378406662821,0.9641025641025642,0.9999999998579546,0.267045454507522,0.9886363634959324,0.2962497435971478,0.0826385830919259,-0.07763985709697435
0.30000000000000004,0.10000000000000009,12044.55078125,74.32893371582031,2.0466474867208184,0.0,0.9,0.5227272727272727,0.8611111111111112,0.0,0.9702380949493339,0.4495770766351832,0.6011904761904762,0.9999999998579546,0.1022727272581999,0.8764204544209631,0.6615508406020467,0.0965288332293966,0.08178212232923253
0.40000000000000013,0.10000000000000009,12461.3037109375,76.57926940917969,3.8258543316953917,0.0,0.9,0.27698863636363635,0.5,0.0,0.9233791746712418,0.1685298666812954,0.30869963369963366,0.9999999998579546,0.11079545452971656,0.660511363542541,1.000575038729642,0.33994338299296145,0.33994338299296145
0.5,0.10000000000000009,12974.455078125,79.39556121826172,5.309904310331881,0.0,0.9,0.171875,0.3974358974358974,0.0,0.9193825041304662,0.08300708942404397,0.14733287545787546,0.9999999998579546,0.11079545452971656,0.6022727271871772,1.1697394532087064,0.46544301220811213,0.46544301220811213
0.6000000000000001,0.10000000000000009,13570.72265625,82.71961212158203,6.9081323602528855,0.0,0.9,0.13210227272727273,0.20422535211267606,0.0,0.8150572830089923,0.05229201698411712,0.06264058175822881,0.9999999998579546,0.20170454542589425,0.52698863628878,1.3108402037242557,0.5560710976177998,0.5560710976177998
0.7000000000000002,0.10000000000000009,14239.201171875,86.4924545288086,8.483064227579833,0.0,0.9,0.109375,0.1963470319634703,0.0,0.7192982454993145,0.03845451241769752,0.06764739229024944,0.9999999998579546,0.31107954541035804,0.5127840908362523,1.4162728820874826,0.6449114126379468,0.6449114126379468
0.8,0.10000000000000009,14970.5947265625,90.65764617919922,10.151926208452172,0.0,0.9,0.09517045454545454,0.09310344827586207,0.0,0.5871271584635593,0.03406823022088264,0.03388050108932462,0.9999999998579546,0.41193181812330515,0.4943181817479662,1.529028704481888,0.7068204862492098,0.7068204862492098
0.9000000000000001,0.10000000000000009,15757.224609375,95.16326904296875,inf,0.0,0.9,0.07528409090909091,0.07492795389048991,0.0,0.5069124423184467,0.02744679778690999,0.023525041050903122,0.9999999998579546,0.4928977272027134,0.4502840908451301,1.5885351115828017,0.7188731952874865,0.7188731952874865
1.0,0.10000000000000009,16590.6328125,99.96294403076172,inf,0.0,0.9,0.041193181818181816,0.04909560723514212,0.0,0.45481481474743485,0.012286572212247203,0.012211261316120652,0.9999999998579546,0.5497159090128245,0.38778409085400795,1.7007282285989533,0.7507500887867788,0.7507500887867788
-1.0,0.20000000000000018,16742.77734375,101.5840072631836,inf,0.0,0.9,0.022727272727272728,0.027944111776447105,0.0,0.2921511627482339,0.004512650635009525,0.003369434416365824,0.9999999998579546,0.7116477271716409,0.10511363634870545,1.8277052110333456,0.6475860054607596,0.6475860054607596
-0.9,0.20000000000000018,15916.35546875,96.7710952758789,inf,0.0,0.9,0.024147727272727272,0.03253796095444685,0.0,0.35080058219056764,0.003984143180512063,0.0038461538461538464,0.9999999998579546,0.6548295453615299,0.11221590907496934,1.7770947144568612,0.7143395478264625,0.7143395478264625
-0.8,0.20000000000000018,15137.5693359375,92.24568939208984,inf,0.0,0.9,0.018465909090909092,0.033766233766233764,0.0,0.46164978285649066,0.0030092592592592593,0.003790087463556851,0.9999999998579546,0.5468749999223189,0.14630681816103597,1.7122203096898385,0.7429509029165513,0.7429509029165513
-0.7,0.20000000000000018,14413.1484375,88.05255126953125,inf,0.0,0.9,0.02556818181818182,0.03492063492063492,0.0,0.5568513118721792,0.012126515004212846,0.004129129129129129,0.9999999998579546,0.44744318175462455,0.17187499997558595,1.6109792101351699,0.7252208304653215,0.7252208304653215
-0.6,0.20000000000000018,13750.791015625,84.24177551269531,9.409428164165666,0.0,0.9,0.046875,0.06451612903225806,0.0,0.697466467854327,0.02864103014735321,0.007399577167019028,0.9999999998579546,0.3082386363198525,0.25852272723600533,1.4570445111312,0.6100116463849181,0.6100116463849181
-0.5,0.20000000000000018,13160.361328125,80.86785125732422,6.061150105601428,0.0,0.9,0.13210227272727273,0.14414414414414414,0.0,0.844517184804498,0.08452538501508546,0.016931216931216932,0.9999999998579546,0.1576704545230582,0.35937499994895244,1.2350338653276896,0.404151634625327,0.404151634625327
-0.3999999999999999,0.20000000000000018,12652.80859375,77.98802185058594,3.895807599283996,0.0,0.9,0.26704545454545453,0.29411764705882354,0.0,0.9302325579592573,0.19552910165322104,0.2631578947368421,0.9999999998579546,0.0724431818078916,0.5198863635625162,1.0400196213980557,0.24667917057541527,0.2196879210222607
-0.29999999999999993,0.20000000000000018,12239.5498046875,75.65914154052734,2.600033042852816,0.0,0.9,0.3835227272727273,1.0,0.0,0.9999999997695852,0.27911402586591294,1.0,0.9999999998579546,0.029829545450308304,0.6022727271871772,0.8052811716446484,0.055492060981341504,0.05341691788765392
-0.19999999999999996,0.20000000000000018,11932.599609375,73.93365478515625,1.9414031762581845,0.0,0.9,0.4971590909090909,1.0,0.0,0.9999999997175141,0.3599668761292756,1.0,0.9999999998579546,0.0667613636268805,0.7542613635292242,0.6282991456551716,0.10183020422229307,-0.07566800774285284
-0.09999999999999998,0.20000000000000018,11742.421875,72.85472869873047,1.3231628362704468,0.0,0.9,0.7173295454545454,1.0,0.0,0.9999999994974874,0.5826607396658426,1.0,0.9999999998579546,0.1022727272581999,0.9573863635003713,0.4212315426460103,0.20397240583491544,-0.20397240583491544
0.0,0.20000000000000018,11676.197265625,72.4513931274414,0.9416269574393582,0.0,0.9,0.875,1.0,0.0,0.9999999988636364,0.8371149198287233,1.0,0.9999999998579546,0.18181818179235537,0.9985795453127018,0.24290389959457387,0.2009703569528284,-0.2009703569528284
0.10000000000000009,0.20000000000000018,11736.8486328125,72.73495483398438,1.0173689359596543,0.0,0.9,0.8252840909090909,0.9361702127659575,0.0,0.9024390236565537,0.799051206909646,0.8627272727272728,0.9999999998579546,0.267045454507522,0.997159090767449,0.2817275327632923,0.09027341648205504,-0.0739463501360989
0.20000000000000018,0.20000000000000018,11921.75390625,73.69742584228516,1.3449290543446946,0.0,0.9,0.75,0.9030303030303031,0.0,0.9090909085743802,0.6921430752862502,0.8173504273504274,0.9999999998579546,0.2343749999667081,0.9644886362266352,0.3952514073950353,0.07186854383159144,-0.05248640866804985
0.30000000000000004,0.20000000000000018,12223.5625,75.31262969970703,2.3367076791397827,0.0,0.9,0.4659090909090909,0.863013698630137,0.0,0.9734042550602647,0.3557274380951346,0.5507122507122507,0.9999999998579546,0.10369318180345267,0.8153409089750937,0.7146636155303067,0.1323427537513631,0.1323427537513631
0.40000000000000013,0.20000000000000018,12632.451171875,77.53955841064453,4.2182443625437145,0.0,0.9,0.2713068181818182,0.4725274725274725,0.0,0.9064327483613193,0.19337898234345155,0.2659763313609468,0.9999999998579546,0.12926136361800267,0.6448863635447605,1.0255673118006288,0.36422713722318545,0.35871752605934115
0.5,0.20000000000000018,13136.275390625,80.3270263671875,6.24525081852462,0.0,0.9,0.14772727272727273,0.36792452830188677,0.0,0.8883333331852779,0.05555038356886615,0.12253122945430638,0.9999999998579546,0.1505681817967943,0.5568181817390884,1.2515418198917192,0.5172652759052859,0.5172652759052859
0.6000000000000001,0.20000000000000018,13723.845703125,83.61863708496094,8.14758323718539,0.0,0.9,0.13920454545454544,0.2976190476190476,0.0,0.8052805279199208,0.050699294356529784,0.10573435458711138,0.9999999998579546,0.23863636360246643,0.5056818181099884,1.3250792197117307,0.5792562763295063,0.5788169155963822
0.7000000000000002,0.20000000000000018,14384.689453125,87.35700225830078,10.594908878070076,0.0,0.9,0.1278409090909091,0.2078853046594982,0.0,0.6400651464755595,0.03487571060419375,0.06830152966893954,0.9999999998579546,0.3963068181255246,0.4857954544764495,1.4647718640888914,0.672391945845868,0.672391945845868
0.8,0.20000000000000018,15107.9599609375,91.48698425292969,inf,0.0,0.9,0.11789772727272728,0.1415929203539823,0.0,0.5314009660980031,0.031382577463399494,0.032981551458384405,0.9999999998579546,0.4815340908406912,0.46590909084291066,1.5282179619024996,0.7122927164667281,0.7122927164667281
0.9000000000000001,0.20000000000000018,15886.1337890625,95.95762634277344,inf,0.0,0.9,0.09943181818181818,0.10662824207492795,0.0,0.5110410093831166,0.03188708462970066,0.0328353109892668,0.9999999998579546,0.4928977272027134,0.43749999993785516,1.5674692975736322,0.7323926048893437,0.7323926048893437
1.0,0.20000000000000018,16711.83203125,100.72323608398438,inf,0.0,0.9,0.06534090909090909,0.07948717948717948,0.0,0.4544072947637679,0.02311621079014711,0.026620567375886525,0.9999999998579546,0.5539772726485828,0.4161931817590635,1.6556537348552962,0.7467568949071588,0.7467568949071588
-1.0,0.30000000000000004,16941.953125,102.73153686523438,inf,0.0,0.9,0.024147727272727272,0.030592734225621414,0.0,0.26200873358631604,0.004544039838157486,0.003690888119953864,0.9999999998579546,0.742897727167202,0.1264204545274971,1.83149942027905,0.5198371378824529,0.5198371378824529
-0.9,0.30000000000000004,16127.318359375,97.98025512695312,inf,0.0,0.9,0.02130681818181818,0.032188841201716736,0.0,0.34542815669877674,0.0031847133757961785,0.003597122302158273,0.9999999998579546,0.6619318180877938,0.12215909089173878,1.78652171285477,0.6586405459321406,0.6586405459321406
-0.8,0.30000000000000004,15361.390625,93.51891326904297,inf,0.0,0.9,0.022727272727272728,0.03740648379052369,0.0,0.4389534883082917,0.0034972677595628415,0.0037037037037037034,0.9999999998579546,0.5696022726463633,0.12926136361800267,1.7061844800012724,0.7015639331420389,0.7015639331420389
-0.7,0.30000000000000004,14649.77734375,89.39132690429688,inf,0.0,0.9,0.04261363636363636,0.038922155688622756,0.0,0.5237388723258548,0.027976772097249174,0.004,0.9999999998579546,0.4744318181144273,0.1747159090660915,1.6032368241019743,0.6819719827017183,0.6819719827017183
-0.6,0.30000000000000004,14000.818359375,85.64618682861328,11.905065168178163,0.0,0.9,0.07954545454545454,0.05514705882352941,0.0,0.6033950616352786,0.04858050747587326,0.005244755244755244,0.9999999998579546,0.3863636363087552,0.25852272723600533,1.4656936679629209,0.5951524987200959,0.5951524987200959
-0.5,0.30000000000000004,13424.296875,82.33612060546875,8.041755256372005,0.0,0.9,0.17045454545454544,0.0755813953488372,0.0,0.7277397259027844,0.11087752400758571,0.007295173961840628,0.9999999998579546,0.24431818178347756,0.32244318177238024,1.2915517032554267,0.4462662974818733,0.4373450358728719
-0.3999999999999999,0.30000000000000004,12930.0966796875,79.51593017578125,4.9619678999900785,0.0,0.9,0.2599431818181818,0.17777777777777778,0.0,0.8579654508909855,0.1703485795101703,0.01839080459770115,0.9999999998579546,0.12784090907274986,0.41903409084956905,1.0770288893084967,0.2733599551092018,0.2733599551092018
-0.29999999999999993,0.30000000000000004,12529.9716796875,77.23963928222656,3.422037223570858,0.0,0.9,0.359375,0.9722222222222222,0.0,0.9977827048785404,0.25640805498731195,0.823529411764706,0.9999999998579546,0.05113636362909995,0.5482954544675717,0.9020913194176837,0.17729565647295573,0.1613517833823754
-0.19999999999999996,0.30000000000000004,12234.33203125,75.5567626953125,2.4559803652738914,0.0,0.9,0.44176136363636365,1.0,0.0,0.999999999745547,0.3434017926883216,1.0,0.9999999998579546,0.0667613636268805,0.642045454454255,0.7239102895628903,0.08676091496591626,0.01822713808180161
-0.09999999999999998,0.30000000000000004,12051.65234375,74.50772857666016,1.796410511765281,0.0,0.9,0.5113636363636364,1.0,0.0,0.9999999997093023,0.3915080673369801,1.0,0.9999999998579546,0.09090909089617769,0.8380681816991381,0.600727574561248,0.04795231753351751,0.009692379518863498
0.0,0.30000000000000004,11988.9365234375,74.11957550048828,1.483029124476097,0.0,0.9,0.6505681818181818,0.9797979797979798,0.0,0.9918699182959878,0.5702550656635755,0.7750677506775068,0.9999999998579546,0.14062499998002487,0.927556818050063,0.507841867450249,0.09897687257812605,-0.0262529081517378
0.10000000000000009,0.30000000000000004,12047.2783203125,74.40267944335938,1.600166804765385,0.0,0.9,0.625,0.6835443037974683,0.0,0.8106060602990128,0.5406559421842906,0.6996527777777778,0.9999999998579546,0.22443181814993868,0.9588068180456241,0.5463173641225751,0.0951306479420235,0.056560146030498214
0.20000000000000018,0.30000000000000004,12224.970703125,75.34941864013672,1.7437135472868472,0.0,0.9,0.6207386363636364,0.7682119205298014,0.0,0.8689138573524666,0.5262964058366136,0.7512582932967286,0.9999999998579546,0.21448863633316922,0.9090909089617769,0.5689181569099782,0.10140462869645908,0.03315839343123249
0.30000000000000004,0.30000000000000004,12517.0859375,76.93516540527344,2.5816993045190646,0.0,0.9,0.3991477272727273,0.875,0.0,0.9763593378306479,0.28341493152269615,0.592809364548495,0.9999999998579546,0.11363636362022211,0.7698863635270048,0.7694459279944875,0.1943805021729233,0.1942908946428974
0.40000000000000013,0.30000000000000004,12913.6005859375,79.12132263183594,4.55799917932503,0.0,0.9,0.25426136363636365,0.47474747474747475,0.0,0.900952380780771,0.16503411578801,0.18787545787545787,0.9999999998579546,0.14062499998002487,0.642045454454255,1.0438943480575502,0.36842265392430074,0.36842265392430074
0.5,0.30000000000000004,13403.3046875,81.8595199584961,7.0245314306280395,0.0,0.9,0.1434659090909091,0.25,0.0,0.8009950247427869,0.06078309566592761,0.16920550713654162,0.9999999998579546,0.22727272724044423,0.534090909015044,1.2955213950064859,0.5565529760502494,0.5565529760502494
0.6000000000000001,0.30000000000000004,13977.2802734375,85.09616088867188,9.628567868178237,0.0,0.9,0.11505681818181818,0.1946564885496183,0.0,0.6613162117718594,0.03985065662619635,0.06855159771695205,0.9999999998579546,0.3721590908562274,0.4999999999289773,1.4434787582481765,0.6610691731285447,0.6610691731285447
0.7000000000000002,0.30000000000000004,14624.8642578125,88.77637481689453,12.297508561438887,0.0,0.9,0.11079545454545454,0.1757188498402556,0.0,0.5878594248262206,0.030407839753936527,0.06444334433443344,0.9999999998579546,0.444602272664119,0.46164772720715236,1.5088433129562169,0.69902618941699,0.69902618941699
0.8,0.30000000000000004,15335.509765625,92.84709167480469,inf,0.0,0.9,0.11221590909090909,0.1631578947368421,0.0,0.491199999921408,0.026996245568333275,0.05085573942009585,0.9999999998579546,0.5397727271960551,0.47301136356917456,1.5549273747600743,0.7318980492334779,0.7318980492334779
0.9000000000000001,0.30000000000000004,16100.869140625,97.2589111328125,inf,0.0,0.9,0.09659090909090909,0.13317757009345793,0.0,0.41666666660115304,0.025383946702029783,0.03522071329780609,0.9999999998579546,0.6079545453681883,0.4389204544831079,1.62365808870536,0.7765937111397742,0.7765937111397742
1.0,0.30000000000000004,16914.80078125,101.96721649169922,inf,0.0,0.9,0.08238636363636363,0.10328638497652583,0.0,0.4086687305868934,0.02520951990714188,0.030743274777381598,0.9999999998579546,0.6051136362776828,0.4218749999400746,1.647784475269784,0.7772315622026384,0.7772315622026384
-1.0,0.40000000000000013,17219.5703125,104.34419250488281,inf,0.0,0.9,0.022727272727272728,0.02727272727272727,0.0,0.22238372089790936,0.005342730228777145,0.0034512471655328797,0.9999999998579546,0.781249999889027,0.14630681816103597,1.8482071891143748,0.5004560007020271,0.5004560007020271
-0.9,0.40000000000000013,16420.732421875,99.67515563964844,inf,0.0,0.9,0.028409090909090908,0.03278688524590164,0.0,0.3099415204225232,0.013470584979799657,0.025474254742547425,0.9999999998579546,0.6931818180833549,0.14346590907053042,1.7917120738786012,0.5651641088966453,0.5651641088966453
-0.8,0.40000000000000013,15670.875,95.298828125,inf,0.0,0.9,0.03835227272727273,0.03636363636363636,0.0,0.37370753317965916,0.018268942797244683,0.02026378896882494,0.9999999998579546,0.6249999999112216,0.13636363634426654,1.7135798647282914,0.6529260928151814,0.6529260928151814
-0.7,0.40000000000000013,14976.2763671875,91.25770568847656,inf,0.0,0.9,0.05965909090909091,0.03759398496240601,0.0,0.41993957697583995,0.030726733792079877,0.006641123882503193,0.9999999998579546,0.5667613635558578,0.16477272724932207,1.6304493136871594,0.6526810420970341,0.6526810420970341
-0.6,0.40000000000000013,14344.98046875,87.59854888916016,14.845985537727147,0.0,0.9,0.08948863636363637,0.04823151125401929,0.0,0.5382215287771885,0.05118179521130946,0.0047877433769549956,0.9999999998579546,0.44176136357361345,0.24857954541923588,1.5032795015501983,0.6282628205653353,0.6252941336670181
-0.5,0.40000000000000013,13785.26171875,84.37147521972656,10.134609390372292,0.0,0.9,0.1846590909090909,0.07207207207207207,0.0,0.6411149824667047,0.1102035699950259,0.08262108262108261,0.9999999998579546,0.3153409090461164,0.32386363631763304,1.3396294222485963,0.5030850685450838,0.48776670964966096
-0.3999999999999999,0.40000000000000013,13308.408203125,81.62808990478516,6.807756708852159,0.0,0.9,0.2571022727272727,0.15822784810126583,0.0,0.7456978966069412,0.15286406000662675,0.23975294778214484,0.9999999998579546,0.22443181814993868,0.3920454544897663,1.1700987887398244,0.387459170362288,0.3796481527379277
-0.29999999999999993,0.40000000000000013,12924.28515625,79.41888427734375,4.7347297671515385,0.0,0.9,0.3252840909090909,0.4125,0.0,0.9010526313892521,0.22121132286057144,0.402974802974803,0.9999999998579546,0.11363636362022211,0.49573863629321896,1.013591539929916,0.29133103864581317,0.28174115041809833
-0.19999999999999996,0.40000000000000013,12641.6953125,77.78961944580078,3.273614571895308,0.0,0.9,0.375,0.9423076923076923,0.0,0.993181817956095,0.26658292876001505,0.6904761904761906,0.9999999998579546,0.07386363635314437,0.5823863635536384,0.8438220904416804,0.15180218737389697,0.1457887789269362
-0.09999999999999998,0.40000000000000013,12467.953125,76.77738952636719,2.4768286609897348,0.0,0.9,0.4133522727272727,1.0,0.0,0.9999999997578692,0.3186275395525537,1.0,0.9999999998579546,0.08948863635092491,0.6974431817191132,0.7909338559070878,0.16284706174208882,0.1553689963077093
0.0,0.40000000000000013,12408.6455078125,76.40681457519531,2.1547642750355624,0.0,0.9,0.4943181818181818,0.8404255319148937,0.0,0.9578651682702626,0.3920605587506233,0.662415458937198,0.9999999998579546,0.133522727253761,0.8409090907896436,0.7160602039538042,0.1559850149031708,0.10864895345110909
0.10000000000000009,0.40000000000000013,12464.916015625,76.68721008300781,2.186103324089957,0.0,0.9,0.5071022727272727,0.6814159292035398,0.0,0.8962536020471891,0.3883589489423643,0.5702233250620348,0.9999999998579546,0.16051136361356375,0.8721590907852047,0.7146674083854878,0.14065110962127184,0.11449907289847538
0.20000000000000018,0.40000000000000013,12635.138671875,77.61146545410156,2.440955475811288,0.0,0.9,0.4772727272727273,0.73,0.0,0.9266304345308068,0.33129815946619595,0.5353614826470845,0.9999999998579546,0.14204545452527764,0.7982954544320603,0.720899422075269,0.11263569933920536,0.11242733368264132
0.30000000000000004,0.40000000000000013,12914.587890625,79.15692138671875,3.2010865353967275,0.0,0.9,0.3693181818181818,0.7021276595744681,0.0,0.936936936725915,0.2549893775527614,0.5337246087246087,0.9999999998579546,0.133522727253761,0.7329545453504326,0.8649653470107568,0.22276803110645207,0.22276803110645207
0.40000000000000013,0.40000000000000013,13295.869140625,81.2879867553711,5.006109322207312,0.0,0.9,0.2556818181818182,0.32231404958677684,0.0,0.843511450220704,0.16837214638988626,0.356859410430839,0.9999999998579546,0.17187499997558595,0.6178977271849577,1.0727117472831291,0.3807820518560152,0.3807820518560152
0.5,0.40000000000000013,13769.587890625,83.9598617553711,7.70984725012033,0.0,0.9,0.1434659090909091,0.18055555555555555,0.0,0.7064676615743836,0.06833078826860994,0.12329446618830182,0.9999999998579546,0.3068181817745997,0.534090909015044,1.336758475999435,0.5843299100585668,0.5843299100585668
0.6000000000000001,0.40000000000000013,14325.8056640625,87.12252807617188,10.61868007716705,0.0,0.9,0.10511363636363637,0.15151515151515152,0.0,0.5555555554673721,0.03295186388942222,0.0644710198201878,0.9999999998579546,0.4687499999334162,0.48295454538594396,1.4994090443685215,0.7022099583100343,0.7022099583100343
0.7000000000000002,0.40000000000000013,14955.63671875,90.724365234375,13.632737122492696,0.0,0.9,0.11363636363636363,0.16022099447513813,0.0,0.5128205127383301,0.03455166784476906,0.06448843268659792,0.9999999998579546,0.5142045453815051,0.44886363629987736,1.5346354747076236,0.7132630003665192,0.7132630003665192
0.8,0.40000000000000013,15649.4609375,94.71495819091797,inf,0.0,0.9,0.109375,0.15346534653465346,0.0,0.4545454544729593,0.031273374369147296,0.059399651611297746,0.9999999998579546,0.5738636362821217,0.45312499993563565,1.570902500162117,0.7092140596099121,0.7092140596099121
0.9000000000000001,0.40000000000000013,16398.880859375,99.04700469970703,inf,0.0,0.9,0.10795454545454546,0.1550925925925926,0.0,0.4187898088505112,0.02690926035070751,0.04354003758259077,0.9999999998579546,0.6136363635491994,0.47727272720493286,1.5924020575519915,0.7226023963262949,0.7226023963262949
1.0,0.40000000000000013,17197.220703125,103.67741394042969,inf,0.0,0.9,0.09659090909090909,0.10583153347732181,0.0,0.3490566037187018,0.026095264361871387,0.028686868686868688,0.9999999998579546,0.6576704544520354,0.444602272664119,1.6534433594718074,0.7141446725813705,0.7141446725813705
-1.0,0.5,17572.412109375,106.4007339477539,inf,0.0,0.9,0.03125,0.023593466424682397,0.0,0.21114369498370328,0.013566195596664806,0.0028909189183403705,0.9999999998579546,0.7826704544342798,0.15340909088729984,1.83890485542048,0.43676276233961264,0.43676276233961264
-0.9,0.5,16792.3359375,101.83147430419922,inf,0.0,0.9,0.04261363636363636,0.029013539651837523,0.0,0.2551928783004165,0.01871673633076213,0.004282296650717703,0.9999999998579546,0.7343749998956854,0.15482954543255262,1.7866338540050837,0.4987135709701085,0.4987135709701085
-0.8,0.5,16062.24609375,97.55762481689453,inf,0.0,0.9,0.05539772727272727,0.03624733475479744,0.0,0.3203007518315337,0.02478836647060946,0.018103092783505154,0.9999999998579546,0.6661931817235521,0.14062499998002487,1.7323569290963226,0.5752328662187216,0.5752328662187216
-0.7,0.5,15388.1015625,93.62000274658203,inf,0.0,0.9,0.05823863636363636,0.02830188679245283,0.0,0.3785822020545125,0.02565968026106452,0.06927639383155397,0.9999999998579546,0.6022727271871772,0.17045454543033317,1.672364450903289,0.6412492398358163,0.6412492398358163
-0.6,0.5,14777.162109375,90.06303405761719,18.35351320401059,0.0,0.9,0.109375,0.04619565217391304,0.0,0.4401913874896027,0.05907990867579909,0.07494588744588745,0.9999999998579546,0.5227272726530218,0.25142045450974143,1.526598748361116,0.5839042155862233,0.5839042155862233
-0.5,0.5,14237.63671875,86.93380737304688,13.416603659991104,0.0,0.9,0.1747159090909091,0.06832298136645963,0.0,0.4836488811559985,0.09481449880389642,0.08137317228226319,0.9999999998579546,0.457386363571394,0.3139204545008636,1.4123253265883533,0.5746803818267925,0.5746803818267925
-0.3999999999999999,0.5,13779.8681640625,84.28028869628906,9.304801552887037,0.0,0.9,0.24431818181818182,0.11462450592885376,0.0,0.5789473683122279,0.13552668152107508,0.15401813773906797,0.9999999998579546,0.35937499994895244,0.3735795454014802,1.2762307840058205,0.4855073625288852,0.4793145199842055
-0.29999999999999993,0.5,13412.384765625,82.14883422851562,6.3650349558550845,0.0,0.9,0.29545454545454547,0.225,0.0,0.7499999998487903,0.1822911599330662,0.13184398298902117,0.9999999998579546,0.22727272724044423,0.4559659090261412,1.1222595998866054,0.3894310967043566,0.3689190425062271
-0.19999999999999996,0.5,13143.34375,80.58110809326172,4.427929989701869,0.0,0.9,0.296875,0.3963963963963964,0.0,0.8646464644717885,0.2034556264919208,0.5044521873790165,0.9999999998579546,0.1576704545230582,0.5213068181077689,0.9956592238060974,0.2853649715889895,0.2853649715889895
-0.09999999999999998,0.5,12978.8037109375,79.61051177978516,3.2970122341054755,0.0,0.9,0.3409090909090909,0.5268817204301075,0.0,0.9051724135980231,0.24920843175425453,0.5016447368421053,0.9999999998579546,0.13210227270850822,0.5710227271916161,0.9250239122823312,0.25762853335692737,0.25359640020281704
0.0,0.5,12923.162109375,79.25904846191406,2.9577284457345177,0.0,0.9,0.3664772727272727,0.6836734693877551,0.0,0.93049327333397,0.2474984654755024,0.6120535714285715,0.9999999998579546,0.1392045454347721,0.6633522726330466,0.8809356323763442,0.24724750747128993,0.2342223553608632
0.10000000000000009,0.5,12977.72265625,79.53492736816406,2.7995200986384514,0.0,0.9,0.37073863636363635,0.6923076923076923,0.0,0.9458239275517327,0.2424885367335894,0.5864825581395349,0.9999999998579546,0.11079545452971656,0.6747159089950688,0.8395511227278589,0.20253506479645944,0.19988268768683165
0.20000000000000018,0.5,13140.439453125,80.43162536621094,3.2217520074128947,0.0,0.9,0.3409090909090909,0.6883116883116883,0.0,0.9482758618645957,0.20903791350919204,0.45698924731182794,0.9999999998579546,0.10937499998446379,0.6832386362665854,0.8770307792042553,0.21293570261038225,0.2120056313419792
0.30000000000000004,0.5,13406.349609375,81.9286880493164,4.306576559623608,0.0,0.9,0.296875,0.3135593220338983,0.0,0.836363636194674,0.19361605570145402,0.36105091159270725,0.9999999998579546,0.16761363633982762,0.6519886362710243,1.0054088009642494,0.3038520631249822,0.3038520631249822
0.40000000000000013,0.5,13769.935546875,83.99388122558594,5.8541572645488325,0.0,0.9,0.24147727272727273,0.25170068027210885,0.0,0.7940074904880137,0.16231202226419575,0.33007936507936503,0.9999999998579546,0.20880681815215812,0.5667613635558578,1.1177285814528657,0.40333765700222823,0.40333765700222823
0.5,0.5,14225.0625,86.58638763427734,8.064134524468006,0.0,0.9,0.14914772727272727,0.18090452261306533,0.0,0.7278797995445944,0.07301119953067371,0.10311957702849542,0.9999999998579546,0.2826704545053025,0.52698863628878,1.3104459866630025,0.5542448177600385,0.5542448177600385
0.6000000000000001,0.5,14762.2265625,89.66023254394531,11.069023725278052,0.0,0.9,0.125,0.14887640449438203,0.0,0.5081168830343966,0.04390739863562509,0.07182063245630609,0.9999999998579546,0.5056818181099884,0.4630681817524051,1.4865441716733583,0.6887400998384431,0.6887400998384431
0.7000000000000002,0.5,15371.263671875,93.16754913330078,inf,0.0,0.9,0.10511363636363637,0.14130434782608695,0.0,0.4984126983335853,0.03238235842013335,0.06738573686417443,0.9999999998579546,0.5227272726530218,0.4346590908473496,1.5366395339133718,0.7152024129165269,0.7152024129165269
0.8,0.5,16044.9423828125,97.06108856201172,inf,0.0,0.9,0.11505681818181818,0.15330188679245282,0.0,0.42375601919361866,0.03703141102202135,0.06275657654541611,0.9999999998579546,0.6022727271871772,0.43749999993785516,1.5781541813747468,0.7072356699410625,0.7072356699410625
0.9000000000000001,0.5,16774.955078125,101.29602813720703,inf,0.0,0.9,0.10511363636363637,0.15178571428571427,0.0,0.3968253967624087,0.029081270376460362,0.05156415779604185,0.9999999998579546,0.6363636362732439,0.45454545448088846,1.6171818112934528,0.6437286596165691,0.6437286596165691
1.0,0.5,17554.974609375,105.83110046386719,inf,0.0,0.9,0.09659090909090909,0.13118279569892474,0.0,0.36477987415648117,0.023528075853063077,0.034103703703703706,0.9999999998579546,0.660511363542541,0.4517045453903829,1.643791814988918,0.6045146165169755,0.6045146165169755
-1.0,0.6000000000000001,17996.4140625,108.8759536743164,inf,0.0,0.9,0.04403409090909091,0.033391915641476276,0.0,0.18276374440077806,0.018681665242751215,0.013369229943002846,0.9999999998579546,0.8082386362488297,0.18181818179235537,1.82041402926009,0.3859157721585813,0.3859157721585813
-0.9,0.6000000000000001,17237.357421875,104.42049407958984,inf,0.0,0.9,0.04403409090909091,0.035916824196597356,0.0,0.2421991084335514,0.017517800694639506,0.021683417318596472,0.9999999998579546,0.7514204544387187,0.1633522727040693,1.7989710308927345,0.4375685687915572,0.4375685687915572
-0.8,0.6000000000000001,16528.798828125,100.26275634765625,inf,0.0,0.9,0.05539772727272727,0.047058823529411764,0.0,0.26917293229034994,0.02104501275246433,0.0348257006151743,0.9999999998579546,0.724431818078916,0.14772727270628874,1.7526009466536145,0.4870192362188106,0.4870192362188106
-0.7,0.6000000000000001,15876.734375,96.44155883789062,inf,0.0,0.9,0.061079545454545456,0.06140350877192982,0.0,0.3524962177984121,0.023718668845283085,0.05746699669966997,0.9999999998579546,0.6477272726352661,0.18323863633760815,1.6804735403113806,0.5795215921921409,0.5795215921921409
-0.6,0.6000000000000001,15288.236328125,92.99867248535156,inf,0.0,0.9,0.12357954545454546,0.07341772151898734,0.0,0.40680713121445594,0.06731713918840092,0.07265432098765431,0.9999999998579546,0.5610795453748467,0.26420454541701643,1.5482721819317193,0.5722109799198448,0.5722109799198448
-0.5,0.6000000000000001,14771.5869140625,89.97781372070312,16.8432443994919,0.0,0.9,0.16335227272727273,0.08672086720867209,0.0,0.4278438029833882,0.0873032154618012,0.1350108225108225,0.9999999998579546,0.5241477271982745,0.349431818132183,1.4526604607416747,0.5546504921579031,0.5546504921579031
-0.3999999999999999,0.6000000000000001,14334.2314453125,87.42300415039062,12.020795539468265,0.0,0.9,0.22869318181818182,0.08333333333333333,0.0,0.45303867394971664,0.13382454251549636,0.16932003922850605,0.9999999998579546,0.46022727266189956,0.3735795454014802,1.3422478857930855,0.5464724533431726,0.5464724533431726
-0.29999999999999993,0.6000000000000001,13983.8330078125,85.37628936767578,8.214849960900269,0.0,0.9,0.2471590909090909,0.15384615384615385,0.0,0.6471698111986472,0.14585779772944876,0.18200229224297776,0.9999999998579546,0.3139204545008636,0.4161931817590635,1.2136352127091867,0.46064336002554906,0.45890306169450656
-0.19999999999999996,0.6000000000000001,13728.361328125,83.87501525878906,5.618979359610065,0.0,0.9,0.26420454545454547,0.2585034013605442,0.0,0.7895752894228619,0.15360295506595317,0.33147451963241437,0.9999999998579546,0.20880681815215812,0.48295454538594396,1.0825396086703414,0.3587176679534213,0.35394584806327223
-0.09999999999999998,0.6000000000000001,13572.568359375,82.94888305664062,4.209145312624769,0.0,0.9,0.26988636363636365,0.308411214953271,0.0,0.8560311282381263,0.16195338045207,0.4572530864197531,0.9999999998579546,0.15198863634204707,0.5198863635625162,1.0338653649354406,0.33302018853291415,0.33302018853291415
0.0,0.6000000000000001,13520.5,82.61725616455078,3.736510979756306,0.0,0.9,0.2883522727272727,0.6071428571428571,0.0,0.9341317363404926,0.16004155339086554,0.3270595238095238,0.9999999998579546,0.11931818180123321,0.6264204544564744,0.9841423125243126,0.3156491257736488,0.3156491257736488
0.10000000000000009,0.6000000000000001,13572.3359375,82.88727569580078,3.5544254023197768,0.0,0.9,0.30113636363636365,0.6567164179104478,0.0,0.9532520323265747,0.16826212274794186,0.3969233176314127,0.9999999998579546,0.09517045453193602,0.5866477271893966,0.9532997011008958,0.2799453110013588,0.2799453110013588
0.20000000000000018,0.6000000000000001,13727.529296875,83.75303649902344,3.9776372764686676,0.0,0.9,0.265625,0.49333333333333335,0.0,0.9264990327028049,0.15548298727511128,0.26883116883116887,0.9999999998579546,0.10653409089395822,0.5866477271893966,1.0258148166377288,0.311125563507269,0.311125563507269
0.30000000000000004,0.6000000000000001,13981.2421875,85.19633483886719,5.363478828568761,0.0,0.9,0.20454545454545456,0.24691358024691357,0.0,0.7821428570031889,0.12901426971902505,0.21267310209617904,0.9999999998579546,0.23011363633094978,0.5795454544631328,1.1501469040358232,0.42648576887875145,0.4258428916247976
0.40000000000000013,0.6000000000000001,14327.71484375,87.1883773803711,6.921803281454288,0.0,0.9,0.18039772727272727,0.2,0.0,0.7712305024659913,0.11901616219622706,0.31576878063053176,0.9999999998579546,0.2343749999667081,0.5468749999223189,1.2465977938950228,0.4894836243197398,0.4894836243197398
0.5,0.6000000000000001,14762.123046875,89.69245147705078,inf,0.0,0.9,0.14488636363636365,0.19680851063829788,0.0,0.7491694350915001,0.07980706985295113,0.10170734960650928,0.9999999998579546,0.267045454507522,0.5113636362909995,1.309284887601747,0.5403764184946896,0.5403764184946896
0.6000000000000001,0.6000000000000001,15277.6875,92.66692352294922,inf,0.0,0.9,0.11363636363636363,0.14204545454545456,0.0,0.5160256409429447,0.04129291049052652,0.08099772614145437,0.9999999998579546,0.4999999999289773,0.43607954539260235,1.490660044069007,0.6850206185367758,0.6850206185367758
0.7000000000000002,0.6000000000000001,15865.1181640625,96.06787872314453,inf,0.0,0.9,0.10511363636363637,0.14213197969543148,0.0,0.46349206341849336,0.030887998753383366,0.05121859809417413,0.9999999998579546,0.5596590908295939,0.3977272726707774,1.5546445947339214,0.7259018195647393,0.7259018195647393
0.8,0.6000000000000001,16516.2421875,99.85151672363281,inf,0.0,0.9,0.109375,0.15513126491646778,0.0,0.43540669849515046,0.03269883203269307,0.0640672064777328,0.9999999998579546,0.5951704544609133,0.40767045448754685,1.5784914049390528,0.6868288471533538,0.6868288471533538
0.9000000000000001,0.6000000000000001,17224.4375,103.97583770751953,inf,0.0,0.9,0.10369318181818182,0.14221218961625282,0.0,0.3977812994615244,0.02833005073897336,0.04839862992176006,0.9999999998579546,0.6292613635469799,0.4403409090283607,1.610543823951343,0.6103007531121609,0.6103007531121609
1.0,0.6000000000000001,17983.111328125,108.40171813964844,inf,0.0,0.9,0.09801136363636363,0.12138728323699421,0.0,0.28188976373513547,0.026269557838753378,0.03737496670559551,0.9999999998579546,0.7372159089861909,0.45312499993563565,1.675359067465924,0.5887427580397584,0.5887427580397584
-1.0,0.7000000000000002,18485.994140625,111.74189758300781,inf,0.0,0.9,0.048295454545454544,0.03945111492281304,0.0,0.1641791044531076,0.020187467087941023,0.02184175988423065,0.9999999998579546,0.8281249998823687,0.17613636361134427,1.8264126909041372,0.37873447781156544,0.37873447781156544
-0.9,0.7000000000000002,17749.67578125,107.41079711914062,inf,0.0,0.9,0.05397727272727273,0.05745062836624776,0.0,0.21171171167992317,0.01850509930220075,0.027422889626740384,0.9999999998579546,0.7911931817057964,0.16619318179457485,1.7914111769669574,0.4085518657711476,0.4085518657711476
-0.8,0.7000000000000002,17063.97265625,103.3790054321289,inf,0.0,0.9,0.052556818181818184,0.04466019417475728,0.0,0.2623688155528683,0.017543491211453637,0.02449789029535865,0.9999999998579546,0.7315340908051798,0.15340909088729984,1.7646593052657977,0.4519334477711833,0.4519334477711833
-0.7,0.7000000000000002,16435.654296875,99.68314361572266,inf,0.0,0.9,0.05823863636363636,0.06072874493927125,0.0,0.3001508295173227,0.02140622915833,0.046693694953166505,0.9999999998579546,0.7017045453548716,0.23153409087620255,1.6999089568599222,0.5244367152799396,0.5244367152799396
-0.6,0.7000000000000002,15871.0185546875,96.36209869384766,inf,0.0,0.9,0.12642045454545456,0.07333333333333333,0.0,0.32195121945984534,0.07438129799399083,0.09367253750815395,0.9999999998579546,0.6392045453637494,0.29403409086732474,1.580818674837776,0.5390518495403205,0.5390518495403205
-0.5,0.7000000000000002,15377.0068359375,93.45606994628906,inf,0.0,0.9,0.18181818181818182,0.09438775510204081,0.0,0.38368055548894436,0.10059635343831856,0.13407291545977676,0.9999999998579546,0.5568181817390884,0.3607954544942052,1.4590384929774576,0.5353223225508695,0.5343700079498033
-0.3999999999999999,0.7000000000000002,14960.8837890625,91.00502014160156,15.298636037290898,0.0,0.9,0.2215909090909091,0.09803921568627451,0.0,0.41240875904883056,0.13527454627071858,0.14249293405277524,0.9999999998579546,0.5071022726552412,0.38778409085400795,1.3859118956425323,0.5169923120011383,0.5104709332563658
-0.29999999999999993,0.7000000000000002,14627.9443359375,89.04669189453125,10.953500561405722,0.0,0.9,0.22443181818181818,0.11224489795918367,0.0,0.5219780218824216,0.13782563564245262,0.16442463625126164,0.9999999998579546,0.41761363630431625,0.4034090908517885,1.319028617288722,0.5296331555597028,0.5296331555597028
-0.19999999999999996,0.7000000000000002,14386.4814453125,87.61419677734375,7.464247895788443,0.0,0.9,0.21306818181818182,0.13861386138613863,0.0,0.6859205774935162,0.12172147856485806,0.2269921376965576,0.9999999998579546,0.28693181814106083,0.4559659090261412,1.2200635529935835,0.4511524874593069,0.4511524874593069
-0.09999999999999998,0.7000000000000002,14239.6328125,86.73365783691406,5.643818847327033,0.0,0.9,0.20170454545454544,0.1897810218978102,0.0,0.802491103060055,0.11309454393704328,0.2558057280883368,0.9999999998579546,0.19460227269963037,0.4630681817524051,1.1663306345384314,0.4254801418650373,0.4254801418650373
0.0,0.7000000000000002,14190.3603515625,86.42195892333984,4.864758468965453,0.0,0.9,0.2215909090909091,0.24545454545454545,0.0,0.8485401458305584,0.11622887145975307,0.13543028322440087,0.9999999998579546,0.1562499999778054,0.5298295453792856,1.1289219244847155,0.39719257634482863,0.39719257634482863
0.10000000000000009,0.7000000000000002,14239.79296875,86.6851806640625,4.726815310769298,0.0,0.9,0.21732954545454544,0.425,0.0,0.916515426330941,0.12129616749086833,0.22505141591520328,0.9999999998579546,0.11363636362022211,0.5170454544720107,1.098633335948292,0.3821635338355137,0.3821635338355137
0.20000000000000018,0.7000000000000002,14386.5244140625,87.51811218261719,5.257576894647694,0.0,0.9,0.17613636363636365,0.16030534351145037,0.0,0.8103448274464923,0.09549319512520886,0.17956806249843,0.9999999998579546,0.1860795454281137,0.5255681817435273,1.1938429201244647,0.44393900107460105,0.44393900107460105
0.30000000000000004,0.7000000000000002,14627.8681640625,88.90467834472656,6.635238673838251,0.0,0.9,0.14914772727272727,0.11827956989247312,0.0,0.7262103504630701,0.09023480410296167,0.15547486701332855,0.9999999998579546,0.26420454541701643,0.48295454538594396,1.3038709098658212,0.5163350108704992,0.5163350108704992
0.40000000000000013,0.7000000000000002,14958.1875,90.81944274902344,inf,0.0,0.9,0.11221590909090909,0.125,0.0,0.6863999998901761,0.06460130684475542,0.19159593793740137,0.9999999998579546,0.31818181813662194,0.5028409090194829,1.3963236903635403,0.5913901405962698,0.5913901405962698
0.5,0.7000000000000002,15372.216796875,93.22976684570312,inf,0.0,0.9,0.09801136363636363,0.12735849056603774,0.0,0.7086614172112344,0.049074446955983515,0.13001628001628002,0.9999999998579546,0.3011363635935886,0.49147727265746066,1.4208987417629118,0.61647324072361,0.61647324072361
0.6000000000000001,0.7000000000000002,15865.265625,96.09822082519531,inf,0.0,0.9,0.11221590909090909,0.125,0.0,0.5855999999063041,0.04453003593032975,0.06817684730049377,0.9999999998579546,0.4204545453948218,0.4261363635758329,1.4881902081878569,0.6542112296646986,0.6542112296646986
0.7000000000000002,0.7000000000000002,16429.373046875,99.385009765625,inf,0.0,0.9,0.08948863636363637,0.13054187192118227,0.0,0.4492979718487835,0.028751021283846687,0.04857244373148715,0.9999999998579546,0.5767045453726273,0.3849431817635024,1.5854946472114155,0.728417640192893,0.728417640192893
0.8,0.7000000000000002,17056.7109375,103.04988861083984,inf,0.0,0.9,0.09943181818181818,0.11188811188811189,0.0,0.3990536276973102,0.03009209378979669,0.04183373688458434,0.9999999998579546,0.6093749999134411,0.37784090903723855,1.6084669097942095,0.695804064310819,0.695804064310819
0.9000000000000001,0.7000000000000002,17741.9765625,107.05387878417969,inf,0.0,0.9,0.11079545454545454,0.14502164502164502,0.0,0.3690095846055895,0.036855428470545494,0.053391941391941394,0.9999999998579546,0.6562499999067827,0.4048295453970413,1.609674189223447,0.6234030774827717,0.6234030774827717
1.0,0.7000000000000002,18478.0078125,111.36016845703125,inf,0.0,0.9,0.10085227272727272,0.1138996138996139,0.0,0.2748815165442525,0.026196649158908188,0.032583302932140144,0.9999999998579546,0.7357954544409382,0.4275568181210857,1.6651518767104017,0.5734508628845496,0.5734508628845496
-1.0,0.8,19037.248046875,114.9692153930664,inf,0.0,0.9,0.048295454545454544,0.04145936981757877,0.0,0.13731343281532635,0.015713561757778792,0.013417224330005743,0.9999999998579546,0.8565340907874242,0.18181818179235537,1.8416246475169775,0.388712355742392,0.388712355742392
-0.9,0.8,18324.2578125,110.76968383789062,inf,0.0,0.9,0.05397727272727273,0.05087719298245614,0.0,0.18768768765950636,0.017489596493281617,0.024356775300171527,0.9999999998579546,0.8096590907940826,0.15909090906831097,1.8048666054816669,0.37942449152926794,0.37942449152926794
-0.8,0.8,17662.880859375,106.87020111083984,inf,0.0,0.9,0.05113636363636364,0.04681647940074907,0.0,0.23802395206017607,0.01586800906963232,0.029453376205787786,0.9999999998579546,0.7585227271649826,0.17187499997558595,1.7788804998192203,0.4147859710236278,0.4147859710236278
-0.7,0.8,17058.896484375,103.30498504638672,inf,0.0,0.9,0.06392045454545454,0.05805243445692884,0.0,0.23672230648911652,0.030191355908000133,0.04262143763701396,0.9999999998579546,0.7585227271649826,0.25142045450974143,1.722889623682219,0.43951024618134704,0.43951024618134704
-0.6,0.8,16517.92578125,100.10993194580078,inf,0.0,0.9,0.11789772727272728,0.06626506024096386,0.0,0.2512077294281469,0.06755578135914776,0.11537854111144012,0.9999999998579546,0.7073863635358827,0.3068181817745997,1.6240754327662328,0.5006664297885404,0.5006664297885404
-0.5,0.8,16046.4990234375,97.32170104980469,inf,0.0,0.9,0.171875,0.06542056074766354,0.0,0.31389365346245396,0.10337850774516312,0.11493993993993994,0.9999999998579546,0.6079545453681883,0.349431818132183,1.514733921003538,0.5070766647828266,0.5070766647828266
-0.3999999999999999,0.8,15651.126953125,94.97628021240234,inf,0.0,0.9,0.18892045454545456,0.0851063829787234,0.0,0.3975481610512175,0.11302543374524801,0.12667056314343136,0.9999999998579546,0.534090909015044,0.3664772726752163,1.4475980153374501,0.5164953182597251,0.5155715554052751
-0.29999999999999993,0.8,15336.2119140625,93.10724639892578,inf,0.0,0.9,0.19602272727272727,0.10704225352112676,0.0,0.4399293285441821,0.11166019431297668,0.15888888888888889,0.9999999998579546,0.5042613635647356,0.40767045448754685,1.4000337760172819,0.5217411072056721,0.5172501980437052
-0.19999999999999996,0.8,15108.4384765625,91.7437744140625,inf,0.0,0.9,0.18039772727272727,0.11328125,0.0,0.6065857884563977,0.10107609028935734,0.10914543972413993,0.9999999998579546,0.36363636358471074,0.43181818175684406,1.3036603375507714,0.48925722489448886,0.48925722489448886
-0.09999999999999998,0.8,14970.4677734375,90.90862274169922,7.2885756263505295,0.0,0.9,0.1690340909090909,0.14204545454545456,0.0,0.7418803417535248,0.09776963342160673,0.10117847138855543,0.9999999998579546,0.24999999996448866,0.470170454478669,1.2707235333427271,0.5147721610861715,0.5124287577766149
0.0,0.8,14923.705078125,90.61640930175781,6.288406748391305,0.0,0.9,0.1747159090909091,0.19393939393939394,0.0,0.7710843372166809,0.097047063058602,0.11497560640417784,0.9999999998579546,0.2343749999667081,0.47301136356917456,1.2515881113840421,0.5032514513819587,0.4942956328285444
0.10000000000000009,0.8,14970.498046875,90.87232208251953,6.102384164993862,0.0,0.9,0.18039772727272727,0.1656441717791411,0.0,0.7642980934550611,0.10273028983413807,0.09006762523115902,0.9999999998579546,0.23153409087620255,0.4644886362976579,1.2499808764951612,0.4802674253145608,0.47900518862158303
0.20000000000000018,0.8,15109.24609375,91.6717300415039,inf,0.0,0.9,0.14204545454545456,0.10919540229885058,0.0,0.7433774833206329,0.08735074888277457,0.13103680087326364,0.9999999998579546,0.2471590908739831,0.4928977272027134,1.3141002864197602,0.5246909911638968,0.5246909911638968
0.30000000000000004,0.8,15338.001953125,93.00057220458984,inf,0.0,0.9,0.10085227272727272,0.08502024291497975,0.0,0.6429699841006367,0.06744942154474051,0.13863636363636364,0.9999999998579546,0.3508522726774358,0.41335227266855795,1.4347164051797963,0.6191799087118997,0.6191799087118997
0.40000000000000013,0.8,15652.1416015625,94.83653259277344,inf,0.0,0.9,0.09659090909090909,0.10452961672473868,0.0,0.5959119495918378,0.05999030992767277,0.11122001688039425,0.9999999998579546,0.40767045448754685,0.41193181812330515,1.4769451646466834,0.6496846469307993,0.6496846469307993
0.5,0.8,16046.61328125,97.15079498291016,inf,0.0,0.9,0.07102272727272728,0.09225092250922509,0.0,0.623853210913784,0.03993330436018791,0.11087708587708586,0.9999999998579546,0.3849431817635024,0.4517045453903829,1.5178642133402016,0.6708722718464046,0.6708722718464046
0.6000000000000001,0.8,16517.35546875,99.9100341796875,inf,0.0,0.9,0.06392045454545454,0.08365019011406843,0.0,0.6342943853362224,0.030122276514645184,0.06192220477934763,0.9999999998579546,0.3735795454014802,0.3863636363087552,1.5404847604617742,0.6690474804535378,0.6690474804535378
0.7000000000000002,0.8,17057.845703125,103.07838439941406,inf,0.0,0.9,0.08948863636363637,0.11267605633802817,0.0,0.5085803431343868,0.03380481918985758,0.06276407986934303,0.9999999998579546,0.5042613635647356,0.34659090904167744,1.5798191845643343,0.708746799285024,0.708746799285024
0.8,0.8,17660.591796875,106.6192398071289,inf,0.0,0.9,0.11221590909090909,0.11899313501144165,0.0,0.38399999993856004,0.04223580762078541,0.05360836156671116,0.9999999998579546,0.6207386362754633,0.37642045449198575,1.6012320993331544,0.6983211831899903,0.6983211831899903
0.9000000000000001,0.8,18321.310546875,110.49662780761719,inf,0.0,0.9,0.12357954545454546,0.12448132780082988,0.0,0.3160453808239797,0.04499235082543753,0.05039805166846909,0.9999999998579546,0.6846590908118382,0.40624999994229405,1.610109835633229,0.6593173693543632,0.6593173693543632
1.0,0.8,19033.71484375,114.67627716064453,inf,0.0,0.9,0.10511363636363637,0.1111111111111111,0.0,0.28888888884303354,0.03273523589718998,0.0343212422949265,0.9999999998579546,0.7159090908073993,0.4048295453970413,1.6551100525477396,0.5712130671504579,0.5712130671504579
-1.0,0.9000000000000001,19644.1171875,118.52824401855469,inf,0.0,0.9,0.05823863636363636,0.05475040257648953,0.0,0.11463046755435438,0.02074711816670915,0.022875568688147836,0.9999999998579546,0.8821022726019742,0.1931818181543776,1.8327675934779621,0.3785361384377626,0.3785361384377626
-0.9,0.9000000000000001,18955.88671875,114.46455383300781,inf,0.0,0.9,0.056818181818181816,0.05862068965517241,0.0,0.1777108433467303,0.01647430820849649,0.02343145062484685,0.9999999998579546,0.8238636362466103,0.19034090906387205,1.8074151020722788,0.37703820544827893,0.37703820544827893
-0.8,0.9000000000000001,18319.416015625,110.70065307617188,inf,0.0,0.9,0.05965909090909091,0.054673721340388004,0.0,0.19033232625523683,0.02178013597724422,0.03534664581579053,0.9999999998579546,0.8053977271583243,0.1874999999733665,1.7888683211424061,0.3907892976305459,0.3907892976305459
-0.7,0.9000000000000001,17739.685546875,107.26828002929688,inf,0.0,0.9,0.07670454545454546,0.05783582089552239,0.0,0.22307692304260357,0.040515314106863404,0.04100560594608214,0.9999999998579546,0.7613636362554882,0.26420454541701643,1.7132285251551809,0.37708015089243746,0.37708015089243746
-0.6,0.9000000000000001,17222.62109375,104.20036315917969,inf,0.0,0.9,0.13920454545454544,0.05631067961165048,0.0,0.1980198019475215,0.0869985727206381,0.06553446187978952,0.9999999998579546,0.7315340908051798,0.29829545450308304,1.6173558848947114,0.3825331670423502,0.37968314756835936
-0.5,0.9000000000000001,16773.193359375,101.53011322021484,inf,0.0,0.9,0.171875,0.062111801242236024,0.0,0.22298456256895635,0.11172974599061554,0.08403050108932461,0.9999999998579546,0.686079545357091,0.3423295454059191,1.5650723845647887,0.4605276505550153,0.45096565572934755
-0.3999999999999999,0.9000000000000001,16397.708984375,99.28971099853516,inf,0.0,0.9,0.1747159090909091,0.08496732026143791,0.0,0.2771084336872447,0.099132787855817,0.06113973745552693,0.9999999998579546,0.6519886362710243,0.3678977272204691,1.507966284277224,0.5088589918667173,0.5088589918667173
-0.29999999999999993,0.9000000000000001,16100.2294921875,97.50883483886719,inf,0.0,0.9,0.16335227272727273,0.09840425531914894,0.0,0.42444821724542475,0.0958499980019678,0.07248310344055024,0.9999999998579546,0.534090909015044,0.37073863631097465,1.4654661084973886,0.5178441920155674,0.5178441920155674
-0.19999999999999996,0.9000000000000001,15885.662109375,96.21305847167969,inf,0.0,0.9,0.17329545454545456,0.12337662337662338,0.0,0.5360824741346938,0.10174543888470776,0.0915942125174222,0.9999999998579546,0.43749999993785516,0.4090909090327996,1.3784518095549607,0.4932923521529512,0.4932923521529512
-0.09999999999999998,0.9000000000000001,15755.5986328125,95.4221420288086,9.79823476380267,0.0,0.9,0.1590909090909091,0.16967509025270758,0.0,0.6114864863831949,0.08682180310457746,0.12093249568859325,0.9999999998579546,0.39346590903501905,0.444602272664119,1.3716367414434676,0.5634947689489654,0.5634947689489654
0.0,0.9000000000000001,15711.353515625,95.1486587524414,8.561989186218467,0.0,0.9,0.13494318181818182,0.12448132780082988,0.0,0.6535303775609967,0.08096413950088219,0.0605366027007818,0.9999999998579546,0.3423295454059191,0.42897727266633845,1.389482525841421,0.5963598147935014,0.5958875216531165
0.10000000000000009,0.9000000000000001,15755.6982421875,95.39701080322266,8.291756207773586,0.0,0.9,0.12073863636363637,0.09022556390977443,0.0,0.6090468496592817,0.07644750921611171,0.06253525814679986,0.9999999998579546,0.37784090903723855,0.4588068181166468,1.4267783474133662,0.6256953023048966,0.6256953023048966
0.20000000000000018,0.9000000000000001,15887.2568359375,96.16310119628906,inf,0.0,0.9,0.09090909090909091,0.08396946564885496,0.0,0.6249999999023438,0.06525545638294776,0.07031746031746032,0.9999999998579546,0.3721590908562274,0.4517045453903829,1.480594938021787,0.6604254327274406,0.6604254327274406
0.30000000000000004,0.9000000000000001,16104.060546875,97.4347152709961,inf,0.0,0.9,0.07954545454545454,0.07142857142857142,0.0,0.6188271603983292,0.05777109215059222,0.09066515495086924,0.9999999998579546,0.37784090903723855,0.3849431817635024,1.5180146259738854,0.6753622672972199,0.6753622672972199
0.40000000000000013,0.9000000000000001,16402.208984375,99.19234466552734,inf,0.0,0.9,0.07386363636363637,0.08360128617363344,0.0,0.5628834354964903,0.04532423076426276,0.06527240527240527,0.9999999998579546,0.44176136357361345,0.37073863631097465,1.5615240371548207,0.706780482138672,0.706780482138672
0.5,0.9000000000000001,16777.685546875,101.41067504882812,inf,0.0,0.9,0.06534090909090909,0.06369426751592357,0.0,0.5531914892776305,0.042715226659253584,0.060245057087162344,0.9999999998579546,0.4460227272093718,0.349431818132183,1.5978869361369235,0.6636229446151343,0.6636229446151343
0.6000000000000001,0.9000000000000001,17226.560546875,104.06017303466797,inf,0.0,0.9,0.056818181818181816,0.07580174927113703,0.0,0.5225903613670798,0.03105155214600492,0.05603356216628527,0.9999999998579546,0.4872159090217023,0.3011363635935886,1.6039179558308292,0.6577645022959699,0.6577645022959699
0.7000000000000002,0.9000000000000001,17743.615234375,107.1087875366211,inf,0.0,0.9,0.07670454545454546,0.08262108262108261,0.0,0.5046153845377515,0.033419844086510754,0.050392939886783936,0.9999999998579546,0.4985795453837245,0.3309659090438969,1.6014617290487927,0.6592532057217984,0.6592532057217984
0.8,0.9000000000000001,18322.2265625,110.5233383178711,inf,0.0,0.9,0.08948863636363637,0.09592326139088729,0.0,0.4118564741947182,0.034001743116811166,0.04266438120113911,0.9999999998579546,0.5923295453704077,0.33948863631541354,1.6391196504806098,0.6886945853965816,0.6874575604247802
0.9000000000000001,0.9000000000000001,18958.021484375,114.27091217041016,inf,0.0,0.9,0.10369318181818182,0.10559006211180125,0.0,0.31537242467268267,0.03842834829386264,0.047677859359662574,0.9999999998579546,0.686079545357091,0.37642045449198575,1.645441645861452,0.6878305454173081,0.6878305454173081
1.0,0.9000000000000001,19645.451171875,118.31974029541016,inf,0.0,0.9,0.11363636363636363,0.10515463917525773,0.0,0.3044871794383835,0.04021398663641645,0.0289859027845605,0.9999999998579546,0.6889204544475965,0.4048295453970413,1.6377458529324522,0.5858967993175446,0.5858967993175446
-1.0,1.0,20302.12109375,122.38990783691406,inf,0.0,0.9,0.04261363636363636,0.03565640194489465,0.0,0.1172106824751913,0.012737249745406635,0.010658873113282964,0.9999999998579546,0.8764204544209631,0.18465909088286092,1.853943798432162,0.3605681155439285,0.3605681155439285
-0.9,1.0,19638.84765625,118.4637680053711,inf,0.0,0.9,0.06676136363636363,0.06397306397306397,0.0,0.1537290715138921,0.0240292742732685,0.02981144332163738,0.9999999998579546,0.8437499998801492,0.1874999999733665,1.7988233302792613,0.35551606945813974,0.35551606945813974
-0.8,1.0,19026.78125,114.836181640625,inf,0.0,0.9,0.07386363636363637,0.058519793459552494,0.0,0.16104294476057623,0.034502591945096334,0.03636705552368203,0.9999999998579546,0.825284090791863,0.22159090905943313,1.7736219881258148,0.3418466528977543,0.3418466528977543
-0.7,1.0,18471.908203125,111.5363998413086,inf,0.0,0.9,0.09659090909090909,0.07567567567567568,0.0,0.19339622638468615,0.05463443386603149,0.059331243469174504,0.9999999998579546,0.788352272615291,0.2727272726885331,1.7070641331274656,0.3154748355507262,0.3154748355507262
-0.6,1.0,17977.771484375,108.59444427490234,inf,0.0,0.9,0.1278409090909091,0.07476635514018691,0.0,0.19381107488700147,0.0752364328202725,0.060813706365727103,0.9999999998579546,0.7599431817102353,0.3011363635935886,1.6417089649295584,0.30411031764761665,0.30411031764761665
-0.5,1.0,17550.17578125,106.04020690917969,inf,0.0,0.9,0.13068181818181818,0.06299212598425197,0.0,0.22222222218591142,0.07276009916273064,0.03584967952049968,0.9999999998579546,0.7215909089884104,0.34659090904167744,1.6143579425743775,0.40608553625848587,0.40608553625848587
-0.3999999999999999,1.0,17193.873046875,103.90234375,inf,0.0,0.9,0.13210227272727273,0.06464646464646465,0.0,0.24222585920749168,0.07677474952295635,0.041747954377399706,0.9999999998579546,0.7031249999001243,0.35227272722268854,1.5995652656463932,0.4841909830727172,0.4841909830727172
-0.29999999999999993,1.0,16912.51171875,102.20704650878906,inf,0.0,0.9,0.14204545454545456,0.0735632183908046,0.0,0.33278145689854616,0.08318789593087943,0.038800178260090336,0.9999999998579546,0.6178977271849577,0.362215909039458,1.5374288224853265,0.5215283465410511,0.5195136206510034
-0.19999999999999996,1.0,16710.197265625,100.97659301757812,inf,0.0,0.9,0.13920454545454544,0.11977715877437325,0.0,0.4785478547065103,0.0753022247102472,0.05776302325027962,0.9999999998579546,0.5099431817457467,0.3963068181255246,1.4612210618090649,0.5235392836408449,0.5235392836408449
-0.09999999999999998,1.0,16587.5,100.22811126708984,inf,0.0,0.9,0.12926136363636365,0.11455108359133127,0.0,0.5334420880043325,0.07003033904525682,0.06012185791597556,0.9999999998579546,0.4588068181166468,0.4090909090327996,1.4752746231509062,0.5782979123823658,0.5782979123823658
0.0,1.0,16545.458984375,99.97237396240234,inf,0.0,0.9,0.08948863636363637,0.07396449704142012,0.0,0.5117004679388923,0.04498137703902716,0.021571460954323926,0.9999999998579546,0.4801136362954384,0.42471590903058015,1.5439984753537668,0.7089744873777304,0.7089744873777304
0.10000000000000009,1.0,16587.5625,100.213134765625,inf,0.0,0.9,0.08522727272727272,0.07122507122507123,0.0,0.49378881979910116,0.05075835048797915,0.031186956182676095,0.9999999998579546,0.4985795453837245,0.4204545453948218,1.565487362143766,0.7213825118777064,0.7213825118777064
0.20000000000000018,1.0,16712.439453125,100.94679260253906,inf,0.0,0.9,0.07528409090909091,0.04927536231884058,0.0,0.49615975414805535,0.05447626342138513,0.02824564887445212,0.9999999998579546,0.49005681811220786,0.41335227266855795,1.5886929676815713,0.7258654581919106,0.7258654581919106
0.30000000000000004,1.0,16918.40234375,102.16271209716797,inf,0.0,0.9,0.05823863636363636,0.052924791086350974,0.0,0.4871794871060061,0.04700360802545465,0.04637249853746333,0.9999999998579546,0.5099431817457467,0.40056818176128295,1.623702505721188,0.7475645858049318,0.7475645858049318
0.40000000000000013,1.0,17201.845703125,103.84391021728516,inf,0.0,0.9,0.05397727272727273,0.049315068493150684,0.0,0.47897897890706026,0.04312359165718644,0.0509736623529727,0.9999999998579546,0.5184659090172634,0.30965909086510524,1.6540370249206204,0.7541766600635145,0.7520863158679219
0.5,1.0,17558.9921875,105.96822357177734,inf,0.0,0.9,0.05397727272727273,0.04785894206549118,0.0,0.4324324323675027,0.03960511091870296,0.040731238626756636,0.9999999998579546,0.5639204544653522,0.26420454541701643,1.6764131981601926,0.7073019007087151,0.7073019007087151
0.6000000000000001,1.0,17986.767578125,108.50955200195312,inf,0.0,0.9,0.04403409090909091,0.04187192118226601,0.0,0.4219910846326908,0.029222894612599484,0.033730425808767436,0.9999999998579546,0.5767045453726273,0.26988636359802753,1.6939619439259501,0.7018970014793857,0.7018970014793857
0.7000000000000002,1.0,18481.08984375,111.4393539428711,inf,0.0,0.9,0.04971590909090909,0.05707196029776675,0.0,0.4319880417889405,0.026889662492199207,0.035739991003148903,0.9999999998579546,0.5724431817368689,0.27556818177903863,1.6792902798822273,0.6933326958103703,0.6927384471637096
0.8,1.0,19036.19921875,114.72775268554688,inf,0.0,0.9,0.07954545454545454,0.09174311926605505,0.0,0.3888888888288752,0.032806139956105373,0.04511401840168963,0.9999999998579546,0.6193181817302105,0.27414772723378583,1.6584290994908772,0.6836318825336467,0.6836318825336467
0.9000000000000001,1.0,19646.91015625,118.34475708007812,inf,0.0,0.9,0.08948863636363637,0.09164969450101833,0.0,0.3042121684392805,0.03615038534420549,0.038222868289288954,0.9999999998579546,0.6974431817191132,0.32954545449864414,1.6818495807644824,0.6949079932355432,0.6949079932355432
1.0,1.0,20309.2421875,122.2611312866211,inf,0.0,0.9,0.09801136363636363,0.09780439121756487,0.0,0.2881889763325687,0.035431139887211624,0.03537577477628376,0.9999999998579546,0.7116477271716409,0.38352272721824965,1.6754225893978967,0.6690649432493502,0.6690649432493502
