-1.0,-1.0,7235.171875,146.58351135253906,inf,0.0,0.9,0.06882440476190477,0.06882440476190477,0.0,0.0,0.004312756434166356,0.004312756434166356,0.9999999999627976,0.9999999999627976,0.2745535714183574,1.862345402307586,0.06622314087011587,-0.06622314087011587
-0.9,-1.0,7011.79345703125,143.0849151611328,inf,0.0,0.9,0.06882440476190477,0.06885001860811314,0.0,0.0003995205752936668,0.004324046372475692,0.00432566404788627,0.9999999999627976,0.9996279761532877,0.2775297618944372,1.8620221836134812,0.059192330189994424,-0.05859507113129911
-0.8,-1.0,6806.65869140625,139.8439483642578,inf,0.0,0.9,0.06547619047619048,0.0653716847217034,0.0,0.003980891719586748,0.004801175094503315,0.004801384875761504,0.9999999999627976,0.995907738058188,0.2752976190373773,1.8673267070590567,0.045134851473283444,-0.04005482417139783
-0.7,-1.0,6620.63671875,136.8852996826172,inf,0.0,0.9,0.044642857142857144,0.04460269865067466,0.0,0.0073987538937928836,0.0034091063502828213,0.0034029814271749753,0.9999999999627976,0.9925595237725983,0.28385416665610663,1.9066606175456542,0.02821421441660462,0.02821421441660462
-0.6,-1.0,6454.67578125,134.23480224609375,inf,0.0,0.9,0.020833333333333332,0.020723436322532027,0.0,0.012537993920496277,0.0038862964097524633,0.003924046312669024,0.9999999999627976,0.9873511904394587,0.2950148809414057,1.9519674277361714,0.0757058612744557,0.0757058612744557
-0.5,-1.0,6311.7783203125,131.91867065429688,inf,0.0,0.9,0.059895833333333336,0.059001512859304085,0.0,0.015433320141850681,0.010836524593416082,0.01073271120199987,0.9999999999627976,0.983630952344359,0.291666666655816,1.87301627142273,0.0644782574259474,0.0644782574259474
-0.3999999999999999,-1.0,6192.07861328125,129.96299743652344,inf,0.0,0.9,0.08779761904761904,0.0885258358662614,0.0,0.021615008155725327,0.014654421884985244,0.01460070601227078,0.9999999999627976,0.9791666666302394,0.3251488095117132,1.815069512601997,0.051938136219427264,0.051938136219427264
-0.29999999999999993,-1.0,6096.693359375,128.39260864257812,inf,0.0,0.9,0.14694940476190477,0.14900037721614484,0.0,0.016136066288001044,0.0279595974497455,0.028289197173235747,0.9999999999627976,0.9862351190109289,0.36272321427222015,1.699556795368583,0.0676909581202988,-0.04733864645550401
-0.19999999999999996,-1.0,6028.2109375,127.22941589355469,inf,0.0,0.9,0.16666666666666666,0.1662912912912913,0.0,0.00848214285676419,0.03251049229043112,0.0320647031789851,0.9999999999627976,0.9910714285345584,0.3790922618906588,1.663361758091739,0.11065146458529937,-0.10153614380474471
-0.09999999999999998,-1.0,5986.73876953125,126.490234375,inf,0.0,0.9,0.16964285714285715,0.16891385767790262,0.0,0.005824372759595683,0.03433038445850737,0.034187319077380124,0.9999999999627976,0.9933035713916182,0.37946428570016877,1.6587925884885786,0.12677090907224522,-0.12113955795688043
0.0,-1.0,5972.1552734375,126.18460845947266,inf,0.0,0.9,0.17596726190476192,0.17755255255255256,0.0,0.010835214446463423,0.03466447951934608,0.03487027463327497,0.9999999999627976,0.9910714285345584,0.3895089285569379,1.6439099118598481,0.1107893037609703,-0.0969697798845257
0.10000000000000009,-1.0,5985.06591796875,126.3865737915039,inf,0.0,0.9,0.018973214285714284,0.019223520542781758,0.0,0.01327265832334954,0.0021260829055747108,0.0021393443404034915,0.9999999999627976,0.9869791666299488,0.22395833332500156,1.9561708074330977,0.06809679943605917,0.06809679943605917
0.20000000000000018,-1.0,6025.59716796875,127.01652526855469,inf,0.0,0.9,0.014136904761904762,0.011012282930961457,0.0,0.11886792452381631,0.002815028426717204,0.0018727886164339284,0.9999999999627976,0.8783482142530377,0.28831845237022624,1.9134689543476535,0.4683315104972487,0.4683315104972487
0.30000000000000004,-1.0,6095.3642578125,128.0616455078125,inf,0.0,0.9,0.041294642857142856,0.0493730407523511,0.0,0.5292976328859411,0.015621553652103212,0.01398616128924348,0.9999999999627976,0.47470238093472095,0.23772321427687043,1.6513452107879438,0.7161058074969711,0.7161058074969711
0.40000000000000013,-1.0,6191.603515625,129.5043182373047,inf,0.0,0.9,0.07142857142857142,0.09832134292565947,0.0,0.8493589743249456,0.015328482574069536,0.02274137061665419,0.9999999999627976,0.15513392856565722,0.2258184523725514,1.4475737873920076,0.6052711640477377,0.6052711640477377
0.5,-1.0,6313.90380859375,131.3232879638672,inf,0.0,0.9,0.04017857142857143,0.0625,0.0,0.4244186046347125,0.004811246810639162,0.004954367666232073,0.9999999999627976,0.5892857142637915,0.2284226190391212,1.7101766127729436,0.8317737178851641,0.8317737178851641
0.6000000000000001,-1.0,6460.54150390625,133.4947509765625,inf,0.0,0.9,0.03757440476190476,0.044662795891022775,0.0,0.1731735601015395,0.0024084318962228155,0.0028115159694107063,0.9999999999627976,0.8329613094928214,0.19568452380224388,1.8369507751594991,0.8871351221233825,0.8871351221233825
0.7000000000000002,-1.0,6629.27392578125,135.9932403564453,inf,0.0,0.9,0.03794642857142857,0.04061738424045491,0.0,0.0866202629510201,0.003076519916142558,0.0025541479362484673,0.9999999999627976,0.9159226190135445,0.1848958333264548,1.8772260937081977,0.8819939282566203,0.8819939282566203
0.8,-1.0,6818.9326171875,138.79281616210938,inf,0.0,0.9,0.03757440476190476,0.04003170828378914,0.0,0.06378044066239735,0.0023793818318884282,0.002519960079840319,0.9999999999627976,0.9386160713936528,0.18005952380282517,1.8922832001694647,0.839084752680799,0.839084752680799
0.9000000000000001,-1.0,7027.7255859375,141.86758422851562,inf,0.0,0.9,0.03757440476190476,0.03825554705432287,0.0,0.028218013141545498,0.003141646950171617,0.002406623026569118,0.9999999999627976,0.97247023805906,0.17633928570772547,1.9078737284908294,0.7616930127335879,0.7616930127335879
1.0,-1.0,7254.29248046875,145.19252014160156,inf,0.0,0.9,0.03720238095238095,0.0379794910748196,0.0,0.02125193199299645,0.002343457067866517,0.002385496183206107,0.9999999999627976,0.9795386904397494,0.17261904761262578,1.9129189412512135,0.6867924443467839,0.6867924443467839
-1.0,-0.9,7010.32275390625,143.29489135742188,inf,0.0,0.9,0.06919642857142858,0.06924795234549516,0.0,0.0007993605115587786,0.004324776785714286,0.004327997021593448,0.9999999999627976,0.9992559523437777,0.2834821428465967,1.8613102792702272,0.06861281409346287,-0.06754921029203925
-0.9,-0.9,6778.54638671875,139.67381286621094,inf,0.0,0.9,0.06919642857142858,0.06892697466467958,0.0,0.001199040767338168,0.005665027123309853,0.004311148396718867,0.9999999999627976,0.9985119047247578,0.2864583333226764,1.8609317590633754,0.0651138148014658,-0.06369402686117881
-0.8,-0.9,6565.400390625,136.31129455566406,inf,0.0,0.9,0.06808035714285714,0.06783451360417443,0.0,0.0015968063871618042,0.004592876682937295,0.004250747384155456,0.9999999999627976,0.9981398809152479,0.29315476189385586,1.8632429320165027,0.05412933480432043,-0.05238831746419813
-0.7,-0.9,6371.75439453125,133.2339324951172,inf,0.0,0.9,0.0625,0.06275836151822622,0.0,0.010317460317050895,0.004256070289687061,0.004264002667009303,0.9999999999627976,0.9899553571060286,0.30915178570278457,1.8702231448304727,0.023042391528889587,-0.008918754993751804
-0.6,-0.9,6198.51806640625,130.46954345703125,inf,0.0,0.9,0.03608630952380952,0.03278688524590164,0.0,0.02084137398607328,0.00392034165706525,0.003214648608818241,0.9999999999627976,0.9758184523446497,0.3470982142728014,1.9179882693663284,0.12473870711399618,0.12473870711399618
-0.5,-0.9,6048.4482421875,128.0465087890625,inf,0.0,0.9,0.04501488095238095,0.04371165644171779,0.0,0.028437865211202267,0.008752039942634886,0.008638847732611837,0.9999999999627976,0.9702380952020001,0.39062499998546785,1.8963389468110106,0.16449667448428834,0.16449667448428834
-0.3999999999999999,-0.9,5923.453125,125.99309539794922,inf,0.0,0.9,0.08630952380952381,0.08641975308641975,0.0,0.03583061889104924,0.015499650684997606,0.015074199377808356,0.9999999999627976,0.9642857142498407,0.4032738095088068,1.8113888894840895,0.14562991411095355,0.14562991411095355
-0.29999999999999993,-0.9,5823.43798828125,124.33628845214844,inf,0.0,0.9,0.14360119047619047,0.1448328851325394,0.0,0.0330147697639872,0.027914232669514632,0.0278095414373673,0.9999999999627976,0.9683779761544503,0.3984374999851772,1.6984835159723146,0.05977217668846612,0.05977217668846612
-0.19999999999999996,-0.9,5751.40380859375,123.10032653808594,inf,0.0,0.9,0.18229166666666666,0.18546845124282982,0.0,0.030937215649183933,0.03596257683419747,0.036528287994465065,0.9999999999627976,0.9728422618685699,0.40364583331831677,1.6218767130220688,0.038915889392469996,-0.002284334351848088
-0.09999999999999998,-0.9,5707.83984375,122.30509185791016,inf,0.0,0.9,0.19084821428571427,0.19259818731117825,0.0,0.017011494252091426,0.03819809743668088,0.03864319883990203,0.9999999999627976,0.9851190475823989,0.4084821428419464,1.6113604435267281,0.10760434296238139,-0.08789509201577234
0.0,-0.9,5693.1298828125,122.0365219116211,inf,0.0,0.9,0.20572916666666666,0.20718336483931948,0.0,0.017798594846941518,0.046052914157961984,0.04582693276037419,0.9999999999627976,0.984002976153869,0.4166666666511657,1.5815113068416802,0.11765529116020876,-0.0987268703313691
0.10000000000000009,-0.9,5706.34326171875,122.225830078125,inf,0.0,0.9,0.17001488095238096,0.1749034749034749,0.0,0.042133572387174655,0.03636240074516102,0.03633973758584274,0.9999999999627976,0.9635416666308206,0.3984374999851772,1.6437001128571704,0.03988833219233221,0.010358508925166853
0.20000000000000018,-0.9,5749.28369140625,122.86748504638672,inf,0.0,0.9,0.021577380952380952,0.0210727969348659,0.0,0.028517110265075397,0.004596801716092509,0.004313899622777553,0.9999999999627976,0.97098214282102,0.2533482142762891,1.9449175295430863,0.14335737147853098,0.14335737147853098
0.30000000000000004,-0.9,5821.94970703125,123.94756317138672,inf,0.0,0.9,0.015997023809523808,0.015378043571123452,0.0,0.1285444234355938,0.00444478877397853,0.002976782355755942,0.9999999999627976,0.8709077380628383,0.291294642846306,1.9069438227188675,0.4869545440792798,0.4869545440792798
0.40000000000000013,-0.9,5922.55078125,125.4456787109375,inf,0.0,0.9,0.049479166666666664,0.023952095808383235,0.0,0.5534246575125862,0.015603823440727405,0.008621350149044141,0.9999999999627976,0.4348958333171542,0.2782738095134571,1.597469176558334,0.6460883855946744,0.6460883855946744
0.5,-0.9,6050.2431640625,127.33719635009766,inf,0.0,0.9,0.046875,0.09195402298850575,0.0,0.6299765807716637,0.009504989807379849,0.007531279178338002,0.9999999999627976,0.38839285712840804,0.21837797618235202,1.5948609958917674,0.7446717877873029,0.7446717877873029
0.6000000000000001,-0.9,6203.6845703125,129.5946044921875,inf,0.0,0.9,0.038318452380952384,0.05112154407929056,0.0,0.29632495163263733,0.003495573152780586,0.0032859442060085837,0.9999999999627976,0.7131696428306112,0.19717261904028377,1.7755618873490115,0.8650499873284444,0.8650499873284444
0.7000000000000002,-0.9,6379.41845703125,132.18911743164062,inf,0.0,0.9,0.03720238095238095,0.043668122270742356,0.0,0.1537867078765925,0.002364737041241014,0.0027376259307928166,0.9999999999627976,0.8519345237778299,0.1845238095169448,1.85227264070362,0.8729387512536136,0.8729387512536136
0.8,-0.9,6576.71630859375,135.09144592285156,inf,0.0,0.9,0.03757440476190476,0.041891331397760266,0.0,0.10707383068778223,0.002368667917448405,0.0026225592023265474,0.9999999999627976,0.8969494047285361,0.17671130951723546,1.8724083804382905,0.8745833615797456,0.8745833615797456
0.9000000000000001,-0.9,6793.22412109375,138.2731475830078,inf,0.0,0.9,0.03757440476190476,0.03967611336032389,0.0,0.0831078469237299,0.003003387198937107,0.002494908350305499,0.9999999999627976,0.9188988094896243,0.17447916666017563,1.8814515058797456,0.8631710313285947,0.8631710313285947
1.0,-0.9,7028.16552734375,141.70680236816406,inf,0.0,0.9,0.03757440476190476,0.0396700706991359,0.0,0.05488983378218439,0.0023829747074367684,0.002497033227848101,0.9999999999627976,0.947172619012382,0.17559523808870556,1.8942281228755335,0.8426105328703485,0.8426105328703485
-1.0,-0.8,6803.8486328125,140.26710510253906,inf,0.0,0.9,0.06845238095238096,0.06845238095238096,0.0,0.0,0.00427827380952381,0.00427827380952381,0.9999999999627976,0.9999999999627976,0.3355654761779924,1.8630658075862985,0.0677157685889647,-0.0677157685889647
-0.9,-0.8,6563.87109375,136.52536010742188,inf,0.0,0.9,0.06919642857142858,0.0692221808708597,0.0,0.0003996802557793893,0.004326386304428731,0.004327997021593448,0.9999999999627976,0.9996279761532877,0.36049107141516035,1.8615085719191982,0.06320878340973608,-0.06255484805620186
-0.8,-0.8,6342.54638671875,133.0422821044922,inf,0.0,0.9,0.06808035714285714,0.06808035714285714,0.0,0.0,0.004259776536312849,0.004259776536312849,0.9999999999627976,0.9999999999627976,0.3947172618900775,1.8638387187951784,0.05506018628875122,-0.05506018628875122
-0.7,-0.8,6141.0234375,129.8465576171875,inf,0.0,0.9,0.06882440476190477,0.06908140403286034,0.0,0.003995205752936668,0.00432566404788627,0.00433702175543886,0.9999999999627976,0.996279761867698,0.3850446428428183,1.860621286880167,0.03410183949723525,-0.028758502955432762
-0.6,-0.8,5960.6279296875,126.9682846069336,inf,0.0,0.9,0.06584821428571429,0.06577946768060837,0.0,0.021505376343229576,0.00539427203324235,0.00540544171365414,0.9999999999627976,0.9784226190112194,0.38095238093820866,1.859162685808517,0.1478876278083423,0.1478876278083423
-0.5,-0.8,5803.6298828125,124.43840789794922,inf,0.0,0.9,0.034970238095238096,0.03125,0.0,0.0558982266747919,0.005647346290873487,0.005269361913390328,0.9999999999627976,0.9404761904412026,0.41927083331773546,1.9026844458059262,0.38115513690599195,0.38115513690599195
-0.3999999999999999,-0.8,5672.4462890625,122.28766632080078,inf,0.0,0.9,0.08370535714285714,0.08541914978148589,0.0,0.06536743808098387,0.01638859299460203,0.01633180305318839,0.9999999999627976,0.9363839285365929,0.45126488093559286,1.8009023640570962,0.3196056753449099,0.3196056753449099
-0.29999999999999993,-0.8,5567.935546875,120.5455093383789,inf,0.0,0.9,0.14248511904761904,0.148,0.0,0.07592190889041554,0.02803775837271529,0.02829951861862702,0.9999999999627976,0.9300595237749234,0.4348958333171542,1.6831751257754803,0.2808914323901775,0.2808914323901775
-0.19999999999999996,-0.8,5492.70556640625,119.23841857910156,inf,0.0,0.9,0.20386904761904762,0.21358073430714566,0.0,0.06915887850144117,0.03902318766396365,0.039870300756829825,0.9999999999627976,0.9423363094887525,0.4077380952229264,1.5648748724099786,0.1425461740326635,0.1425461740326635
-0.09999999999999998,-0.8,5447.16748046875,118.46131896972656,inf,0.0,0.9,0.21800595238095238,0.22317596566523606,0.0,0.052806850615946394,0.044723788823011756,0.04514241232507486,0.9999999999627976,0.9534970237740515,0.4289434523649947,1.5420698474973347,0.08227824801598446,0.08227824801598446
0.0,-0.8,5431.38916015625,118.15677642822266,inf,0.0,0.9,0.21688988095238096,0.22378167641325536,0.0,0.05415676959362676,0.04683627940834404,0.0479123379851624,0.9999999999627976,0.9542410713930715,0.4259672618889149,1.5440631620739844,0.09822191459550496,0.09822191459550496
0.10000000000000009,-0.8,5445.2939453125,118.33155822753906,inf,0.0,0.9,0.19159226190476192,0.2004,0.0,0.08007363092130357,0.044355791699674435,0.04538543599260659,0.9999999999627976,0.9300595237749234,0.4226190476033252,1.5855094904301335,0.1483698061109725,0.1483698061109725
0.20000000000000018,-0.8,5490.154296875,118.98217010498047,inf,0.0,0.9,0.15252976190476192,0.16194654966094935,0.0,0.07769973660765146,0.036980333708014484,0.03796786218733618,0.9999999999627976,0.9326636904414932,0.4099702380799862,1.6635156344389814,0.21468756945642867,0.21468756945642867
0.30000000000000004,-0.8,5566.24853515625,120.09465026855469,inf,0.0,0.9,0.02269345238095238,0.021806853582554516,0.0,0.04377617053506753,0.005838573172333008,0.00507338097137183,0.9999999999627976,0.9553571428216013,0.27492559522786736,1.9337509612438433,0.2478908213149981,0.2478908213149981
0.40000000000000013,-0.8,5671.51123046875,121.64653015136719,inf,0.0,0.9,0.012648809523809524,0.011235955056179775,0.0,0.13790504897747155,0.002740717681857695,0.0021458333808229944,0.9999999999627976,0.8608630952060691,0.27343749998982747,1.9080930022752147,0.6117252275938292,0.6117252275938292
0.5,-0.8,5805.15283203125,123.60955047607422,inf,0.0,0.9,0.03720238095238095,0.053973013493253376,0.0,0.512364760412969,0.008241398727917558,0.010807370872148406,0.9999999999627976,0.49627976188629913,0.230654761896181,1.6555557961708192,0.7276868883556521,0.7276868883556521
0.6000000000000001,-0.8,5964.83349609375,125.95230865478516,inf,0.0,0.9,0.038318452380952384,0.059506531204644414,0.0,0.4986460347969576,0.007513336691404238,0.009632960276117637,0.9999999999627976,0.5126488095047378,0.2090773809446028,1.6763335605727179,0.7900951064218191,0.7900951064218191
0.7000000000000002,-0.8,6147.75634765625,128.64202880859375,inf,0.0,0.9,0.038318452380952384,0.05486425339366516,0.0,0.3535783365433819,0.0038702893290422993,0.0035453216374269005,0.9999999999627976,0.6577380952136258,0.2016369047544034,1.761877631659003,0.8519346069818644,0.8519346069818644
0.8,-0.8,6352.283203125,131.6461639404297,inf,0.0,0.9,0.036830357142857144,0.047228915662650604,0.0,0.23638470450998902,0.0023473065250379363,0.002957508450024143,0.9999999999627976,0.7719494047331864,0.1796874999933152,1.8224333500403012,0.8713101723002368,0.8713101723002368
0.9000000000000001,-0.8,6576.72509765625,134.9331817626953,inf,0.0,0.9,0.03794642857142857,0.043824701195219126,0.0,0.16473317864792217,0.0036659259959657088,0.002751222765673633,0.9999999999627976,0.8404017856830208,0.19159226189763423,1.8483174237550573,0.8834107311953244,0.8834107311953244
1.0,-0.8,6819.123046875,138.47349548339844,inf,0.0,0.9,0.03757440476190476,0.042869269949066216,0.0,0.128333977575248,0.002366891638545182,0.0026861702127659575,0.9999999999627976,0.8764880952054879,0.17373511904115568,1.8611018323093467,0.8889284547948861,0.8889284547948861
-1.0,-0.7,6616.9560546875,137.5240936279297,inf,0.0,0.9,0.06845238095238096,0.06845238095238096,0.0,0.0,0.00427827380952381,0.00427827380952381,0.9999999999627976,0.9999999999627976,0.5156249999808176,1.8630952330589041,0.06733631200487285,-0.06733631200487285
-0.9,-0.7,6368.87353515625,133.66567993164062,inf,0.0,0.9,0.06882440476190477,0.06882440476190477,0.0,0.0,0.004301525297619048,0.004301525297619048,0.9999999999627976,0.9999999999627976,0.5137648809332677,1.8623416312289411,0.06064469311634652,-0.06064469311634652
-0.8,-0.7,6139.6767578125,130.065185546875,inf,0.0,0.9,0.06919642857142858,0.06927374301675977,0.0,0.001199040767338168,0.004654845425360825,0.0046599786563885776,0.9999999999627976,0.9988839285342678,0.5055803571240484,1.8609358393166702,0.02701091904534124,-0.025364182395923536
-0.7,-0.7,5930.35302734375,126.75334167480469,inf,0.0,0.9,0.06845238095238096,0.0687593423019432,0.0,0.00479233226817922,0.004292646509891751,0.004307116104868914,0.9999999999627976,0.995535714248678,0.4680059523635415,1.8612656174607174,0.024393281970779526,0.024393281970779526
-0.6,-0.7,5743.0654296875,123.76283264160156,inf,0.0,0.9,0.06994047619047619,0.07051282051282051,0.0,0.01399999999944,0.004892414426762908,0.004924328331242084,0.9999999999627976,0.9866071428204388,0.4672619047445215,1.8539083624453485,0.24777019554637184,0.24777019554637184
-0.5,-0.7,5579.671875,121.12728118896484,inf,0.0,0.9,0.06956845238095238,0.06511254019292605,0.0,0.06997201119272403,0.007186738944669943,0.0061881770641590275,0.9999999999627976,0.9255952380608038,0.47321428569668106,1.8297006581984439,0.4839292585871601,0.4835101720219236
-0.3999999999999999,-0.7,5442.20556640625,118.8803939819336,inf,0.0,0.9,0.07589285714285714,0.07231588287488909,0.0,0.15821256038010417,0.016314619140342632,0.017220395562147894,0.9999999999627976,0.8385416666354709,0.49962797617188887,1.7695235616143794,0.6606728959001046,0.6606728959001046
-0.29999999999999993,-0.7,5332.376953125,117.05447387695312,inf,0.0,0.9,0.15401785714285715,0.17160826594788858,0.0,0.18909410729159656,0.032019879125426726,0.033253194904351066,0.9999999999627976,0.8281249999691919,0.5145089285522877,1.611743252896211,0.5862266821761314,0.5861098443168756
-0.19999999999999996,-0.7,5253.92578125,115.7513656616211,inf,0.0,0.9,0.22544642857142858,0.2504393673110721,0.0,0.18059558116327593,0.043826085392669474,0.04519997079898117,0.9999999999627976,0.8467261904446903,0.511160714266698,1.4807182525388858,0.39521150390684356,0.3948415097760606
-0.09999999999999998,-0.7,5206.85888671875,114.9221420288086,inf,0.0,0.9,0.23177083333333334,0.25941966219142487,0.0,0.171912832921457,0.048952424043575256,0.052614766219212725,0.9999999999627976,0.8590029761585193,0.4687499999825614,1.4728446291803676,0.3636345603863559,0.3636345603863559
0.0,-0.7,5190.30126953125,114.58374786376953,inf,0.0,0.9,0.22321428571428573,0.24599393676916415,0.0,0.16618773945564236,0.051225808311556285,0.05356246995640167,0.9999999999627976,0.8590029761585193,0.4445684523644134,1.4856628629500028,0.3918274701850537,0.3918274701850537
0.10000000000000009,-0.7,5204.80322265625,114.7445297241211,inf,0.0,0.9,0.24032738095238096,0.2647185217017619,0.0,0.16209598432115102,0.0658199091610159,0.06886316127506543,0.9999999999627976,0.8656994047296988,0.4430803571263735,1.4551462878612083,0.3129901719469479,0.3129901719469479
0.20000000000000018,-0.7,5251.939453125,115.40238189697266,inf,0.0,0.9,0.19605654761904762,0.2167381974248927,0.0,0.15548357241298089,0.061189113919950286,0.06356819537122665,0.9999999999627976,0.8668154761582286,0.4393601190312738,1.5460314377684112,0.31662906012512815,0.31662906012512815
0.30000000000000004,-0.7,5331.3203125,116.54412078857422,inf,0.0,0.9,0.14620535714285715,0.1566061629379485,0.0,0.12941176470024351,0.04693268334537401,0.047377017982146136,0.9999999999627976,0.8813244047291174,0.40401785712782673,1.653628442371707,0.35443306962670174,0.35443306962670174
0.40000000000000013,-0.7,5441.66552734375,118.14620208740234,inf,0.0,0.9,0.021577380952380952,0.020374898125509373,0.0,0.08593155893209387,0.00632236169388025,0.004654177939404239,0.9999999999627976,0.9129464285374649,0.24367559522902993,1.9181020444306496,0.3905104100170669,0.3905104100170669
0.5,-0.7,5581.2177734375,120.17740631103516,inf,0.0,0.9,0.016741071428571428,0.012339819648789748,0.0,0.2126371547403467,0.005356642313816964,0.0032272796357950924,0.9999999999627976,0.7838541666375055,0.255580357133349,1.8663856959502743,0.7170680788159943,0.7170680788159943
0.6000000000000001,-0.7,5746.69873046875,122.60232543945312,inf,0.0,0.9,0.03125,0.04563031709203403,0.0,0.5261136712547576,0.006828110514328307,0.010011007503839084,0.9999999999627976,0.4810267856963904,0.21316964284921244,1.66875078542104,0.7441069637192538,0.7441069637192538
0.7000000000000002,-0.7,5936.21044921875,125.3841323852539,inf,0.0,0.9,0.03757440476190476,0.06350420811017597,0.0,0.5268650946839248,0.007039535997939796,0.006075453372670309,0.9999999999627976,0.48623511902953,0.18005952380282517,1.664135256739324,0.7803802455091722,0.7803802455091722
0.8,-0.7,6148.0654296875,128.4865264892578,inf,0.0,0.9,0.036830357142857144,0.0526939017169923,0.0,0.38200077248427966,0.0027470286949113805,0.003369170199878861,0.9999999999627976,0.6283482142623382,0.19903273808783362,1.7535605650692714,0.8402667824657152,0.8402667824657152
0.9000000000000001,-0.7,6379.81591796875,131.87496948242188,inf,0.0,0.9,0.03720238095238095,0.052160168598524764,0.0,0.3048686244086218,0.0029670092246416296,0.003279014308426073,0.9999999999627976,0.7061011904499219,0.1811755952313551,1.794928397274716,0.8684339962658157,0.8684339962658157
1.0,-0.7,6629.6015625,135.5174102783203,inf,0.0,0.9,0.036830357142857144,0.04547677261613692,0.0,0.24604094243931862,0.002335787089467724,0.002850662089259441,0.9999999999627976,0.7607886904478873,0.17671130951723546,1.8162496311698768,0.8836962653158905,0.8836962653158905
-1.0,-0.6,6451.77001953125,135.09017944335938,inf,0.0,0.9,0.06882440476190477,0.06882440476190477,0.0,0.0,0.004301525297619048,0.004301525297619048,0.9999999999627976,0.9999999999627976,0.5632440475980937,1.8623511234326429,0.06696431959426592,-0.06696431959426592
-0.9,-0.6,6196.1787109375,131.12164306640625,inf,0.0,0.9,0.06845238095238096,0.06847785634536659,0.0,0.00039936102234826835,0.00427827380952381,0.004279866021585412,0.9999999999627976,0.9996279761532877,0.5654761904551534,1.863000763047664,0.04459095343878426,-0.04395371518948697
-0.8,-0.6,5958.7861328125,127.40945434570312,inf,0.0,0.9,0.06919642857142858,0.0692221808708597,0.0,0.0003996802557793893,0.004324776785714286,0.004326386304428731,0.9999999999627976,0.9996279761532877,0.546130952360635,1.8614634446929685,0.02112186315229349,0.02112186315229349
-0.7,-0.6,5742.25439453125,123.98638153076172,inf,0.0,0.9,0.06919642857142858,0.0691588785046729,0.0,0.004796163069352672,0.004420144175070301,0.00432566404788627,0.9999999999627976,0.9951636904391681,0.5442708333130852,1.8592112451685432,0.19384316992893802,0.19384316992893802
-0.6,-0.6,5548.1142578125,120.88752746582031,inf,0.0,0.9,0.06845238095238096,0.06940777065258392,0.0,0.01477635782688593,0.004694961681975935,0.004753134398745696,0.9999999999627976,0.9862351190109289,0.5353422618848459,1.8549413633355611,0.5114585399248951,0.5114585399248951
-0.5,-0.6,5378.203125,118.14950561523438,inf,0.0,0.9,0.07738095238095238,0.07307226483649576,0.0,0.0741935483841051,0.010804862046505999,0.007864049943081422,0.9999999999627976,0.9215029761561941,0.546502976170145,1.8057238850176418,0.6774316736260695,0.6770564982284286
-0.3999999999999999,-0.6,5235.0693359375,115.80917358398438,inf,0.0,0.9,0.13355654761904762,0.12408043158410986,0.0,0.2331472734979327,0.03911611620007379,0.04464510951290023,0.9999999999627976,0.7585565475908276,0.5814732142640822,1.6279853227168237,0.7211076078665282,0.7211076078665282
-0.29999999999999993,-0.6,5121.04736328125,113.97492218017578,inf,0.0,0.9,0.22247023809523808,0.2724097788125728,0.0,0.40191387557885583,0.05403065278460699,0.06286544636403799,0.9999999999627976,0.6391369047381273,0.5922619047398713,1.384928211804564,0.6191612820292263,0.6191612820292263
-0.19999999999999996,-0.6,5038.65478515625,112.60562896728516,inf,0.0,0.9,0.25223214285714285,0.3304696449026346,0.0,0.41840796017818865,0.062213014923828414,0.0686330087429849,0.9999999999627976,0.6495535714044065,0.558779761883974,1.3274135548678239,0.4826499492541597,0.4826499492541597
-0.09999999999999998,-0.6,4989.10302734375,111.72740173339844,inf,0.0,0.9,0.2615327380952381,0.32992465016146394,0.0,0.37279596975451906,0.06517262746771703,0.07459608898116918,0.9999999999627976,0.691220238069523,0.5472470237891649,1.3228362148276016,0.457228889383429,0.457228889383429
0.0,-0.6,4972.2294921875,111.35842895507812,inf,0.0,0.9,0.29724702380952384,0.381885593220339,0.0,0.3822128109908834,0.08029409291027878,0.09253145052447352,0.9999999999627976,0.7023809523548222,0.5156249999808176,1.2645378918601333,0.3892773728630658,0.3892773728630658
0.10000000000000009,-0.6,4987.734375,111.50743103027344,inf,0.0,0.9,0.2537202380952381,0.3181818181818182,0.0,0.3419740777496523,0.07473562389876699,0.08489444283399068,0.9999999999627976,0.7202380952113007,0.47321428569668106,1.3500606288515935,0.4321645566806427,0.4321645566806427
0.20000000000000018,-0.6,5037.48974609375,112.17256164550781,inf,0.0,0.9,0.19866071428571427,0.24134419551934827,0.0,0.3082636954360138,0.06338593660220712,0.06918862840102898,0.9999999999627976,0.7306547618775798,0.43080357141254455,1.462255491929207,0.4862223511912078,0.4862223511912078
0.30000000000000004,-0.6,5120.84716796875,113.34074401855469,inf,0.0,0.9,0.16034226190476192,0.18674698795180722,0.0,0.22241914044207273,0.0523314563738155,0.054677541733801044,0.9999999999627976,0.8028273809225139,0.4356398809361741,1.581876160842377,0.5197514103735499,0.5197514103735499
0.40000000000000013,-0.6,5235.4052734375,114.98807525634766,inf,0.0,0.9,0.09561011904761904,0.10085470085470086,0.0,0.13451254627171894,0.025278402692018576,0.024665096819299816,0.9999999999627976,0.8705357142533283,0.3895089285569379,1.7489079830701608,0.5032786118865695,0.5032786118865695
0.5,-0.6,5380.06494140625,117.08148193359375,inf,0.0,0.9,0.022321428571428572,0.02335456475583864,0.0,0.12480974124334819,0.005967093138565182,0.005657440028096599,0.9999999999627976,0.8761160713959779,0.2113095238016626,1.8970184566560968,0.6007180919260584,0.6007180919260584
0.6000000000000001,-0.6,5551.07177734375,119.58229064941406,inf,0.0,0.9,0.015997023809523808,0.010303687635574838,0.0,0.3100189035799615,0.004172369518441146,0.002614627152577572,0.9999999999627976,0.6860119047363835,0.21316964284921244,1.8145657615582296,0.77788272907615,0.77788272907615
0.7000000000000002,-0.6,5746.47021484375,122.4497299194336,inf,0.0,0.9,0.038318452380952384,0.0537109375,0.0,0.6251450676740756,0.008783465261960258,0.010541772919311486,0.9999999999627976,0.38095238093820866,0.19531249999273392,1.5971630563203831,0.6958252815817723,0.6958252815817723
0.8,-0.6,5965.48681640625,125.6437759399414,inf,0.0,0.9,0.03794642857142857,0.07978241160471441,0.0,0.6075019334645204,0.006206537154303353,0.010321561619080205,0.9999999999627976,0.41034226188949624,0.17038690475556598,1.6106442210648368,0.744522281524796,0.744522281524796
0.9000000000000001,-0.6,6204.57275390625,129.1267852783203,inf,0.0,0.9,0.038318452380952384,0.06552706552706553,0.0,0.4924564796714717,0.004114923474856024,0.0046842012667135825,0.9999999999627976,0.522321428551997,0.17819940475527532,1.6884541474487134,0.8059395337347808,0.8059395337347808
1.0,-0.6,6461.59130859375,132.86424255371094,inf,0.0,0.9,0.03720238095238095,0.058823529411764705,0.0,0.4126738794276401,0.0023576009053187475,0.0036993769470404984,0.9999999999627976,0.6008184523586005,0.16815476189850614,1.7393091233468219,0.8451885189704951,0.8451885189704951
-1.0,-0.5,6309.5087890625,132.9892578125,inf,0.0,0.9,0.06808035714285714,0.06808035714285714,0.0,0.0,0.004255022321428571,0.004255022321428571,0.9999999999627976,0.9999999999627976,0.5606398809315238,1.8638392845789997,0.06547619100603581,-0.06547619100603581
-0.9,-0.5,6047.60595703125,128.92007446289062,inf,0.0,0.9,0.06882440476190477,0.06882440476190477,0.0,0.0,0.004301525297619048,0.004301525297619048,0.9999999999627976,0.9999999999627976,0.5740327380738828,1.862345531590537,0.022696285709013903,-0.022696285709013903
-0.8,-0.5,5803.3974609375,125.10501098632812,inf,0.0,0.9,0.06845238095238096,0.06845238095238096,0.0,0.0,0.00427827380952381,0.00427827380952381,0.9999999999627976,0.9999999999627976,0.5930059523588912,1.8629485626788989,0.21421827267603416,0.21421827267603416
-0.7,-0.5,5579.3876953125,121.57861328125,inf,0.0,0.9,0.06956845238095238,0.06993268511593119,0.0,0.005597760895417922,0.004442432021044704,0.004462280795551753,0.9999999999627976,0.9947916666296581,0.5933779761684012,1.857086300274224,0.537473309704451,0.537473309704451
-0.6,-0.5,5378.1826171875,118.37835693359375,inf,0.0,0.9,0.07552083333333333,0.07208943716268311,0.0,0.03138832997861617,0.00906170707749093,0.0055490198709567656,0.9999999999627976,0.9650297618688606,0.6023065475966404,1.8229804939764684,0.7936360197961265,0.7936360197961265
-0.5,-0.5,5202.39111328125,115.54373931884766,inf,0.0,0.9,0.11160714285714286,0.09454061251664447,0.0,0.14572864320997786,0.03556114382383436,0.0355007974045124,0.9999999999627976,0.838169642825961,0.6168154761675292,1.6898773995186764,0.8173114158990759,0.8173114158990759
-0.3999999999999999,-0.5,5054.3857421875,113.18785858154297,11.629674747570133,0.0,0.9,0.16517857142857142,0.17487266553480477,0.0,0.3502673796635353,0.06275978555111236,0.063356778463279,0.9999999999627976,0.6573660714041158,0.6380208333095975,1.4811638876893523,0.7192224171132894,0.7192224171132894
-0.29999999999999993,-0.5,4936.6943359375,111.2764892578125,inf,0.0,0.9,0.31026785714285715,0.40636846095526913,0.0,0.5776699028814632,0.11098526531749014,0.12491482966347756,0.9999999999627976,0.4906994047436496,0.6737351190225546,1.1377153101662263,0.5096029394435446,0.5096029394435446
-0.19999999999999996,-0.5,4851.482421875,109.84471893310547,inf,0.0,0.9,0.4103422619047619,0.5409026798307476,0.0,0.5892744479123486,0.18485593065094813,0.22213845951171468,0.9999999999627976,0.5275297618851366,0.6960565475931527,0.9724736716348168,0.3731474698687939,0.3731474698687939
-0.09999999999999998,-0.5,4799.56201171875,108.92096710205078,inf,0.0,0.9,0.41294642857142855,0.5320472930927194,0.0,0.5234474017412264,0.18965274259918055,0.21871787112369262,0.9999999999627976,0.5978422618825208,0.6633184523562754,0.9934056463142049,0.3255085095697016,0.3255085095697016
0.0,-0.5,4781.68408203125,108.52474975585938,inf,0.0,0.9,0.390625,0.5003313452617627,0.0,0.539682539649592,0.19094675918204956,0.19583334108363265,0.9999999999627976,0.5613839285505438,0.6417410714046972,1.0147066770120738,0.3255827787587401,0.3255827787587401
0.10000000000000009,-0.5,4797.8037109375,108.66476440429688,inf,0.0,0.9,0.3556547619047619,0.49589603283173733,0.0,0.5744803694818429,0.16097988967202903,0.18601608304383116,0.9999999999627976,0.5438988095035753,0.6257440475957685,1.0551236059227624,0.35974728324560024,0.3592656529894024
0.20000000000000018,-0.5,4849.93212890625,109.3381576538086,inf,0.0,0.9,0.2864583333333333,0.3882279273638071,0.0,0.490615224166287,0.11306427059400294,0.13263290841800737,0.9999999999627976,0.5941220237874211,0.5260416666470967,1.219366200814391,0.4575643208167028,0.4575643208167028
0.30000000000000004,-0.5,4936.36083984375,110.53075408935547,inf,0.0,0.9,0.20535714285714285,0.24608501118568232,0.0,0.3689138576606314,0.08137474574919823,0.07631635179116095,0.9999999999627976,0.6651785714038252,0.4959077380767892,1.4250573236962212,0.5701527925708902,0.5701527925708902
0.40000000000000013,-0.5,5054.8818359375,112.21769714355469,inf,0.0,0.9,0.10193452380952381,0.11676356589147287,0.0,0.24482187240079448,0.031287419725404615,0.030065886512698155,0.9999999999627976,0.7678571428285768,0.45275297617363275,1.6851329396026982,0.622263431718139,0.622263431718139
0.5,-0.5,5203.9287109375,114.3649673461914,inf,0.0,0.9,0.05431547619047619,0.05805892547660312,0.0,0.14476789928620112,0.011375724993837304,0.011583157935779234,0.9999999999627976,0.8586309523490093,0.42931547617450466,1.8237553166851077,0.5872651634712135,0.5872651634712135
0.6000000000000001,-0.5,5380.462890625,116.93197631835938,inf,0.0,0.9,0.026413690476190476,0.02773988176443838,0.0,0.18303400839957837,0.005001419927879593,0.005199062827572267,0.9999999999627976,0.8180803571124227,0.2038690476114632,1.862708128626181,0.7053671844880299,0.7053671844880299
0.7000000000000002,-0.5,5582.15576171875,119.87484741210938,inf,0.0,0.9,0.02492559523809524,0.01816051552431166,0.0,0.36054940860890694,0.007880790406697605,0.004474495689919962,0.9999999999627976,0.6350446428335177,0.2139136904682324,1.7724502616422702,0.784075797135336,0.784075797135336
0.8,-0.5,5807.42041015625,123.15023803710938,inf,0.0,0.9,0.04985119047619048,0.09201623815967523,0.0,0.7372748629311953,0.01689060799268746,0.02020387075275355,0.9999999999627976,0.27492559522786736,0.1651785714224264,1.5098050578950568,0.6383280950601581,0.6383280950601581
0.9000000000000001,-0.5,6052.568359375,126.71745300292969,inf,0.0,0.9,0.04203869047619048,0.09908735332464146,0.0,0.7316504854084797,0.008550353519874893,0.011925064599483204,0.9999999999627976,0.2853422618941465,0.1625744047558566,1.5269942898386923,0.6877806578273569,0.6877806578273569
1.0,-0.5,6315.74169921875,130.53961181640625,inf,0.0,0.9,0.03794642857142857,0.08372530573847602,0.0,0.6233565351653768,0.0028259737873591374,0.005338291746641075,0.9999999999627976,0.39546130950909747,0.15736607142271705,1.6104375671685893,0.7541655064575279,0.7541655064575279
-1.0,-0.3999999999999999,6192.19384765625,131.24392700195312,inf,0.0,0.9,0.06882440476190477,0.06882440476190477,0.0,0.0,0.004301525297619048,0.004301525297619048,0.9999999999627976,0.9999999999627976,0.5613839285505438,1.862351128357408,0.06138395136465048,-0.06138395136465048
-0.9,-0.3999999999999999,5924.1064453125,127.086669921875,inf,0.0,0.9,0.06882440476190477,0.06882440476190477,0.0,0.0,0.004301525297619048,0.004301525297619048,0.9999999999627976,0.9999999999627976,0.5740327380738828,1.8622940981544263,0.13019330301649507,0.13019330301649507
-0.8,-0.3999999999999999,5674.08642578125,123.18079376220703,inf,0.0,0.9,0.06882440476190477,0.06890130353817504,0.0,0.0011985617258810004,0.004301525297619048,0.00430633147113594,0.9999999999627976,0.9988839285342678,0.6149553571199794,1.8608242423195673,0.4793305700719236,0.4793305700719236
-0.7,-0.3999999999999999,5444.109375,119.56246185302734,inf,0.0,0.9,0.0744047619047619,0.07208588957055215,0.0,0.027331189709512413,0.008279040797020605,0.0050095466776834624,0.9999999999627976,0.9702380952020001,0.632440476166948,1.8248657248364086,0.8020378516258343,0.8016275051371188
-0.6,-0.3999999999999999,5236.5302734375,116.27120971679688,12.898089696056212,0.0,0.9,0.10825892857142858,0.08956560680698612,0.0,0.1518564872694261,0.03051035259301439,0.018756957517519587,0.9999999999627976,0.8307291666357616,0.6361607142620477,1.6751173342374406,0.8298417883276498,0.8298367140905252
-0.5,-0.3999999999999999,5055.48876953125,113.42216491699219,9.000116678788988,0.0,0.9,0.23623511904761904,0.19316332067281605,0.0,0.27569410617264034,0.11391623178510848,0.08133075107539041,0.9999999999627976,0.6856398809268736,0.6755952380701044,1.3858145480421242,0.6637486686648287,0.6637486686648287
-0.3999999999999999,-0.3999999999999999,4903.12890625,110.9856185913086,6.509646070966587,0.0,0.9,0.3541666666666667,0.4120639534883721,0.0,0.5339861750844478,0.19389294127647866,0.18531524452673787,0.9999999999627976,0.5119047618857179,0.7235863094968904,1.0955243952773746,0.48708500711962555,0.48708500711962555
-0.29999999999999993,-0.3999999999999999,4782.07470703125,109.0037612915039,5.722951852705479,0.0,0.9,0.42038690476190477,0.5831381733021077,0.0,0.6572528882761711,0.22386074618411445,0.2776774999069218,0.9999999999627976,0.4765624999822708,0.7302827380680699,0.9400326871770387,0.39795075883749154,0.39771453470051754
-0.19999999999999996,-0.3999999999999999,4693.7666015625,107.51470184326172,5.312723209583659,0.0,0.9,0.5316220238095238,0.7060539752005836,0.0,0.679904686204932,0.32109428790470057,0.41166889462607736,0.9999999999627976,0.510044642838168,0.7514880952101382,0.7350369185323975,0.25935453388049173,0.25935453388049173
-0.09999999999999998,-0.3999999999999999,4639.96826171875,106.54949951171875,inf,0.0,0.9,0.5673363095238095,0.6889920424403183,0.0,0.596732588082826,0.40092933225336436,0.4628181007881246,0.9999999999627976,0.5610119047410338,0.7433035714009188,0.6986037222670192,0.2027586303434692,0.20252967575171754
0.0,-0.3999999999999999,4621.43896484375,106.12907409667969,inf,0.0,0.9,0.5372023809523809,0.634703196347032,0.0,0.5498392282516206,0.3668117680410746,0.3781599089812253,0.9999999999627976,0.5703124999787831,0.7113095237830614,0.766934506841182,0.2148191371882145,0.2148191371882145
0.10000000000000009,-0.3999999999999999,4638.15576171875,106.26210021972656,inf,0.0,0.9,0.5133928571428571,0.642706131078224,0.0,0.6123853210540989,0.34065057677549376,0.3288810175049964,0.9999999999627976,0.5279017856946465,0.6964285714026627,0.7912021963521764,0.22853060549981905,0.22784086902982906
0.20000000000000018,-0.3999999999999999,4691.9013671875,106.9443130493164,inf,0.0,0.9,0.36049107142857145,0.5590484282073067,0.0,0.698080279191502,0.20851985412710586,0.26092239412030094,0.9999999999627976,0.437872023793234,0.6346726190240077,0.9884475816938665,0.34467091977777486,0.34467091977777486
0.30000000000000004,-0.3999999999999999,4780.8310546875,108.15921783447266,inf,0.0,0.9,0.27120535714285715,0.3902439024390244,0.0,0.6043899948645027,0.1477210863266724,0.17225350615608825,0.9999999999627976,0.4728422618871711,0.5874255952162416,1.2042163648891417,0.4597369638301757,0.4597369638301757
0.40000000000000013,-0.3999999999999999,4902.857421875,109.87996673583984,inf,0.0,0.9,0.1328125,0.15780245470485096,0.0,0.3818103817940022,0.06105894622584458,0.055686100900168886,0.9999999999627976,0.6365327380715576,0.5059523809335583,1.5472523184271698,0.644575662488144,0.644575662488144
0.5,-0.3999999999999999,5056.1240234375,112.07125854492188,inf,0.0,0.9,0.059895833333333336,0.06782106782106782,0.0,0.2330827067576936,0.015379828628313807,0.011562510674026496,0.9999999999627976,0.7734374999712263,0.4810267856963904,1.7724621007621209,0.6784229886686154,0.6784229886686154
0.6000000000000001,-0.3999999999999999,5237.40771484375,114.69160461425781,inf,0.0,0.9,0.036458333333333336,0.03760071620411817,0.0,0.16988416987761065,0.006273430280707445,0.004547773278254126,0.9999999999627976,0.8311011904452715,0.43303571426960435,1.852666638054571,0.589052209829526,0.589052209829526
0.7000000000000002,-0.3999999999999999,5444.6044921875,117.69577026367188,inf,0.0,0.9,0.014508928571428572,0.016008004002001,0.0,0.25745564362939016,0.002914249879063623,0.003216602867241258,0.9999999999627976,0.7436755952104288,0.22879464284863116,1.8492913800946298,0.7975469763712432,0.7975469763712432
0.8,-0.3999999999999999,5675.05908203125,121.0381088256836,inf,0.0,0.9,0.02269345238095238,0.01516245487364621,0.0,0.4807765511807851,0.006773374751434273,0.0035990794371652196,0.9999999999627976,0.5152529761713076,0.19531249999273392,1.7242721192415749,0.7769369495989848,0.7769369495989848
0.9000000000000001,-0.3999999999999999,5925.42529296875,124.67534637451172,inf,0.0,0.9,0.030877976190476192,0.03783783783783784,0.0,0.7950095968984642,0.009822567951153483,0.006526432586318153,0.9999999999627976,0.206473214278033,0.1748511904696856,1.466615931134808,0.610990574816489,0.610990574816489
1.0,-0.3999999999999999,6193.56982421875,128.5684051513672,inf,0.0,0.9,0.038318452380952384,0.09451219512195122,0.0,0.8851063829444834,0.0049202800011889985,0.008010335917312662,0.9999999999627976,0.12202380951926996,0.1677827380889962,1.4107268451404,0.6060209850194958,0.6060209850194958
-1.0,-0.29999999999999993,6099.86767578125,129.87457275390625,inf,0.0,0.9,0.06882440476190477,0.06882440476190477,0.0,0.0,0.004301525297619048,0.004301525297619048,0.9999999999627976,0.9999999999627976,0.5606398809315238,1.86235063070593,0.023809754113080783,-0.023809754113080783
-0.9,-0.29999999999999993,5826.671875,125.64464569091797,inf,0.0,0.9,0.06845238095238096,0.06845238095238096,0.0,0.0,0.00427827380952381,0.00427827380952381,0.9999999999627976,0.9999999999627976,0.5732886904548627,1.862969879396504,0.30873255180747605,0.30873255180747605
-0.8,-0.29999999999999993,5571.611328125,121.66333770751953,inf,0.0,0.9,0.06956845238095238,0.06928838951310862,0.0,0.006397441023334769,0.004739658701468106,0.0043305243445692886,0.9999999999627976,0.9933035713916182,0.6067708333107601,1.851773062734856,0.6627288508584577,0.6627288508584577
-0.7,-0.29999999999999993,5336.95458984375,117.96794128417969,13.664626702062517,0.0,0.9,0.09077380952380952,0.08145580589254767,0.0,0.13256955809604873,0.016680467299573003,0.006903809715224148,0.9999999999627976,0.8586309523490093,0.6305803571193981,1.7137173293080743,0.853871815692493,0.8534554035749824
-0.6,-0.29999999999999993,5124.90625,114.67276763916016,8.87905664827627,0.0,0.9,0.21875,0.14527205493924986,0.0,0.22952380951287985,0.09906549561481627,0.06893115165431793,0.9999999999627976,0.704241071402372,0.6781994047366742,1.430541144034232,0.6895311567865066,0.6895311567865066
-0.5,-0.29999999999999993,4939.53564453125,111.7492446899414,5.988089927539445,0.0,0.9,0.3158482142857143,0.33867735470941884,0.0,0.46166394777261205,0.15651066735842367,0.1570635586438097,0.9999999999627976,0.5569196428364241,0.7120535714020814,1.1665083457438399,0.5440386870362888,0.543841094928447
-0.3999999999999999,-0.29999999999999993,4784.1787109375,109.24339294433594,4.311212762150006,0.0,0.9,0.45126488095238093,0.6794759825327511,0.0,0.7511864406270382,0.26714608339860263,0.32815193492865874,0.9999999999627976,0.4259672618889149,0.777901785685346,0.8569326993409168,0.35904799110531105,0.3589297477759835
-0.29999999999999993,-0.29999999999999993,4659.802734375,107.20037078857422,3.430433761853103,0.0,0.9,0.5732886904761905,0.8233962264150944,0.0,0.7959895378556242,0.3941680505063241,0.4819494057298508,0.9999999999627976,0.4929315476007094,0.8508184523493,0.630695988728342,0.2254380699953114,0.2254380699953114
-0.19999999999999996,-0.29999999999999993,4568.78271484375,105.66130065917969,3.519499004022366,0.0,0.9,0.5829613095238095,0.7383241758241759,0.0,0.6601248884335303,0.41637966039521723,0.493792457490403,0.9999999999627976,0.5416666666465154,0.7935267856847646,0.6503741517633793,0.21759174572262235,0.21759174572262235
-0.09999999999999998,-0.29999999999999993,4513.48193359375,104.65966796875,3.127440757344202,0.0,0.9,0.7340029761904762,0.8545454545454545,0.0,0.653146853055504,0.6444143167762648,0.7721573407103196,0.9999999999627976,0.6343005952144978,0.8709077380628383,0.4277913743497567,0.114686689705817,0.10345147150837328
0.0,-0.29999999999999993,4494.50390625,104.21784210205078,inf,0.0,0.9,0.6707589285714286,0.7942359249329759,0.0,0.6531073445589709,0.5442424267499129,0.665295445289039,0.9999999999627976,0.5550595237888744,0.8199404761599725,0.5330411059026385,0.1350565376708148,0.12999597192182932
0.10000000000000009,-0.29999999999999993,4512.1025390625,104.34461975097656,inf,0.0,0.9,0.6183035714285714,0.7640094711917916,0.0,0.7085769979816201,0.4617495424272895,0.5488755582403797,0.9999999999627976,0.4713541666491312,0.7849702380660354,0.6018137294947487,0.1377987859746799,0.1369081573392454
0.20000000000000018,-0.29999999999999993,4566.1279296875,105.0343017578125,inf,0.0,0.9,0.5811011904761905,0.8022079116835327,0.0,0.8090586144929788,0.4544694698371708,0.5118051847346282,0.9999999999627976,0.4043898809373367,0.7730654761617164,0.6413401039732881,0.11258825063766295,0.10817206114991998
0.30000000000000004,-0.29999999999999993,4657.1455078125,106.26793670654297,inf,0.0,0.9,0.32924107142857145,0.5802997858672377,0.0,0.7825845812100618,0.22874805708365883,0.31306011080652585,0.9999999999627976,0.34747023808231137,0.655877976166076,0.9781243976723477,0.3633317165551609,0.3633317165551609
0.40000000000000013,-0.29999999999999993,4782.0771484375,108.0157241821289,inf,0.0,0.9,0.21688988095238096,0.2983081032947462,0.0,0.6256532066211091,0.1556252729662648,0.16067099846299138,0.9999999999627976,0.4177827380796956,0.6153273809294894,1.275799067817744,0.5290957971577523,0.5286587175183738
0.5,-0.29999999999999993,4938.47900390625,110.24029541015625,inf,0.0,0.9,0.08407738095238096,0.09897025171624714,0.0,0.3602761981982016,0.03353865969327813,0.03041969657302067,0.9999999999627976,0.6502976190234264,0.5159970237903275,1.6542632152334893,0.729944894495737,0.729944894495737
0.6000000000000001,-0.29999999999999993,5124.0537109375,112.89922332763672,inf,0.0,0.9,0.0390625,0.038922155688622756,0.0,0.25435540068701684,0.012905422028097023,0.00872735087295252,0.9999999999627976,0.7455357142579786,0.48363095236296016,1.805459388461637,0.7431863861669599,0.7431863861669599
0.7000000000000002,-0.29999999999999993,5335.81982421875,115.94722747802734,inf,0.0,0.9,0.016741071428571428,0.016584491259524877,0.0,0.1698827090363268,0.004661959563376911,0.0041799752059117025,0.9999999999627976,0.8299851190167417,0.39136904760448776,1.8918644143398788,0.6352928162076779,0.6352928162076779
0.8,-0.29999999999999993,5570.314453125,119.33812713623047,inf,0.0,0.9,0.011532738095238096,0.009022556390977444,0.0,0.2559277380408006,0.002336768961604072,0.0016431864090744289,0.9999999999627976,0.7421874999723889,0.23139880951520095,1.857361842463645,0.8543715043571292,0.8543715043571292
0.9000000000000001,-0.29999999999999993,5825.29931640625,123.02727508544922,inf,0.0,0.9,0.024553571428571428,0.012909632571996028,0.0,0.6209000762539703,0.008342518990368945,0.0031073364593278336,0.9999999999627976,0.37462797617653915,0.182291666659885,1.6249936284741648,0.7152421998607534,0.7152421998607534
1.0,-0.29999999999999993,6097.76318359375,126.973876953125,inf,0.0,0.9,0.044270833333333336,0.02040816326530612,0.0,0.9065784351535003,0.0081470901141537,0.0027929275158339196,0.9999999999627976,0.0911458333299425,0.1834077380884149,1.295062462891468,0.5013451838398967,0.5013451838398967
-1.0,-0.19999999999999996,6034.1689453125,128.8980712890625,inf,0.0,0.9,0.06882440476190477,0.06882440476190477,0.0,0.0,0.004301525297619048,0.004301525297619048,0.9999999999627976,0.9999999999627976,0.571056547597803,1.8623501101094682,0.06956815372911015,0.06956815372911015
-0.9,-0.19999999999999996,5756.6962890625,124.6135482788086,inf,0.0,0.9,0.06919642857142858,0.06890130353817504,0.0,0.0007993605115587786,0.004618782728663637,0.00430633147113594,0.9999999999627976,0.9988839285342678,0.5773809523594725,1.8608448862308085,0.43867442521856936,0.43867442521856936
-0.8,-0.19999999999999996,5497.42236328125,120.57511901855469,16.418221343776718,0.0,0.9,0.06919642857142858,0.07000765110941086,0.0,0.028377298160336642,0.004805095945679684,0.00437715269804822,0.9999999999627976,0.97247023805906,0.6216517856911589,1.8270505419842216,0.8354807338258686,0.8354807338258686
-0.7,-0.19999999999999996,5259.482421875,116.8938980102539,10.386350697810586,0.0,0.9,0.12686011904761904,0.09051724137931035,0.0,0.19088197698377155,0.033083374571725534,0.009491800030677983,0.9999999999627976,0.7767857142568161,0.6893601190219732,1.605652560964951,0.8015722108336345,0.8014439025983424
-0.6,-0.19999999999999996,5044.75341796875,113.53944396972656,6.913826846509496,0.0,0.9,0.25595238095238093,0.20745920745920746,0.0,0.31999999998399997,0.1124717439122337,0.10455952083724492,0.9999999999627976,0.6383928571191074,0.7217261904493406,1.3260027950005295,0.628662746370312,0.628662746370312
-0.5,-0.19999999999999996,4856.5146484375,110.55793762207031,4.5715618932959465,0.0,0.9,0.3549107142857143,0.4625105307497894,0.0,0.6320645905056479,0.19074019054344393,0.1842211127617706,0.9999999999627976,0.44159226188833367,0.7380952380677792,1.0369247041065652,0.4615717768071459,0.4615717768071459
-0.3999999999999999,-0.19999999999999996,4698.11865234375,107.99747467041016,2.97000310678874,0.0,0.9,0.5706845238095238,0.8683760683760684,0.0,0.8665511264413733,0.3776192507212825,0.5009241277802339,0.9999999999627976,0.43526785712666416,0.8880208333002969,0.6166404335330242,0.2231314083268054,0.2231314083268054
-0.29999999999999993,-0.19999999999999996,4571.54833984375,105.9056625366211,2.49694994065139,0.0,0.9,0.6629464285714286,0.865955826351866,0.0,0.8057395142598521,0.46270636380500313,0.5245349706291406,0.9999999999627976,0.4884672618865898,0.8880208333002969,0.49084368470834,0.1213720055163648,0.1213720055163648
-0.19999999999999996,-0.19999999999999996,4478.06689453125,104.3260498046875,2.629758466692194,0.0,0.9,0.7131696428571429,0.8212180746561886,0.0,0.6459143968033834,0.5732759466473147,0.6266959939254371,0.9999999999627976,0.5680803571217232,0.8705357142533283,0.47296241198318933,0.12362891872233644,0.12037120077893686
-0.09999999999999998,-0.19999999999999996,4421.45166015625,103.29420471191406,2.548113995684008,0.0,0.9,0.6960565476190477,0.8313253012048193,0.0,0.6744186045686147,0.5416846900564422,0.6776742367380992,0.9999999999627976,0.5866815475972217,0.8660714285392087,0.485280758803825,0.1435503601744908,0.1428269972836298
0.0,-0.19999999999999996,4401.8330078125,102.83377838134766,2.685963997519726,0.0,0.9,0.7027529761904762,0.8142112125162972,0.0,0.6433041300821898,0.5520369123709274,0.6888659240494135,0.9999999999627976,0.570684523788293,0.8437499999686106,0.4904893865429271,0.1316575243399115,0.1212259135246228
0.10000000000000009,-0.19999999999999996,4419.60205078125,102.9537124633789,2.9742073260745947,0.0,0.9,0.7708333333333334,0.8756674294431731,0.0,0.735389610270229,0.6708209147115187,0.7129820339016818,0.9999999999627976,0.48772321426756987,0.8790922618720576,0.3743485388881704,0.059850442476355764,0.023705189002005158
0.20000000000000018,-0.19999999999999996,4474.76220703125,103.64730072021484,inf,0.0,0.9,0.7194940476190477,0.8353535353535354,0.0,0.78381962854326,0.5665497819025342,0.521995373097499,0.9999999999627976,0.3683035714148697,0.8456101190161603,0.46865537181998224,0.11002962959023573,-0.01824109117220636
0.30000000000000004,-0.19999999999999996,4566.7021484375,104.89334869384766,inf,0.0,0.9,0.5145089285714286,0.8125,0.0,0.9011494252183027,0.40314346837413717,0.4408806523436322,0.9999999999627976,0.25595238094285894,0.8065476190176136,0.6582525188283803,0.10523393118814274,0.1011580677193604
0.40000000000000013,-0.19999999999999996,4693.92041015625,106.6592788696289,inf,0.0,0.9,0.2767857142857143,0.5169753086419753,0.0,0.8389917695041671,0.2106267249027749,0.22240448614220373,0.9999999999627976,0.24107142856246017,0.7008928571167823,1.0483941392492675,0.37211547125703437,0.37211547125703437
0.5,-0.19999999999999996,4853.67431640625,108.90506744384766,inf,0.0,0.9,0.10788690476190477,0.1456953642384106,0.0,0.5696413677827507,0.06066118972365242,0.05915399128737742,0.9999999999627976,0.449404761888043,0.6097470237868398,1.48328321608474,0.6474348419397982,0.6474348419397982
0.6000000000000001,-0.19999999999999996,5042.5498046875,111.58688354492188,inf,0.0,0.9,0.05580357142857143,0.06099706744868035,0.0,0.36918833725889727,0.023870021348453847,0.024910316923557402,0.9999999999627976,0.6343005952144978,0.5412946428370055,1.7077306033567883,0.7782458191022287,0.7782458191022287
0.7000000000000002,-0.19999999999999996,5257.25244140625,114.65953826904297,inf,0.0,0.9,0.029017857142857144,0.03248031496062992,0.0,0.24674329500970332,0.01566782558307982,0.016223920565118868,0.9999999999627976,0.7559523809242578,0.45870535712579225,1.832338294326456,0.7506779790356741,0.7506779790356741
0.8,-0.19999999999999996,5494.82666015625,118.07769775390625,inf,0.0,0.9,0.009300595238095238,0.00945945945945946,0.0,0.17423957941516188,0.003470649895649072,0.002779128092562936,0.9999999999627976,0.825892857112132,0.38318452379526846,1.9027034779096648,0.675724652900044,0.675724652900044
0.9000000000000001,-0.19999999999999996,5753.15966796875,121.79719543457031,inf,0.0,0.9,0.015997023809523808,0.014136125654450262,0.0,0.2880907372291837,0.0038824936629321205,0.0038261200842170193,0.9999999999627976,0.7105654761640415,0.2380952380863804,1.8365535746513064,0.8617396851903347,0.8617396851903347
1.0,-0.19999999999999996,6029.08984375,125.7766342163086,inf,0.0,0.9,0.04985119047619048,0.05194805194805195,0.0,0.8570869224409912,0.015325570200199217,0.013356154698138193,0.9999999999627976,0.1432291666613382,0.22507440475353147,1.401898094949413,0.5759203052843566,0.5759203052843566
-1.0,-0.09999999999999998,5995.75537109375,128.32696533203125,inf,0.0,0.9,0.06845238095238096,0.06845238095238096,0.0,0.0,0.00427827380952381,0.00427827380952381,0.9999999999627976,0.9999999999627976,0.583333333311632,1.8630848680445393,0.16703563341703884,0.16703563341703884
-0.9,-0.09999999999999998,5716.06689453125,124.0079345703125,inf,0.0,0.9,0.06919642857142858,0.06927374301675977,0.0,0.001199040767338168,0.004618782728663637,0.004625194799791205,0.9999999999627976,0.9988839285342678,0.6287202380718483,1.8591990002057024,0.5565558912025717,0.5565558912025717
-0.8,-0.09999999999999998,5454.43701171875,120.00599670410156,13.881716241028117,0.0,0.9,0.07366071428571429,0.07334384858044164,0.0,0.05622489959613555,0.007397378363197184,0.00559298296962849,0.9999999999627976,0.9434523809172823,0.7116815475925714,1.7959708256278093,0.8747052858987793,0.8742754306866825
-0.7,-0.09999999999999998,5213.48974609375,116.28680419921875,8.633936180266112,0.0,0.9,0.14546130952380953,0.10083620265617314,0.0,0.20417936437944367,0.042382456056687855,0.01962979221539362,0.9999999999627976,0.7563244047337677,0.7217261904493406,1.565084394410987,0.7735191622338565,0.7735191622338565
-0.6,-0.09999999999999998,4996.4833984375,112.89364624023438,5.433976001517121,0.0,0.9,0.3005952380952381,0.29693343305908754,0.0,0.4999999999734042,0.14906240456055486,0.1391274365119661,0.9999999999627976,0.49739583331482906,0.7671130952095568,1.1733342208533128,0.5434439434870157,0.5423018275940419
-0.5,-0.09999999999999998,4806.7509765625,109.87364196777344,3.2572808784178173,0.0,0.9,0.5427827380952381,0.7181818181818181,0.0,0.7477624084013211,0.3547508496230803,0.3533380045344795,0.9999999999627976,0.4092261904609663,0.873883928538918,0.690566177502994,0.23727251776062508,0.23727251776062508
-0.3999999999999999,-0.09999999999999998,4646.93994140625,107.27629089355469,2.7523767201421916,0.0,0.9,0.6041666666666666,0.8213935230618253,0.0,0.828947368343144,0.3618773903725976,0.4297238857609207,0.9999999999627976,0.3790922618906588,0.8575148809204794,0.5905108250475075,0.16624131481834167,0.16624131481834167
-0.29999999999999993,-0.09999999999999998,4518.65478515625,105.15071868896484,2.2339511531478617,0.0,0.9,0.7325148809523809,0.8900523560209425,0.0,0.7955493740200905,0.5490522310033626,0.5471507954989658,0.9999999999627976,0.49739583331482906,0.9103422618708951,0.4004086279591539,0.06529447523632799,0.06406108217252579
-0.19999999999999996,-0.09999999999999998,4423.91748046875,103.54214477539062,2.071639759944117,0.0,0.9,0.7570684523809523,0.92,0.0,0.825421133104836,0.6011692240314943,0.7637878396865563,0.9999999999627976,0.5301339285517064,0.9181547618706044,0.36637548608788023,0.05990435510376785,0.05874033491827235
-0.09999999999999998,-0.09999999999999998,4366.1513671875,102.48750305175781,1.866884942378156,0.0,0.9,0.7976190476190477,0.8938149972632731,0.0,0.6433823528229077,0.6696030796440849,0.8095839983162489,0.9999999999627976,0.679687499974714,0.9185267856801144,0.3251755920206745,0.07427365933371143,0.07246602990704248
0.0,-0.09999999999999998,4345.92919921875,102.0113754272461,2.0066033170811877,0.0,0.9,0.7596726190476191,0.8678051865907653,0.0,0.6764705881305774,0.6164075730855341,0.7582155216253629,0.9999999999627976,0.5881696428352616,0.8887648809193168,0.3844027255945428,0.08611592184710437,0.08300798309159245
0.10000000000000009,-0.09999999999999998,4363.5400390625,102.12289428710938,2.0873147355631234,0.0,0.9,0.7920386904761905,0.8512720156555773,0.0,0.7280858674905034,0.6635496993213411,0.620170755581553,0.9999999999627976,0.3802083333191887,0.8958333333000063,0.34379987611429424,0.06743635329891423,0.012289540993728358
0.20000000000000018,-0.09999999999999998,4419.45849609375,102.81463623046875,2.7339137032106575,0.0,0.9,0.7473958333333334,0.7838214783821479,0.0,0.7717231221249303,0.6101432987361062,0.4751466825768163,0.9999999999627976,0.26674107141864806,0.8426339285400807,0.44322298546263966,0.131650076333801,-0.03946395919106295
0.30000000000000004,-0.09999999999999998,4512.61865234375,104.06398010253906,inf,0.0,0.9,0.6171875,0.6696750902527075,0.0,0.8221574343224336,0.4442993437320968,0.32552446141261293,0.9999999999627976,0.20610119046852304,0.8147321428268329,0.604055143370513,0.12525685841916015,-0.025363027094805195
0.40000000000000013,-0.09999999999999998,4641.04443359375,105.83624267578125,inf,0.0,0.9,0.38318452380952384,0.6580645161290323,0.0,0.9360675512101285,0.29134938497417784,0.23700023667103867,0.9999999999627976,0.1153273809480905,0.7704613094951466,0.798091021978089,0.14631358772610276,0.14631358772610276
0.5,-0.09999999999999998,4802.65625,108.08924865722656,inf,0.0,0.9,0.13988095238095238,0.3868194842406877,0.0,0.9074394463275329,0.08732978839601124,0.09074381969812906,0.9999999999627976,0.12983630951897931,0.7135416666401213,1.1734351128171676,0.493742375877874,0.493742375877874
0.6000000000000001,-0.09999999999999998,4993.4775390625,110.77747344970703,inf,0.0,0.9,0.05915178571428571,0.049805447470817124,0.0,0.5172004744753974,0.02999704903538838,0.03412087255306383,0.9999999999627976,0.4780505952203106,0.6469494047378367,1.5905837701992753,0.7325481997975194,0.7325481997975194
0.7000000000000002,-0.09999999999999998,5210.1552734375,113.85526275634766,inf,0.0,0.9,0.027529761904761904,0.030709101060859854,0.0,0.3358837031241055,0.014913583339351971,0.016524748599655976,0.9999999999627976,0.6662946428323552,0.5249255952185667,1.7762460567307932,0.8041892853748945,0.8041892853748945
0.8,-0.09999999999999998,5449.826171875,117.27845001220703,inf,0.0,0.9,0.018973214285714284,0.019854721549636804,0.0,0.2324611300632362,0.007916181490868049,0.008819414601245306,0.9999999999627976,0.7682291666380867,0.42299107141283515,1.8518949027998175,0.7435847757866523,0.7435847757866523
0.9000000000000001,-0.09999999999999998,5709.9111328125,121.004638671875,inf,0.0,0.9,0.004836309523809524,0.0028957528957528956,0.0,0.2276635513933584,0.0026645146519527645,0.0013347598435229377,0.9999999999627976,0.7708333333046565,0.39136904760448776,1.8838801881819092,0.7471914343037375,0.7471914343037375
1.0,-0.09999999999999998,5988.0234375,124.99359130859375,inf,0.0,0.9,0.028645833333333332,0.03144016227180527,0.0,0.6342397548588955,0.01647161224004929,0.014329628004678727,0.9999999999627976,0.3668154761768298,0.2518601190382493,1.6437546495739843,0.7594130523629405,0.7594130523629405
-1.0,0.0,5985.40478515625,128.16848754882812,inf,0.0,0.9,0.06882440476190477,0.06882440476190477,0.0,0.0,0.004301525297619048,0.004301525297619048,0.9999999999627976,0.9999999999627976,0.6249999999767486,1.8623337982587196,0.23697214323249835,0.23697214323249835
-0.9,0.0,5705.09326171875,123.9091567993164,inf,0.0,0.9,0.06882440476190477,0.06885001860811314,0.0,0.0003995205752936668,0.004303126163007071,0.004303126163007071,0.9999999999627976,0.9996279761532877,0.6908482142600131,1.8606453416720519,0.6423362594906004,0.6423362594906004
-0.8,0.0,5442.28759765625,119.89286041259766,12.779476544061723,0.0,0.9,0.07366071428571429,0.07249216300940439,0.0,0.049397590359461944,0.007113493961340821,0.004902885682574917,0.9999999999627976,0.9494047618694419,0.691220238069523,1.7993841858729243,0.8840623400479901,0.8840623400479901
-0.7,0.0,5200.0146484375,116.15823364257812,7.192383930701843,0.0,0.9,0.16592261904761904,0.11742006615214995,0.0,0.28590544155727454,0.05773362872684709,0.03453684768146652,0.9999999999627976,0.6748511904510844,0.7503720237816083,1.4917297993356293,0.7320749005571748,0.7315307016448602
-0.6,0.0,4982.009765625,112.74871063232422,4.481663170997609,0.0,0.9,0.35453869047619047,0.35064935064935066,0.0,0.6253602305115066,0.18306555689849124,0.11185672566588711,0.9999999999627976,0.37239583331947934,0.8087797618746734,1.0101122651834706,0.4254500626370301,0.4254500626370301
-0.5,0.0,4791.3603515625,109.71176147460938,3.1632097430073287,0.0,0.9,0.5100446428571429,0.7661498708010336,0.0,0.862566438810739,0.28206465007467807,0.3324054929197031,0.9999999999627976,0.2879464285607163,0.8162202380648728,0.7150037806951811,0.22494044231548996,0.22493587188558026
-0.3999999999999999,0.0,4630.77587890625,107.09722900390625,2.452941758128357,0.0,0.9,0.6502976190476191,0.8835143139190523,0.0,0.8744680850133545,0.40408923778123457,0.46506128992115714,0.9999999999627976,0.37686011903359895,0.8552827380634196,0.5150452652469265,0.09931082932134283,0.09871027728695334
-0.29999999999999993,0.0,4501.64501953125,104.95481872558594,1.9684361314454422,0.0,0.9,0.7637648809523809,0.9272281275551921,0.0,0.8598425195496312,0.5827411390395818,0.5899054404214265,0.9999999999627976,0.45498511903069255,0.9374999999651228,0.3525922790594385,0.03894941611680852,0.02583972079789644
-0.19999999999999996,0.0,4406.72705078125,103.3302993774414,1.7586002350556826,0.0,0.9,0.8009672619047619,0.9172821270310192,0.0,0.7906542054596909,0.6627548738112967,0.6499440255131572,0.9999999999627976,0.5037202380764986,0.9289434523463935,0.3183700090099969,0.04757113840695247,0.02111649593757465
-0.09999999999999998,0.0,4348.77587890625,102.26116180419922,1.8513753171391538,0.0,0.9,0.7704613095238095,0.8803936411809236,0.0,0.7439222040933676,0.61716878622597,0.715499231189966,0.9999999999627976,0.49144345236266956,0.9040178571092256,0.37054277471920083,0.0605988322898673,0.048180346798644205
0.0,0.0,4328.2822265625,101.77241516113281,1.7454708333123097,0.0,0.9,0.8098958333333334,0.9217391304347826,0.0,0.8238747552203767,0.6875055789557709,0.8748159647770228,0.9999999999627976,0.4278273809364648,0.9348958332985531,0.30160528864740976,0.02114242646177755,-0.0028898629631822896
0.10000000000000009,0.0,4346.296875,101.87324523925781,1.860106313341089,0.0,0.9,0.7120535714285714,0.7651162790697674,0.0,0.8695090438153089,0.5415659311952192,0.4839937889351709,0.9999999999627976,0.15997023808928684,0.8519345237778299,0.4477680389363578,0.054083527050803284,0.020097787921516654
0.20000000000000018,0.0,4402.1474609375,102.55595397949219,1.432682199983878,0.0,0.9,0.9014136904761905,0.9709302325581395,0.0,0.9622641505802776,0.8376807564439344,0.8884604502251562,0.9999999999627976,0.12797619047142947,0.9665178571069004,0.2177327099245964,0.19875391961833916,-0.19798077120722074
0.30000000000000004,0.0,4496.00732421875,103.79729461669922,2.3131497532401464,0.0,0.9,0.7686011904761905,0.7622377622377622,0.0,0.8906752410143609,0.6271887729499679,0.5892404139314379,0.9999999999627976,0.10639880951985124,0.9122023809184449,0.4294337359632562,0.24345212058870466,-0.20380403167940367
0.40000000000000013,0.0,4625.162109375,105.56171417236328,2.4531217840233652,0.0,0.9,0.6257440476190477,0.8125,0.0,0.9612326042782076,0.4982684621876884,0.360929692785974,0.9999999999627976,0.07738095237807363,0.8668154761582286,0.600962332580306,0.17232489932613446,-0.16061613168178115
0.5,0.0,4787.38330078125,107.80574798583984,inf,0.0,0.9,0.17708333333333334,0.48314606741573035,0.0,0.9376130198491134,0.11297896620333897,0.1495580808080808,0.9999999999627976,0.09933035713916183,0.7708333333046565,0.9771721408914167,0.3384398901019921,0.33840550953885595
0.6000000000000001,0.0,4978.94677734375,110.4828109741211,inf,0.0,0.9,0.08072916666666667,0.08846153846153847,0.0,0.80817482797215,0.03270174850995196,0.025687732809825833,0.9999999999627976,0.19345238094518408,0.7075892856879618,1.3656281992690182,0.6056013770925515,0.6056013770925515
0.7000000000000002,0.0,5196.02490234375,113.54655456542969,inf,0.0,0.9,0.018229166666666668,0.01729818780889621,0.0,0.5479348237761298,0.008199843421538526,0.008866221069433359,0.9999999999627976,0.4516369047451028,0.5863095237877117,1.65395239896027,0.76640918785768,0.76640918785768
0.8,0.0,5436.06787109375,116.95339965820312,inf,0.0,0.9,0.02194940476190476,0.030079803560466543,0.0,0.3990110307950167,0.005751930008933006,0.01108341212427714,0.9999999999627976,0.6060267856917401,0.5141369047427776,1.754148962295705,0.772333531001402,0.772333531001402
0.9000000000000001,0.0,5696.92138671875,120.662841796875,inf,0.0,0.9,0.010788690476190476,0.011830635118306352,0.0,0.4031590823466281,0.0026073905585800583,0.004500636982396123,0.9999999999627976,0.5974702380730108,0.41852678569871554,1.7671612555833043,0.7511087653643471,0.7511087653643471
1.0,0.0,5975.13330078125,124.63692474365234,2.804298666680381,0.0,0.9,0.03720238095238095,0.0,0.0,0.9999999999613601,0.0023251488095238095,0.0,0.9999999999627976,0.0,0.2570684523713888,0.9419154981171829,0.04729530267991499,0.04729530267991499
-1.0,0.10000000000000009,6002.22998046875,128.49697875976562,inf,0.0,0.9,0.06882440476190477,0.06887565152643335,0.0,0.0007990411505873336,0.004303126163007071,0.00430633147113594,0.9999999999627976,0.9992559523437777,0.6134672618819395,1.861953118449364,0.3114348386942855,0.3114348386942855
-0.9,0.10000000000000009,5722.14990234375,124.2459716796875,18.970469429624696,0.0,0.9,0.06882440476190477,0.06890130353817504,0.0,0.0011985617258810004,0.00430633147113594,0.004307935916542474,0.9999999999627976,0.9988839285342678,0.6830357142603037,1.8598131980422454,0.7366373677053635,0.7366373677053635
-0.8,0.10000000000000009,5459.90380859375,120.23775482177734,11.801826971201415,0.0,0.9,0.07142857142857142,0.07237354085603113,0.0,0.04487179486999713,0.006347241556886773,0.004947207084468665,0.9999999999627976,0.9561011904406213,0.6964285714026627,1.8023560212273548,0.8991970121214441,0.8991970121214441
-0.7,0.10000000000000009,5218.83642578125,116.51065063476562,7.101409554603286,0.0,0.9,0.13467261904761904,0.11742892459826947,0.0,0.3860705072920864,0.045584125642441645,0.018436892059833065,0.9999999999627976,0.6019345237871304,0.72805059521101,1.4835435605552032,0.7424937230590795,0.7415760948448553
-0.6,0.10000000000000009,5001.32421875,113.10770416259766,4.254543067248181,0.0,0.9,0.31919642857142855,0.32512953367875647,0.0,0.715300546409,0.15370789702972643,0.10240049172773649,0.9999999999627976,0.28720238094169637,0.7827380952089755,1.0346061329915288,0.4373969799494939,0.4373969799494939
-0.5,0.10000000000000009,4810.70263671875,110.07588195800781,3.1034882448872083,0.0,0.9,0.5264136904761905,0.7886056971514243,0.0,0.8892380203543411,0.2904806616547376,0.3469349565345156,0.9999999999627976,0.24813988094314957,0.8459821428256703,0.6684961538041273,0.19373643490341133,0.19373643490341133
-0.3999999999999999,0.10000000000000009,4649.90087890625,107.4645767211914,2.1866470778718092,0.0,0.9,0.6670386904761905,0.9519450800915332,0.0,0.9530726255918355,0.41944008293423796,0.4855246067500986,0.9999999999627976,0.3251488095117132,0.8802083333005876,0.4724671773803064,0.05416466011917965,0.05416466011917965
-0.29999999999999993,0.10000000000000009,4521.0673828125,105.3228759765625,1.8457327937843888,0.0,0.9,0.7310267857142857,0.9251700680272109,0.0,0.8934993083134856,0.5268862238118825,0.5100388614048225,0.9999999999627976,0.3828124999857585,0.9073660713948153,0.39605993906861425,0.04577665504774182,0.020413642357171382
-0.19999999999999996,0.10000000000000009,4427.32958984375,103.6960220336914,1.788586373838995,0.0,0.9,0.7842261904761905,0.9348290598290598,0.0,0.894827586052616,0.6263717100144337,0.5123665316774815,0.9999999999627976,0.34821428570133134,0.9192708332991343,0.34388475662913676,0.039232921719269384,-0.029700065438378893
-0.09999999999999998,0.10000000000000009,4370.3583984375,102.62112426757812,1.6141834433473994,0.0,0.9,0.8184523809523809,0.950509461426492,0.0,0.930327868661818,0.6973483819159344,0.6872909739038182,0.9999999999627976,0.255580357133349,0.9389880952031627,0.28525418158489496,0.05610111779106032,-0.054636356892590464
0.0,0.10000000000000009,4349.81396484375,102.1229019165039,1.3665124613718937,0.0,0.9,0.8772321428571429,0.9862068965517241,0.0,0.9878787875794306,0.7785578890024891,0.9755911517925249,0.9999999999627976,0.10788690475789112,0.9698660713924901,0.20090948076529233,0.13280051110951077,-0.13280051110951077
0.10000000000000009,0.10000000000000009,4367.9853515625,102.21046447753906,1.6604332387649663,0.0,0.9,0.8054315476190477,0.8059701492537313,0.0,0.9751434032552307,0.6700391094859133,0.3000155933260565,0.9999999999627976,0.024925595237167947,0.9200148809181543,0.33794433133409585,0.1720576423103357,-0.16532881380637676
0.20000000000000018,0.10000000000000009,4423.697265625,102.87632751464844,1.65567182532697,0.0,0.9,0.8162202380952381,0.8936170212765957,0.0,0.9898785423097411,0.6745322555382776,0.46875,0.9999999999627976,0.01748511904696856,0.9248511904417839,0.3804452317127394,0.2660751088218869,-0.2637392610501721
0.30000000000000004,0.10000000000000009,4517.04150390625,104.09748077392578,2.0579065205758607,0.0,0.9,0.6733630952380952,0.4868421052631579,0.0,0.9555808654948086,0.49698423540911185,0.11026365348399247,0.9999999999627976,0.02827380952275767,0.8582589285394994,0.5644525447356091,0.25610877427335665,-0.22493805439568668
0.40000000000000013,0.10000000000000009,4646.3935546875,105.8385238647461,2.4246645597220713,0.0,0.9,0.5591517857142857,0.6417910447761194,0.0,0.9797468353603589,0.4056464872267922,0.16666666666666666,0.9999999999627976,0.024925595237167947,0.8087797618746734,0.6735182316504515,0.19550079913930657,-0.17933853327702326
0.5,0.10000000000000009,4807.97265625,108.05619812011719,inf,0.0,0.9,0.22321428571428573,0.21641791044776118,0.0,0.9497126436326767,0.1297117812503451,0.030042978933276964,0.9999999999627976,0.049851190474335894,0.7202380952113007,0.9194019671964159,0.19884602454654843,0.19884602454654843
0.6000000000000001,0.10000000000000009,4998.62255859375,110.70368957519531,inf,0.0,0.9,0.07886904761904762,0.1443661971830986,0.0,0.9018578351816697,0.01886443947544761,0.030147058823529412,0.9999999999627976,0.1056547619008313,0.6759672618796143,1.1578259476663835,0.4544126823785685,0.4542211071491666
0.7000000000000002,0.10000000000000009,5214.41943359375,113.73455047607422,inf,0.0,0.9,0.03273809523809524,0.07584830339321358,0.0,0.8219230768914646,0.008592442851163647,0.020209833780387352,0.9999999999627976,0.18638392856449465,0.5569196428364241,1.3848220334342758,0.6033771066664358,0.6033771066664358
0.8,0.10000000000000009,5453.68310546875,117.10529327392578,inf,0.0,0.9,0.02492559523809524,0.06799336650082918,0.0,0.7855780236251211,0.007184700120674863,0.03050595238095238,0.9999999999627976,0.22433035713451152,0.5360863095038658,1.4411504567716726,0.6370015012156127,0.6370015012156127
0.9000000000000001,0.10000000000000009,5713.06396484375,120.77653503417969,2.7961166406087856,0.0,0.9,0.036830357142857144,0.0,0.0,0.9999999999613751,0.0023018973214285715,0.0,0.9999999999627976,0.0,0.24032738094344022,0.9407077827200065,0.04478547508757238,0.04478547508757238
1.0,0.10000000000000009,5990.08544921875,124.982177734375,inf,0.0,0.9,0.06808035714285714,0.07003444316877153,0.0,0.029940119759283828,0.004256605880163751,0.00437715269804822,0.9999999999627976,0.97209821424955,0.18675595237400464,1.8479077454902977,0.3923615354780632,0.3923615354780632
-1.0,0.20000000000000018,6045.44775390625,129.23487854003906,inf,0.0,0.9,0.06845238095238096,0.06850335070737155,0.0,0.0007987220446965367,0.004281459419210722,0.004283054003724395,0.9999999999627976,0.9992559523437777,0.5978422618825208,1.8624652857431756,0.37661042146582824,0.37661042146582824
-0.9,0.20000000000000018,5768.091796875,125.01312255859375,inf,0.0,0.9,0.06919642857142858,0.06873365707881958,0.0,0.0035971223020145036,0.004416335363259227,0.004295853567426224,0.9999999999627976,0.995907738058188,0.644345238071267,1.8570790832465442,0.7800937039402039,0.7800937039402039
-0.8,0.20000000000000018,5508.451171875,121.03466033935547,11.251020064132442,0.0,0.9,0.07217261904761904,0.07340553549939831,0.0,0.07377706495293597,0.006285211873479268,0.00499443622866919,0.9999999999627976,0.9274553571083537,0.6770833333081443,1.7835372580366864,0.8950109813056386,0.8950109813056386
-0.7,0.20000000000000018,5269.7685546875,117.33717346191406,7.136483992887348,0.0,0.9,0.14694940476190477,0.11991869918699187,0.0,0.4334932402776497,0.048561948920884807,0.016597049818173115,0.9999999999627976,0.5491071428367148,0.7012648809262922,1.4465610096086505,0.7112438225174542,0.7112438225174542
-0.6,0.20000000000000018,5054.24609375,113.96284484863281,4.318019022197335,0.0,0.9,0.33035714285714285,0.3909313725490196,0.0,0.7238888888486729,0.13375053767838682,0.11765320562251395,0.9999999999627976,0.303571428560135,0.7968749999703544,1.0191077792883019,0.4173166991820616,0.4173166991820616
-0.5,0.20000000000000018,4865.3046875,110.95744323730469,2.981624119335221,0.0,0.9,0.5003720238095238,0.7644628099173554,0.0,0.9151154131857695,0.26022269046109203,0.21312343222681324,0.9999999999627976,0.18005952380282517,0.801711309493984,0.7122893665309188,0.1647932829039167,0.1647932829039167
-0.3999999999999999,0.20000000000000018,4705.81298828125,108.36891174316406,2.146083256175787,0.0,0.9,0.6655505952380952,0.9539823008849557,0.0,0.9710789765326943,0.412492390102688,0.4323922499176282,0.9999999999627976,0.2101934523731327,0.8619791666345991,0.4842357029000407,0.02095744355525493,0.015096507502685153
-0.29999999999999993,0.20000000000000018,4578.67626953125,106.24478912353516,1.8659357440890008,0.0,0.9,0.6908482142857143,0.9354243542435424,0.0,0.9578820696801587,0.4555321051549363,0.45202439042662007,0.9999999999627976,0.2016369047544034,0.8776041666340177,0.44399360464455156,0.026321573129858777,-0.016584660915329962
-0.19999999999999996,0.20000000000000018,4485.97607421875,104.62874603271484,1.6700085092132866,0.0,0.9,0.7559523809523809,0.9587628865979382,0.0,0.97560975594884,0.5746082224316217,0.5441114865020474,0.9999999999627976,0.14434523808986813,0.9315476190129633,0.3668472175019026,0.0933954079238868,-0.09214198666240256
-0.09999999999999998,0.20000000000000018,4429.89453125,103.55652618408203,1.7307088802206407,0.0,0.9,0.7693452380952381,0.943127962085308,0.0,0.980645161132154,0.6102142913100912,0.47985430283224395,0.9999999999627976,0.07849702380660353,0.9166666666325646,0.38208567104227664,0.12239176364503564,-0.12239176364503564
0.0,0.20000000000000018,4410.44384765625,103.0519027709961,1.6422961740900848,0.0,0.9,0.8065476190476191,0.9805194805194806,0.0,0.9942307690395711,0.6851358729077133,0.5722413793103448,0.9999999999627976,0.057291666664535286,0.9289434523463935,0.3586993219575685,0.2045209648774228,-0.2045209648774228
0.10000000000000009,0.20000000000000018,4428.7919921875,103.12387084960938,1.8139565529662738,0.0,0.9,0.7154017857142857,0.2,0.0,0.99477124170003,0.5440985355565616,0.05,0.9999999999627976,0.0018601190475498468,0.873883928538918,0.5081938983430887,0.22203621720918348,-0.21917179141141985
0.20000000000000018,0.20000000000000018,4484.06201171875,103.76534271240234,1.8479992816839497,0.0,0.9,0.7377232142857143,0.9,0.0,0.9957446807098235,0.5918310861351948,0.45,0.9999999999627976,0.011160714285299082,0.8694196428247984,0.5386176899271565,0.30675791878292763,-0.30470487743634717
0.30000000000000004,0.20000000000000018,4576.05322265625,104.95433807373047,2.077809513344671,0.0,0.9,0.6231398809523809,0.4444444444444444,0.0,0.9802566632793429,0.42808350032814346,0.05555555555555555,0.9999999999627976,0.013392857142358897,0.8348214285403712,0.6459439842870194,0.29970239483813493,-0.28148114895672316
0.40000000000000013,0.20000000000000018,4703.31884765625,106.65681457519531,2.314825901128517,0.0,0.9,0.5558035714285714,0.673469387755102,0.0,0.986599664908995,0.40286934337368036,0.34375,0.9999999999627976,0.0182291666659885,0.8348214285403712,0.7092965383824841,0.2642366150015138,-0.24654483083091566
0.5,0.20000000000000018,4863.0048828125,108.83076477050781,2.9166398773685667,0.0,0.9,0.24813988095238096,0.43103448275862066,0.0,0.9836714497286654,0.13177300600372638,0.06645994832041344,0.9999999999627976,0.021577380951578223,0.7090773809260016,0.8810858377827474,0.06930769245636946,0.06017607743268211
0.6000000000000001,0.20000000000000018,5051.64453125,111.43048858642578,3.8335144882662378,0.0,0.9,0.08258928571428571,0.4420289855072464,0.0,0.9687753446484683,0.018890499802739165,0.05187074829931973,0.9999999999627976,0.051339285712375775,0.6354166666430276,1.0256802255972917,0.31606095564091075,0.31606095564091075
0.7000000000000002,0.20000000000000018,5265.1982421875,114.41012573242188,inf,0.0,0.9,0.04017857142857143,0.08914728682170543,0.0,0.9089147286469413,0.008204170513687352,0.01983451443050002,0.9999999999627976,0.0959821428535721,0.48735119045805986,1.1129870883521278,0.36080150594753224,0.36080150594753224
0.8,0.20000000000000018,5501.65234375,117.72663116455078,2.787681504832913,0.0,0.9,0.03757440476190476,0.0,0.0,0.9999999999613453,0.0023484002976190475,0.0,0.9999999999627976,0.0,0.24144345237197012,0.9394726922407537,0.041221712312320594,0.041221712312320594
0.9000000000000001,0.20000000000000018,5758.23779296875,121.61055755615234,inf,0.0,0.9,0.06919642857142858,0.08371246587807098,0.0,0.19504396482034198,0.004327997021593448,0.005232029117379436,0.9999999999627976,0.8177083333029127,0.18043154761233515,1.7569566239177654,0.6952499972451449,0.6952499972451449
1.0,0.20000000000000018,6032.73388671875,125.75822448730469,inf,0.0,0.9,0.06845238095238096,0.06850335070737155,0.0,0.0007987220446965367,0.004281459419210722,0.004283054003724395,0.9999999999627976,0.9992559523437777,0.1979166666593037,1.8621041864127623,0.17578660334717894,0.17578660334717894
-1.0,0.30000000000000004,6115.83837890625,130.37196350097656,inf,0.0,0.9,0.06919642857142858,0.0692221808708597,0.0,0.0003996802557793893,0.004326386304428731,0.004327997021593448,0.9999999999627976,0.9996279761532877,0.5885416666447716,1.8611656604834368,0.4265183746550678,0.4265183746550678
-0.9,0.30000000000000004,5842.60205078125,126.19873809814453,inf,0.0,0.9,0.06919642857142858,0.06939234808702176,0.0,0.008393285371367175,0.004630025947739275,0.004341907622981599,0.9999999999627976,0.9918154761535783,0.6264880952147884,1.853369378699063,0.7922585720749722,0.7918856922320278
-0.8,0.30000000000000004,5586.6416015625,122.26991271972656,11.5285396528504,0.0,0.9,0.07589285714285714,0.07845687039445166,0.0,0.144122383247016,0.007908392923874944,0.0049142050390964375,0.9999999999627976,0.8582589285394994,0.632440476166948,1.7457527271259785,0.8731136346053493,0.8731136346053493
-0.7,0.30000000000000004,5351.40087890625,118.62220001220703,6.962059719675498,0.0,0.9,0.15104166666666666,0.1418732782369146,0.0,0.45398773004145543,0.039363621563796684,0.029317589778577187,0.9999999999627976,0.5401785714084756,0.6997767856882524,1.4483372513772212,0.712339917969912,0.7115183651925532
-0.6,0.30000000000000004,5139.69140625,115.29638671875,4.438845067581752,0.0,0.9,0.27976190476190477,0.4424320827943079,0.0,0.7773760330176975,0.09357068597863083,0.08598090433780226,0.9999999999627976,0.2875744047512063,0.7637648809239671,1.0541809045892165,0.4473616344140402,0.4473616344140402
-0.5,0.30000000000000004,4953.919921875,112.33649444580078,3.0560907648755404,0.0,0.9,0.41592261904761907,0.8258575197889182,0.0,0.9579617833784737,0.1831424293082541,0.2759050361422593,0.9999999999627976,0.1409970238042784,0.7879464285421152,0.7735737487065903,0.18839923036920672,0.18839923036920672
-0.3999999999999999,0.30000000000000004,4797.1337890625,109.78824615478516,2.2859670096419875,0.0,0.9,0.6008184523809523,0.969811320754717,0.0,0.9925442683138355,0.3283873513510184,0.36354617604617606,0.9999999999627976,0.09858630952014188,0.8433779761591006,0.556980564168443,0.029705354385512087,0.00010079854100010998
-0.29999999999999993,0.30000000000000004,4672.44775390625,107.69672393798828,2.0345149247229815,0.0,0.9,0.6581101190476191,0.975,0.0,0.9934711642009281,0.40302072012654283,0.665530303030303,0.9999999999627976,0.08928571428239265,0.8727678571103882,0.48496094776479276,0.08363110921909933,-0.0716159265939908
-0.19999999999999996,0.30000000000000004,4581.7353515625,106.1031723022461,1.7822607542927245,0.0,0.9,0.6822916666666666,0.9711538461538461,0.0,0.9929742387596049,0.4478235505033306,0.4164702683103698,0.9999999999627976,0.07738095237807363,0.8705357142533283,0.4766139981272879,0.12404809213181237,-0.11376695730442338
-0.09999999999999998,0.30000000000000004,4526.68798828125,105.0411605834961,1.6628110610449114,0.0,0.9,0.7425595238095238,0.9879518072289156,0.0,0.9971098264455044,0.5736732622911056,0.3293172690763052,0.9999999999627976,0.061755952378654916,0.9322916666319833,0.44589657046738623,0.22015437230525908,-0.22015437230525908
0.0,0.30000000000000004,4508.12353515625,104.53311157226562,1.7231648125946653,0.0,0.9,0.7544642857142857,0.9743589743589743,0.0,0.996969696818641,0.6224132093003145,0.3247863247863248,0.9999999999627976,0.02901785714177761,0.9140624999659948,0.48818537514129834,0.2812994531916114,-0.2812994531916114
0.10000000000000009,0.30000000000000004,4526.52294921875,104.58755493164062,1.8095754739273675,0.0,0.9,0.6904761904761905,0.0,0.0,0.9999999998798077,0.538552227427287,0.0,0.9999999999627976,0.0,0.8969494047285361,0.5723958259915842,0.2980591314267019,-0.29798507881081415
0.20000000000000018,0.30000000000000004,4581.1689453125,105.19813537597656,2.0083989708628907,0.0,0.9,0.6138392857142857,0.4,0.0,0.9971098264935346,0.48461773199231883,0.5,0.9999999999627976,0.0018601190475498468,0.9092261904423652,0.6459178109148023,0.29569905849310246,-0.29252065476089906
0.30000000000000004,0.30000000000000004,4671.03125,106.3444595336914,2.150493542909722,0.0,0.9,0.5799851190476191,0.5,0.0,0.9982285207264633,0.37483759653476584,0.5,0.9999999999627976,0.0014880952380398776,0.8407738094925308,0.7022459072095993,0.31209178555866135,-0.3097470722774669
0.40000000000000013,0.30000000000000004,4795.42578125,107.99471282958984,2.559615685408566,0.0,0.9,0.38095238095238093,0.6428571428571429,0.0,0.9969951922477767,0.20478598988145624,0.2,0.9999999999627976,0.005208333333139571,0.6826636904507938,0.8384512428908958,0.17687872175972386,-0.14528149908772006
0.5,0.30000000000000004,4951.67236328125,110.10921478271484,2.7461059198390854,0.0,0.9,0.23660714285714285,0.8823529411764706,0.0,0.9990253410819189,0.1044483579994805,0.3125,0.9999999999627976,0.00632440476166948,0.6521577380709763,0.891167419343579,0.06633558583282484,-0.020448901694980353
0.6000000000000001,0.30000000000000004,5136.17236328125,112.64431762695312,2.9432474985889736,0.0,0.9,0.07849702380952381,0.8125,0.0,0.9987888574485754,0.019949947333449614,0.30952380952380953,0.9999999999627976,0.00595238095215951,0.5621279761695637,0.9488966516595115,0.1354935463999922,0.1354935463999922
0.7000000000000002,0.30000000000000004,5346.63427734375,115.55575561523438,2.7806716126129842,0.0,0.9,0.03720238095238095,0.0,0.0,0.9999999999613601,0.0023251488095238095,0.0,0.9999999999627976,0.0,0.24032738094344022,0.9384297223567494,0.03883818412393122,0.03883818412393122
0.8,0.30000000000000004,5579.26318359375,119.0708999633789,inf,0.0,0.9,0.06882440476190477,0.15735567970204842,0.0,0.6384338793192795,0.004307935916542474,0.009834729981378026,0.9999999999627976,0.3995535714137071,0.20126488094489342,1.4633207091118936,0.636579225239183,0.636579225239183
0.9000000000000001,0.30000000000000004,5832.1201171875,122.88192749023438,inf,0.0,0.9,0.06845238095238096,0.07093292212798766,0.0,0.03753993610073723,0.004283054003724395,0.004433307632999229,0.9999999999627976,0.9650297618688606,0.1848958333264548,1.841785954229701,0.5551822334196536,0.5551822334196536
1.0,0.30000000000000004,6103.09716796875,126.95520782470703,inf,0.0,0.9,0.06919642857142858,0.0692221808708597,0.0,0.0003996802557793893,0.004331222056631893,0.004332836377189713,0.9999999999627976,0.9996279761532877,0.20572916665901306,1.861232250952132,0.07977545235608768,0.07977545235608768
-1.0,0.40000000000000013,6212.8134765625,131.89295959472656,inf,0.0,0.9,0.06882440476190477,0.06868234415826802,0.0,0.0031961646023493345,0.0043047282204020845,0.004295853567426224,0.9999999999627976,0.9966517856772079,0.5338541666468061,1.8584735239436234,0.5169861389061184,0.5169861389061184
-0.9,0.40000000000000013,5943.91943359375,127.78527069091797,inf,0.0,0.9,0.06919642857142858,0.07167900272691859,0.0,0.04756195043774733,0.0048608077845722925,0.004685623576022178,0.9999999999627976,0.9549851190120914,0.6011904761681105,1.830540266015082,0.8142383963946712,0.8142383963946712
-0.8,0.40000000000000013,5693.0224609375,123.92337799072266,11.768087904022456,0.0,0.9,0.10825892857142858,0.08731241473396999,0.0,0.16270337921724226,0.020284533122765257,0.009911715727475626,0.9999999999627976,0.8180803571124227,0.60714285712027,1.6911715372707237,0.828949400056149,0.828949400056149
-0.7,0.40000000000000013,5462.7763671875,120.34275817871094,7.619828160626618,0.0,0.9,0.15885416666666666,0.21168831168831168,0.0,0.46306943828115577,0.030913558429569634,0.043589360814609956,0.9999999999627976,0.5729166666453528,0.6569940475946059,1.456949243067957,0.7185541541172196,0.7185541541172196
-0.6,0.40000000000000013,5255.75048828125,117.08235931396484,4.805812551772572,0.0,0.9,0.21763392857142858,0.41424418604651164,0.0,0.808368996632983,0.04922894569921476,0.06307953230161291,0.9999999999627976,0.25595238094285894,0.704241071402372,1.1217082487453158,0.49940050059664876,0.49940050059664876
-0.5,0.40000000000000013,5074.30224609375,114.18394470214844,3.515473436886376,0.0,0.9,0.3430059523809524,0.6846590909090909,0.0,0.9371460928121661,0.09582641233232556,0.08482352828250833,0.9999999999627976,0.13095238094750922,0.765624999971517,0.8878490284535209,0.2670646966574896,0.2670646966574896
-0.3999999999999999,0.40000000000000013,4921.47412109375,111.69044494628906,2.748433946695914,0.0,0.9,0.42075892857142855,0.8765432098765432,0.0,0.9807321772009805,0.1584854373637641,0.17291666666666666,0.9999999999627976,0.09040178571092256,0.8098958333032034,0.7537267783661692,0.14098596655725573,0.14098596655725573
-0.29999999999999993,0.40000000000000013,4800.3046875,109.64389038085938,2.342875960425687,0.0,0.9,0.4494047619047619,0.9502262443438914,0.0,0.9925675675005021,0.19461632095309045,0.19539170506912443,0.9999999999627976,0.08221726190170323,0.814360119017323,0.68501355366716,0.07782199495305885,0.06985323742609961
-0.19999999999999996,0.40000000000000013,4711.93505859375,108.0823974609375,2.1506428553828454,0.0,0.9,0.47358630952380953,0.9421965317919075,0.0,0.9929328621206407,0.22999415089534228,0.15703275529865127,0.9999999999627976,0.0643601190452247,0.825892857112132,0.6700394339773228,0.022127410667811424,0.011477842148492744
-0.09999999999999998,0.40000000000000013,4658.28173828125,107.03685760498047,1.996509484805398,0.0,0.9,0.5230654761904762,1.0,0.0,0.9999999999219968,0.28604520170760567,1.0,0.9999999999627976,0.039806547617566725,0.8835565475861773,0.6122868045039381,0.08862878080372899,-0.08862878080372899
0.0,0.40000000000000013,4640.0185546875,106.52796173095703,1.9071097498854013,0.0,0.9,0.5029761904761905,0.9230769230769231,0.0,0.9992514969311936,0.2952053632959144,0.46153846153846156,0.9999999999627976,0.004836309523629602,0.9274553571083537,0.62034928872753,0.1066067092180249,-0.1066067092180249
0.10000000000000009,0.40000000000000013,4658.24072265625,106.56365203857422,2.065013273181635,0.0,0.9,0.453125,0.0,0.0,0.9999999999319727,0.2499797195785577,0.0,0.9999999999627976,0.0,0.8973214285380461,0.7022316954009842,0.1283917444801067,-0.1283183978343779
0.20000000000000018,0.40000000000000013,4711.85986328125,107.13835906982422,2.139227822296635,0.0,0.9,0.4490327380952381,0.0,0.0,0.999999999932478,0.26148937147755225,0.0,0.9999999999627976,0.0,0.8478422618732202,0.728579849545781,0.17577052670572127,-0.17518970806104753
0.30000000000000004,0.40000000000000013,4799.32470703125,108.23371887207031,2.392027985463317,0.0,0.9,0.3515625,0.0,0.0,0.9999999999426276,0.16327846521146094,0.0,0.9999999999627976,0.0,0.7273065475919901,0.8170461950823336,0.13332156312959076,-0.13159750295948033
0.40000000000000013,0.40000000000000013,4919.80712890625,109.82063293457031,2.5842701021607635,0.0,0.9,0.3098958333333333,0.0,0.0,0.9999999999460916,0.13367087952869577,0.0,0.9999999999627976,0.0,0.6584821428326458,0.8752206491116534,0.13624094087239697,-0.12963964951573725
0.5,0.40000000000000013,5072.07958984375,111.8625717163086,2.7523991428418393,0.0,0.9,0.16889880952380953,0.0,0.0,0.9999999999552374,0.03890972273578998,0.0,0.9999999999627976,0.0,0.5673363095027033,0.919608393549935,0.048604249088401004,-0.025373433480972696
0.6000000000000001,0.40000000000000013,5251.48828125,114.31866455078125,2.7731104171666257,0.0,0.9,0.11532738095238096,0.0,0.0,0.999999999957948,0.00720796130952381,0.0,0.9999999999627976,0.0,0.2965029761794456,0.9373176362980195,0.03676782087356639,-0.03676782087356639
0.7000000000000002,0.40000000000000013,5457.03125,117.4166030883789,4.139637783957152,0.0,0.9,0.06919642857142858,0.10749185667752444,0.0,0.8904876098764793,0.00435067365269461,0.007166123778501629,0.9999999999627976,0.1142113095195606,0.21726190475382212,1.1710607719300254,0.40261811983067747,0.40261811983067747
0.8,0.40000000000000013,5685.259765625,120.84635925292969,inf,0.0,0.9,0.06808035714285714,0.08180599016540009,0.0,0.18003992015249343,0.004261363636363636,0.005112874385337506,0.9999999999627976,0.8322172618738015,0.2622767857045284,1.760039677032112,0.7298406596430647,0.7298406596430647
0.9000000000000001,0.40000000000000013,5933.88232421875,124.57056427001953,inf,0.0,0.9,0.06770833333333333,0.06870517176292941,0.0,0.015562649640240917,0.004233345738742091,0.004294073235183088,0.9999999999627976,0.9854910713919088,0.2477678571336396,1.8563907428255997,0.34367925234785035,0.34367925234785035
1.0,0.40000000000000013,6200.41552734375,128.5560760498047,inf,0.0,0.9,0.06808035714285714,0.06813104988830976,0.0,0.0007984031935809021,0.00425819061801936,0.00425819061801936,0.9999999999627976,0.9992559523437777,0.22916666665814114,1.8632237983117548,0.016356006229523382,0.016356006229523382
-1.0,0.5,6334.9404296875,133.7784881591797,inf,0.0,0.9,0.07180059523809523,0.07167106752168993,0.0,0.013627254508471855,0.005741191397312701,0.005402666650113904,0.9999999999627976,0.9862351190109289,0.4970238095053191,1.8465329318392525,0.5296885637385143,0.5296885637385143
-0.9,0.5,6071.56591796875,129.75062561035156,inf,0.0,0.9,0.0900297619047619,0.08175559380378658,0.0,0.12755519214523486,0.013939321694053208,0.008830046289186759,0.9999999999627976,0.8645833333011689,0.5453869047416151,1.749043368307192,0.7951551901180925,0.7951551901180925
-0.8,0.5,5826.21484375,125.9699478149414,12.823455938960556,0.0,0.9,0.13392857142857142,0.11998154130133826,0.0,0.1808419243908573,0.02615085636577477,0.029004647601794338,0.9999999999627976,0.8061755952081037,0.595982142834971,1.6410308873720436,0.800554774730289,0.800554774730289
-0.7,0.5,5602.0478515625,122.47038269042969,8.360367664231616,0.0,0.9,0.15997023809523808,0.2066344160331721,0.0,0.4915854738489112,0.028017670120644385,0.03587715207272255,0.9999999999627976,0.5383184523609257,0.6491815475948965,1.46406639591265,0.7098297018110462,0.7098297018110462
-0.6,0.5,5400.994140625,119.28877258300781,5.7610095999562025,0.0,0.9,0.1796875,0.3292847503373819,0.0,0.7746031745680453,0.0343814507092307,0.03219481268886763,0.9999999999627976,0.27566964284688733,0.6502976190234264,1.2223959534605964,0.5359116319233721,0.5352688582956704
-0.5,0.5,5224.35595703125,116.46424102783203,4.2763493640443775,0.0,0.9,0.23697916666666666,0.505091649694501,0.0,0.8815212091232804,0.053146465087997474,0.04316045945005221,0.9999999999627976,0.18266369046939496,0.6848958333078536,1.0711859521779623,0.4051239761080325,0.4051239761080325
-0.3999999999999999,0.5,5076.45947265625,114.03653717041016,3.30469385563709,0.0,0.9,0.2849702380952381,0.6956521739130435,0.0,0.9490114463606133,0.06976194614163192,0.06978193146417445,0.9999999999627976,0.11979166666221014,0.7105654761640415,0.9620982070801761,0.31159327248216234,0.31159327248216234
-0.29999999999999993,0.5,4959.109375,112.04421997070312,2.7310838804613997,0.0,0.9,0.31882440476190477,0.871900826446281,0.0,0.983069360951225,0.08054249400613894,0.1453168044077135,0.9999999999627976,0.09002976190141258,0.7868303571135852,0.8675556518742632,0.24310338313324573,0.24205724407606902
-0.19999999999999996,0.5,4873.7890625,110.52194213867188,2.4303085348756808,0.0,0.9,0.31547619047619047,0.9457831325301205,0.0,0.9951086955980919,0.0879766367190122,0.1576305220883534,0.9999999999627976,0.061755952378654916,0.7942708333037846,0.8207205043169645,0.18756538445664853,0.18756538445664853
-0.09999999999999998,0.5,4821.74365234375,109.49768829345703,2.2965579971628745,0.0,0.9,0.31398809523809523,1.0,0.0,0.99999999994577,0.08862525337512545,1.0,0.9999999999627976,0.027157738094227765,0.8184523809219326,0.7881446004146532,0.14325015340393082,0.13585347230324712
0.0,0.5,4803.8974609375,108.99010467529297,2.2426845973977017,0.0,0.9,0.3084077380952381,0.0,0.0,0.9994620763313898,0.09565355166105945,0.0,0.9999999999627976,0.0003720238095099694,0.8333333333023314,0.7798610610918201,0.09165557190837542,0.06722832606057372
0.10000000000000009,0.5,4821.68896484375,109.00647735595703,2.308811043169467,0.0,0.9,0.29910714285714285,0.125,0.0,0.9962845010086897,0.09329142082522308,0.03125,0.9999999999627976,0.002976190476079755,0.825520833302622,0.800531243440523,0.056549447879386074,0.025357312671662618
0.20000000000000018,0.5,4873.95556640625,109.5421142578125,2.4389090196124,0.0,0.9,0.25148809523809523,0.0,0.0,0.9995029820576787,0.08544893494627917,0.0,0.9999999999627976,0.0003720238095099694,0.7403273809248391,0.8424573524794384,0.0585935814735896,0.0010938821786378638
0.30000000000000004,0.5,4958.283203125,110.58068084716797,2.5705758385534647,0.0,0.9,0.19717261904761904,0.0,0.0,0.9999999999536608,0.06833022076630604,0.0,0.9999999999627976,0.0,0.6506696428329364,0.8827506407544714,0.04369865461932776,0.0017316883100124477
0.40000000000000013,0.5,5073.99267578125,112.09626007080078,2.692965512448767,0.0,0.9,0.14136904761904762,0.0,0.0,0.9999999999566725,0.02801288802613681,0.0,0.9999999999627976,0.0,0.5781249999784924,0.9148214506655353,0.0159193164934456,-0.002319753796113788
0.5,0.5,5221.21826171875,114.05567932128906,2.7671105739013906,0.0,0.9,0.11383928571428571,0.0,0.0,0.9999999999580186,0.007114955357142857,0.0,0.9999999999627976,0.0,0.4531249999831427,0.9364297496786129,0.032627532349134625,-0.032627532349134625
0.6000000000000001,0.5,5396.416015625,116.69110870361328,3.124238682301835,0.0,0.9,0.0703125,0.0,0.0,0.999999999959984,0.00512100889973133,0.0,0.9999999999627976,0.0,0.25223214284775924,0.9853289436199343,0.1858180770344876,0.1858180770344876
0.7000000000000002,0.5,5595.74267578125,119.694091796875,6.625935300309779,0.0,0.9,0.06882440476190477,0.14131274131274132,0.0,0.5557331202334905,0.004312756434166356,0.008832046332046333,0.9999999999627976,0.4817708333154103,0.2708333333232577,1.5582464370713702,0.7340044664477643,0.7340044664477643
0.8,0.5,5818.47216796875,123.02637481689453,inf,0.0,0.9,0.06808035714285714,0.0726767275615568,0.0,0.06786427145437668,0.00425819061801936,0.0045422954725973,0.9999999999627976,0.9367559523461029,0.28720238094169637,1.824111443716578,0.6558539013712491,0.6558539013712491
0.9000000000000001,0.5,6061.7392578125,126.652099609375,inf,0.0,0.9,0.06808035714285714,0.06856500562008243,0.0,0.00758483033901857,0.004256605880163751,0.00428691904047976,0.9999999999627976,0.9929315475821082,0.28943452379875617,1.8595239933402192,0.21773615474023045,0.21773615474023045
1.0,0.5,6323.25634765625,130.53878784179688,inf,0.0,0.9,0.06845238095238096,0.06847785634536659,0.0,0.00039936102234826835,0.004279866021585412,0.004281459419210722,0.9999999999627976,0.9996279761532877,0.2585565476094287,1.8629446087483459,0.0182053783734919,-0.017568059764369065
-1.0,0.6000000000000001,6481.26611328125,136.0062713623047,inf,0.0,0.9,0.07998511904761904,0.07707588398887565,0.0,0.06065507480547291,0.009605926949259009,0.006584224908884637,0.9999999999627976,0.9363839285365929,0.4542410714116726,1.8063126085712715,0.5783536267690903,0.5783536267690903
-0.9,0.6000000000000001,6224.15771484375,132.06954956054688,inf,0.0,0.9,0.13839285714285715,0.12467644521138913,0.0,0.12392055267167874,0.029808260592835062,0.03269332733958066,0.9999999999627976,0.862351190444109,0.48809523807707983,1.6675520798335104,0.7727957105889215,0.7727957105889215
-0.8,0.6000000000000001,5985.47314453125,128.3811492919922,14.301356145322757,0.0,0.9,0.15327380952380953,0.1694290976058932,0.0,0.2073813708168989,0.027042778028732097,0.036514355339188405,0.9999999999627976,0.8080357142556535,0.5520833333127946,1.595904317056713,0.7812107596740236,0.7812107596740236
-0.7,0.6000000000000001,5767.88916015625,124.97315979003906,9.64053176673519,0.0,0.9,0.15290178571428573,0.2015810276679842,0.0,0.556433904235554,0.022554600029782622,0.02834292280046997,0.9999999999627976,0.47061011903011124,0.6037946428346803,1.462619634586976,0.6886663861950446,0.6886663861950446
-0.6,0.6000000000000001,5573.42236328125,121.88011169433594,6.780983965486851,0.0,0.9,0.12723214285714285,0.33415536374845867,0.0,0.7698209718341935,0.01588782768720159,0.026297913634158177,0.9999999999627976,0.3017113095125852,0.643973214261757,1.30831895509492,0.6031760143155819,0.603075542660425
-0.5,0.6000000000000001,5402.71923828125,119.13824462890625,5.323929558294059,0.0,0.9,0.16220238095238096,0.34951456310679613,0.0,0.7917406749204379,0.030290041024070728,0.02441860465116279,0.9999999999627976,0.26822916665668795,0.6402529761666573,1.2445850398499567,0.5317278963150567,0.5317278963150567
-0.3999999999999999,0.6000000000000001,5260.3720703125,116.783935546875,4.09853150890527,0.0,0.9,0.20833333333333334,0.42984014209591476,0.0,0.8491541352984421,0.04287386979484702,0.028656009473060982,0.9999999999627976,0.20944940475411275,0.681175595212754,1.1629426244270533,0.4595347821984429,0.4595347821984429
-0.29999999999999993,0.6000000000000001,5146.849609375,114.85211181640625,3.350406672811154,0.0,0.9,0.23921130952380953,0.5848563968668408,0.0,0.9222493887079585,0.050169247744826555,0.06498404409631564,0.9999999999627976,0.14248511904231828,0.6901041666409932,1.0812924042289918,0.39612235430583226,0.39551799235313007
-0.19999999999999996,0.6000000000000001,5064.79931640625,113.3739013671875,2.855362340395645,0.0,0.9,0.24925595238095238,0.8318965517241379,0.0,0.9806739345401053,0.05252422134966023,0.09243295019157088,0.9999999999627976,0.08630952380631289,0.7343749999726795,0.9949601430962925,0.32633390363155196,0.32633390363155196
-0.09999999999999998,0.6000000000000001,5014.4853515625,112.3742446899414,2.604719717772242,0.0,0.9,0.21168154761904762,0.8823529411764706,0.0,0.9981123170836191,0.04218307814776585,0.22058823529411764,0.9999999999627976,0.01264880952333896,0.7481398809245484,0.9419948446706203,0.2895111442186747,0.28890927403035876
0.0,0.6000000000000001,4997.3095703125,111.86968994140625,2.55505254114431,0.0,0.9,0.18340773809523808,1.0,0.0,0.999999999954442,0.033764005687745666,1.0,0.9999999999627976,0.0007440476190199388,0.7347470237821895,0.899175038247448,0.22438999875687718,0.21548892547858348
0.10000000000000009,0.6000000000000001,5014.11181640625,111.86688232421875,2.4923743915252596,0.0,0.9,0.13839285714285715,0.0,0.0,0.9999999999568222,0.01737707910003673,0.0,0.9999999999627976,0.0,0.7053571428309019,0.8756172950192381,0.20899141350100758,0.1891301783538566
0.20000000000000018,0.6000000000000001,5064.30322265625,112.3617935180664,2.583072525640788,0.0,0.9,0.1253720238095238,0.0,0.0,0.999999999957465,0.011438117841768274,0.0,0.9999999999627976,0.0,0.6688988094989249,0.8933235317766051,0.14038062081821856,0.11054267622664539
0.30000000000000004,0.6000000000000001,5145.5859375,113.34030151367188,2.6640223314797766,0.0,0.9,0.11755952380952381,0.0,0.0,0.9999999999578415,0.008243508254526756,0.0,0.9999999999627976,0.0,0.6272321428338083,0.9118872106669875,0.041446627274132564,0.041446627274132564
0.40000000000000013,0.6000000000000001,5256.69482421875,114.77947998046875,2.7610410329383637,0.0,0.9,0.11383928571428571,0.0,0.0,0.9999999999580186,0.007114955357142857,0.0,0.9999999999627976,0.0,0.5665922618836834,0.9355350382908356,0.029924920629057564,-0.029924920629057564
0.5,0.6000000000000001,5398.06494140625,116.91938018798828,2.9797991954155285,0.0,0.9,0.06919642857142858,0.0,0.0,0.9999999999600321,0.005399235361554465,0.0,0.9999999999627976,0.0,0.23883928570540033,0.95672453374321,0.09896409229743997,0.08774110312973749
0.6000000000000001,0.6000000000000001,5567.51318359375,119.45677947998047,4.489094348845807,0.0,0.9,0.06845238095238096,0.36386138613861385,0.0,0.897364217216559,0.004372623574144487,0.036386138613861384,0.9999999999627976,0.15029761904202762,0.291294642846306,1.2728911442762483,0.5255038857221349,0.5255038857221349
0.7000000000000002,0.6000000000000001,5761.74462890625,122.35606384277344,10.06306657211692,0.0,0.9,0.06845238095238096,0.0861987753179463,0.0,0.22523961660442335,0.00429745889387145,0.005392503536067892,0.9999999999627976,0.789806547589665,0.2965029761794456,1.731465295869668,0.8420643377929204,0.8420643377929204
0.8,0.6000000000000001,5977.84130859375,125.5816421508789,inf,0.0,0.9,0.06882440476190477,0.0710172744721689,0.0,0.033160207749374344,0.00430633147113594,0.004440284178187404,0.9999999999627976,0.9691220237734702,0.291294642846306,1.8458846487784932,0.5620603734464384,0.5620603734464384
0.9000000000000001,0.6000000000000001,6214.490234375,129.09957885742188,inf,0.0,0.9,0.06882440476190477,0.06895266492732016,0.0,0.001997602876468334,0.004307935916542474,0.004314365671641791,0.9999999999627976,0.9981398809152479,0.3098958333218045,1.8608514368113527,0.09514084963709436,0.09514084963709436
1.0,0.6000000000000001,6469.28271484375,132.87860107421875,inf,0.0,0.9,0.06882440476190477,0.06882440476190477,0.0,0.0,0.004303126163007071,0.004303126163007071,0.9999999999627976,0.9999999999627976,0.267113095228158,1.8622384441440776,0.04098289699377831,-0.04098289699377831
-1.0,0.7000000000000002,6649.6923828125,138.55223083496094,inf,0.0,0.9,0.10305059523809523,0.09457236842105263,0.0,0.08668602239375006,0.018985516219318523,0.016894805468144414,0.9999999999627976,0.9047619047282455,0.40624999998488653,1.7492952272943294,0.6042858601322021,0.6042858601322021
-0.9,0.7000000000000002,6400.06201171875,134.71505737304688,inf,0.0,0.9,0.15885416666666666,0.16046712802768165,0.0,0.14153029632279832,0.03084935150396385,0.03761465172950654,0.9999999999627976,0.8601190475870492,0.437872023793234,1.621253977852771,0.775114538437135,0.775114538437135
-0.8,0.7000000000000002,6168.416015625,131.12680053710938,15.78682194084512,0.0,0.9,0.15997023809523808,0.18726591760299627,0.0,0.3272807794363472,0.025567880593773556,0.03297742641827438,0.9999999999627976,0.6953124999741328,0.4702380952206013,1.5476332332935125,0.7465554624815107,0.7465554624815107
-0.7,0.7000000000000002,5958.16357421875,127.81758880615234,11.017855197922255,0.0,0.9,0.12313988095238096,0.22913117546848383,0.0,0.6160373355699603,0.014601242440439073,0.0218957791378975,0.9999999999627976,0.43675595236470405,0.5241815475995468,1.4755083476074784,0.6946938265953434,0.6946938265953434
-0.6,0.7000000000000002,5770.2919921875,124.81951904296875,8.242295290986304,0.0,0.9,0.11607142857142858,0.2430795847750865,0.0,0.6317340067074186,0.011071036059251855,0.01618663594470046,0.9999999999627976,0.4300595237935246,0.5755208333119226,1.4369988907589168,0.6727120676905813,0.6727120676905813
-0.5,0.7000000000000002,5606.14501953125,122.16576385498047,6.232237959963991,0.0,0.9,0.12388392857142858,0.24872665534804753,0.0,0.6242038216295456,0.012186145672528959,0.01596162307840387,0.9999999999627976,0.43824404760274394,0.6008184523586005,1.3810414914143445,0.6483887311323131,0.6483887311323131
-0.3999999999999999,0.7000000000000002,5469.17822265625,119.889404296875,4.934572662230277,0.0,0.9,0.13206845238095238,0.25461613216715256,0.0,0.6712387483638561,0.015664559804828573,0.015913508260447035,0.9999999999627976,0.3828124999857585,0.6383928571191074,1.3238911670167348,0.615261443181376,0.615261443181376
-0.29999999999999993,0.7000000000000002,5360.6396484375,118.02168273925781,4.05162157501849,0.0,0.9,0.15811011904761904,0.32456140350877194,0.0,0.7618205921006708,0.025037555754334247,0.021637426900584796,0.9999999999627976,0.29687499998895556,0.6789434523556941,1.2434168235787262,0.5539669832704829,0.5539669832704829
-0.19999999999999996,0.7000000000000002,5281.2421875,116.59029388427734,3.3864717743488195,0.0,0.9,0.14397321428571427,0.4822888283378747,0.0,0.917427205522928,0.0188833710071723,0.03444920202413391,0.9999999999627976,0.13653273809015876,0.6815476190222639,1.152403933230151,0.5024415079322934,0.5024415079322934
-0.09999999999999998,0.7000000000000002,5232.8994140625,115.61720275878906,2.9733420312568684,0.0,0.9,0.13058035714285715,0.7142857142857143,0.0,0.9982884038939543,0.013555640417149847,0.17857142857142858,0.9999999999627976,0.005208333333139571,0.6770833333081443,1.0506256316465774,0.4170729313716557,0.4170729313716557
0.0,0.7000000000000002,5216.32861328125,115.11702728271484,2.6886727632357332,0.0,0.9,0.11867559523809523,0.2857142857142857,0.0,0.9978894047700343,0.008372906719970237,0.05714285714285714,0.9999999999627976,0.0026041666665697857,0.6514136904519564,0.9580235894539785,0.31438475505049157,0.31438475505049157
0.10000000000000009,0.7000000000000002,5232.26025390625,115.09557342529297,2.616531995946719,0.0,0.9,0.11607142857142858,0.0,0.0,0.9999999999579126,0.007529641886560883,0.0,0.9999999999627976,0.0,0.6469494047378367,0.9132327212546067,0.18518189190460704,0.18518189190460704
0.20000000000000018,0.7000000000000002,5279.88818359375,115.54960632324219,2.6620764044548455,0.0,0.9,0.11421130952380952,0.0,0.0,0.9999999999580009,0.007140863416449572,0.0,0.9999999999627976,0.0,0.6045386904537002,0.914956347343311,0.09534800578325894,0.06617816565468194
0.30000000000000004,0.7000000000000002,5357.873046875,116.46685028076172,2.755282418184909,0.0,0.9,0.11495535714285714,0.0,0.0,0.9999999999579656,0.007184709821428571,0.0,0.9999999999627976,0.0,0.4505208333165729,0.9346771200264551,0.028288853135180366,-0.028288853135180366
0.40000000000000013,0.7000000000000002,5465.07958984375,118.09691619873047,2.971093443199754,0.0,0.9,0.09151785714285714,0.0,0.0,0.99999999995905,0.012244016802436017,0.0,0.9999999999627976,0.0,0.22507440475353147,0.9578109303221899,0.04701465399200695,0.030252957033174706
0.5,0.7000000000000002,5600.81396484375,120.14432525634766,3.8033613273345552,0.0,0.9,0.06770833333333333,0.35294117647058826,0.0,0.9956105346769509,0.004521065182829889,0.07058823529411765,0.9999999999627976,0.00632440476166948,0.2723214285612976,1.0887298797360903,0.3291257081172398,0.3291257081172398
0.6000000000000001,0.7000000000000002,5763.685546875,122.57911682128906,6.931384217698045,0.0,0.9,0.06882440476190477,0.14469453376205788,0.0,0.5749101078475866,0.004438579654510557,0.009043408360128617,0.9999999999627976,0.4627976190304019,0.2842261904656166,1.5504138859864172,0.7327218335923456,0.7327218335923456
0.7000000000000002,0.7000000000000002,5950.90576171875,125.36907958984375,14.25435918865481,0.0,0.9,0.06845238095238096,0.07708420611646419,0.0,0.12020766772682877,0.004310344827586207,0.004817762882279012,0.9999999999627976,0.8880208333002969,0.2890624999892462,1.7991039953825534,0.8175748932364588,0.8175748932364588
0.8,0.7000000000000002,6160.478515625,128.48158264160156,inf,0.0,0.9,0.06919642857142858,0.07037457434733257,0.0,0.017985611510072518,0.004337686567164179,0.004400075700227101,0.9999999999627976,0.9832589285348491,0.2857142857036565,1.8515394365733082,0.445370507048497,0.445370507048497
0.9000000000000001,0.7000000000000002,6389.99853515625,131.8849639892578,inf,0.0,0.9,0.06808035714285714,0.06818181818181818,0.0,0.0015968063871618042,0.004261363636363636,0.004262951919493105,0.9999999999627976,0.9985119047247578,0.28943452379875617,1.8630968432870374,0.04263574230807577,0.04263574230807577
1.0,0.7000000000000002,6637.83203125,135.54953002929688,inf,0.0,0.9,0.06919642857142858,0.0692221808708597,0.0,0.0003996802557793893,0.004329608938547486,0.004329608938547486,0.9999999999627976,0.9996279761532877,0.27790178570394714,1.8614041380266313,0.056067129681832494,-0.055576749678943806
-1.0,0.8,6838.96484375,141.39138793945312,inf,0.0,0.9,0.12313988095238096,0.11394557823129252,0.0,0.11582520152245121,0.022387990482220947,0.022049103176953338,0.9999999999627976,0.8749999999674479,0.36421130951026004,1.6986441085295427,0.6399336799826149,0.6399336799826149
-0.9,0.8,6596.89404296875,137.65951538085938,inf,0.0,0.9,0.14955357142857142,0.16787989080982713,0.0,0.1999125109273879,0.024859977765313488,0.030406877743481914,0.9999999999627976,0.8177083333029127,0.3850446428428183,1.6181905882143395,0.7795975605565547,0.7795975605565547
-0.8,0.8,6373.46630859375,134.17642211914062,17.778406078152408,0.0,0.9,0.1566220238095238,0.202555910543131,0.0,0.449492721638752,0.020550003769500433,0.025833468359417196,0.9999999999627976,0.5822172618831021,0.41629464284165574,1.5140936004691339,0.7127850759211353,0.7127850759211353
-0.7,0.8,6170.36083984375,130.97024536132812,12.823702963314448,0.0,0.9,0.11644345238095238,0.2154566744730679,0.0,0.5768421052388698,0.011274116552936414,0.01638333430309613,0.9999999999627976,0.4765624999822708,0.44754464284049317,1.5145639951153855,0.7115996054244627,0.7115996054244627
-0.6,0.8,5989.15087890625,128.07061767578125,9.897434165640759,0.0,0.9,0.11421130952380952,0.19528619528619529,0.0,0.49811003777832386,0.008240582191780822,0.012769396551724137,0.9999999999627976,0.5524553571223045,0.47991071426786047,1.5451348980906123,0.7404563237497176,0.7404563237497176
-0.5,0.8,5832.16796875,125.5076904296875,7.813231154412844,0.0,0.9,0.11458333333333333,0.18574108818011256,0.0,0.4529411764515571,0.007694263208969091,0.011630639097744361,0.9999999999627976,0.594866071406441,0.5316220237897462,1.5217379405205196,0.7397102996885582,0.7397102996885582
-0.3999999999999999,0.8,5700.7373046875,123.31118774414062,6.05660103309539,0.0,0.9,0.11607142857142858,0.20069686411149826,0.0,0.5172558922341223,0.007666187937358671,0.012543554006968641,0.9999999999627976,0.5338541666468061,0.5866815475972217,1.4633439228774725,0.716175577888456,0.716175577888456
-0.29999999999999993,0.8,5596.607421875,121.50899505615234,4.736389648422821,0.0,0.9,0.11569940476190477,0.24701561065197428,0.0,0.6550273453657961,0.007668666624655296,0.016467707376798285,0.9999999999627976,0.40513392855635666,0.643973214261757,1.3760795857448265,0.6700462905875393,0.6700462905875393
-0.19999999999999996,0.8,5520.62890625,120.12545013427734,3.82126831098536,0.0,0.9,0.11607142857142858,0.3448844884488449,0.0,0.8329124578774028,0.007598470541464792,0.021555280528052806,0.9999999999627976,0.22544642856304145,0.6458333333093068,1.2644375606403757,0.5936892207999508,0.5936892207999508
-0.09999999999999998,0.8,5474.205078125,119.17986297607422,3.1504541106371864,0.0,0.9,0.11532738095238096,0.1,0.0,0.9924306139195782,0.0073072240854837114,0.014285714285714287,0.9999999999627976,0.007440476190199387,0.6160714285485093,1.1115278893069773,0.46356240333258775,0.46356240333258775
0.0,0.8,5458.20556640625,118.68492889404297,2.802798105560151,0.0,0.9,0.11383928571428571,0.0,0.0,0.9995801846767599,0.007114955357142857,0.0,0.9999999999627976,0.0003720238095099694,0.6045386904537002,0.9812973427101542,0.29042542170795027,0.29042542170795027
0.10000000000000009,0.8,5472.88671875,118.64583587646484,2.6717531787746602,0.0,0.9,0.11495535714285714,0.0,0.0,0.9999999999579656,0.007366338365035313,0.0,0.9999999999627976,0.0,0.6030505952156604,0.9211761439232516,0.10636961218005761,0.10636961218005761
0.20000000000000018,0.8,5518.58837890625,119.05979919433594,2.7500987157737926,0.0,0.9,0.11458333333333333,0.0,0.0,0.9999999999579833,0.007161458333333333,0.0,0.9999999999627976,0.0,0.5472470237891649,0.9339183183690802,0.025116232536643614,-0.025116232536643614
0.30000000000000004,0.8,5593.662109375,120.18587493896484,3.0151379377237926,0.0,0.9,0.04799107142857143,0.0,0.0,0.9999999999609223,0.005961835080409647,0.0,0.9999999999627976,0.0,0.21874999999186198,0.9639624074654373,0.06938403417671704,0.06938403417671704
0.40000000000000013,0.8,5696.33154296875,121.7373046875,3.652626721450132,0.0,0.9,0.08779761904761904,0.0,0.0,0.9999999999592171,0.013207652946812632,0.0,0.9999999999627976,0.0,0.23400297618177074,1.0258996289784088,0.18644163818423146,0.18644163818423146
0.5,0.8,5826.59716796875,123.69145202636719,5.548593428434367,0.0,0.9,0.06882440476190477,0.2630480167014614,0.0,0.8589692368813836,0.00540286501696773,0.018789144050104383,0.9999999999627976,0.17819940475527532,0.25669642856187885,1.328122457473391,0.5574935388274297,0.5574935388274297
0.6000000000000001,0.8,5982.75341796875,126.02186584472656,10.567223682674824,0.0,0.9,0.06696428571428571,0.09425785482123511,0.0,0.33333333332004256,0.005141216175465401,0.005891115926327194,0.9999999999627976,0.6867559523554034,0.26674107141864806,1.7027746598867797,0.8292165650141788,0.8289125495723435
0.7000000000000002,0.8,6162.29248046875,128.69976806640625,19.81819693070165,0.0,0.9,0.06845238095238096,0.07425343018563357,0.0,0.08386581469313635,0.004390988927071402,0.0046445880452342485,0.9999999999627976,0.9218749999657041,0.279389880941987,1.8179914599479343,0.7350701022449577,0.7350701022449577
0.8,0.8,6364.5654296875,131.69557189941406,inf,0.0,0.9,0.06882440476190477,0.0696969696969697,0.0,0.01877746703880234,0.004319200597683975,0.004361016306408798,0.9999999999627976,0.9821428571063191,0.28497023808463656,1.8535331615038964,0.33780867293254213,0.33780867293254213
0.9000000000000001,0.8,6586.78076171875,134.98011779785156,inf,0.0,0.9,0.06808035714285714,0.06815642458100558,0.0,0.0011976047903713531,0.004259776536312849,0.004264541387024609,0.9999999999627976,0.9988839285342678,0.279761904751497,1.8632627565589657,0.01935717058442976,0.01935717058442976
1.0,0.8,6827.11865234375,138.52557373046875,inf,0.0,0.9,0.06808035714285714,0.06810569408262002,0.0,0.00039920159679045106,0.004255022321428571,0.004256605880163751,0.9999999999627976,0.9996279761532877,0.28162202379904683,1.8636637534481175,0.0638738764793568,-0.06336354528713231
-1.0,0.9000000000000001,7047.38134765625,144.4989776611328,inf,0.0,0.9,0.13355654761904762,0.13636363636363635,0.0,0.14340918848675788,0.022042386635376388,0.024257048218928174,0.9999999999627976,0.8593749999680292,0.3534226190344709,1.6678056721224284,0.6683441622890112,0.6683441622890112
-0.9,0.9000000000000001,6813.712890625,140.87564086914062,inf,0.0,0.9,0.16741071428571427,0.20181634712411706,0.0,0.29311885610843974,0.023429856394372603,0.02919591830894137,0.9999999999627976,0.7373511904487593,0.3597470237961404,1.553020636461287,0.731300978370475,0.731300978370475
-0.8,0.9000000000000001,6598.07958984375,137.5002899169922,inf,0.0,0.9,0.12686011904761904,0.1965356429047302,0.0,0.4861525351305432,0.013552276804788658,0.018502481730794416,0.9999999999627976,0.558407738074464,0.3753720237955591,1.5444110642733722,0.7326574172452316,0.7326574172452316
-0.7,0.9000000000000001,6402.2373046875,134.39898681640625,15.148651586522346,0.0,0.9,0.11532738095238096,0.17365623154164206,0.0,0.4116904961979945,0.009546433493736265,0.01234316442592447,0.9999999999627976,0.6298363095003782,0.40364583331831677,1.5977698581258306,0.7679002334899219,0.7679002334899219
-0.6,0.9000000000000001,6228.517578125,131.5988311767578,11.854024177665153,0.0,0.9,0.11272321428571429,0.1571959638874137,0.0,0.3345911949545245,0.007568498104162577,0.009898341359015517,0.9999999999627976,0.7005208333072723,0.4334077380791143,1.623542178963393,0.7923455008703046,0.7923455008703046
-0.5,0.9000000000000001,6078.32763671875,129.1271209716797,9.035606317350933,0.0,0.9,0.11495535714285714,0.16010498687664043,0.0,0.32744850776261253,0.00734592930818777,0.010006561679790027,0.9999999999627976,0.7087053571164916,0.4635416666494218,1.6121330058973002,0.7949453601901909,0.7949453601901909
-0.3999999999999999,0.9000000000000001,5952.0712890625,127.01045227050781,6.998506177406162,0.0,0.9,0.11607142857142858,0.1698550724637681,0.0,0.3973063972896757,0.007970663553304854,0.010615942028985506,0.9999999999627976,0.6417410714046972,0.5029761904574785,1.5629494917782893,0.7719950436485801,0.7719950436485801
-0.29999999999999993,0.9000000000000001,5852.84375,125.2734603881836,5.25819107347758,0.0,0.9,0.11383928571428571,0.2155504234026174,0.0,0.5722082283554909,0.007214279895731509,0.013471901462663588,0.9999999999627976,0.4832589285534502,0.5788690475975123,1.4606206858604025,0.7164031431944433,0.7164031431944433
-0.19999999999999996,0.9000000000000001,5780.24169921875,123.93757629394531,4.022572638380021,0.0,0.9,0.11458333333333333,0.29558823529411765,0.0,0.7987394957647589,0.007166790766939687,0.019705882352941177,0.9999999999627976,0.25297619046677916,0.6086309523583099,1.3066185952478488,0.6147470282790517,0.6147470282790517
-0.09999999999999998,0.9000000000000001,5735.9130859375,123.01956939697266,3.1823129237563337,0.0,0.9,0.11383928571428571,0.07692307692307693,0.0,0.9949622165829152,0.007114955357142857,0.01098901098901099,0.9999999999627976,0.004836309523629602,0.5822172618831021,1.1062689924278413,0.4319173068615946,0.4319173068615946
0.0,0.9000000000000001,5719.93603515625,122.53048706054688,2.7391892095469337,0.0,0.9,0.11458333333333333,0.0,0.0,0.9999999999579833,0.007161458333333333,0.0,0.9999999999627976,0.0,0.5781249999784924,0.9436005300013427,0.1695341131362477,0.1695341131362477
0.10000000000000009,0.9000000000000001,5733.52490234375,122.47488403320312,2.7454630582018655,0.0,0.9,0.11421130952380952,0.0,0.0,0.9999999999580009,0.007138206845238095,0.0,0.9999999999627976,0.0,0.4471726190309832,0.9332430634046983,0.02189599102004085,-0.02189599102004085
0.20000000000000018,0.9000000000000001,5777.42724609375,123.119873046875,3.085940836189262,0.0,0.9,0.04501488095238095,0.0,0.0,0.999999999961044,0.0033384044566675446,0.0,0.9999999999627976,0.0,0.21912202380137197,0.9727874706134293,0.0826334925778568,0.0826334925778568
0.30000000000000004,0.9000000000000001,5849.57666015625,124.18705749511719,3.798815224322032,0.0,0.9,0.05171130952380952,0.0,0.0,0.9999999999607689,0.00668828574966488,0.0,0.9999999999627976,0.0,0.2317708333247109,1.0335353683696864,0.19349682850873168,0.19349682850873168
0.40000000000000013,0.9000000000000001,5948.10888671875,125.66159057617188,5.318239210726924,0.0,0.9,0.09077380952380952,0.1111111111111111,0.0,0.9967266775369589,0.013886641957721657,0.037037037037037035,0.9999999999627976,0.003348214285589724,0.23846726189589038,1.1772913944017673,0.3751425669776829,0.3751425669776829
0.5,0.9000000000000001,6072.68408203125,127.5237808227539,8.70484533962138,0.0,0.9,0.06882440476190477,0.14848762603116408,0.0,0.6288453855122316,0.005263278060406187,0.009280476626947755,0.9999999999627976,0.4058779761753766,0.23883928570540033,1.517874145174302,0.6973952002349373,0.6973952002349373
0.6000000000000001,0.9000000000000001,6222.37939453125,129.75039672851562,14.843476328249174,0.0,0.9,0.06882440476190477,0.08426966292134831,0.0,0.21853775468563574,0.00471928113680691,0.005269320843091335,0.9999999999627976,0.7946428571132946,0.23883928570540033,1.7523559808064688,0.8543246896858419,0.8543246896858419
0.7000000000000002,0.9000000000000001,6395.078125,132.31591796875,inf,0.0,0.9,0.06808035714285714,0.07322929171668667,0.0,0.07544910179339526,0.004358803353658537,0.004578662930344275,0.9999999999627976,0.9296874999654134,0.254836309514329,1.8285664662905956,0.625069312998535,0.625069312998535
0.8,0.9000000000000001,6589.1181640625,135.19384765625,inf,0.0,0.9,0.06882440476190477,0.06980273141122914,0.0,0.020375549339977008,0.005486361387887781,0.004369300911854103,0.9999999999627976,0.9806547618682793,0.2686011904661979,1.853737015121893,0.25334738355930364,0.25334738355930364
0.9000000000000001,0.9000000000000001,6803.6953125,138.35751342773438,inf,0.0,0.9,0.06919642857142858,0.06958473625140292,0.0,0.005995203836690839,0.004342547627941726,0.004355563881603597,0.9999999999627976,0.9944196428201482,0.2760416666563973,1.8587698086030089,0.007910431788518656,0.007910431788518656
1.0,0.9000000000000001,7035.87548828125,141.78118896484375,inf,0.0,0.9,0.06919642857142858,0.06927374301675977,0.0,0.001199040767338168,0.004327997021593448,0.004331222056631893,0.9999999999627976,0.9988839285342678,0.28162202379904683,1.861156155124331,0.06212676547290324,-0.06065045154654016
-1.0,1.0,7273.46923828125,147.85079956054688,inf,0.0,0.9,0.13132440476190477,0.1427882296189098,0.0,0.23897216273066502,0.017525449931656657,0.019670104660430385,0.9999999999627976,0.7712053571141665,0.3255208333212232,1.6355734171457041,0.712663845416932,0.712663845416932
-0.9,1.0,7047.64453125,144.33729553222656,inf,0.0,0.9,0.15625,0.18869994514536478,0.0,0.3478835978682591,0.018873006269676657,0.022749053871606355,0.9999999999627976,0.6781994047366742,0.3437499999872117,1.550297968485524,0.7253866191386587,0.7253866191386587
-0.8,1.0,6839.90576171875,141.0702362060547,inf,0.0,0.9,0.11644345238095238,0.1570964247020585,0.0,0.34484210524863823,0.010392577702055967,0.011775023177863357,0.9999999999627976,0.6867559523554034,0.3571428571295706,1.6206609759472679,0.7786592060603776,0.7786592060603776
-0.7,1.0,6651.51318359375,138.07363891601562,17.492613046867884,0.0,0.9,0.11421130952380952,0.1407269338303821,0.0,0.2255354892807419,0.0075750098697197,0.008953984819734345,0.9999999999627976,0.7983630952083943,0.38318452379526846,1.6699647921246168,0.8175682958433741,0.8175682958433741
-0.6,1.0,6485.490234375,135.3721466064453,13.540921565013418,0.0,0.9,0.11458333333333333,0.13376906318082787,0.0,0.16470588234602077,0.00735764188605956,0.008375163683980794,0.9999999999627976,0.8537946428253798,0.40959821427047627,1.6914002057262627,0.8373834780553329,0.8373834780553329
-0.5,1.0,6341.6728515625,132.9903564453125,10.28471435641265,0.0,0.9,0.11421130952380952,0.14066852367688024,0.0,0.2225955480796894,0.007172897196261682,0.008795866233163028,0.9999999999627976,0.801339285684474,0.4334077380791143,1.6666346724185317,0.8269335311095596,0.8269335311095596
-0.3999999999999999,1.0,6220.77294921875,130.9519805908203,7.781552807127749,0.0,0.9,0.11569940476190477,0.163135593220339,0.0,0.335296592329184,0.007338788220305107,0.010195974576271187,0.9999999999627976,0.7023809523548222,0.4713541666491312,1.609021634688914,0.7986480899006443,0.7986480899006443
-0.29999999999999993,1.0,6125.71875,129.2787322998047,5.569844561893814,0.0,0.9,0.11421130952380952,0.19324026451138868,0.0,0.5388492229929085,0.007146182495344507,0.012077516531961792,0.9999999999627976,0.5063244047430683,0.5517113095032846,1.4994307970200051,0.733632726462984,0.733632726462984
-0.19999999999999996,1.0,6056.7568359375,127.98931884765625,3.903683062750252,0.0,0.9,0.11495535714285714,0.05519480519480519,0.0,0.8776796973149358,0.007184709821428571,0.0034496753246753245,0.9999999999627976,0.11458333332907057,0.5639880952171136,1.2830100589600326,0.5801487058884555,0.5801487058884555
-0.09999999999999998,1.0,6013.86279296875,127.0984115600586,2.925610251499983,0.0,0.9,0.11495535714285714,0.0,0.0,0.9999999999579656,0.007184709821428571,0.0,0.9999999999627976,0.0,0.5572916666459341,1.0055415472891522,0.2780364613163905,0.2780364613163905
0.0,1.0,5998.27099609375,126.61550903320312,2.7416647891207107,0.0,0.9,0.11383928571428571,0.0,0.0,0.9999999999580186,0.007114955357142857,0.0,0.9999999999627976,0.0,0.4456845237929433,0.9326886119269747,0.018629657373552506,-0.018629657373552506
0.10000000000000009,1.0,6011.62158203125,126.81409454345703,3.182211891045364,0.0,0.9,0.04538690476190476,0.0,0.0,0.999999999961029,0.003773437287899516,0.0,0.9999999999627976,0.0,0.2150297618967623,0.9826159521616514,0.09959887682538411,0.09959887682538411
0.20000000000000018,1.0,6053.80859375,127.42269897460938,4.064511448401612,0.0,0.9,0.04203869047619048,0.0,0.0,0.9999999999611651,0.0035604569315199237,0.0,0.9999999999627976,0.0,0.2321428571342209,1.0734722034034367,0.2442562808154234,0.2442562808154234
0.30000000000000004,1.0,6122.45849609375,128.4336395263672,5.354058355117668,0.0,0.9,0.044642857142857144,0.0,0.0,0.9964953270639995,0.0061224460499114805,0.0,0.9999999999627976,0.003348214285589724,0.24367559522902993,1.178751169376351,0.3687409575537204,0.3687409575537204
0.40000000000000013,1.0,6216.84228515625,129.8341522216797,8.00354886420039,0.0,0.9,0.08630952380952381,0.07368421052631578,0.0,0.9641693810682342,0.013405277723330458,0.017706131078224104,0.9999999999627976,0.03534226190344709,0.23772321427687043,1.329828102579816,0.5111193187892658,0.5111193187892658
0.5,1.0,6336.080078125,131.60714721679688,12.105980639925365,0.0,0.9,0.0703125,0.12044817927170869,0.0,0.49739895956392965,0.005801951431006899,0.007597173144876325,0.9999999999627976,0.5312499999802363,0.23883928570540033,1.6023824502944182,0.7523936497259984,0.7523936497259984
0.6000000000000001,1.0,6479.5087890625,133.73233032226562,inf,0.0,0.9,0.06956845238095238,0.08250676284941388,0.0,0.18632546980462514,0.0048187812409369295,0.005497131378694997,0.9999999999627976,0.8251488094931121,0.24069940475295018,1.7720143107587958,0.8239866340902905,0.8239866340902905
0.7000000000000002,1.0,6645.478515625,136.1872100830078,inf,0.0,0.9,0.06919642857142858,0.07385229540918163,0.0,0.07274180655184885,0.004484953703703704,0.0046398475120385235,0.9999999999627976,0.9319196428224733,0.24144345237197012,1.8297488732834182,0.5166233187184452,0.5166233187184452
0.8,1.0,6832.43994140625,138.94802856445312,inf,0.0,0.9,0.06882440476190477,0.0708269525267994,0.0,0.030363563722318677,0.004394716837704295,0.0044505388760585065,0.9999999999627976,0.97172619044004,0.254836309514329,1.8480939796460845,0.19368101537968216,0.19368101537968216
0.9000000000000001,1.0,7038.8212890625,141.99085998535156,inf,0.0,0.9,0.06845238095238096,0.06870799103808813,0.0,0.003993610223482684,0.004289444237224916,0.004299065420560748,0.9999999999627976,0.996279761867698,0.27194940475178764,1.8607564667257475,0.008071198132582016,0.008071198132582016
1.0,1.0,7263.236328125,145.2919158935547,inf,0.0,0.9,0.06845238095238096,0.06847785634536659,0.0,0.00039936102234826835,0.004286246738725307,0.004286246738725307,0.9999999999627976,0.9996279761532877,0.2819940476085568,1.8626651079127656,0.05248539264511,-0.051957515292986325
