-1.0,-1.0,6231.701171875,91.65567016601562,8.95395203802301,0.0,0.9,0.14375,0.2440944881889764,0.0,0.6496350362592572,0.035869475995526416,0.03354222813910446,0.9999999996875,0.3968749998759765,0.3781249998818359,1.4091154936534855,0.5865205627967108,0.5865205627967108
-0.9,-1.0,6033.53515625,88.74827575683594,6.948328260691637,0.0,0.9,0.184375,0.36470588235294116,0.0,0.793103447971991,0.04570323112522601,0.07683982683982683,0.9999999996875,0.2656249999169922,0.4312499998652343,1.28590961098824,0.5433482982249149,0.5433482982249149
-0.8,-1.0,5851.57763671875,86.06159973144531,5.639364415868717,0.0,0.9,0.225,0.4852941176470588,0.0,0.8588709673956165,0.07106297884244002,0.2484848484848485,0.9999999996875,0.21249999993359373,0.48124999984960937,1.1600751266822347,0.4476318504590795,0.4476318504590795
-0.7,-1.0,5686.00244140625,83.6171875,4.812725256986462,0.0,0.9,0.2,0.546875,0.0,0.8867187496536254,0.06134944746291512,0.23305380852550664,0.9999999996875,0.19999999993749998,0.5687499998222656,1.1079123411431713,0.434640128004555,0.434640128004555
-0.6,-1.0,5538.27294921875,81.43722534179688,4.146236908957586,0.0,0.9,0.203125,0.5538461538461539,0.0,0.886274509456363,0.06320705194984282,0.2099056603773585,0.9999999996875,0.20312499993652341,0.621874999805664,1.0329396313018815,0.3896048331461122,0.3896048331461122
-0.5,-1.0,5410.94580078125,79.54376983642578,3.671309254653038,0.0,0.9,0.25,0.5666666666666667,0.0,0.8916666662951389,0.08703213326547196,0.21962962962962962,0.9999999996875,0.18749999994140623,0.6749999997890624,0.9635336370335221,0.320832272150388,0.320832272150388
-0.3999999999999999,-1.0,5303.7783203125,77.95804595947266,3.3968555247905505,0.0,0.9,0.265625,0.6,0.0,0.9063829783377094,0.0972877735632629,0.3148936170212766,0.9999999996875,0.17187499994628905,0.6843749997861328,0.9368627834090202,0.29015167376003165,0.29015167376003165
-0.29999999999999993,-1.0,5219.23583984375,76.69944763183594,3.0921934939880393,0.0,0.9,0.3125,0.6,0.0,0.8999999995909091,0.12628787694897972,0.32,0.9999999996875,0.17187499994628905,0.7499999997656249,0.8926300379552778,0.2287341698469718,0.2287341698469718
-0.19999999999999996,-1.0,5159.125,75.78458404541016,2.824627581370607,0.0,0.9,0.334375,0.6181818181818182,0.0,0.9014084502810289,0.14272601481591946,0.2872628726287263,0.9999999996875,0.17187499994628905,0.7812499997558593,0.8538690733862817,0.19630239688100687,0.19312825962759522
-0.09999999999999998,-1.0,5122.8671875,75.2261962890625,2.6608876649829303,0.0,0.9,0.3625,0.813953488372093,0.0,0.9607843132545175,0.18408675607647668,0.5904761904761905,0.9999999996875,0.1343749999580078,0.7968749997509765,0.8036396559016991,0.16074779262728695,0.1564163080290726
0.0,-1.0,5110.98291015625,75.03241729736328,2.58575539185789,0.0,0.9,0.39375,0.8787878787878788,0.0,0.9793814427941333,0.20981668081752894,0.6222222222222222,0.9999999996875,0.10312499996777343,0.771874999758789,0.7904409848222834,0.15876992265753465,0.12960356541197965
0.10000000000000009,-1.0,5123.78564453125,75.20616149902344,2.607165189098151,0.0,0.9,0.359375,1.0,0.0,0.9999999995121952,0.19170350968670297,1.0,0.9999999996875,0.09062499997167968,0.7843749997548828,0.8100641908780817,0.19771918754013248,0.19396558889486706
0.20000000000000018,-1.0,5161.65576171875,75.74484252929688,2.726108115033502,0.0,0.9,0.34375,0.95,0.0,0.9952380947641724,0.2018535839377362,0.5,0.9999999996875,0.06249999998046875,0.843749999736328,0.850053947338808,0.22801737110756692,0.22801737110756692
0.30000000000000004,-1.0,5222.97265625,76.64070892333984,3.0855303624074346,0.0,0.9,0.290625,0.6428571428571429,0.0,0.977973567851113,0.17046517978368883,0.25,0.9999999996875,0.04374999998632812,0.8624999997304686,0.9541714793839321,0.32814790808569855,0.32368706555954163
0.40000000000000013,-1.0,5306.3701171875,77.8812484741211,3.7007938121688158,0.0,0.9,0.26875,0.0,0.0,0.9658119653992256,0.1568285005785006,0.0,0.9999999996875,0.024999999992187497,0.7999999997499999,1.041095308124851,0.3555314250763032,0.35099357205297
0.5,-1.0,5412.41796875,79.4500732421875,4.462742334756384,0.0,0.9,0.190625,0.0,0.0,0.953667953299742,0.11504248652866164,0.0,0.9999999996875,0.03749999998828125,0.6937499997832031,1.1144012083309176,0.4052902189394387,0.4007717331396308
0.6000000000000001,-1.0,5539.5361328125,81.32789611816406,5.647022611211159,0.0,0.9,0.10625,0.0,0.0,0.9615384612022592,0.06802538591754927,0.0,0.9999999996875,0.03437499998925781,0.6249999998046875,1.2262949933605256,0.4739299506097028,0.4739299506097028
0.7000000000000002,-1.0,5686.23046875,83.49357604980469,7.029407837469704,0.0,0.9,0.05625,0.04,0.0,0.9205298010196921,0.02391939101310923,0.016666666666666666,0.9999999996875,0.07812499997558593,0.5874999998164062,1.367524451361582,0.5500321004307311,0.5489149445590635
0.8,-1.0,5851.97314453125,85.92503356933594,8.9249690178202,0.0,0.9,0.034375,0.015151515151515152,0.0,0.7896440126894355,0.00831791340226389,0.0022675736961451243,0.9999999996875,0.20624999993554685,0.5312499998339844,1.5254596460623775,0.6654771933725868,0.6654771933725868
0.9000000000000001,-1.0,6034.8876953125,88.6000747680664,11.21896511528134,0.0,0.9,0.03125,0.03,0.0,0.6870967739719042,0.007857293414576598,0.0036231884057971015,0.9999999996875,0.31249999990234373,0.49687499984472655,1.60382162766932,0.7263631262090484,0.7263631262090484
1.0,-1.0,6232.9521484375,91.49701690673828,13.680050194843819,0.0,0.9,0.0125,0.00819672131147541,0.0,0.6170886073996554,0.002186839648139958,0.000980392156862745,0.9999999996875,0.38124999988085934,0.47812499985058593,1.6777873405229995,0.7789070394925823,0.7789070394925823
-1.0,-0.9,6030.8408203125,88.72073364257812,7.249758575402777,0.0,0.9,0.1875,0.3614457831325301,0.0,0.796153845847633,0.051625193469567336,0.052913752913752915,0.9999999996875,0.2593749999189453,0.40937499987207027,1.2813633624781466,0.5399978451371356,0.5399978451371356
-0.9,-0.9,5824.9228515625,85.71512603759766,5.771808222729119,0.0,0.9,0.228125,0.5238095238095238,0.0,0.8785425097657723,0.07860242862149078,0.266025641025641,0.9999999996875,0.19687499993847654,0.4374999998632812,1.138890541746959,0.43744730094234263,0.43744730094234263
-0.8,-0.9,5635.25,82.93157196044922,4.875403211360344,0.0,0.9,0.240625,0.5454545454545454,0.0,0.8971193411946011,0.08073091400936945,0.5014577259475218,0.9999999996875,0.17187499994628905,0.5281249998349609,1.0723790962295148,0.38736579068679866,0.38736579068679866
-0.7,-0.9,5463.259765625,80.39349365234375,4.193731987048212,0.0,0.9,0.246875,0.5789473684210527,0.0,0.90041493738572,0.0824254461605316,0.2811224489795919,0.9999999996875,0.17812499994433592,0.6031249998115233,1.0078663957256964,0.34255410688125343,0.34255410688125343
-0.6,-0.9,5309.29736328125,78.12518310546875,3.668973229461722,0.0,0.9,0.26875,0.6065573770491803,0.0,0.8974358970523778,0.09198931106664801,0.38235294117647056,0.9999999996875,0.19062499994042967,0.621874999805664,0.9646803264857894,0.2940959754180571,0.2940959754180571
-0.5,-0.9,5176.1162109375,76.15115356445312,3.332656221493848,0.0,0.9,0.28125,0.6071428571428571,0.0,0.9043478256937618,0.10434375172702416,0.2468864468864469,0.9999999996875,0.17499999994531248,0.6531249997958984,0.9364838243886288,0.2571137688893805,0.2571137688893805
-0.3999999999999999,-0.9,5064.8701171875,74.49518585205078,3.0286379685257514,0.0,0.9,0.271875,0.6101694915254238,0.0,0.90128755326125,0.09653796043974443,0.28921775898520086,0.9999999996875,0.1843749999423828,0.7062499997792968,0.8963420628212395,0.2673193014045854,0.2673193014045854
-0.29999999999999993,-0.9,4976.974609375,73.17925262451172,2.7885162272649535,0.0,0.9,0.290625,0.631578947368421,0.0,0.9074889863843661,0.11680101803940814,0.31170731707317073,0.9999999996875,0.17812499994433592,0.7812499997558593,0.8706083988525587,0.26906353389419474,0.25621354555063736
-0.19999999999999996,-0.9,4913.3759765625,72.22228240966797,2.525013491675023,0.0,0.9,0.309375,0.6909090909090909,0.0,0.9230769226592412,0.14279917668246528,0.3123617123617124,0.9999999996875,0.17187499994628905,0.8187499997441405,0.8146468417612359,0.21877163690175427,0.21877163690175427
-0.09999999999999998,-0.9,4875.416015625,71.63893127441406,2.360530472274864,0.0,0.9,0.40625,0.7142857142857143,0.0,0.9263157889861496,0.22458200708852694,0.4545454545454546,0.9999999996875,0.15312499995214843,0.821874999743164,0.7505702186549486,0.12897563026881154,0.1013992067840821
0.0,-0.9,4863.05078125,71.43853759765625,2.232743838478058,0.0,0.9,0.478125,0.8571428571428571,0.0,0.9700598796586468,0.26949664304488813,0.4907407407407407,0.9999999996875,0.1093749999658203,0.8031249997490234,0.6988661194408402,0.09155390216468232,0.02198513491071568
0.10000000000000009,-0.9,4876.9970703125,71.62440490722656,2.1750848335124635,0.0,0.9,0.434375,1.0,0.0,0.9999999994475138,0.24734079308115822,1.0,0.9999999996875,0.07812499997558593,0.821874999743164,0.6803058048165096,0.13327373154794597,0.07007649544553775
0.20000000000000018,-0.9,4916.94580078125,72.19352722167969,2.257409050615979,0.0,0.9,0.4125,1.0,0.0,0.9999999994680852,0.26115438823545983,1.0,0.9999999996875,0.0843749999736328,0.8531249997333984,0.7131455798384685,0.12660660501334486,0.12118304665179568
0.30000000000000004,-0.9,4981.0615234375,73.13684844970703,2.5306580037386466,0.0,0.9,0.35,1.0,0.0,0.9999999995192308,0.21610861127667852,1.0,0.9999999996875,0.07187499997753906,0.8593749997314453,0.8137202669158038,0.20784200462795954,0.20131280246621475
0.40000000000000013,-0.9,5068.107421875,74.4399185180664,2.9102536573100632,0.0,0.9,0.290625,0.95,0.0,0.9955947132177997,0.17263746629331173,0.5,0.9999999996875,0.06249999998046875,0.871874999727539,0.8931003194230218,0.2619740837465183,0.2601267161739236
0.5,-0.9,5178.72216796875,76.0839614868164,3.5138172400569068,0.0,0.9,0.2125,0.8636363636363636,0.0,0.9880952377031368,0.11360692927857106,0.5,0.9999999996875,0.06874999997851562,0.7312499997714843,0.9978216463201497,0.3385690476446657,0.3385690476446657
0.6000000000000001,-0.9,5311.576171875,78.04710388183594,4.499088960311189,0.0,0.9,0.184375,0.4375,0.0,0.9655172410093803,0.09786697946635835,0.4444444444444444,0.9999999996875,0.049999999984374995,0.6312499998027343,1.0990739372588518,0.37573429006124026,0.3638611253063069
0.7000000000000002,-0.9,5465.0458984375,80.30558013916016,5.84397580856604,0.0,0.9,0.075,0.07692307692307693,0.0,0.9594594591353177,0.028547640078631992,0.08333333333333333,0.9999999996875,0.040624999987304684,0.6031249998115233,1.2736002941521194,0.48917963105072065,0.4880843796990064
0.8,-0.9,5637.884765625,82.8348617553711,7.510355226990161,0.0,0.9,0.040625,0.019230769230769232,0.0,0.8338762212267503,0.01086538717282169,0.004651162790697674,0.9999999996875,0.16249999994921874,0.5624999998242187,1.4480919121315428,0.6279580172575285,0.6253158003582782
0.9000000000000001,-0.9,5827.8583984375,85.6106185913086,9.61458549343827,0.0,0.9,0.028125,0.012195121951219513,0.0,0.7395498389904984,0.006730469730136619,0.001610305958132045,0.9999999996875,0.25624999991992187,0.4937499998457031,1.5329422488120992,0.6888583564486962,0.6888583564486962
1.0,-0.9,6033.40625,88.60933685302734,11.951407574997727,0.0,0.9,0.03125,0.019230769230769232,0.0,0.6709677417190426,0.005768688790248714,0.00830564784053156,0.9999999996875,0.3249999998984375,0.4843749998486328,1.6037168393852153,0.7446793243328087,0.7446793243328087
-1.0,-0.8,5845.3134765625,86.00480651855469,6.08609206425228,0.0,0.9,0.196875,0.4861111111111111,0.0,0.8560311280715831,0.06293326622250145,0.1365358126721763,0.9999999996875,0.22499999992968747,0.47187499985253906,1.1960772241786248,0.5008004822879102,0.5008004822879102
-0.9,-0.8,5632.68017578125,82.90211486816406,4.850215528758628,0.0,0.9,0.25,0.5740740740740741,0.0,0.9041666662899306,0.0910217525745476,0.24337121212121213,0.9999999996875,0.1687499999472656,0.5156249998388671,1.0572775800846361,0.393316487636625,0.393316487636625
-0.8,-0.8,5435.5849609375,80.02217102050781,4.015389362136061,0.0,0.9,0.278125,0.7142857142857143,0.0,0.9393939389872754,0.10091799506436029,0.5349999999999999,0.9999999996875,0.15312499995214843,0.5968749998134765,0.968243357640762,0.33356127398567026,0.33356127398567026
-0.7,-0.8,5256.970703125,77.3902359008789,3.5267209778206827,0.0,0.9,0.303125,0.7142857142857143,0.0,0.9372197305214262,0.10690643747649199,0.6646341463414634,0.9999999996875,0.15312499995214843,0.6406249997998047,0.9068881328330688,0.2532079527455922,0.2532079527455922
-0.6,-0.8,5096.62451171875,75.0328140258789,3.234138281035618,0.0,0.9,0.31875,0.7058823529411765,0.0,0.9311926601233061,0.11729434740925662,0.3896341463414634,0.9999999996875,0.1593749999501953,0.6437499997988281,0.8893349133521264,0.20248307842201652,0.20248307842201652
-0.5,-0.8,4957.41015625,72.97698974609375,2.9578232173633108,0.0,0.9,0.303125,0.7346938775510204,0.0,0.9417040354521506,0.11625842674725785,0.5583333333333333,0.9999999996875,0.15312499995214843,0.6531249997958984,0.8623930595613473,0.20668108839965313,0.20668108839965313
-0.3999999999999999,-0.8,4841.33837890625,71.24930572509766,2.724890845160386,0.0,0.9,0.271875,0.7291666666666666,0.0,0.9442060081784523,0.0949908057812194,0.38022113022113024,0.9999999996875,0.149999999953125,0.7281249997724609,0.8536160897030481,0.23931424887504016,0.23931424887504016
-0.29999999999999993,-0.8,4749.8623046875,69.87455749511719,2.52468199448927,0.0,0.9,0.3,0.7058823529411765,0.0,0.9330357138691805,0.12558577356728212,0.30428571428571427,0.9999999996875,0.1593749999501953,0.7874999997539062,0.820776214349207,0.22330626283432345,0.21895951539533612
-0.19999999999999996,-0.8,4683.53955078125,68.87427520751953,2.3067375198595124,0.0,0.9,0.378125,0.7169811320754716,0.0,0.9246231151132548,0.21254344000049244,0.3232323232323232,0.9999999996875,0.16562499994824217,0.8624999997304686,0.7744688475548315,0.15952473405592232,0.14385312084998497
-0.09999999999999998,-0.8,4643.96484375,68.26525115966797,2.120669227148383,0.0,0.9,0.440625,0.7586206896551724,0.0,0.9217877089822415,0.25672689677108684,0.37826178451178455,0.9999999996875,0.18124999994335936,0.8749999997265624,0.7030272423139265,0.10241349855127888,0.08034203615348337
0.0,-0.8,4631.072265625,68.05818939208984,1.930504545702348,0.0,0.9,0.5375,0.825,0.0,0.9527027020589847,0.32829440903468343,0.53125,0.9999999996875,0.1249999999609375,0.8656249997294921,0.6235888171702717,0.09827745206003285,-0.019916316985530532
0.10000000000000009,-0.8,4645.8115234375,68.25688171386719,1.8495682584874555,0.0,0.9,0.578125,0.8484848484848485,0.0,0.9629629622496572,0.36232207260311056,0.6666666666666666,0.9999999996875,0.10312499996777343,0.8843749997236328,0.5851502932478422,0.11734479298973455,-0.04267156354719349
0.20000000000000018,-0.8,4687.068359375,68.85775756835938,1.8663423164939543,0.0,0.9,0.559375,0.9310344827586207,0.0,0.9858156021377195,0.37431194022021846,0.5,0.9999999996875,0.09062499997167968,0.893749999720703,0.5879693023158015,0.0691957020849875,-0.017132984489163276
0.30000000000000004,-0.8,4753.54345703125,69.85030364990234,2.0163392378943454,0.0,0.9,0.459375,1.0,0.0,0.9999999994219654,0.29586385836385837,1.0,0.9999999996875,0.0843749999736328,0.893749999720703,0.6513719915512295,0.07488851135336425,0.06993139159286135
0.40000000000000013,-0.8,4844.97998046875,71.21785736083984,2.28579635816896,0.0,0.9,0.384375,1.0,0.0,0.9999999994923858,0.23099507156506602,1.0,0.9999999996875,0.08124999997460937,0.9062499997167968,0.7567186718922148,0.18815455054364552,0.14325607487980843
0.5,-0.8,4961.02392578125,72.93900299072266,2.853194704212351,0.0,0.9,0.265625,0.9583333333333334,0.0,0.9957446804273428,0.1438809373765769,0.5,0.9999999996875,0.0749999999765625,0.8156249997451172,0.893018723782001,0.2640905172882019,0.26339466524716226
0.6000000000000001,-0.8,5099.5302734375,74.9889907836914,3.6918240762489676,0.0,0.9,0.2,0.7777777777777778,0.0,0.9843749996154785,0.10265792253050803,0.5,0.9999999996875,0.05624999998242187,0.6843749997861328,1.0277223872558958,0.34814168937962514,0.34814168937962514
0.7000000000000002,-0.8,5259.75341796875,77.34126281738281,4.885288045452198,0.0,0.9,0.1375,0.1,0.0,0.9673913039973219,0.051280674213005036,0.1111111111111111,0.9999999996875,0.031249999990234374,0.6343749998017578,1.1837897208407917,0.4285563146085998,0.4285563146085998
0.8,-0.8,5439.28125,79.96870422363281,6.304066627306118,0.0,0.9,0.0875,0.04081632653061224,0.0,0.839041095603068,0.02470556313069222,0.00975609756097561,0.9999999996875,0.15312499995214843,0.5781249998193358,1.363651803888835,0.5527027957949495,0.5527027957949495
0.9000000000000001,-0.8,5636.62158203125,82.84476470947266,8.313986802714403,0.0,0.9,0.078125,0.014084507042253521,0.0,0.7627118641482332,0.020347137142528244,0.002232142857142857,0.9999999996875,0.22187499993066404,0.521874999836914,1.4364164356128934,0.6119460106477499,0.6119460106477499
1.0,-0.8,5849.34375,85.94409942626953,10.554587153105034,0.0,0.9,0.096875,0.009433962264150943,0.0,0.6366782004717376,0.021558590820542175,0.0011261261261261261,0.9999999996875,0.33124999989648435,0.44374999986132807,1.499531548724061,0.6521800546348657,0.64768824898897
-1.0,-0.7,5676.712890625,83.529541015625,5.14572772225024,0.0,0.9,0.240625,0.5529411764705883,0.0,0.8436213988297855,0.09018266601481748,0.15881261595547308,0.9999999996875,0.2656249999169922,0.571874999821289,1.1160146780342117,0.4622063036289062,0.4622063036289062
-0.9,-0.7,5457.3388671875,80.33273315429688,4.053462996475906,0.0,0.9,0.284375,0.7959183673469388,0.0,0.9563318773116455,0.10650719235322283,0.34131493506493504,0.9999999996875,0.15312499995214843,0.6437499997988281,0.9743491000561357,0.3509958581504563,0.3509958581504563
-0.8,-0.7,5253.69677734375,77.35868835449219,3.4674701950854105,0.0,0.9,0.31875,0.8409090909090909,0.0,0.9678899078128945,0.13248625988805943,0.5980392156862745,0.9999999996875,0.13749999995703124,0.6593749997939453,0.8755172239415011,0.2589533405247586,0.2589533405247586
-0.7,-0.7,5068.04638671875,74.63446044921875,3.095727620199095,0.0,0.9,0.34375,0.8636363636363636,0.0,0.9714285709659864,0.14755455228599992,0.7045454545454546,0.9999999996875,0.13749999995703124,0.6687499997910156,0.8196462496104991,0.1798734768385415,0.1798734768385415
-0.6,-0.7,4902.12158203125,72.18883514404297,2.828634777716855,0.0,0.9,0.359375,0.8205128205128205,0.0,0.9658536580654372,0.14932629737840783,0.4128787878787879,0.9999999996875,0.12187499996191406,0.6968749997822266,0.7980038838151559,0.14834841790799028,0.1360953313014473
-0.5,-0.7,4757.017578125,70.05148315429688,2.6087630226996175,0.0,0.9,0.353125,0.8461538461538461,0.0,0.9710144922845341,0.1448485271519757,0.6060606060606061,0.9999999996875,0.12187499996191406,0.7093749997783203,0.7954929165999605,0.13224702074658654,0.13224702074658654
-0.3999999999999999,-0.7,4635.5986328125,68.25190734863281,2.4013087269219455,0.0,0.9,0.346875,0.8604651162790697,0.0,0.9712918655639752,0.14676607248135998,0.6060606060606061,0.9999999996875,0.1343749999580078,0.7812499997558593,0.7686785284505829,0.13381691862004225,0.13381691862004225
-0.29999999999999993,-0.7,4540.0009765625,66.81791687011719,2.2104364668310046,0.0,0.9,0.40625,0.8333333333333334,0.0,0.9631578942299169,0.23174180959275326,0.4267676767676768,0.9999999996875,0.13124999995898437,0.8562499997324218,0.7363019055428413,0.12438419198341136,0.08903921926466031
-0.19999999999999996,-0.7,4471.2109375,65.77388763427734,2.032158882505931,0.0,0.9,0.440625,0.825,0.0,0.9608938542117912,0.25929588126820163,0.41883116883116883,0.9999999996875,0.1249999999609375,0.893749999720703,0.7002958685483319,0.10224579883044559,0.07722645434164248
-0.09999999999999998,-0.7,4429.95263671875,65.13896179199219,1.8520452367399178,0.0,0.9,0.50625,0.7959183673469388,0.0,0.93670886016664,0.31611691189074254,0.4844086021505377,0.9999999996875,0.15312499995214843,0.9156249997138671,0.6300531512056454,0.07791922139011909,0.022453526184350762
0.0,-0.7,4416.88623046875,64.9253921508789,1.6829492470798455,0.0,0.9,0.6,0.851063829787234,0.0,0.9453124992614746,0.3912970650762012,0.640625,0.9999999996875,0.14687499995410155,0.9124999997148436,0.5530306999945797,0.11963227183950377,-0.04925752135426335
0.10000000000000009,-0.7,4432.3271484375,65.13744354248047,1.606991902636468,0.0,0.9,0.615625,0.8421052631578947,0.0,0.9512195114217727,0.411275924364437,0.6,0.9999999996875,0.11874999996289062,0.8999999997187499,0.5182367091841302,0.10363829420653828,-0.0424875038390292
0.20000000000000018,-0.7,4475.025390625,65.77094268798828,1.5772097510562078,0.0,0.9,0.640625,0.8620689655172413,0.0,0.9652173904650284,0.43927104561342567,0.5,0.9999999996875,0.09062499997167968,0.9124999997148436,0.50203718270085,0.10661710066983812,-0.06701655937915979
0.30000000000000004,-0.7,4544.1513671875,66.81371307373047,1.6398938566293078,0.0,0.9,0.6,1.0,0.0,0.99999999921875,0.42190020902995523,1.0,0.9999999996875,0.0843749999736328,0.9406249997060546,0.5325890030685637,0.057340347704220765,-0.04322400615007739
0.40000000000000013,-0.7,4640.220703125,68.24668884277344,1.864428482914067,0.0,0.9,0.49375,1.0,0.0,0.9999999993827161,0.3038979494579027,1.0,0.9999999996875,0.0843749999736328,0.9593749997001952,0.6297830126254294,0.06575683558465555,0.04970552250802491
0.5,-0.7,4761.423828125,70.04549407958984,2.269332601936956,0.0,0.9,0.415625,1.0,0.0,0.9999999994652407,0.2553826666909831,1.0,0.9999999996875,0.07187499997753906,0.9124999997148436,0.7480778650957848,0.1185872744627447,0.1122384493662947
0.6000000000000001,-0.7,4906.22607421875,72.18234252929688,2.993668830126013,0.0,0.9,0.290625,0.8333333333333334,0.0,0.991189426876128,0.1596496521783878,0.3333333333333333,0.9999999996875,0.03749999998828125,0.7687499997597655,0.9160268026077208,0.26087507454876346,0.2586979761702197
0.7000000000000002,-0.7,5072.373046875,74.62769317626953,4.105077327642716,0.0,0.9,0.2,0.0,0.0,0.972656249620056,0.08313492063492063,0.0,0.9999999996875,0.02187499999316406,0.6781249997880859,1.1108220387285317,0.3842166543404889,0.37708071866365256
0.8,-0.7,5258.7236328125,77.35182189941406,5.477194867262743,0.0,0.9,0.134375,0.021739130434782608,0.0,0.8375451260514277,0.047054501692818884,0.0047619047619047615,0.9999999996875,0.14374999995507812,0.6343749998017578,1.298229556936141,0.515167641452903,0.515167641452903
0.9000000000000001,-0.7,5463.00390625,80.32594299316406,7.155352258626353,0.0,0.9,0.1,0.07407407407407407,0.0,0.7395833330765335,0.025008784001405437,0.016563970052342145,0.9999999996875,0.25312499992089843,0.571874999821289,1.3956236491631582,0.6076949588604643,0.6076949588604643
1.0,-0.7,5682.716796875,83.52293395996094,9.318191723426205,0.0,0.9,0.0875,0.06349206349206349,0.0,0.595890410754832,0.010874542124542124,0.009473768012100947,0.9999999996875,0.3937499998769531,0.4531249998583984,1.5070549217734333,0.6948804864067677,0.6948804864067677
-1.0,-0.6,5526.66748046875,81.3172607421875,4.746917820405882,0.0,0.9,0.265625,0.5051546391752577,0.0,0.7957446805124491,0.15470567575295865,0.16433566433566435,0.9999999996875,0.3031249999052734,0.6468749997978516,1.0899914551079435,0.4546516760489965,0.4546516760489965
-0.9,-0.6,5300.9853515625,78.03141021728516,3.666701005080897,0.0,0.9,0.3,0.5507246376811594,0.0,0.8616071424724968,0.17294657667384686,0.2558035714285714,0.9999999996875,0.21562499993261716,0.6999999997812499,0.9589563457693128,0.3576145151609217,0.3576145151609217
-0.8,-0.6,5090.822265625,74.96774291992188,2.9657993200327684,0.0,0.9,0.3625,0.85,0.0,0.9705882348183391,0.22327870431517,0.6547619047619048,0.9999999996875,0.1249999999609375,0.7374999997695312,0.8204511644460927,0.22852732328643344,0.22852732328643344
-0.7,-0.6,4898.7001953125,72.15502166748047,2.587858148316079,0.0,0.9,0.4125,0.918918918918919,0.0,0.9840425526680625,0.26963839187341493,0.6333333333333333,0.9999999996875,0.11562499996386717,0.7687499997597655,0.7365695699847837,0.12191703960050174,0.12191703960050174
-0.6,-0.6,4726.892578125,69.62419128417969,2.3576991324953704,0.0,0.9,0.415625,0.875,0.0,0.9786096251451286,0.22930616633803527,0.7155172413793103,0.9999999996875,0.09999999996874999,0.7968749997509765,0.7024948528780399,0.09788760622773465,0.07196664260715001
-0.5,-0.6,4576.8193359375,67.4075927734375,2.1768543761711645,0.0,0.9,0.434375,0.8235294117647058,0.0,0.96685082819511,0.2504111190508196,0.6021505376344086,0.9999999996875,0.10624999996679686,0.8343749997392578,0.6868697397059597,0.06585982031487796,0.03474509001134997
-0.3999999999999999,-0.6,4451.103515625,65.5377197265625,2.012257607269191,0.0,0.9,0.490625,0.8648648648648649,0.0,0.9693251527795551,0.319202353264613,0.6145833333333334,0.9999999996875,0.11562499996386717,0.893749999720703,0.6601708545869804,0.13676940775242397,-0.021687766979782627
-0.29999999999999993,-0.6,4351.1337890625,64.04552459716797,1.8465202915913226,0.0,0.9,0.553125,0.8717948717948718,0.0,0.9650349643601155,0.3706909241698047,0.6145833333333334,0.9999999996875,0.12187499996191406,0.9124999997148436,0.6162362795417664,0.13147545407343894,-0.06249753613253617
-0.19999999999999996,-0.6,4278.96533203125,62.95841979980469,1.7077125446192476,0.0,0.9,0.575,0.8611111111111112,0.0,0.9632352934093859,0.391425408563869,0.6129032258064516,0.9999999996875,0.11249999996484374,0.9281249997099609,0.5778672517983003,0.13049513841024174,-0.05448361882311152
-0.09999999999999998,-0.6,4235.982421875,62.29805374145508,1.5715328379083324,0.0,0.9,0.6125,0.9130434782608695,0.0,0.967741934703434,0.4200241283397445,0.717741935483871,0.9999999996875,0.14374999995507812,0.9281249997099609,0.522078659281113,0.09394740392910021,-0.061384953847746886
0.0,-0.6,4222.5625,62.078338623046875,1.467510861610476,0.0,0.9,0.64375,0.9761904761904762,0.0,0.9912280693059403,0.44813801321914865,0.725,0.9999999996875,0.13124999995898437,0.949999999703125,0.4811066040675597,0.10163802259470987,-0.06608837364032856
0.10000000000000009,-0.6,4238.755859375,62.30406951904297,1.3741157733752285,0.0,0.9,0.68125,0.972972972972973,0.0,0.9901960774605921,0.48127514384942227,0.7222222222222222,0.9999999996875,0.11562499996386717,0.9531249997021484,0.4417525974326188,0.08388979077996143,-0.0822577899282126
0.20000000000000018,-0.6,4283.0234375,62.97038650512695,1.3482122390040778,0.0,0.9,0.7,0.9696969696969697,0.0,0.9895833323025174,0.5096080487446154,0.75,0.9999999996875,0.10312499996777343,0.9531249997021484,0.4271291499784317,0.10448918535483379,-0.10194127676757322
0.30000000000000004,-0.6,4355.453125,64.06330871582031,1.3803446016808276,0.0,0.9,0.690625,1.0,0.0,0.999999998989899,0.5127021422687326,1.0,0.9999999996875,0.09999999996874999,0.9656249996982421,0.4447912934731519,0.10578787194033833,-0.1045624123944819
0.40000000000000013,-0.6,4455.84765625,65.56112670898438,1.5386271884275904,0.0,0.9,0.6,1.0,0.0,0.99999999921875,0.4060624921533891,1.0,0.9999999996875,0.09062499997167968,0.9656249996982421,0.5108982268885937,0.05018197559656449,-0.035739266050952546
0.5,-0.6,4582.2900390625,67.4363784790039,1.8745902163381516,0.0,0.9,0.5,1.0,0.0,0.9999999993750001,0.3134502447054968,1.0,0.9999999996875,0.08124999997460937,0.9468749997041015,0.6316820018319318,0.10574081036945251,0.05027227957418068
0.6000000000000001,-0.6,4732.6455078125,69.65805053710938,2.5247524233361283,0.0,0.9,0.384375,0.6428571428571429,0.0,0.974619288845371,0.23774854857039784,0.5,0.9999999996875,0.04374999998632812,0.8187499997441405,0.8058929672449412,0.1636290937067222,0.1636290937067222
0.7000000000000002,-0.6,4904.76123046875,72.19361114501953,3.581692910086112,0.0,0.9,0.21875,0.125,0.0,0.9439999996224,0.09746159148299506,0.041666666666666664,0.9999999996875,0.049999999984374995,0.7062499997792968,1.0322502651132501,0.3357789691298558,0.3357789691298558
0.8,-0.6,5097.8212890625,75.01072692871094,4.945523639950611,0.0,0.9,0.09375,0.05172413793103448,0.0,0.8103448273067776,0.018542515396140567,0.011904761904761904,0.9999999996875,0.18124999994335936,0.6718749997900391,1.2816071465275882,0.5525925432246543,0.5525925432246543
0.9000000000000001,-0.6,5308.72412109375,78.07840728759766,6.631559906889065,0.0,0.9,0.08125,0.08737864077669903,0.0,0.6802721086121523,0.009498776145972406,0.013675213675213673,0.9999999996875,0.32187499989941404,0.5656249998232421,1.4460611593141925,0.6580476331010446,0.6580476331010446
1.0,-0.6,5535.20703125,81.3678970336914,8.625079173201541,0.0,0.9,0.084375,0.1032258064516129,0.0,0.5255972694451886,0.00938386626792424,0.01239978917584399,0.9999999996875,0.4843749998486328,0.47812499985058593,1.5633422699038213,0.7378996657395291,0.7378996657395291
-1.0,-0.5,5397.1572265625,79.39027404785156,4.648642971526042,0.0,0.9,0.2875,0.3493975903614458,0.0,0.7631578944021238,0.21276232475542226,0.12686567164179102,0.9999999996875,0.2593749999189453,0.7062499997792968,1.1080697824897643,0.4375947316254326,0.43188452881568695
-0.9,-0.5,5165.46435546875,76.02290344238281,3.395443657677064,0.0,0.9,0.315625,0.4027777777777778,0.0,0.8036529676695648,0.23242307544223742,0.30124223602484473,0.9999999996875,0.22499999992968747,0.7656249997607422,0.9438501448244544,0.3349291162168626,0.3349291162168626
-0.8,-0.5,4949.53759765625,72.87661743164062,2.5915522057067975,0.0,0.9,0.40625,0.5645161290322581,0.0,0.8578947363905818,0.2590936163059162,0.40714285714285714,0.9999999996875,0.1937499999394531,0.8249999997421874,0.7893349778507355,0.19228506950235072,0.19228506950235072
-0.7,-0.5,4751.572265625,69.98177337646484,2.163982348077775,0.0,0.9,0.496875,0.96875,0.0,0.9937888192585163,0.3763758230276261,0.6666666666666666,0.9999999996875,0.09999999996874999,0.8531249997333984,0.6780020917066486,0.11009636813702832,0.05214200663373251
-0.6,-0.5,4574.220703125,67.37136840820312,1.9168360803613984,0.0,0.9,0.54375,0.8787878787878788,0.0,0.9726027390598612,0.3802102867589875,0.6236559139784946,0.9999999996875,0.10312499996777343,0.9062499997167968,0.6022042358935166,0.10605727454825273,-0.04240025376113849
-0.5,-0.5,4419.31005859375,65.08027648925781,1.7664452199506364,0.0,0.9,0.609375,0.8529411764705882,0.0,0.9599999992320001,0.45352082525178056,0.7109375,0.9999999996875,0.10624999996679686,0.9249999997109374,0.5591904141731605,0.16086730236148744,-0.12667453999758177
-0.3999999999999999,-0.5,4289.18359375,63.14393997192383,1.646780243362918,0.0,0.9,0.671875,0.8571428571428571,0.0,0.952380951473923,0.5330729492534314,0.6129032258064516,0.9999999996875,0.1093749999658203,0.9312499997089843,0.5302681135974295,0.20891996087077333,-0.1820430410300232
-0.29999999999999993,-0.5,4185.7548828125,61.59650802612305,1.5371294906273443,0.0,0.9,0.728125,0.8888888888888888,0.0,0.954022987409169,0.6026220454135534,0.6236559139784946,0.9999999996875,0.11249999996484374,0.9312499997089843,0.49118611269234036,0.2413025379400969,-0.21546631269442865
-0.19999999999999996,-0.5,4110.224609375,60.46844482421875,1.4499735780638219,0.0,0.9,0.7375,0.9166666666666666,0.0,0.9642857131377551,0.5951225934905827,0.6333333333333333,0.9999999996875,0.11249999996484374,0.9343749997080077,0.4580116612235799,0.2098925192830456,-0.19543134827360664
-0.09999999999999998,-0.5,4065.25634765625,59.78400421142578,1.3603535380089937,0.0,0.9,0.703125,0.9473684210526315,0.0,0.9789473673905817,0.5236984415752447,0.7327586206896551,0.9999999996875,0.11874999996289062,0.949999999703125,0.4308528786479256,0.13873441482282242,-0.1290866375790943
0.0,-0.5,4051.359130859375,59.5588264465332,1.2890166978524784,0.0,0.9,0.721875,1.0,0.0,0.9999999988764046,0.542633484786846,1.0,0.9999999996875,0.12187499996191406,0.9531249997021484,0.40877124760995737,0.12450092269185303,-0.12097006901017594
0.10000000000000009,-0.5,4067.90966796875,59.79823303222656,1.2118410821779733,0.0,0.9,0.74375,1.0,0.0,0.9999999987804878,0.5583079479696021,1.0,0.9999999996875,0.15312499995214843,0.9781249996943359,0.37309784847092475,0.16062081205870224,-0.12641419483455385
0.20000000000000018,-0.5,4113.833984375,60.496620178222656,1.1764734032893795,0.0,0.9,0.759375,1.0,0.0,0.9999999987012987,0.5886659062197648,1.0,0.9999999996875,0.14062499995605468,0.9999999996875,0.358979503316841,0.14526821598237105,-0.13987810069809647
0.30000000000000004,-0.5,4189.91552734375,61.63811111450195,1.2099864479300928,0.0,0.9,0.73125,1.0,0.0,0.9999999988372094,0.5735130332460497,1.0,0.9999999996875,0.11562499996386717,0.9812499996933594,0.3789699477178762,0.1323669714214974,-0.12889726010195166
0.40000000000000013,-0.5,4294.27001953125,63.19824981689453,1.3406492918820825,0.0,0.9,0.675,1.0,0.0,0.9999999990384616,0.5045343171244593,1.0,0.9999999996875,0.08749999997265624,0.9687499996972656,0.4336728747774735,0.10194499745755035,-0.0994784176824583
0.5,-0.5,4425.1484375,65.14640045166016,1.687548627481022,0.0,0.9,0.54375,0.8571428571428571,0.0,0.9726027390598612,0.3582222425316838,0.5,0.9999999996875,0.08749999997265624,0.9468749997041015,0.5731253195339754,0.1254681840096156,0.01097915766725719
0.6000000000000001,-0.5,4581.037109375,67.44834899902344,2.307217170347356,0.0,0.9,0.434375,0.5789473684210527,0.0,0.9558011044443088,0.27922040623653527,0.2777777777777778,0.9999999996875,0.05937499998144531,0.8343749997392578,0.7758007585717871,0.1287741564769266,0.10706006358930663
0.7000000000000002,-0.5,4759.103515625,70.06861877441406,3.3145886235123045,0.0,0.9,0.221875,0.05555555555555555,0.0,0.9317269072563346,0.11351825168533593,0.018518518518518517,0.9999999996875,0.05624999998242187,0.743749999767578,1.0177655604757727,0.33841193166829925,0.33841193166829925
0.8,-0.5,4958.2177734375,72.97232055664062,4.685942365387597,0.0,0.9,0.096875,0.05,0.0,0.8685121104261203,0.018507473411899972,0.008403361344537815,0.9999999996875,0.1249999999609375,0.6593749997939453,1.2913578357885482,0.5623584061771123,0.5623584061771123
0.9000000000000001,-0.5,5175.18994140625,76.12651062011719,6.217623014075274,0.0,0.9,0.084375,0.1368421052631579,0.0,0.7201365185255506,0.009595959595959597,0.022478516508367255,0.9999999996875,0.29687499990722654,0.5531249998271484,1.4598180621146615,0.6772229334714022,0.6772229334714022
1.0,-0.5,5407.1533203125,79.50091552734375,7.957134945990357,0.0,0.9,0.08125,0.13414634146341464,0.0,0.5170068025452358,0.00828959742741862,0.015725384146436778,0.9999999996875,0.5124999998398437,0.48124999984960937,1.5914366401681288,0.7717202044249306,0.7717202044249306
-1.0,-0.3999999999999999,5288.6806640625,77.77013397216797,4.212359964046868,0.0,0.9,0.30625,0.275,0.0,0.7387387384059736,0.20754966413088535,0.14583333333333334,0.9999999996875,0.249999999921875,0.8062499997480468,1.0639880907301271,0.41699091473390026,0.40599140481121354
-0.9,-0.3999999999999999,5051.9326171875,74.33131408691406,3.108300146879407,0.0,0.9,0.353125,0.38028169014084506,0.0,0.7874396131461645,0.23823359180502038,0.2585227272727273,0.9999999996875,0.22187499993066404,0.8749999997265624,0.9231076673846851,0.3055733687288872,0.3030728672413722
-0.8,-0.3999999999999999,4831.43017578125,71.11221313476562,2.301362945305749,0.0,0.9,0.459375,0.5961538461538461,0.0,0.8786127162551371,0.2993083076465859,0.40909090909090906,0.9999999996875,0.16249999994921874,0.8906249997216796,0.7647446491494052,0.15970625209400025,0.1372068451978788
-0.7,-0.3999999999999999,4628.2900390625,68.14454650878906,1.815354716233494,0.0,0.9,0.61875,1.0,0.0,0.9999999991803279,0.4861422170976427,1.0,0.9999999996875,0.09687499996972655,0.8968749997197265,0.5968806493792237,0.18508301475535024,-0.06958683504918559
-0.6,-0.3999999999999999,4446.0859375,65.46314239501953,1.6040796197509881,0.0,0.9,0.66875,0.9393939393939394,0.0,0.9811320745461019,0.5020020805331866,0.6436781609195402,0.9999999996875,0.10312499996777343,0.921874999711914,0.5003862705233246,0.18392660922294382,-0.1516550416440252
-0.5,-0.3999999999999999,4286.5029296875,63.10521697998047,1.5041348394928036,0.0,0.9,0.775,0.9032258064516129,0.0,0.9583333320023149,0.634379531612023,0.632183908045977,0.9999999996875,0.09687499996972655,0.9312499997089843,0.4641786950699739,0.28228321359660774,-0.2659933778374091
-0.3999999999999999,-0.3999999999999999,4151.8671875,61.108978271484375,1.4140859082646073,0.0,0.9,0.803125,0.9393939393939394,0.0,0.9682539667170572,0.6862209069456968,0.6428571428571429,0.9999999996875,0.10312499996777343,0.9312499997089843,0.43411019230712977,0.30067104416437307,-0.27657067555554843
-0.29999999999999993,-0.3999999999999999,4044.808837890625,59.511573791503906,1.3621502603851685,0.0,0.9,0.790625,0.9705882352941176,0.0,0.9850746253954111,0.6881879496349962,0.6547619047619048,0.9999999996875,0.10624999996679686,0.9312499997089843,0.41107311689508996,0.2504145316319571,-0.23629883854019526
-0.19999999999999996,-0.3999999999999999,3967.05517578125,58.346473693847656,1.2821860533815475,0.0,0.9,0.790625,1.0,0.0,0.9999999985074628,0.6881038506038505,1.0,0.9999999996875,0.10312499996777343,0.949999999703125,0.38249985142161774,0.22196035558070032,-0.20670005277436646
-0.09999999999999998,-0.3999999999999999,3919.904541015625,57.64046096801758,1.2099009271874794,0.0,0.9,0.778125,1.0,0.0,0.9999999985915494,0.6741717677381748,1.0,0.9999999996875,0.11249999996484374,0.9593749997001952,0.3568673294211908,0.17741497655110197,-0.17032053993921364
0.0,-0.3999999999999999,3905.552490234375,57.41084671020508,1.1183856502015619,0.0,0.9,0.803125,1.0,0.0,0.9999999984126984,0.6790435557572655,1.0,0.9999999996875,0.14374999995507812,0.9749999996953125,0.31852127919208717,0.19026945244548457,-0.1843264725161187
0.10000000000000009,-0.3999999999999999,3922.5556640625,57.66347885131836,1.0754671835382636,0.0,0.9,0.8125,1.0,0.0,0.9999999983333333,0.656349162238546,1.0,0.9999999996875,0.149999999953125,0.9937499996894531,0.30572208643685556,0.19694941835017504,-0.18730341519596028
0.20000000000000018,-0.3999999999999999,3970.635986328125,58.391990661621094,1.0299736174582363,0.0,0.9,0.84375,1.0,0.0,0.999999998,0.7073202754131914,1.0,0.9999999996875,0.15312499995214843,0.9999999996875,0.28418583367877187,0.21306553778527015,-0.20433804294986346
0.30000000000000004,-0.3999999999999999,4049.415771484375,59.578590393066406,1.0744661831539257,0.0,0.9,0.846875,1.0,0.0,0.9999999979591837,0.7173230115484673,1.0,0.9999999996875,0.1249999999609375,0.9999999996875,0.3096095088971736,0.2265296786711753,-0.2265296786711753
0.40000000000000013,-0.3999999999999999,4157.11865234375,61.19611740112305,1.223987173396233,0.0,0.9,0.78125,0.9285714285714286,0.0,0.9714285700408164,0.6402284694421178,0.75,0.9999999996875,0.08749999997265624,0.9937499996894531,0.38294226733849035,0.20053438553599046,-0.19276315640257302
0.5,-0.3999999999999999,4292.60546875,63.21086883544922,1.558681337654193,0.0,0.9,0.6125,0.8928571428571429,0.0,0.9758064508259626,0.41546472284626274,0.4166666666666667,0.9999999996875,0.08749999997265624,0.9562499997011719,0.5384894768092311,0.0953996182521895,-0.05182215446089553
0.6000000000000001,-0.3999999999999999,4453.30859375,65.5855712890625,2.2279048474096763,0.0,0.9,0.409375,0.5454545454545454,0.0,0.9470899465888414,0.25922673702384713,0.22000000000000003,0.9999999996875,0.06874999997851562,0.843749999736328,0.7748935220911285,0.1555722008637654,0.1555722008637654
0.7000000000000002,-0.3999999999999999,4637.52294921875,68.28199768066406,3.251015359708086,0.0,0.9,0.225,0.047619047619047616,0.0,0.9193548383389698,0.13054548141504663,0.011904761904761904,0.9999999996875,0.06562499997949219,0.7406249997685547,1.0362133153444897,0.36881506523294594,0.36881506523294594
0.8,-0.3999999999999999,4841.990234375,71.26300048828125,4.4330639906233875,0.0,0.9,0.09375,0.09375,0.0,0.899999999689655,0.01912957954266044,0.015625,0.9999999996875,0.09999999996874999,0.6656249997919922,1.2886212582772347,0.5863754913057408,0.5863754913057408
0.9000000000000001,-0.3999999999999999,5063.52001953125,74.49385070800781,5.864695145615032,0.0,0.9,0.0875,0.14285714285714285,0.0,0.8150684928715518,0.011202701721257898,0.01694915254237288,0.9999999996875,0.19687499993847654,0.5531249998271484,1.4621157898905135,0.6884638120765175,0.6884638120765175
1.0,-0.3999999999999999,5300.6875,77.94298553466797,7.356681676596835,0.0,0.9,0.078125,0.13924050632911392,0.0,0.5389830506647515,0.008185718533622191,0.01570855614973262,0.9999999996875,0.4937499998457031,0.4531249998583984,1.6134505745288252,0.7880972186200212,0.7880972186200212
-1.0,-0.29999999999999993,5203.0068359375,76.47665405273438,3.8294867226503775,0.0,0.9,0.334375,0.3037974683544304,0.0,0.7417840372104301,0.2151874391825171,0.12200435729847496,0.9999999996875,0.24687499992285156,0.8374999997382812,1.044256264111459,0.3961583678248358,0.38423918154244185
-0.9,-0.29999999999999993,4961.79296875,72.97904968261719,2.737779514870264,0.0,0.9,0.384375,0.417910447761194,0.0,0.8020304564456698,0.249261176611407,0.17500000000000002,0.9999999996875,0.2093749999345703,0.8906249997216796,0.890749792613063,0.2802865566707333,0.2663554402414705
-0.8,-0.29999999999999993,4737.259765625,69.69976043701172,1.9925774175764301,0.0,0.9,0.503125,0.7837837837837838,0.0,0.9496855339939085,0.34167470702089886,0.44000000000000006,0.9999999996875,0.11562499996386717,0.9031249997177734,0.6960749286104465,0.11509306054203451,0.09075323747794771
-0.7,-0.29999999999999993,4530.7919921875,66.6716079711914,1.5707862063009506,0.0,0.9,0.696875,1.0,0.0,0.9999999989690722,0.5639051840030619,1.0,0.9999999996875,0.09062499997167968,0.9093749997158203,0.5019277135346321,0.18245364735113298,-0.14439236705851927
-0.6,-0.29999999999999993,4343.9072265625,63.93095397949219,1.3926007469129997,0.0,0.9,0.775,1.0,0.0,0.9999999986111112,0.6381649461990284,1.0,0.9999999996875,0.09062499997167968,0.9312499997089843,0.4164963334329737,0.2756251881795196,-0.23444099742849767
-0.5,-0.29999999999999993,4180.08837890625,61.517005920410156,1.3146856045046276,0.0,0.9,0.821875,1.0,0.0,0.999999998245614,0.7091753485662389,1.0,0.9999999996875,0.0843749999736328,0.9312499997089843,0.3894245694097848,0.2794054510101523,-0.2794054510101523
-0.3999999999999999,-0.29999999999999993,4041.68994140625,59.47037887573242,1.2707751973628163,0.0,0.9,0.83125,1.0,0.0,0.9999999981481481,0.7249445233499623,1.0,0.9999999996875,0.10624999996679686,0.9374999997070312,0.37462533379348384,0.27369618017250996,-0.2735308842129308
-0.29999999999999993,-0.29999999999999993,3931.386474609375,57.830902099609375,1.2189663881649226,0.0,0.9,0.81875,1.0,0.0,0.9999999982758621,0.7150390919573938,1.0,0.9999999996875,0.12187499996191406,0.9437499997050781,0.34859023743506296,0.2425102354103957,-0.23342222757728245
-0.19999999999999996,-0.29999999999999993,3851.21533203125,56.63471221923828,1.125488497158809,0.0,0.9,0.825,1.0,0.0,0.9999999982142856,0.7173756971286002,1.0,0.9999999996875,0.1249999999609375,0.9562499997011719,0.3089425416309613,0.23260375895275587,-0.2077586525223448
-0.09999999999999998,-0.29999999999999993,3803.168212890625,55.910888671875,1.0613978173645728,0.0,0.9,0.85,1.0,0.0,0.9999999979166666,0.7558112064681739,1.0,0.9999999996875,0.12187499996191406,0.9812499996933594,0.2830534823398273,0.2161607400421332,-0.21160020037924987
0.0,-0.29999999999999993,3788.0244140625,55.678279876708984,0.997865263531922,0.0,0.9,0.871875,1.0,0.0,0.9999999975609756,0.786535972667885,1.0,0.9999999996875,0.15312499995214843,0.9968749996884765,0.25516106510962955,0.22788815152410857,-0.22347680628800864
0.10000000000000009,-0.29999999999999993,3806.193115234375,55.943153381347656,0.9650976464847901,0.0,0.9,0.9125,1.0,0.0,0.9999999964285714,0.8384309914577709,1.0,0.9999999996875,0.14374999995507812,0.9999999996875,0.24041115484758316,0.25845160683037377,-0.25845160683037377
0.20000000000000018,-0.29999999999999993,3855.968017578125,56.69840621948242,0.9510948944607681,0.0,0.9,0.93125,1.0,0.0,0.9999999954545454,0.8730481340679699,1.0,0.9999999996875,0.14062499995605468,0.9999999996875,0.23472218686884402,0.2756753617691274,-0.2756753617691274
0.30000000000000004,-0.29999999999999993,3936.910400390625,57.92448425292969,1.0100925243538135,0.0,0.9,0.925,1.0,0.0,0.9999999958333333,0.862178676402471,1.0,0.9999999996875,0.11562499996386717,0.9999999996875,0.27006476065484963,0.29309858151513324,-0.29309858151513324
0.40000000000000013,-0.29999999999999993,4047.530029296875,59.591758728027344,1.168329596994736,0.0,0.9,0.81875,0.9333333333333333,0.0,0.9655172397146254,0.6828937444929759,0.5833333333333333,0.9999999996875,0.09374999997070312,0.9999999996875,0.35913627282915234,0.22731518977048526,-0.22032064938992058
0.5,-0.29999999999999993,4186.705078125,61.663734436035156,1.5603793308987366,0.0,0.9,0.61875,0.8387096774193549,0.0,0.959016392656544,0.44274237443689446,0.3,0.9999999996875,0.09687499996972655,0.9812499996933594,0.5596159426430117,0.10668951051312622,-0.05580617147680616
0.6000000000000001,-0.29999999999999993,4352.03173828125,64.10045623779297,2.245327427780219,0.0,0.9,0.3625,0.42105263157894735,0.0,0.9460784309087851,0.22563975104851883,0.23333333333333334,0.9999999996875,0.05937499998144531,0.893749999720703,0.8261407810593362,0.20164719332348388,0.20164719332348388
0.7000000000000002,-0.29999999999999993,4540.6494140625,66.86132049560547,3.2202610802328397,0.0,0.9,0.209375,0.047619047619047616,0.0,0.9209486162367793,0.1239910759188856,0.0125,0.9999999996875,0.06562499997949219,0.7593749997626953,1.092152992766251,0.4260598466219928,0.40390321706987553
0.8,-0.29999999999999993,4749.30419921875,69.90724182128906,4.3097875686809575,0.0,0.9,0.1125,0.03333333333333333,0.0,0.8978873236275043,0.03863542741196937,0.007142857142857143,0.9999999996875,0.09374999997070312,0.6781249997880859,1.3027213626698708,0.604427704026772,0.5736570928069161
0.9000000000000001,-0.29999999999999993,4975.2744140625,73.20206451416016,5.48255928518524,0.0,0.9,0.08125,0.11290322580645161,0.0,0.812925169791522,0.010886504799548278,0.012544802867383513,0.9999999996875,0.1937499999394531,0.49999999984375,1.449860161240677,0.6877992313694502,0.6833278691833392
1.0,-0.29999999999999993,5216.4052734375,76.71318054199219,6.732408865748551,0.0,0.9,0.078125,0.12781954887218044,0.0,0.6067796608112611,0.008392809939201691,0.010651629072681704,0.9999999996875,0.41562499987011714,0.41562499987011714,1.5719673165482735,0.7694998441512946,0.7694998441512946
-1.0,-0.19999999999999996,5140.9716796875,75.52687072753906,3.2573710266952305,0.0,0.9,0.359375,0.21052631578947367,0.0,0.780487804497323,0.22443892086749231,0.13109756097560976,0.9999999996875,0.17812499994433592,0.8656249997294921,0.9871766437682233,0.33590327953438015,0.33590327953438015
-0.9,-0.19999999999999996,4896.6884765625,71.98555755615234,2.3684190753275414,0.0,0.9,0.403125,0.6136363636363636,0.0,0.9109947639209451,0.23801429532105423,0.4111111111111111,0.9999999996875,0.13749999995703124,0.8874999997226561,0.8168004601414429,0.2387243077285856,0.2347962761207364
-0.8,-0.19999999999999996,4668.90673828125,68.66136932373047,1.725070084402712,0.0,0.9,0.58125,1.0,0.0,0.9999999992537314,0.4166797884655028,1.0,0.9999999996875,0.08749999997265624,0.9031249997177734,0.5910637768650738,0.11522802781948989,0.0061195775662157255
-0.7,-0.19999999999999996,4459.0703125,65.58794403076172,1.4107671217098894,0.0,0.9,0.7375,1.0,0.0,0.9999999988095238,0.6160299019488286,1.0,0.9999999996875,0.0843749999736328,0.9093749997158203,0.4347434697499205,0.17903421048243504,-0.17903421048243504
-0.6,-0.19999999999999996,4268.79248046875,62.80282974243164,1.2638147816618757,0.0,0.9,0.809375,1.0,0.0,0.9999999983606557,0.6899705540039391,1.0,0.9999999996875,0.10312499996777343,0.9343749997080077,0.36634874667256273,0.27115009464054524,-0.25652431518221314
-0.5,-0.19999999999999996,4102.25732421875,60.346771240234375,1.1871335507431078,0.0,0.9,0.871875,1.0,0.0,0.9999999975609756,0.7776056322782778,1.0,0.9999999996875,0.11562499996386717,0.9468749997041015,0.3323197612077319,0.3064992691161967,-0.3064992691161967
-0.3999999999999999,-0.19999999999999996,3961.45751953125,58.26224899291992,1.1619802004160966,0.0,0.9,0.84375,1.0,0.0,0.999999998,0.7491927108100397,1.0,0.9999999996875,0.13749999995703124,0.9531249997021484,0.32418009898551076,0.2749107468172478,-0.2671067084624245
-0.29999999999999993,-0.19999999999999996,3848.713623046875,56.59123992919922,1.0911402007266344,0.0,0.9,0.846875,1.0,0.0,0.9999999979591837,0.7467058365224956,1.0,0.9999999996875,0.14687499995410155,0.971874999696289,0.29274264832059954,0.2428497192228075,-0.2364944038838618
-0.19999999999999996,-0.19999999999999996,3766.593994140625,55.371986389160156,1.0111936724603001,0.0,0.9,0.865625,1.0,0.0,0.9999999976744186,0.7738715649429935,1.0,0.9999999996875,0.149999999953125,0.9906249996904296,0.255391546643429,0.22212005121232253,-0.22162909634084577
-0.09999999999999998,-0.19999999999999996,3716.891357421875,54.63542938232422,0.9456403066334584,0.0,0.9,0.9,1.0,0.0,0.999999996875,0.8279903900500053,1.0,0.9999999996875,0.15312499995214843,0.9999999996875,0.2220420148776478,0.22961663024398424,-0.22738696243554515
0.0,-0.19999999999999996,3701.491455078125,54.401611328125,0.8988245426657515,0.0,0.9,0.93125,1.0,0.0,0.9999999954545454,0.8775866292122451,1.0,0.9999999996875,0.18124999994335936,0.9999999996875,0.1943658664328582,0.24164187190808553,-0.24164187190808553
0.10000000000000009,-0.19999999999999996,3720.095703125,54.67713928222656,0.8694287126224121,0.0,0.9,0.9625,1.0,0.0,0.9999999916666668,0.9321308321308323,1.0,0.9999999996875,0.16562499994824217,0.9999999996875,0.1763014952752224,0.2646943772491327,-0.2646943772491327
0.20000000000000018,-0.19999999999999996,3771.00048828125,55.45425796508789,0.8877455295397061,0.0,0.9,0.959375,1.0,0.0,0.9999999923076924,0.922537581466153,1.0,0.9999999996875,0.14374999995507812,0.9999999996875,0.18969921223346492,0.2723105931081127,-0.2723105931081127
0.30000000000000004,-0.19999999999999996,3853.806884765625,56.711944580078125,0.979667930083155,0.0,0.9,0.91875,1.0,0.0,0.9999999961538462,0.8640569140569141,1.0,0.9999999996875,0.10624999996679686,0.9999999996875,0.24919620660603126,0.2700420772844556,-0.26882418175352696
0.40000000000000013,-0.19999999999999996,3967.202880859375,58.418521881103516,1.18854146010826,0.0,0.9,0.79375,0.8928571428571429,0.0,0.9545454530991736,0.6890197226187398,0.4166666666666667,0.9999999996875,0.08749999997265624,0.9968749996884765,0.37512123749314613,0.20701447994744748,-0.1961403790281328
0.5,-0.19999999999999996,4109.4111328125,60.535301208496094,1.599208013021638,0.0,0.9,0.5625,0.6666666666666666,0.0,0.9642857135969388,0.3946249013831839,0.3888888888888889,0.9999999996875,0.04687499998535156,0.9812499996933594,0.5940798395232696,0.07402663915368152,-0.003759986042293535
0.6000000000000001,-0.19999999999999996,4278.1318359375,63.02014923095703,2.28706941798847,0.0,0.9,0.303125,0.16666666666666666,0.0,0.9551569502443242,0.18776770770359227,0.045454545454545456,0.9999999996875,0.03749999998828125,0.921874999711914,0.8736575177275467,0.2694484933293616,0.2694484933293616
0.7000000000000002,-0.19999999999999996,4469.85791015625,65.83064270019531,3.1920711355756914,0.0,0.9,0.1375,0.14285714285714285,0.0,0.9347826083569627,0.06148208075500732,0.047619047619047616,0.9999999996875,0.06562499997949219,0.8124999997460937,1.141368754337856,0.4890497037438387,0.4890497037438387
0.8,-0.19999999999999996,4681.4423828125,68.92623901367188,4.2239124406987525,0.0,0.9,0.078125,0.13333333333333333,0.0,0.9118644064705543,0.012185206098249576,0.022222222222222223,0.9999999996875,0.09374999997070312,0.7031249997802734,1.3318360513958845,0.6192584004006738,0.6192584004006738
0.9000000000000001,-0.19999999999999996,4910.8291015625,72.26969146728516,5.224141111795253,0.0,0.9,0.075,0.11764705882352941,0.0,0.79729729702794,0.005752636625119846,0.014705882352941176,0.9999999996875,0.21249999993359373,0.4906249998466797,1.452066933457285,0.6939569802428496,0.6939569802428496
1.0,-0.19999999999999996,5155.10986328125,75.82767486572266,6.345162455494211,0.0,0.9,0.075,0.12878787878787878,0.0,0.6114864862799032,0.007745553038822802,0.011707988980716254,0.9999999996875,0.4124999998710937,0.4031249998740234,1.5469712522970622,0.7410087327753216,0.7410087327753216
-1.0,-0.09999999999999998,5103.5751953125,74.93408203125,2.9110535993106663,0.0,0.9,0.34375,0.0,0.0,0.8761904757732426,0.17142402348062888,0.0,0.9999999996875,0.08124999997460937,0.8624999997304686,0.9548797412340237,0.30616177034995434,0.30616177034995434
-0.9,-0.09999999999999998,4857.072265625,71.36608123779297,2.1221257977445567,0.0,0.9,0.4125,0.1111111111111111,0.0,0.9574468080013581,0.20893973645989775,0.05555555555555555,0.9999999996875,0.028124999991210934,0.8999999997187499,0.756465980886483,0.1950686676245463,0.1950686676245463
-0.8,-0.09999999999999998,4626.5517578125,68.01447296142578,1.5544496225364957,0.0,0.9,0.628125,1.0,0.0,0.9999999991596639,0.44737290255996287,1.0,0.9999999996875,0.05937499998144531,0.9093749997158203,0.5172883549078997,0.09749354424505972,-0.03845769544900931
-0.7,-0.09999999999999998,4414.4345703125,64.9134292602539,1.312765595883665,0.0,0.9,0.75625,1.0,0.0,0.9999999987179488,0.6220985039137714,1.0,0.9999999996875,0.10624999996679686,0.9343749997080077,0.398634824084657,0.18579962357387975,-0.18579962357387975
-0.6,-0.09999999999999998,4222.89453125,62.10123062133789,1.1849519492623868,0.0,0.9,0.81875,1.0,0.0,0.9999999982758621,0.7034526716669574,1.0,0.9999999996875,0.11874999996289062,0.9624999996992187,0.33859679737316734,0.28489922163207465,-0.24769624490599193
-0.5,-0.09999999999999998,4054.372802734375,59.619606018066406,1.1146507755509176,0.0,0.9,0.88125,1.0,0.0,0.999999997368421,0.8030443791313358,1.0,0.9999999996875,0.1249999999609375,0.9624999996992187,0.30707173979368557,0.2988799356632775,-0.2988799356632775
-0.3999999999999999,-0.09999999999999998,3911.3115234375,57.51227569580078,1.0517186908186535,0.0,0.9,0.878125,1.0,0.0,0.9999999974358974,0.8016700547950547,1.0,0.9999999996875,0.13749999995703124,0.9874999996914062,0.27544380692601794,0.2722441806624272,-0.2690015687933246
-0.29999999999999993,-0.09999999999999998,3796.792236328125,55.82255554199219,0.982082192329639,0.0,0.9,0.890625,1.0,0.0,0.9999999971428571,0.8216558112939694,1.0,0.9999999996875,0.15624999995117186,0.9999999996875,0.2431062211383406,0.25764495271178384,-0.2503827363267017
-0.19999999999999996,-0.09999999999999998,3713.8876953125,54.59009552001953,0.9036370931142393,0.0,0.9,0.9375,1.0,0.0,0.9999999949999999,0.8941097811974078,1.0,0.9999999996875,0.1687499999472656,0.9999999996875,0.19478250585640575,0.25727278838337786,-0.2550373297977257
-0.09999999999999998,-0.09999999999999998,3664.06591796875,53.84699630737305,0.8594067163247441,0.0,0.9,0.946875,1.0,0.0,0.9999999941176471,0.9068741348331452,1.0,0.9999999996875,0.1937499999394531,0.9999999996875,0.16714052287457254,0.23214893871054687,-0.23214893871054687
0.0,-0.09999999999999998,3648.2294921875,53.61407470703125,0.8205394819183729,0.0,0.9,0.95625,1.0,0.0,0.9999999928571429,0.9239210547708084,1.0,0.9999999996875,0.20624999993554685,0.9999999996875,0.1407858641786198,0.21720978371285538,-0.21720978371285538
0.10000000000000009,-0.09999999999999998,3666.78271484375,53.89808654785156,0.8144913152874746,0.0,0.9,0.965625,1.0,0.0,0.9999999909090911,0.9389121460550032,1.0,0.9999999996875,0.19687499993847654,0.9999999996875,0.13834317027010778,0.2280014035761664,-0.2280014035761664
0.20000000000000018,-0.09999999999999998,3717.804443359375,54.69081115722656,0.8587770528699301,0.0,0.9,0.953125,1.0,0.0,0.9999999933333334,0.9260544217687077,1.0,0.9999999996875,0.13749999995703124,0.9999999996875,0.16972161002043054,0.23989415499868952,-0.23989415499868952
0.30000000000000004,-0.09999999999999998,3801.498291015625,55.970191955566406,0.9741503163057205,0.0,0.9,0.909375,1.0,0.0,0.9999999965517241,0.8532356837454289,1.0,0.9999999996875,0.08749999997265624,0.9999999996875,0.24373381447213174,0.24349548489134734,-0.24349548489134734
0.40000000000000013,-0.09999999999999998,3917.196044921875,57.703189849853516,1.2404143562189345,0.0,0.9,0.75,0.88,0.0,0.9624999987968751,0.653873160330692,0.5238095238095238,0.9999999996875,0.07812499997558593,0.9968749996884765,0.40918069903572996,0.1685940239567705,-0.16132132208261343
0.5,-0.09999999999999998,4061.650634765625,59.84963607788086,1.6845291277626644,0.0,0.9,0.509375,0.4,0.0,0.961783438877845,0.3943545343545343,0.13333333333333333,0.9999999996875,0.031249999990234374,0.9906249996904296,0.6524011974054136,0.10110239922748979,0.04854229741858508
0.6000000000000001,-0.09999999999999998,4232.169921875,62.36602020263672,2.374291897017946,0.0,0.9,0.275,0.3076923076923077,0.0,0.9612068961374108,0.19706211124512216,0.10256410256410257,0.9999999996875,0.040624999987304684,0.9156249997138671,0.9370099118941423,0.3140295125355443,0.3140295125355443
0.7000000000000002,-0.09999999999999998,4425.6982421875,65.208740234375,3.2254037688812067,0.0,0.9,0.121875,0.2222222222222222,0.0,0.9501779356049188,0.04737676259012067,0.04444444444444444,0.9999999996875,0.05624999998242187,0.8531249997333984,1.1818795817961827,0.5226482629015304,0.5226482629015304
0.8,-0.09999999999999998,4639.58544921875,68.33634948730469,4.185530674193439,0.0,0.9,0.075,0.07894736842105263,0.0,0.8817567564588659,0.009101419050641518,0.013157894736842105,0.9999999996875,0.11874999996289062,0.7062499997792968,1.360503413387531,0.6413451892963048,0.6413451892963048
0.9000000000000001,-0.09999999999999998,4870.6806640625,71.7109375,5.181927195860967,0.0,0.9,0.075,0.14814814814814814,0.0,0.7668918916328067,0.005752636625119846,0.0189873417721519,0.9999999996875,0.25312499992089843,0.5031249998427734,1.4918346719355875,0.720370185972382,0.720370185972382
1.0,-0.09999999999999998,5117.39404296875,75.29877471923828,6.26333014359326,0.0,0.9,0.06875,0.06201550387596899,0.0,0.5939597313443088,0.005036630036630037,0.005208333333333333,0.9999999996875,0.4031249998740234,0.39999999987499996,1.5940107065491351,0.7882075803564599,0.7882075803564599
-1.0,0.0,5091.23046875,74.70693969726562,2.7455921100814438,0.0,0.9,0.28125,0.06666666666666667,0.0,0.9391304343742911,0.10790960350265724,0.022222222222222223,0.9999999996875,0.04687499998535156,0.8968749997197265,0.9569012844294962,0.36171219057235804,0.36171219057235804
-0.9,0.0,4843.98828125,71.13057708740234,1.9848188003304794,0.0,0.9,0.465625,0.0,0.0,0.9824561397763415,0.2597125810717447,0.0,0.9999999996875,0.009374999997070312,0.9312499997089843,0.7176356261734275,0.1521896583172832,0.1309839505329053
-0.8,0.0,4612.01171875,67.7705078125,1.545456974591654,0.0,0.9,0.6,1.0,0.0,0.99999999921875,0.3867602587744315,1.0,0.9999999996875,0.02187499999316406,0.9374999997070312,0.5305705796524952,0.09949667362827641,-0.011104317528941634
-0.7,0.0,4398.5224609375,64.66110229492188,1.295498202163156,0.0,0.9,0.709375,1.0,0.0,0.9999999989247312,0.5228903241602151,1.0,0.9999999996875,0.05624999998242187,0.9562499997011719,0.40608477495015743,0.14914461101014093,-0.13686741066064365
-0.6,0.0,4206.251953125,61.84095001220703,1.1571093566261843,0.0,0.9,0.796875,1.0,0.0,0.9999999984615385,0.670391794927092,1.0,0.9999999996875,0.11874999996289062,0.9999999996875,0.3354986877072675,0.23278624454391567,-0.21911471061931204
-0.5,0.0,4036.695556640625,59.352142333984375,1.0781439565560174,0.0,0.9,0.875,1.0,0.0,0.9999999975,0.7979221673294622,1.0,0.9999999996875,0.13749999995703124,0.9968749996884765,0.3019291893528311,0.2856393932593877,-0.2856393932593877
-0.3999999999999999,0.0,3892.4248046875,57.238826751708984,0.993650952970151,0.0,0.9,0.9,1.0,0.0,0.999999996875,0.8342790122249325,1.0,0.9999999996875,0.14062499995605468,0.9999999996875,0.25725944550552293,0.279638537014728,-0.279638537014728
-0.29999999999999993,0.0,3777.632568359375,55.54481506347656,0.9123130377458657,0.0,0.9,0.940625,1.0,0.0,0.9999999947368421,0.9042926894718138,1.0,0.9999999996875,0.149999999953125,0.9999999996875,0.20641746736879685,0.2754279030736554,-0.2754279030736554
-0.19999999999999996,0.0,3694.81884765625,54.31022644042969,0.8460879752695551,0.0,0.9,0.9625,1.0,0.0,0.9999999916666668,0.936792905737005,1.0,0.9999999996875,0.16562499994824217,0.9999999996875,0.15906938931731965,0.25006804164586327,-0.249220527104795
-0.09999999999999998,0.0,3644.832763671875,53.56753921508789,0.8112710194458137,0.0,0.9,0.9625,1.0,0.0,0.9999999916666668,0.9323378720730797,1.0,0.9999999996875,0.2093749999345703,0.9999999996875,0.13460034713984292,0.21915470589793853,-0.21915470589793853
0.0,0.0,3629.215087890625,53.3377685546875,0.7900616130172796,0.0,0.9,0.965625,1.0,0.0,0.9999999909090911,0.9454652435686919,1.0,0.9999999996875,0.2093749999345703,0.9999999996875,0.11962039271471421,0.202760324756711,-0.202760324756711
0.10000000000000009,0.0,3646.888671875,53.62763977050781,0.8026185709646879,0.0,0.9,0.9625,1.0,0.0,0.9999999916666668,0.9404697431068175,1.0,0.9999999996875,0.19062499994042967,0.9999999996875,0.13051673117602255,0.2054211133763734,-0.2054211133763734
0.20000000000000018,0.0,3697.6318359375,54.42867660522461,0.8737057868738761,0.0,0.9,0.9375,1.0,0.0,0.9999999949999999,0.9040421692884747,1.0,0.9999999996875,0.13749999995703124,0.9999999996875,0.17960836951876033,0.21872442145718166,-0.21872442145718166
0.30000000000000004,0.0,3782.077880859375,55.71837615966797,1.0470485001009,0.0,0.9,0.853125,1.0,0.0,0.9999999978723404,0.7861844768987627,1.0,0.9999999996875,0.09374999997070312,0.9999999996875,0.2945910286543167,0.20566932599652615,-0.20566932599652615
0.40000000000000013,0.0,3898.853271484375,57.46315002441406,1.3664624417717033,0.0,0.9,0.65,0.8333333333333334,0.0,0.9732142848453444,0.5436014836436751,0.675,0.9999999996875,0.05624999998242187,0.9999999996875,0.4925054959946055,0.08443320292988342,-0.06996294406260657
0.5,0.0,4044.68115234375,59.622276306152344,1.9056032276502644,0.0,0.9,0.384375,0.4375,0.0,0.9543147203277591,0.31465690976164795,0.109375,0.9999999996875,0.049999999984374995,0.9781249996943359,0.7648847793405369,0.19448873819884124,0.19225992814032172
0.6000000000000001,0.0,4215.6220703125,62.151737213134766,2.6132238342253915,0.0,0.9,0.24375,0.36363636363636365,0.0,0.9421487599412609,0.1865984324925946,0.07272727272727272,0.9999999996875,0.06874999997851562,0.9374999997070312,1.028334841996575,0.43047471529005554,0.37434528559355373
0.7000000000000002,0.0,4409.59375,65.00752258300781,3.4077994618733074,0.0,0.9,0.115625,0.15625,0.0,0.9045936392563273,0.07589050442311311,0.022321428571428572,0.9999999996875,0.09999999996874999,0.9093749997158203,1.238903239919073,0.5569813368810189,0.5569813368810189
0.8,0.0,4624.08935546875,68.14787292480469,4.348238285837969,0.0,0.9,0.090625,0.10526315789473684,0.0,0.8247422677578204,0.048464163822525594,0.013157894736842105,0.9999999996875,0.17812499994433592,0.7687499997597655,1.4008128151499626,0.6569199348368782,0.6569199348368782
0.9000000000000001,0.0,4856.6328125,71.5346908569336,5.262173165935736,0.0,0.9,0.075,0.08080808080808081,0.0,0.692567567333592,0.005714285714285714,0.008247422680412371,0.9999999996875,0.3093749999033203,0.5312499998339844,1.530814301790233,0.74913119992313,0.74913119992313
1.0,0.0,5104.1796875,75.13409423828125,6.447468437945163,0.0,0.9,0.071875,0.028735632183908046,0.0,0.43097643083132103,0.005282498851630684,0.002275830678197542,0.9999999996875,0.5437499998300781,0.4281249998662109,1.6310010826527832,0.8103786606907067,0.8103786606907067
-1.0,0.10000000000000009,5102.830078125,74.84883880615234,2.740668575786604,0.0,0.9,0.303125,0.5416666666666666,0.0,0.9506726453135997,0.11706448662970402,0.30952380952380953,0.9999999996875,0.0749999999765625,0.9124999997148436,0.9679035167491896,0.34978120808474333,0.34978120808474333
-0.9,0.10000000000000009,4856.34912109375,71.28291320800781,2.0439096280442315,0.0,0.9,0.415625,1.0,0.0,0.9999999994652407,0.21251221806431358,1.0,0.9999999996875,0.015624999995117187,0.9406249997060546,0.7645661048291053,0.19340827561854562,0.1905448336440288
-0.8,0.10000000000000009,4624.7666015625,67.93388366699219,1.5884270350344378,0.0,0.9,0.559375,1.0,0.0,0.9999999992907802,0.3405219443312542,1.0,0.9999999996875,0.02187499999316406,0.9406249997060546,0.5721779765991086,0.078018102755694,0.037179397199248364
-0.7,0.10000000000000009,4410.978515625,64.83599853515625,1.3240808460540885,0.0,0.9,0.68125,1.0,0.0,0.9999999990196079,0.45986431554949087,1.0,0.9999999996875,0.028124999991210934,0.949999999703125,0.4423562408931141,0.12415312628531565,-0.10678249251003809
-0.6,0.10000000000000009,4218.84619140625,62.02766799926758,1.1877688647181335,0.0,0.9,0.740625,1.0,0.0,0.9999999987951808,0.5627143976712943,1.0,0.9999999996875,0.049999999984374995,0.9999999996875,0.37110977870940687,0.18336996447312187,-0.17142352760907023
-0.5,0.10000000000000009,4049.9306640625,59.550682067871094,1.0635236765826148,0.0,0.9,0.840625,1.0,0.0,0.9999999980392157,0.7370562584007961,1.0,0.9999999996875,0.06249999998046875,0.9999999996875,0.30514171068238355,0.2524168313114426,-0.2490038273706567
-0.3999999999999999,0.10000000000000009,3907.018310546875,57.44884490966797,0.9663722441041042,0.0,0.9,0.93125,1.0,0.0,0.9999999954545454,0.8888813567384997,1.0,0.9999999996875,0.12812499995996093,0.9999999996875,0.24737507273206194,0.3057671030472158,-0.3045920979899102
-0.29999999999999993,0.10000000000000009,3793.086181640625,55.76551055908203,0.8896949232499552,0.0,0.9,0.94375,1.0,0.0,0.9999999944444444,0.9088477267739942,1.0,0.9999999996875,0.15312499995214843,0.9999999996875,0.1947845825866541,0.27023273569215545,-0.27023273569215545
-0.19999999999999996,0.10000000000000009,3709.506591796875,54.540283203125,0.8515268632337449,0.0,0.9,0.94375,1.0,0.0,0.9999999944444444,0.9100730586444873,1.0,0.9999999996875,0.1843749999423828,0.9999999996875,0.1693844548809705,0.23338407266707029,-0.23338407266707029
-0.09999999999999998,0.10000000000000009,3659.325439453125,53.80516052246094,0.8248913003928905,0.0,0.9,0.94375,1.0,0.0,0.9999999944444444,0.9092290249433107,1.0,0.9999999996875,0.22499999992968747,0.9999999996875,0.1485110879709823,0.2088807975557971,-0.2070720692732874
0.0,0.10000000000000009,3643.621826171875,53.58076095581055,0.8220342471701548,0.0,0.9,0.95625,1.0,0.0,0.9999999928571429,0.928212208335361,1.0,0.9999999996875,0.23124999992773435,0.9999999996875,0.14475477532399636,0.21000552955441718,-0.21000552955441718
0.10000000000000009,0.10000000000000009,3660.87890625,53.87360763549805,0.8694114749594878,0.0,0.9,0.925,1.0,0.0,0.9999999958333333,0.8712792304674147,1.0,0.9999999996875,0.18124999994335936,0.9999999996875,0.17591393904259284,0.19946375785128925,-0.19780326798184641
0.20000000000000018,0.10000000000000009,3712.220458984375,54.675201416015625,0.9656981036642484,0.0,0.9,0.85625,1.0,0.0,0.999999997826087,0.7780535968729184,1.0,0.9999999996875,0.09062499997167968,0.9999999996875,0.2441883384714417,0.17204198602173296,-0.17139532925645426
0.30000000000000004,0.10000000000000009,3796.547607421875,55.963226318359375,1.192457222931251,0.0,0.9,0.75,1.0,0.0,0.9999999987500001,0.6457322985746898,1.0,0.9999999996875,0.06874999997851562,0.9999999996875,0.38871749200064326,0.12505025540081463,-0.12505025540081463
0.40000000000000013,0.10000000000000009,3912.888916015625,57.704444885253906,1.6333006293746977,0.0,0.9,0.4875,0.75,0.0,0.9695121945307853,0.3967767040792434,0.42647058823529416,0.9999999996875,0.06249999998046875,0.9906249996904296,0.6385229973255347,0.12373828270229537,0.10020040642235988
0.5,0.10000000000000009,4058.145263671875,59.8585319519043,2.219167808018377,0.0,0.9,0.309375,0.5517241379310345,0.0,0.9411764701623636,0.24356414040846022,0.1103448275862069,0.9999999996875,0.09062499997167968,0.9656249996982421,0.8914533028191252,0.29597454442864757,0.29597454442864757
0.6000000000000001,0.10000000000000009,4229.087890625,62.38190460205078,2.9358402618703527,0.0,0.9,0.2125,0.37777777777777777,0.0,0.8888888885361552,0.1663954874879245,0.053968253968253964,0.9999999996875,0.14062499995605468,0.949999999703125,1.1163812515145477,0.484817372905446,0.439151077892306
0.7000000000000002,0.10000000000000009,4422.697265625,65.2309341430664,3.8064890577050576,0.0,0.9,0.10625,0.1864406779661017,0.0,0.8321678318768644,0.07633009304655149,0.026634382566585957,0.9999999996875,0.1843749999423828,0.8812499997246093,1.3123855518486103,0.6127829674302054,0.6073315398555825
0.8,0.10000000000000009,4636.4970703125,68.36418151855469,4.759498596368866,0.0,0.9,0.090625,0.15294117647058825,0.0,0.7525773193290112,0.04148629148629148,0.02184873949579832,0.9999999996875,0.2656249999169922,0.7624999997617187,1.4544595055502636,0.6929106441616413,0.6929106441616413
0.9000000000000001,0.10000000000000009,4868.4560546875,71.74378967285156,5.6494874778000455,0.0,0.9,0.075,0.01694915254237288,0.0,0.6081081079026661,0.005547850208044382,0.0014367816091954023,0.9999999996875,0.3687499998847656,0.5687499998222656,1.5717428366288568,0.7755071253752095,0.7755071253752095
1.0,0.10000000000000009,5115.92529296875,75.3360595703125,6.853526073714391,0.0,0.9,0.075,0.015706806282722512,0.0,0.3648648647415997,0.005529953917050691,0.001152073732718894,0.9999999996875,0.5968749998134765,0.5062499998417969,1.658986845701913,0.8249460598766233,0.8249460598766233
-1.0,0.20000000000000018,5137.8349609375,75.3576431274414,2.859058418313216,0.0,0.9,0.303125,0.5294117647058824,0.0,0.9282511206599771,0.11077600518389993,0.1831168831168831,0.9999999996875,0.10624999996679686,0.8999999997187499,1.0116196076106512,0.3938606248548754,0.38983642808421276
-0.9,0.20000000000000018,4893.25,71.82060241699219,2.1912302532640178,0.0,0.9,0.36875,0.875,0.0,0.9851485143637879,0.16935286935286933,0.48571428571428577,0.9999999996875,0.0749999999765625,0.9281249997099609,0.8375109181703534,0.2852811158388583,0.284226458415367
-0.8,0.20000000000000018,4663.513671875,68.50166320800781,1.7353720794740768,0.0,0.9,0.453125,0.875,0.0,0.9885714280065306,0.24015787497468447,0.7333333333333333,0.9999999996875,0.049999999984374995,0.9437499997050781,0.663531769946021,0.151546797756987,0.14826898010799214
-0.7,0.20000000000000018,4451.1025390625,65.43464660644531,1.4540831036621733,0.0,0.9,0.584375,1.0,0.0,0.9999999992481203,0.3516624230975105,1.0,0.9999999996875,0.02187499999316406,0.9531249997021484,0.5288709188901293,0.05907002220472909,-0.017958768096190528
-0.6,0.20000000000000018,4260.63818359375,62.657325744628906,1.2652347550068892,0.0,0.9,0.65,1.0,0.0,0.9999999991071429,0.42583672059475364,1.0,0.9999999996875,0.024999999992187497,0.9937499996894531,0.42839976646336553,0.1095600906625987,-0.08246676008704912
-0.5,0.20000000000000018,4093.748291015625,60.210567474365234,1.1156607643155079,0.0,0.9,0.78125,1.0,0.0,0.9999999985714286,0.6137266054498788,1.0,0.9999999996875,0.03437499998925781,0.9968749996884765,0.34906245077380377,0.20678209188042565,-0.20678209188042565
-0.3999999999999999,0.20000000000000018,3953.049072265625,58.13703536987305,1.0022708811577379,0.0,0.9,0.878125,1.0,0.0,0.9999999974358974,0.7757621062178244,1.0,0.9999999996875,0.06249999998046875,0.9999999996875,0.27754379550602654,0.26276048442579,-0.26276048442579
-0.29999999999999993,0.20000000000000018,3840.72119140625,56.47871017456055,0.9455789853761399,0.0,0.9,0.90625,1.0,0.0,0.9999999966666666,0.8216038979694442,1.0,0.9999999996875,0.09374999997070312,0.9999999996875,0.2403024336364411,0.2538436572782827,-0.2538436572782827
-0.19999999999999996,0.20000000000000018,3758.022216796875,55.27378463745117,0.9239037924998599,0.0,0.9,0.89375,1.0,0.0,0.9999999970588235,0.8026427276427276,1.0,0.9999999996875,0.149999999953125,0.9999999996875,0.22170724058460986,0.21392800630136566,-0.21392800630136566
-0.09999999999999998,0.20000000000000018,3707.743896484375,54.552982330322266,0.9212895447532252,0.0,0.9,0.896875,1.0,0.0,0.999999996969697,0.8058043015185872,1.0,0.9999999996875,0.15312499995214843,0.9999999996875,0.21802032450829723,0.20832462007754102,-0.20832462007754102
0.0,0.20000000000000018,3692.275634765625,54.335975646972656,0.9407462527953349,0.0,0.9,0.884375,1.0,0.0,0.9999999972972973,0.7884072550328709,1.0,0.9999999996875,0.15312499995214843,0.9999999996875,0.2304770303822501,0.19691822868763845,-0.19691822868763845
0.10000000000000009,0.20000000000000018,3709.554931640625,54.6288948059082,1.0116486466257002,0.0,0.9,0.825,1.0,0.0,0.9999999982142856,0.7058021522768065,1.0,0.9999999996875,0.09374999997070312,0.9999999996875,0.27494371102129095,0.1560070977242743,-0.1560070977242743
0.20000000000000018,0.20000000000000018,3760.14208984375,55.423484802246094,1.1678147797671785,0.0,0.9,0.740625,1.0,0.0,0.9999999987951808,0.6080675919675593,1.0,0.9999999996875,0.06249999998046875,0.9999999996875,0.3746906533638568,0.10753217337397944,-0.10753217337397944
0.30000000000000004,0.20000000000000018,3843.94677734375,56.69820785522461,1.4814851702985803,0.0,0.9,0.59375,0.8421052631578947,0.0,0.9769230761715977,0.48611809369560743,0.775,0.9999999996875,0.05937499998144531,0.9999999996875,0.5534663532794898,0.06079657453216457,0.004144100734059398
0.40000000000000013,0.20000000000000018,3958.625,58.42100524902344,1.9837373575191615,0.0,0.9,0.378125,0.6086956521739131,0.0,0.9547738688669478,0.31380732844710685,0.3052631578947368,0.9999999996875,0.07187499997753906,0.9781249996943359,0.794144635375921,0.23551706089677366,0.2142544984097703
0.5,0.20000000000000018,4102.6533203125,60.55289077758789,2.6644308987835252,0.0,0.9,0.265625,0.38461538461538464,0.0,0.8978723400434586,0.21126447676312907,0.05494505494505495,0.9999999996875,0.12187499996191406,0.921874999711914,1.0334713144958747,0.4096124919803819,0.3671781687719746
0.6000000000000001,0.20000000000000018,4272.0888671875,63.05158615112305,3.4262612611256533,0.0,0.9,0.165625,0.22,0.0,0.853932583949838,0.12291532839919937,0.03142857142857143,0.9999999996875,0.15624999995117186,0.8468749997353515,1.2218223907090728,0.531045347280465,0.5151339674508022
0.7000000000000002,0.20000000000000018,4464.240234375,65.87459564208984,4.267877159591797,0.0,0.9,0.096875,0.14814814814814814,0.0,0.8408304495360448,0.06309523809523811,0.024691358024691357,0.9999999996875,0.1687499999472656,0.7812499997558593,1.3727865739794172,0.6469903198553435,0.6469903198553435
0.8,0.20000000000000018,4676.2568359375,68.9814224243164,5.20054415792149,0.0,0.9,0.0875,0.03571428571428571,0.0,0.7226027394785607,0.03424787133396405,0.003968253968253968,0.9999999996875,0.26249999991796874,0.6843749997861328,1.488462906418438,0.7147819261153883,0.7147819261153883
0.9000000000000001,0.20000000000000018,4906.23828125,72.3348617553711,6.253482598166432,0.0,0.9,0.078125,0.02127659574468085,0.0,0.5322033896501005,0.01343101343101343,0.0016483516483516484,0.9999999996875,0.44062499986230463,0.5562499998261718,1.5984205028530376,0.7897749000342541,0.7897749000342541
1.0,0.20000000000000018,5151.869140625,75.90172576904297,7.5819878969137084,0.0,0.9,0.075,0.04,0.0,0.2702702701789627,0.005512172714745063,0.002882767456758488,0.9999999996875,0.7031249997802734,0.5031249998427734,1.69391033393163,0.8436687579652412,0.8436687579652412
-1.0,0.30000000000000004,5196.3046875,76.22593688964844,3.2184191536949713,0.0,0.9,0.246875,0.4,0.0,0.838174273511131,0.07829752093144951,0.09757834757834757,0.9999999996875,0.20312499993652341,0.8312499997402343,1.1163988241371003,0.4842943426465741,0.4842943426465741
-0.9,0.30000000000000004,4954.24951171875,72.7349624633789,2.4809779147816866,0.0,0.9,0.31875,0.717948717948718,0.0,0.9495412839681003,0.13635789555220926,0.39466666666666667,0.9999999996875,0.12187499996191406,0.8999999997187499,0.9418701160674884,0.3723955301150472,0.3723955301150472
-0.8,0.30000000000000004,4727.31201171875,69.4637680053711,1.9755707345669544,0.0,0.9,0.390625,0.7222222222222222,0.0,0.9487179482314267,0.1986049636092472,0.4378947368421053,0.9999999996875,0.11249999996484374,0.9343749997080077,0.7603894467842307,0.2355464435970017,0.23230479063462547
-0.7,0.30000000000000004,4518.638671875,66.44541931152344,1.6355129153259353,0.0,0.9,0.496875,0.8125,0.0,0.9813664590177849,0.27557227569052023,0.5238095238095238,0.9999999996875,0.049999999984374995,0.9468749997041015,0.6159925617113341,0.08926335057125748,0.07732293341021981
-0.6,0.30000000000000004,4331.142578125,63.71656799316406,1.4061337666618705,0.0,0.9,0.575,1.0,0.0,0.999999999264706,0.34656699189959855,1.0,0.9999999996875,0.02187499999316406,0.9906249996904296,0.5160207435764625,0.06040289835261939,-0.012735387699939212
-0.5,0.30000000000000004,4167.3896484375,61.31664276123047,1.230875586687725,0.0,0.9,0.696875,1.0,0.0,0.9999999989690722,0.4882696120406204,1.0,0.9999999996875,0.03749999998828125,0.9968749996884765,0.4282660456945124,0.13921531806788226,-0.12849290642959846
-0.3999999999999999,0.30000000000000004,4029.186767578125,59.28642654418945,1.127423931461531,0.0,0.9,0.7875,1.0,0.0,0.9999999985294119,0.6331646506761714,1.0,0.9999999996875,0.0749999999765625,0.9999999996875,0.3656512123074755,0.20113760287031796,-0.20024195506929682
-0.29999999999999993,0.30000000000000004,3918.692626953125,57.665802001953125,1.091199376216784,0.0,0.9,0.834375,1.0,0.0,0.9999999981132075,0.7065950170212639,1.0,0.9999999996875,0.08749999997265624,0.9968749996884765,0.33758431808615064,0.22578756971331282,-0.22578756971331282
-0.19999999999999996,0.30000000000000004,3837.671142578125,56.49077606201172,1.084064199700857,0.0,0.9,0.81875,1.0,0.0,0.9999999982758621,0.6919154363153562,1.0,0.9999999996875,0.10312499996777343,0.9999999996875,0.3311109229206852,0.20564691246249625,-0.20564691246249625
-0.09999999999999998,0.30000000000000004,3788.781005859375,55.79011917114258,1.122293831313889,0.0,0.9,0.803125,1.0,0.0,0.9999999984126984,0.6647081154667962,1.0,0.9999999996875,0.09062499997167968,0.9999999996875,0.3517645754341264,0.19267932330172652,-0.19267932330172652
0.0,0.30000000000000004,3772.765380859375,55.58213806152344,1.1659808402515501,0.0,0.9,0.784375,1.0,0.0,0.9999999985507247,0.6450050516853353,1.0,0.9999999996875,0.10624999996679686,0.9999999996875,0.37024993709360704,0.17358072765890684,-0.1700773833351585
0.10000000000000009,0.30000000000000004,3790.81103515625,55.872467041015625,1.2849121313604732,0.0,0.9,0.734375,1.0,0.0,0.9999999988235295,0.5880972467239071,1.0,0.9999999996875,0.09999999996874999,0.9999999996875,0.440509153445133,0.14185306178672907,-0.13028391699509417
0.20000000000000018,0.30000000000000004,3841.084716796875,56.653282165527344,1.490188902615045,0.0,0.9,0.625,0.9130434782608695,0.0,0.983333332513889,0.4872981974780966,0.625,0.9999999996875,0.07187499997753906,0.9968749996884765,0.5529375925050771,0.09925747044145891,-0.03918586289355315
0.30000000000000004,0.30000000000000004,3923.241455078125,57.904327392578125,1.8571745977899796,0.0,0.9,0.475,0.5555555555555556,0.0,0.952380951814059,0.38157186066877574,0.4545454545454545,0.9999999996875,0.05624999998242187,0.9812499996933594,0.7273291409061575,0.20797954820616613,0.10161054614260033
0.40000000000000013,0.30000000000000004,4035.829833984375,59.59540557861328,2.394174337187314,0.0,0.9,0.265625,0.3,0.0,0.9404255315147125,0.20801027918540363,0.3157894736842105,0.9999999996875,0.06249999998046875,0.9343749997080077,0.9478671654171381,0.3443293581252752,0.33724836862980373
0.5,0.30000000000000004,4176.873046875,61.689632415771484,3.0993094301250173,0.0,0.9,0.184375,0.15151515151515152,0.0,0.8927203061713714,0.14120971579547487,0.030303030303030304,0.9999999996875,0.10312499996777343,0.893749999720703,1.156880287156446,0.4903494893798721,0.47357542567589705
0.6000000000000001,0.30000000000000004,4342.5927734375,64.14679718017578,3.876140850745615,0.0,0.9,0.11875,0.044444444444444446,0.0,0.8475177301959156,0.08524019408126227,0.006349206349206349,0.9999999996875,0.14062499995605468,0.7812499997558593,1.3062259152284963,0.5917824717030991,0.5917824717030991
0.7000000000000002,0.30000000000000004,4532.208984375,66.92620849609375,4.761777973306921,0.0,0.9,0.1,0.017241379310344827,0.0,0.8020833330548321,0.0701114488348531,0.0028735632183908046,0.9999999996875,0.18124999994335936,0.7156249997763672,1.427652960710909,0.6684199960923856,0.6646253263018514
0.8,0.30000000000000004,4741.63330078125,69.98881530761719,5.708215694704094,0.0,0.9,0.09375,0.01098901098901099,0.0,0.6896551721759809,0.04840499306518724,0.001098901098901099,0.9999999996875,0.2843749999111328,0.5874999998164062,1.5073649951249506,0.7211819579979055,0.7211819579979055
0.9000000000000001,0.30000000000000004,4969.044921875,73.29854583740234,6.961473611838643,0.0,0.9,0.084375,0.022988505747126436,0.0,0.41979522169972855,0.02694074414331649,0.0017683465959328027,0.9999999996875,0.5437499998300781,0.4843749998486328,1.6216948459715779,0.8039497601591827,0.7967070716365023
1.0,0.30000000000000004,5211.9833984375,76.82293701171875,8.553605671518218,0.0,0.9,0.075,0.06147540983606557,0.0,0.2263513512748813,0.005512172714745063,0.004427390791027155,0.9999999996875,0.7624999997617187,0.44374999986132807,1.7084587042072998,0.8505425725129844,0.8505425725129844
-1.0,0.40000000000000013,5277.822265625,77.44143676757812,3.617495750556579,0.0,0.9,0.215625,0.3157894736842105,0.0,0.7410358562784718,0.06394931069427713,0.09532163742690059,0.9999999996875,0.29687499990722654,0.7999999997499999,1.178853918713821,0.5340809177499238,0.5340809177499238
-0.9,0.40000000000000013,5039.51025390625,74.01182556152344,2.89367870265499,0.0,0.9,0.253125,0.625,0.0,0.9246861920817213,0.09041578856377916,0.2274829931972789,0.9999999996875,0.149999999953125,0.843749999736328,1.0481062015185838,0.46379463171007945,0.46379463171007945
-0.8,0.40000000000000013,4816.4755859375,70.80387115478516,2.306325723297924,0.0,0.9,0.31875,0.6944444444444444,0.0,0.9495412839681003,0.14276813705385133,0.41666666666666663,0.9999999996875,0.11249999996484374,0.8906249997216796,0.8615108760049794,0.3250777509681495,0.3210948685973802
-0.7,0.40000000000000013,4612.166015625,67.84957885742188,1.904251322808223,0.0,0.9,0.428125,0.6551724137931034,0.0,0.9453551907402431,0.22589637497378748,0.4409090909090909,0.9999999996875,0.09062499997167968,0.9406249997060546,0.714291226419433,0.16045970156457923,0.15683481631551746
-0.6,0.40000000000000013,4429.29296875,65.1841049194336,1.603407803892232,0.0,0.9,0.496875,0.88,0.0,0.9813664590177849,0.2738498206288565,0.5666666666666667,0.9999999996875,0.07812499997558593,0.9843749996923827,0.6065389452849367,0.09558208963786109,0.07867984061209059
-0.5,0.40000000000000013,4269.1953125,62.844932556152344,1.4223414851868983,0.0,0.9,0.54375,1.0,0.0,0.9999999993150686,0.31531558733274245,1.0,0.9999999996875,0.06562499997949219,0.9906249996904296,0.5366586589564685,0.05085267266389343,0.03869462943036887
-0.3999999999999999,0.40000000000000013,4134.06494140625,60.87043762207031,1.3615115847082448,0.0,0.9,0.590625,1.0,0.0,0.9999999992366413,0.36956151360461476,1.0,0.9999999996875,0.08749999997265624,0.9968749996884765,0.5008814065256175,0.038613541597150684,-0.011625510694479901
-0.29999999999999993,0.40000000000000013,4026.377685546875,59.297813415527344,1.3625357832198652,0.0,0.9,0.640625,1.0,0.0,0.9999999991304348,0.4556669528456613,1.0,0.9999999996875,0.09062499997167968,0.9999999996875,0.49405716689642654,0.0881808508238204,-0.0634737402597775
-0.19999999999999996,0.40000000000000013,3947.941650390625,58.16033935546875,1.3959962327230806,0.0,0.9,0.640625,1.0,0.0,0.9999999991304348,0.47563508674275357,1.0,0.9999999996875,0.08749999997265624,0.9999999996875,0.5054552821436427,0.1041296979180287,-0.0697617391002096
-0.09999999999999998,0.40000000000000013,3900.1552734375,57.48438262939453,1.4640761797867747,0.0,0.9,0.60625,1.0,0.0,0.9999999992063493,0.44811965239371865,1.0,0.9999999996875,0.09374999997070312,0.9999999996875,0.5382577461666955,0.07024511015511939,-0.03218787983506826
0.0,0.40000000000000013,3885.383056640625,57.286643981933594,1.5396154095763441,0.0,0.9,0.578125,1.0,0.0,0.9999999992592593,0.4190539767555537,1.0,0.9999999996875,0.09374999997070312,0.9999999996875,0.5821044901444075,0.12801700431573237,0.00491980358673609
0.10000000000000009,0.40000000000000013,3903.598388671875,57.57213592529297,1.6827182671650316,0.0,0.9,0.53125,1.0,0.0,0.9999999993333334,0.3834855836912216,1.0,0.9999999996875,0.08124999997460937,0.9999999996875,0.6527770722335323,0.1340690058813405,0.05033987022165341
0.20000000000000018,0.40000000000000013,3952.73486328125,58.333614349365234,1.904646263176606,0.0,0.9,0.428125,0.8333333333333334,0.0,0.9836065568395593,0.30022412069800103,0.5,0.9999999996875,0.05624999998242187,0.9874999996914062,0.7549657299709672,0.1886714248447071,0.1632073838573226
0.30000000000000004,0.40000000000000013,4032.506591796875,59.55247497558594,2.293972970859432,0.0,0.9,0.3125,0.2,0.0,0.9454545450247934,0.22876878647390295,0.2857142857142857,0.9999999996875,0.04687499998535156,0.949999999703125,0.9079257955425551,0.3137757790392874,0.28677303762797746
0.40000000000000013,0.40000000000000013,4141.6181640625,61.20084762573242,2.841809883501937,0.0,0.9,0.175,0.09523809523809523,0.0,0.9280303026787763,0.12880090830425364,0.023809523809523808,0.9999999996875,0.06562499997949219,0.8749999997265624,1.0850226282926323,0.4620977337772264,0.4620977337772264
0.5,0.40000000000000013,4278.4306640625,63.24452209472656,3.584887385196173,0.0,0.9,0.1375,0.05,0.0,0.8623188402672757,0.09676149951813758,0.01,0.9999999996875,0.1249999999609375,0.7874999997539062,1.256537770647721,0.5492950468410936,0.5492950468410936
0.6000000000000001,0.40000000000000013,4440.22802734375,65.64591979980469,4.3594045720831485,0.0,0.9,0.103125,0.0,0.0,0.8362369335065376,0.06556002682763247,0.0,0.9999999996875,0.14687499995410155,0.7281249997724609,1.380062413790639,0.6335347828137275,0.6335347828137275
0.7000000000000002,0.40000000000000013,4625.5830078125,68.36666107177734,5.306027210926574,0.0,0.9,0.0875,0.0,0.0,0.7910958901400356,0.04814814814814815,0.0,0.9999999996875,0.19062499994042967,0.6593749997939453,1.475947845128246,0.6862513271724744,0.6862513271724744
0.8,0.40000000000000013,4832.22314453125,71.36963653564453,6.424214902185867,0.0,0.9,0.0875,0.0,0.0,0.7020547942801182,0.034101382488479264,0.0,0.9999999996875,0.27187499991503905,0.6062499998105468,1.5396351920758802,0.7391604336607733,0.7352211691632478
0.9000000000000001,0.40000000000000013,5056.330078125,74.62020111083984,7.921980508674647,0.0,0.9,0.075,0.011428571428571429,0.0,0.4155405404001552,0.01237488626023658,0.0008210180623973727,0.9999999996875,0.5468749998291015,0.48124999984960937,1.6603921674929272,0.8203827688228401,0.8167192772938979
1.0,0.40000000000000013,5295.6259765625,78.08695220947266,9.71285152083086,0.0,0.9,0.075,0.08450704225352113,0.0,0.12162162158053323,0.0054249547920434,0.006057546693589097,0.9999999996875,0.8874999997226561,0.41562499987011714,1.7509442467162262,0.8725688852546903,0.8725688852546903
-1.0,0.5,5381.59521484375,78.98787689208984,4.174901068159083,0.0,0.9,0.196875,0.26851851851851855,0.0,0.6926070036215536,0.05105006998815557,0.10267857142857142,0.9999999996875,0.3374999998945312,0.7468749997666015,1.2150684801943556,0.5573636066062766,0.5573636066062766
-0.9,0.5,5148.03564453125,75.63255310058594,3.386457375508157,0.0,0.9,0.190625,0.3448275862068966,0.0,0.7799227796216514,0.051247147742740785,0.10783298826777088,0.9999999996875,0.27187499991503905,0.771874999758789,1.1348981975710366,0.5305386019879867,0.5305386019879867
-0.8,0.5,4930.27197265625,72.50067138671875,2.672486347154521,0.0,0.9,0.275,0.7575757575757576,0.0,0.9655172409631392,0.10654557119739759,0.5079365079365079,0.9999999996875,0.10312499996777343,0.8031249997490234,0.9482254806445519,0.39048757315933413,0.39048757315933413
-0.7,0.5,4731.435546875,69.62293243408203,2.193166975027041,0.0,0.9,0.38125,0.6521739130434783,0.0,0.9595959591113152,0.18850831084774186,0.4495726495726496,0.9999999996875,0.07187499997753906,0.9062499997167968,0.80245146804614,0.21942231647660276,0.21942231647660276
-0.6,0.5,4553.498046875,67.03266906738281,1.9098371362188455,0.0,0.9,0.409375,0.8888888888888888,0.0,0.9894179888944878,0.20128914983812546,0.5833333333333334,0.9999999996875,0.05624999998242187,0.9656249996982421,0.7235393646620736,0.1783454635349922,0.1764460164383288
-0.5,0.5,4397.9853515625,64.7650375366211,1.7522083170447618,0.0,0.9,0.471875,1.0,0.0,0.9999999994082841,0.2544650559499162,1.0,0.9999999996875,0.05937499998144531,0.9781249996943359,0.6691380733680833,0.12403520520360073,0.11534458217813545
-0.3999999999999999,0.5,4266.70361328125,62.85563659667969,1.6978628057415353,0.0,0.9,0.509375,0.9583333333333334,0.0,0.993630572615522,0.27469353022683063,0.5833333333333334,0.9999999996875,0.0749999999765625,0.9812499996933594,0.6348602917497371,0.08699530306500705,0.0660094626901418
-0.29999999999999993,0.5,4161.9443359375,61.33859634399414,1.7364557395781361,0.0,0.9,0.503125,1.0,0.0,0.9999999993710692,0.2906063272156074,1.0,0.9999999996875,0.08124999997460937,0.9906249996904296,0.6387328951177389,0.08284302934234535,0.05810710970963369
-0.19999999999999996,0.5,4085.779541015625,60.244171142578125,1.8286874166962102,0.0,0.9,0.50625,1.0,0.0,0.9999999993670886,0.34133907019028814,1.0,0.9999999996875,0.08124999997460937,0.9906249996904296,0.684148351785379,0.1440790463952752,0.06946418259248516
-0.09999999999999998,0.5,4040.257568359375,59.596107482910156,1.9045351362791092,0.0,0.9,0.490625,1.0,0.0,0.9999999993865031,0.3418075301545824,1.0,0.9999999996875,0.08124999997460937,0.9937499996894531,0.7298176122042108,0.2111086143534583,0.09065033658450178
0.0,0.5,4027.302490234375,59.40931701660156,2.0186019016903396,0.0,0.9,0.45625,0.7058823529411765,0.0,0.9425287350905007,0.2998838705338159,0.6666666666666666,0.9999999996875,0.10624999996679686,0.9906249996904296,0.7782355492909496,0.19748062813454237,0.13663192067938124
0.10000000000000009,0.5,4045.575439453125,59.6882209777832,2.160750298200399,0.0,0.9,0.41875,0.6538461538461539,0.0,0.9516129027141866,0.26205017205017206,0.6666666666666666,0.9999999996875,0.08124999997460937,0.9343749997080077,0.8354537703781112,0.2190940738962266,0.18700236241860685
0.20000000000000018,0.5,4093.282470703125,60.426246643066406,2.409312581513455,0.0,0.9,0.346875,0.5,0.0,0.9712918655639752,0.20937845432106553,0.3333333333333333,0.9999999996875,0.03749999998828125,0.949999999703125,0.9316801483586548,0.29184833548767103,0.2723309203037908
0.30000000000000004,0.5,4169.81298828125,61.606571197509766,2.787337247414876,0.0,0.9,0.225,0.0,0.0,0.9354838705905307,0.1388275892686392,0.0,0.9999999996875,0.049999999984374995,0.8968749997197265,1.0600844909648959,0.41665987596906506,0.41665987596906506
0.40000000000000013,0.5,4275.10400390625,63.20395278930664,3.346267204116526,0.0,0.9,0.1625,0.0,0.0,0.8880597011611717,0.10047391265833998,0.0,0.9999999996875,0.09374999997070312,0.7999999997499999,1.1917313453581624,0.5008075550163773,0.5008075550163773
0.5,0.5,4407.193359375,65.18717956542969,4.064259352461151,0.0,0.9,0.115625,0.0,0.0,0.8480565368028068,0.07480243130528223,0.0,0.9999999996875,0.1343749999580078,0.7781249997568359,1.3177413935273046,0.5764583250340155,0.5764583250340155
0.6000000000000001,0.5,4564.41650390625,67.52163696289062,4.91871490177829,0.0,0.9,0.1,0.0,0.0,0.8263888886019483,0.06315789473684211,0.0,0.9999999996875,0.15624999995117186,0.7249999997734374,1.4118631689048888,0.6451366584782676,0.6387417996184475
0.7000000000000002,0.5,4744.404296875,70.17167663574219,5.966940474380673,0.0,0.9,0.09375,0.0,0.0,0.8241379307502972,0.04847775175644028,0.0,0.9999999996875,0.1593749999501953,0.6124999998085937,1.4767326428347851,0.6874118487048239,0.6768692574969208
0.8,0.5,4946.1103515625,73.1024169921875,7.247435138712185,0.0,0.9,0.084375,0.0,0.0,0.6245733786264254,0.026888080072793447,0.0,0.9999999996875,0.3437499998925781,0.5312499998339844,1.5592728880895186,0.7505288429207352,0.7422452381927215
0.9000000000000001,0.5,5165.83203125,76.2809829711914,8.940238583097083,0.0,0.9,0.075,0.01764705882352941,0.0,0.4358108106635774,0.005407841369986481,0.0016042780748663102,0.9999999996875,0.5312499998339844,0.4656249998544921,1.6737976440102402,0.8218039034911231,0.8218039034911231
1.0,0.5,5400.5322265625,79.67726135253906,11.062753837582813,0.0,0.9,0.075,0.08080808080808081,0.0,0.07770270267645178,0.005390835579514824,0.005791505791505792,0.9999999996875,0.9281249997099609,0.4531249998583984,1.7724580852626062,0.8836240892188636,0.8836240892188636
-1.0,0.6000000000000001,5506.57080078125,80.84597778320312,4.7683197021494745,0.0,0.9,0.18125,0.23008849557522124,0.0,0.6679389310427714,0.0483084503821831,0.08925653594771242,0.9999999996875,0.3531249998896484,0.7093749997783203,1.2356560400239225,0.5632748311261866,0.5632748311261866
-0.9,0.6000000000000001,5278.8046875,77.57526397705078,3.831418819093059,0.0,0.9,0.20625,0.24691358024691357,0.0,0.7598425193858888,0.07294281348903198,0.09964788732394365,0.9999999996875,0.25312499992089843,0.7187499997753906,1.1703845833601978,0.5183431187675376,0.5183431187675376
-0.8,0.6000000000000001,5067.396484375,74.52944946289062,3.0632523400868816,0.0,0.9,0.253125,0.65,0.0,0.9707112966649744,0.10622254891868474,0.32499999999999996,0.9999999996875,0.06249999998046875,0.7499999997656249,1.0348237750244675,0.4397373472576336,0.4281408393283611
-0.7,0.6000000000000001,4874.71728515625,71.7376708984375,2.5416892973870393,0.0,0.9,0.321875,0.6153846153846154,0.0,0.9769585248954108,0.1489935899966295,0.30625,0.9999999996875,0.040624999987304684,0.793749999751953,0.8883674129453957,0.28345692092535163,0.28345692092535163
-0.6,0.6000000000000001,4702.18701171875,69.2312240600586,2.262643625782894,0.0,0.9,0.371875,0.7777777777777778,0.0,0.9800995019999506,0.16433087185918718,0.5,0.9999999996875,0.05624999998242187,0.9124999997148436,0.8075886793116633,0.2125085063459183,0.2125085063459183
-0.5,0.6000000000000001,4551.51513671875,67.0427017211914,2.2066805875039615,0.0,0.9,0.403125,0.9285714285714286,0.0,0.9947643973849402,0.1859826886224402,0.5555555555555555,0.9999999996875,0.04374999998632812,0.9343749997080077,0.7810337284049162,0.1750542866440785,0.172634351658108
-0.3999999999999999,0.6000000000000001,4424.337890625,65.20472717285156,2.1601581141454704,0.0,0.9,0.428125,1.0,0.0,0.9999999994535519,0.19767047177122138,1.0,0.9999999996875,0.04687499998535156,0.949999999703125,0.7587006004145319,0.13948671395609985,0.1333728190899982
-0.29999999999999993,0.6000000000000001,4322.505859375,63.748199462890625,2.1996171988207665,0.0,0.9,0.425,1.0,0.0,0.9999999994565217,0.2140823065823066,1.0,0.9999999996875,0.06249999998046875,0.9593749997001952,0.7812921329533211,0.1697412604108826,0.1511894434983052
-0.19999999999999996,0.6000000000000001,4249.8349609375,62.70022964477539,2.2824793359116926,0.0,0.9,0.36875,0.8275862068965517,0.0,0.9752475242696794,0.2090979071054259,0.5,0.9999999996875,0.09062499997167968,0.9593749997001952,0.8373242637524241,0.23428424109917123,0.21788364575393868
-0.09999999999999998,0.6000000000000001,4207.0625,62.081912994384766,2.3525668627387017,0.0,0.9,0.353125,0.47058823529411764,0.0,0.8695652169712246,0.20428330350768206,0.5,0.9999999996875,0.1593749999501953,0.8874999997226561,0.8683613491312898,0.23496319964287143,0.23496319964287143
0.0,0.6000000000000001,4195.02880859375,61.906394958496094,2.480723999000022,0.0,0.9,0.3375,0.35,0.0,0.8773584901521894,0.1886742075178684,0.5,0.9999999996875,0.1249999999609375,0.8781249997255859,0.920441924485451,0.2690902019619475,0.25852945494371926
0.10000000000000009,0.6000000000000001,4212.9013671875,62.1774787902832,2.6858432232606746,0.0,0.9,0.29375,0.25,0.0,0.880530973061712,0.15825790446960486,0.5,0.9999999996875,0.11249999996484374,0.8812499997246093,0.9919016422692649,0.33575984649648555,0.3266024652190073
0.20000000000000018,0.6000000000000001,4259.0625,62.889305114746094,2.9536830311363,0.0,0.9,0.240625,0.0,0.0,0.8559670778370506,0.12715602984481703,0.0,0.9999999996875,0.1093749999658203,0.8812499997246093,1.0812493082153596,0.3991294701393652,0.39813673366179386
0.30000000000000004,0.6000000000000001,4332.30908203125,64.02689361572266,3.356415586100448,0.0,0.9,0.215625,0.0,0.0,0.8087649399168267,0.11626206934386658,0.0,0.9999999996875,0.149999999953125,0.8593749997314453,1.1857136853566268,0.45278029704371514,0.44707194570320097
0.40000000000000013,0.6000000000000001,4433.63330078125,65.56768798828125,3.8802930532687725,0.0,0.9,0.175,0.0,0.0,0.8674242420956726,0.08969187494533117,0.0,0.9999999996875,0.1093749999658203,0.8093749997470703,1.2826785495271316,0.510674322263731,0.5021023161786672
0.5,0.6000000000000001,4561.16064453125,67.48356628417969,4.612081721570621,0.0,0.9,0.10625,0.0,0.0,0.8741258738202357,0.04829172740524782,0.0,0.9999999996875,0.11249999996484374,0.7906249997529297,1.3552079814415205,0.5879291824881887,0.5770764985836082
0.6000000000000001,0.6000000000000001,4712.4931640625,69.74311065673828,5.608508379345945,0.0,0.9,0.08125,0.0,0.0,0.8877551017388587,0.027295918367346936,0.0,0.9999999996875,0.10312499996777343,0.6312499998027343,1.4227964204791161,0.6284624742107193,0.6251207082642234
0.7000000000000002,0.6000000000000001,4887.0556640625,72.31354522705078,6.865088039425534,0.0,0.9,0.075,0.0,0.0,0.79729729702794,0.005714285714285714,0.0,0.9999999996875,0.18749999994140623,0.5406249998310546,1.4832616469490096,0.6695209946677185,0.6695209946677185
0.8,0.6000000000000001,5082.39208984375,75.1624755859375,8.334475350583443,0.0,0.9,0.075,0.0,0.0,0.6114864862799032,0.005494505494505495,0.0,0.9999999996875,0.3593749998876953,0.5187499998378906,1.561065327047042,0.7254828611463737,0.7254828611463737
0.9000000000000001,0.6000000000000001,5296.482421875,78.25901794433594,10.108420360575733,0.0,0.9,0.071875,0.006993006993006993,0.0,0.5218855217098028,0.005182514646237044,0.0006993006993006993,0.9999999996875,0.4468749998603515,0.45937499985644525,1.6400377765078749,0.7930013120693555,0.7930013120693555
1.0,0.6000000000000001,5526.392578125,81.57453155517578,12.36388506003431,0.0,0.9,0.071875,0.06343283582089553,0.0,0.154882154830006,0.005150022391401702,0.004530916844349681,0.9999999996875,0.8374999997382812,0.43437499986425776,1.758255020703988,0.873617564765294,0.873617564765294
-1.0,0.7000000000000002,5651.5986328125,82.9945297241211,5.426792226974409,0.0,0.9,0.209375,0.17699115044247787,0.0,0.6324110669437111,0.08875204457641173,0.04880952380952381,0.9999999996875,0.3531249998896484,0.6812499997871093,1.2473637580734187,0.5397964619882212,0.5339675263490535
-0.9,0.7000000000000002,5430.8212890625,79.81609344482422,4.298180112705831,0.0,0.9,0.240625,0.22950819672131148,0.0,0.80658436180799,0.1211119832548404,0.10757575757575757,0.9999999996875,0.19062499994042967,0.6906249997841797,1.17534243938735,0.5396360778482457,0.48718173533987796
-0.8,0.7000000000000002,5226.21484375,76.86347961425781,3.4786406298137837,0.0,0.9,0.246875,0.5555555555555556,0.0,0.9834024892185053,0.09953194953194953,0.375,0.9999999996875,0.028124999991210934,0.7124999997773437,1.078189147304167,0.44951866928128675,0.4362632002685573
-0.7,0.7000000000000002,5039.5791015625,74.16410827636719,2.9607244376269417,0.0,0.9,0.253125,0.5,0.0,0.9707112966649744,0.0865002337034754,0.3541666666666667,0.9999999996875,0.04374999998632812,0.7593749997626953,0.9844846234465408,0.36885568375106675,0.36885568375106675
-0.6,0.7000000000000002,4872.41552734375,71.74707794189453,2.8477826025749873,0.0,0.9,0.2625,0.8333333333333334,0.0,0.9915254233086757,0.08765192709292088,0.5714285714285715,0.9999999996875,0.03749999998828125,0.771874999758789,0.929701902693173,0.3272101918012527,0.3272101918012527
-0.5,0.7000000000000002,4726.64111328125,69.64227294921875,2.8162610921275366,0.0,0.9,0.309375,0.7272727272727273,0.0,0.9864253389201696,0.11368925031141179,0.5,0.9999999996875,0.03437499998925781,0.7999999997499999,0.895742511901056,0.26538228364527894,0.26538228364527894
-0.3999999999999999,0.7000000000000002,4604.1748046875,67.87928771972656,2.7848646560641814,0.0,0.9,0.346875,0.8571428571428571,0.0,0.9904306215356792,0.1294598056536204,0.5,0.9999999996875,0.04374999998632812,0.7812499997558593,0.8876771694383488,0.2493909121520466,0.2493909121520466
-0.29999999999999993,0.7000000000000002,4507.2626953125,66.48582458496094,2.7912722983005303,0.0,0.9,0.3375,0.7647058823529411,0.0,0.9811320750089,0.1254973797205882,0.3333333333333333,0.9999999996875,0.05312499998339843,0.7781249997568359,0.9072662102277382,0.27129537891028743,0.27129537891028743
-0.19999999999999996,0.7000000000000002,4438.1669921875,65.48590087890625,2.835658922702715,0.0,0.9,0.328125,0.325,0.0,0.8744186042444565,0.1436362044817927,0.5,0.9999999996875,0.1249999999609375,0.7843749997548828,0.9478677907119171,0.283889892549554,0.283889892549554
-0.09999999999999998,0.7000000000000002,4397.888671875,64.8980712890625,2.924436463041422,0.0,0.9,0.296875,0.2972972972972973,0.0,0.884444444051358,0.12854259326737374,0.5,0.9999999996875,0.11562499996386717,0.7749999997578124,0.9960345003222238,0.3254732534081334,0.3102313143010842
0.0,0.7000000000000002,4386.1005859375,64.73377990722656,3.0400852072189255,0.0,0.9,0.290625,0.11764705882352941,0.0,0.867841409309321,0.13266461435490878,0.3333333333333333,0.9999999996875,0.10624999996679686,0.771874999758789,1.0255234119303875,0.32465104820078344,0.32465104820078344
0.10000000000000009,0.7000000000000002,4402.9560546875,64.99629974365234,3.2172617745677283,0.0,0.9,0.24375,0.0,0.0,0.8388429748599823,0.09940617571279593,0.0,0.9999999996875,0.12187499996191406,0.7281249997724609,1.1002281825603457,0.379845872105089,0.379845872105089
0.20000000000000018,0.7000000000000002,4447.28125,65.68041229248047,3.4774482985235435,0.0,0.9,0.19375,0.0,0.0,0.8333333330103359,0.07314589992623555,0.0,0.9999999996875,0.1343749999580078,0.7624999997617187,1.1836008270741714,0.4540303649474398,0.4517635476101938
0.30000000000000004,0.7000000000000002,4518.00732421875,66.77296447753906,3.779283114187897,0.0,0.9,0.146875,0.0,0.0,0.8681318678138711,0.030393249350347363,0.0,0.9999999996875,0.11249999996484374,0.7656249997607422,1.2660873313366596,0.5102757484809053,0.5102757484809053
0.40000000000000013,0.7000000000000002,4615.22900390625,68.25397491455078,4.343851765539957,0.0,0.9,0.134375,0.0,0.0,0.8736462090708857,0.024632692259722117,0.0,0.9999999996875,0.1093749999658203,0.6874999997851562,1.3354205453039285,0.5414863191466379,0.5414863191466379
0.5,0.7000000000000002,4737.2724609375,70.0984115600586,5.147753707927494,0.0,0.9,0.11875,0.0,0.0,0.9113475174073234,0.018937449456770155,0.0,0.9999999996875,0.07812499997558593,0.6437499997988281,1.367292356601066,0.5520662242339062,0.5520662242339062
0.6000000000000001,0.7000000000000002,4882.927734375,72.27798461914062,6.360618940933373,0.0,0.9,0.09375,0.0,0.0,0.9068965514114149,0.013852415966386556,0.0,0.9999999996875,0.0843749999736328,0.5812499998183593,1.4333719413421526,0.6000714863306011,0.6000714863306011
0.7000000000000002,0.7000000000000002,5050.94189453125,74.7629165649414,7.787437760053247,0.0,0.9,0.078125,0.0,0.0,0.7728813556702097,0.008891876023608664,0.0,0.9999999996875,0.2093749999345703,0.5124999998398437,1.4820281443197718,0.6366404134588569,0.6366404134588569
0.8,0.7000000000000002,5239.826171875,77.52337646484375,9.493856812381164,0.0,0.9,0.06875,0.0,0.0,0.6711409393721003,0.006421838512281181,0.0,0.9999999996875,0.30624999990429685,0.5031249998427734,1.5229115480057784,0.6671884077172001,0.6671884077172001
0.9000000000000001,0.7000000000000002,5447.603515625,80.53060913085938,11.400979958442802,0.0,0.9,0.071875,0.0,0.0,0.5993265991248058,0.005166217430368374,0.0,0.9999999996875,0.371874999883789,0.47187499985253906,1.588211206264403,0.7347099223060053,0.7347099223060053
1.0,0.7000000000000002,5671.51123046875,83.75765228271484,13.765954505259522,0.0,0.9,0.075,0.005263157894736842,0.0,0.36148648636436265,0.005357142857142857,0.0003759398496240601,0.9999999996875,0.5937499998144531,0.4531249998583984,1.7078571787710568,0.8369920574504579,0.8369920574504579
-1.0,0.8,5815.5673828125,85.41129302978516,6.010882829611445,0.0,0.9,0.209375,0.1724137931034483,0.0,0.7154150194800731,0.09606311336664616,0.0465194109772423,0.9999999996875,0.27187499991503905,0.6531249997958984,1.2751696535819828,0.569469182203338,0.5378172043643166
-0.9,0.8,5602.38134765625,82.33035278320312,4.779802989731088,0.0,0.9,0.23125,0.1875,0.0,0.8943089427258907,0.09078397880521284,0.09183673469387754,0.9999999996875,0.09999999996874999,0.6718749997900391,1.1802365873124037,0.48167952607672215,0.4780025459125974
-0.8,0.8,5404.68115234375,79.47549438476562,4.008126512473578,0.0,0.9,0.225,0.23809523809523808,0.0,0.9354838705905307,0.07394865649350175,0.07936507936507936,0.9999999996875,0.06562499997949219,0.6718749997900391,1.1237700353147857,0.45001413554798225,0.45001413554798225
-0.7,0.8,5224.4951171875,76.87229919433594,3.608786558454762,0.0,0.9,0.23125,0.22857142857142856,0.0,0.8902439020771367,0.0730901941228643,0.07619047619047618,0.9999999996875,0.1093749999658203,0.7062499997792968,1.08934972446809,0.4216495935359967,0.4216495935359967
-0.6,0.8,5062.9306640625,74.54757690429688,3.51481011036786,0.0,0.9,0.253125,0.875,0.0,0.9958158991649306,0.08338706266894784,0.4375,0.9999999996875,0.024999999992187497,0.743749999767578,1.0309726814139937,0.37009156509663016,0.37009156509663016
-0.5,0.8,4922.2177734375,72.52857208251953,3.5345946081868918,0.0,0.9,0.275,0.875,0.0,0.9956896547432372,0.10030281705158552,0.4375,0.9999999996875,0.024999999992187497,0.7624999997617187,0.9976994515663901,0.33324426334974233,0.33324426334974233
-0.3999999999999999,0.8,4804.8310546875,70.84185791015625,3.500879837590435,0.0,0.9,0.33125,0.7272727272727273,0.0,0.985981307950476,0.12666372230710468,0.4444444444444444,0.9999999996875,0.03437499998925781,0.6843749997861328,0.9700062693779553,0.2978211747313742,0.2978211747313742
-0.29999999999999993,0.8,4712.82275390625,69.51206970214844,3.466881110471948,0.0,0.9,0.353125,0.35294117647058826,0.0,0.9468599029242223,0.13681975044803316,0.41666666666666663,0.9999999996875,0.05312499998339843,0.6874999997851562,0.9699346601997966,0.28606774191855194,0.28606774191855194
-0.19999999999999996,0.8,4647.3779296875,68.56034088134766,3.4810918111765035,0.0,0.9,0.328125,0.11428571428571428,0.0,0.8558139530903192,0.13103980366479456,0.4,0.9999999996875,0.1093749999658203,0.6906249997841797,0.9996948925952314,0.30141872165607736,0.30141872165607736
-0.09999999999999998,0.8,4609.1015625,68.00285339355469,3.49383251831915,0.0,0.9,0.30625,0.0,0.0,0.8423423419629089,0.12512928526956243,0.0,0.9999999996875,0.1093749999658203,0.6593749997939453,1.0316050420593958,0.3132956318891602,0.3102915544716549
0.0,0.8,4597.6181640625,67.84950256347656,3.6135505430396577,0.0,0.9,0.240625,0.0,0.0,0.8271604934867652,0.09547555719282474,0.0,0.9999999996875,0.13124999995898437,0.649999999796875,1.1110951913173395,0.3878187310272347,0.38328714691589827
0.10000000000000009,0.8,4613.326171875,68.10306549072266,3.7797245700201323,0.0,0.9,0.196875,0.0,0.0,0.8171206222501476,0.05862837710663798,0.0,0.9999999996875,0.14687499995410155,0.6374999998007812,1.1880509578403458,0.4428247743632252,0.4428247743632252
0.20000000000000018,0.8,4655.31591796875,68.75897979736328,3.9477030441385903,0.0,0.9,0.153125,0.0,0.0,0.8523985236707016,0.03232206861239119,0.0,0.9999999996875,0.1249999999609375,0.5999999998125,1.2505952593777467,0.49704018905539477,0.49434128125002813
0.30000000000000004,0.8,4723.82421875,69.80571746826172,4.224090682424924,0.0,0.9,0.14375,0.0,0.0,0.9124087587910916,0.027377631567791223,0.0,0.9999999996875,0.0749999999765625,0.5781249998193358,1.2920405119934553,0.5102598484647606,0.5102598484647606
0.40000000000000013,0.8,4817.33203125,71.22574615478516,4.871982858492959,0.0,0.9,0.134375,0.0,0.0,0.9350180502039646,0.024483625225791252,0.0,0.9999999996875,0.05624999998242187,0.5874999998164062,1.3387503011727764,0.5148302550439638,0.5148302550439638
0.5,0.8,4933.91162109375,72.9969482421875,5.9919482940099105,0.0,0.9,0.11875,0.0,0.0,0.9432624110130274,0.021482983504137666,0.0,0.9999999996875,0.049999999984374995,0.5968749998134765,1.3825506260983667,0.5426466087692391,0.5426466087692391
0.6000000000000001,0.8,5073.603515625,75.09405517578125,7.375115342457409,0.0,0.9,0.109375,0.0,0.0,0.9403508768630348,0.015868999421631,0.0,0.9999999996875,0.05312499998339843,0.5843749998173827,1.4295351124418156,0.5729988601000934,0.5729988601000934
0.7000000000000002,0.8,5235.5654296875,77.49020385742188,8.907549012370259,0.0,0.9,0.08125,0.0,0.0,0.8503401357651904,0.010382999353587588,0.0,0.9999999996875,0.13749999995703124,0.549999999828125,1.46180899371139,0.6066994512229327,0.6066994512229327
0.8,0.8,5417.6923828125,80.1581802368164,10.785325597586944,0.0,0.9,0.059375,0.0,0.0,0.7475083053994989,0.007818711900344553,0.0,0.9999999996875,0.23749999992578125,0.5406249998310546,1.4941999566364212,0.6525811116758251,0.6525811116758251
0.9000000000000001,0.8,5618.1015625,83.0713882446289,12.781731731364877,0.0,0.9,0.06875,0.0,0.0,0.6510067111909373,0.008048137585342667,0.0,0.9999999996875,0.3249999998984375,0.4562499998574218,1.5399761242730319,0.6683656410765395,0.6683656410765395
1.0,0.8,5835.0087890625,86.20462799072266,14.878026283250021,0.0,0.9,0.071875,0.0,0.0,0.5892255890271967,0.007782488946872508,0.0,0.9999999996875,0.38124999988085934,0.44374999986132807,1.5866533932808828,0.7136981276170925,0.7136981276170925
-1.0,0.9000000000000001,5997.9326171875,88.07389068603516,6.6981481166168715,0.0,0.9,0.203125,0.10810810810810811,0.0,0.7411764702975778,0.07127461893015086,0.01967799642218247,0.9999999996875,0.23124999992773435,0.6374999998007812,1.2697570940745757,0.5269760474454224,0.5213438665549193
-0.9,0.9000000000000001,5791.8388671875,85.09346008300781,5.568899043285104,0.0,0.9,0.20625,0.13513513513513514,0.0,0.8740157476873954,0.0606442262439567,0.03676470588235294,0.9999999996875,0.11562499996386717,0.6249999998046875,1.212603730652256,0.4897804181277168,0.4897804181277168
-0.8,0.9000000000000001,5600.95703125,82.338623046875,4.7843121525437375,0.0,0.9,0.196875,0.23529411764705882,0.0,0.848249026907296,0.05354118107574329,0.048,0.9999999996875,0.1593749999501953,0.6593749997939453,1.2074354759358767,0.4909062414599177,0.4909062414599177
-0.7,0.9000000000000001,5427.3056640625,79.83311462402344,4.384762533230653,0.0,0.9,0.20625,0.2558139534883721,0.0,0.8740157476873954,0.05564678068942588,0.06395348837209303,0.9999999996875,0.1343749999580078,0.6687499997910156,1.1680618138655652,0.47440874549836626,0.4718380459736095
-0.6,0.9000000000000001,5271.6337890625,77.60144805908203,4.340749510734448,0.0,0.9,0.221875,0.631578947368421,0.0,0.971887549810487,0.06717177739123929,0.21052631578947367,0.9999999996875,0.05937499998144531,0.7031249997802734,1.1087696497033706,0.41305698522639067,0.41305698522639067
-0.5,0.9000000000000001,5136.3251953125,75.66825103759766,4.2866602040312,0.0,0.9,0.259375,0.7647058823529411,0.0,0.9831223624543788,0.08967425288396293,0.2549019607843137,0.9999999996875,0.05312499998339843,0.6187499998066406,1.048841327271139,0.3617292534134557,0.3617292534134557
-0.3999999999999999,0.9000000000000001,5024.2890625,74.05729675292969,4.281294307913543,0.0,0.9,0.31875,0.6666666666666666,0.0,0.9816513756964902,0.12034692226280848,0.2962962962962963,0.9999999996875,0.03749999998828125,0.6062499998105468,1.0269100031957898,0.3167385222197766,0.3167385222197766
-0.29999999999999993,0.9000000000000001,4936.85693359375,72.79032897949219,4.258326159187725,0.0,0.9,0.328125,0.21052631578947367,0.0,0.9302325577068686,0.12767910954068595,0.2,0.9999999996875,0.05937499998144531,0.6062499998105468,1.02683535107233,0.3176468634755393,0.3176468634755393
-0.19999999999999996,0.9000000000000001,4874.6298828125,71.8858642578125,4.210155212122579,0.0,0.9,0.303125,0.08108108108108109,0.0,0.8475336319069356,0.11106272291314992,0.25,0.9999999996875,0.11562499996386717,0.621874999805664,1.0347125440210596,0.3365432485617756,0.3365432485617756
-0.09999999999999998,0.9000000000000001,4837.84228515625,71.35794067382812,4.275798139886869,0.0,0.9,0.265625,0.0,0.0,0.7914893613653237,0.10890822517953727,0.0,0.9999999996875,0.15312499995214843,0.6031249998115233,1.1015731040014378,0.3696903235849395,0.3696903235849395
0.0,0.9000000000000001,4826.7763671875,71.2150650024414,4.35419455402939,0.0,0.9,0.19375,0.0,0.0,0.7829457361306411,0.06030146975158044,0.0,0.9999999996875,0.17499999994531248,0.5874999998164062,1.1857455156479273,0.4521463478166646,0.4505280342290148
0.10000000000000009,0.9000000000000001,4841.8896484375,71.45960235595703,4.370651825276172,0.0,0.9,0.175,0.0,0.0,0.8901515148143365,0.04839850883043067,0.0,0.9999999996875,0.09062499997167968,0.5562499998261718,1.22804165258792,0.46731872624127424,0.4666668526103168
0.20000000000000018,0.9000000000000001,4882.34423828125,72.08755493164062,4.441198260175058,0.0,0.9,0.159375,0.0,0.0,0.9256505572767098,0.04135341908473549,0.0,0.9999999996875,0.06249999998046875,0.5562499998261718,1.2556004696511402,0.4792845452246026,0.4765498779869312
0.30000000000000004,0.9000000000000001,4947.16015625,73.0888900756836,4.882257268535274,0.0,0.9,0.1375,0.0,0.0,0.9492753619749001,0.029585351089588378,0.0,0.9999999996875,0.04374999998632812,0.5249999998359375,1.3057817972915216,0.5026506206084723,0.5026506206084723
0.40000000000000013,0.9000000000000001,5036.47802734375,74.44828796386719,5.798192480471697,0.0,0.9,0.11875,0.0,0.0,0.9432624110130274,0.020910138248847927,0.0,0.9999999996875,0.049999999984374995,0.5656249998232421,1.3501117996539806,0.5249292316984594,0.5249292316984594
0.5,0.9000000000000001,5148.681640625,76.14629364013672,7.177251290781146,0.0,0.9,0.10625,0.0,0.0,0.9440559437258544,0.01607538802660754,0.0,0.9999999996875,0.049999999984374995,0.6687499997910156,1.3930341755489124,0.5505031470274728,0.5505031470274728
0.6000000000000001,0.9000000000000001,5282.4296875,78.16048431396484,8.669191377824667,0.0,0.9,0.10625,0.0,0.0,0.8881118878013594,0.014175937849648504,0.0,0.9999999996875,0.09999999996874999,0.6343749998017578,1.417851848993751,0.547679830527559,0.547679830527559
0.7000000000000002,0.9000000000000001,5438.04541015625,80.46676635742188,10.457814388927208,0.0,0.9,0.05625,0.0,0.0,0.8576158937557563,0.007273050841107491,0.0,0.9999999996875,0.1343749999580078,0.4843749998486328,1.4763573927589388,0.6510798710901758,0.6510798710901758
0.8,0.9000000000000001,5613.4794921875,83.04044342041016,12.417407550418938,0.0,0.9,0.046875,0.0,0.0,0.7704918030260682,0.005866535738375908,0.0,0.9999999996875,0.2187499999316406,0.44062499986230463,1.5322735149321651,0.7097842516722057,0.7097842516722057
0.9000000000000001,0.9000000000000001,5806.5068359375,85.85712432861328,14.267537785327955,0.0,0.9,0.053125,0.0,0.0,0.6930693067019573,0.006806652539651961,0.0,0.9999999996875,0.29062499990917967,0.42499999986718745,1.552030238976882,0.7146409206470283,0.7146409206470283
1.0,0.9000000000000001,6015.865234375,88.8934097290039,16.37815919544707,0.0,0.9,0.046875,0.0,0.0,0.6557377047030367,0.006602197519758401,0.0,0.9999999996875,0.3281249998974609,0.43437499986425776,1.5480816383678415,0.7053168270182806,0.7053168270182806
-1.0,1.0,6196.15234375,90.96043395996094,8.07343504971294,0.0,0.9,0.1625,0.208955223880597,0.0,0.8022388056708063,0.034672698455950605,0.029914529914529912,0.9999999996875,0.2093749999345703,0.6062499998105468,1.3112475573554385,0.5556815418209848,0.5556815418209848
-0.9,1.0,5996.6728515625,88.08167266845703,6.852754074370699,0.0,0.9,0.121875,0.275,0.0,0.7935943057674041,0.02484439453814833,0.03395061728395062,0.9999999996875,0.249999999921875,0.6124999998085937,1.3445061188948209,0.5865862574200302,0.5865862574200302
-0.8,1.0,5813.2041015625,85.42728424072266,6.025732396727784,0.0,0.9,0.109375,0.2808988764044944,0.0,0.7754385962191442,0.01825801749271137,0.04302925989672978,0.9999999996875,0.2781249999130859,0.6249999998046875,1.3407597462241427,0.6056350479471988,0.6056350479471988
-0.7,1.0,5646.1611328125,83.0191421508789,5.510507664142874,0.0,0.9,0.125,0.2777777777777778,0.0,0.8142857139948979,0.02296961147892825,0.05555555555555556,0.9999999996875,0.22499999992968747,0.6406249997998047,1.2574624659101463,0.5548181013875693,0.5548181013875693
-0.6,1.0,5496.5234375,80.87954711914062,5.432123361663929,0.0,0.9,0.171875,0.5483870967741935,0.0,0.9471698109633321,0.0426074139125014,0.13709677419354838,0.9999999996875,0.09687499996972655,0.5687499998222656,1.1677694852853986,0.46431378564563147,0.46431378564563147
-0.5,1.0,5366.9609375,79.03067016601562,5.249865426924078,0.0,0.9,0.259375,0.6818181818181818,0.0,0.9704641346116185,0.08436694233333107,0.22727272727272727,0.9999999996875,0.06874999997851562,0.5624999998242187,1.1027506930245683,0.36125106192651435,0.36125106192651435
-0.3999999999999999,1.0,5260.0390625,77.49363708496094,5.164727584541142,0.0,0.9,0.28125,0.8235294117647058,0.0,0.9869565213100189,0.0970706364219216,0.3111111111111111,0.9999999996875,0.05312499998339843,0.5656249998232421,1.0650593615658976,0.35607237878019765,0.35607237878019765
-0.29999999999999993,1.0,5177.4990234375,76.28762817382812,5.226006117251117,0.0,0.9,0.28125,0.6,0.0,0.9739130430548204,0.09614336489979936,0.225,0.9999999996875,0.04687499998535156,0.5656249998232421,1.0781677394072338,0.35461486583734375,0.35461486583734375
-0.19999999999999996,1.0,5117.89990234375,75.42875671386719,5.180266181337303,0.0,0.9,0.25625,0.25,0.0,0.9369747895222795,0.0826836952440149,0.16666666666666669,0.9999999996875,0.06249999998046875,0.5687499998222656,1.1077559017316825,0.3900283380875975,0.3900283380875975
-0.09999999999999998,1.0,5082.41357421875,74.9291763305664,5.232679357779274,0.0,0.9,0.23125,0.038461538461538464,0.0,0.8983739833746447,0.07420858638814175,0.3333333333333333,0.9999999996875,0.08124999997460937,0.5437499998300781,1.1623448689755806,0.4167497996693942,0.4167497996693942
0.0,1.0,5071.82177734375,74.79621887207031,5.201646891511495,0.0,0.9,0.209375,0.0,0.0,0.8735177862160008,0.0745338403998993,0.0,0.9999999996875,0.09999999996874999,0.521874999836914,1.205715695836469,0.4437347687057949,0.441038417008238
0.10000000000000009,1.0,5086.03759765625,75.03186798095703,5.105260651526378,0.0,0.9,0.159375,0.0,0.0,0.9144981409239783,0.04345090878710547,0.0,0.9999999996875,0.07187499997753906,0.5124999998398437,1.2299338524461523,0.46503091056048795,0.46503091056048795
0.20000000000000018,1.0,5124.22900390625,75.63262176513672,5.227372637151766,0.0,0.9,0.09375,0.0,0.0,0.9379310341593341,0.01613143756000899,0.0,0.9999999996875,0.05624999998242187,0.48749999984765624,1.2935745660961457,0.5462752653613375,0.5450810718858735
0.30000000000000004,1.0,5185.7470703125,76.58978271484375,5.998448156550812,0.0,0.9,0.1,0.0,0.0,0.9479166663375289,0.0205422314911366,0.0,0.9999999996875,0.04687499998535156,0.4468749998603515,1.3416830595063138,0.5514495263435419,0.5514495263435419
0.40000000000000013,1.0,5271.3095703125,77.8900146484375,7.023582318024447,0.0,0.9,0.103125,0.0,0.0,0.9372822296385775,0.01418987638867157,0.0,0.9999999996875,0.05624999998242187,0.4281249998662109,1.3711442049296059,0.5492717630707742,0.5492717630707742
0.5,1.0,5378.98486328125,79.5162124633789,8.622525805637862,0.0,0.9,0.103125,0.0,0.0,0.8919860624069734,0.013443472627146097,0.0,0.9999999996875,0.09687499996972655,0.521874999836914,1.4271622011294276,0.5720613299753553,0.5720613299753553
0.6000000000000001,1.0,5507.380859375,81.44859313964844,10.422517377304047,0.0,0.9,0.084375,0.0,0.0,0.8327645048352339,0.012468030690537086,0.0,0.9999999996875,0.15312499995214843,0.5093749998408202,1.4768941235913575,0.6266651668913177,0.6266651668913177
0.7000000000000002,1.0,5656.0380859375,83.66561889648438,12.262411444510072,0.0,0.9,0.0625,0.0,0.0,0.8199999997266666,0.007276502150155837,0.0,0.9999999996875,0.1687499999472656,0.4468749998603515,1.529572227331609,0.6971689497749702,0.6971187156017036
0.8,1.0,5824.6162109375,86.14502716064453,14.2182650583471,0.0,0.9,0.05625,0.0,0.0,0.7052980130114906,0.006517412935323383,0.0,0.9999999996875,0.2781249999130859,0.4281249998662109,1.6031958071363237,0.7638117083183726,0.7638117083183726
0.9000000000000001,1.0,6010.74169921875,88.86451721191406,16.325154359471032,0.0,0.9,0.059375,0.017543859649122806,0.0,0.627906976535579,0.00665266106442577,0.00375234521575985,0.9999999996875,0.35624999988867184,0.42499999986718745,1.6157736584398905,0.7696729474826937,0.7696729474826937
1.0,1.0,6212.6611328125,91.80247497558594,18.704251487487234,0.0,0.9,0.078125,0.011363636363636364,0.0,0.7050847455237,0.009816270685835904,0.041666666666666664,0.9999999996875,0.2749999999140625,0.42499999986718745,1.5418358266566465,0.6800767421342793,0.6800767421342793
