-1.0,-1.0,56515.9375,510.91558837890625,3.2035766706939115,0.0,0.9,0.06398809523809523,0.0,0.0,0.9999999999602545,0.006566515536443715,0.0,0.9999999999627976,0.0,0.48511904760100005,0.9566323269080228,0.14621762436974933,0.14621762436974933
-0.9,-1.0,54795.515625,499.990966796875,3.2150848913845316,0.0,0.9,0.1134672619047619,0.0,0.0,0.9999999999580361,0.030881773972217197,0.0,0.9999999999627976,0.0,0.4274553571269548,0.9599763894706058,0.10283155502275683,0.10283155502275683
-0.8,-1.0,53211.55859375,489.8968200683594,3.1732989360549446,0.0,0.9,0.12053571428571429,0.0,0.0,0.9999999999576988,0.018831066214558455,0.0,0.9999999999627976,0.0,0.3835565476047784,0.9576925983471506,0.10924403784233916,0.10924403784233916
-0.7,-1.0,51777.40234375,480.7143249511719,3.1114186598855906,0.0,0.9,0.11197916666666667,0.0,0.0,0.9999999999581065,0.01630861894446584,0.0,0.9999999999627976,0.0,0.4672619047445215,0.9594364989102324,0.11269402572873025,0.11269402572873025
-0.6,-1.0,50505.27734375,472.527099609375,3.1077928639394736,0.0,0.9,0.05319940476190476,0.0,0.0,0.9999999999607073,0.007980783793217884,0.0,0.9999999999627976,0.0,0.4761904761727608,0.9865136025501197,0.2014383051937652,0.2014383051937652
-0.5,-1.0,49406.37890625,465.4181823730469,3.2278850115261015,0.0,0.9,0.06510416666666667,0.0,0.0,0.9999999999602069,0.008034941818787831,0.0,0.9999999999627976,0.0,0.4728422618871711,1.0656425706671788,0.30722555093012194,0.30722555093012194
-0.3999999999999999,-1.0,48490.3046875,459.46734619140625,3.417877552432323,0.0,0.9,0.06287202380952381,0.0,0.0,0.9999999999603018,0.005964610659209569,0.0,0.9999999999627976,0.0,0.47172619045864117,1.1863822206735413,0.4370840431510368,0.4370840431510368
-0.29999999999999993,-1.0,47765.73828125,454.7474365234375,3.6116186862058712,0.0,0.9,0.0625,0.0,0.0,0.9936507936113631,0.00567210415498714,0.0,0.9999999999627976,0.00595238095215951,0.4840029761724702,1.2773993773282264,0.5244996756771053,0.5244996756771053
-0.19999999999999996,-1.0,47239.94140625,451.32086181640625,3.655515582599899,0.0,0.9,0.06063988095238095,0.024691358024691357,0.0,0.9687128712487639,0.0038794744859101294,0.003527336860670194,0.9999999999627976,0.03013392857030752,0.5052083333145384,1.3076718818106476,0.5646091655144875,0.5646091655144875
-0.09999999999999998,-1.0,46921.03125,449.235595703125,3.536037868073317,0.0,0.9,0.06101190476190476,0.3076923076923077,0.0,0.9964342313392855,0.003895857088559483,0.05128205128205129,0.9999999999627976,0.004836309523629602,0.4899553571246297,1.261810962417757,0.5378757596160277,0.5378757596160277
0.0,-1.0,46811.11328125,448.5216064453125,3.391681265702848,0.0,0.9,0.06063988095238095,0.5294117647058824,0.0,0.9968316831288384,0.003901761777096898,0.17647058823529413,0.9999999999627976,0.00632440476166948,0.48288690474394025,1.173458135524266,0.4612922215641944,0.4612922215641944
0.10000000000000009,-1.0,46913.1484375,449.189697265625,3.2918811106641233,0.0,0.9,0.07068452380952381,0.7,0.0,0.9987990391914012,0.010120368885232676,0.2333333333333333,0.9999999999627976,0.0037202380950996936,0.3902529761759579,1.0915755642421416,0.35561152321125045,0.35561152321125045
0.20000000000000018,-1.0,47224.16015625,451.2298889160156,3.253043853870883,0.0,0.9,0.09375,1.0,0.0,0.9999999999589492,0.012845447198864778,1.0,0.9999999999627976,0.0003720238095099694,0.2578124999904088,1.055370950582738,0.2830232403402821,0.2829494544239883
0.30000000000000004,-1.0,47741.55078125,454.6123962402344,3.2126507285238253,0.0,0.9,0.09188988095238096,0.0,0.0,0.9999999999590332,0.013984432517175275,0.0,0.9999999999627976,0.0,0.23511904761030064,1.0315458530432335,0.2406335741795772,0.2406335741795772
0.40000000000000013,-1.0,48458.6796875,459.2901611328125,3.130878770276559,0.0,0.9,0.09300595238095238,0.0,0.0,0.9999999999589828,0.014600518605252053,0.0,0.9999999999627976,0.0,0.24441964284804987,1.0044491452796898,0.20543889453753245,0.19890894168618206
0.5,-1.0,49369.671875,465.2012634277344,3.0525203984106164,0.0,0.9,0.09375,0.0,0.0,0.9999999999589492,0.01595121431858429,0.0,0.9999999999627976,0.0,0.2615327380855085,0.9840297808377712,0.1585495814370422,0.15451826311089228
0.6000000000000001,-1.0,50464.80859375,472.27301025390625,2.9864107753402194,0.0,0.9,0.09821428571428571,0.0,0.0,0.9999999999587459,0.020129743088436753,0.0,0.9999999999627976,0.0,0.26822916665668795,0.9672762269117028,0.119359268270079,0.10703750352420197
0.7000000000000002,-1.0,51734.4375,480.42572021484375,2.9814407981548596,0.0,0.9,0.0703125,0.0,0.0,0.999999999959984,0.010648807174484723,0.0,0.9999999999627976,0.0,0.3024553571316051,0.9648868821331297,0.12224275821562867,0.12035303859915994
0.8,-1.0,53167.0390625,489.5764465332031,3.0196457348180314,0.0,0.9,0.06994047619047619,0.0,0.0,0.9999999999600001,0.008666718786922014,0.0,0.9999999999627976,0.0,0.3255208333212232,0.9703731313396782,0.13355940133952718,0.1325579463659467
0.9000000000000001,-1.0,54750.2109375,499.6415710449219,3.1341246064813526,0.0,0.9,0.06994047619047619,0.0,0.0,0.9999999999600001,0.009916723959447945,0.0,0.9999999999627976,0.0,0.24255952380050003,0.9884491886110537,0.15011526245919396,0.15011526245919396
1.0,-1.0,56470.34375,510.5398254394531,3.2335377797839526,0.0,0.9,0.05952380952380952,0.0,0.0,0.9999999999604431,0.009876606891155963,0.0,0.9999999999627976,0.0,0.25372023808579913,1.0061726953975336,0.17170197826540284,0.17170197826540284
-1.0,-0.9,54790.48046875,499.9722595214844,3.1755520427117854,0.0,0.9,0.058779761904761904,0.0,0.0,0.9999999999604744,0.005770864941981581,0.0,0.9999999999627976,0.0,0.48139880950590036,0.960614000719865,0.16408451927083395,0.16408451927083395
-0.9,-0.9,53017.20703125,488.6735534667969,3.1871471783275465,0.0,0.9,0.12313988095238096,0.0,0.0,0.9999999999575733,0.02274946447531777,0.0,0.9999999999627976,0.0,0.4122023809370461,0.9643938675275956,0.1308649116387262,0.10030435074708018
-0.8,-0.9,51382.84765625,478.2096252441406,3.142317520334701,0.0,0.9,0.1324404761904762,0.0,0.0,0.9999999999571184,0.021149469094542146,0.0,0.9999999999627976,0.0,0.38095238093820866,0.9618815616272115,0.11600806619924794,0.10116807359390026
-0.7,-0.9,49901.27734375,468.6689758300781,3.065575666167647,0.0,0.9,0.0900297619047619,0.0,0.0,0.999999999959117,0.01572037414672967,0.0,0.9999999999627976,0.0,0.4627976190304019,0.9629042596695306,0.14482253330451048,0.14482253330451048
-0.6,-0.9,48586.453125,460.1429443359375,3.016857157063702,0.0,0.9,0.06882440476190477,0.0,0.0,0.999999999960048,0.012137814049683759,0.0,0.9999999999627976,0.0,0.4895833333151197,0.9711750644938969,0.1805909960987863,0.18022573014974277
-0.5,-0.9,47450.16015625,452.7239685058594,3.063892147171557,0.0,0.9,0.08147321428571429,0.0,0.0,0.9999999999594978,0.012281172423463127,0.0,0.9999999999627976,0.0,0.4761904761727608,1.0201002708991431,0.27422438155918205,0.25347994490439174
-0.3999999999999999,-0.9,46501.421875,446.50140380859375,3.1745849942507207,0.0,0.9,0.07775297619047619,0.0,0.0,0.9987898345704401,0.010799857125471077,0.0,0.9999999999627976,0.0011160714285299081,0.5435267856940652,1.1028683417060496,0.36939334384573985,0.36939334384573985
-0.29999999999999993,-0.9,45752.02734375,441.55804443359375,3.272772917448336,0.0,0.9,0.0703125,0.10204081632653061,0.0,0.9647859143271394,0.00850804444030756,0.011337868480725623,0.9999999999627976,0.036458333331977,0.5431547618845552,1.1591957356174611,0.4429032759500431,0.4429032759500431
-0.19999999999999996,-0.9,45208.79296875,437.9649658203125,3.2730700267336195,0.0,0.9,0.06510416666666667,0.2155688622754491,0.0,0.9478710703960259,0.007755996758029026,0.0195971692977681,0.9999999999627976,0.06212797618816489,0.6023065475966404,1.1648599604405088,0.4577603875979549,0.4577603875979549
-0.09999999999999998,-0.9,44879.0859375,435.7772216796875,3.1690412457262207,0.0,0.9,0.06845238095238096,0.7083333333333334,0.0,0.9888178913343124,0.007825435443151044,0.07083333333333333,0.9999999999627976,0.03571428571295706,0.6209077380721388,1.1331181794919007,0.4452568723898867,0.4452568723898867
0.0,-0.9,44765.74609375,435.0296630859375,3.0669042764030587,0.0,0.9,0.07180059523809523,0.7916666666666666,0.0,0.9919839678961129,0.009595686065528299,0.09895833333333333,0.9999999999627976,0.03571428571295706,0.5651041666456434,1.0631427446932133,0.378379780163155,0.378379780163155
0.10000000000000009,-0.9,44870.91796875,435.73486328125,3.050262983189463,0.0,0.9,0.09821428571428571,0.7115384615384616,0.0,0.9876237623354941,0.015826638831840482,0.07905982905982906,0.9999999999627976,0.038690476189036815,0.5145089285522877,1.0306581185054868,0.3055260334667503,0.3055260334667503
0.20000000000000018,-0.9,45193.54296875,437.8809814453125,3.053213969408837,0.0,0.9,0.09858630952380952,0.7808219178082192,0.0,0.9933966157245813,0.015835843565143642,0.07808219178082192,0.9999999999627976,0.027157738094227765,0.4825148809344303,1.008296313283676,0.2701941237431853,0.2701941237431853
0.30000000000000004,-0.9,45729.58203125,441.43377685546875,3.0094529772812066,0.0,0.9,0.10342261904761904,0.9333333333333333,0.0,0.9991701244398685,0.02174385290104334,0.3111111111111111,0.9999999999627976,0.011160714285299082,0.4348958333171542,0.9891222690207085,0.2347655544553315,0.2345631371016095
0.40000000000000013,-0.9,46472.6796875,446.33868408203125,2.988217511328349,0.0,0.9,0.1056547619047619,1.0,0.0,0.9999999999584027,0.022291685894778365,1.0,0.9999999999627976,0.0003720238095099694,0.3828124999857585,0.9723902932131092,0.1965629634727558,0.19564905712718458
0.5,-0.9,47416.77734375,452.52508544921875,2.9631723662623646,0.0,0.9,0.13802083333333334,0.0,0.0,0.9999999999568409,0.03888861916646176,0.0,0.9999999999627976,0.0,0.2905505952272861,0.9583675995709026,0.13497733814607726,0.12186042577963667
0.6000000000000001,-0.9,48551.23828125,459.9104919433594,2.9307900370344524,0.0,0.9,0.15959821428571427,0.0,0.0,0.9999999999557327,0.04875934408729451,0.0,0.9999999999627976,0.0,0.28124999998953687,0.9504908982323946,0.06567920922619391,0.05450598148139502
0.7000000000000002,-0.9,49864.8984375,468.40545654296875,2.9422008126460457,0.0,0.9,0.1488095238095238,0.0,0.0,0.9999999999562937,0.05292503796123163,0.0,0.9999999999627976,0.0,0.31882440475004376,0.9526888742809,0.03753314713000989,0.03724974309662502
0.8,-0.9,51345.4453125,477.9178466796875,2.9915861444543532,0.0,0.9,0.0744047619047619,0.0,0.0,0.9999999999598072,0.02239277984228571,0.0,0.9999999999627976,0.0,0.34821428570133134,0.9616264474395426,0.11381477247477113,0.11352103565980211
0.9000000000000001,-0.9,52979.01171875,488.3559265136719,3.082486940038268,0.0,0.9,0.057291666666666664,0.0,0.0,0.9999999999605368,0.012609028913953923,0.0,0.9999999999627976,0.0,0.32775297617828303,0.978762314626359,0.14993673034646585,0.14902227401470966
1.0,-0.9,54752.05078125,499.6317443847656,3.1857056201288714,0.0,0.9,0.041294642857142856,0.0,0.0,0.9999999999611953,0.009732037731912148,0.0,0.9999999999627976,0.0,0.25223214284775924,0.9959283666889527,0.18353045866403983,0.18311710543087084
-1.0,-0.8,53203.6328125,489.858154296875,3.155305009095834,0.0,0.9,0.06696428571428571,0.0,0.0,0.9999999999601277,0.0070182349277176865,0.0,0.9999999999627976,0.0,0.41964285712724547,0.9671382766411959,0.1683936676754746,0.1683936676754746
-0.9,-0.8,51378.91015625,478.1896667480469,3.174531242214527,0.0,0.9,0.10639880952380952,0.0,0.0,0.9999999999583681,0.012647426481003931,0.0,0.9999999999627976,0.0,0.4084821428419464,0.972556099826139,0.14073069492605123,0.12835200450344253
-0.8,-0.8,49696.02734375,467.3578796386719,3.104842922220539,0.0,0.9,0.14174107142857142,0.0,0.0,0.9999999999566537,0.019672370978372232,0.0,0.9999999999627976,0.0,0.3623511904627102,0.9687886412024607,0.15195685070504802,0.09892746569710233
-0.7,-0.8,48169.671875,457.4582214355469,3.0264422310569064,0.0,0.9,0.11830357142857142,0.0,0.0,0.999999999957806,0.021521973306680982,0.0,0.9999999999627976,0.0,0.40885416665145635,0.9623647142973164,0.11966546020208604,0.11966546020208604
-0.6,-0.8,46813.921875,448.5903015136719,2.9130131504546672,0.0,0.9,0.13839285714285715,0.0,0.0,0.9999999999568222,0.02893759027270213,0.0,0.9999999999627976,0.0,0.4542410714116726,0.9489196375144086,0.09942869125765572,0.09913735359849221
-0.5,-0.8,45642.0390625,440.8562316894531,2.838665109642219,0.0,0.9,0.20796130952380953,0.0,0.0,0.9999999999530297,0.044553253041095545,0.0,0.9999999999627976,0.0,0.5156249999808176,0.9474508722619465,0.12174924943843735,0.07909714945209609
-0.3999999999999999,-0.8,44664.49609375,434.3559265136719,2.8548105773619565,0.0,0.9,0.22470238095238096,0.4,0.0,0.9971209212573359,0.05064231319303242,0.13333333333333333,0.9999999999627976,0.0037202380950996936,0.571428571407313,0.9837044007756706,0.22227993336932667,0.14966331309751132
-0.29999999999999993,-0.8,43891.8828125,429.1827087402344,2.8907598472068843,0.0,0.9,0.234375,0.30851063829787234,0.0,0.9684159377566368,0.053879100994640806,0.03856382978723404,0.9999999999627976,0.03497023809393712,0.6350446428335177,1.0045690727063303,0.2059605029387332,0.2059605029387332
-0.19999999999999996,-0.8,43333.6484375,425.41778564453125,2.9107981680638604,0.0,0.9,0.21688988095238096,0.4659090909090909,0.0,0.9553444180068721,0.051721743030955177,0.042355371900826444,0.9999999999627976,0.06547619047375461,0.6328124999764579,1.0125056745728005,0.25537296812509536,0.25537296812509536
-0.09999999999999998,-0.8,42995.03515625,423.1239929199219,2.8903075331036088,0.0,0.9,0.2265625,0.6547619047619048,0.0,0.972101972055214,0.05386339450819179,0.054563492063492064,0.9999999999627976,0.06249999999767485,0.655877976166076,0.9697324515241725,0.23453246393558919,0.23453246393558919
0.0,-0.8,42878.796875,422.34210205078125,2.8165425335717,0.0,0.9,0.2269345238095238,0.7232704402515723,0.0,0.9788257939856196,0.06335400263023039,0.06027253668763102,0.9999999999627976,0.05915178571208513,0.6238839285482186,0.9386964591535959,0.19853176124597618,0.19853176124597618
0.10000000000000009,-0.8,42986.98828125,423.08587646484375,2.7231544759036597,0.0,0.9,0.26525297619047616,0.8089171974522293,0.0,0.9848101265324146,0.08331088837665498,0.11555959963603277,0.9999999999627976,0.05840773809306519,0.6134672618819395,0.9021973742991785,0.16370397295905836,0.12171643681286794
0.20000000000000018,-0.8,43319.73046875,425.3419189453125,2.787249399542484,0.0,0.9,0.2105654761904762,0.7847222222222222,0.0,0.9853911403871164,0.07624927938725039,0.08719135802469136,0.9999999999627976,0.053571428569435586,0.5565476190269142,0.9254885860544484,0.15397533239958255,0.14591278265316876
0.30000000000000004,-0.8,43872.484375,429.0707702636719,2.734793753016247,0.0,0.9,0.1715029761904762,0.96,0.0,0.9977548270768858,0.08396877126448174,0.192,0.9999999999627976,0.04650297618874617,0.5468749999796549,0.9052403608906744,0.17255407261752112,0.1581054200027249
0.40000000000000013,-0.8,44639.67578125,434.2095947265625,2.829761169144722,0.0,0.9,0.18080357142857142,0.8333333333333334,0.0,0.9950045412808809,0.08405989916334133,0.11904761904761905,0.9999999999627976,0.024553571427657978,0.49962797617188887,0.9329325612337911,0.17813444876000112,0.12874737143655293
0.5,-0.8,45613.546875,440.6776428222656,2.856369545357294,0.0,0.9,0.171875,1.0,0.0,0.9999999999550765,0.055982429564952044,1.0,0.9999999999627976,0.0011160714285299081,0.47209821426815113,0.92834362104112,0.11430208390476881,0.10969318965306284
0.6000000000000001,-0.8,46784.58203125,448.3819885253906,2.8693158728538335,0.0,0.9,0.18415178571428573,0.0,0.0,0.9999999999544005,0.06583218472965396,0.0,0.9999999999627976,0.0,0.37239583331947934,0.9276999322504893,0.0653473362448653,0.050265885418687824
0.7000000000000002,-0.8,48139.59375,457.2226867675781,2.877142303292178,0.0,0.9,0.19940476190476192,0.0,0.0,0.9999999999535316,0.08531833091528104,0.0,0.9999999999627976,0.0,0.31956845236906367,0.9306815126630676,0.03143847356433761,-0.006956786774556681
0.8,-0.8,49665.02734375,467.09765625,2.9809370934946444,0.0,0.9,0.11011904761904762,0.0,0.0,0.999999999958194,0.061123924479672936,0.0,0.9999999999627976,0.0,0.3177083333215138,0.9517933673527391,0.08324119800140808,0.07660165695079757
0.9000000000000001,-0.8,51347.3671875,477.9071350097656,3.053787366090211,0.0,0.9,0.06101190476190476,0.0,0.0,0.9999999999603804,0.02728888161393453,0.0,0.9999999999627976,0.0,0.2965029761794456,0.9723976578740559,0.14801035300028623,0.14608229735081965
1.0,-0.8,53171.984375,489.555908203125,3.1669293964005285,0.0,0.9,0.07663690476190477,0.0,0.0,0.99999999995971,0.023125934851945668,0.0,0.9999999999627976,0.0,0.2805059523705169,0.9944521649272678,0.1548969842269044,0.1548969842269044
-1.0,-0.7,51767.78515625,480.6546936035156,3.1067935438208143,0.0,0.9,0.08668154761904762,0.0,0.0,0.9999999999592669,0.009765625,0.0,0.9999999999627976,0.0,0.41480654760361585,0.9691257163217485,0.1604019971955911,0.1604019971955911
-0.9,-0.7,49895.0078125,468.6275634765625,3.1301875664342256,0.0,0.9,0.11607142857142858,0.0,0.0,0.9999999999579126,0.013565830102911442,0.0,0.9999999999627976,0.0,0.40736607141341646,0.976444287566714,0.13311698840142458,0.12251699379961482
-0.8,-0.7,48167.0390625,457.4366149902344,3.0725240407176813,0.0,0.9,0.13950892857142858,0.0,0.0,0.9999999999567661,0.017593484679216256,0.0,0.9999999999627976,0.0,0.37723214284310896,0.969922688316469,0.12973759656992007,0.09636256377901252
-0.7,-0.7,46598.97265625,447.1837463378906,2.9359674383831362,0.0,0.9,0.1956845238095238,0.0,0.0,0.9999999999537466,0.03570715423378408,0.0,0.9999999999627976,0.0,0.4118303571275361,0.9478530295216874,0.05522088973294283,0.046936616366717185
-0.6,-0.7,45205.62109375,437.9772644042969,2.7753296400021505,0.0,0.9,0.24069940476190477,0.0,0.0,0.9999999999510044,0.054157652718047886,0.0,0.9999999999627976,0.0,0.46465773807795174,0.913272601038232,0.07207955659995764,0.015511461566109405
-0.5,-0.7,44000.95703125,429.9288330078125,2.6766835103563897,0.0,0.9,0.2760416666666667,0.0,0.0,0.9999999999486126,0.07581110352905181,0.0,0.9999999999627976,0.0,0.5234374999805269,0.8831660186315479,0.0843393090598553,0.029116997667801937
-0.3999999999999999,-0.7,42998.4921875,423.1496276855469,2.639429290481653,0.0,0.9,0.2648809523809524,0.8125,0.0,0.9984817813259877,0.06774558223626995,0.203125,0.9999999999627976,0.00595238095215951,0.6183035714055691,0.8961880990887615,0.12936154654408086,0.119112253411753
-0.29999999999999993,-0.7,42207.578125,417.744384765625,2.6224356202856174,0.0,0.9,0.31063988095238093,0.5087719298245614,0.0,0.9697787371306109,0.10942790621214088,0.07268170426065164,0.9999999999627976,0.04241071428413651,0.7075892856879618,0.8999638380405676,0.15115277001406766,0.13386627203531412
-0.19999999999999996,-0.7,41636.71875,413.8050537109375,2.590139655349463,0.0,0.9,0.3567708333333333,0.5879120879120879,0.0,0.9566223249880496,0.14564563455353713,0.05344655344655345,0.9999999999627976,0.06770833333081443,0.6979166666407025,0.8721504068827494,0.16256197347543072,0.13075244847944134
-0.09999999999999998,-0.7,41290.9921875,411.4035949707031,2.5855706641534004,0.0,0.9,0.3523065476190476,0.6134020618556701,0.0,0.9569213095372244,0.1540397957389804,0.055763823805060925,0.9999999999627976,0.07217261904493406,0.7351190475916994,0.8649253154218997,0.19097380239081302,0.1476642474724497
0.0,-0.7,41173.34375,410.5865478515625,2.5046720416742527,0.0,0.9,0.3898809523809524,0.6829268292682927,0.0,0.968292682867787,0.18725735217689965,0.04552845528455285,0.9999999999627976,0.06101190475963498,0.7012648809262922,0.8314140816711646,0.16084532985896752,0.091070522110693
0.10000000000000009,-0.7,41284.5546875,411.37005615234375,2.483219007415218,0.0,0.9,0.4036458333333333,0.81875,0.0,0.9819089207122951,0.20046381574138641,0.10234375,0.9999999999627976,0.0595238095215951,0.7228422618778705,0.7901764745588452,0.13947107856601776,0.04628023642315299
0.20000000000000018,-0.7,41624.6484375,413.738525390625,2.457444962826643,0.0,0.9,0.4029017857142857,0.8170731707317073,0.0,0.9813084111538125,0.19233887953617487,0.13617886178861788,0.9999999999627976,0.06101190475963498,0.7087053571164916,0.7966445039863733,0.12146299481537154,0.012187004460912589
0.30000000000000004,-0.7,42192.09765625,417.6462707519531,2.5321270734806793,0.0,0.9,0.3947172619047619,0.8285714285714286,0.0,0.9852489243401813,0.187350020617223,0.06373626373626375,0.9999999999627976,0.05208333333139571,0.6536458333090162,0.8364185023330916,0.1964575563181054,-0.026339836624346292
0.40000000000000013,-0.7,42978.98046875,423.0215148925781,2.641622230507211,0.0,0.9,0.3482142857142857,0.9122807017543859,0.0,0.9942922373861705,0.16666003606677865,0.15204678362573099,0.9999999999627976,0.04241071428413651,0.5926339285493812,0.8609670068494865,0.15640998234365328,-0.026395704026583974
0.5,-0.7,43978.3984375,429.77301025390625,2.7126344150715704,0.0,0.9,0.2552083333333333,0.9883720930232558,0.0,0.9995004994505744,0.09593344335601553,0.4941860465116279,0.9999999999627976,0.03199404761785737,0.5524553571223045,0.8773124780412628,0.1276617539682034,0.03798132624126986
0.6000000000000001,-0.7,45181.1328125,437.7959289550781,2.8197280612293896,0.0,0.9,0.1956845238095238,1.0,0.0,0.9999999999537466,0.08376020646392983,1.0,0.9999999999627976,0.0014880952380398776,0.4944196428387493,0.902087266645063,0.09016279539852469,0.055357728791869495
0.7000000000000002,-0.7,46573.00390625,446.9792175292969,2.865614208710048,0.0,0.9,0.13764880952380953,0.0,0.0,0.9999999999568594,0.058231031684520984,0.0,0.9999999999627976,0.0,0.3608630952246703,0.918405465593705,0.1299189281227703,0.07046528449078704
0.8,-0.7,48140.15234375,457.2112121582031,2.9762086343293395,0.0,0.9,0.13616071428571427,0.0,0.0,0.9999999999569338,0.06400574571802814,0.0,0.9999999999627976,0.0,0.32105654760710356,0.9494979823782448,0.07122359949914878,0.056345640408524196
0.9000000000000001,-0.7,49868.13671875,468.383544921875,3.0721906180122343,0.0,0.9,0.08296130952380952,0.0,0.0,0.9999999999594321,0.032428624008763694,0.0,0.9999999999627976,0.0,0.28162202379904683,0.9745833199072673,0.1328233168747489,0.13074265138421853
1.0,-0.7,51740.890625,480.3941345214844,3.2063191541897242,0.0,0.9,0.06510416666666667,0.0,0.0,0.9999999999602069,0.015176477155718255,0.0,0.9999999999627976,0.0,0.3009672618935652,1.0032732960064163,0.17680580601233337,0.17680580601233337
-1.0,-0.6,50492.5234375,472.4455261230469,3.0337033256324846,0.0,0.9,0.20721726190476192,0.0,0.0,0.9999999999530738,0.022863577334532422,0.0,0.9999999999627976,0.0,0.43675595236470405,0.9616732306461185,0.1446544355318919,0.06386710623345782
-0.9,-0.6,48577.5078125,460.0791015625,3.04994252023675,0.0,0.9,0.18824404761904762,0.0,0.0,0.9999999999541705,0.021547973213061768,0.0,0.9999999999627976,0.0,0.437127976174214,0.9654931893273881,0.112099563280647,0.05970527454373247
-0.8,-0.6,46808.19140625,448.5458679199219,2.951091560648864,0.0,0.9,0.2105654761904762,0.0,0.0,0.9999999999528747,0.03267571427527908,0.0,0.9999999999627976,0.0,0.48883928569609975,0.9448629086304269,0.03614792483403873,0.022608616932960197
-0.7,-0.6,45202.64453125,437.95416259765625,2.7824742557488493,0.0,0.9,0.23511904761904762,0.0,0.0,0.9999999999513619,0.05335564580690585,0.0,0.9999999999627976,0.0,0.5115327380762079,0.9043320821249543,0.053879865315395195,0.018177374910859308
-0.6,-0.6,43776.30859375,428.4202575683594,2.558194739063668,0.0,0.9,0.3005952380952381,0.0,0.0,0.9999999999468084,0.12916109534409084,0.0,0.9999999999627976,0.0,0.558035714264954,0.8457054351810256,0.10015124654828686,-0.012270358736380436
-0.5,-0.6,42545.2890625,420.0657043457031,2.4883592296572328,0.0,0.9,0.3474702380952381,0.6666666666666666,0.0,0.9994298745154259,0.15229094046621006,0.3333333333333333,0.9999999999627976,0.0011160714285299081,0.6227678571196887,0.8045397292156143,0.0714859317754236,-0.0005572517777378909
-0.3999999999999999,-0.6,41522.80078125,413.01318359375,2.338349163641392,0.0,0.9,0.4490327380952381,0.84,0.0,0.9972991221473801,0.23259094055467422,0.27999999999999997,0.9999999999627976,0.009300595237749234,0.6700148809274549,0.7648502228932967,0.09856993269386825,-0.016417612736946134
-0.29999999999999993,-0.6,40718.328125,407.3790588378906,2.3735717790720114,0.0,0.9,0.4412202380952381,0.8023255813953488,0.0,0.9886817575906337,0.2396213513799268,0.13372093023255813,0.9999999999627976,0.03199404761785737,0.7299107142585599,0.7651081893557485,0.10043394664130922,0.05930370621227812
-0.19999999999999996,-0.6,40139.41015625,403.26702880859375,2.297603508042808,0.0,0.9,0.4992559523809524,0.7341772151898734,0.0,0.9687964338061815,0.3347564563674008,0.09177215189873418,0.9999999999627976,0.05877976190257516,0.8247767856836021,0.7220954008682994,0.135654981481985,0.05109699683739592
-0.09999999999999998,-0.6,39789.73828125,400.7587585449219,2.2280211225322324,0.0,0.9,0.5565476190476191,0.6898395721925134,0.0,0.951342281799384,0.41100680242417864,0.08622994652406417,0.9999999999627976,0.06956845237836427,0.8489583333017501,0.6809574818029779,0.167140649387498,0.0005164733191536132
0.0,-0.6,39671.22265625,399.9070129394531,2.2421594322271017,0.0,0.9,0.5256696428571429,0.7344632768361582,0.0,0.9631372548264205,0.37957887682537444,0.0667693888032871,0.9999999999627976,0.06584821428326458,0.8065476190176136,0.7005786100887116,0.14423087594647602,0.028357499253585657
0.10000000000000009,-0.6,39785.24609375,400.7304992675781,2.202194279581778,0.0,0.9,0.53125,0.7873563218390804,0.0,0.970634920557886,0.39430178801302473,0.09841954022988506,0.9999999999627976,0.06473214285473466,0.8058035713985937,0.6739287529195644,0.11518210985436282,-0.008940968542523778
0.20000000000000018,-0.6,40131.13671875,403.2110595703125,2.2697313657715528,0.0,0.9,0.5003720238095238,0.8407643312101911,0.0,0.9813849589738357,0.3541642630651718,0.08407643312101912,0.9999999999627976,0.05840773809306519,0.7827380952089755,0.7094565623993636,0.12183469777300782,-0.007266895426442206
0.30000000000000004,-0.6,40708.21875,407.2966003417969,2.380977817951756,0.0,0.9,0.45349702380952384,0.75,0.0,0.9727705921733988,0.27212712949269086,0.0625,0.9999999999627976,0.0595238095215951,0.72953869044905,0.7708133604664074,0.12426952875147279,-0.006510264335967075
0.40000000000000013,-0.6,41508.9609375,412.90570068359375,2.5332695923389124,0.0,0.9,0.39732142857142855,0.8076923076923077,0.0,0.984567901173792,0.21403621184005803,0.07342657342657342,0.9999999999627976,0.04836309523629602,0.6536458333090162,0.811543590176561,0.11027627126418407,-0.001274947416815074
0.5,-0.6,42528.3671875,419.935302734375,2.597257426299545,0.0,0.9,0.36421130952380953,0.9313725490196079,0.0,0.9959040373905264,0.1880624998975599,0.11642156862745098,0.9999999999627976,0.03794642857001688,0.5941220237874211,0.8320739162725148,0.10480003329250226,-0.03927413856943801
0.6000000000000001,-0.6,43756.65625,428.2687072753906,2.728772117157607,0.0,0.9,0.2682291666666667,1.0,0.0,0.9999999999491611,0.09711653484733958,1.0,0.9999999999627976,0.014508928570888806,0.5561755952174042,0.8684942130607454,0.08259023496766098,7.387740170831849e-05
0.7000000000000002,-0.6,45181.11328125,437.7836608886719,2.8552628176690056,0.0,0.9,0.14657738095238096,0.0,0.0,0.9999999999564081,0.06697547601326714,0.0,0.9999999999627976,0.0,0.4780505952203106,0.9154061455324194,0.10585403689020516,0.07130660968861069
0.8,-0.6,46786.08984375,448.3583984375,2.983191000556713,0.0,0.9,0.1328125,0.0,0.0,0.9999999999571,0.06533392554648598,0.0,0.9999999999627976,0.0,0.37016369046241954,0.949688835641801,0.0866431526741878,0.06277358326174627
0.9000000000000001,-0.6,48555.75,459.8766174316406,3.1376561362628235,0.0,0.9,0.07366071428571429,0.0,0.0,0.9999999999598395,0.027482998146886643,0.0,0.9999999999627976,0.0,0.279389880941987,0.9847078385517745,0.13548251764516292,0.13511106163907213
1.0,-0.6,50472.34765625,472.2297058105469,3.264103223204249,0.0,0.9,0.06063988095238095,0.0,0.0,0.9999999999603961,0.010320917763382915,0.0,0.9999999999627976,0.0,0.2730654761803175,1.0104143492489375,0.1797301225750464,0.1797301225750464
-1.0,-0.5,49390.08203125,465.31353759765625,2.939469057986267,0.0,0.9,0.20684523809523808,0.0,0.0,0.9999999999530957,0.015000792252433252,0.0,0.9999999999627976,0.0,0.4940476190292393,0.9476962560380933,0.1541978140694807,0.08669504117419624
-0.9,-0.5,47437.1171875,452.636474609375,2.918016846838991,0.0,0.9,0.20572916666666666,0.0,0.0,0.9999999999531617,0.021551284734677243,0.0,0.9999999999627976,0.0,0.5372023809323958,0.9365864753379783,0.06178251242593889,0.06178251242593889
-0.8,-0.5,45632.79296875,440.7877502441406,2.820596546314762,0.0,0.9,0.22098214285714285,0.0,0.0,0.9999999999522445,0.04067430504677634,0.0,0.9999999999627976,0.0,0.5606398809315238,0.9065362563364313,0.11347652062647974,0.04168213631091416
-0.7,-0.5,43995.12890625,429.8813171386719,2.6650004323449465,0.0,0.9,0.24590773809523808,0.0,0.0,0.999999999950666,0.06821975138992396,0.0,0.9999999999627976,0.0,0.5673363095027033,0.8719140440415802,0.1313102877585668,0.050956307660229294
-0.6,-0.5,42542.70703125,420.04107666015625,2.5374745581019833,0.0,0.9,0.3255208333333333,0.0,0.0,0.9999999999448428,0.11762549796134665,0.0,0.9999999999627976,0.0,0.655877976166076,0.814137413322368,0.06517156780226772,0.025157889047052587
-0.5,-0.5,41291.30078125,411.3983459472656,2.3143345374680573,0.0,0.9,0.5037202380952381,1.0,0.0,0.9999999999250374,0.30538900310581485,1.0,0.9999999999627976,0.0014880952380398776,0.7053571428309019,0.7228756734406966,0.14212971675433628,-0.07397349360914912
-0.3999999999999999,-0.5,40253.8359375,404.08642578125,2.1872273631471133,0.0,0.9,0.5412946428571429,0.7619047619047619,0.0,0.9918896998384517,0.3395863599139467,0.19047619047619047,0.9999999999627976,0.015624999999418713,0.764880952352497,0.6521407270639872,0.1094876790722023,-0.04176289133036127
-0.29999999999999993,-0.5,39440.109375,398.2342224121094,2.0566703259227954,0.0,0.9,0.6231398809523809,0.8691588785046729,0.0,0.9861796642659251,0.4885063928488837,0.2897196261682243,0.9999999999627976,0.039806547617566725,0.8846726190147072,0.5742074908364689,0.09471617327937581,-0.04238829296573823
-0.19999999999999996,-0.5,38856.69140625,393.95672607421875,2.0421473874561067,0.0,0.9,0.6272321428571429,0.8278145695364238,0.0,0.9740518961103741,0.5013110705052121,0.11825922421948912,0.9999999999627976,0.05617559523600538,0.8761160713959779,0.5704236181867527,0.09322464147698999,0.004020299383562508
-0.09999999999999998,-0.5,38506.03125,391.3458557128906,2.120794895776534,0.0,0.9,0.6171875,0.7100591715976331,0.0,0.9523809522883983,0.4917148627660406,0.07936507936507936,0.9999999999627976,0.06287202380718482,0.8604910713965591,0.5893005291958473,0.0932669995299041,0.01909077076868612
0.0,-0.5,38388.78125,390.461181640625,1.8544880192743673,0.0,0.9,0.671875,0.8268156424581006,0.0,0.9648526076003568,0.5515241921943742,0.2269345238095238,0.9999999999627976,0.06659226190228451,0.9029017856806957,0.5104761494527423,0.07548037946321948,-0.03434677696052454
0.10000000000000009,-0.5,38504.9609375,391.323486328125,1.9872408121341227,0.0,0.9,0.6450892857142857,0.7437185929648241,0.0,0.9465408804039266,0.522111956502648,0.15648286140089418,0.9999999999627976,0.07403273809248391,0.8660714285392087,0.5408145882071039,0.09411485592234146,-0.03286658060671077
0.20000000000000018,-0.5,38854.1171875,393.9124450683594,2.0950960807644354,0.0,0.9,0.5900297619047619,0.7630057803468208,0.0,0.9627949182429405,0.455941271247541,0.07630057803468207,0.9999999999627976,0.0643601190452247,0.8329613094928214,0.6065453229455047,0.09510982766725416,-0.023604571394367068
0.30000000000000004,-0.5,39436.45703125,398.1690979003906,2.242934704163216,0.0,0.9,0.5528273809523809,0.7701863354037267,0.0,0.969217969969283,0.4418978581684726,0.07701863354037267,0.9999999999627976,0.05989583333110507,0.7938988094942746,0.6593533657575862,0.12379682553477472,-0.01880249657845718
0.40000000000000013,-0.5,40246.89453125,404.0018005371094,2.380554650519706,0.0,0.9,0.44642857142857145,0.7898089171974523,0.0,0.9778225805794474,0.2925357643887409,0.07180081065431385,0.9999999999627976,0.05840773809306519,0.7351190475916994,0.726787714655074,0.06799494967345643,0.02114255082457356
0.5,-0.5,41280.34765625,411.29571533203125,2.473956045436562,0.0,0.9,0.4192708333333333,0.9327731092436975,0.0,0.9948750800131405,0.25651553036086655,0.1865546218487395,0.9999999999627976,0.044270833331686354,0.667782738070395,0.7706365805720812,0.08054515770613441,-0.02933584748434737
0.6000000000000001,-0.5,42528.36328125,419.9222106933594,2.622967810289335,0.0,0.9,0.37016369047619047,0.9655172413793104,0.0,0.9988186650325565,0.17422915924647098,0.3218390804597701,0.9999999999627976,0.021577380951578223,0.5918898809303613,0.8205080120973545,0.08754140878327678,-0.06190140506876239
0.7000000000000002,-0.5,43978.92578125,429.74786376953125,2.7981202706063546,0.0,0.9,0.20424107142857142,0.0,0.0,0.9999999999532493,0.11434720942507462,0.0,0.9999999999627976,0.0,0.5416666666465154,0.8891753784868994,0.07240768700564457,0.03333786825792629
0.8,-0.5,45615.82421875,440.6413879394531,2.99180298615153,0.0,0.9,0.0900297619047619,0.0,0.0,0.999999999959117,0.05499756977202325,0.0,0.9999999999627976,0.0,0.4363839285551941,0.9545970122905063,0.1274098399877677,0.11402109750731372
0.9000000000000001,-0.5,47421.5,452.47882080078125,3.1608870408320873,0.0,0.9,0.07180059523809523,0.0,0.0,0.99999999995992,0.018887995806326385,0.0,0.9999999999627976,0.0,0.2611607142759985,0.9919699493436409,0.13014504387486509,0.13014504387486509
1.0,-0.5,49376.83203125,465.14581298828125,3.3073932534897823,0.0,0.9,0.06287202380952381,0.0,0.0,0.9999999999603018,0.009262681983621474,0.0,0.9999999999627976,0.0,0.22656249999157135,1.0140698052379702,0.1649190442565907,0.1649190442565907
-1.0,-0.3999999999999999,48471.109375,459.33917236328125,2.8150442544578644,0.0,0.9,0.20721726190476192,0.0,0.0,0.9999999999530738,0.01552532841171942,0.0,0.9999999999627976,0.0,0.5334821428372961,0.9174455871300957,0.10245631470735919,0.10245631470735919
-0.9,-0.3999999999999999,46485.70703125,446.3896179199219,2.7712110442074698,0.0,0.9,0.21019345238095238,0.0,0.0,0.9999999999528969,0.027656453264231783,0.0,0.9999999999627976,0.0,0.6090029761678198,0.8963459734668534,0.13828596227179454,0.08632322686117629
-0.8,-0.3999999999999999,44652.015625,434.26239013671875,2.7505372526892087,0.0,0.9,0.22247023809523808,0.0,0.0,0.9999999999521532,0.040585074630379865,0.0,0.9999999999627976,0.0,0.5699404761692731,0.8801206150623755,0.15395906586062463,0.0936519926922256
-0.7,-0.3999999999999999,42989.54296875,423.07635498046875,2.5895644194390544,0.0,0.9,0.27306547619047616,0.0,0.0,0.9999999999488229,0.08471070910949906,0.0,0.9999999999627976,0.0,0.6242559523577286,0.8455366230991882,0.11401685264470235,0.08950013085657356
-0.6,-0.3999999999999999,41517.94921875,412.96240234375,2.4309160537969494,0.0,0.9,0.4185267857142857,0.0,0.0,0.9999999999360204,0.20335373998870881,0.0,0.9999999999627976,0.0,0.7351190475916994,0.7729420583866423,0.08733275297989723,0.015175119403847928
-0.5,-0.3999999999999999,40252.203125,404.06005859375,2.238774751260109,0.0,0.9,0.5100446428571429,1.0,0.0,0.9999999999240698,0.32610933962638367,1.0,0.9999999999627976,0.0018601190475498468,0.7302827380680699,0.706141287269424,0.12016470610898813,0.01297663100633306
-0.3999999999999999,-0.3999999999999999,39204.82421875,396.5133972167969,1.9759883010456132,0.0,0.9,0.6491815476190477,0.9069767441860465,0.0,0.9957582183461551,0.5093329623365626,0.3023255813953488,0.9999999999627976,0.015997023808928684,0.862723214253619,0.5177770200297775,0.09051604655596288,-0.06041158039888592
-0.29999999999999993,-0.3999999999999999,38386.91796875,390.46246337890625,1.9094781049609573,0.0,0.9,0.6808035714285714,0.8623188405797102,0.0,0.9778554777415087,0.5701174245255971,0.2978319783197832,0.9999999999627976,0.051339285712375775,0.8980654761570661,0.4853899725924378,0.059893808597954644,-0.027088616930756974
-0.19999999999999996,-0.3999999999999999,37801.921875,386.0339050292969,1.8046030983646404,0.0,0.9,0.7384672619047619,0.8557692307692307,0.0,0.9573257466632539,0.641659903954327,0.28671923314780456,0.9999999999627976,0.07738095237807363,0.911086309489915,0.42120747454615465,0.05995942514313091,-0.01944000078434048
-0.09999999999999998,-0.3999999999999999,37450.9765625,383.3289794921875,1.6054766963017228,0.0,0.9,0.7808779761904762,0.8875502008032129,0.0,0.9524617994987332,0.691271231808786,0.2439155785497249,0.9999999999627976,0.09263392856798237,0.9304315475844334,0.3482665794699996,0.0483896169166449,-0.03763209059536727
0.0,-0.3999999999999999,37334.2890625,382.4144287109375,1.8960253806610863,0.0,0.9,0.7433035714285714,0.7711864406779662,0.0,0.9217391303011973,0.6227477350133515,0.20818759936406994,0.9999999999627976,0.08779761904435278,0.9159226190135445,0.4009929918683622,0.058902787879448595,-0.015329874100650596
0.10000000000000009,-0.3999999999999999,37452.12890625,383.3132019042969,1.7677768781556438,0.0,0.9,0.7596726190476191,0.8319672131147541,0.0,0.9365325075949641,0.6455071960072638,0.22062841530054644,0.9999999999627976,0.09077380952043253,0.9200148809181543,0.37833758378382654,0.07852200725598933,-0.050987709297398
0.20000000000000018,-0.3999999999999999,37804.015625,386.0025329589844,1.8195780458155908,0.0,0.9,0.7232142857142857,0.8028169014084507,0.0,0.9435483869699532,0.6087244804378608,0.15838460572576596,0.9999999999627976,0.07924107142562348,0.8958333333000063,0.44158910809767005,0.08923702274107784,-0.06539987269399894
0.30000000000000004,-0.3999999999999999,38387.953125,390.41644287109375,1.9408103096256095,0.0,0.9,0.671875,0.845679012345679,0.0,0.971655328688021,0.5500995944138318,0.09396433470507544,0.9999999999627976,0.06026785714061504,0.874255952348428,0.5231263582365677,0.11842968556059155,-0.07018726747665952
0.40000000000000013,-0.3999999999999999,39203.62890625,396.4537048339844,2.0266622143129864,0.0,0.9,0.5550595238095238,0.8666666666666667,0.0,0.9832775918910303,0.44668714612489735,0.12380952380952381,0.9999999999627976,0.055803571426495405,0.8489583333017501,0.585109285329828,0.05673093115813899,-0.02620286783938817
0.5,-0.3999999999999999,40246.5,403.9877624511719,2.2525978375343594,0.0,0.9,0.44568452380952384,0.9,0.0,0.9919463086582586,0.2749253956747537,0.1,0.9999999999627976,0.04464285714119633,0.7351190475916994,0.7072439001396063,0.06663226642448332,-0.006565311829979057
0.6000000000000001,-0.3999999999999999,41509.06640625,412.8788146972656,2.4982796507344105,0.0,0.9,0.38318452380952384,0.8852459016393442,0.0,0.9957780457783004,0.18900144933762986,0.14754098360655737,0.9999999999627976,0.022693452380108132,0.6365327380715576,0.7879532378682511,0.09268687097371844,-0.03755231987110476
0.7000000000000002,-0.3999999999999999,42979.859375,422.98291015625,2.736595141616258,0.0,0.9,0.2693452380952381,0.0,0.0,0.9999999999490835,0.1365811552051091,0.0,0.9999999999627976,0.0,0.5517113095032846,0.8812458072316046,0.04608235549911016,-0.016548027563473924
0.8,-0.3999999999999999,44641.80859375,434.1600341796875,2.9793297832941925,0.0,0.9,0.07700892857142858,0.0,0.0,0.9999999999596937,0.05150713183674517,0.0,0.9999999999627976,0.0,0.4151785714131258,0.9605662546238244,0.13609182722437238,0.13609182722437238
0.9000000000000001,-0.3999999999999999,46476.43359375,446.27960205078125,3.187373324025919,0.0,0.9,0.06212797619047619,0.0,0.0,0.9999999999603333,0.012451713761999134,0.0,0.9999999999627976,0.0,0.20833333332558285,0.9977402354285316,0.1404263988875729,0.1404263988875729
1.0,-0.3999999999999999,48464.53125,459.2225341796875,3.340244608827999,0.0,0.9,0.0662202380952381,0.0,0.0,0.9999999999601594,0.008463632552458744,0.0,0.9999999999627976,0.0,0.17447916666017563,1.0155447531042967,0.15012859916817467,0.15012859916817467
-1.0,-0.29999999999999993,47745.984375,454.59552001953125,2.7267052778535623,0.0,0.9,0.2265625,0.0,0.0,0.9999999999519,0.027276413231030992,0.0,0.9999999999627976,0.0,0.5766369047404525,0.8897045606588392,0.0945080929252726,0.08959655769399279
-0.9,-0.29999999999999993,45734.515625,441.42144775390625,2.7601254204473014,0.0,0.9,0.22135416666666666,0.0,0.0,0.9999999999522218,0.030430875444830103,0.0,0.9999999999627976,0.0,0.5766369047404525,0.8878768878152123,0.12330261415859425,0.11769067161327862
-0.8,-0.29999999999999993,43878.23046875,429.06353759765625,2.740236996756629,0.0,0.9,0.22433035714285715,0.0,0.0,0.9999999999520385,0.049851036138987025,0.0,0.9999999999627976,0.0,0.5978422618825208,0.8816121483281706,0.15208373466199263,0.15208373466199263
-0.7,-0.29999999999999993,42197.3984375,417.6446228027344,2.589235430183842,0.0,0.9,0.28348214285714285,0.0,0.0,0.9999999999480789,0.1123070907729175,0.0,0.9999999999627976,0.0,0.6915922618790331,0.8389800158550391,0.14084857338780737,0.14084857338780737
-0.6,-0.29999999999999993,40710.91796875,407.3010559082031,2.415492506179747,0.0,0.9,0.453125,0.0,0.0,0.9999999999319727,0.24872853878214496,0.0,0.9999999999627976,0.0,0.7436755952104288,0.7538614226437137,0.1381491961447074,0.030107452755271873
-0.5,-0.29999999999999993,39435.69140625,398.1800537109375,2.0950436854434864,0.0,0.9,0.5796130952380952,1.0,0.0,0.9999999999115043,0.4145552444589646,1.0,0.9999999999627976,0.0003720238095099694,0.7883184523516251,0.6286963007598826,0.08328606906444713,0.013261760018438238
-0.3999999999999999,-0.29999999999999993,38384.37109375,390.4344787597656,1.8979827148796737,0.0,0.9,0.6703869047619048,0.9183673469387755,0.0,0.9909706545156919,0.5428855862894604,0.37037037037037035,0.9999999999627976,0.036458333331977,0.9155505952040346,0.47890440680327306,0.032469457159472345,-0.0179339066438954
-0.29999999999999993,-0.29999999999999993,37564.44921875,384.2144470214844,1.6858113609207213,0.0,0.9,0.7321428571428571,0.8435754189944135,0.0,0.9611111109776235,0.5981586139446105,0.2269421487603306,0.9999999999627976,0.06659226190228451,0.8835565475861773,0.44207880527685245,0.07294654342232203,0.006671660460602009
-0.19999999999999996,-0.29999999999999993,36978.82421875,379.6566162109375,1.7906713982362858,0.0,0.9,0.7585565476190477,0.8210862619808307,0.0,0.9137134050980411,0.6471207035511086,0.37056784602174664,0.9999999999627976,0.11644345237662042,0.8928571428239265,0.39099439477836173,0.04554300200952603,0.03005269357850191
-0.09999999999999998,-0.29999999999999993,36627.8125,376.8717956542969,1.6638854886924417,0.0,0.9,0.7979910714285714,0.8361581920903954,0.0,0.8931860035187503,0.6860542928667263,0.37110797181194616,0.9999999999627976,0.13169642856652916,0.9207589285371742,0.326900879837335,0.03599692624697174,0.009968983039715726
0.0,-0.29999999999999993,36511.93359375,375.93206787109375,1.8193657993526837,0.0,0.9,0.7961309523809523,0.8258426966292135,0.0,0.8868613137067772,0.6839980271176507,0.48894936232598574,0.9999999999627976,0.1324404761855491,0.9322916666319833,0.3247857870211286,0.04199644034408599,0.011121300987916971
0.10000000000000009,-0.29999999999999993,36631.19140625,376.8630065917969,1.9373639108874154,0.0,0.9,0.7373511904761905,0.7883211678832117,0.0,0.9178470253657441,0.5947331116956293,0.25677127495371516,0.9999999999627976,0.1019345238057316,0.8705357142533283,0.4123004598630677,0.05364667563361389,0.04962061935385281
0.20000000000000018,-0.29999999999999993,36984.60546875,379.6394348144531,1.7330305166080697,0.0,0.9,0.7715773809523809,0.8419243986254296,0.0,0.9250814330740911,0.6570705474832578,0.19459127252163805,0.9999999999627976,0.10825892856740109,0.8839285713956873,0.38356448938969046,0.05502290838797262,-0.00665331604957882
0.30000000000000004,-0.29999999999999993,37570.12109375,384.1890869140625,1.8707423080453067,0.0,0.9,0.7176339285714286,0.8309859154929577,0.0,0.9525691698349712,0.558908228948859,0.3436239919354839,0.9999999999627976,0.07924107142562348,0.8779761904435277,0.4553279770551724,0.06913015957053247,-0.05093603089533082
0.40000000000000013,-0.29999999999999993,38387.61328125,390.4017028808594,1.9018642459727486,0.0,0.9,0.6674107142857143,0.8471337579617835,0.0,0.9731543623072535,0.5486426348413249,0.18273381294964028,0.9999999999627976,0.05840773809306519,0.8634672618726389,0.5362725052180206,0.10073069231205616,-0.07858644147538178
0.5,-0.29999999999999993,39435.77734375,398.14044189453125,2.184585219813066,0.0,0.9,0.5063244047619048,0.8878504672897196,0.0,0.9909570458936731,0.3453073826280372,0.14797507788161993,0.9999999999627976,0.039806547617566725,0.8035714285415338,0.6590133365138825,0.04929564327086193,-0.027077829448639606
0.6000000000000001,-0.29999999999999993,40708.2109375,407.2553405761719,2.33635455949001,0.0,0.9,0.41517857142857145,0.9714285714285714,0.0,0.9993638676209056,0.2371173656312369,0.4857142857142857,0.9999999999627976,0.013020833332848928,0.7109374999735515,0.7341782265812613,0.13340679376844097,-0.038244195142828445
0.7000000000000002,-0.29999999999999993,42193.05078125,417.59344482421875,2.68484911392923,0.0,0.9,0.29575892857142855,0.0,0.0,0.9999999999471737,0.1531567662429651,0.0,0.9999999999627976,0.0,0.5450148809321052,0.8639255635555927,0.03520042833226439,-0.024428110275101236
0.8,-0.29999999999999993,43873.68359375,429.0077209472656,2.9504551703730617,0.0,0.9,0.11755952380952381,0.0,0.0,0.9999999999578415,0.0818339565031147,0.0,0.9999999999627976,0.0,0.39211309522350773,0.9571696534741784,0.10129634085835511,0.10129634085835511
0.9000000000000001,-0.29999999999999993,45731.12109375,441.361572265625,3.2066635555030496,0.0,0.9,0.06919642857142858,0.0,0.0,0.9999999999600321,0.012699652369600831,0.0,0.9999999999627976,0.0,0.2332589285627508,0.9995754640154976,0.13601842071483863,0.13601842071483863
1.0,-0.29999999999999993,47744.43359375,454.5321350097656,3.3734351202708126,0.0,0.9,0.07366071428571429,0.0,0.0,0.9999999999598395,0.009758981456812608,0.0,0.9999999999627976,0.0,0.1517857142800675,1.0138850022075383,0.1377529055337099,0.1377529055337099
-1.0,-0.19999999999999996,47221.7109375,451.1452331542969,2.7124970348806396,0.0,0.9,0.20982142857142858,0.0,0.0,0.9999999999529191,0.018688764128926706,0.0,0.9999999999627976,0.0,0.4970238095053191,0.8799229826025484,0.12387549849322568,0.12347000432842925
-0.9,-0.19999999999999996,45191.9609375,437.8034973144531,2.734009162887354,0.0,0.9,0.22767857142857142,0.0,0.0,0.9999999999518305,0.031109858725057504,0.0,0.9999999999627976,0.0,0.558779761883974,0.8747688222317724,0.14554619672634675,0.14554619672634675
-0.8,-0.19999999999999996,43318.890625,425.2725830078125,2.6834135616080803,0.0,0.9,0.23921130952380953,0.0,0.0,0.9999999999511002,0.0669393709092071,0.0,0.9999999999627976,0.0,0.60751488092978,0.8757281545028625,0.17890310033785145,0.1733835423756971
-0.7,-0.19999999999999996,41624.234375,413.6782531738281,2.532376646642709,0.0,0.9,0.2890625,0.0,0.0,0.9999999999476713,0.14176840922259865,0.0,0.9999999999627976,0.0,0.6886160714029533,0.8310250197377065,0.17331312979863145,0.17331312979863145
-0.6,-0.19999999999999996,40127.9765625,403.16107177734375,2.310627191014816,0.0,0.9,0.5145089285714286,0.0,0.0,0.9999999999233716,0.31015839677118745,0.0,0.9999999999627976,0.0,0.7466517856865086,0.7012995250723704,0.13247632400315631,0.02783626770231959
-0.5,-0.19999999999999996,38848.03125,393.8739318847656,2.1307555499888395,0.0,0.9,0.5688244047619048,1.0,0.0,0.9999999999137187,0.39326983856026837,1.0,0.9999999999627976,0.0003720238095099694,0.7879464285421152,0.6113060329604064,0.06836292574640518,0.05201037501109243
-0.3999999999999999,-0.19999999999999996,37794.88671875,385.9765930175781,1.65225890878832,0.0,0.9,0.7633928571428571,0.991304347826087,0.0,0.9984276727989894,0.6635557925515887,0.7948717948717949,0.9999999999627976,0.04278273809364648,0.9538690475835615,0.3567351586155784,0.05179392989939611,-0.047341636504541394
-0.29999999999999993,-0.19999999999999996,36974.89453125,379.6272277832031,1.6853434445921336,0.0,0.9,0.8020833333333334,0.9278350515463918,0.0,0.9473684208745549,0.6992072545361516,0.5611041291845338,0.9999999999627976,0.14434523808986813,0.9334077380605131,0.3250505406781335,0.03489340220649405,-0.016825252054524814
-0.19999999999999996,-0.19999999999999996,36389.34375,374.9705505371094,1.7957975324947943,0.0,0.9,0.7764136904761905,0.8865030674846626,0.0,0.8768718800537652,0.6572130813860768,0.584119765394656,0.9999999999627976,0.24255952380050003,0.8995535713951059,0.3653727431195397,0.052394234241735387,0.04906963767203713
-0.09999999999999998,-0.19999999999999996,36038.2109375,372.12451171875,1.680746036172163,0.0,0.9,0.8288690476190477,0.947481243301179,0.0,0.8934782606753308,0.7373954626383934,0.8103047233812805,0.9999999999627976,0.3470982142728014,0.9423363094887525,0.26927833824397907,0.03468882484864883,0.01221858086020218
0.0,-0.19999999999999996,35922.359375,371.16644287109375,1.544499128217868,0.0,0.9,0.8757440476190477,0.9638118214716526,0.0,0.9101796404460539,0.8082101616410191,0.81517793717225,0.9999999999627976,0.3084077380837646,0.959077380916701,0.20131729049915917,0.050059230271206304,-0.018020600081754837
0.10000000000000009,-0.19999999999999996,36043.14453125,372.1233825683594,1.674122118086033,0.0,0.9,0.8284970238095238,0.9206642066420664,0.0,0.9067245117338992,0.7104185240903385,0.6672267867611305,0.9999999999627976,0.2016369047544034,0.9263392856798237,0.27690749248485397,0.031124513635344023,0.014085698492544992
0.20000000000000018,-0.19999999999999996,36397.68359375,374.96826171875,1.7952174004885766,0.0,0.9,0.7682291666666666,0.8698224852071006,0.0,0.92937399664055,0.62342335281872,0.42809053504114547,0.9999999999627976,0.12574404761436964,0.8924851190144165,0.36968337881298013,0.034131261845035614,0.030616236774408393
0.30000000000000004,-0.19999999999999996,36984.40234375,379.62384033203125,1.860517654927812,0.0,0.9,0.7514880952380952,0.8736059479553904,0.0,0.9491017962651046,0.6169776746618783,0.2954385298647594,0.9999999999627976,0.10007440475818176,0.8694196428247984,0.4082177817533274,0.03764689321336586,-0.00290109038875904
0.40000000000000013,-0.19999999999999996,37803.19921875,385.97222900390625,1.8424209979445174,0.0,0.9,0.7459077380952381,0.9117647058823529,0.0,0.9780380672067295,0.6188666775479021,0.23346807628524047,0.9999999999627976,0.06324404761669479,0.8831845237766673,0.43813357016054044,0.10646993806417832,-0.10339511626340253
0.5,-0.19999999999999996,38854.40625,393.8687438964844,2.003785787080307,0.0,0.9,0.5974702380952381,0.9615384615384616,0.0,0.9963031422369405,0.45692196157652937,0.32673267326732675,0.9999999999627976,0.038690476189036815,0.84970238092077,0.5815677987504606,0.09294225289832246,-0.08415111453959775
0.6000000000000001,-0.19999999999999996,40133.47265625,403.1550598144531,2.320721634947793,0.0,0.9,0.43526785714285715,1.0,0.0,0.9999999999341238,0.2629338750720309,1.0,0.9999999999627976,0.0003720238095099694,0.7585565475908276,0.7181316897494618,0.10537185666422136,-0.04373864090378104
0.7000000000000002,-0.19999999999999996,41627.91796875,413.6715393066406,2.609170180874976,0.0,0.9,0.29836309523809523,0.0,0.0,0.9999999999469776,0.15618004035994992,0.0,0.9999999999627976,0.0,0.5602678571220139,0.8578192985830818,0.0444846875362601,-0.012071930741064368
0.8,-0.19999999999999996,43321.953125,425.2652282714844,2.958986292333326,0.0,0.9,0.14136904761904762,0.0,0.0,0.9999999999566725,0.06848234780664539,0.0,0.9999999999627976,0.0,0.37834821427163884,0.9566315825239816,0.09202472076919452,0.08610299828362875
0.9000000000000001,-0.19999999999999996,45195.62890625,437.79571533203125,3.234353250795398,0.0,0.9,0.07366071428571429,0.0,0.0,0.9999999999598395,0.011733888059220411,0.0,0.9999999999627976,0.0,0.20089285713538346,0.9992534691802871,0.13230226982855137,0.13230226982855137
1.0,-0.19999999999999996,47226.6171875,451.136962890625,3.375494789987603,0.0,0.9,0.07366071428571429,0.0,0.0,0.9999999999598395,0.009027384486613877,0.0,0.9999999999627976,0.0,0.1919642857071442,1.0076636539722574,0.13137953959184467,0.13137953959184467
-1.0,-0.09999999999999998,46902.13671875,449.03656005859375,2.6786015594375305,0.0,0.9,0.21242559523809523,0.0,0.0,0.9999999999527635,0.022432073456904053,0.0,0.9999999999627976,0.0,0.47842261902982064,0.8579158515847348,0.13031365306497839,0.1294740002078143
-0.9,-0.09999999999999998,44862.02734375,435.5913391113281,2.7091228783909,0.0,0.9,0.22991071428571427,0.0,0.0,0.9999999999516909,0.036465615102246676,0.0,0.9999999999627976,0.0,0.5758928571214326,0.8687943280931161,0.1598532821609535,0.15819051524848182
-0.8,-0.09999999999999998,42979.1328125,422.9532470703125,2.610988179302625,0.0,0.9,0.24404761904761904,0.0,0.0,0.9999999999507874,0.0646830504874566,0.0,0.9999999999627976,0.0,0.642857142833227,0.8477055619799828,0.19313581420416448,0.18959810052524487
-0.7,-0.09999999999999998,41275.91015625,411.2500305175781,2.517732812926805,0.0,0.9,0.3325892857142857,0.0,0.0,0.9999999999442586,0.17445629246325148,0.0,0.9999999999627976,0.0,0.7083333333069817,0.7942416133437157,0.14560229851251533,0.14560229851251533
-0.6,-0.09999999999999998,39774.33984375,400.6248779296875,2.3581021911243045,0.0,0.9,0.5301339285714286,1.0,0.0,0.9999999999208233,0.3402638399529748,1.0,0.9999999999627976,0.0007440476190199388,0.7354910714012094,0.6885398585590916,0.09316514219879211,0.041378969318881804
-0.5,-0.09999999999999998,38492.66015625,391.2341613769531,2.140306859370017,0.0,0.9,0.5896577380952381,0.9285714285714286,0.0,0.9981867632821226,0.409436216761937,0.4814814814814815,0.9999999999627976,0.010416666666279143,0.801711309493984,0.5912457164131225,0.0782478791179018,0.07800292263046894
-0.3999999999999999,-0.09999999999999998,37439.59375,383.2420959472656,2.0043967134004266,0.0,0.9,0.6822916666666666,0.9285714285714286,0.0,0.9777517563257903,0.5449113940316959,0.43451414656771803,0.9999999999627976,0.09895833332965186,0.8962053571095162,0.4689635355529527,0.053384903152570634,0.049984095130975396
-0.29999999999999993,-0.09999999999999998,36620.03125,376.81201171875,1.8714219060118356,0.0,0.9,0.7637648809523809,0.9205607476635514,0.0,0.9196850392252465,0.6427654240973828,0.46835084778373065,0.9999999999627976,0.23883928570540033,0.9192708332991343,0.376921518480784,0.03869460754261947,0.03042302681164244
-0.19999999999999996,-0.09999999999999998,36033.90625,372.093994140625,1.6995959099538995,0.0,0.9,0.8046875,0.8894984326018809,0.0,0.7314285712892518,0.6919229759787273,0.6760413807375919,0.9999999999627976,0.47470238093472095,0.9162946428230546,0.3212584934864406,0.050642871121509864,0.0504876894265761
-0.09999999999999998,-0.09999999999999998,35682.75,369.21051025390625,1.857718248996374,0.0,0.9,0.7872023809523809,0.8959183673469387,0.0,0.73251748238942,0.6645640725697189,0.6867089076646005,0.9999999999627976,0.5468749999796549,0.9084821428233452,0.346942784872663,0.0745001340946485,0.07339511106523683
0.0,-0.09999999999999998,35568.07421875,368.24212646484375,1.7248867084669504,0.0,0.9,0.8139880952380952,0.9270411117544876,0.0,0.7479999998504,0.6927218797932628,0.8559806863886137,0.9999999999627976,0.6424851190237171,0.9192708332991343,0.30797117986285916,0.07298447465802316,0.05391276292007591
0.10000000000000009,-0.09999999999999998,35689.23828125,369.2172546386719,1.6157240715612469,0.0,0.9,0.8404017857142857,0.9652509652509652,0.0,0.8951048948962459,0.739366570116275,0.906040272822346,0.9999999999627976,0.4817708333154103,0.9438244047267923,0.24756814811287023,0.06135791168260579,0.011391787064866942
0.20000000000000018,-0.09999999999999998,36044.6953125,372.1072082519531,1.9487326652245422,0.0,0.9,0.7291666666666666,0.8885542168674698,0.0,0.8983516482282484,0.5850853162761323,0.5376385348479651,0.9999999999627976,0.24702380951461966,0.8601190475870492,0.43670752254810385,0.09692849632119323,0.09642596871351158
0.30000000000000004,-0.09999999999999998,36632.32421875,376.8314514160156,1.5118885657098633,0.0,0.9,0.8441220238095238,0.9704142011834319,0.0,0.9761336513183452,0.7539413578929899,0.6733719080927211,0.9999999999627976,0.12574404761436964,0.9378720237746327,0.2551484910816295,0.05776684322009047,-0.050701707868518506
0.40000000000000013,-0.09999999999999998,37453.26171875,383.2672424316406,1.7322670946429712,0.0,0.9,0.7477678571428571,0.9626865671641791,0.0,0.9926253685851586,0.6191169077640319,0.31670321637426896,0.9999999999627976,0.049851190474335894,0.8950892856809863,0.4092309700216791,0.07049615111176541,-0.07049615111176541
0.5,-0.09999999999999998,38506.6484375,391.264404296875,1.8471604201069602,0.0,0.9,0.7090773809523809,0.9523809523809523,0.0,0.9987212274937697,0.5877227598933842,0.47619047619047616,0.9999999999627976,0.007812499999709357,0.8880208333002969,0.5048429151457046,0.1739711976338821,-0.1739711976338821
0.6000000000000001,-0.09999999999999998,39788.36328125,400.6596984863281,2.211994918029774,0.0,0.9,0.46577380952380953,0.0,0.0,0.999999999930362,0.2846460307141336,0.0,0.9999999999627976,0.0,0.8158482142553628,0.6941197577736797,0.09986863179677721,-0.07012172969262277
0.7000000000000002,-0.09999999999999998,41289.01953125,411.2889099121094,2.5920738771575143,0.0,0.9,0.3009672619047619,0.0,0.0,0.9999999999467801,0.16756146521124493,0.0,0.9999999999627976,0.0,0.6160714285485093,0.8599823536980103,0.044545965816381386,-0.011928089698880293
0.8,-0.09999999999999998,42991.25390625,422.9955749511719,2.973896814259218,0.0,0.9,0.12165178571428571,0.0,0.0,0.9999999999576451,0.041758536897904826,0.0,0.9999999999627976,0.0,0.37462797617653915,0.9655093286368444,0.11065005956167975,0.10958928705722028
0.9000000000000001,-0.09999999999999998,44874.98046875,435.63665771484375,3.2473753216036845,0.0,0.9,0.07626488095238096,0.0,0.0,0.9999999999597262,0.013840648839282979,0.0,0.9999999999627976,0.0,0.23735119046736047,0.9981842343407972,0.12930859915947918,0.12930859915947918
1.0,-0.09999999999999998,46917.15234375,449.0845031738281,3.3917486019213854,0.0,0.9,0.0740327380952381,0.0,0.0,0.9999999999598232,0.009469635084433195,0.0,0.9999999999627976,0.0,0.20014880951636352,1.0038989026484466,0.12338557733136607,0.12338557733136607
-1.0,0.0,46792.37109375,448.3000183105469,2.69322593365612,0.0,0.9,0.2585565476190476,0.0,0.0,0.9999999999498244,0.038686303552749546,0.0,0.9999999999627976,0.0,0.4999999999813988,0.865726212474278,0.12084091141027328,0.09425323601972543
-0.9,0.0,44748.7421875,434.8201904296875,2.6685980608389994,0.0,0.9,0.24367559523809523,0.0,0.0,0.9999999999508116,0.03471991867061621,0.0,0.9999999999627976,0.0,0.5896577380733015,0.8617551648608722,0.16365652523046104,0.16298634686493463
-0.8,0.0,42862.30859375,422.1463928222656,2.6087866164718103,0.0,0.9,0.24776785714285715,0.0,0.0,0.999999999950544,0.06840163258590228,0.0,0.9999999999627976,0.0,0.643973214261757,0.8514664768499368,0.20420905764088346,0.19956615563803867
-0.7,0.0,41156.7734375,410.4068298339844,2.4689204123159803,0.0,0.9,0.39174107142857145,0.0,0.0,0.9999999999388379,0.20792279256663992,0.0,0.9999999999627976,0.0,0.704241071402372,0.7676082532922306,0.10072634152272272,0.09454549044869406
-0.6,0.0,39654.93359375,399.7458801269531,2.193614083130766,0.0,0.9,0.5710565476190477,0.9545454545454546,0.0,0.9991326972247065,0.39223076906360776,0.4772727272727273,0.9999999999627976,0.008184523809219326,0.7511160714006282,0.6170829449616873,0.042423454382460944,0.008793480193804592
-0.5,0.0,38372.80078125,390.3210144042969,2.0426247355101284,0.0,0.9,0.6164434523809523,0.9074074074074074,0.0,0.9951503393797138,0.44343048015988257,0.46522131887985546,0.9999999999627976,0.020089285713538345,0.8180803571124227,0.5555944387867071,0.08140133401836509,0.07500636718373474
-0.3999999999999999,0.0,37320.421875,382.298095703125,2.160429137626434,0.0,0.9,0.6328125,0.9063291139240506,0.0,0.9625126645428053,0.4526413748978594,0.4646686097720529,0.9999999999627976,0.1469494047564379,0.84933035711126,0.5318061226266103,0.10891001003412636,0.10891001003412636
-0.29999999999999993,0.0,36500.36328125,375.84210205078125,1.957791491229436,0.0,0.9,0.7760416666666666,0.9116222760290557,0.0,0.8787375413822696,0.6485006732417881,0.45422382737215405,0.9999999999627976,0.3072916666552347,0.9196428571086442,0.35348103836671535,0.030979432463108334,0.025097291391446227
-0.19999999999999996,0.0,35914.80078125,371.1050720214844,1.8057473883323139,0.0,0.9,0.7935267857142857,0.9029793735676088,0.0,0.7711711710322214,0.6616409283557674,0.6309631409040439,0.9999999999627976,0.4869791666485499,0.9129464285374649,0.33168138401544783,0.056458039492150655,0.056458039492150655
-0.09999999999999998,0.0,35563.52734375,368.21112060546875,1.7604647293636206,0.0,0.9,0.8113839285714286,0.9085592769803296,0.0,0.6607495067730277,0.6941044065721489,0.7934808186439496,0.9999999999627976,0.6997767856882524,0.9103422618708951,0.30821016316656413,0.059079420621292775,0.059079420621292775
0.0,0.0,35448.83203125,367.24176025390625,1.7168011667042766,0.0,0.9,0.8251488095238095,0.9313371192565824,0.0,0.7170212764431869,0.7141318875480476,0.8864225302952047,0.9999999999627976,0.7206101190208106,0.9334077380605131,0.2858549273536254,0.0686279523563673,0.041859376906868695
0.10000000000000009,0.0,35570.64453125,368.225830078125,1.8666285572567396,0.0,0.9,0.7935267857142857,0.9122562674094707,0.0,0.7729729728336986,0.6871842985490211,0.7364742457570884,0.9999999999627976,0.534226190456316,0.9133184523469748,0.3329490142618174,0.06562640743270554,0.06407567952265943
0.20000000000000018,0.0,35927.1484375,371.134033203125,1.5010794124171942,0.0,0.9,0.8448660714285714,0.9745934959349594,0.0,0.9400479614052643,0.7367238171725099,0.8759887875022918,0.9999999999627976,0.3660714285578099,0.9393601190126727,0.23851912085876828,0.06162595787355091,-0.0014858275983539275
0.30000000000000004,0.0,36516.21484375,375.8846130371094,1.766178890405444,0.0,0.9,0.7514880952380952,0.9307228915662651,0.0,0.9655688621309029,0.6165491382135052,0.4845723127032763,0.9999999999627976,0.12351190475730983,0.874255952348428,0.39612101872804045,0.04843806808404512,0.04166750565576113
0.40000000000000013,0.0,37338.7578125,382.3530578613281,1.7372626450591953,0.0,0.9,0.7563244047619048,0.9565217391304348,0.0,0.9984732822903095,0.6135924895768845,0.5,0.9999999999627976,0.008556547618729296,0.8939732142524563,0.3961679371879411,0.06544850400142312,-0.06544850400142312
0.5,0.0,38393.1015625,390.38720703125,2.048174688594303,0.0,0.9,0.6510416666666666,0.0,0.0,0.9999999998933903,0.5169168822535453,0.0,0.9999999999627976,0.0,0.8601190475870492,0.5694974966058735,0.12194115851489855,-0.11197234582247835
0.6000000000000001,0.0,39676.296875,399.8219299316406,2.2902375944421673,0.0,0.9,0.45275297619047616,0.0,0.0,0.9999999999320189,0.2828274568272385,0.0,0.9999999999627976,0.0,0.8046874999700637,0.7340722033922168,0.0896952057148082,-0.06212950283996905
0.7000000000000002,0.0,41178.91015625,410.49163818359375,2.6344562762977337,0.0,0.9,0.27380952380952384,0.0,0.0,0.9999999999487704,0.14367000985088957,0.0,0.9999999999627976,0.0,0.6268601190242984,0.8722087058062108,0.0346507846679773,0.008007126244508746
0.8,0.0,42883.98828125,422.2386779785156,2.9916756195408976,0.0,0.9,0.11681547619047619,0.0,0.0,0.999999999957877,0.035823909995330284,0.0,0.9999999999627976,0.0,0.3478422618918214,0.9719731871801287,0.11141523322615464,0.11019185374750952
0.9000000000000001,0.0,44770.75,434.9190368652344,3.2497787568509238,0.0,0.9,0.08370535714285714,0.0,0.0,0.9999999999593991,0.022555068301113958,0.0,0.9999999999627976,0.0,0.2760416666563973,0.9963579762538312,0.1208009617817609,0.1208009617817609
1.0,0.0,46815.65234375,448.4046325683594,3.400658945660706,0.0,0.9,0.026785714285714284,0.0,0.0,0.9999999999617738,0.004843474543666317,0.0,0.9999999999627976,0.0,0.19270833332616413,0.9984458133487409,0.16050899541046657,0.16050899541046657
-1.0,0.10000000000000009,46892.7421875,448.9466552734375,2.6572573348764323,0.0,0.9,0.28422619047619047,0.0,0.0,0.9999999999480249,0.06442183028326301,0.0,0.9999999999627976,0.0,0.49627976188629913,0.8599999600531522,0.11397739466149977,0.09151448165970041
-0.9,0.10000000000000009,44853.05859375,435.50274658203125,2.6869673154070504,0.0,0.9,0.25558035714285715,0.0,0.0,0.999999999950025,0.04167287045329193,0.0,0.9999999999627976,0.0,0.5870535714067316,0.8875463632938931,0.17387002021887032,0.1727748272084616
-0.8,0.10000000000000009,42970.53515625,422.8664245605469,2.6117889024219987,0.0,0.9,0.28125,0.0,0.0,0.9999999999482401,0.06975139724490714,0.0,0.9999999999627976,0.0,0.6573660714041158,0.871896441743568,0.19679522842416372,0.19679522842416372
-0.7,0.10000000000000009,41268.56640625,411.1654357910156,2.4820376717417463,0.0,0.9,0.3880208333333333,0.0,0.0,0.9999999999392096,0.20835676867371788,0.0,0.9999999999627976,0.0,0.6990327380692325,0.7667699707314184,0.10507932527994449,0.10469865291887626
-0.6,0.10000000000000009,39769.48828125,400.54315185546875,2.353304951037409,0.0,0.9,0.5234375,1.0,0.0,0.9999999999219359,0.35412546278812573,1.0,0.9999999999627976,0.0044642857141196325,0.7131696428306112,0.6760017582486314,0.06896549832142813,0.05657444950555685
-0.5,0.10000000000000009,38489.01171875,391.1560363769531,2.021189165411971,0.0,0.9,0.6521577380952381,0.9444444444444444,0.0,0.9957219250271956,0.48995172959733657,0.7055555555555555,0.9999999999627976,0.026785714284717793,0.8430059523495906,0.51187638670777,0.049859140383605435,0.03616188945156116
-0.3999999999999999,0.10000000000000009,37437.4609375,383.1684265136719,2.021024287611649,0.0,0.9,0.6863839285714286,0.9230769230769231,0.0,0.9620403320329727,0.5199288343736406,0.369471375073018,0.9999999999627976,0.15476190475614726,0.8519345237778299,0.48184931175148893,0.08156156330082359,0.08003856203475535
-0.29999999999999993,0.10000000000000009,36618.3671875,376.7435302734375,1.8393220219074682,0.0,0.9,0.7161458333333334,0.8823529411764706,0.0,0.8820445608280414,0.5723953707296641,0.3960048835682958,0.9999999999627976,0.28459821427512655,0.8969494047285361,0.42473109186424285,0.07694189738190094,0.07612409215842537
-0.19999999999999996,0.10000000000000009,36033.03515625,372.0316467285156,1.7854877894896106,0.0,0.9,0.7872023809523809,0.8661800486618005,0.0,0.7115384614140667,0.650652065391882,0.5114490894866219,0.9999999999627976,0.45870535712579225,0.8954613094904963,0.346888527916573,0.05925736984355738,0.05925736984355738
-0.09999999999999998,0.10000000000000009,35682.3515625,369.1552734375,1.5053860594465354,0.0,0.9,0.8731398809523809,0.9476905954368392,0.0,0.7243401757406627,0.7848673220281167,0.8440930468730556,0.9999999999627976,0.6685267856894149,0.947544642821892,0.2115448283183381,0.04831632838672619,0.003233609653472573
0.0,0.10000000000000009,35567.27734375,368.1946716308594,1.691473702819827,0.0,0.9,0.8214285714285714,0.9259468626342566,0.0,0.7270833331818576,0.6870746950257958,0.8043782114061232,0.9999999999627976,0.6581101190231359,0.9133184523469748,0.2923700534541189,0.05911820541599845,0.04343277674058584
0.10000000000000009,0.10000000000000009,35688.54296875,369.17779541015625,1.4551719491802888,0.0,0.9,0.8649553571428571,0.9512591389114541,0.0,0.8347107435717049,0.7762010879875265,0.7772102160980227,0.9999999999627976,0.4579613095067723,0.9434523809172823,0.2208118545836696,0.0343004361073284,0.0012610733172364746
0.20000000000000018,0.10000000000000009,36045.2265625,372.07611083984375,1.7025372487357917,0.0,0.9,0.7976190476190477,0.9262536873156342,0.0,0.9080882351271897,0.6760300568140712,0.4339001114180932,0.9999999999627976,0.25223214284775924,0.8973214285380461,0.3286470175474912,0.04167784074922814,0.038323804653453065
0.30000000000000004,0.10000000000000009,36635.9140625,376.8086853027344,1.5956189580233262,0.0,0.9,0.8084077380952381,0.953416149068323,0.0,0.9708737862192479,0.6888876375339146,0.47471063699133875,0.9999999999627976,0.11979166666221014,0.9255952380608038,0.2966951395676674,0.05169535601141167,-0.02707020014363907
0.40000000000000013,0.10000000000000009,37458.99609375,383.25262451171875,1.7212254903320228,0.0,0.9,0.7611607142857143,0.9333333333333333,0.0,0.9984423674457256,0.6481404980438588,0.9285714285714286,0.9999999999627976,0.005580357142649541,0.9036458332997156,0.38297058933292927,0.08918518117500222,-0.08786356950622574
0.5,0.10000000000000009,38514.76171875,391.2574157714844,1.903404722336668,0.0,0.9,0.7176339285714286,0.0,0.0,0.9999999998682477,0.6021120220311881,0.0,0.9999999999627976,0.0,0.9017857142521658,0.5028462176656849,0.2154332543466648,-0.1985566877860954
0.6000000000000001,0.10000000000000009,39797.52734375,400.65985107421875,2.25609978922051,0.0,0.9,0.4654017857142857,0.0,0.0,0.9999999999304106,0.30244111540870167,0.0,0.9999999999627976,0.0,0.8180803571124227,0.737630094103525,0.10875052070819033,-0.10255799741874702
0.7000000000000002,0.10000000000000009,41298.0546875,411.2955322265625,2.664222358990534,0.0,0.9,0.24107142857142858,0.0,0.0,0.9999999999509803,0.09909674682495717,0.0,0.9999999999627976,0.0,0.595610119025461,0.8851794512866507,0.035553432847724505,0.022282429558190594
0.8,0.10000000000000009,43001.203125,423.00823974609375,3.011246197206587,0.0,0.9,0.11272321428571429,0.0,0.0,0.9999999999580713,0.03743345553586132,0.0,0.9999999999627976,0.0,0.3861607142713482,0.9658483520626339,0.10563746208423425,0.10537630411486791
0.9000000000000001,0.10000000000000009,44884.7734375,435.65460205078125,3.2754995006956142,0.0,0.9,0.04389880952380952,0.0,0.0,0.9999999999610896,0.01591937715308129,0.0,0.9999999999627976,0.0,0.3098958333218045,0.992699178132875,0.1540933918227889,0.1540933918227889
1.0,0.10000000000000009,46924.98046875,449.1072998046875,3.4080817050624286,0.0,0.9,0.04724702380952381,0.0,0.0,0.9999999999609528,0.018147487955441195,0.0,0.9999999999627976,0.0,0.28236607141806674,0.9952148019485954,0.13132784063446867,0.13132784063446867
-1.0,0.20000000000000018,47202.8046875,450.9667053222656,2.6638457030495126,0.0,0.9,0.26525297619047616,0.0,0.0,0.9999999999493671,0.05723759102105232,0.0,0.9999999999627976,0.0,0.5256696428375868,0.881516642742054,0.11874687288908845,0.11530583077524625
-0.9,0.20000000000000018,45174.8359375,437.6278076171875,2.5918625417941756,0.0,0.9,0.27529761904761907,0.0,0.0,0.9999999999486653,0.05481601307321507,0.0,0.9999999999627976,0.0,0.6290922618813583,0.8696564568682087,0.17125205067474095,0.16494875315959925
-0.8,0.20000000000000018,43302.90234375,425.10040283203125,2.6033351586437345,0.0,0.9,0.29129464285714285,0.0,0.0,0.9999999999475065,0.08636012681401409,0.0,0.9999999999627976,0.0,0.6573660714041158,0.8601964986160531,0.21018784122112089,0.21018784122112089
-0.7,0.20000000000000018,41609.50390625,413.51068115234375,2.460558402924123,0.0,0.9,0.35900297619047616,0.0,0.0,0.9999999999419616,0.18514200423933133,0.0,0.9999999999627976,0.0,0.6904761904505031,0.7862550393423033,0.1495319009216058,0.1495319009216058
-0.6,0.20000000000000018,40116.046875,402.99932861328125,2.3543533882215626,0.0,0.9,0.5215773809523809,1.0,0.0,0.9999999999222394,0.36015877809951913,1.0,0.9999999999627976,0.0003720238095099694,0.7284226190205201,0.6785854146495214,0.08108239156872404,0.057682384079387146
-0.5,0.20000000000000018,38838.78125,393.7196044921875,2.185036180039414,0.0,0.9,0.5933779761904762,0.803921568627451,0.0,0.9908508690767748,0.42833892662284845,0.33621794871794874,0.9999999999627976,0.01897321428500844,0.7764136904473061,0.6019755259106958,0.08977386963659748,0.08008255415975449
-0.3999999999999999,0.20000000000000018,37789.91015625,385.8310852050781,2.0421783279433043,0.0,0.9,0.6655505952380952,0.8404255319148937,0.0,0.9499443825417192,0.48888220204457145,0.27924248260087514,0.9999999999627976,0.10491071428181137,0.8270089285406619,0.5330496716947132,0.10663048093131952,0.08770051207673225
-0.29999999999999993,0.20000000000000018,36973.0390625,379.4921569824219,2.0378203017102887,0.0,0.9,0.6878720238095238,0.8949416342412452,0.0,0.9356376637740599,0.5285554905667074,0.3672219505757639,0.9999999999627976,0.19122023808812424,0.8824404761576473,0.4730455347075065,0.09647443945276346,0.09524092989001111
-0.19999999999999996,0.20000000000000018,36388.796875,374.84783935546875,1.8669257389190912,0.0,0.9,0.7648809523809523,0.8978388998035364,0.0,0.8354430378424932,0.6247921817269242,0.5355396191304651,0.9999999999627976,0.3787202380811488,0.9103422618708951,0.36905289179189976,0.05172814701227721,0.049859751732043156
-0.09999999999999998,0.20000000000000018,36037.8515625,372.01556396484375,1.6802575690136006,0.0,0.9,0.8076636904761905,0.9241429613420861,0.0,0.7988394582594122,0.6917244046331299,0.6788512183343611,0.9999999999627976,0.510044642838168,0.9322916666319833,0.3036368077478613,0.04268389737749298,0.03382045176092441
0.0,0.20000000000000018,35923.14453125,371.0727233886719,1.741161088260606,0.0,0.9,0.8221726190476191,0.9284082254379284,0.0,0.8033472801666637,0.7028979756973694,0.6281513233642138,0.9999999999627976,0.4884672618865898,0.924107142822764,0.2845501218217488,0.036577892143498957,0.02311738366126955
0.10000000000000009,0.20000000000000018,36043.83984375,372.0456237792969,1.5063057619515463,0.0,0.9,0.8452380952380952,0.9700910273081924,0.0,0.9447115382344443,0.735863054456686,0.5839910583421339,0.9999999999627976,0.28608630951316644,0.9378720237746327,0.24633419283972505,0.04879862273504709,-0.00371647972218965
0.20000000000000018,0.20000000000000018,36400.265625,374.906982421875,1.6765993069852152,0.0,0.9,0.8169642857142857,0.9493927125506073,0.0,0.9491869916769945,0.7112953737451597,0.5056176803048489,0.9999999999627976,0.18377976189792486,0.922619047584724,0.2968869252727782,0.022926248705848508,-0.0045632205729339
0.30000000000000004,0.20000000000000018,36990.8671875,379.5790100097656,1.5803761018863305,0.0,0.9,0.8024553571428571,0.96,0.0,0.9811676081014751,0.6992824476517975,0.7981818181818182,0.9999999999627976,0.09300595237749235,0.935267857108063,0.3121151693718602,0.06301478060226964,-0.05327663715908538
0.40000000000000013,0.20000000000000018,37814.01953125,385.9433288574219,1.8975582262113344,0.0,0.9,0.7046130952380952,0.8421052631578947,0.0,0.9924433248120349,0.5863955937741818,0.3586206896551724,0.9999999999627976,0.014136904761378835,0.8604910713965591,0.4810000459865313,0.1286267175390183,-0.07405194700980307
0.5,0.20000000000000018,38868.74609375,393.8549499511719,2.038821002669882,0.0,0.9,0.5963541666666666,0.0,0.0,0.9999999999078341,0.41299071227688056,0.0,0.9999999999627976,0.0,0.8552827380634196,0.6236579476525705,0.16017042609187343,-0.12430186726619853
0.6000000000000001,0.20000000000000018,40149.50390625,403.1552734375,2.3797703186776067,0.0,0.9,0.4025297619047619,0.0,0.0,0.9999999999377335,0.2379330685016675,0.0,0.9999999999627976,0.0,0.7704613094951466,0.7964686236459861,0.0822473182578751,-0.06609643690990058
0.7000000000000002,0.20000000000000018,41645.4375,413.68463134765625,2.692065181453262,0.0,0.9,0.27641369047619047,0.0,0.0,0.9999999999485861,0.1417458059831292,0.0,0.9999999999627976,0.0,0.5963541666444809,0.8912766216386421,0.07307704353417563,-0.028672209709521404
0.8,0.20000000000000018,43340.47265625,425.2902526855469,3.026093816364176,0.0,0.9,0.09375,0.0,0.0,0.9999999999589492,0.03278778305085456,0.0,0.9999999999627976,0.0,0.4069940476039065,0.9599662802036618,0.1160622192397677,0.11343229144687852
0.9000000000000001,0.20000000000000018,45213.38671875,437.83135986328125,3.2493024362674428,0.0,0.9,0.06212797619047619,0.0,0.0,0.9999999999603333,0.021709686677514498,0.0,0.9999999999627976,0.0,0.35267857141545095,0.9845054830710857,0.1277154646844253,0.12683069382379342
1.0,0.20000000000000018,47242.78515625,451.1820983886719,3.398761979593867,0.0,0.9,0.057291666666666664,0.0,0.0,0.9999999999605368,0.01873752607907305,0.0,0.9999999999627976,0.0,0.2927827380843459,0.9911846754727596,0.11711802251899023,0.11711802251899023
-1.0,0.30000000000000004,47719.41015625,454.3309326171875,2.631807900020848,0.0,0.9,0.24925595238095238,0.0,0.0,0.999999999950446,0.04385221898002337,0.0,0.9999999999627976,0.0,0.6041666666441903,0.8630189697759743,0.12852645690184356,0.11561966255124267
-0.9,0.30000000000000004,45710.984375,441.1612548828125,2.618749266020553,0.0,0.9,0.2779017857142857,0.0,0.0,0.9999999999484801,0.060513739982640494,0.0,0.9999999999627976,0.0,0.6398809523571474,0.871676829308853,0.17130507162084382,0.1660748996059595
-0.8,0.30000000000000004,43856.21875,428.8089599609375,2.5498224719963014,0.0,0.9,0.27380952380952384,0.0,0.0,0.9999999999487704,0.05620246537868634,0.0,0.9999999999627976,0.0,0.6532738094995062,0.8678686675418488,0.22912796603424102,0.22842986030086748
-0.7,0.30000000000000004,42176.6015625,417.3973388671875,2.502160594295989,0.0,0.9,0.3162202380952381,0.0,0.0,0.999999999945593,0.11785118147400948,0.0,0.9999999999627976,0.0,0.6848958333078536,0.8166072746518219,0.21037673780894348,0.21037673780894348
-0.6,0.30000000000000004,40692.94140625,407.062744140625,2.4571036467632568,0.0,0.9,0.4296875,0.0,0.0,0.9999999999347684,0.2560245526645976,0.0,0.9999999999627976,0.0,0.7131696428306112,0.7507215097606381,0.1345277532908383,0.12932185679644584
-0.5,0.30000000000000004,39422.33984375,397.9527893066406,2.4486810166094912,0.0,0.9,0.5252976190476191,0.6428571428571429,0.0,0.9960815046241315,0.35532707460334945,0.375,0.9999999999627976,0.005208333333139571,0.7485119047340584,0.6971460429719413,0.12359360309893441,0.11929082572801897
-0.3999999999999999,0.30000000000000004,38376.63671875,390.2206115722656,2.2401024560725853,0.0,0.9,0.6525297619047619,0.8,0.0,0.9753747322296173,0.482982912269219,0.32589285714285715,0.9999999999627976,0.04278273809364648,0.8251488094931121,0.5406036258723759,0.09787212874438155,0.062419653494601886
-0.29999999999999993,0.30000000000000004,37562.09765625,384.0162353515625,1.927011882644339,0.0,0.9,0.7034970238095238,0.8788732394366198,0.0,0.946047678676782,0.5257327380188959,0.35072038129749944,0.9999999999627976,0.13206845237603912,0.8932291666334364,0.4626791168342113,0.07018385771775897,0.064187937046162
-0.19999999999999996,0.30000000000000004,36979.08203125,379.4767150878906,1.7132613717454166,0.0,0.9,0.8039434523809523,0.9509116409537167,0.0,0.9335863375837598,0.6731661610448734,0.5950012094569824,0.9999999999627976,0.26525297618060817,0.9423363094887525,0.3042596366703924,0.03538138875972771,-0.005601140003023531
-0.09999999999999998,0.30000000000000004,36629.50390625,376.7121276855469,1.5487093718303055,0.0,0.9,0.8329613095238095,0.9518900343642611,0.0,0.9064587971255103,0.7286180527289414,0.5926096262274367,0.9999999999627976,0.32477678570220325,0.9494047618694419,0.27256523647627523,0.020676727713906034,-0.02049130525847307
0.0,0.30000000000000004,36514.5234375,375.794677734375,1.531705297785465,0.0,0.9,0.8415178571428571,0.9567039106145251,0.0,0.9272300467306971,0.7467314657237334,0.49443086716022083,0.9999999999627976,0.26636904760913804,0.9371279761556128,0.2547003818575777,0.03199364837731616,-0.009019297909779445
0.10000000000000009,0.30000000000000004,36635.31640625,376.7490539550781,1.698019801365755,0.0,0.9,0.7938988095238095,0.9423076923076923,0.0,0.9512635377344291,0.6877616631758346,0.7292051814123122,0.9999999999627976,0.17410714285066567,0.9367559523461029,0.32031123915474835,0.02883872113568549,-0.00600758640366199
0.20000000000000018,0.30000000000000004,36991.30859375,379.54962158203125,1.7331225390835927,0.0,0.9,0.7730654761904762,0.8757961783439491,0.0,0.9360655736170385,0.6659290928969478,0.3028681265371511,0.9999999999627976,0.11681547618613038,0.9051339285377555,0.3640172923099005,0.025042190843400106,-0.005503076342515336
0.30000000000000004,0.30000000000000004,37579.78125,384.12335205078125,1.7881749669709945,0.0,0.9,0.7410714285714286,0.9090909090909091,0.0,0.9741379308945205,0.6491599265254036,0.22254990925589835,0.9999999999627976,0.07366071428297394,0.9058779761567755,0.41659858583426074,0.06964577091018154,-0.04903995914807819
0.40000000000000013,0.30000000000000004,38401.4375,390.3591613769531,1.886484609948743,0.0,0.9,0.7001488095238095,0.8636363636363636,0.0,0.9962779155091467,0.5500171559310544,0.4318181818181818,0.9999999999627976,0.008184523809219326,0.9021577380616758,0.4871996961737776,0.148251329740367,-0.14057865340940437
0.5,0.30000000000000004,39454.02734375,398.1201477050781,1.984033131416844,0.0,0.9,0.6112351190476191,0.0,0.0,0.9999999999043061,0.41993678349312313,0.0,0.9999999999627976,0.0,0.8787202380625476,0.6300402947064956,0.19912529714256735,-0.19813694052389305
0.6000000000000001,0.30000000000000004,40730.3828125,407.2557678222656,2.394253293649227,0.0,0.9,0.3939732142857143,0.0,0.0,0.9999999999386125,0.2281652482036385,0.0,0.9999999999627976,0.0,0.7678571428285768,0.7977399311562383,0.09232669599252234,-0.08884218427032912
0.7000000000000002,0.30000000000000004,42217.5546875,417.6130676269531,2.7864741701811155,0.0,0.9,0.2496279761904762,0.0,0.0,0.9999999999504213,0.115486286250075,0.0,0.9999999999627976,0.0,0.5159970237903275,0.9088887531232649,0.07984158451442241,-0.016447692815234106
0.8,0.30000000000000004,43898.5625,429.0445861816406,3.0457010934610613,0.0,0.9,0.13058035714285715,0.0,0.0,0.9999999999572101,0.06518426273429619,0.0,0.9999999999627976,0.0,0.4122023809370461,0.9554137982186082,0.06594913831860466,0.06192321976699149
0.9000000000000001,0.30000000000000004,45755.41796875,441.4142150878906,3.2448825531857217,0.0,0.9,0.06956845238095238,0.0,0.0,0.9999999999600161,0.02558492268449982,0.0,0.9999999999627976,0.0,0.3571428571295706,0.9779499473562533,0.11197057692647205,0.11197057692647205
1.0,0.30000000000000004,47766.67578125,454.59893798828125,3.407012176349024,0.0,0.9,0.07291666666666667,0.0,0.0,0.9999999999598717,0.025144498267934946,0.0,0.9999999999627976,0.0,0.27492559522786736,0.98939554750763,0.10259075549697028,0.10259075549697028
-1.0,0.40000000000000013,48438.953125,458.9919738769531,2.5999693581575087,0.0,0.9,0.23549107142857142,0.0,0.0,0.9999999999513383,0.035481093456250376,0.0,0.9999999999627976,0.0,0.6376488095000875,0.8641274548183315,0.12011493047171046,0.09492852535678004
-0.9,0.40000000000000013,46456.38671875,446.04888916015625,2.631301493283409,0.0,0.9,0.2689732142857143,0.0,0.0,0.9999999999491094,0.05773560176695869,0.0,0.9999999999627976,0.0,0.6685267856894149,0.8755357167611991,0.16663587398505564,0.1458155015102321
-0.8,0.40000000000000013,44624.74609375,433.9295959472656,2.6367306816809233,0.0,0.9,0.2615327380952381,0.0,0.0,0.9999999999496221,0.04235626999053169,0.0,0.9999999999627976,0.0,0.6365327380715576,0.8815590630399748,0.22716785441057608,0.22606043223894828
-0.7,0.40000000000000013,42964.6640625,422.7537536621094,2.6067201461488994,0.0,0.9,0.28720238095238093,0.0,0.0,0.9999999999478079,0.06682984784042631,0.0,0.9999999999627976,0.0,0.6599702380706857,0.8603988622816925,0.2501466510990003,0.2487816232934133
-0.6,0.40000000000000013,41495.51171875,412.6519775390625,2.5632816634001148,0.0,0.9,0.34598214285714285,0.0,0.0,0.9999999999431172,0.15709982045296572,0.0,0.9999999999627976,0.0,0.6860119047363835,0.8270670421070839,0.21051001546944545,0.21051001546944545
-0.5,0.40000000000000013,40234.9453125,403.76470947265625,2.3950883121457958,0.0,0.9,0.45610119047619047,0.0,0.0,0.9999999999316005,0.27600006581871667,0.0,0.9999999999627976,0.0,0.7518601190196481,0.7461535440911842,0.14190473751481553,0.1416696807971657
-0.3999999999999999,0.40000000000000013,39194.78515625,396.23583984375,2.1187711392772934,0.0,0.9,0.6023065476190477,0.6666666666666666,0.0,0.9859681944821357,0.4201043868155591,0.10066833751044278,0.9999999999627976,0.01674107142794862,0.8028273809225139,0.6196467427269722,0.13218094916265163,0.07050587995369834
-0.29999999999999993,0.40000000000000013,38383.21484375,390.20587158203125,2.115554174427034,0.0,0.9,0.6264880952380952,0.6981132075471698,0.0,0.9681274899434136,0.4366018264661279,0.13910031225604996,0.9999999999627976,0.03943452380805675,0.8314732142547816,0.5761257386808002,0.1054292509383017,0.09322831949896153
-0.19999999999999996,0.40000000000000013,37803.1171875,385.80096435546875,1.8869631387423917,0.0,0.9,0.7265625,0.8487394957983193,0.0,0.9510204080338748,0.5462577841322541,0.3164939597520925,0.9999999999627976,0.08854166666337271,0.9073660713948153,0.4338917240300828,0.07431013374400383,0.01863835060403625
-0.09999999999999998,0.40000000000000013,37455.15234375,383.1226806640625,1.7221591034257646,0.0,0.9,0.7678571428571429,0.8835227272727273,0.0,0.9342948716451451,0.6218487152427474,0.3681955211024978,0.9999999999627976,0.13095238094750922,0.9281994047273736,0.35728321395166857,0.024799445482453095,-0.008557937065686637
0.0,0.40000000000000013,37340.8671875,382.2368469238281,1.7549094771427065,0.0,0.9,0.7481398809523809,0.8524590163934426,0.0,0.9468242243800851,0.6302839089928018,0.3838617772918422,0.9999999999627976,0.09077380952043253,0.897693452347556,0.401211935761074,0.03147682946409914,-0.002465337383628559
0.10000000000000009,0.40000000000000013,37461.28515625,383.1658630371094,1.6614451099187952,0.0,0.9,0.7715773809523809,0.8529411764705882,0.0,0.9592833874659148,0.6700068615846857,0.4676638176638177,0.9999999999627976,0.06324404761669479,0.9267113094893337,0.37070254251502743,0.046837943136816475,-0.03764557330691237
0.20000000000000018,0.40000000000000013,37815.21484375,385.8863525390625,1.69168325572046,0.0,0.9,0.7615327380952381,0.9318181818181818,0.0,0.976599063810203,0.6663430487449149,0.6253443526170799,0.9999999999627976,0.08184523809219327,0.9281994047273736,0.38424588302472346,0.08649348071509202,-0.0752635097972672
0.30000000000000004,0.40000000000000013,38401.94921875,390.331298828125,1.7393554350901868,0.0,0.9,0.7377232142857143,0.9571428571428572,0.0,0.9957446807098235,0.6142376722029945,0.6466666666666666,0.9999999999627976,0.026041666665697856,0.9192708332991343,0.44097338017761084,0.15092769300540979,-0.13394586748197582
0.40000000000000013,0.40000000000000013,39220.66796875,396.3985900878906,2.058156076707992,0.0,0.9,0.5904017857142857,0.8181818181818182,0.0,0.9981834694824537,0.3976970811975679,0.4090909090909091,0.9999999999627976,0.004092261904609663,0.8604910713965591,0.6192655751469218,0.13375854431580883,-0.10099247251178549
0.5,0.40000000000000013,40267.6484375,403.9613952636719,2.155598050616336,0.0,0.9,0.49813988095238093,0.0,0.0,0.999999999925871,0.29676953380963667,0.0,0.9999999999627976,0.0,0.8359374999689012,0.7036097926770055,0.13555364806845227,-0.13258518815724257
0.6000000000000001,0.40000000000000013,41534.671875,412.87939453125,2.574237533525549,0.0,0.9,0.3307291666666667,0.0,0.0,0.9999999999444135,0.1257452758446926,0.0,0.9999999999627976,0.0,0.6536458333090162,0.8443145365155071,0.05556885614710834,-0.049386191873458093
0.7000000000000002,0.40000000000000013,43008.11328125,423.0084228515625,2.8350429467411087,0.0,0.9,0.23995535714285715,0.0,0.0,0.9999999999510524,0.07872692516178896,0.0,0.9999999999627976,0.0,0.5189732142664073,0.909370204526494,0.024926778946027576,-0.02280503568270647
0.8,0.40000000000000013,44671.63671875,434.2084045410156,3.071346122377169,0.0,0.9,0.12351190476190477,0.0,0.0,0.9999999999575553,0.04009929867446149,0.0,0.9999999999627976,0.0,0.4122023809370461,0.9534534377971918,0.0660782109545799,0.06561984234119575
0.9000000000000001,0.40000000000000013,46505.89453125,446.3486022949219,3.256609222060607,0.0,0.9,0.1134672619047619,0.0,0.0,0.9999999999580361,0.03176783417924356,0.0,0.9999999999627976,0.0,0.32477678570220325,0.9740894644610033,0.07144624937722271,0.07144624937722271
1.0,0.40000000000000013,48491.375,459.31011962890625,3.415443667726625,0.0,0.9,0.10863095238095238,0.0,0.0,0.9999999999582638,0.024975410730976214,0.0,0.9999999999627976,0.0,0.303571428560135,0.9882691005549457,0.07556341316225038,0.07556341316225038
-1.0,0.5,49352.23046875,464.88836669921875,2.602674847037219,0.0,0.9,0.23065476190476192,0.0,0.0,0.9999999999516441,0.033875211897056556,0.0,0.9999999999627976,0.0,0.6276041666433183,0.8620176315700051,0.12722781968469182,0.05302154895750967
-0.9,0.5,47400.82421875,452.2200012207031,2.6438070983608957,0.0,0.9,0.2693452380952381,0.0,0.0,0.9999999999490835,0.05704462074677842,0.0,0.9999999999627976,0.0,0.6625744047372555,0.8760989598235346,0.11457355510446428,0.10124671453302353
-0.8,0.5,45598.94921875,440.3818054199219,2.654415896317262,0.0,0.9,0.2578125,0.0,0.0,0.9999999999498747,0.03578802281497437,0.0,0.9999999999627976,0.0,0.6145833333104694,0.8909409904332766,0.19464119476396008,0.19464119476396008
-0.7,0.5,43964.40625,429.4884948730469,2.6325120409093836,0.0,0.9,0.27232142857142855,0.0,0.0,0.9999999999488752,0.0489671725722147,0.0,0.9999999999627976,0.0,0.6447172618807769,0.880373833063249,0.2440801626785737,0.24350158448684467
-0.6,0.5,42515.890625,419.66400146484375,2.5646741215631943,0.0,0.9,0.31287202380952384,0.0,0.0,0.9999999999458581,0.1163018100372345,0.0,0.9999999999627976,0.0,0.6648065475943152,0.8622872972114494,0.2243197040859839,0.2243197040859839
-0.5,0.5,41270.22265625,411.0402526855469,2.425498451407025,0.0,0.9,0.4095982142857143,0.0,0.0,0.999999999936988,0.23441686278756368,0.0,0.9999999999627976,0.0,0.7325148809251297,0.7848429764255651,0.14908828970045657,0.14908828970045657
-0.3999999999999999,0.5,40239.84765625,403.7508239746094,2.1443361759219863,0.0,0.9,0.5193452380952381,0.0,0.0,0.9999999999226006,0.3337099930393028,0.0,0.9999999999627976,0.0,0.7994791666369242,0.68279964940279,0.1045403850421657,0.093104943929257
-0.29999999999999993,0.5,39433.0234375,397.92437744140625,1.994007009345309,0.0,0.9,0.5844494047619048,0.7894736842105263,0.0,0.9928379587293789,0.3889837441411868,0.3506493506493506,0.9999999999627976,0.014136904761378835,0.8433779761591006,0.5994159186183264,0.0941177198744261,0.06704792640540448
-0.19999999999999996,0.5,38856.28515625,393.67596435546875,1.9194310942997945,0.0,0.9,0.6402529761904762,0.8210526315789474,0.0,0.9824198551207426,0.44199329993102393,0.2709997579278625,0.9999999999627976,0.03534226190344709,0.8642113094916588,0.5422480908592847,0.08420736310405212,0.023791816349675903
-0.09999999999999998,0.5,38510.984375,391.0973815917969,1.8359885030129444,0.0,0.9,0.6897321428571429,0.8878504672897196,0.0,0.9856115106731881,0.5090007795219331,0.4502900490852298,0.9999999999627976,0.039806547617566725,0.8954613094904963,0.4769452714949165,0.05307016524552564,-0.018401771424382218
0.0,0.5,38398.41796875,390.2473449707031,1.6925024094474488,0.0,0.9,0.7347470238095238,0.8987341772151899,0.0,0.9887798035078851,0.5826480694029033,0.47435897435897434,0.9999999999627976,0.02938988095128758,0.9222470237752141,0.41821069901794977,0.07950843361550138,-0.07413648813248548
0.10000000000000009,0.5,38518.90625,391.1460876464844,1.8495651354349008,0.0,0.9,0.6688988095238095,0.8615384615384616,0.0,0.9898876403382149,0.5150556637295318,0.2153846153846154,0.9999999999627976,0.02418154761814801,0.887648809490787,0.5072410055201011,0.0789077557044228,-0.042927045923049724
0.20000000000000018,0.5,38871.453125,393.77227783203125,1.8495183855252932,0.0,0.9,0.6603422619047619,0.918918918918919,0.0,0.9967141291350806,0.5088846940813502,0.30630630630630634,0.9999999999627976,0.013764880951868867,0.8928571428239265,0.523016282830417,0.10191998539937049,-0.09141725864683113
0.30000000000000004,0.5,39455.71875,398.066162109375,1.9719673632036898,0.0,0.9,0.6008184523809523,0.8461538461538461,0.0,0.9981360670085614,0.41527807344756384,0.28205128205128205,0.9999999999627976,0.004836309523629602,0.8716517856818582,0.6130479909849891,0.12965006897721304,-0.10085461699666783
0.40000000000000013,0.5,40268.953125,403.93511962890625,2.2906754274551133,0.0,0.9,0.4445684523809524,1.0,0.0,0.9999999999330207,0.24878521528211653,1.0,0.9999999999627976,0.0003720238095099694,0.7715773809236764,0.7474285293164623,0.06093655615686265,-0.03383050751777635
0.5,0.5,41305.6796875,411.2638244628906,2.419184082947008,0.0,0.9,0.36532738095238093,0.0,0.0,0.9999999999413833,0.18663509324339375,0.0,0.9999999999627976,0.0,0.7094494047355115,0.810649386497835,0.07074167814391347,-0.06279382318364421
0.6000000000000001,0.5,42557.49609375,419.9228820800781,2.700433934684912,0.0,0.9,0.28422619047619047,0.0,0.0,0.9999999999480249,0.10083997844826753,0.0,0.9999999999627976,0.0,0.5915178571208513,0.882543299093477,0.05090595833750316,-0.0453788745642315
0.7000000000000002,0.5,44010.38671875,429.77880859375,2.899879777906635,0.0,0.9,0.22916666666666666,0.0,0.0,0.9999999999517375,0.07450077090242774,0.0,0.9999999999627976,0.0,0.5104166666476779,0.9193990319426263,0.03296970731210944,-0.0310421136954841
0.8,0.5,45649.46875,440.70025634765625,3.100462213581925,0.0,0.9,0.14992559523809523,0.0,0.0,0.9999999999562363,0.03993310813996856,0.0,0.9999999999627976,0.0,0.4348958333171542,0.9530417634920101,0.04474208511179727,0.04474208511179727
0.9000000000000001,0.5,47455.7890625,452.5632019042969,3.2806978828792093,0.0,0.9,0.14136904761904762,0.0,0.0,0.9999999999566725,0.03025281014686152,0.0,0.9999999999627976,0.0,0.3749999999860491,0.9733812465777073,0.05685593345760437,0.05685593345760437
1.0,0.5,49410.0859375,465.2532653808594,3.420869359318321,0.0,0.9,0.12872023809523808,0.0,0.0,0.9999999999573015,0.025303508294182726,0.0,0.9999999999627976,0.0,0.3303571428448528,0.98932163126258,0.08959814657308467,0.07249898284320726
-1.0,0.6000000000000001,50448.19140625,471.9471435546875,2.676467491770972,0.0,0.9,0.19642857142857142,0.0,0.0,0.9999999999537038,0.03392683490827506,0.0,0.9999999999627976,0.0,0.5904017856923214,0.8894692654978973,0.0628653326369943,0.043809162121012386
-0.9,0.6000000000000001,48534.45703125,459.5919189453125,2.6855984464916633,0.0,0.9,0.25744047619047616,0.0,0.0,0.9999999999498997,0.05501201030206651,0.0,0.9999999999627976,0.0,0.6209077380721388,0.8851134993789788,0.07336689415972908,0.05353883477413629
-0.8,0.6000000000000001,46768.26953125,448.0723571777344,2.7266462806086404,0.0,0.9,0.2533482142857143,0.0,0.0,0.9999999999501743,0.03382304064545627,0.0,0.9999999999627976,0.0,0.6290922618813583,0.8977703056007486,0.14021790081481791,0.14021790081481791
-0.7,0.6000000000000001,45166.05078125,437.49700927734375,2.731114301536694,0.0,0.9,0.2604166666666667,0.0,0.0,0.9999999999496981,0.04141868647095035,0.0,0.9999999999627976,0.0,0.6179315475960592,0.8995005946906726,0.19954199451239057,0.19954199451239057
-0.6,0.6000000000000001,43743.953125,427.9825439453125,2.70751983701833,0.0,0.9,0.27120535714285715,0.0,0.0,0.9999999999489535,0.07377580543595694,0.0,0.9999999999627976,0.0,0.619791666643609,0.9019695816448577,0.2256594416422552,0.2256594416422552
-0.5,0.6000000000000001,42519.03125,419.651123046875,2.5279930911727337,0.0,0.9,0.33742559523809523,0.0,0.0,0.9999999999438517,0.15063136972321745,0.0,0.9999999999627976,0.0,0.7068452380689418,0.838684941514205,0.16610238901620272,0.16610238901620272
-0.3999999999999999,0.6000000000000001,41503.50390625,412.6252136230469,2.369093506145081,0.0,0.9,0.4166666666666667,0.0,0.0,0.9999999999362245,0.21444484320580953,0.0,0.9999999999627976,0.0,0.7496279761625882,0.7769282967369613,0.11949084929936789,0.11920434612088042
-0.29999999999999993,0.6000000000000001,40705.8046875,407.0215759277344,2.177822025540643,0.0,0.9,0.5003720238095238,0.0,0.0,0.9999999999255398,0.292529669204571,0.0,0.9999999999627976,0.0,0.8210565475885024,0.6600921787195895,0.09437589296544943,0.06140909286667329
-0.19999999999999996,0.6000000000000001,40134.4375,402.94366455078125,1.9843622966476742,0.0,0.9,0.5840773809523809,0.0,0.0,0.9999999999105544,0.3658570859974192,0.0,0.9999999999627976,0.0,0.8735119047294081,0.5802231690902723,0.043232543718859234,-0.010698797651831913
-0.09999999999999998,0.6000000000000001,39792.65625,400.4728088378906,1.9954774474134678,0.0,0.9,0.6008184523809523,1.0,0.0,0.9999999999068033,0.3782165220397403,1.0,0.9999999999627976,0.0018601190475498468,0.8578869047299894,0.5783214866305071,0.06120091352369293,-0.03222312842993898
0.0,0.6000000000000001,39681.8671875,399.66119384765625,2.163523030238791,0.0,0.9,0.5059523809523809,1.0,0.0,0.9999999999246988,0.3068834523559043,1.0,0.9999999999627976,0.0014880952380398776,0.8031994047320239,0.6735388411152723,0.055792952791782036,0.022927672878421096
0.10000000000000009,0.6000000000000001,39801.76953125,400.5262756347656,1.9703395121073706,0.0,0.9,0.6052827380952381,1.0,0.0,0.9999999999057492,0.38764245799833014,1.0,0.9999999999627976,0.0003720238095099694,0.874255952348428,0.5784389090405629,0.10874759038247311,-0.10697456620143475
0.20000000000000018,0.6000000000000001,40153.015625,403.0496520996094,2.011565322854907,0.0,0.9,0.5543154761904762,0.0,0.0,0.9999999999165274,0.335226648786661,0.0,0.9999999999627976,0.0,0.8753720237769579,0.6205386829787909,0.1111166074078356,-0.1111166074078356
0.30000000000000004,0.6000000000000001,40732.0859375,407.17791748046875,2.1421840168266235,0.0,0.9,0.4966517857142857,0.0,0.0,0.9999999999260901,0.28266872494396933,0.0,0.9999999999627976,0.0,0.8180803571124227,0.7094693460121121,0.11866484388341038,-0.11866484388341038
0.40000000000000013,0.6000000000000001,41535.86328125,412.8287048339844,2.4237287440947943,0.0,0.9,0.35379464285714285,0.0,0.0,0.9999999999424294,0.17646555485465432,0.0,0.9999999999627976,0.0,0.6901041666409932,0.7942704987105533,0.07156047875276428,-0.04068145666212035
0.5,0.6000000000000001,42558.34375,419.8982238769531,2.633196710947339,0.0,0.9,0.30431547619047616,0.0,0.0,0.999999999946524,0.13380130058497394,0.0,0.9999999999627976,0.0,0.5755208333119226,0.86115421766108,0.07678920596889426,-0.051300929634406016
0.6000000000000001,0.6000000000000001,43789.453125,428.2694396972656,2.8169617018159268,0.0,0.9,0.26413690476190477,0.0,0.0,0.9999999999494439,0.09094709699472733,0.0,0.9999999999627976,0.0,0.509672619028658,0.9065716247291429,0.05818120766530961,-0.05818120766530961
0.7000000000000002,0.6000000000000001,45216.56640625,437.8198547363281,2.97658444445207,0.0,0.9,0.20200892857142858,0.0,0.0,0.9999999999533801,0.0534651573495768,0.0,0.9999999999627976,0.0,0.47209821426815113,0.9300407872421775,0.02885900277997667,-0.005111440854788853
0.8,0.6000000000000001,46823.94140625,448.4271240234375,3.1339496810409355,0.0,0.9,0.18303571428571427,0.0,0.0,0.9999999999544628,0.04162353934860864,0.0,0.9999999999627976,0.0,0.42708333331744486,0.9531769197305604,0.04658617475799424,0.022136037244007582
0.9000000000000001,0.6000000000000001,48594.6796875,459.9751281738281,3.3099550100264334,0.0,0.9,0.15438988095238096,0.0,0.0,0.9999999999560053,0.02855906405022875,0.0,0.9999999999627976,0.0,0.3705357142719295,0.9766310759606424,0.05808840987433351,0.05808840987433351
1.0,0.6000000000000001,50511.60546875,472.3554382324219,3.4485791782740245,0.0,0.9,0.12574404761904762,0.0,0.0,0.9999999999574468,0.023779024902468648,0.0,0.9999999999627976,0.0,0.28459821427512655,0.9953047944865722,0.11316644125958779,0.09364071086229182
-1.0,0.7000000000000002,51716.1484375,480.08880615234375,2.7444737289569736,0.0,0.9,0.14285714285714285,0.0,0.0,0.9999999999565973,0.03790579095932717,0.0,0.9999999999627976,0.0,0.5264136904566067,0.9122444982959483,0.07224887192427182,0.07224887192427182
-0.9,0.7000000000000002,49846.20703125,468.075439453125,2.801472225785127,0.0,0.9,0.14174107142857142,0.0,0.0,0.9999999999566537,0.03573946513935639,0.0,0.9999999999627976,0.0,0.522693452361507,0.9210016203138749,0.11559950409436857,0.11559950409436857
-0.8,0.7000000000000002,48121.24609375,456.9012145996094,2.8310828652413558,0.0,0.9,0.18601190476190477,0.0,0.0,0.9999999999542962,0.027858108951887988,0.0,0.9999999999627976,0.0,0.5528273809318145,0.9263910686316686,0.12923661807018097,0.12923661807018097
-0.7,0.7000000000000002,46556.7734375,446.6680603027344,2.811907699111532,0.0,0.9,0.2421875,0.0,0.0,0.9999999999509082,0.05121367304725776,0.0,0.9999999999627976,0.0,0.5156249999808176,0.9191667237889898,0.13541286980426753,0.13541286980426753
-0.6,0.7000000000000002,45167.515625,437.48486328125,2.730324454845808,0.0,0.9,0.2760416666666667,0.0,0.0,0.9999999999486126,0.07135295923526436,0.0,0.9999999999627976,0.0,0.5799851190260422,0.8875209794052082,0.14116261870038316,0.14116261870038316
-0.5,0.7000000000000002,43968.765625,429.46337890625,2.601525663812053,0.0,0.9,0.3255208333333333,0.0,0.0,0.9999999999448428,0.12116629778374406,0.0,0.9999999999627976,0.0,0.6770833333081443,0.8544037785308196,0.11340782839263408,0.11061360127684564
-0.3999999999999999,0.7000000000000002,42972.94140625,422.71514892578125,2.4085379270700384,0.0,0.9,0.39546130952380953,0.0,0.0,0.9999999999384614,0.19110067594681732,0.0,0.9999999999627976,0.0,0.7574404761622976,0.7912888093318535,0.07978163868468045,0.04094993382777563
-0.29999999999999993,0.7000000000000002,42189.69921875,417.34478759765625,2.2581187745098634,0.0,0.9,0.4382440476190476,0.0,0.0,0.9999999999337748,0.23368439832379267,0.0,0.9999999999627976,0.0,0.7942708333037846,0.7458464719202135,0.08035332873410907,0.004300905779155373
-0.19999999999999996,0.7000000000000002,41628.22265625,413.44403076171875,2.1388484103503793,0.0,0.9,0.47767857142857145,0.0,0.0,0.9999999999287749,0.26276096948990757,0.0,0.9999999999627976,0.0,0.8430059523495906,0.687423267515085,0.07560168355739592,-0.018899683086774834
-0.09999999999999998,0.7000000000000002,41292.359375,411.0847473144531,2.1418523879371483,0.0,0.9,0.49069940476190477,0.0,0.0,0.9999999999269539,0.27409487916765063,0.0,0.9999999999627976,0.0,0.8351934523498813,0.6796418020112366,0.06710466020214285,-0.05328459925037902
0.0,0.7000000000000002,41183.36328125,410.3123779296875,2.0597346801762617,0.0,0.9,0.5364583333333334,0.0,0.0,0.9999999999197431,0.309553160458878,0.0,0.9999999999627976,0.0,0.8329613094928214,0.6658311691840677,0.13121185287788883,-0.12646999806461798
0.10000000000000009,0.7000000000000002,41302.578125,411.14239501953125,2.1555418746579273,0.0,0.9,0.5178571428571429,0.0,0.0,0.9999999999228395,0.2832118583597844,0.0,0.9999999999627976,0.0,0.7931547618752547,0.7007977521953348,0.13888689934044932,-0.13888689934044932
0.20000000000000018,0.7000000000000002,41648.74609375,413.55841064453125,2.2535992494922135,0.0,0.9,0.43973214285714285,0.0,0.0,0.9999999999335989,0.22557401292220147,0.0,0.9999999999627976,0.0,0.7596726190193575,0.7618219790350313,0.10976973641821366,-0.10976973641821366
0.30000000000000004,0.7000000000000002,42219.5625,417.5135498046875,2.393748223758818,0.0,0.9,0.34188988095238093,0.0,0.0,0.9999999999434709,0.15083380604228364,0.0,0.9999999999627976,0.0,0.6867559523554034,0.7937827464011143,0.0729548443504899,-0.042683666359498565
0.40000000000000013,0.7000000000000002,43009.3984375,422.935302734375,2.555194456964866,0.0,0.9,0.3255208333333333,0.0,0.0,0.9999999999448428,0.140375066329737,0.0,0.9999999999627976,0.0,0.5866815475972217,0.8418818720806303,0.08499865588015383,-0.07589585121782323
0.5,0.7000000000000002,44012.046875,429.73150634765625,2.7936045319027976,0.0,0.9,0.2741815476190476,0.0,0.0,0.9999999999487442,0.10577722640582152,0.0,0.9999999999627976,0.0,0.48660714283903994,0.9005617264031689,0.08621516004693866,-0.06868901678783282
0.6000000000000001,0.7000000000000002,45217.6171875,437.7967224121094,2.9557704117199353,0.0,0.9,0.1949404761904762,0.0,0.0,0.9999999999537893,0.05854097427301455,0.0,0.9999999999627976,0.0,0.4546130952211826,0.9303291152903185,0.02966091901343548,0.0003807628370587502
0.7000000000000002,0.7000000000000002,46612.0625,447.0198974609375,3.0796451324979643,0.0,0.9,0.13058035714285715,0.0,0.0,0.9999999999572101,0.014932816241154402,0.0,0.9999999999627976,0.0,0.4203869047462654,0.9497531277541896,0.07837887192961589,0.07837887192961589
0.8,0.7000000000000002,48182.83984375,457.2888488769531,3.2011818525752966,0.0,0.9,0.12351190476190477,0.0,0.0,0.9999999999575553,0.011214612370845879,0.0,0.9999999999627976,0.0,0.34933035712986127,0.9637910866512399,0.10573665004082239,0.10573665004082239
0.9000000000000001,0.7000000000000002,49912.53515625,468.4950866699219,3.34795356702672,0.0,0.9,0.10974702380952381,0.0,0.0,0.9999999999582115,0.010167900524021183,0.0,0.9999999999627976,0.0,0.33928571427309206,0.9840259412878073,0.12879166875256215,0.12879166875256215
1.0,0.7000000000000002,51786.00390625,480.5369567871094,3.4843743388910946,0.0,0.9,0.09300595238095238,0.0,0.0,0.9999999999589828,0.009165160619873236,0.0,0.9999999999627976,0.0,0.31510416665494406,1.0033909575274207,0.14994532244619124,0.14994532244619124
-1.0,0.8,53145.84375,489.22991943359375,2.8490469898781496,0.0,0.9,0.16108630952380953,0.0,0.0,0.9999999999556541,0.04995568417991079,0.0,0.9999999999627976,0.0,0.437127976174214,0.9280258083753615,0.06969593320188007,0.044687700070738925
-0.9,0.8,51324.15625,477.5782470703125,2.8916905595412543,0.0,0.9,0.1324404761904762,0.0,0.0,0.9999999999571184,0.03384469147653253,0.0,0.9999999999627976,0.0,0.48139880950590036,0.9357312965701823,0.09931933830820405,0.09931933830820405
-0.8,0.8,49644.70703125,466.7663269042969,2.9216081799472438,0.0,0.9,0.10863095238095238,0.0,0.0,0.9999999999582638,0.018185288829700903,0.0,0.9999999999627976,0.0,0.5174851190283674,0.9433721120831347,0.15811455928903642,0.15811455928903642
-0.7,0.8,48121.47265625,456.8898620605469,2.9170680941655123,0.0,0.9,0.16889880952380953,0.0,0.0,0.9999999999552374,0.04026455633528569,0.0,0.9999999999627976,0.0,0.4906994047436496,0.9417501693952262,0.13306442882014452,0.13274150416160807
-0.6,0.8,46769.41015625,448.04901123046875,2.8698880206759867,0.0,0.9,0.22842261904761904,0.0,0.0,0.999999999951784,0.05665939207582874,0.0,0.9999999999627976,0.0,0.5044642856955185,0.927559709168572,0.10851571564577311,0.10851571564577311
-0.5,0.8,45601.78515625,440.34576416015625,2.7472789222155733,0.0,0.9,0.26785714285714285,0.0,0.0,0.999999999949187,0.07565529418361402,0.0,0.9999999999627976,0.0,0.5673363095027033,0.9064836614853716,0.08398054263259883,0.08398054263259883
-0.3999999999999999,0.8,44630.98828125,433.88043212890625,2.611734384040374,0.0,0.9,0.296875,0.0,0.0,0.9999999999470899,0.09686962190865563,0.0,0.9999999999627976,0.0,0.6640624999752953,0.8755153167769709,0.0906966880220525,0.05726191820463304
-0.29999999999999993,0.8,43867.828125,428.74627685546875,2.520258976975661,0.0,0.9,0.33816964285714285,0.0,0.0,0.9999999999437886,0.14219896998918874,0.0,0.9999999999627976,0.0,0.7194940475922807,0.8635100760471173,0.09855491358365259,0.00683783639495588
-0.19999999999999996,0.8,43319.84375,425.0240173339844,2.36327646748662,0.0,0.9,0.3835565476190476,0.0,0.0,0.9999999999396499,0.20603669597513394,0.0,0.9999999999627976,0.0,0.800967261874964,0.8019984442896498,0.11242480876632877,-0.04303264519656559
-0.09999999999999998,0.8,42991.82421875,422.7764892578125,2.3260665111563146,0.0,0.9,0.36755952380952384,0.0,0.0,0.9999999999411764,0.18679817649180752,0.0,0.9999999999627976,0.0,0.7823660713994656,0.798186926190417,0.0788219179894932,-0.036895656906458636
0.0,0.8,42886.140625,422.0434265136719,2.368779545775265,0.0,0.9,0.35751488095238093,0.0,0.0,0.9999999999420961,0.17927176586033047,0.0,0.9999999999627976,0.0,0.764508928542987,0.8149379044622705,0.08113783111070294,-0.04422163695876191
0.10000000000000009,0.8,43003.765625,422.8378601074219,2.3771973224079677,0.0,0.9,0.3757440476190476,0.0,0.0,0.9999999999404052,0.176330706264949,0.0,0.9999999999627976,0.0,0.7302827380680699,0.8094526357138079,0.08873812782808765,-0.08873812782808765
0.20000000000000018,0.8,43342.77734375,425.1454772949219,2.445258725111735,0.0,0.9,0.3240327380952381,0.0,0.0,0.9999999999449641,0.1322239483285453,0.0,0.9999999999627976,0.0,0.6863839285458935,0.8250649574582446,0.0778512098830451,-0.06592552028593095
0.30000000000000004,0.8,43900.29296875,428.9258117675781,2.5769467633062897,0.0,0.9,0.29799107142857145,0.0,0.0,0.9999999999470058,0.10889326680065028,0.0,0.9999999999627976,0.0,0.5859374999782018,0.8556771456756868,0.07183138130724402,-0.06600462726762485
0.40000000000000013,0.8,44671.46484375,434.1151123046875,2.7305705255253865,0.0,0.9,0.2819940476190476,0.0,0.0,0.9999999999481864,0.10265637154996546,0.0,0.9999999999627976,0.0,0.5007440476004188,0.8904652098619579,0.08230072626407217,-0.08230072626407217
0.5,0.8,45649.2421875,440.632080078125,2.880632700192219,0.0,0.9,0.17410714285714285,0.0,0.0,0.999999999954955,0.04898094776084769,0.0,0.9999999999627976,0.0,0.48809523807707983,0.9181564425803521,0.03072273791297485,0.018985953098806227
0.6000000000000001,0.8,46823.51953125,448.3829345703125,3.056097744295595,0.0,0.9,0.13095238095238096,0.0,0.0,0.9999999999571918,0.01311683821103746,0.0,0.9999999999627976,0.0,0.43898809522176385,0.9509925167600283,0.08872449509205987,0.08872449509205987
0.7000000000000002,0.8,48181.45703125,457.2674560546875,3.158775872702334,0.0,0.9,0.13095238095238096,0.0,0.0,0.9999999999571918,0.009757588826504371,0.0,0.9999999999627976,0.0,0.35639880951055064,0.9649243701393899,0.11823953844574184,0.11823953844574184
0.8,0.8,49710.33984375,467.18341064453125,3.264870675578651,0.0,0.9,0.12648809523809523,0.0,0.0,0.9999999999574106,0.008813770219825798,0.0,0.9999999999627976,0.0,0.3411458333206419,0.9793277914292519,0.1384096857979763,0.1384096857979763
0.9000000000000001,0.8,51395.58984375,478.0306396484375,3.3980256408439633,0.0,0.9,0.12462797619047619,0.0,0.0,0.9999999999575011,0.009235975284048693,0.0,0.9999999999627976,0.0,0.33816964284456213,0.9957021138559385,0.14667475115950068,0.14667475115950068
1.0,0.8,53222.16015625,489.7144470214844,3.5561166065559875,0.0,0.9,0.10974702380952381,0.0,0.0,0.9999999999582115,0.008510603266596417,0.0,0.9999999999627976,0.0,0.31398809522641413,1.018098989621999,0.16373571369161177,0.16373571369161177
-1.0,0.9000000000000001,54725.5625,499.28717041015625,2.9461236611111175,0.0,0.9,0.15029761904761904,0.0,0.0,0.9999999999562172,0.04572417442918732,0.0,0.9999999999627976,0.0,0.3534226190344709,0.944030975978385,0.06484558171648136,0.04320164994367774
-0.9,0.9000000000000001,52954.23046875,488.00836181640625,2.967978822362647,0.0,0.9,0.14136904761904762,0.0,0.0,0.9999999999566725,0.028760992116158943,0.0,0.9999999999627976,0.0,0.36458333331977,0.949556998135369,0.08000977995272172,0.07218542033464274
-0.8,0.9000000000000001,51323.4921875,477.5676574707031,2.9783430993601954,0.0,0.9,0.14174107142857142,0.0,0.0,0.9999999999566537,0.022609381099484443,0.0,0.9999999999627976,0.0,0.42447916665087504,0.9557679018577349,0.09770023207182121,0.09770023207182121
-0.7,0.9000000000000001,49845.3125,468.0537414550781,2.9464037802343634,0.0,0.9,0.16220238095238096,0.0,0.0,0.9999999999555951,0.03097314861334599,0.0,0.9999999999627976,0.0,0.4840029761724702,0.9528172757426604,0.10225789401575631,0.10225789401575631
-0.6,0.9000000000000001,48533.94140625,459.55828857421875,2.923630117085665,0.0,0.9,0.19642857142857142,0.0,0.0,0.9999999999537038,0.05084171465600751,0.0,0.9999999999627976,0.0,0.4698660714110913,0.9503038339601183,0.09135088251268622,0.09135088251268622
-0.5,0.9000000000000001,47401.10546875,452.1738586425781,2.859996493659874,0.0,0.9,0.21316964285714285,0.0,0.0,0.9999999999527187,0.060837334560535236,0.0,0.9999999999627976,0.0,0.5137648809332677,0.9389308075713851,0.09497578033718541,0.09006051982369127
-0.3999999999999999,0.9000000000000001,46459.8984375,445.9900207519531,2.7799707982312825,0.0,0.9,0.20424107142857142,0.0,0.0,0.9999999999532493,0.05617068985221099,0.0,0.9999999999627976,0.0,0.5766369047404525,0.9276523685890744,0.09842703807265457,0.09842703807265457
-0.29999999999999993,0.9000000000000001,45720.34765625,441.0894470214844,2.6848804489424087,0.0,0.9,0.22581845238095238,0.0,0.0,0.9999999999519462,0.07054599887687427,0.0,0.9999999999627976,0.0,0.6149553571199794,0.9085989085354546,0.08569417102568243,0.06726343526190884
-0.19999999999999996,0.9000000000000001,45188.87109375,437.5429382324219,2.6103214644542865,0.0,0.9,0.23549107142857142,0.0,0.0,0.9999999999513383,0.0929812749967971,0.0,0.9999999999627976,0.0,0.7585565475908276,0.8957433115229491,0.05962643699538604,0.04969980173078391
-0.09999999999999998,0.9000000000000001,44871.37109375,435.4049987792969,2.6059226587102344,0.0,0.9,0.19940476190476192,0.0,0.0,0.9999999999535316,0.09909400175467771,0.0,0.9999999999627976,0.0,0.7261904761634602,0.9001089026969933,0.08231254208465469,0.08231254208465469
0.0,0.9000000000000001,44769.73046875,434.70989990234375,2.558376436727042,0.0,0.9,0.1796875,0.0,0.0,0.9999999999546486,0.1013149320921061,0.0,0.9999999999627976,0.0,0.6729910714035346,0.8883050570939537,0.09103822114737473,0.08966704040776036
0.10000000000000009,0.9000000000000001,44884.2578125,435.4692077636719,2.576997711085869,0.0,0.9,0.22247023809523808,0.0,0.0,0.9999999999521532,0.11836709885660807,0.0,0.9999999999627976,0.0,0.6566220237850959,0.875795813577418,0.05612536835301003,0.02288594323535569
0.20000000000000018,0.9000000000000001,45213.51953125,437.67047119140625,2.614009351410213,0.0,0.9,0.21614583333333334,0.0,0.0,0.9999999999525392,0.08838531898901798,0.0,0.9999999999627976,0.0,0.6242559523577286,0.8782959156515395,0.04019287294005194,0.0012602747786875992
0.30000000000000004,0.9000000000000001,45754.87109375,441.2781677246094,2.697315561593509,0.0,0.9,0.2421875,0.0,0.0,0.9999999999509082,0.08400256171114306,0.0,0.9999999999627976,0.0,0.5446428571225952,0.8911686050095934,0.05302785892119026,-0.04715777505225163
0.40000000000000013,0.9000000000000001,46503.68359375,446.2371520996094,2.809015732843611,0.0,0.9,0.20089285714285715,0.0,0.0,0.9999999999534451,0.05801388455097613,0.0,0.9999999999627976,0.0,0.5163690475998375,0.91128562728404,0.02334666133476017,-0.008540197635201393
0.5,0.9000000000000001,47452.5859375,452.47601318359375,2.9583506456964233,0.0,0.9,0.13653273809523808,0.0,0.0,0.9999999999569152,0.01498838194411504,0.0,0.9999999999627976,0.0,0.4906994047436496,0.9374966154635684,0.08961127692016946,0.08961127692016946
0.6000000000000001,0.9000000000000001,48592.125,459.9114685058594,3.087989436472049,0.0,0.9,0.13355654761904762,0.0,0.0,0.9999999999570632,0.008544364051789795,0.0,0.9999999999627976,0.0,0.46168154760187197,0.9631702899323588,0.13378289093532494,0.13378289093532494
0.7000000000000002,0.9000000000000001,49909.46484375,468.4539489746094,3.198324082343497,0.0,0.9,0.1331845238095238,0.0,0.0,0.9999999999570816,0.008549866259075277,0.0,0.9999999999627976,0.0,0.3857886904618382,0.9823461391354368,0.15977925108131735,0.15977925108131735
0.8,0.9000000000000001,51393.1875,478.01080322265625,3.3001570168893326,0.0,0.9,0.13430059523809523,0.0,0.0,0.9999999999570263,0.008664554531490015,0.0,0.9999999999627976,0.0,0.3288690476068129,0.9938439216445659,0.17013060993270374,0.17013060993270374
0.9000000000000001,0.9000000000000001,53030.3828125,488.4903869628906,3.432956051600058,0.0,0.9,0.1331845238095238,0.0,0.0,0.9999999999570816,0.008713006230529594,0.0,0.9999999999627976,0.0,0.3355654761779924,1.008095856174957,0.17289380783396538,0.17289380783396538
1.0,0.9000000000000001,54807.578125,499.8043518066406,3.5859769837965976,0.0,0.9,0.13206845238095238,0.0,0.0,0.9999999999571368,0.008643358005453837,0.0,0.9999999999627976,0.0,0.31287202379788426,1.0268975775765776,0.17624521438449237,0.17624521438449237
-1.0,1.0,56441.90234375,510.1788635253906,2.9942266529181474,0.0,0.9,0.12797619047619047,0.0,0.0,0.9999999999573379,0.025210152306393677,0.0,0.9999999999627976,0.0,0.3463541666537815,0.9548004269822746,0.09347225051383182,0.052201858217542724
-0.9,1.0,54723.83984375,499.2771911621094,2.9862167082939255,0.0,0.9,0.13355654761904762,0.0,0.0,0.9999999999570632,0.02126353806846581,0.0,0.9999999999627976,0.0,0.3478422618918214,0.9561773657948481,0.09274897694273225,0.06538044203799317
-0.8,1.0,53143.3984375,489.2096252441406,2.9646736199317987,0.0,0.9,0.13876488095238096,0.0,0.0,0.9999999999568036,0.02186427414057333,0.0,0.9999999999627976,0.0,0.37313988093849926,0.9550919826788481,0.08256527195924684,0.08256527195924684
-0.7,1.0,51712.69921875,480.0573425292969,2.928989539665794,0.0,0.9,0.14136904761904762,0.0,0.0,0.9999999999566725,0.023475882489838878,0.0,0.9999999999627976,0.0,0.4319196428410744,0.9521982139977304,0.10516827948997576,0.10516827948997576
-0.6,1.0,50444.53515625,471.9042053222656,2.925281835584685,0.0,0.9,0.15997023809523808,0.0,0.0,0.9999999999557131,0.03410444405876707,0.0,0.9999999999627976,0.0,0.44196428569784363,0.9525307817059703,0.11181868196873354,0.11181868196873354
-0.5,1.0,49350.41015625,464.8332824707031,2.9162797404290584,0.0,0.9,0.18526785714285715,0.0,0.0,0.999999999954338,0.04533896755663015,0.0,0.9999999999627976,0.0,0.47842261902982064,0.9501052199160595,0.1029411980852746,0.1029411980852746
-0.3999999999999999,1.0,48442.06640625,458.92462158203125,2.8839693000792073,0.0,0.9,0.18229166666666666,0.0,0.0,0.9999999999545042,0.048040101026148044,0.0,0.9999999999627976,0.0,0.46614583331599163,0.9404112115726917,0.10203427814588183,0.10203427814588183
-0.29999999999999993,1.0,47727.53515625,454.25103759765625,2.8283853804139247,0.0,0.9,0.1558779761904762,0.0,0.0,0.9999999999559278,0.04560877060560116,0.0,0.9999999999627976,0.0,0.5011160714099288,0.9368100446268716,0.12520730316288547,0.11265183621180654
-0.19999999999999996,1.0,47214.890625,450.87432861328125,2.792677940803857,0.0,0.9,0.10974702380952381,0.0,0.0,0.9999999999582115,0.04391067839055198,0.0,0.9999999999627976,0.0,0.571428571407313,0.9349003711667001,0.15230575658683837,0.1500199052133971
-0.09999999999999998,1.0,46909.27734375,448.8420104980469,2.77219576402651,0.0,0.9,0.0900297619047619,0.0,0.0,0.999999999959117,0.03441305820144641,0.0,0.9999999999627976,0.0,0.6123511904534096,0.931614050637976,0.16689200296323542,0.16689200296323542
0.0,1.0,46811.09375,448.1834411621094,2.7650378025160465,0.0,0.9,0.09523809523809523,0.0,0.0,0.9999999999588817,0.04157604872353029,0.0,0.9999999999627976,0.0,0.6268601190242984,0.9246436001543104,0.15284519785096823,0.15284519785096823
0.10000000000000009,1.0,46921.01171875,448.9087829589844,2.7615922680451996,0.0,0.9,0.11049107142857142,0.0,0.0,0.9999999999581766,0.04710492466993711,0.0,0.9999999999627976,0.0,0.631324404738418,0.9136637814683305,0.11715327338333559,0.11715327338333559
0.20000000000000018,1.0,47239.19921875,451.00701904296875,2.770733253376088,0.0,0.9,0.15885416666666666,0.0,0.0,0.9999999999557718,0.04728771573121366,0.0,0.9999999999627976,0.0,0.6041666666441903,0.9104962073766281,0.048265834110470134,0.048265834110470134
0.30000000000000004,1.0,47762.44921875,454.4475402832031,2.8138282629410134,0.0,0.9,0.16741071428571427,0.0,0.0,0.9999999999553173,0.032162028915307235,0.0,0.9999999999627976,0.0,0.5543154761698543,0.9158326476357076,0.0373926182169339,0.0373926182169339
0.40000000000000013,1.0,48486.8515625,459.1823425292969,2.8967028333177725,0.0,0.9,0.13690476190476192,0.0,0.0,0.9999999999568966,0.010691085404768694,0.0,0.9999999999627976,0.0,0.5368303571228858,0.930161760651027,0.09925312116136537,0.09925312116136537
0.5,1.0,49403.8203125,465.14898681640625,2.996582972112962,0.0,0.9,0.13467261904761904,0.0,0.0,0.9999999999570078,0.008445315416200075,0.0,0.9999999999627976,0.0,0.5264136904566067,0.9563458386473362,0.14427828498857828,0.14427828498857828
0.6000000000000001,1.0,50505.99609375,472.2740478515625,3.1291450641696876,0.0,0.9,0.13392857142857142,0.0,0.0,0.9999999999570447,0.008370535714285714,0.0,0.9999999999627976,0.0,0.5018601190289487,0.9861908591661084,0.18752156347947846,0.18752156347947846
0.7000000000000002,1.0,51781.0234375,480.47735595703125,3.2356641045233414,0.0,0.9,0.13430059523809523,0.0,0.0,0.9999999999570263,0.008409429742825195,0.0,0.9999999999627976,0.0,0.4300595237935246,1.003806511307652,0.2106934971262392,0.2106934971262392
0.8,1.0,53216.91796875,489.67596435546875,3.341253255654385,0.0,0.9,0.13467261904761904,0.0,0.0,0.9999999999570078,0.008454783258594918,0.0,0.9999999999627976,0.0,0.3132440476073942,1.0116005345225592,0.21342504463252043,0.21342504463252043
0.9000000000000001,1.0,54803.10546875,499.785888671875,3.4768325461757223,0.0,0.9,0.13392857142857142,0.0,0.0,0.9999999999570447,0.008430123641813413,0.0,0.9999999999627976,0.0,0.29985119046503533,1.021708437997746,0.21002106146572197,0.21002106146572197
1.0,1.0,56528.11328125,510.7257995605469,3.6298506968221793,0.0,0.9,0.13355654761904762,0.0,0.0,0.9999999999570632,0.008394126449682005,0.0,0.9999999999627976,0.0,0.2950148809414057,1.0385213358694618,0.21277267608649014,0.21277267608649014
