-1.0,-1.0,9543.8447265625,91.10154724121094,inf,0.0,0.9,0.11931818181818182,0.1392156862745098,0.0,0.2919354838238814,0.045405771451508155,0.05675051625277773,0.9999999998579546,0.724431818078916,0.40056818176128295,1.6252748567714634,0.6888972123580722,0.6888972123580722
-0.9,-1.0,9236.025390625,88.20829010009766,inf,0.0,0.9,0.10795454545454546,0.10647181628392484,0.0,0.31847133752890583,0.037405029636209515,0.037396569827839087,0.9999999998579546,0.6803977271760799,0.43039772721159125,1.6396520413423514,0.7250518764283853,0.7250518764283853
-0.8,-1.0,8951.701171875,85.53533935546875,inf,0.0,0.9,0.08664772727272728,0.08977035490605428,0.0,0.32192846029207955,0.027710383546138546,0.029738048033881286,0.9999999998579546,0.6803977271760799,0.4517045453903829,1.6685927877017384,0.7838254266214748,0.7838254266214748
-0.7,-1.0,8693.892578125,83.10421752929688,inf,0.0,0.9,0.08238636363636363,0.07692307692307693,0.0,0.3498452011842345,0.02808054510188732,0.015353671554581718,0.9999999998579546,0.6463068180900132,0.4744318181144273,1.6622839454955902,0.7975627577598192,0.7975627577598192
-0.6,-1.0,8464.3408203125,80.9369888305664,13.438927528279592,0.0,0.9,0.09090909090909091,0.07459207459207459,0.0,0.37968749994067386,0.039268626281419694,0.024348269730855483,0.9999999998579546,0.6093749999134411,0.4517045453903829,1.614109611681281,0.7690085052428945,0.7690085052428945
-0.5,-1.0,8265.5126953125,79.05563354492188,11.208065711346464,0.0,0.9,0.12357954545454546,0.09523809523809523,0.0,0.4457050242389457,0.059576467242081245,0.048170836150552176,0.9999999998579546,0.5369318181055495,0.4332386363020968,1.533213282873453,0.7164159225043587,0.7164159225043587
-0.3999999999999999,-1.0,8099.4873046875,77.48126220703125,9.29684821260234,0.0,0.9,0.13352272727272727,0.1289198606271777,0.0,0.5901639343294813,0.06205291301545466,0.08609827264239028,0.9999999998579546,0.40767045448754685,0.4758522726596801,1.460190309868962,0.6639467215920005,0.6639467215920005
-0.29999999999999993,-1.0,7968.3251953125,76.23316192626953,7.773885916350016,0.0,0.9,0.14772727272727273,0.13541666666666666,0.0,0.5849999999025001,0.06915710222172591,0.06975822296188429,0.9999999998579546,0.4090909090327996,0.5284090908340329,1.4019540276029818,0.617986460035537,0.617986460035537
-0.19999999999999996,-1.0,7874.3798828125,75.32776641845703,6.344914465356957,0.0,0.9,0.14914772727272727,0.13138686131386862,0.0,0.602671118430272,0.08095299905986744,0.04358555823865722,0.9999999998579546,0.38920454539926075,0.590909090825155,1.3656474955045934,0.6165630669920423,0.6165630669920423
-0.09999999999999998,-1.0,7817.06298828125,74.77771759033203,5.315881030567297,0.0,0.9,0.19602272727272727,0.19230769230769232,0.0,0.5918727914148635,0.12770408047069085,0.08615335136720374,0.9999999998579546,0.40624999994229405,0.6846590908118382,1.3105943048741868,0.5934439737799513,0.5934439737799513
0.0,-1.0,7796.7275390625,74.59101104736328,5.062589946152858,0.0,0.9,0.23579545454545456,0.23344947735191637,0.0,0.5910780668046324,0.16521229780234511,0.14616141970124272,0.9999999998579546,0.40767045448754685,0.7031249999001243,1.2820367156666872,0.5880124758594336,0.58654932981169
0.10000000000000009,-1.0,7814.60107421875,74.77043914794922,5.623810240164736,0.0,0.9,0.21022727272727273,0.2345679012345679,0.0,0.5539568344327416,0.1307349510249893,0.12868049858218364,0.9999999998579546,0.46022727266189956,0.6633522726330466,1.3151250641372048,0.6021573361318765,0.6009433611386441
0.20000000000000018,-1.0,7870.265625,75.31336975097656,6.656146292430919,0.0,0.9,0.15767045454545456,0.23699421965317918,0.0,0.5548060707327478,0.06724519356228277,0.08969650740817789,0.9999999998579546,0.49147727265746066,0.6335227271827383,1.4111838118362203,0.6700732394413984,0.6700732394413984
0.30000000000000004,-1.0,7962.85546875,76.21198272705078,7.738127247948954,0.0,0.9,0.15482954545454544,0.2135678391959799,0.0,0.4739495797522774,0.047946187207167264,0.05206659840843382,0.9999999998579546,0.565340909010605,0.5894886362799022,1.4666472766827923,0.7046831200706543,0.7026091987310321
0.40000000000000013,-1.0,8091.3076171875,77.45375061035156,9.201834421601532,0.0,0.9,0.13352272727272727,0.17062634989200864,0.0,0.37049180321795216,0.03351994728392879,0.03245308392933553,0.9999999998579546,0.6576704544520354,0.5767045453726273,1.5563838199338824,0.7459667713246398,0.7459667713246398
0.5,-1.0,8254.4453125,79.02233123779297,10.714828220408078,0.0,0.9,0.1377840909090909,0.16297786720321933,0.0,0.3146622734242731,0.031780607349523184,0.030709938081945727,0.9999999998579546,0.7059659089906298,0.5994318180966717,1.58594885470132,0.7585691143317017,0.7585691143317017
0.6000000000000001,-1.0,8450.6640625,80.89847564697266,12.792459805108276,0.0,0.9,0.12926136363636365,0.14366729678638943,0.0,0.2610114192070128,0.022802698494398102,0.02280205937123453,0.9999999998579546,0.7514204544387187,0.565340909010605,1.6309978776344771,0.781219736595645,0.781219736595645
0.7000000000000002,-1.0,8677.673828125,83.06109619140625,inf,0.0,0.9,0.12642045454545456,0.13708260105448156,0.0,0.20162601622737789,0.023365851476248194,0.025830668493985076,0.9999999998579546,0.8082386362488297,0.565340909010605,1.6563986606232226,0.7866813431767361,0.7866813431767361
0.8,-1.0,8933.2431640625,85.4881820678711,inf,0.0,0.9,0.13352272727272727,0.13829787234042554,0.0,0.2032786884912658,0.026448045625260815,0.02797900241254036,0.9999999998579546,0.8011363635225659,0.5071022726552412,1.6399197979136366,0.753650434454787,0.753650434454787
0.9000000000000001,-1.0,9214.9345703125,88.15765380859375,inf,0.0,0.9,0.1434659090909091,0.1449016100178891,0.0,0.20729684905351628,0.03885664396482368,0.04479827018526708,0.9999999998579546,0.794034090796302,0.45454545448088846,1.6100491406670399,0.7165568276333024,0.7165568276333024
1.0,-1.0,9520.8251953125,91.04789733886719,inf,0.0,0.9,0.18039772727272727,0.17525773195876287,0.0,0.16811091851505877,0.06492361601658903,0.07041108422768974,0.9999999998579546,0.8267045453371159,0.4275568181210857,1.5684087707103724,0.616538840684825,0.616538840684825
-1.0,-0.9,9239.6669921875,88.23402404785156,inf,0.0,0.9,0.109375,0.11328125,0.0,0.2759170653467437,0.04267079123295391,0.04477081267224769,0.9999999998579546,0.7272727271694215,0.43607954539260235,1.6555545770857045,0.7731967863858993,0.7731967863858993
-0.9,-0.9,8921.1865234375,85.23916625976562,inf,0.0,0.9,0.08948863636363637,0.08548707753479125,0.0,0.2823712948077424,0.0391090207111472,0.027963436582362413,0.9999999998579546,0.7144886362621465,0.4389204544831079,1.6828718971951189,0.7995300948186899,0.7995300948186899
-0.8,-0.9,8626.08203125,82.4655990600586,inf,0.0,0.9,0.07102272727272728,0.06720977596741344,0.0,0.2996941895566217,0.02490314953152924,0.014139287173481374,0.9999999998579546,0.6974431817191132,0.4559659090261412,1.7060006179858067,0.8249662180360358,0.8244343882088538
-0.7,-0.9,8357.779296875,79.93663787841797,inf,0.0,0.9,0.06818181818181818,0.07066381156316917,0.0,0.33841463409475386,0.020309054971621183,0.019003102625567304,0.9999999998579546,0.6633522726330466,0.46590909084291066,1.689272993747336,0.8175929069697458,0.8175929069697458
-0.6,-0.9,8118.701171875,77.676513671875,11.53959211782855,0.0,0.9,0.078125,0.08262108262108261,0.0,0.5038520800456314,0.03092808247657952,0.02446799051570836,0.9999999998579546,0.4985795453837245,0.4346590908473496,1.5758442879121568,0.7556951813905624,0.7556951813905624
-0.5,-0.9,7910.6572265625,75.7096176147461,9.461675037719681,0.0,0.9,0.12215909090909091,0.10749185667752444,0.0,0.5566343041170495,0.06624146361531318,0.06482175730472944,0.9999999998579546,0.43607954539260235,0.4218749999400746,1.4736453024657434,0.6740182343684091,0.6740182343684091
-0.3999999999999999,-0.9,7736.7080078125,74.05964660644531,7.609409263098943,0.0,0.9,0.15482954545454544,0.14682539682539683,0.0,0.638655462077537,0.07439011777722332,0.09425728333291358,0.9999999998579546,0.35795454540369964,0.4872159090217023,1.3635452471732699,0.5982244855331202,0.5982244855331202
-0.29999999999999993,-0.9,7599.22265625,72.74848175048828,6.1033256149309265,0.0,0.9,0.1846590909090909,0.21794871794871795,0.0,0.7874564458558438,0.09679401647312406,0.15668886198547213,0.9999999998579546,0.22159090905943313,0.5099431817457467,1.2625767340515937,0.529194520996077,0.529194520996077
-0.19999999999999996,-0.9,7499.78271484375,71.7949447631836,4.7045468856371535,0.0,0.9,0.2528409090909091,0.2595419847328244,0.0,0.8155893534571124,0.16335888754642883,0.1908424908424908,0.9999999998579546,0.1860795454281137,0.5994318180966717,1.1093204797749807,0.43196436446608943,0.43196436446608943
-0.09999999999999998,-0.9,7439.3642578125,71.21363067626953,3.7770666515996982,0.0,0.9,0.3153409090909091,0.4527027027027027,0.0,0.8319502072962759,0.21412331449637223,0.2601157012921719,0.9999999998579546,0.2102272726974109,0.698863636264366,1.0111966185286998,0.3781457906173329,0.3781457906173329
0.0,-0.9,7417.669921875,71.01385498046875,3.479299123518601,0.0,0.9,0.3025568181818182,0.564625850340136,0.0,0.869653767643655,0.21561915800122572,0.38225025565451093,0.9999999998579546,0.20880681815215812,0.7514204544387187,0.9910595919402478,0.3891821858148371,0.3891821858148371
0.10000000000000009,-0.9,7436.02880859375,71.1988754272461,3.8848508351624114,0.0,0.9,0.265625,0.4913294797687861,0.0,0.8297872338820528,0.17208328423084224,0.21072250399173476,0.9999999998579546,0.24573863632873033,0.724431818078916,1.0815738661728354,0.45116597166545436,0.44865319093754347
0.20000000000000018,-0.9,7494.435546875,71.76573181152344,4.553329708146943,0.0,0.9,0.21448863636363635,0.34854771784232363,0.0,0.7160940324202362,0.11217207892309095,0.17666009944647718,0.9999999998579546,0.3423295454059191,0.6974431817191132,1.2122451899810829,0.5400446611428739,0.5400446611428739
0.30000000000000004,-0.9,7591.42529296875,72.70539855957031,5.729061984952087,0.0,0.9,0.17045454545454544,0.27531645569620256,0.0,0.6078767122246787,0.05546246656448742,0.09286077743363781,0.9999999998579546,0.44886363629987736,0.6448863635447605,1.3512464701417282,0.6344517800136185,0.6344517800136185
0.40000000000000013,-0.9,7725.748046875,74.0035171508789,7.1328127819469085,0.0,0.9,0.15482954545454544,0.21485411140583555,0.0,0.5025210083189041,0.04194771729739932,0.0378922178712726,0.9999999998579546,0.5355113635602967,0.6221590908207161,1.4643597038351492,0.690970978204082,0.690970978204082
0.5,-0.9,7896.525390625,75.64138793945312,8.585889348091147,0.0,0.9,0.1434659090909091,0.1848341232227488,0.0,0.4295190712388858,0.029822915875547456,0.032310500781749026,0.9999999998579546,0.5994318180966717,0.5980113635514188,1.5315756982803712,0.728522566789432,0.728522566789432
0.6000000000000001,-0.9,8101.220703125,77.59725952148438,10.073867792968612,0.0,0.9,0.14204545454545456,0.17932489451476794,0.0,0.35596026484172844,0.026755856433275788,0.03127076411960133,0.9999999998579546,0.673295454449816,0.5965909090061661,1.5591343459518707,0.7492721741975499,0.7492721741975499
0.7000000000000002,-0.9,8337.9931640625,79.84744262695312,11.890883684431465,0.0,0.9,0.1377840909090909,0.15547024952015356,0.0,0.27512355843902414,0.026013820685727766,0.028558704453441292,0.9999999998579546,0.7400568180766965,0.5454545453770662,1.6060322544874075,0.7694156517927218,0.7694156517927218
0.8,-0.9,8603.3544921875,82.36751556396484,13.946160796567662,0.0,0.9,0.13210227272727273,0.13443830570902393,0.0,0.2307692307314617,0.02445599513117987,0.02475566475566476,0.9999999998579546,0.7713068180722575,0.49715909083847176,1.6232009093295476,0.7815058214769895,0.7815058214769895
0.9000000000000001,-0.9,8895.3681640625,85.13322448730469,inf,0.0,0.9,0.15056818181818182,0.12962962962962962,0.0,0.21404682270668116,0.04380783596199759,0.03303736638317692,0.9999999998579546,0.7670454544364993,0.4630681817524051,1.5901671083764988,0.75236761757254,0.75236761757254
1.0,-0.9,9211.59765625,88.12115478515625,inf,0.0,0.9,0.16619318181818182,0.1575091575091575,0.0,0.21635434408579995,0.05781142809388036,0.06409550381417388,0.9999999998579546,0.7755681817080159,0.43039772721159125,1.5602244285373565,0.7156206508796601,0.7156206508796601
-1.0,-0.8,8959.0947265625,85.5885009765625,inf,0.0,0.9,0.08806818181818182,0.09475806451612903,0.0,0.30062305291267555,0.03824513377709641,0.042774774774774774,0.9999999998579546,0.7045454544453771,0.42897727266633845,1.676444147972797,0.8059956526947263,0.8059956526947263
-0.9,-0.8,8630.1396484375,82.49320220947266,inf,0.0,0.9,0.07670454545454546,0.07660455486542443,0.0,0.31384615379786984,0.032002754002754,0.021368839227369284,0.9999999998579546,0.686079545357091,0.44318181811886626,1.689588155430492,0.8126774497115827,0.8126774497115827
-0.8,-0.8,8324.9873046875,79.61943817138672,inf,0.0,0.9,0.07386363636363637,0.06903765690376569,0.0,0.3174846625279932,0.026396704709210687,0.016385345581407928,0.9999999998579546,0.6789772726308271,0.4744318181144273,1.6795744050487396,0.8153849630134057,0.8153849630134057
-0.7,-0.8,8046.07421875,76.99234771728516,12.816853233342217,0.0,0.9,0.05113636363636364,0.04523809523809524,0.0,0.3997005987425598,0.01874141693070574,0.01153648245343213,0.9999999998579546,0.5965909090061661,0.4644886362976579,1.6745117127317242,0.8103587797087656,0.8103587797087656
-0.6,-0.8,7797.2294921875,74.63835144042969,10.607074381027884,0.0,0.9,0.052556818181818184,0.051490514905149054,0.0,0.4752623687443385,0.013660145890846168,0.012579829718558042,0.9999999998579546,0.5241477271982745,0.4218749999400746,1.6375080438998015,0.7858085363036116,0.7845641821621783
-0.5,-0.8,7580.1689453125,72.58439636230469,8.279567729934728,0.0,0.9,0.07670454545454546,0.08,0.0,0.7169230768127811,0.03273837678210447,0.017997864225781847,0.9999999998579546,0.2840909090505553,0.44176136357361345,1.4758608523080086,0.6901259965971507,0.6901259965971507
-0.3999999999999999,-0.8,7397.8779296875,70.85696411132812,6.525287048667046,0.0,0.9,0.14914772727272727,0.1322314049586777,0.0,0.8247078462730038,0.084514019656015,0.051934523809523805,0.9999999998579546,0.17187499997558595,0.48295454538594396,1.2832207832393239,0.5424547792739599,0.5424547792739599
-0.29999999999999993,-0.8,7253.7587890625,69.48076629638672,5.057593386361633,0.0,0.9,0.21306818181818182,0.352112676056338,0.0,0.9169675088597532,0.11645140184679287,0.140019619654955,0.9999999998579546,0.10085227271294712,0.5113636362909995,1.1219720393597528,0.4291371006915243,0.4291371006915243
-0.19999999999999996,-0.8,7149.4716796875,68.47732543945312,3.7349207711969874,0.0,0.9,0.3224431818181818,0.7368421052631579,0.0,0.9685534589164457,0.21241500328954513,0.5773333333333334,0.9999999998579546,0.08096590907940826,0.6093749999134411,0.9174426524295749,0.29628865384029895,0.29628865384029895
-0.09999999999999998,-0.8,7085.56005859375,67.86341094970703,2.9176476169987136,0.0,0.9,0.41051136363636365,0.9354838709677419,0.0,0.9903614455444911,0.30598343239988757,0.762280701754386,0.9999999998579546,0.08806818180567214,0.6832386362665854,0.7788796950131212,0.1887342041368655,0.1887342041368655
0.0,-0.8,7063.0380859375,67.64984130859375,2.5783833247650247,0.0,0.9,0.4346590909090909,0.8723404255319149,0.0,0.969849245987475,0.32144794764817125,0.6703282828282828,0.9999999998579546,0.133522727253761,0.7727272726175104,0.7499195938122416,0.16905650082067733,0.16905650082067733
0.10000000000000009,-0.8,7082.0283203125,67.84046936035156,2.6884604773169856,0.0,0.9,0.39488636363636365,0.8942307692307693,0.0,0.9741784035271881,0.27082486577045367,0.7214932126696832,0.9999999998579546,0.14772727270628874,0.7968749998868075,0.7910179799612602,0.2175380763306555,0.2175380763306555
0.20000000000000018,-0.8,7142.736328125,68.43192291259766,3.3056075489201917,0.0,0.9,0.29829545454545453,0.6697247706422018,0.0,0.9271255058851973,0.1967075117745883,0.3005220412705694,0.9999999998579546,0.15482954543255262,0.7187499998979049,0.9893514997717093,0.3638392422071106,0.3638392422071106
0.30000000000000004,-0.8,7243.9560546875,69.413818359375,4.198595572362843,0.0,0.9,0.21875,0.41089108910891087,0.0,0.7836363634938843,0.10500736875108513,0.12268518518518519,0.9999999998579546,0.28693181814106083,0.7215909089884104,1.1919350439430467,0.5218673005416353,0.5199704519027618
0.40000000000000013,-0.8,7385.0703125,70.76971435546875,5.3515966102291825,0.0,0.9,0.16335227272727273,0.24126984126984127,0.0,0.5942275041435947,0.05224472015909511,0.04934210526315789,0.9999999998579546,0.44744318175462455,0.673295454449816,1.3587587472651437,0.6289221691668939,0.6289221691668939
0.5,-0.8,7563.3583984375,72.47835540771484,6.5866214846994815,0.0,0.9,0.15198863636363635,0.19452054794520549,0.0,0.5075376883571964,0.03895285135136182,0.029446277056721922,0.9999999998579546,0.5184659090172634,0.6122159090039466,1.4556852610870021,0.6808757728806705,0.6808757728806705
0.6000000000000001,-0.8,7776.7421875,74.51515197753906,8.012396046017681,0.0,0.9,0.1434659090909091,0.1705607476635514,0.0,0.41127694852217633,0.032147058271931844,0.030399093623841366,0.9999999998579546,0.6079545453681883,0.5639204544653522,1.52800545960746,0.7244303222689755,0.7244303222689755
0.7000000000000002,-0.8,8022.7373046875,76.8536605834961,9.345129968477778,0.0,0.9,0.14488636363636365,0.15879828326180256,0.0,0.3488372092443792,0.028907888494124286,0.026405042439314165,0.9999999998579546,0.6619318180877938,0.5610795453748467,1.559008767190506,0.7454104660135219,0.7454104660135219
0.8,-0.8,8298.1328125,79.46691131591797,11.045348327100172,0.0,0.9,0.12357954545454546,0.14285714285714285,0.0,0.29983792539710896,0.022090413619288988,0.02553356016084132,0.9999999998579546,0.7159090908073993,0.49005681811220786,1.5956475787246844,0.773091433783925,0.773091433783925
0.9000000000000001,-0.8,8600.4267578125,82.32837677001953,12.907085301364033,0.0,0.9,0.14488636363636365,0.11752136752136752,0.0,0.3139534883199413,0.045484657312419526,0.039569682588550516,0.9999999998579546,0.6647727271782994,0.43607954539260235,1.5569035658686283,0.7368564913928282,0.7368564913928282
1.0,-0.8,8926.3974609375,85.41281127929688,inf,0.0,0.9,0.16477272727272727,0.18087318087318088,0.0,0.3299319727330048,0.05770319824557112,0.0711883032757914,0.9999999998579546,0.6832386362665854,0.39488636358027185,1.5200707737967576,0.715716932653635,0.715716932653635
-1.0,-0.7,8704.6865234375,83.18644714355469,inf,0.0,0.9,0.10227272727272728,0.11564625850340136,0.0,0.3829113923444761,0.044560190608430396,0.052415584943587765,0.9999999998579546,0.6264204544564744,0.43607954539260235,1.614351180789648,0.7735046256781417,0.7725274203031876
-0.9,-0.7,8365.5634765625,79.99369812011719,inf,0.0,0.9,0.08238636363636363,0.08636363636363636,0.0,0.3777089782697045,0.0356989670311574,0.03798446728406892,0.9999999998579546,0.6249999999112216,0.46732954538816346,1.639068264491561,0.7850324320565595,0.7850324320565595
-0.8,-0.7,8050.8779296875,77.02201843261719,inf,0.0,0.9,0.06534090909090909,0.05995203836930456,0.0,0.40425531908749923,0.025048352453417744,0.015759685516718764,0.9999999998579546,0.5923295453704077,0.4815340908406912,1.6409395082335723,0.7882613565093828,0.7882613565093828
-0.7,-0.7,7761.98486328125,74.29828643798828,11.12387438978518,0.0,0.9,0.061079545454545456,0.04891304347826087,0.0,0.47049924349916805,0.03052289803966291,0.015054189873540761,0.9999999998579546,0.5227272726530218,0.47301136356917456,1.6263636815722045,0.772593253336161,0.772593253336161
-0.6,-0.7,7503.236328125,71.85115051269531,9.261905802711036,0.0,0.9,0.07386363636363637,0.052980132450331126,0.0,0.5613496931654371,0.025075579599447617,0.02076079948420374,0.9999999998579546,0.42897727266633845,0.4687499999334162,1.5619907921494738,0.7287484570054357,0.7287484570054357
-0.5,-0.7,7277.15234375,69.71015167236328,7.3641274389627,0.0,0.9,0.08096590909090909,0.06779661016949153,0.0,0.7449768159590453,0.042019178056029644,0.025954997383568813,0.9999999998579546,0.25142045450974143,0.47301136356917456,1.4317179048529947,0.6593053587912479,0.6593053587912479
-0.3999999999999999,-0.7,7086.99169921875,67.90470123291016,5.665385454866347,0.0,0.9,0.15625,0.24615384615384617,0.0,0.9175084173539548,0.09677962404001314,0.11255411255411256,0.9999999998579546,0.09232954544143046,0.4985795453837245,1.1984707342651797,0.4907134064672367,0.4907134064672367
-0.29999999999999993,-0.7,6936.10986328125,66.46258544921875,4.269994675225224,0.0,0.9,0.3039772727272727,0.6756756756756757,0.0,0.9755102038825489,0.22338481767488627,0.33144651401230346,0.9999999998579546,0.052556818174352725,0.5440340908318133,0.9914432811802742,0.2959490687726378,0.29298981225561027
-0.19999999999999996,-0.7,6826.55029296875,65.40819549560547,3.2486835964680445,0.0,0.9,0.38636363636363635,0.9615384615384616,0.0,0.9953703701399605,0.27867354576501396,0.9220779220779222,0.9999999998579546,0.07386363635314437,0.6292613635469799,0.8200010778493714,0.20276396651788128,0.1989697997390877
-0.09999999999999998,-0.7,6759.603515625,64.76082611083984,2.547331700142333,0.0,0.9,0.4502840909090909,1.0,0.0,0.999999999741602,0.34241963774386275,1.0,0.9999999998579546,0.07386363635314437,0.7329545453504326,0.70595461913955,0.14961151739776105,0.1161193161367931
0.0,-0.7,6736.185546875,64.53289794921875,2.198903649020476,0.0,0.9,0.5042613636363636,1.0,0.0,0.999999999713467,0.37785662545735205,1.0,0.9999999998579546,0.09232954544143046,0.825284090791863,0.6546757214899044,0.08131977716793277,0.05782105553653396
0.10000000000000009,-0.7,6756.328125,64.72897338867188,2.1636286885631812,0.0,0.9,0.46448863636363635,0.9506172839506173,0.0,0.9893899201619655,0.3324281261715129,0.8775510204081634,0.9999999998579546,0.11505681816547489,0.8551136362421714,0.6775671337530621,0.10123405889485303,0.09839311082944101
0.20000000000000018,-0.7,6819.40478515625,65.34520721435547,2.499465356125577,0.0,0.9,0.40767045454545453,0.8518518518518519,0.0,0.9712230213498265,0.3078264594201638,0.5087197159565581,0.9999999998579546,0.11505681816547489,0.7755681817080159,0.7790184861310517,0.18271318674917642,0.18069331767976454
0.30000000000000004,-0.7,6924.8447265625,66.3697509765625,3.1212224893323812,0.0,0.9,0.3181818181818182,0.5675675675675675,0.0,0.8999999998125,0.2273865184486881,0.26300366300366296,0.9999999998579546,0.1576704545230582,0.7457386362577076,0.9702716328104155,0.31866497650762754,0.31622390747737045
0.40000000000000013,-0.7,7071.9755859375,67.78384399414062,4.038546373759853,0.0,0.9,0.21164772727272727,0.41875,0.0,0.8324324322824447,0.10644519127542296,0.12718698175787727,0.9999999998579546,0.22727272724044423,0.6889204544475965,1.1684791610252916,0.49880428176961333,0.49880428176961333
0.5,-0.7,7257.7255859375,69.56340789794922,5.009194111802182,0.0,0.9,0.1747159090909091,0.27450980392156865,0.0,0.6815834766468876,0.062940161313283,0.09191594445997577,0.9999999998579546,0.362215909039458,0.642045454454255,1.3078182333854411,0.5926995050352946,0.5926995050352946
0.6000000000000001,-0.7,7479.8115234375,71.68084716796875,6.052991898735896,0.0,0.9,0.16335227272727273,0.22388059701492538,0.0,0.558573853894979,0.04890311790142339,0.041063664394133816,0.9999999998579546,0.4758522726596801,0.5809659090083855,1.3994605869191945,0.6489595263931842,0.6489595263931842
0.7000000000000002,-0.7,7735.1123046875,74.1067886352539,7.204618778622451,0.0,0.9,0.14204545454545456,0.1876675603217158,0.0,0.4983443707784198,0.03326824287981882,0.03326799049099189,0.9999999998579546,0.5298295453792856,0.5440340908318133,1.4816135001186166,0.6989865802263757,0.6989865802263757
0.8,-0.7,8020.2666015625,76.81161499023438,8.466938592059147,0.0,0.9,0.13636363636363635,0.12834224598930483,0.0,0.46381578939739876,0.032185463544279265,0.02192567791138369,0.9999999998579546,0.5312499999245384,0.5156249999267578,1.5016741359306673,0.7072621254275331,0.7072621254275331
0.9000000000000001,-0.7,8332.2978515625,79.76656341552734,9.90766308187192,0.0,0.9,0.15767045454545456,0.12972972972972974,0.0,0.45699831358229376,0.051394559101874744,0.06815811699550016,0.9999999998579546,0.5255681817435273,0.45312499993563565,1.4488903361997725,0.6680727400130939,0.6680727400130939
1.0,-0.7,8667.7294921875,82.94454956054688,12.30430088995158,0.0,0.9,0.16477272727272727,0.18041237113402062,0.0,0.45918367339129534,0.05424465901206974,0.07065823782669335,0.9999999998579546,0.5511363635580773,0.3920454544897663,1.468819605376224,0.6791073455542453,0.6791073455542453
-1.0,-0.6,8478.49609375,81.0498275756836,inf,0.0,0.9,0.15625,0.19337016574585636,0.0,0.5084175083319162,0.0802735752292536,0.09842654726742482,0.9999999998579546,0.5142045453815051,0.4744318181144273,1.4693932274276604,0.679272996360639,0.679272996360639
-0.9,-0.6,8130.19873046875,77.7647933959961,inf,0.0,0.9,0.11221590909090909,0.13941018766756033,0.0,0.48639999992217603,0.05819301462407975,0.07446905898206563,0.9999999998579546,0.5298295453792856,0.4687499999334162,1.5286670613719984,0.7217545412474995,0.7217545412474995
-0.8,-0.6,7805.67919921875,74.6996841430664,10.572923130672512,0.0,0.9,0.09801136363636363,0.08181818181818182,0.0,0.5228346455869552,0.0536964624729843,0.03486963107216271,0.9999999998579546,0.4687499999334162,0.4857954544764495,1.5241705230661327,0.7188986824418021,0.7188986824418021
-0.7,-0.6,7507.73876953125,71.88306427001953,9.047520468564356,0.0,0.9,0.08664772727272728,0.0796812749003984,0.0,0.6407465006779555,0.048540299635433014,0.029487179487179487,0.9999999998579546,0.3565340908584469,0.4999999999289773,1.4781700164731657,0.6805590015026702,0.6805590015026702
-0.6,-0.6,7239.76416015625,69.34567260742188,7.670779808708576,0.0,0.9,0.10085227272727272,0.08839779005524862,0.0,0.7393364927741964,0.053300913399382595,0.040145085069805804,0.9999999998579546,0.25710227269075253,0.4928977272027134,1.3777594928835009,0.6238995479122195,0.6225761832461508
-0.5,-0.6,7005.27734375,67.11967468261719,6.256709215332074,0.0,0.9,0.17045454545454544,0.12359550561797752,0.0,0.8664383560160209,0.11180445149763438,0.09884716732542818,0.9999999998579546,0.1264204545274971,0.4872159090217023,1.2213546021693489,0.49298556518089365,0.49298556518089365
-0.3999999999999999,-0.6,6807.2783203125,65.23746490478516,4.923300048113266,0.0,0.9,0.24431818181818182,0.37142857142857144,0.0,0.9172932329102833,0.17200890532839633,0.21820330969267138,0.9999999998579546,0.09943181816769435,0.5255681817435273,1.0668575360966441,0.37017958604684037,0.37017958604684037
-0.29999999999999993,-0.6,6649.755859375,63.730003356933594,3.8348021592133135,0.0,0.9,0.34801136363636365,0.5625,0.0,0.923747276487201,0.258594078158927,0.4047619047619047,0.9999999998579546,0.11363636362022211,0.6207386362754633,0.9247833139667818,0.25004244566983613,0.24824900624468207
-0.19999999999999996,-0.6,6535.38427734375,62.62479782104492,2.9781623266148176,0.0,0.9,0.42613636363636365,0.85,0.0,0.9777227720352171,0.31340195163326334,0.5735106303057622,0.9999999998579546,0.08522727271516659,0.7031249999001243,0.799090123647732,0.17801564751423046,0.16772322321647154
-0.09999999999999998,-0.6,6465.248046875,61.943756103515625,2.3456686413538512,0.0,0.9,0.5028409090909091,0.9571428571428572,0.0,0.991428571145306,0.3808985232293864,0.7976190476190476,0.9999999998579546,0.09943181816769435,0.7982954544320603,0.6869025327744342,0.1035814811528716,0.07881317671172831
0.0,-0.6,6441.166015625,61.701171875,2.015375465798167,0.0,0.9,0.5113636363636364,1.0,0.0,0.9999999997093023,0.38698752175249557,1.0,0.9999999998579546,0.08096590907940826,0.8579545453326769,0.6329077277958852,0.06263179985252189,0.053273341181534456
0.10000000000000009,-0.6,6462.16259765625,61.902313232421875,1.9235978060025434,0.0,0.9,0.5241477272727273,1.0,0.0,0.9999999997014924,0.3953710742024536,1.0,0.9999999998579546,0.09232954544143046,0.8778409089662158,0.6338828871057803,0.06292888945522689,0.03156232811379902
0.20000000000000018,-0.6,6527.955078125,62.5428581237793,2.1166224937487557,0.0,0.9,0.4403409090909091,0.9833333333333333,0.0,0.9974619286808472,0.33481471624482123,0.75,0.9999999998579546,0.08522727271516659,0.8394886362443909,0.7102383303494243,0.11525575528482182,0.11038605621344974
0.30000000000000004,-0.6,6637.41796875,63.609371185302734,2.538477462753066,0.0,0.9,0.3650568181818182,0.7209302325581395,0.0,0.9463087246205125,0.23930147145559666,0.43684210526315786,0.9999999998579546,0.12215909089173878,0.742897727167202,0.8254036630944387,0.18675892656412235,0.18675892656412235
0.40000000000000013,-0.6,6790.2705078125,65.08061218261719,3.1337881670343655,0.0,0.9,0.3096590909090909,0.5714285714285714,0.0,0.907407407220698,0.18126616385054994,0.2384259259259259,0.9999999998579546,0.14914772725154152,0.7116477271716409,0.9529403241783437,0.2820320508637772,0.2820320508637772
0.5,-0.6,6982.876953125,66.92949676513672,3.9627350316894807,0.0,0.9,0.203125,0.4246575342465753,0.0,0.8502673795275816,0.08581652990087776,0.19281659816010963,0.9999999998579546,0.20738636360690535,0.6676136362688049,1.1222945273920646,0.4505492742057332,0.4505492742057332
0.6000000000000001,-0.6,7213.1123046875,69.12529754638672,4.718851263323054,0.0,0.9,0.18323863636363635,0.425531914893617,0.0,0.8591304346331947,0.06603170889133701,0.1473684210526316,0.9999999998579546,0.20028409088064147,0.5965909090061661,1.2083093990841949,0.5122323138011226,0.5122323138011226
0.7000000000000002,-0.6,7477.14453125,71.63565063476562,5.440727141076731,0.0,0.9,0.16477272727272727,0.2781954887218045,0.0,0.8367346937352492,0.04146104702184041,0.08091777913618467,0.9999999998579546,0.18892045451861927,0.5383522726508022,1.2667729493741533,0.5490090566091375,0.5490090566091375
0.8,-0.6,7770.990234375,74.42826843261719,6.481142808775722,0.0,0.9,0.16335227272727273,0.18803418803418803,0.0,0.8387096772769593,0.050624911861609785,0.04767025089605735,0.9999999998579546,0.16619318179457485,0.49147727265746066,1.2849784548165832,0.547020300151184,0.5464871234916757
0.9000000000000001,-0.6,8092.080078125,77.47220611572266,8.05342246450402,0.0,0.9,0.1534090909090909,0.11764705882352941,0.0,0.7231543622947728,0.05931251471953992,0.057765974569451144,0.9999999998579546,0.2656249999622692,0.46022727266189956,1.3688646552419232,0.584285711266185,0.584285711266185
1.0,-0.6,8437.6064453125,80.73865509033203,10.121919973428879,0.0,0.9,0.15198863636363635,0.1152073732718894,0.0,0.6783919596853615,0.05348706471398702,0.08001669104219859,0.9999999998579546,0.3082386363198525,0.36931818176572184,1.3909773691366587,0.596627930379602,0.596627930379602
-1.0,-0.5,8282.3447265625,79.20043182373047,inf,0.0,0.9,0.1903409090909091,0.2931596091205212,0.0,0.6192982455053863,0.10384618206239074,0.1470136486596268,0.9999999998579546,0.43607954539260235,0.49147727265746066,1.360919538064468,0.6119778062117134,0.6119778062117134
-0.9,-0.5,7925.4287109375,75.83069610595703,inf,0.0,0.9,0.17897727272727273,0.25650557620817843,0.0,0.6539792386411801,0.09381620332070166,0.1358519378844582,0.9999999998579546,0.38210227267299685,0.49005681811220786,1.3431400945046599,0.6038509790890663,0.6038509790890663
-0.8,-0.5,7592.41357421875,72.67923736572266,8.285201170768191,0.0,0.9,0.16477272727272727,0.2828282828282828,0.0,0.7585034012315471,0.08583463106673213,0.17050386700354675,0.9999999998579546,0.28124999996004973,0.5142045453815051,1.2848118900194392,0.5715023208660971,0.5715023208660971
-0.7,-0.5,7286.00439453125,69.7761001586914,7.116505037982279,0.0,0.9,0.19460227272727273,0.36065573770491804,0.0,0.8624338622817578,0.11753099185142209,0.15645371577574968,0.9999999998579546,0.17329545452083872,0.5227272726530218,1.1910459413027783,0.49614514533540455,0.49614514533540455
-0.6,-0.5,7009.9287109375,67.15399169921875,6.2047742799743535,0.0,0.9,0.2159090909090909,0.4691358024691358,0.0,0.922101449108315,0.13106608036061573,0.30165289256198347,0.9999999998579546,0.11505681816547489,0.5284090908340329,1.1160768968791135,0.43784313034749717,0.43784313034749717
-0.5,-0.5,6766.9111328125,64.84757232666016,5.1822752481459755,0.0,0.9,0.29545454545454547,0.7176470588235294,0.0,0.951612903033949,0.2000657094100526,0.3868612230681196,0.9999999998579546,0.12073863634648599,0.5482954544675717,1.0298648431967008,0.34436808970397104,0.3420777355812732
-0.3999999999999999,-0.5,6562.4521484375,62.89216232299805,4.276881395819966,0.0,0.9,0.32386363636363635,0.7333333333333333,0.0,0.9495798317332815,0.2221943465236706,0.3944893096939881,0.9999999998579546,0.12784090907274986,0.5710227271916161,0.9582178823305437,0.2891779775144321,0.2891779775144321
-0.29999999999999993,-0.5,6398.9365234375,61.3219108581543,3.4698606305693493,0.0,0.9,0.3778409090909091,0.8941176470588236,0.0,0.9794520545709013,0.2744883634165779,0.5078723404255319,0.9999999998579546,0.12073863634648599,0.6619318180877938,0.8702157365971445,0.23156374061926763,0.23156374061926763
-0.19999999999999996,-0.5,6280.1064453125,60.1674919128418,2.623889205660844,0.0,0.9,0.48011363636363635,0.9512195121951219,0.0,0.989071037981128,0.3610978597430939,0.6893047112462006,0.9999999998579546,0.11647727271072766,0.7556818180744771,0.7405481303124741,0.15158757615470622,0.11592999724652639
-0.09999999999999998,-0.5,6207.46240234375,59.45355224609375,2.096356632941946,0.0,0.9,0.5411931818181818,0.9878048780487805,0.0,0.9969040244591628,0.4214793806263704,0.9404761904761905,0.9999999998579546,0.11647727271072766,0.8536931816969187,0.6446964535555358,0.08581963184764302,0.05584589773481616
0.0,-0.5,6182.1025390625,59.19632339477539,1.8124165695324248,0.0,0.9,0.5525568181818182,1.0,0.0,0.9999999996825396,0.4320195735830482,1.0,0.9999999998579546,0.08522727271516659,0.896306818054502,0.5947751775601403,0.0508250738653781,0.031939196597569164
0.10000000000000009,-0.5,6203.119140625,59.4018669128418,1.7666436056443988,0.0,0.9,0.5667613636363636,1.0,0.0,0.999999999672131,0.46879950854523605,1.0,0.9999999998579546,0.08380681816991381,0.9133522725975353,0.6002776465937139,0.0719074576847384,-0.0011658310056565221
0.20000000000000018,-0.5,6271.23681640625,60.06537628173828,1.9101463274267927,0.0,0.9,0.48863636363636365,0.9827586206896551,0.0,0.997222221945216,0.36848041624987304,0.75,0.9999999998579546,0.08238636362466104,0.889204545328238,0.6685186597800428,0.06713096726064426,0.05755642234602308
0.30000000000000004,-0.5,6385.0859375,61.1717529296875,2.2927695521082176,0.0,0.9,0.3934659090909091,0.810126582278481,0.0,0.9648711941534259,0.2967821298426445,0.6885245901639344,0.9999999998579546,0.11221590907496934,0.7656249998912464,0.7812044274726891,0.13586507143255389,0.1346623971765119
0.40000000000000013,-0.5,6543.0576171875,62.697181701660156,2.752873590758955,0.0,0.9,0.328125,0.6764705882352942,0.0,0.9302325579428683,0.22213890828235092,0.5067508710801394,0.9999999998579546,0.1448863636157832,0.6974431817191132,0.8986966648222344,0.24077024046391204,0.22590287057242375
0.5,-0.5,6741.9921875,64.6115493774414,3.3677111449562327,0.0,0.9,0.2528409090909091,0.5675675675675675,0.0,0.9087452469755237,0.1490300463768203,0.3125,0.9999999998579546,0.1576704545230582,0.6534090908162772,1.0087235208559808,0.34222448044516335,0.34222448044516335
0.6000000000000001,-0.5,6979.90576171875,66.8809585571289,4.059166091083664,0.0,0.9,0.18181818181818182,0.43617021276595747,0.0,0.9079861109534747,0.06421402549618245,0.1393849206349206,0.9999999998579546,0.133522727253761,0.6065340908229355,1.121804074740634,0.4458608274831023,0.4458608274831023
0.7000000000000002,-0.5,7251.57177734375,69.4700927734375,4.774740219058314,0.0,0.9,0.15056818181818182,0.3157894736842105,0.0,0.934782608539334,0.041411925472367175,0.10525793650793651,0.9999999998579546,0.08096590907940826,0.5355113635602967,1.1914494288208595,0.48657218604226615,0.48657218604226615
0.8,-0.5,7554.1630859375,72.34412384033203,5.732654172627505,0.0,0.9,0.10227272727272728,0.17391304347826086,0.0,0.8797468353038376,0.043480079328531256,0.06403681788297172,0.9999999998579546,0.13068181816325544,0.4815340908406912,1.2697779935191926,0.5371654922443988,0.5371654922443988
0.9000000000000001,-0.5,7884.18896484375,75.47002410888672,7.124938553280921,0.0,0.9,0.10653409090909091,0.051470588235294115,0.0,0.7949125594920649,0.046596937782177876,0.030701754385964914,0.9999999998579546,0.1931818181543776,0.39914772721603015,1.3854673792392043,0.5772521809824565,0.5772521809824565
1.0,-0.5,8238.7685546875,78.81742858886719,9.136307113126302,0.0,0.9,0.0625,0.0913978494623656,0.0,0.7439393938266758,0.025786099740314213,0.038591269841269836,0.9999999998579546,0.26420454541701643,0.35369318176794134,1.4943521885044149,0.6781163315344252,0.6781163315344252
-1.0,-0.3999999999999999,8118.86279296875,77.65909576416016,inf,0.0,0.9,0.2002840909090909,0.4297520661157025,0.0,0.7548845469351892,0.11237403246802866,0.1727663491025701,0.9999999998579546,0.3437499999511719,0.5298295453792856,1.2750776606562022,0.5708931875310698,0.5708931875310698
-0.9,-0.3999999999999999,7754.787109375,74.21482849121094,inf,0.0,0.9,0.22727272727272727,0.5291005291005291,0.0,0.83639705866978,0.12754789501907532,0.19821283194417524,0.9999999998579546,0.26846590905277473,0.5113636362909995,1.1763864794057193,0.5055730894034265,0.5055730894034265
-0.8,-0.3999999999999999,7413.96044921875,70.98687744140625,6.7678159185186795,0.0,0.9,0.296875,0.6666666666666666,0.0,0.91717171698643,0.17738804435304417,0.36214507567292714,0.9999999998579546,0.1747159090660915,0.5312499999245384,1.0483374478830418,0.3935234678908276,0.3935234678908276
-0.7,-0.3999999999999999,7099.54248046875,68.00653076171875,5.8328689565120495,0.0,0.9,0.3181818181818182,0.775,0.0,0.9437499998033854,0.19206655026112707,0.47284852402499455,0.9999999998579546,0.17045454543033317,0.5397727271960551,0.9981424807868102,0.34376964531543686,0.34277032498424426
-0.6,-0.3999999999999999,6815.6572265625,65.3082504272461,4.939394385777123,0.0,0.9,0.3196022727272727,0.8918918918918919,0.0,0.974947807729656,0.1910640676097167,0.40269841269841267,0.9999999998579546,0.1576704545230582,0.5539772726485828,0.9522182273448863,0.3189652110762143,0.3189652110762143
-0.5,-0.3999999999999999,6566.62890625,62.928958892822266,4.181868515144635,0.0,0.9,0.34801136363636365,0.9152542372881356,0.0,0.9782135074121538,0.21004874060465367,0.5145833333333333,0.9999999998579546,0.16761363633982762,0.5809659090083855,0.9016446918865649,0.2764610911352759,0.2764610911352759
-0.3999999999999999,-0.3999999999999999,6356.166015625,60.906681060791016,3.5245712566741525,0.0,0.9,0.39204545454545453,0.9732142857142857,0.0,0.9929906539736003,0.27069202522953106,0.7950216450216451,0.9999999998579546,0.15909090906831097,0.6789772726308271,0.8514898912002171,0.22644074572744788,0.21996149501074624
-0.29999999999999993,-0.3999999999999999,6187.39453125,59.27860641479492,2.8292085650475225,0.0,0.9,0.4431818181818182,0.9824561403508771,0.0,0.9948979589298729,0.3449673134144888,0.822278911564626,0.9999999998579546,0.16193181815881652,0.7571022726197298,0.787776324959523,0.1968387354455589,0.16392202498623581
-0.19999999999999996,-0.3999999999999999,6064.5712890625,58.078460693359375,2.192645757422398,0.0,0.9,0.5383522727272727,0.9819819819819819,0.0,0.993846153540355,0.4305784765020865,0.823747680890538,0.9999999998579546,0.1576704545230582,0.8494318180611603,0.6666246269965644,0.12880125686252614,0.06444484025162439
-0.09999999999999998,-0.3999999999999999,5989.61572265625,57.33362579345703,1.8079895375354555,0.0,0.9,0.5738636363636364,0.9903846153846154,0.0,0.9966666663344443,0.486972982990244,0.8726415094339622,0.9999999998579546,0.14772727270628874,0.9019886362355131,0.5836416136693882,0.07149218046283078,0.028145774508667034
0.0,-0.3999999999999999,5962.4970703125,57.0622444152832,1.529688311889003,0.0,0.9,0.625,1.0,0.0,0.999999999621212,0.5145262860639056,1.0,0.9999999998579546,0.10795454543921101,0.9474431816836019,0.5082046774878948,0.04383542623758445,-0.031118176862472632
0.10000000000000009,-0.3999999999999999,5983.34765625,57.27119445800781,1.535317981374068,0.0,0.9,0.6122159090909091,1.0,0.0,0.9999999996336996,0.49934488518073117,1.0,0.9999999998579546,0.0965909090771888,0.9474431816836019,0.5208752936735578,0.06516277965585068,-0.028710808929470526
0.20000000000000018,-0.3999999999999999,6052.8544921875,57.9552001953125,1.7468778494771249,0.0,0.9,0.5255681818181818,1.0,0.0,0.9999999997005987,0.41083523406512107,1.0,0.9999999998579546,0.08238636362466104,0.9232954544143047,0.6237178122022394,0.051103151677826524,0.0389094263048105
0.30000000000000004,-0.3999999999999999,6170.5390625,59.0975341796875,2.1270909982991952,0.0,0.9,0.42613636363636365,0.9047619047619048,0.0,0.9851485146076364,0.3361921360619657,0.6380081300813009,0.9999999998579546,0.08948863635092491,0.8309659089728743,0.7523754438090795,0.11412610495244561,0.11338811557862641
0.40000000000000013,-0.3999999999999999,6334.3779296875,60.671905517578125,2.572305352494867,0.0,0.9,0.32386363636363635,0.7741935483870968,0.0,0.9705882350902125,0.23960567053496581,0.6666666666666666,0.9999999998579546,0.08806818180567214,0.7102272726263882,0.8677429164567921,0.2375979365452626,0.22583027916817486
0.5,-0.3999999999999999,6539.58984375,62.645225524902344,3.1419055826488256,0.0,0.9,0.24147727272727273,0.6049382716049383,0.0,0.9400749061909973,0.13662508079666308,0.3861088323762647,0.9999999998579546,0.11505681816547489,0.6704545453593105,1.0090057540074597,0.3438300652300885,0.3428600849064619
0.6000000000000001,-0.3999999999999999,6783.4580078125,64.98057556152344,3.8281730607281568,0.0,0.9,0.19460227272727273,0.38571428571428573,0.0,0.9241622573325993,0.08270608654930085,0.13760683760683762,0.9999999998579546,0.09943181816769435,0.6051136362776828,1.1478300004291382,0.4286228253167019,0.4286228253167019
0.7000000000000002,-0.3999999999999999,7061.9541015625,67.63990783691406,4.661268538668422,0.0,0.9,0.10085227272727272,0.16129032258064516,0.0,0.8767772510463228,0.04163771197302392,0.075,0.9999999998579546,0.13210227270850822,0.5255681817435273,1.2885936733961565,0.5512919968787031,0.5512919968787031
0.8,-0.3999999999999999,7372.13916015625,70.58604431152344,5.8032101190297665,0.0,0.9,0.05965909090909091,0.08791208791208792,0.0,0.7492447128777576,0.020425315778185557,0.03675324675324675,0.9999999998579546,0.25852272723600533,0.4886363635669551,1.4389636005339383,0.654409431139246,0.654409431139246
0.9000000000000001,-0.3999999999999999,7710.0693359375,73.78411102294922,7.12542878522393,0.0,0.9,0.04971590909090909,0.04838709677419355,0.0,0.6472346785280666,0.0194285251740327,0.03512465795074491,0.9999999998579546,0.35227272722268854,0.4034090908517885,1.55063507826268,0.717713127140706,0.717713127140706
1.0,-0.3999999999999999,8072.32666015625,77.2023696899414,9.014052872641134,0.0,0.9,0.03125,0.046511627906976744,0.0,0.579178885545575,0.015034537620219132,0.03905723905723906,0.9999999998579546,0.4275568181210857,0.35227272722268854,1.6394946342642907,0.7764781551755966,0.7764781551755966
-1.0,-0.29999999999999993,7989.986328125,76.44473266601562,inf,0.0,0.9,0.2883522727272727,0.5036231884057971,0.0,0.7265469060426054,0.16921550094961196,0.2367636393796622,0.9999999998579546,0.3920454544897663,0.5553977271938356,1.1318314577481385,0.487580264917713,0.487580264917713
-0.9,-0.29999999999999993,7619.666015625,72.93867492675781,inf,0.0,0.9,0.34232954545454547,0.5943775100401606,0.0,0.7818574512350199,0.2064392885400427,0.3160304832386238,0.9999999998579546,0.35369318176794134,0.5440340908318133,1.047265145893022,0.4142785026715531,0.4142785026715531
-0.8,-0.29999999999999993,7272.3388671875,69.64690399169922,6.0955689916466165,0.0,0.9,0.3380681818181818,0.6502463054187192,0.0,0.8476394847966439,0.20002438939033146,0.29639765465080997,0.9999999998579546,0.28835227268631364,0.5255681817435273,1.011713149508784,0.39805343549808136,0.39805343549808136
-0.7,-0.29999999999999993,6951.5537109375,66.60171508789062,5.058482926072175,0.0,0.9,0.3664772727272727,0.7283236994219653,0.0,0.8946188338801303,0.22831262300138117,0.3716164104095139,0.9999999998579546,0.24573863632873033,0.5568181817390884,0.9506939185359742,0.3340034373188834,0.3340034373188834
-0.6,-0.29999999999999993,6661.8291015625,63.83900833129883,4.110554115900314,0.0,0.9,0.3849431818181818,0.8076923076923077,0.0,0.930715935119927,0.24041545677661008,0.45012307953484426,0.9999999998579546,0.22159090905943313,0.60369318173243,0.8907325545713314,0.2851580175556647,0.2851580175556647
-0.5,-0.29999999999999993,6407.7041015625,61.397579193115234,3.3964207297116604,0.0,0.9,0.4090909090909091,0.891156462585034,0.0,0.9615384613073225,0.26738396315709945,0.5792673992673993,0.9999999998579546,0.20880681815215812,0.6960227271738605,0.8332702194435778,0.2312446325949038,0.2312446325949038
-0.3999999999999999,-0.29999999999999993,6191.8544921875,59.317832946777344,2.71925349364416,0.0,0.9,0.4460227272727273,0.9463087248322147,0.0,0.9794871792360289,0.310619244938031,0.7641025641025642,0.9999999998579546,0.21164772724266367,0.794034090796302,0.75972844991268,0.17564039218111904,0.1746926487674182
-0.29999999999999993,-0.29999999999999993,6019.1533203125,57.639617919921875,2.1367956747523857,0.0,0.9,0.5198863636363636,0.9772727272727273,0.0,0.9911242600617974,0.38909256608230053,0.8498789346246973,0.9999999998579546,0.1874999999733665,0.845170454425402,0.6585392084582047,0.11186803219587745,0.08510715586028773
-0.19999999999999996,-0.29999999999999993,5892.658203125,56.39942932128906,1.6897859311375274,0.0,0.9,0.6022727272727273,0.9847328244274809,0.0,0.992857142502551,0.48851745158746324,0.8705357142857143,0.9999999998579546,0.1860795454281137,0.9076704544165242,0.5461950811141438,0.06763097300594596,0.01101208515053738
-0.09999999999999998,-0.29999999999999993,5815.12890625,55.62712478637695,1.3466673858635374,0.0,0.9,0.6917613636363636,0.9921875,0.0,0.9953917046104186,0.5883541149628595,0.8868686868686869,0.9999999998579546,0.18181818179235537,0.9701704544076463,0.423641007459312,0.0726476097066564,-0.072623686695182
0.0,-0.29999999999999993,5786.55859375,55.3426399230957,1.1945748112192807,0.0,0.9,0.7571022727272727,1.0,0.0,0.9999999994152047,0.6647282776418012,1.0,0.9999999998579546,0.16619318179457485,0.9843749998601741,0.359239792943311,0.13952201569549144,-0.13952201569549144
0.10000000000000009,-0.29999999999999993,5807.6826171875,55.553627014160156,1.2694232348434558,0.0,0.9,0.71875,1.0,0.0,0.9999999994949496,0.6359270083219254,1.0,0.9999999998579546,0.1264204545274971,0.9815340907696685,0.4028556508206572,0.10789355324040893,-0.10789355324040893
0.20000000000000018,-0.29999999999999993,5878.8916015625,56.254425048828125,1.4967498643228707,0.0,0.9,0.6079545454545454,1.0,0.0,0.999999999637681,0.5072325940054709,1.0,0.9999999998579546,0.09943181816769435,0.9644886362266352,0.5220793016742148,0.07364717402552926,-0.024679796819164657
0.30000000000000004,-0.29999999999999993,5999.39111328125,57.426822662353516,1.9284007807465053,0.0,0.9,0.46448863636363635,1.0,0.0,0.999999999734748,0.37270529139070074,1.0,0.9999999998579546,0.07954545453415549,0.9090909089617769,0.6969843567267686,0.1101761531448911,0.09503942863581821
0.40000000000000013,-0.29999999999999993,6167.33203125,59.04225540161133,2.4474917102607288,0.0,0.9,0.359375,0.9772727272727273,0.0,0.9977827048785404,0.2611633167009734,0.625,0.9999999998579546,0.062499999991122164,0.7642045453459937,0.8442929254953954,0.20121005078526133,0.19428710843141803
0.5,-0.29999999999999993,6377.74658203125,61.06502151489258,3.109868888326698,0.0,0.9,0.2471590909090909,0.875,0.0,0.992452830001424,0.1498688106358282,0.568,0.9999999998579546,0.04545454544808884,0.6946022726286076,1.018239734219664,0.3340276237012076,0.3340276237012076
0.6000000000000001,-0.29999999999999993,6626.7548828125,63.45553970336914,3.838719593176502,0.0,0.9,0.13920454545454544,0.5121951219512195,0.0,0.9669966995103967,0.07092575399575261,0.3142857142857143,0.9999999998579546,0.05823863635536383,0.6335227271827383,1.1836973251669614,0.48364993713685095,0.48016984598394474
0.7000000000000002,-0.29999999999999993,6911.12158203125,66.17332458496094,4.778259190556198,0.0,0.9,0.08238636363636363,0.1623931623931624,0.0,0.8482972134909758,0.028475657815106872,0.0536388140161725,0.9999999998579546,0.16619318179457485,0.5468749999223189,1.365453780480179,0.6042694492973111,0.6029801005774414
0.8,-0.29999999999999993,7227.3828125,69.17922973632812,6.041103871652807,0.0,0.9,0.05965909090909091,0.05573770491803279,0.0,0.5649546826941156,0.01739769021352274,0.02402785438499724,0.9999999998579546,0.4332386363020968,0.44886363629987736,1.5433321663581894,0.7083735907709361,0.7083735907709361
0.9000000000000001,-0.29999999999999993,7571.77001953125,72.43682861328125,7.61055753031429,0.0,0.9,0.03551136363636364,0.0335195530726257,0.0,0.49042709860229355,0.008979301842042023,0.010458937198067631,0.9999999998579546,0.508522727200494,0.3963068181255246,1.6426476247471968,0.7769159822833678,0.7769159822833678
1.0,-0.29999999999999993,7940.84765625,75.91328430175781,9.238622494720131,0.0,0.9,0.03835227272727273,0.026954177897574125,0.0,0.466765140256017,0.013848631239935587,0.012862179034285859,0.9999999998579546,0.52698863628878,0.35369318176794134,1.6744377261416752,0.7872368262397456,0.7872368262397456
-1.0,-0.19999999999999996,7896.9150390625,75.57333374023438,inf,0.0,0.9,0.3465909090909091,0.4701086956521739,0.0,0.5760869563965028,0.22802149175731273,0.2946501915029979,0.9999999998579546,0.5227272726530218,0.5937499999156606,1.0974896562689485,0.47385411083150375,0.47385411083150375
-0.9,-0.19999999999999996,7521.8515625,72.02058410644531,inf,0.0,0.9,0.34801136363636365,0.47761194029850745,0.0,0.6187363833074648,0.23506717712323652,0.30730053318509754,0.9999999998579546,0.4758522726596801,0.6065340908229355,1.069873065225529,0.45266405768185997,0.45214707925798037
-0.8,-0.19999999999999996,7170.00439453125,68.68030548095703,5.63533296663913,0.0,0.9,0.3693181818181818,0.5084175084175084,0.0,0.6711711710200065,0.24874726478352613,0.31836865871575487,0.9999999998579546,0.4218749999400746,0.6093749999134411,1.0106358624798393,0.40382802567967935,0.40382802567967935
-0.7,-0.19999999999999996,6845.0556640625,65.58550262451172,4.596482386851215,0.0,0.9,0.4119318181818182,0.5362318840579711,0.0,0.6908212558717822,0.2907644381593129,0.35405532547970664,0.9999999998579546,0.3920454544897663,0.6463068180900132,0.9489255139100367,0.3280865855962041,0.3280865855962041
-0.6,-0.19999999999999996,6550.7216796875,62.77316665649414,3.705227861532619,0.0,0.9,0.4034090909090909,0.6177777777777778,0.0,0.7952380950487528,0.28362902609482155,0.43547293588054453,0.9999999998579546,0.3196022726818747,0.698863636264366,0.8921286535911394,0.30387782378997275,0.3015917362248933
-0.5,-0.19999999999999996,6291.87255859375,60.28350830078125,2.9181144405723507,0.0,0.9,0.4474431818181818,0.6908212560386473,0.0,0.8354755781913944,0.31186995291129277,0.46097733734822466,0.9999999998579546,0.29403409086732474,0.7585227271649826,0.788730339554191,0.22468053242468877,0.22468053242468877
-0.3999999999999999,-0.19999999999999996,6072.34228515625,58.15874099731445,2.231146022714041,0.0,0.9,0.5085227272727273,0.8430232558139535,0.0,0.9219653176526111,0.3560178083609007,0.6566951566951568,0.9999999998579546,0.24431818178347756,0.8338068180633798,0.6786187402952562,0.13859996196356159,0.13859996196356159
-0.29999999999999993,-0.19999999999999996,5896.4248046875,56.440860748291016,1.6429770168583067,0.0,0.9,0.6107954545454546,0.9235294117647059,0.0,0.9525547441778996,0.4706163448612202,0.7403776325344952,0.9999999998579546,0.24147727269297198,0.8991477271450075,0.5276375635669057,0.05932671563193859,0.022437148819702372
-0.19999999999999996,-0.19999999999999996,5767.9375,55.1685676574707,1.1989917971243944,0.0,0.9,0.7769886363636364,0.9865771812080537,0.0,0.9872611458679865,0.6526322191734086,0.8853046594982079,0.9999999998579546,0.21164772724266367,0.9815340907696685,0.3512877661691615,0.13402815145517952,-0.13402815145517952
-0.09999999999999998,-0.19999999999999996,5688.0947265625,54.37374496459961,0.9854118896980351,0.0,0.9,0.8863636363636364,0.9931972789115646,0.0,0.9874999987656251,0.8213374092731572,0.8981481481481481,0.9999999998579546,0.20880681815215812,0.997159090767449,0.24350056583581434,0.20326761843481295,-0.20270012050976183
0.0,-0.19999999999999996,5658.74267578125,54.077823638916016,0.9273543327730223,0.0,0.9,0.8892045454545454,1.0,0.0,0.9999999987179488,0.8286535256470547,1.0,0.9999999998579546,0.22159090905943313,0.9985795453127018,0.21452396017864334,0.19275578079547181,-0.19275578079547181
0.10000000000000009,-0.19999999999999996,5680.755859375,54.28913497924805,1.0183789474933995,0.0,0.9,0.8423295454545454,1.0,0.0,0.9999999990990992,0.7673410628936158,1.0,0.9999999998579546,0.16193181815881652,0.9928977271316907,0.27497193093914174,0.18334175263808797,-0.18334175263808797
0.20000000000000018,-0.19999999999999996,5753.890625,55.0017204284668,1.2435161629250162,0.0,0.9,0.7059659090909091,1.0,0.0,0.9999999995169082,0.6170891919231786,1.0,0.9999999998579546,0.12073863634648599,0.9857954544054268,0.4021823142365238,0.08852957735118658,-0.08852957735118658
0.30000000000000004,-0.19999999999999996,5876.23095703125,56.19621658325195,1.7221118163562679,0.0,0.9,0.5014204545454546,1.0,0.0,0.9999999997150997,0.4159621180556507,1.0,0.9999999998579546,0.07386363635314437,0.9303977271405686,0.6269668801266268,0.08409976777720796,0.0662098200644497
0.40000000000000013,-0.19999999999999996,6046.2158203125,57.84225082397461,2.314069705213391,0.0,0.9,0.3835227272727273,0.9722222222222222,0.0,0.9976958523046783,0.29223085898498197,0.7361111111111112,0.9999999998579546,0.05113636362909995,0.8309659089728743,0.8205085082709437,0.18744888571278673,0.1716091765211999
0.5,-0.19999999999999996,6259.3740234375,59.902000427246094,2.9324440039297417,0.0,0.9,0.26420454545454547,0.8484848484848485,0.0,0.9903474901563036,0.1715747676060428,0.5599999999999999,0.9999999998579546,0.046874999993341625,0.7571022726197298,0.9797810997684604,0.30753958035615586,0.30753958035615586
0.6000000000000001,-0.19999999999999996,6512.458984375,62.33379364013672,3.7618096616524497,0.0,0.9,0.1434659090909091,0.5714285714285714,0.0,0.9751243779477407,0.06572327938440937,0.25980392156862747,0.9999999998579546,0.049715909083847175,0.6477272726352661,1.1673142188035415,0.4655055439564297,0.4655055439564297
0.7000000000000002,-0.19999999999999996,6801.775390625,65.09526824951172,4.799628907699796,0.0,0.9,0.07386363636363637,0.15517241379310345,0.0,0.8496932514034213,0.022211338638659133,0.011180124223602485,0.9999999998579546,0.16477272724932207,0.5582386362843411,1.3950030494775794,0.6333175988631828,0.6333175988631828
0.8,-0.19999999999999996,7123.32421875,68.14572143554688,6.1051963337832165,0.0,0.9,0.07102272727272728,0.05970149253731343,0.0,0.5183486237739529,0.023775340644732468,0.0242807966560118,0.9999999998579546,0.4758522726596801,0.47869318175018566,1.5624862679782276,0.7131961032217666,0.7131961032217666
0.9000000000000001,-0.19999999999999996,7472.9580078125,71.44757843017578,7.8688515467982825,0.0,0.9,0.041193181818181816,0.03926701570680628,0.0,0.4562962962286969,0.010233728945871207,0.002617801047120419,0.9999999998579546,0.5426136362865606,0.41193181812330515,1.6675997826394164,0.783096784049892,0.783096784049892
1.0,-0.19999999999999996,7846.486328125,74.96714782714844,9.920313571564044,0.0,0.9,0.03125,0.030162412993039442,0.0,0.38709677413678933,0.006345259090715257,0.002029664324746292,0.9999999998579546,0.6122159090039466,0.3607954544942052,1.7392301477438297,0.8381561651326928,0.8358615283658973
-1.0,-0.09999999999999998,7840.9208984375,75.05706024169922,inf,0.0,0.9,0.37642045454545453,0.5,0.0,0.5512528472548399,0.26187341257840174,0.3544673149713597,0.9999999998579546,0.5596590908295939,0.6264204544564744,1.0618938245501972,0.45633550983539056,0.45633550983539056
-0.9,-0.09999999999999998,7462.69287109375,71.4745864868164,inf,0.0,0.9,0.375,0.49577464788732395,0.0,0.5931818180470041,0.2738039486762303,0.3618843346058536,0.9999999998579546,0.5042613635647356,0.6491477271805188,1.0309236892812461,0.4308523536682973,0.4308523536682973
-0.8,-0.09999999999999998,7108.0126953125,68.10324096679688,5.57859415704918,0.0,0.9,0.3806818181818182,0.5112540192926045,0.0,0.6513761466395926,0.30123574950406456,0.3532132574237838,0.9999999998579546,0.44176136357361345,0.6889204544475965,1.0102543216757154,0.39686339798523546,0.39686339798523546
-0.7,-0.09999999999999998,6780.560546875,64.97647094726562,4.534993130464684,0.0,0.9,0.37926136363636365,0.550561797752809,0.0,0.7254004574999083,0.2996242369388753,0.3442362501768442,0.9999999998579546,0.3792613635824913,0.7059659089906298,0.9607006345980246,0.3605019845589603,0.3605019845589603
-0.6,-0.09999999999999998,6483.84765625,62.13187026977539,3.619210448741764,0.0,0.9,0.40198863636363635,0.5982532751091703,0.0,0.7814726838998877,0.29282834521288675,0.4830533783667646,0.9999999998579546,0.3252840908628858,0.7258522726241687,0.8793098241070993,0.2997475403087885,0.2997475403087885
-0.5,-0.09999999999999998,6222.05517578125,59.61056900024414,2.7757132234526005,0.0,0.9,0.4446022727272727,0.6267942583732058,0.0,0.8005115087466722,0.3198470158822069,0.45498401380754316,0.9999999998579546,0.2968749999578303,0.781249999889027,0.7844890639876004,0.2287337763263031,0.2287337763263031
-0.3999999999999999,-0.09999999999999998,6000.0087890625,57.4559326171875,2.0428774387870074,0.0,0.9,0.5482954545454546,0.6946902654867256,0.0,0.7830188676782959,0.3947568847115806,0.49675945639060387,0.9999999998579546,0.3210227272271275,0.8607954544231825,0.6349796213173269,0.11346907657818532,0.10913378793607861
-0.29999999999999993,-0.09999999999999998,5822.3857421875,55.7113037109375,1.384908826115503,0.0,0.9,0.7201704545454546,0.9139784946236559,0.0,0.9187817254219383,0.5742731773325735,0.7911111111111111,0.9999999998579546,0.26420454541701643,0.9417613635025908,0.41986315068276076,0.09955035108723183,-0.058877129769440394
-0.19999999999999996,-0.09999999999999998,5692.6201171875,54.41687774658203,1.006947421543287,0.0,0.9,0.8778409090909091,0.9845360824742269,0.0,0.9651162779475393,0.7935038093753395,0.9721611721611723,0.9999999998579546,0.27556818177903863,0.9928977271316907,0.24392717021007437,0.16689739355769276,-0.16689739355769276
-0.09999999999999998,-0.09999999999999998,5611.5791015625,53.60587692260742,0.8146672770826119,0.0,0.9,0.9403409090909091,0.9952153110047847,0.0,0.9761904738662132,0.9093974675693546,0.9926652892561983,0.9999999998579546,0.2968749999578303,0.9999999998579546,0.1444604115789991,0.1744809024807558,-0.1744809024807558
0.0,-0.09999999999999998,5581.7626953125,53.30078887939453,0.7737436874447817,0.0,0.9,0.9545454545454546,1.0,0.0,0.999999996875,0.9303022982032464,1.0,0.9999999998579546,0.3139204545008636,0.9999999998579546,0.12437377403201297,0.1776327720332141,-0.1776327720332141
0.10000000000000009,-0.09999999999999998,5604.4189453125,53.51041793823242,0.8270224745299953,0.0,0.9,0.9318181818181818,1.0,0.0,0.9999999979166666,0.8929089720159271,1.0,0.9999999998579546,0.23863636360246643,0.9985795453127018,0.16244760414046988,0.19681351748333306,-0.19681351748333306
0.20000000000000018,-0.09999999999999998,5678.41845703125,54.22870635986328,1.0699057210846168,0.0,0.9,0.8068181818181818,1.0,0.0,0.999999999264706,0.7244398882988645,1.0,0.9999999998579546,0.1505681817967943,0.9914772725864379,0.3087914088110538,0.1618422334260274,-0.1618422334260274
0.30000000000000004,-0.09999999999999998,5802.5087890625,55.43553924560547,1.4973214620238622,0.0,0.9,0.5582386363636364,0.9846153846153847,0.0,0.9967845655958891,0.4652569894219713,0.8506493506493508,0.9999999998579546,0.09232954544143046,0.9488636362288546,0.5297767505802603,0.08894367760487129,0.012908402016511831
0.40000000000000013,-0.09999999999999998,5973.7880859375,57.099422454833984,2.10911834490021,0.0,0.9,0.4318181818181818,0.9772727272727273,0.0,0.997499999750625,0.3530505666205984,0.7386363636363636,0.9999999998579546,0.062499999991122164,0.889204545328238,0.7484276775243411,0.14981036481513277,0.12557969997684484
0.5,-0.09999999999999998,6188.54638671875,59.18115234375,2.816279038922721,0.0,0.9,0.28551136363636365,0.8846153846153846,0.0,0.9940357850906489,0.18478666388176765,0.5727272727272728,0.9999999998579546,0.036931818176572186,0.749999999893466,0.9470976917640039,0.2787395359371136,0.2787395359371136
0.6000000000000001,-0.09999999999999998,6444.23828125,61.6376953125,3.7156644179937492,0.0,0.9,0.14772727272727273,0.6774193548387096,0.0,0.9833333331694445,0.05913261801967334,0.20833333333333331,0.9999999998579546,0.04403409090283607,0.6534090908162772,1.1478537452098783,0.4602102614962569,0.4602102614962569
0.7000000000000002,-0.09999999999999998,6736.75927734375,64.42550659179688,4.789359872800586,0.0,0.9,0.08096590909090909,0.25882352941176473,0.0,0.9026275114524533,0.029147643467643466,0.06818181818181818,0.9999999998579546,0.12073863634648599,0.5411931817413078,1.3637240129161972,0.6176112195398558,0.6176112195398558
0.8,-0.09999999999999998,7061.419921875,67.50289154052734,6.172790427878641,0.0,0.9,0.05965909090909091,0.06756756756756757,0.0,0.5830815709089001,0.02099485128292413,0.0045045045045045045,0.9999999998579546,0.4204545453948218,0.47159090902392176,1.5628137794856602,0.7325163515080333,0.7325163515080333
0.9000000000000001,-0.09999999999999998,7413.7861328125,70.83153533935547,8.002657470777732,0.0,0.9,0.041193181818181816,0.04207920792079208,0.0,0.4266666666034568,0.010154882154882156,0.0028052805280528053,0.9999999998579546,0.5738636362821217,0.40624999994229405,1.6886784148432201,0.8099938240708129,0.8099938240708129
1.0,-0.09999999999999998,7789.83984375,74.37720489501953,10.13820136130355,0.0,0.9,0.03125,0.028077753779697623,0.0,0.3401759530292997,0.0022633744855967077,0.001875901875901876,0.9999999998579546,0.6576704544520354,0.4105113635780524,1.7583975242870495,0.8515498254480753,0.8515498254480753
-1.0,0.0,7824.19482421875,74.90335083007812,inf,0.0,0.9,0.36079545454545453,0.470873786407767,0.0,0.5155555554409876,0.27733691686891515,0.36897095959595966,0.9999999998579546,0.5852272726441439,0.6491477271805188,1.1012057786002618,0.4861294779586781,0.4861294779586781
-0.9,0.0,7444.12353515625,71.3093490600586,7.066554612161294,0.0,0.9,0.34517045454545453,0.47107438016528924,0.0,0.5835140996565045,0.27291048883560265,0.36488798734435596,0.9999999998579546,0.5156249999267578,0.6633522726330466,1.0858124663143973,0.4794663511332343,0.4794663511332343
-0.8,0.0,7087.947265625,67.9258041381836,5.76710574369215,0.0,0.9,0.3380681818181818,0.48534201954397393,0.0,0.6609442058667502,0.2670045228819337,0.3642442520145515,0.9999999998579546,0.43607954539260235,0.7059659089906298,1.0443897604410826,0.44028821410536706,0.44028821410536706
-0.7,0.0,6759.8330078125,64.7862777709961,4.69358474626038,0.0,0.9,0.3494318181818182,0.5169811320754717,0.0,0.7205240173099292,0.26172571385129323,0.3248144933797117,0.9999999998579546,0.37642045449198575,0.7301136362599271,0.9908008499447569,0.3953602593479563,0.3953602593479563
-0.6,0.0,6462.337890625,61.92855453491211,3.669492471454432,0.0,0.9,0.39204545454545453,0.569620253164557,0.0,0.761682242812691,0.303119329949072,0.45636235109919315,0.9999999998579546,0.336647727224908,0.7514204544387187,0.9009712479749735,0.319248802410265,0.319248802410265
-0.5,0.0,6200.0625,59.39405059814453,2.89470882385148,0.0,0.9,0.4474431818181818,0.5826086956521739,0.0,0.7532133674156264,0.33821852237092986,0.486547293335939,0.9999999998579546,0.3267045454081386,0.8082386362488297,0.8042564166464701,0.2445187204660894,0.2422383988878234
-0.3999999999999999,0.0,5977.6162109375,57.22652053833008,2.0837149647371684,0.0,0.9,0.5696022727272727,0.6478260869565218,0.0,0.7326732670849263,0.4422800432861079,0.5187493039313955,0.9999999998579546,0.3267045454081386,0.8863636362377325,0.6285769744670106,0.13610238366004873,0.1106438895581004
-0.29999999999999993,0.0,5799.107421875,55.469825744628906,1.4066242501956556,0.0,0.9,0.7428977272727273,0.8941798941798942,0.0,0.8895027619395013,0.6107510862467914,0.7284267738813193,0.9999999998579546,0.26846590905277473,0.9517045453193602,0.41942396758026457,0.12864104885493377,-0.050897134388484686
-0.19999999999999996,0.0,5668.220703125,54.164695739746094,0.9970277240453257,0.0,0.9,0.8877840909090909,0.9905660377358491,0.0,0.9746835430700209,0.8245824303992891,0.9848484848484849,0.9999999998579546,0.3011363635935886,0.9957386362221963,0.2324378905855257,0.1518839793814384,-0.1518839793814384
-0.09999999999999998,0.0,5586.3544921875,53.34489822387695,0.7843317209813255,0.0,0.9,0.9431818181818182,0.9961240310077519,0.0,0.9749999975625,0.9109666640140908,0.9962174524982407,0.9999999998579546,0.3664772726752163,0.9999999998579546,0.12053483383361467,0.15048984678327362,-0.15048984678327362
0.0,0.0,5556.841796875,53.03336715698242,0.7432299893176935,0.0,0.9,0.9659090909090909,1.0,0.0,0.9999999958333333,0.946275958616264,1.0,0.9999999998579546,0.36931818176572184,0.9999999998579546,0.09881792698246086,0.15430217819197514,-0.15430217819197514
0.10000000000000009,0.0,5579.9033203125,53.23919677734375,0.7866239584590305,0.0,0.9,0.9403409090909091,1.0,0.0,0.9999999976190476,0.9054849042153853,1.0,0.9999999998579546,0.23579545451196088,0.9999999998579546,0.13332681140152755,0.17103496950257885,-0.17103496950257885
0.20000000000000018,0.0,5654.5927734375,53.95635986328125,0.9967785170277853,0.0,0.9,0.8636363636363636,1.0,0.0,0.9999999989583334,0.7919835855092726,1.0,0.9999999998579546,0.17187499997558595,0.9900568180411852,0.26406675302130295,0.19896724582562758,-0.19847002291271593
0.30000000000000004,0.0,5779.25048828125,55.1645622253418,1.409782310154101,0.0,0.9,0.6392045454545454,1.0,0.0,0.9999999996062993,0.5250289708195376,1.0,0.9999999998579546,0.09517045453193602,0.9545454544098657,0.4743383190511023,0.06945745855707056,-0.060803143245215505
0.40000000000000013,0.0,5950.57373046875,56.831966400146484,1.998184771145486,0.0,0.9,0.45454545454545453,0.9791666666666666,0.0,0.9973958330735948,0.3587803561426731,0.7375,0.9999999998579546,0.06818181817213327,0.8877840907829853,0.7004760213835448,0.11265832446773844,0.08849267458360062
0.5,0.0,6166.09375,58.918914794921875,2.7221808402805894,0.0,0.9,0.28551136363636365,0.9655172413793104,0.0,0.9980119282310115,0.1873785212170516,0.7368421052631579,0.9999999998579546,0.04119318181233052,0.742897727167202,0.9215744959976249,0.2637282323455678,0.2620912924458832
0.6000000000000001,0.0,6422.2373046875,61.38192367553711,3.6744566063191937,0.0,0.9,0.17755681818181818,0.43902439024390244,0.0,0.9602763383488297,0.08277938770749585,0.08780487804878048,0.9999999998579546,0.05823863635536383,0.6534090908162772,1.1440511313727082,0.44133842814134344,0.44133842814134344
0.7000000000000002,0.0,6715.34765625,64.17698669433594,4.7530865670640035,0.0,0.9,0.09375,0.25609756097560976,0.0,0.9043887145917886,0.038760172404995775,0.025609756097560978,0.9999999998579546,0.11647727271072766,0.5227272726530218,1.340623927846674,0.6067210704102426,0.6067210704102426
0.8,0.0,7041.2138671875,67.26206970214844,6.26058464427689,0.0,0.9,0.04403409090909091,0.07391304347826087,0.0,0.6835066863768935,0.01258939265479699,0.005279503105590062,0.9999999998579546,0.3267045454081386,0.4105113635780524,1.5440182093017207,0.7445827350552877,0.7445827350552877
0.9000000000000001,0.0,7394.5390625,70.59856414794922,8.07543430789855,0.0,0.9,0.041193181818181816,0.0392156862745098,0.0,0.4192592591971468,0.010890892300950056,0.00261437908496732,0.9999999998579546,0.5795454544631328,0.3849431817635024,1.6831428313066787,0.8119569055052349,0.8119569055052349
1.0,0.0,7771.4794921875,74.15204620361328,10.29496547703263,0.0,0.9,0.032670454545454544,0.02027027027027027,0.0,0.3612334801231669,0.0032407407407407406,0.0013544018058690745,0.9999999998579546,0.6306818180922328,0.3565340908584469,1.746752287607544,0.8460529473181355,0.8460529473181355
-1.0,0.10000000000000009,7845.08642578125,75.11445617675781,inf,0.0,0.9,0.32386363636363635,0.4164705882352941,0.0,0.478991596538027,0.25429413266838913,0.3160658313128637,0.9999999998579546,0.60369318173243,0.6392045453637494,1.1708591224288043,0.5267391502347828,0.5267391502347828
-0.9,0.10000000000000009,7466.123046875,71.52757263183594,7.810300452581808,0.0,0.9,0.3224431818181818,0.41534391534391535,0.0,0.5366876309147405,0.24897309957440242,0.3032302918032802,0.9999999998579546,0.5369318181055495,0.673295454449816,1.1426998442632406,0.5059099849729032,0.5059099849729032
-0.8,0.10000000000000009,7111.044921875,68.15118408203125,6.395076910316085,0.0,0.9,0.32386363636363635,0.4341317365269461,0.0,0.6029411763439199,0.24868127079359914,0.32710479734982667,0.9999999998579546,0.4744318181144273,0.7144886362621465,1.102830690813374,0.48187852651200247,0.48187852651200247
-0.7,0.10000000000000009,6783.5244140625,65.01868438720703,5.162814093385151,0.0,0.9,0.3380681818181818,0.4864864864864865,0.0,0.6738197423446738,0.250982202800745,0.366200624538804,0.9999999998579546,0.4204545453948218,0.742897727167202,1.0308003977010471,0.43509566154202084,0.43509566154202084
-0.6,0.10000000000000009,6487.4873046875,62.1675910949707,4.1019288470425685,0.0,0.9,0.390625,0.5130111524163569,0.0,0.6946386944767742,0.3064805229001669,0.39039267230756597,0.9999999998579546,0.38210227267299685,0.7755681817080159,0.9520841644024922,0.3538002204115357,0.3538002204115357
-0.5,0.10000000000000009,6225.7490234375,59.639007568359375,3.200687682791933,0.0,0.9,0.44176136363636365,0.5587044534412956,0.0,0.7226463102486904,0.33993930507762166,0.48522192093620664,0.9999999998579546,0.3508522726774358,0.8124999998845881,0.8493696761581242,0.26988095840840576,0.26938469429590595
-0.3999999999999999,0.10000000000000009,6003.6875,57.47630310058594,2.384464979169215,0.0,0.9,0.5454545454545454,0.6130434782608696,0.0,0.721874999774414,0.42733309564736427,0.5320036321789477,0.9999999998579546,0.3267045454081386,0.8792613635114686,0.706885354642267,0.18120926241027302,0.15791398200539855
-0.29999999999999993,0.10000000000000009,5825.49365234375,55.7228889465332,1.6451509499544161,0.0,0.9,0.6704545454545454,0.6929824561403509,0.0,0.6982758617679845,0.5458466342653537,0.5614999036051668,0.9999999998579546,0.32386363631763304,0.940340908957338,0.5124212055568359,0.15185547163100185,0.036805321488119186
-0.19999999999999996,0.10000000000000009,5694.4755859375,54.419090270996094,1.1517856233099613,0.0,0.9,0.7954545454545454,0.9425837320574163,0.0,0.9166666660300926,0.6802261059134402,0.8632797550707999,0.9999999998579546,0.2968749999578303,0.9758522725886574,0.3090650670445393,0.07430610607240538,-0.06309945236202853
-0.09999999999999998,0.10000000000000009,5613.076171875,53.59833908081055,0.8580163856012571,0.0,0.9,0.9147727272727273,0.9959514170040485,0.0,0.9833333316944445,0.8634957417541471,0.9951772365565469,0.9999999998579546,0.3508522726774358,0.9999999998579546,0.16029850419748198,0.13544725684902026,-0.13544725684902026
0.0,0.10000000000000009,5583.4716796875,53.283382415771484,0.7491545717452179,0.0,0.9,0.9616477272727273,1.0,0.0,0.9999999962962962,0.9379944458257462,1.0,0.9999999998579546,0.3906249999445135,0.9999999998579546,0.10156397112591166,0.15641828304313382,-0.15565553484151684
0.10000000000000009,0.10000000000000009,5606.91357421875,53.483314514160156,0.8064944670792429,0.0,0.9,0.9360795454545454,1.0,0.0,0.9999999977777777,0.8899462906603602,1.0,0.9999999998579546,0.24147727269297198,0.9999999998579546,0.14335650247529846,0.17578396626169293,-0.17522709354083446
0.20000000000000018,0.10000000000000009,5681.7861328125,54.192344665527344,1.0333993991193096,0.0,0.9,0.8338068181818182,0.991869918699187,0.0,0.9914529906055958,0.7483114867704611,0.9713804713804713,0.9999999998579546,0.1747159090660915,0.9801136362244157,0.283940354330899,0.1685347948263428,-0.1685347948263428
0.30000000000000004,0.10000000000000009,5806.4501953125,55.39057922363281,1.4378870053054307,0.0,0.9,0.6505681818181818,0.9705882352941176,0.0,0.9918699182959878,0.535618925794597,0.8380952380952381,0.9999999998579546,0.0965909090771888,0.9517045453193602,0.48353519070024953,0.06823783268027571,-0.06063651793098981
0.40000000000000013,0.10000000000000009,5976.98876953125,57.04667282104492,1.9722679240653922,0.0,0.9,0.47017045454545453,0.92,0.0,0.9892761391449661,0.3502313464740439,0.7,0.9999999998579546,0.07102272726263882,0.8849431816924797,0.6861475388943902,0.05735796280722377,0.05507902283118587
0.5,0.10000000000000009,6192.017578125,59.12149429321289,2.733847419854539,0.0,0.9,0.28267045454545453,0.7906976744186046,0.0,0.9821782176272914,0.18497673789743915,0.5512820512820512,0.9999999998579546,0.06107954544586939,0.7514204544387187,0.9131818856729175,0.2652128219004715,0.2652128219004715
0.6000000000000001,0.10000000000000009,6447.310546875,61.572025299072266,3.6853172660798577,0.0,0.9,0.1875,0.375,0.0,0.9475524473867916,0.08197001359197133,0.075,0.9999999998579546,0.06818181817213327,0.6292613635469799,1.1224611360592645,0.43426851184317505,0.43426851184317505
0.7000000000000002,0.10000000000000009,6739.33984375,64.35464477539062,4.891915320226973,0.0,0.9,0.13210227272727273,0.22666666666666666,0.0,0.9050736496063709,0.05732944043072168,0.028333333333333332,0.9999999998579546,0.10653409089395822,0.4758522726596801,1.3006058325437064,0.5425080034245889,0.5425080034245889
0.8,0.10000000000000009,7063.3974609375,67.4276123046875,6.274331816074079,0.0,0.9,0.04971590909090909,0.11038961038961038,0.0,0.7952167412862158,0.014849597624393595,0.009199134199134198,0.9999999998579546,0.21874999996892758,0.39346590903501905,1.4422599082666339,0.6833022948166031,0.6833022948166031
0.9000000000000001,0.10000000000000009,7415.3466796875,70.75250244140625,7.940425627221717,0.0,0.9,0.04403409090909091,0.04777070063694268,0.0,0.5557206537064309,0.012395686468772624,0.0031847133757961785,0.9999999998579546,0.4460227272093718,0.38210227267299685,1.5909929966561462,0.7437314908495727,0.7437314908495727
1.0,0.10000000000000009,7791.6611328125,74.29499816894531,10.2048034607236,0.0,0.9,0.032670454545454544,0.020887728459530026,0.0,0.4493392069824759,0.007143512225479439,0.0014035087719298245,0.9999999998579546,0.5440340908318133,0.4105113635780524,1.701702944956732,0.809929541472113,0.809929541472113
-1.0,0.20000000000000018,7903.919921875,75.68728637695312,inf,0.0,0.9,0.3025568181818182,0.39443155452436196,0.0,0.46843177179869006,0.23509862285993954,0.2883782657875445,0.9999999998579546,0.6122159090039466,0.6235795453659688,1.2147148398612955,0.5351457808322663,0.5351457808322663
-0.9,0.20000000000000018,7528.302734375,72.12568664550781,9.267208405257378,0.0,0.9,0.2940340909090909,0.3832923832923833,0.0,0.49496981881388935,0.22348590776460878,0.2809160284160284,0.9999999998579546,0.57812499991788,0.6576704544520354,1.20872149844069,0.5510700275548508,0.5510700275548508
-0.8,0.20000000000000018,7176.482421875,68.77533721923828,7.55192702103728,0.0,0.9,0.31676136363636365,0.39552238805970147,0.0,0.49480249469962523,0.2444896114973883,0.30812370976374337,0.9999999998579546,0.5710227271916161,0.7116477271716409,1.1485665953552744,0.5143986524496833,0.5143986524496833
-0.7,0.20000000000000018,6851.701171875,65.66909790039062,6.282169935162869,0.0,0.9,0.3252840909090909,0.42134831460674155,0.0,0.5663157893544598,0.2502376922024862,0.3192144892144892,0.9999999998579546,0.5056818181099884,0.7343749998956854,1.1047017886652406,0.48105278900859555,0.48105278900859555
-0.6,0.20000000000000018,6557.35546875,62.843833923339844,5.059273803840697,0.0,0.9,0.36363636363636365,0.4338461538461538,0.0,0.5892857141541773,0.27680856675211934,0.32816294734254825,0.9999999998579546,0.46164772720715236,0.7840909089795326,1.0319934142470466,0.4180691787119982,0.4180691787119982
-0.5,0.20000000000000018,6297.873046875,60.339717864990234,3.9811500274091345,0.0,0.9,0.4161931818181818,0.45819397993311034,0.0,0.6058394159109879,0.33359653033701836,0.41957358674463935,0.9999999998579546,0.42471590903058015,0.8039772726130715,0.9396897284599695,0.336215813741143,0.3321037292292242
-0.3999999999999999,0.20000000000000018,6077.70703125,58.198974609375,3.0457735001501174,0.0,0.9,0.4630681818181818,0.5091575091575091,0.0,0.6455026453318776,0.3571307390233175,0.45920655711677383,0.9999999998579546,0.38778409085400795,0.8607954544231825,0.8397411238336002,0.27349235752422396,0.2725090945926121
-0.29999999999999993,0.20000000000000018,5901.5703125,56.463722229003906,2.2298066413348656,0.0,0.9,0.5497159090909091,0.596,0.0,0.6813880124033476,0.4285233713661118,0.49070825574776405,0.9999999998579546,0.3551136363131941,0.9034090907807658,0.6992803959113296,0.19760265987394798,0.17236552864375262
-0.19999999999999996,0.20000000000000018,5771.5751953125,55.17293930053711,1.586720929026192,0.0,0.9,0.6448863636363636,0.777292576419214,0.0,0.7959999996816001,0.5230955353281389,0.5728255752617908,0.9999999998579546,0.3252840908628858,0.9417613635025908,0.5152936303771761,0.12753993772610311,0.07228185035134983
-0.09999999999999998,0.20000000000000018,5690.818359375,54.358882904052734,1.104621541211565,0.0,0.9,0.8210227272727273,0.975,0.0,0.9603174595553037,0.7134456476564629,0.8726851851851851,0.9999999998579546,0.2840909090505553,0.9857954544054268,0.2967285249407123,0.10705080439377898,-0.10705080439377898
0.0,0.20000000000000018,5661.44775390625,54.043514251708984,0.8775721058394602,0.0,0.9,0.9119318181818182,0.9904306220095693,0.0,0.9677419339229969,0.8551532085101715,0.9670834912214222,0.9999999998579546,0.2968749999578303,0.9985795453127018,0.18348364468820175,0.16908509102784625,-0.16908509102784625
0.10000000000000009,0.20000000000000018,5684.6396484375,54.235687255859375,0.885090716942138,0.0,0.9,0.8934659090909091,0.9939393939393939,0.0,0.9866666653511111,0.8220602496803155,0.9785714285714286,0.9999999998579546,0.2343749999667081,0.9999999998579546,0.1953559373146662,0.15764979989410124,-0.15764979989410124
0.20000000000000018,0.20000000000000018,5758.65625,54.92999267578125,1.1106219407465545,0.0,0.9,0.8068181818181818,0.9911504424778761,0.0,0.992647058093642,0.7037138204899135,0.9532967032967034,0.9999999998579546,0.16051136361356375,0.9687499998623935,0.32366824724113974,0.15757859098069607,-0.1572685440346731
0.30000000000000004,0.20000000000000018,5882.5,56.10747146606445,1.531978799157609,0.0,0.9,0.6321022727272727,0.9324324324324325,0.0,0.980694980316334,0.5070894553614929,0.7375,0.9999999998579546,0.10511363634870545,0.9374999998668324,0.5252482823537511,0.056482806576303446,-0.04879551563067633
0.40000000000000013,0.20000000000000018,6051.9912109375,57.73806381225586,2.0460627218120555,0.0,0.9,0.46875,0.7966101694915254,0.0,0.9679144382438731,0.34462141593824314,0.6195652173913043,0.9999999998579546,0.08380681816991381,0.8906249998734909,0.7146614388494256,0.0856992160011663,0.06006259162555829
0.5,0.20000000000000018,6265.23828125,59.78407669067383,2.824040170485577,0.0,0.9,0.2911931818181818,0.696969696969697,0.0,0.95991983948699,0.19781430538201641,0.3529411764705882,0.9999999998579546,0.09374999998668325,0.7642045453459937,0.9333167517080782,0.2583708294880756,0.2583708294880756
0.6000000000000001,0.20000000000000018,6518.29296875,62.20383834838867,3.7604597573442646,0.0,0.9,0.18892045454545456,0.5263157894736842,0.0,0.9527145357350764,0.07072768668361215,0.2261904761904762,0.9999999998579546,0.08096590907940826,0.6065340908229355,1.1109497671745778,0.4183684578067582,0.4183684578067582
0.7000000000000002,0.20000000000000018,6807.1259765625,64.95492553710938,4.9985421766684155,0.0,0.9,0.13920454545454544,0.2857142857142857,0.0,0.9339933991858097,0.044043365877374216,0.13991769547325103,0.9999999998579546,0.07954545453415549,0.49573863629321896,1.2476283538991355,0.48704270400959204,0.48704270400959204
0.8,0.20000000000000018,7128.49365234375,67.99649810791016,6.250685635009082,0.0,0.9,0.08948863636363637,0.12048192771084337,0.0,0.8861154444795453,0.025130954894669686,0.01016260162601626,0.9999999998579546,0.11789772725598044,0.40767045448754685,1.3519993126395753,0.5607423168453293,0.5607423168453293
0.9000000000000001,0.20000000000000018,7477.48828125,71.29078674316406,8.027041882454583,0.0,0.9,0.03835227272727273,0.03255813953488372,0.0,0.692762186012886,0.008854075305829816,0.002516175413371675,0.9999999998579546,0.30539772722934694,0.3806818181277441,1.5335429511763286,0.6989271895779542,0.6989271895779542
1.0,0.20000000000000018,7850.5048828125,74.80393981933594,10.335194840541863,0.0,0.9,0.026988636363636364,0.018018018018018018,0.0,0.5226277371499813,0.005762648809523809,0.0012383900928792568,0.9999999998579546,0.47301136356917456,0.3806818181277441,1.6831550631180392,0.7973693432202034,0.7973693432202034
-1.0,0.30000000000000004,7999.55810546875,76.61360168457031,inf,0.0,0.9,0.29545454545454547,0.3684210526315789,0.0,0.41935483862513007,0.23081677481536836,0.2743905658469242,0.9999999998579546,0.6477272726352661,0.6278409090017272,1.2529856551064695,0.5152648040616618,0.5152648040616618
-0.9,0.30000000000000004,7628.5078125,73.09425354003906,inf,0.0,0.9,0.2869318181818182,0.34080717488789236,0.0,0.4143426293995333,0.21606102232942578,0.25541759090625016,0.9999999998579546,0.6335227271827383,0.6377840908184966,1.2644290435790995,0.5670576250905436,0.5670576250905436
-0.8,0.30000000000000004,7281.220703125,69.78739166259766,9.414693920204666,0.0,0.9,0.28551136363636365,0.3581395348837209,0.0,0.4512922464311546,0.21998083255400785,0.2893332623970314,0.9999999998579546,0.6107954544586939,0.6676136362688049,1.2376315412573087,0.5502823738516294,0.5502823738516294
-0.7,0.30000000000000004,6960.97607421875,66.72510528564453,7.839905104023879,0.0,0.9,0.2883522727272727,0.3647959183673469,0.0,0.5029940118756498,0.22329602041535482,0.3043078978717924,0.9999999998579546,0.5568181817390884,0.6846590908118382,1.1851316103191611,0.5361964084859769,0.5361964084859769
-0.6,0.30000000000000004,6670.64453125,63.94317626953125,6.458866364109627,0.0,0.9,0.3380681818181818,0.38904899135446686,0.0,0.5450643775654368,0.2645573919030164,0.2966210009745016,0.9999999998579546,0.4928977272027134,0.7272727271694215,1.0981864382192144,0.4660893659031476,0.4660893659031476
-0.5,0.30000000000000004,6415.384765625,61.48031234741211,5.226763721113561,0.0,0.9,0.37642045454545453,0.396969696969697,0.0,0.5466970385998412,0.29701987009623765,0.3183022258288755,0.9999999998579546,0.4687499999334162,0.7485795453482131,1.0287858340421514,0.40045421349266375,0.40045421349266375
-0.3999999999999999,0.30000000000000004,6199.1240234375,59.37696075439453,4.162123013719192,0.0,0.9,0.4119318181818182,0.449685534591195,0.0,0.5772946858508949,0.3234453699671718,0.36422888680620635,0.9999999998579546,0.4517045453903829,0.806818181703577,0.9629933732096884,0.3473603582968019,0.3473603582968019
-0.29999999999999993,0.30000000000000004,6025.20068359375,57.67317581176758,3.2140007810581896,0.0,0.9,0.43607954545454547,0.5066666666666667,0.0,0.6272040300687143,0.3465958626849751,0.43360565098626364,0.9999999998579546,0.4261363635758329,0.8480113635159076,0.8897061043987823,0.3079406088158798,0.30762925880212705
-0.19999999999999996,0.30000000000000004,5897.4482421875,56.40583419799805,2.4094360631034433,0.0,0.9,0.49573863636363635,0.5868055555555556,0.0,0.6647887322071018,0.38628846681695844,0.45750988018100724,0.9999999998579546,0.4090909090327996,0.9034090907807658,0.762873663033962,0.24295175670914085,0.23374466248616982
-0.09999999999999998,0.30000000000000004,5819.025390625,55.60533905029297,1.7805695696998727,0.0,0.9,0.5653409090909091,0.7935779816513762,0.0,0.8529411761918492,0.4424765885725771,0.5885311554340612,0.9999999998579546,0.30965909086510524,0.9247159089595575,0.6089203713720172,0.14765087784840236,0.135093306816635
0.0,0.30000000000000004,5790.3017578125,55.2923469543457,1.291818747914313,0.0,0.9,0.7102272727272727,0.9203980099502488,0.0,0.9215686269992311,0.6050546878536853,0.8115525965669917,0.9999999998579546,0.28551136359580803,0.9857954544054268,0.40239991494428134,0.05093641134371752,-0.028575760087920933
0.10000000000000009,0.30000000000000004,5812.78515625,55.47528076171875,1.0889086841080102,0.0,0.9,0.8139204545454546,0.94,0.0,0.9312977092127499,0.7249656773388619,0.8834008097165992,0.9999999998579546,0.21306818178791645,0.9914772725864379,0.2979755565293203,0.12580750742126373,-0.12580750742126373
0.20000000000000018,0.30000000000000004,5885.701171875,56.14920425415039,1.2737284132731954,0.0,0.9,0.7741477272727273,0.8441558441558441,0.0,0.9245283013053281,0.6624210590007341,0.80301685891748,0.9999999998579546,0.10937499998446379,0.953124999864613,0.39574374454677863,0.18350571240761407,-0.16250479095146123
0.30000000000000004,0.30000000000000004,6007.16796875,57.296512603759766,1.7347416286554473,0.0,0.9,0.5724431818181818,0.8271604938271605,0.0,0.9534883717762497,0.43827547623607743,0.5909090909090909,0.9999999998579546,0.11505681816547489,0.9204545453237991,0.6126157531978771,0.07273231806790233,-0.006710553486228529
0.40000000000000013,0.30000000000000004,6174.486328125,58.88908767700195,2.297727433903938,0.0,0.9,0.37073863636363635,0.7384615384615385,0.0,0.9616252819499717,0.23536934091847433,0.5982142857142857,0.9999999998579546,0.09232954544143046,0.8465909089706547,0.7988708452475948,0.1579370368599068,0.1579370368599068
0.5,0.30000000000000004,6384.0869140625,60.89141082763672,3.066402927612335,0.0,0.9,0.2713068181818182,0.65625,0.0,0.9571150095600166,0.13585397214446102,0.2482758620689655,0.9999999998579546,0.09090909089617769,0.7414772726219493,0.9780358192452009,0.2854100646878675,0.2854100646878675
0.6000000000000001,0.30000000000000004,6632.9814453125,63.26395034790039,4.03115691508402,0.0,0.9,0.2002840909090909,0.45588235294117646,0.0,0.9342806392656696,0.07247321702566702,0.1962962962962963,0.9999999998579546,0.0965909090771888,0.5937499999156606,1.1173438071535011,0.38803287868061936,0.38803287868061936
0.7000000000000002,0.30000000000000004,6917.46142578125,65.96612548828125,5.248528996350709,0.0,0.9,0.13920454545454544,0.3888888888888889,0.0,0.9455445542994152,0.03223421267961498,0.17073170731707316,0.9999999998579546,0.07670454544364992,0.5213068181077689,1.2345771936701204,0.48140498340102933,0.48140498340102933
0.8,0.30000000000000004,7234.4619140625,68.9585952758789,6.654709928876971,0.0,0.9,0.09375,0.14516129032258066,0.0,0.9169278995428013,0.017719979730789044,0.0756578947368421,0.9999999998579546,0.08806818180567214,0.38920454539926075,1.3517333525475288,0.5610607586365552,0.5610607586365552
0.9000000000000001,0.30000000000000004,7578.9462890625,72.20471954345703,8.467739895221808,0.0,0.9,0.03125,0.010416666666666666,0.0,0.7214076245276528,0.003877226737118188,0.0008764241893076249,0.9999999998579546,0.2727272726885331,0.37784090903723855,1.569372054187324,0.7439393794438873,0.7439393794438873
1.0,0.30000000000000004,7947.05078125,75.67138671875,10.985587193582509,0.0,0.9,0.014204545454545454,0.010075566750629723,0.0,0.4337175791882252,0.001704172526957337,0.00097323600973236,0.9999999998579546,0.5639204544653522,0.36505681812996355,1.7501632271092082,0.843907525035781,0.843907525035781
-1.0,0.40000000000000013,8130.99609375,77.88058471679688,inf,0.0,0.9,0.2585227272727273,0.296969696969697,0.0,0.3333333332694764,0.20360444526038712,0.21378459858163135,0.9999999998579546,0.7031249999001243,0.5852272726441439,1.348723932102,0.5308788140003742,0.5308788140003742
-0.9,0.40000000000000013,7766.060546875,74.41857147216797,inf,0.0,0.9,0.26704545454545453,0.30103092783505153,0.0,0.34302325574747616,0.20916899164188427,0.2321807740052744,0.9999999998579546,0.6889204544475965,0.6178977271849577,1.334373643978658,0.5695060963305483,0.5676814344784977
-0.8,0.40000000000000013,7424.3330078125,71.17052459716797,inf,0.0,0.9,0.26420454545454547,0.31929046563192903,0.0,0.4073359072572711,0.20698801295333968,0.23679219208630975,0.9999999998579546,0.6406249999090021,0.6321022726374855,1.3021259354246182,0.5534097860897215,0.5534097860897215
-0.7,0.40000000000000013,7109.634765625,68.16753387451172,9.95269484575309,0.0,0.9,0.2741477272727273,0.3426395939086294,0.0,0.49315068483499985,0.21448042546039542,0.25118096378500565,0.9999999998579546,0.5596590908295939,0.6434659089995077,1.2578046206872826,0.543485023548754,0.543485023548754
-0.6,0.40000000000000013,6825.1689453125,65.44391632080078,8.479364318056472,0.0,0.9,0.29261363636363635,0.3449197860962567,0.0,0.5080321284120417,0.22396059280807876,0.26439031591783013,0.9999999998579546,0.5312499999245384,0.6576704544520354,1.199298814299951,0.5129397624539545,0.5129397624539545
-0.5,0.40000000000000013,6575.8271484375,63.03651809692383,7.030597102667069,0.0,0.9,0.3096590909090909,0.3565459610027855,0.0,0.5246913579167302,0.2530019653737577,0.21887102272830106,0.9999999998579546,0.5099431817457467,0.698863636264366,1.1567711703443437,0.4865724083332179,0.4865724083332179
-0.3999999999999999,0.40000000000000013,6364.9130859375,60.98341751098633,5.713329610036848,0.0,0.9,0.3338068181818182,0.4,0.0,0.5714285713067316,0.2683119569215904,0.25648938835930707,0.9999999998579546,0.4758522726596801,0.7471590908029604,1.1131634899835436,0.4537625691970716,0.4537625691970716
-0.29999999999999993,0.40000000000000013,6195.16455078125,59.322086334228516,4.524366381002409,0.0,0.9,0.36079545454545453,0.4430379746835443,0.0,0.6088888887535803,0.28019358058295113,0.32519588254882376,0.9999999998579546,0.44886363629987736,0.7826704544342798,1.0408052414428322,0.42330469556309636,0.4213852761819238
-0.19999999999999996,0.40000000000000013,6070.46875,58.08674240112305,3.6636640692482847,0.0,0.9,0.37073863636363635,0.45263157894736844,0.0,0.6478555303277979,0.2860634560963451,0.32710360160629537,0.9999999998579546,0.4048295453970413,0.8139204544298408,0.9913668527013906,0.3915669370855446,0.3915669370855446
-0.09999999999999998,0.40000000000000013,5994.14306640625,57.30544662475586,2.8311319527308982,0.0,0.9,0.43323863636363635,0.5056179775280899,0.0,0.6691729321631145,0.3334508684365648,0.4263712784546332,0.9999999998579546,0.3792613635824913,0.8579545453326769,0.8781278111341092,0.30644473968126595,0.3048798821036352
0.0,0.40000000000000013,5966.6708984375,56.997215270996094,2.119610810517632,0.0,0.9,0.4772727272727273,0.7790055248618785,0.0,0.8913043475838847,0.37356901244531227,0.6076432022084196,0.9999999998579546,0.25710227269075253,0.8764204544209631,0.7166440424060924,0.21359751888677564,0.2124177072445241
0.10000000000000009,0.40000000000000013,5988.7314453125,57.169857025146484,1.6109956789948603,0.0,0.9,0.6335227272727273,0.837037037037037,0.0,0.9147286818159965,0.5466644925802668,0.6821918867373413,0.9999999998579546,0.19176136360912482,0.9232954544143047,0.5241972894998848,0.06147361505096765,7.815980304025708e-05
0.20000000000000018,0.40000000000000013,6059.95654296875,57.81901168823242,1.596159432812652,0.0,0.9,0.6335227272727273,0.6911764705882353,0.0,0.9186046508067423,0.5467106507923224,0.6727272727272727,0.9999999998579546,0.0965909090771888,0.9190340907785464,0.5299143393783944,0.12103151978979915,-0.0728578784471946
0.30000000000000004,0.40000000000000013,6178.43359375,58.928680419921875,2.006280468995029,0.0,0.9,0.4375,0.7272727272727273,0.0,0.9545454543044076,0.3012657605375542,0.65,0.9999999998579546,0.09374999998668325,0.8906249998734909,0.7165264585243674,0.10625321846306013,0.10586952686534215
0.40000000000000013,0.40000000000000013,6341.5400390625,60.47309494018555,2.694078030803459,0.0,0.9,0.3068181818181818,0.6271186440677966,0.0,0.9549180325912052,0.15633241410574872,0.358974358974359,0.9999999998579546,0.08380681816991381,0.7798295453437742,0.9023545594865267,0.23524245852477282,0.23524245852477282
0.5,0.40000000000000013,6546.3974609375,62.41948318481445,3.586027936413307,0.0,0.9,0.2315340909090909,0.576271186440678,0.0,0.953789278936453,0.08811610717924465,0.22142857142857145,0.9999999998579546,0.08380681816991381,0.6392045453637494,1.055181634215716,0.3324519880590262,0.3324519880590262
0.6000000000000001,0.40000000000000013,6789.73828125,64.73100280761719,4.517610985694725,0.0,0.9,0.18607954545454544,0.5,0.0,0.9371727747055546,0.05709249192219366,0.16724738675958187,0.9999999998579546,0.1022727272581999,0.5710227271916161,1.14871428068427,0.41079609557085905,0.41079609557085905
0.7000000000000002,0.40000000000000013,7068.54150390625,67.36949157714844,5.660160316683091,0.0,0.9,0.13068181818181818,0.4,0.0,0.9411764704344483,0.027370195733608042,0.09282352941176471,0.9999999998579546,0.08522727271516659,0.49715909083847176,1.2508835994834706,0.4896248388990228,0.4896248388990228
0.8,0.40000000000000013,7379.0244140625,70.29757690429688,7.220436550737065,0.0,0.9,0.08380681818181818,0.12380952380952381,0.0,0.8573643409523467,0.010531716470794993,0.022426286856571716,0.9999999998579546,0.14914772725154152,0.4048295453970413,1.4209354871794007,0.6269932592268233,0.6269932592268233
0.9000000000000001,0.40000000000000013,7717.517578125,73.48011016845703,9.353588712796745,0.0,0.9,0.03835227272727273,0.012012012012012012,0.0,0.5140324962313099,0.004890136135657989,0.001533189033189033,0.9999999998579546,0.47301136356917456,0.3806818181277441,1.6597491230089403,0.797091723707327,0.797091723707327
1.0,0.40000000000000013,8079.49169921875,76.88506317138672,11.93771195396425,0.0,0.9,0.019886363636363636,0.006122448979591836,0.0,0.29420289850808656,0.0033381784663381433,0.0007751937984496124,0.9999999998579546,0.6960227271738605,0.3906249999445135,1.8079678731595932,0.8773106247094222,0.8773106247094222
-1.0,0.5,8296.5654296875,79.47173309326172,inf,0.0,0.9,0.23295454545454544,0.2618110236220472,0.0,0.30555555549897123,0.18074187841601727,0.17602366614107795,0.9999999998579546,0.7215909089884104,0.5582386362843411,1.4037809122123597,0.5872314547854451,0.5872314547854451
-0.9,0.5,7938.55615234375,76.07975769042969,inf,0.0,0.9,0.24573863636363635,0.2644135188866799,0.0,0.303201506534237,0.1871924841473853,0.16707667536711654,0.9999999998579546,0.7144886362621465,0.5639204544653522,1.3897340269869283,0.5890503159918954,0.5890503159918954
-0.8,0.5,7603.7646484375,72.90328216552734,inf,0.0,0.9,0.23579545454545456,0.26666666666666666,0.0,0.36617100364941063,0.1756387394401321,0.1684016820598816,0.9999999998579546,0.660511363542541,0.5724431817368689,1.3648084548205253,0.5939664348663661,0.5939664348663661
-0.7,0.5,7296.2255859375,69.97211456298828,12.654355627675026,0.0,0.9,0.2372159090909091,0.29508196721311475,0.0,0.4394785846481418,0.17734207788291273,0.184187254847285,0.9999999998579546,0.6065340908229355,0.6079545453681883,1.3507355052821863,0.5852591854629106,0.5852591854629106
-0.6,0.5,7020.0,67.31878662109375,10.877705128356757,0.0,0.9,0.2471590909090909,0.3350253807106599,0.0,0.505660377263083,0.1793877461881321,0.22419232204851325,0.9999999998579546,0.5596590908295939,0.6249999999112216,1.2880388871018629,0.5538643287816079,0.5538643287816079
-0.5,0.5,6777.66162109375,64.97793579101562,9.222502451198798,0.0,0.9,0.2599431818181818,0.32786885245901637,0.0,0.527831093948593,0.19471096845629898,0.18647210832285457,0.9999999998579546,0.5198863635625162,0.6221590908207161,1.2745798268659034,0.5479411633012659,0.5459307990483955
-0.3999999999999999,0.5,6573.060546875,62.98499298095703,7.691076642255971,0.0,0.9,0.2784090909090909,0.3422459893048128,0.0,0.5157480313945377,0.2156997864192299,0.18726451788385692,0.9999999998579546,0.5312499999245384,0.6534090908162772,1.2390034304309985,0.5318017692735606,0.5318017692735606
-0.29999999999999993,0.5,6408.6904296875,61.37442398071289,6.347346291492853,0.0,0.9,0.2840909090909091,0.36182336182336183,0.0,0.5555555554453262,0.22580769671663334,0.2625205674658165,0.9999999998579546,0.4985795453837245,0.7059659089906298,1.2094580452520702,0.522044458909755,0.5186979198737209
-0.19999999999999996,0.5,6287.583984375,60.17747497558594,5.174831126592777,0.0,0.9,0.2897727272727273,0.36728395061728397,0.0,0.589999999882,0.22525480243889667,0.2628216127477978,0.9999999998579546,0.46022727266189956,0.7528409089839715,1.167908707953348,0.5001098107696877,0.5001098107696877
-0.09999999999999998,0.5,6213.140625,59.41959762573242,4.029699982509208,0.0,0.9,0.34517045454545453,0.44363636363636366,0.0,0.6681127981197152,0.2638879150649306,0.33395107717141614,0.9999999998579546,0.3906249999445135,0.794034090796302,1.0531939768426648,0.42233022319896235,0.41465269598177945
0.0,0.5,6187.2099609375,59.11798858642578,3.1583847929191027,0.0,0.9,0.37642045454545453,0.5783783783783784,0.0,0.8223234622272612,0.2937785232454457,0.4712040274540275,0.9999999998579546,0.26278409087176363,0.8238636362466103,0.94794708624573,0.34730770132251954,0.34730770132251954
0.10000000000000009,0.5,6208.521484375,59.27975845336914,2.4641874479476944,0.0,0.9,0.4119318181818182,0.7364341085271318,0.0,0.9178743959135569,0.34672664545430626,0.4839057239057239,0.9999999998579546,0.18323863633760815,0.8721590907852047,0.8241665409577538,0.24275640778398913,0.24183103721280536
0.20000000000000018,0.5,6277.251953125,59.901119232177734,2.172431308330542,0.0,0.9,0.4346590909090909,0.5862068965517241,0.0,0.9396984922262064,0.37032606806903995,0.55,0.9999999998579546,0.08238636362466104,0.8821022726019742,0.7557311791249809,0.1583959704451383,0.1583959704451383
0.30000000000000004,0.5,6392.060546875,60.96780776977539,2.592213737157188,0.0,0.9,0.30113636363636365,0.5098039215686274,0.0,0.9491869916769945,0.18603013287895964,0.39285714285714285,0.9999999998579546,0.0724431818078916,0.8238636362466103,0.8945284757982295,0.25330348485975773,0.25330348485975773
0.40000000000000013,0.5,6550.16650390625,62.45664596557617,3.2215620528303264,0.0,0.9,0.2315340909090909,0.5862068965517241,0.0,0.9556377077716012,0.07334869182790228,0.20633780332056195,0.9999999998579546,0.08238636362466104,0.7272727271694215,1.004696653076352,0.3378626225676709,0.3378626225676709
0.5,0.5,6749.24365234375,64.33788299560547,4.139977049037928,0.0,0.9,0.19744318181818182,0.4918032786885246,0.0,0.9451327431955517,0.05874598609748291,0.19444444444444445,0.9999999998579546,0.08664772726041936,0.6065340908229355,1.1190852302836338,0.3954764860884798,0.3954764860884798
0.6000000000000001,0.5,6986.2275390625,66.57774353027344,5.162412076315608,0.0,0.9,0.17613636363636365,0.4603174603174603,0.0,0.9413793101825209,0.05007636874600314,0.15368916797488225,0.9999999998579546,0.08948863635092491,0.5255681817435273,1.188944432604424,0.4414982478327614,0.4414982478327614
0.7000000000000002,0.5,7257.4921875,69.14083862304688,6.33884584559734,0.0,0.9,0.14488636363636365,0.3225806451612903,0.0,0.9302325579850113,0.03733909179532522,0.07688492063492064,0.9999999998579546,0.08806818180567214,0.508522727200494,1.26974970232332,0.4942394884488727,0.4942394884488727
0.8,0.5,7560.048828125,71.99214172363281,7.959266763636016,0.0,0.9,0.07954545454545454,0.09036144578313253,0.0,0.766975308523615,0.01367503587564716,0.011412459720730397,0.9999999998579546,0.23579545451196088,0.46022727266189956,1.4754531625909841,0.6635390601127837,0.6635390601127837
0.9000000000000001,0.5,7890.521484375,75.09833526611328,10.37634744747865,0.0,0.9,0.03977272727272727,0.011876484560570071,0.0,0.38461538455848887,0.005018917834802311,0.001670843776106934,0.9999999998579546,0.5980113635514188,0.4275568181210857,1.7164668603882054,0.8280852008123123,0.8280852008123123
1.0,0.5,8244.7890625,78.42872619628906,13.18395645987441,0.0,0.9,0.015625,0.005484460694698354,0.0,0.21500721497618944,0.003259634642726053,0.0005617977528089887,0.9999999998579546,0.7769886362532687,0.4218749999400746,1.8427834290674023,0.9029312498927717,0.9029312498927717
-1.0,0.6000000000000001,8493.7158203125,81.36772918701172,inf,0.0,0.9,0.23011363636363635,0.23977695167286245,0.0,0.24538745382926433,0.16868334956247183,0.14670499209877702,0.9999999998579546,0.7642045453459937,0.5568181817390884,1.4432008798089246,0.6009283482326203,0.6009283482326203
-0.9,0.6000000000000001,8144.0,78.05602264404297,inf,0.0,0.9,0.2002840909090909,0.23238095238095238,0.0,0.2841918294344242,0.13593188487011776,0.12805290664797445,0.9999999998579546,0.7457386362577076,0.5582386362843411,1.4647707942954071,0.6418703899440433,0.639910064293445
-0.8,0.6000000000000001,7818.1318359375,74.96107482910156,inf,0.0,0.9,0.21448863636363635,0.2587268993839836,0.0,0.3471971066279933,0.14702085341943857,0.13280737135492168,0.9999999998579546,0.6917613635381021,0.5994318180966717,1.4220133856883515,0.6200513190720771,0.6200513190720771
-0.7,0.6000000000000001,7519.966796875,72.1112060546875,inf,0.0,0.9,0.20880681818181818,0.2909090909090909,0.0,0.43985637335011557,0.13818248620122414,0.123497044771425,0.9999999998579546,0.6249999999112216,0.590909090825155,1.4022985026034185,0.6104053814229019,0.6104053814229019
-0.6,0.6000000000000001,7252.3544921875,69.53703308105469,13.667863808269553,0.0,0.9,0.21022727272727273,0.28805620608899296,0.0,0.45323740999042494,0.14093581007142877,0.12501669504376517,0.9999999998579546,0.6065340908229355,0.57812499991788,1.3867125187322076,0.5940390704570284,0.5940390704570284
-0.5,0.6000000000000001,7018.638671875,67.27070617675781,11.93201869174239,0.0,0.9,0.19886363636363635,0.2912621359223301,0.0,0.48226950346059055,0.12988333480768635,0.12830195897536853,0.9999999998579546,0.5852272726441439,0.5582386362843411,1.3893297624747751,0.6245349209800045,0.624022795339236
-0.3999999999999999,0.6000000000000001,6820.900390625,65.34477233886719,9.997589540626938,0.0,0.9,0.20738636363636365,0.2891566265060241,0.0,0.47132616479008493,0.13635981085165289,0.1362498743024446,0.9999999998579546,0.5894886362799022,0.5994318180966717,1.3726698415783944,0.6259135205354205,0.6259135205354205
-0.29999999999999993,0.6000000000000001,6662.25,63.79059600830078,8.467548640174273,0.0,0.9,0.20454545454545456,0.29396325459317585,0.0,0.5196428570500639,0.1399665020582939,0.12477751964555484,0.9999999998579546,0.5411931817413078,0.6278409090017272,1.361964852411862,0.6268408744825111,0.6253528812878337
-0.19999999999999996,0.6000000000000001,6545.45849609375,62.63630294799805,6.990171845785259,0.0,0.9,0.21164772727272727,0.32463768115942027,0.0,0.5801801800756432,0.1410400161304139,0.13681243471056517,0.9999999998579546,0.49005681811220786,0.6747159089950688,1.3194828200357873,0.602686132007379,0.6012955399516312
-0.09999999999999998,0.6000000000000001,6473.69384765625,61.90467071533203,5.636792695213617,0.0,0.9,0.22585227272727273,0.38022813688212925,0.0,0.7009174310640519,0.1596869420598234,0.1604006568144499,0.9999999998579546,0.3735795454014802,0.7116477271716409,1.2604551775798136,0.5720926541709737,0.5720926541709737
0.0,0.6000000000000001,6448.0009765625,61.61102294921875,4.4124115195989715,0.0,0.9,0.24573863636363635,0.4696969696969697,0.0,0.8022598868545651,0.17552841341722986,0.3076923076923077,0.9999999998579546,0.28124999996004973,0.7514204544387187,1.1739147910504508,0.5186654564247866,0.5186654564247866
0.10000000000000009,0.6000000000000001,6468.2763671875,61.76174545288086,3.6458330039723745,0.0,0.9,0.2528409090909091,0.42857142857142855,0.0,0.8479087450859489,0.22045345008542194,0.3333333333333333,0.9999999998579546,0.1988636363353887,0.7968749998868075,1.130470634845881,0.47658088202855153,0.47658088202855153
0.20000000000000018,0.6000000000000001,6534.2861328125,62.35359191894531,3.2383484762741914,0.0,0.9,0.21022727272727273,0.20175438596491227,0.0,0.8363309351013793,0.18715482480381332,0.21574074074074073,0.9999999998579546,0.16193181815881652,0.7528409089839715,1.1460960853136306,0.4949874901866491,0.4949874901866491
0.30000000000000004,0.6000000000000001,6645.22314453125,63.374027252197266,3.4721593324416515,0.0,0.9,0.2159090909090909,0.2753623188405797,0.0,0.9094202896903225,0.13628756441335016,0.2465277777777778,0.9999999998579546,0.09801136362244157,0.7571022726197298,1.1380156842903755,0.4366219711450784,0.4366219711450784
0.40000000000000013,0.6000000000000001,6798.02783203125,64.80252075195312,4.033545955922565,0.0,0.9,0.20170454545454544,0.4430379746835443,0.0,0.9217081848893758,0.059926486881829666,0.15502354788069075,0.9999999998579546,0.11221590907496934,0.6775568180855743,1.132436629779356,0.4208731714123121,0.4208731714123121
0.5,0.6000000000000001,6989.89453125,66.61241912841797,4.840877792392833,0.0,0.9,0.20170454545454544,0.5128205128205128,0.0,0.932384341471106,0.05987505865424694,0.13456543456543457,0.9999999998579546,0.11079545452971656,0.5767045453726273,1.1722090826016398,0.44058769887619376,0.44058769887619376
0.6000000000000001,0.6000000000000001,7219.0595703125,68.77316284179688,5.938442653075926,0.0,0.9,0.16477272727272727,0.45348837209302323,0.0,0.9200680270544103,0.04392953667953668,0.11049217141787786,0.9999999998579546,0.12215909089173878,0.5298295453792856,1.2439695762822849,0.4949309965241097,0.4949309965241097
0.7000000000000002,0.6000000000000001,7482.2158203125,71.25237274169922,7.21755762474617,0.0,0.9,0.13352272727272727,0.3645833333333333,0.0,0.899999999852459,0.03432170343718043,0.07753019201900024,0.9999999998579546,0.13636363634426654,0.5142045453815051,1.3266894292506661,0.5667345875518682,0.5647051247535383
0.8,0.6000000000000001,7775.78125,74.01756286621094,8.898853221103288,0.0,0.9,0.10085227272727272,0.08490566037735849,0.0,0.6935229066834877,0.02369533553060017,0.029305555555555553,0.9999999998579546,0.3011363635935886,0.4758522726596801,1.4854492383925784,0.6691228181566967,0.6691228181566967
0.9000000000000001,0.6000000000000001,8097.328125,77.03752899169922,11.373311199484903,0.0,0.9,0.04261363636363636,0.021844660194174758,0.0,0.40207715127565624,0.010193036962001913,0.0036209907177649115,0.9999999998579546,0.5852272726441439,0.44318181811886626,1.7101467985172445,0.8236297652919314,0.8236297652919314
1.0,0.6000000000000001,8442.9853515625,80.28311920166016,inf,0.0,0.9,0.022727272727272728,0.011090573012939002,0.0,0.22238372089790936,0.0027503474508082802,0.0013394442379949627,0.9999999998579546,0.768465908981752,0.444602272664119,1.8326773849719575,0.8992768202883259,0.8992768202883259
-1.0,0.7000000000000002,8720.9208984375,83.54754638671875,inf,0.0,0.9,0.203125,0.22953736654804271,0.0,0.2281639928292043,0.14244039518543608,0.1458731683100612,0.9999999998579546,0.7982954544320603,0.5511363635580773,1.4942956180645561,0.6644813766283968,0.6644813766283968
-0.9,0.7000000000000002,8381.0625,80.32376098632812,inf,0.0,0.9,0.20170454545454544,0.23745173745173745,0.0,0.29715302485815787,0.1352827475850062,0.12321076358930211,0.9999999998579546,0.7357954544409382,0.5681818181011106,1.475268033377203,0.6560246289462213,0.6560246289462213
-0.8,0.7000000000000002,8065.5615234375,77.31755065917969,inf,0.0,0.9,0.19886363636363635,0.2703296703296703,0.0,0.4113475176575625,0.12776595732973292,0.12151778720785453,0.9999999998579546,0.6463068180900132,0.5738636362821217,1.4492351685133829,0.6376547697035972,0.6351404627191916
-0.7,0.7000000000000002,7776.9853515625,74.55560302734375,inf,0.0,0.9,0.17755681818181818,0.25806451612903225,0.0,0.44386873912886554,0.11012041639450608,0.11412518099396315,0.9999999998579546,0.616477272639705,0.5681818181011106,1.4689098155990468,0.6479770248270629,0.6472164615819107
-0.6,0.7000000000000002,7518.68115234375,72.06645202636719,inf,0.0,0.9,0.1690340909090909,0.25396825396825395,0.0,0.43760683753203306,0.09954153150183398,0.10749068061568062,0.9999999998579546,0.6264204544564744,0.5156249999267578,1.4864220420546188,0.6579215092468402,0.6579215092468402
-0.5,0.7000000000000002,7293.14208984375,69.87967681884766,inf,0.0,0.9,0.171875,0.25227272727272726,0.0,0.4356775299424224,0.09509108942866616,0.11217924869001138,0.9999999998579546,0.6249999999112216,0.4999999999289773,1.4765333244554335,0.6759076564702227,0.6759076564702227
-0.3999999999999999,0.7000000000000002,7103.38232421875,68.02489471435547,inf,0.0,0.9,0.17329545454545456,0.2589928057553957,0.0,0.469072164867857,0.09705277001367581,0.11226295316684333,0.9999999998579546,0.5923295453704077,0.5227272726530218,1.4702157184019586,0.6713050549056699,0.6713050549056699
-0.29999999999999993,0.7000000000000002,6951.2568359375,66.53031921386719,11.145992611213854,0.0,0.9,0.17045454545454544,0.24310776942355888,0.0,0.4828767122460828,0.09428501578079648,0.10370066539057517,0.9999999998579546,0.5667613635558578,0.5255681817435273,1.4659649086562319,0.6763492317357566,0.6763492317357566
-0.19999999999999996,0.7000000000000002,6839.0927734375,65.42105102539062,9.123480627175567,0.0,0.9,0.17897727272727273,0.25203252032520324,0.0,0.5224913493905725,0.10212018848111856,0.07622902852149818,0.9999999998579546,0.5241477271982745,0.5553977271938356,1.4347135897389873,0.6505952091134217,0.6505952091134217
-0.09999999999999998,0.7000000000000002,6770.0908203125,64.71723175048828,7.3766848153633235,0.0,0.9,0.17613636363636365,0.2750809061488673,0.0,0.6137931033424495,0.10285959459736385,0.10009178905206942,0.9999999998579546,0.4389204544831079,0.5880681817346495,1.3965916800762626,0.6453574529006003,0.6453574529006003
0.0,0.7000000000000002,6745.046875,64.43240356445312,6.231464372685485,0.0,0.9,0.16335227272727273,0.24126984126984127,0.0,0.5942275041435947,0.12112143411972925,0.13106002554278418,0.9999999998579546,0.44744318175462455,0.6292613635469799,1.4107989398703848,0.659670324202916,0.659670324202916
0.10000000000000009,0.7000000000000002,6763.6494140625,64.57221221923828,5.292679044985544,0.0,0.9,0.14914772727272727,0.07309941520467836,0.0,0.47078464098985234,0.12610294689980103,0.06006535947712418,0.9999999998579546,0.4857954544764495,0.6647727271782994,1.4548898757850097,0.6856568940326117,0.6837465349626703
0.20000000000000018,0.7000000000000002,6826.8818359375,65.13391876220703,4.879263009883897,0.0,0.9,0.07528409090909091,0.059895833333333336,0.0,0.4454685099162107,0.04146690449261147,0.010014127815174936,0.9999999998579546,0.5454545453770662,0.6803977271760799,1.545915916592387,0.7752525905069759,0.7752525905069759
0.30000000000000004,0.7000000000000002,6933.01123046875,66.10665130615234,4.883468626883351,0.0,0.9,0.10227272727272728,0.06993006993006994,0.0,0.579113923959001,0.055634928576105046,0.04917002012072435,0.9999999998579546,0.40624999994229405,0.6647727271782994,1.4375794247104936,0.6798913315646464,0.6798913315646464
0.40000000000000013,0.7000000000000002,7079.80859375,67.47235870361328,5.196984677319671,0.0,0.9,0.18181818181818182,0.184,0.0,0.8229166665237992,0.06673940918108037,0.10508658008658008,0.9999999998579546,0.17755681815659705,0.6107954544586939,1.266680960145321,0.5046126816277052,0.5046126816277052
0.5,0.7000000000000002,7264.4580078125,69.20747375488281,5.898237868354531,0.0,0.9,0.17329545454545456,0.37254901960784315,0.0,0.8900343641082415,0.05250162006451534,0.11046632412680159,0.9999999998579546,0.1448863636157832,0.5795454544631328,1.2615888962066473,0.5178049041555034,0.5178049041555034
0.6000000000000001,0.7000000000000002,7485.552734375,71.28461456298828,7.002415376640973,0.0,0.9,0.15056818181818182,0.3619047619047619,0.0,0.8879598660722475,0.04126373389401046,0.07569148081038271,0.9999999998579546,0.14914772725154152,0.5468749999223189,1.3251481023769809,0.5574398038589397,0.5574398038589397
0.7000000000000002,0.7000000000000002,7740.08837890625,73.67445373535156,8.17362782243668,0.0,0.9,0.12926136363636365,0.272108843537415,0.0,0.8254486132421781,0.03412040068216307,0.06712842712842712,0.9999999998579546,0.20880681815215812,0.5056818181099884,1.3764574902163778,0.6079086731515224,0.6079086731515224
0.8,0.7000000000000002,8024.2646484375,76.34721374511719,9.916507197308874,0.0,0.9,0.13494318181818182,0.17040358744394618,0.0,0.6962233167986498,0.04905499771789791,0.059015280135823425,0.9999999998579546,0.31676136359136914,0.4758522726596801,1.4508666747772467,0.6508251486753108,0.6508251486753108
0.9000000000000001,0.7000000000000002,8335.6142578125,79.27388000488281,inf,0.0,0.9,0.056818181818181816,0.05994550408719346,0.0,0.4804216866746353,0.014463332667094712,0.013960810431398666,0.9999999998579546,0.5213068181077689,0.46590909084291066,1.6432189521097087,0.7964459687859664,0.79471235953895
1.0,0.7000000000000002,8671.6298828125,82.42705535888672,inf,0.0,0.9,0.03977272727272727,0.028409090909090908,0.0,0.24112426031936032,0.008584854510567404,0.005420634451213502,0.9999999998579546,0.749999999893466,0.470170454478669,1.7860591342513314,0.8721356445014884,0.8721356445014884
-1.0,0.8,8977.6357421875,85.98932647705078,inf,0.0,0.9,0.18892045454545456,0.218018018018018,0.0,0.2399299474185762,0.13771757649064573,0.14325001883793245,0.9999999998579546,0.788352272615291,0.5454545453770662,1.5274879710279943,0.6648846369295321,0.6648846369295321
-0.9,0.8,8648.173828125,82.85871887207031,inf,0.0,0.9,0.18892045454545456,0.22692307692307692,0.0,0.29597197893240423,0.12698773541895322,0.135716317821581,0.9999999998579546,0.7386363635314437,0.5482954544675717,1.5024037542123245,0.667689136261818,0.667689136261818
-0.8,0.8,8342.748046875,79.9459228515625,inf,0.0,0.9,0.17329545454545456,0.22823984526112184,0.0,0.31443298963669536,0.10731529023154307,0.1269581728070959,0.9999999998579546,0.7343749998956854,0.52698863628878,1.5311797961052527,0.6839936702231462,0.6839936702231462
-0.7,0.8,8064.1376953125,77.27592468261719,inf,0.0,0.9,0.16193181818181818,0.21694214876033058,0.0,0.35762711858345303,0.09631184830181809,0.11927646849218218,0.9999999998579546,0.6874999999023438,0.49573863629321896,1.5383312964006761,0.6952115753072583,0.6952115753072583
-0.6,0.8,7814.7138671875,74.87503814697266,inf,0.0,0.9,0.15767045454545456,0.21535181236673773,0.0,0.37942664411814053,0.08733971482283923,0.12145168566500537,0.9999999998579546,0.6661931817235521,0.46022727266189956,1.541615714321905,0.7014322832102938,0.7014322832102938
-0.5,0.8,7597.759765625,72.77032470703125,inf,0.0,0.9,0.15767045454545456,0.18840579710144928,0.0,0.3389544687455389,0.08123666326128126,0.10223503197928789,0.9999999998579546,0.686079545357091,0.4588068181166468,1.5447617073274105,0.7092495580749489,0.7092495580749489
-0.3999999999999999,0.8,7415.89404296875,70.9885025024414,inf,0.0,0.9,0.1534090909090909,0.1913978494623656,0.0,0.3691275167165894,0.0738091337267469,0.06528865905336494,0.9999999998579546,0.660511363542541,0.46732954538816346,1.5423405150109524,0.7114770517888311,0.7114770517888311
-0.29999999999999993,0.8,7270.5068359375,69.55477142333984,inf,0.0,0.9,0.13920454545454544,0.1990632318501171,0.0,0.4356435642845473,0.06320435567319206,0.08711865258924084,0.9999999998579546,0.6065340908229355,0.48295454538594396,1.549375081978567,0.7119174925746627,0.7119174925746627
-0.19999999999999996,0.8,7163.4931640625,68.49134063720703,11.610320592582847,0.0,0.9,0.1377840909090909,0.1902552204176334,0.0,0.4250411860914265,0.07283983246288792,0.10982997443671601,0.9999999998579546,0.6122159090039466,0.5028409090194829,1.5476643449721512,0.7232840451023375,0.7214352277311384
-0.09999999999999998,0.8,7097.67578125,67.81591796875,9.827365872602117,0.0,0.9,0.12642045454545456,0.15157894736842106,0.0,0.3447154470984203,0.08272574507736884,0.11406325855206433,0.9999999998579546,0.6747159089950688,0.5156249999267578,1.586639417651649,0.7722725960874375,0.7722725960874375
0.0,0.8,7073.5732421875,67.54034423828125,8.494805562214859,0.0,0.9,0.09943181818181818,0.05353728489483748,0.0,0.219242902173621,0.07603426335911237,0.05283687943262411,0.9999999998579546,0.742897727167202,0.5568181817390884,1.6649917606767428,0.8122452479263818,0.8122452479263818
0.10000000000000009,0.8,7091.19189453125,67.66961669921875,7.6950279750059165,0.0,0.9,0.03977272727272727,0.03747870528109029,0.0,0.16420118340766254,0.020012753068707156,0.002498580352072686,0.9999999998579546,0.8338068180633798,0.6136363635491994,1.792716282728891,0.9050582354721908,0.904954595303934
0.20000000000000018,0.8,7150.8115234375,68.20143127441406,7.222500518683168,0.0,0.9,0.032670454545454544,0.03355704697986577,0.0,0.15418502200379075,0.004378099313905305,0.0022371364653243847,0.9999999998579546,0.8465909089706547,0.642045454454255,1.8140828549719175,0.9158776172387386,0.9158776172387386
0.30000000000000004,0.8,7251.3515625,69.12638854980469,6.777911818182203,0.0,0.9,0.046875,0.039337474120082816,0.0,0.3084947838586446,0.014296872711140328,0.002622498274672188,0.9999999998579546,0.686079545357091,0.6548295453615299,1.701689003473866,0.8501814538876666,0.8501814538876666
0.40000000000000013,0.8,7391.52734375,70.4288101196289,6.77216272266451,0.0,0.9,0.109375,0.06506849315068493,0.0,0.5645933013453599,0.05166459419144841,0.07173221515326778,0.9999999998579546,0.4147727272138107,0.5823863635536384,1.4667823369297655,0.672535634703828,0.672535634703828
0.5,0.8,7569.09765625,72.08795928955078,7.3198727028981745,0.0,0.9,0.16761363636363635,0.17647058823529413,0.0,0.737201365061911,0.05968144339904959,0.08941125999949527,0.9999999998579546,0.2656249999622692,0.5255681817435273,1.350684314909004,0.5780125320353926,0.5780125320353926
0.6000000000000001,0.8,7781.548828125,74.07952880859375,8.213944620540401,0.0,0.9,0.1590909090909091,0.25,0.0,0.7466216214955032,0.04341537216804501,0.06818552095651031,0.9999999998579546,0.2840909090505553,0.5014204544742301,1.34873111392936,0.5870125168323025,0.5870125168323025
0.7000000000000002,0.8,8027.09375,76.37718200683594,inf,0.0,0.9,0.16619318181818182,0.24481327800829875,0.0,0.6899488925570786,0.05033252705301175,0.07459454796411318,0.9999999998579546,0.3423295454059191,0.5028409090194829,1.386157547950626,0.6145697735372118,0.6145697735372118
0.8,0.8,8302.06640625,78.95381927490234,inf,0.0,0.9,0.15482954545454544,0.23,0.0,0.6117647057795353,0.05391552180522656,0.07427444055351032,0.9999999998579546,0.4261363635758329,0.46590909084291066,1.4511626838922125,0.6625617641479635,0.6625617641479635
0.9000000000000001,0.8,8603.1513671875,81.78272247314453,inf,0.0,0.9,0.12357954545454546,0.12876712328767123,0.0,0.4846029172634355,0.0365489529860429,0.03649609245094779,0.9999999998579546,0.5184659090172634,0.47301136356917456,1.550545424075112,0.7241888953588593,0.7241888953588593
1.0,0.8,8928.2392578125,84.83833312988281,inf,0.0,0.9,0.06676136363636363,0.06458333333333334,0.0,0.3165905631177183,0.019855820636537853,0.018773485422925562,0.9999999998579546,0.6818181817213327,0.4744318181144273,1.7061161534628428,0.8277326456865013,0.8277326456865013
-1.0,0.9000000000000001,9260.798828125,88.671142578125,inf,0.0,0.9,0.17613636363636365,0.1895093062605753,0.0,0.17413793100445898,0.13075609009641365,0.14283230666172245,0.9999999998579546,0.8394886362443909,0.47159090902392176,1.579238017753079,0.5914347488313516,0.5896862254707845
-0.9,0.9000000000000001,8942.0126953125,85.63685607910156,inf,0.0,0.9,0.1690340909090909,0.18825561312607944,0.0,0.19658119654759296,0.12326526130873958,0.13178739317389204,0.9999999998579546,0.8224431817013576,0.48295454538594396,1.5833456567104998,0.6615061196032521,0.6615061196032521
-0.8,0.9000000000000001,8646.8369140625,82.8199691772461,inf,0.0,0.9,0.15056818181818182,0.171875,0.0,0.20234113708990953,0.10475775314484993,0.11862299213733639,0.9999999998579546,0.8181818180655992,0.4644886362976579,1.6126649647121278,0.7152694172824916,0.7152694172824916
-0.7,0.9000000000000001,8378.0390625,80.2436752319336,inf,0.0,0.9,0.14630681818181818,0.1735241502683363,0.0,0.23128119796484506,0.0950470004224757,0.11152160657974611,0.9999999998579546,0.794034090796302,0.4389204544831079,1.614943694824149,0.7244937409373856,0.7244937409373856
-0.6,0.9000000000000001,8137.943359375,77.93218231201172,inf,0.0,0.9,0.13068181818181818,0.1358695652173913,0.0,0.22058823525807383,0.08148785333253865,0.08732676216003306,0.9999999998579546,0.7840909089795326,0.42329545448532735,1.6482021418675705,0.7402285706189062,0.7402285706189062
-0.5,0.9000000000000001,7929.57421875,75.9100112915039,inf,0.0,0.9,0.12357954545454546,0.14862385321100918,0.0,0.24797406803112254,0.057182227805157054,0.0868254834212281,0.9999999998579546,0.7741477271627631,0.45454545448088846,1.6408272899963892,0.7519008023823748,0.7519008023823748
-0.3999999999999999,0.9000000000000001,7755.70703125,74.20112609863281,inf,0.0,0.9,0.11789772727272728,0.13274336283185842,0.0,0.2109500804813285,0.06695716034271726,0.09422923976608186,0.9999999998579546,0.8025568180678186,0.47159090902392176,1.6692948558919656,0.7820337973027738,0.7820337973027738
-0.29999999999999993,0.9000000000000001,7616.9287109375,72.82794189453125,inf,0.0,0.9,0.11789772727272728,0.12136752136752137,0.0,0.1723027374923828,0.07915180230397624,0.10667293233082707,0.9999999998579546,0.8309659089728743,0.470170454478669,1.6814296700034477,0.7969463138708447,0.7969463138708447
-0.19999999999999996,0.9000000000000001,7515.54736328125,71.80998992919922,inf,0.0,0.9,0.109375,0.087893864013267,0.0,0.12280701752427321,0.08655257468527044,0.10610910115711131,0.9999999998579546,0.8565340907874242,0.4758522726596801,1.7125604668107854,0.8189534419031078,0.8189534419031078
-0.09999999999999998,0.9000000000000001,7452.884765625,71.16275787353516,inf,0.0,0.9,0.06392045454545454,0.043973941368078175,0.0,0.109256449148823,0.049834126563484286,0.039445356686735995,0.9999999998579546,0.8721590907852047,0.48437499993119676,1.7924515934743994,0.8841265743216938,0.8841265743216938
0.0,0.9000000000000001,7429.47265625,70.8965835571289,11.834848296341134,0.0,0.9,0.036931818181818184,0.03474320241691843,0.0,0.05752212388532122,0.013952057285110906,0.0023162134944612286,0.9999999998579546,0.940340908957338,0.5028409090194829,1.8767578839195094,0.9414790897634288,0.9414790897634288
0.10000000000000009,0.9000000000000001,7445.97607421875,71.01583099365234,10.891862770245762,0.0,0.9,0.032670454545454544,0.03254437869822485,0.0,0.03964757708668905,0.0065307412675833735,0.0021696252465483235,0.9999999998579546,0.9602272725908768,0.5795454544631328,1.8998365398551775,0.9520257934791991,0.950848678793781
0.20000000000000018,0.9000000000000001,7502.17236328125,71.51859283447266,10.186763063937143,0.0,0.9,0.03125,0.03254437869822485,0.0,0.04105571846905342,0.0020833333333333333,0.0021696252465483235,0.9999999998579546,0.9602272725908768,0.57812499991788,1.8959147153421925,0.951438540851538,0.951438540851538
0.30000000000000004,0.9000000000000001,7596.904296875,72.39680480957031,inf,0.0,0.9,0.041193181818181816,0.03697749196141479,0.0,0.11259259257591221,0.009250687577061927,0.0024651661307609858,0.9999999998579546,0.8835227271472269,0.6079545453681883,1.8296977830467294,0.9157352187468326,0.9157352187468326
0.40000000000000013,0.9000000000000001,7730.408203125,73.63685607910156,inf,0.0,0.9,0.05823863636363636,0.04835164835164835,0.0,0.3469079939144935,0.021590975913034074,0.007711757269279393,0.9999999998579546,0.6463068180900132,0.5468749999223189,1.6737465592715364,0.8224054582067789,0.8224054582067789
0.5,0.9000000000000001,7900.6689453125,75.22063446044922,inf,0.0,0.9,0.13210227272727273,0.11585365853658537,0.0,0.5253682486865191,0.05931349359859998,0.08675574088322428,0.9999999998579546,0.46590909084291066,0.534090909015044,1.4778863531220574,0.6735945228560222,0.6735945228560222
0.6000000000000001,0.9000000000000001,8104.8212890625,77.12669372558594,inf,0.0,0.9,0.17755681818181818,0.20833333333333334,0.0,0.6390328150882499,0.05969270603773527,0.08432762036663012,0.9999999998579546,0.374999999946733,0.5170454544720107,1.3859828946231683,0.6214936401669454,0.6214936401669454
0.7000000000000002,0.9000000000000001,8340.3994140625,79.33150482177734,inf,0.0,0.9,0.18607954545454544,0.24166666666666667,0.0,0.5235602093327121,0.05792459981903408,0.07857423730297579,0.9999999998579546,0.5113636362909995,0.4886363635669551,1.4167788885406203,0.6455357804733632,0.6455357804733632
0.8,0.9000000000000001,8605.779296875,81.81060028076172,inf,0.0,0.9,0.16761363636363635,0.23697916666666666,0.0,0.4999999999146758,0.05400622764942652,0.07511522541592885,0.9999999998579546,0.5454545453770662,0.4872159090217023,1.4591577695037012,0.6776054072009,0.6776054072009
0.9000000000000001,0.9000000000000001,8896.7607421875,84.5395278930664,inf,0.0,0.9,0.15482954545454544,0.17632241813602015,0.0,0.45042016799152607,0.050711603217273575,0.052441816668856486,0.9999999998579546,0.5639204544653522,0.5056818181099884,1.5129105827570235,0.7089018341264854,0.7089018341264854
1.0,0.9000000000000001,9211.255859375,87.49462127685547,inf,0.0,0.9,0.09517045454545454,0.09453781512605042,0.0,0.3233908947686985,0.029379693752575105,0.02573281668205734,0.9999999998579546,0.6761363635403216,0.4758522726596801,1.6518999077945826,0.7962477207513556,0.7962477207513556
-1.0,1.0,9567.916015625,91.57164001464844,inf,0.0,0.9,0.12215909090909091,0.11833333333333333,0.0,0.14401294496051573,0.09075190194214082,0.0918368999421631,0.9999999998579546,0.8522727271516658,0.4218749999400746,1.6929999962337832,0.45512894969779294,0.45512894969779294
-0.9,1.0,9259.3857421875,88.635009765625,inf,0.0,0.9,0.11221590909090909,0.11382113821138211,0.0,0.12799999997952,0.07941539675317462,0.08240831537433402,0.9999999998579546,0.8735795453304575,0.4105113635780524,1.7176339986035603,0.5342416660287612,0.5342416660287612
-0.8,1.0,8974.3427734375,85.9146957397461,inf,0.0,0.9,0.10653409090909091,0.0993485342019544,0.0,0.12082670904279386,0.07476481215388708,0.0804675172206986,0.9999999998579546,0.8721590907852047,0.4105113635780524,1.7297280880211516,0.5652609671741963,0.5652609671741963
-0.7,1.0,8715.7392578125,83.4321517944336,inf,0.0,0.9,0.10085227272727272,0.09933774834437085,0.0,0.14060031593355446,0.06313168785880145,0.07107866991078668,0.9999999998579546,0.8579545453326769,0.43607954539260235,1.7294688458890395,0.6341250447366965,0.6341250447366965
-0.6,1.0,8485.7646484375,81.20944213867188,inf,0.0,0.9,0.10511363636363637,0.0944,0.0,0.10158730157117662,0.0685842210900108,0.08149684556218133,0.9999999998579546,0.8877840907829853,0.44176136357361345,1.7416439611296872,0.6958921952787185,0.6958921952787185
-0.5,1.0,8286.408203125,79.26872253417969,inf,0.0,0.9,0.10653409090909091,0.09379968203497616,0.0,0.09379968202006365,0.07612241349330552,0.09557690758198371,0.9999999998579546,0.8934659089639964,0.45454545448088846,1.7402335145763035,0.739297394012919,0.739297394012919
-0.3999999999999999,1.0,8120.18017578125,77.63143157958984,inf,0.0,0.9,0.078125,0.05910543130990415,0.0,0.09244992294415257,0.0512531328320802,0.05908676551345415,0.9999999998579546,0.889204545328238,0.4403409090283607,1.7892181478116116,0.805242316664509,0.805242316664509
-0.29999999999999993,1.0,7987.69140625,76.31736755371094,inf,0.0,0.9,0.05823863636363636,0.045941807044410414,0.0,0.06033182502860757,0.044278022515907976,0.03974967061923584,0.9999999998579546,0.927556818050063,0.45454545448088846,1.8399884683418082,0.8588614579183764,0.8588614579183764
-0.19999999999999996,1.0,7891.27099609375,75.34368896484375,inf,0.0,0.9,0.03977272727272727,0.03829160530191458,0.0,0.03402366863402017,0.023159911272433956,0.022685660018993355,0.9999999998579546,0.9644886362266352,0.43039772721159125,1.8949454083015855,0.9080684748160773,0.9080684748160773
-0.09999999999999998,1.0,7832.0263671875,74.72393798828125,inf,0.0,0.9,0.032670454545454544,0.03183791606367583,0.0,0.0176211453718618,0.010330480266286256,0.006790890269151139,0.9999999998579546,0.9815340907696685,0.46164772720715236,1.919065933503325,0.9319090420014141,0.9319090420014141
0.0,1.0,7810.0927734375,74.46704864501953,inf,0.0,0.9,0.03125,0.03193033381712627,0.0,0.021994134894135757,0.0020833333333333333,0.002128688921141751,0.9999999998579546,0.978693181679163,0.47301136356917456,1.9228012829187597,0.9232283678243305,0.9232283678243305
0.10000000000000009,1.0,7824.8642578125,74.5768814086914,inf,0.0,0.9,0.03125,0.03156384505021521,0.0,0.010263929617263355,0.0020833333333333333,0.002104256336681014,0.9999999998579546,0.9900568180411852,0.5383522726508022,1.9239962966094917,0.903879679512793,0.903879679512793
0.20000000000000018,1.0,7877.72119140625,75.05184936523438,inf,0.0,0.9,0.029829545454545456,0.03017241379310345,0.0,0.011713030744990771,0.001991465149359886,0.002011494252873563,0.9999999998579546,0.9886363634959324,0.5809659090083855,1.924417098899469,0.911805262379578,0.911805262379578
0.30000000000000004,1.0,7967.759765625,75.88502502441406,inf,0.0,0.9,0.032670454545454544,0.02936857562408223,0.0,0.029368575619769667,0.0032416744552117662,0.00196078431372549,0.9999999998579546,0.9673295453171408,0.5596590908295939,1.9051548512567427,0.9480918086178729,0.9480918086178729
0.40000000000000013,1.0,8094.43310546875,77.06465148925781,inf,0.0,0.9,0.045454545454545456,0.04201680672268908,0.0,0.15178571426312715,0.011822443490772808,0.008872931368907598,0.9999999998579546,0.845170454425402,0.5454545453770662,1.809968274907064,0.9047003659058992,0.9047003659058992
0.5,1.0,8257.0478515625,78.574951171875,inf,0.0,0.9,0.08238636363636363,0.08240534521158129,0.0,0.3622291021111101,0.036022817372692445,0.04524856832853666,0.9999999998579546,0.6377840908184966,0.5284090908340329,1.6354525165267833,0.7960933958610968,0.7960933958610968
0.6000000000000001,1.0,8452.3505859375,80.3970718383789,inf,0.0,0.9,0.16193181818181818,0.15492957746478872,0.0,0.49152542364550417,0.06488641965645421,0.08538651737649318,0.9999999998579546,0.5042613635647356,0.5142045453815051,1.458151966813291,0.6701467542416721,0.6701467542416721
0.7000000000000002,1.0,8678.3662109375,82.51007843017578,inf,0.0,0.9,0.19318181818181818,0.22,0.0,0.4507042252727634,0.06748636481301366,0.08033799533799534,0.9999999998579546,0.5681818181011106,0.508522727200494,1.433648151881854,0.6568731591740282,0.6568731591740282
0.8,1.0,8932.951171875,84.89199829101562,inf,0.0,0.9,0.17045454545454544,0.2292134831460674,0.0,0.41267123280604945,0.0542568064515421,0.07423955779860611,0.9999999998579546,0.6321022726374855,0.5113636362909995,1.4821038372707034,0.6944084089246836,0.6944084089246836
0.9000000000000001,1.0,9213.6298828125,87.52059173583984,inf,0.0,0.9,0.16193181818181818,0.1956521739130435,0.0,0.3728813558690032,0.050118174173653586,0.061758365540724995,0.9999999998579546,0.6534090908162772,0.5056818181099884,1.5212608125169038,0.702231133703021,0.702231133703021
1.0,1.0,9517.90234375,90.37408447265625,inf,0.0,0.9,0.1434659090909091,0.14682539682539683,0.0,0.2868988390900665,0.042770844876108036,0.04470499530545279,0.9999999998579546,0.7159090908073993,0.5184659090172634,1.584605457345222,0.7210175202894791,0.7210175202894791
