-1.0,-1.0,13206.3310546875,194.04104614257812,2.747317211517889,0.0,0.9,0.246875,0.0,0.0,0.9999999995850622,0.09836481250864813,0.0,0.9999999996875,0.0,0.6124999998085937,0.9091026173995174,0.13453979955485823,0.13453979955485823
-0.9,-1.0,12800.94140625,189.7284698486328,2.65109261932617,0.0,0.9,0.271875,0.0,0.0,0.9999999995708154,0.11489572593691585,0.0,0.9999999996875,0.0,0.6249999998046875,0.8746532124673458,0.10884635257427833,0.10427661160893303
-0.8,-1.0,12427.447265625,185.74465942382812,2.5892568070405475,0.0,0.9,0.28125,0.0,0.0,0.9999999995652175,0.11627636730961906,0.0,0.9999999996875,0.0,0.649999999796875,0.8634611467387836,0.1389504972756046,0.09445999572918079
-0.7,-1.0,12088.6640625,182.1218719482422,2.523244664272045,0.0,0.9,0.35625,0.0,0.0,0.9999999995145631,0.16314773146258493,0.0,0.9999999996875,0.0,0.6437499997988281,0.8403957789753796,0.1008994473537074,0.017686952033458842
-0.6,-1.0,11787.4189453125,178.8930206298828,2.481292055095228,0.0,0.9,0.334375,0.0,0.0,0.9999999995305164,0.1534018144047554,0.0,0.9999999996875,0.0,0.6749999997890624,0.8397024349895201,0.10019866749934447,0.049579863182617145
-0.5,-1.0,11527.5,176.09100341796875,2.456472967609432,0.0,0.9,0.3375,0.0,0.0,0.9999999995283019,0.173398475734385,0.0,0.9999999996875,0.0,0.6906249997841797,0.8357350725111233,0.09256669315959055,0.05157771380606962
-0.3999999999999999,-1.0,11311.126953125,173.747314453125,2.454505060696886,0.0,0.9,0.3125,0.0,0.0,0.9999999995454546,0.15814841997917542,0.0,0.9999999996875,0.0,0.6999999997812499,0.8531320526844279,0.09173639700283245,0.09173639700283245
-0.29999999999999993,-1.0,11139.6923828125,171.89076232910156,2.4451777922829674,0.0,0.9,0.334375,0.0,0.0,0.9999999995305164,0.17397221799017035,0.0,0.9999999996875,0.0,0.7312499997714843,0.849329969134888,0.09551385422567657,0.07749707762989029
-0.19999999999999996,-1.0,11016.03125,170.54583740234375,2.461678503393993,0.0,0.9,0.346875,0.0,0.0,0.9999999995215312,0.19415998641229051,0.0,0.9999999996875,0.0,0.7249999997734374,0.8522246414800894,0.13685002549992964,0.06322312713600554
-0.09999999999999998,-1.0,10941.6396484375,169.73130798339844,2.4751660805625963,0.0,0.9,0.359375,0.0,0.0,0.9999999995121952,0.2045995571082679,0.0,0.9999999996875,0.0,0.6968749997822266,0.8457341960856222,0.13425237672988266,0.04308996058781821
0.0,-1.0,10916.89453125,169.45901489257812,2.484330127620526,0.0,0.9,0.3375,0.0,0.0,0.9999999995283019,0.17463494278652406,0.0,0.9999999996875,0.0,0.7249999997734374,0.8497162470473351,0.14111480762388467,0.05806633752915285
0.10000000000000009,-1.0,10941.5751953125,169.73300170898438,2.506571004327198,0.0,0.9,0.321875,0.0,0.0,0.9999999995391705,0.1687979093991309,0.0,0.9999999996875,0.0,0.6968749997822266,0.8622324527854626,0.1799669626661595,0.057936424594894155
0.20000000000000018,-1.0,11016.3798828125,170.5492401123047,2.5315083474258633,0.0,0.9,0.26875,0.0,0.0,0.9999999995726496,0.1461051460616947,0.0,0.9999999996875,0.0,0.6937499997832031,0.8763933949431006,0.16576778791479602,0.09731409438842892
0.30000000000000004,-1.0,11140.3955078125,171.8957977294922,2.587412257898361,0.0,0.9,0.23125,0.0,0.0,0.999999999593496,0.12338402926950118,0.0,0.9999999996875,0.0,0.6781249997880859,0.8973894893486833,0.14690633606131584,0.1309526223897167
0.40000000000000013,-1.0,11312.0498046875,173.75393676757812,2.6458016343245676,0.0,0.9,0.221875,0.0,0.0,0.9999999995983936,0.11747054919528788,0.0,0.9999999996875,0.0,0.6718749997900391,0.9205891316221919,0.142672202336088,0.1402780577673494
0.5,-1.0,11528.6953125,176.0990753173828,2.7042804177161495,0.0,0.9,0.221875,0.0,0.0,0.9999999995983936,0.10937058804026645,0.0,0.9999999996875,0.0,0.621874999805664,0.9352904514921125,0.13705588527659462,0.13318188323471722
0.6000000000000001,-1.0,11788.4453125,178.90245056152344,2.7500640795964966,0.0,0.9,0.19375,0.0,0.0,0.999999999612403,0.09237639500244543,0.0,0.9999999996875,0.0,0.5624999998242187,0.9501975410954293,0.1575530794350763,0.1575530794350763
0.7000000000000002,-1.0,12088.7744140625,182.13253784179688,2.7698681277386235,0.0,0.9,0.121875,0.0,0.0,0.999999999644128,0.05829133859106441,0.0,0.9999999996875,0.0,0.5406249998310546,0.9630109686922959,0.2465735887167032,0.2365013037521848
0.8,-1.0,12426.4462890625,185.75645446777344,2.7894787230495366,0.0,0.9,0.1125,0.0,0.0,0.9999999996478872,0.05089865244891866,0.0,0.9999999996875,0.0,0.5187499998378906,0.9703073259275424,0.24742349831458127,0.2381065356291806
0.9000000000000001,-1.0,12798.572265625,189.7412872314453,2.831962195023964,0.0,0.9,0.096875,0.0,0.0,0.9999999996539791,0.04253191661279897,0.0,0.9999999996875,0.0,0.5093749998408202,0.9805198842541181,0.2610554964985595,0.24441622129458004
1.0,-1.0,13202.337890625,194.05482482910156,2.9179124248570836,0.0,0.9,0.09375,0.0,0.0,0.9999999996551724,0.038720205253818696,0.0,0.9999999996875,0.0,0.44999999985937494,0.9953620196871423,0.24245727727795102,0.24058640550535484
-1.0,-0.9,12803.2314453125,189.7367401123047,2.6466201252902537,0.0,0.9,0.28125,0.0,0.0,0.9999999995652175,0.12786022684873782,0.0,0.9999999996875,0.0,0.6249999998046875,0.8792561645198835,0.08977654449112277,0.08977654449112277
-0.9,-0.9,12384.2548828125,185.27471923828125,2.564696642126477,0.0,0.9,0.28125,0.0,0.0,0.9999999995652175,0.12171554356665022,0.0,0.9999999996875,0.0,0.6562499997949218,0.8590312896770259,0.11191971091883471,0.09626126888704897
-0.8,-0.9,11997.3115234375,181.1431884765625,2.490061090259203,0.0,0.9,0.278125,0.0,0.0,0.9999999995670996,0.11461236732652365,0.0,0.9999999996875,0.0,0.6531249997958984,0.8426802155963798,0.11867457619455013,0.09854324390159312
-0.7,-0.9,11645.9013671875,177.37710571289062,2.4187677376506462,0.0,0.9,0.321875,0.0,0.0,0.9999999995391705,0.14424095944921667,0.0,0.9999999996875,0.0,0.6718749997900391,0.8205667002603705,0.10465511625497796,0.0603640443365598
-0.6,-0.9,11333.3642578125,174.01251220703125,2.3622636799428367,0.0,0.9,0.353125,0.0,0.0,0.9999999995169082,0.1671770972196161,0.0,0.9999999996875,0.0,0.6999999997812499,0.8100651163859809,0.11446080307457618,0.031068596651497683
-0.5,-0.9,11062.6552734375,171.0860137939453,2.3026903168764914,0.0,0.9,0.35625,0.0,0.0,0.9999999995145631,0.17513139308452264,0.0,0.9999999996875,0.0,0.7406249997685547,0.8019777696297166,0.14432735197387203,0.04325105988812376
-0.3999999999999999,-0.9,10837.1904296875,168.63291931152344,2.266698148216147,0.0,0.9,0.371875,0.0,0.0,0.9999999995024876,0.19316638757893517,0.0,0.9999999996875,0.0,0.7406249997685547,0.7929250612957551,0.10267994003319725,0.04398099170048505
-0.29999999999999993,-0.9,10658.626953125,166.68585205078125,2.2657033467147416,0.0,0.9,0.36875,0.0,0.0,0.9999999995049506,0.2056856058311585,0.0,0.9999999996875,0.0,0.7656249997607422,0.804387908772677,0.09143657665767749,0.06249201176064391
-0.19999999999999996,-0.9,10529.1484375,165.27285766601562,2.2719450019396397,0.0,0.9,0.396875,0.0,0.0,0.9999999994818654,0.22425819173268152,0.0,0.9999999996875,0.0,0.7812499997558593,0.7945080981332728,0.11945359206682896,0.026692677152540166
-0.09999999999999998,-0.9,10451.1962890625,164.4156494140625,2.277740194542242,0.0,0.9,0.403125,0.0,0.0,0.9999999994764398,0.21703364445736417,0.0,0.9999999996875,0.0,0.7749999997578124,0.7980558658670119,0.14128904076247287,0.026991671190395913
0.0,-0.9,10425.259765625,164.12786865234375,2.2980481641830797,0.0,0.9,0.40625,0.0,0.0,0.9999999994736842,0.2204115478566963,0.0,0.9999999996875,0.0,0.7749999997578124,0.8057879413656088,0.13202588701371623,0.01118595875701775
0.10000000000000009,-0.9,10451.1455078125,164.41419982910156,2.303887130435929,0.0,0.9,0.371875,0.0,0.0,0.9999999995024876,0.1994937333321807,0.0,0.9999999996875,0.0,0.7812499997558593,0.8089984990984974,0.10293305582052674,0.04044352872601044
0.20000000000000018,-0.9,10529.3583984375,165.27003479003906,2.3258471500620366,0.0,0.9,0.34375,0.0,0.0,0.9999999995238096,0.2010347566168431,0.0,0.9999999996875,0.0,0.7562499997636718,0.8230481384968101,0.12377419704198889,0.034687097405177246
0.30000000000000004,-0.9,10658.8125,166.68165588378906,2.3573848729725415,0.0,0.9,0.284375,0.0,0.0,0.9999999995633188,0.1667715376411029,0.0,0.9999999996875,0.0,0.7312499997714843,0.8324660943206513,0.11447560706436968,0.08371935962839638
0.40000000000000013,-0.9,10837.359375,168.6273956298828,2.42539000428761,0.0,0.9,0.2625,0.0,0.0,0.9999999995762712,0.15585233995328204,0.0,0.9999999996875,0.0,0.7406249997685547,0.8595474410837758,0.14031240784429622,0.09718053325877099
0.5,-0.9,11062.892578125,171.07923889160156,2.4915062406056663,0.0,0.9,0.31875,0.0,0.0,0.9999999995412844,0.19207021880095723,0.0,0.9999999996875,0.0,0.6624999997929687,0.8754090450018516,0.057245333639373654,0.03134212934787121
0.6000000000000001,-0.9,11332.751953125,174.0045928955078,2.5814708193422633,0.0,0.9,0.259375,0.0,0.0,0.9999999995780591,0.13869098001195995,0.0,0.9999999996875,0.0,0.5937499998144531,0.9003657939279706,0.08497373942796153,0.08497373942796153
0.7000000000000002,-0.9,11644.546875,177.3680419921875,2.631190581149992,0.0,0.9,0.16875,0.0,0.0,0.99999999962406,0.08480438837581694,0.0,0.9999999996875,0.0,0.5749999998203125,0.9210057972977943,0.17335698899464985,0.1714305977732874
0.8,-0.9,11994.140625,181.1331787109375,2.6948871073571405,0.0,0.9,0.13125,0.0,0.0,0.9999999996402877,0.07151343410423314,0.0,0.9999999996875,0.0,0.5343749998330077,0.9475438105909516,0.22441456610378785,0.21200848661728347
0.9000000000000001,-0.9,12379.287109375,185.26376342773438,2.780824748689535,0.0,0.9,0.109375,0.0,0.0,0.9999999996491227,0.04995580144094996,0.0,0.9999999996875,0.0,0.5187499998378906,0.9699480591357021,0.23385134836619573,0.2221711826727154
1.0,-0.9,12796.185546875,189.72494506835938,2.845400801017399,0.0,0.9,0.09375,0.0,0.0,0.9999999996551724,0.040516309186799875,0.0,0.9999999996875,0.0,0.48124999984960937,0.9813005958900077,0.2300701617513017,0.2300701617513017
-1.0,-0.8,12432.1513671875,185.76173400878906,2.614778609432333,0.0,0.9,0.29375,0.0,0.0,0.9999999995575222,0.14559055402428897,0.0,0.9999999996875,0.0,0.6374999998007812,0.8799872449540419,0.11253079466796888,0.07934633479430478
-0.9,-0.8,12000.0751953125,181.1520538330078,2.515811440696344,0.0,0.9,0.290625,0.0,0.0,0.9999999995594714,0.1310611483025276,0.0,0.9999999996875,0.0,0.6687499997910156,0.8576856943249617,0.10834201682048325,0.09300575949116256
-0.8,-0.8,11600.3232421875,176.87351989746094,2.393668985177157,0.0,0.9,0.325,0.0,0.0,0.9999999995370371,0.1608141173527325,0.0,0.9999999996875,0.0,0.6906249997841797,0.8262399646218797,0.06268783808067019,0.05836593503837066
-0.7,-0.8,11236.341796875,172.9636688232422,2.2870355148672,0.0,0.9,0.325,0.0,0.0,0.9999999995370371,0.14953361830191456,0.0,0.9999999996875,0.0,0.7124999997773437,0.7957102713402338,0.09496229562660877,0.06443387637414763
-0.6,-0.8,10911.92578125,169.4620819091797,2.199373773456372,0.0,0.9,0.353125,0.0,0.0,0.9999999995169082,0.17827243351311675,0.0,0.9999999996875,0.0,0.7624999997617187,0.7689264764496043,0.09216027763969475,0.04315549761684908
-0.5,-0.8,10630.83984375,166.40896606445312,2.1134898478287747,0.0,0.9,0.4125,0.0,0.0,0.9999999994680852,0.23214282836926764,0.0,0.9999999996875,0.0,0.7999999997499999,0.747557578348307,0.07212141127426618,-0.007665029776902466
-0.3999999999999999,-0.8,10396.2119140625,163.8438720703125,2.0568886345519246,0.0,0.9,0.440625,0.0,0.0,0.9999999994413408,0.2623295859973372,0.0,0.9999999996875,0.0,0.8124999997460937,0.7238874111550156,0.10180380120021233,-0.007384068948471963
-0.29999999999999993,-0.8,10210.79296875,161.8036346435547,2.040943653295812,0.0,0.9,0.48125,0.0,0.0,0.9999999993975904,0.3108722716641971,0.0,0.9999999996875,0.0,0.8187499997441405,0.7174994013390756,0.09648480191692226,-0.04068026591265814
-0.19999999999999996,-0.8,10076.1494140625,160.32028198242188,2.013539011738802,0.0,0.9,0.484375,0.0,0.0,0.9999999993939395,0.28723694650570425,0.0,0.9999999996875,0.0,0.843749999736328,0.7106321596024854,0.09819354041706813,-0.03492154344735573
-0.09999999999999998,-0.8,9994.869140625,159.41868591308594,2.055058318998626,0.0,0.9,0.484375,0.0,0.0,0.9999999993939395,0.2919138812967102,0.0,0.9999999996875,0.0,0.821874999743164,0.7259718673336807,0.11304215345932049,-0.014518162085552625
0.0,-0.8,9967.3466796875,159.11468505859375,2.0383763382455347,0.0,0.9,0.46875,0.0,0.0,0.9999999994117648,0.27684765826792407,0.0,0.9999999996875,0.0,0.821874999743164,0.7248898544746368,0.10697832917607852,-0.011625820802295319
0.10000000000000009,-0.8,9994.5458984375,159.4137725830078,2.0591991727976446,0.0,0.9,0.465625,0.0,0.0,0.9999999994152047,0.28031384270880066,0.0,0.9999999996875,0.0,0.8124999997460937,0.7389391131690219,0.11763727520230702,-0.02159184211741217
0.20000000000000018,-0.8,10076.134765625,160.31057739257812,2.063036996588686,0.0,0.9,0.459375,0.0,0.0,0.9999999994219654,0.27845991993247254,0.0,0.9999999996875,0.0,0.8124999997460937,0.7428947994118276,0.13047574513613452,-0.03576610516198774
0.30000000000000004,-0.8,10210.171875,161.789306640625,2.115578036912072,0.0,0.9,0.409375,0.0,0.0,0.9999999994708995,0.2633789583599241,0.0,0.9999999996875,0.0,0.771874999758789,0.7563132539714333,0.04098822383428567,-0.025337878282544517
0.40000000000000013,-0.8,10395.2763671875,163.82510375976562,2.2298683674204547,0.0,0.9,0.334375,0.0,0.0,0.9999999995305164,0.21062379541188456,0.0,0.9999999996875,0.0,0.7281249997724609,0.7919101124165441,0.09061915364859308,0.027219972896973126
0.5,-0.8,10629.7333984375,166.3860321044922,2.3204892171247615,0.0,0.9,0.3625,0.0,0.0,0.999999999509804,0.2250152774346323,0.0,0.9999999996875,0.0,0.6812499997871093,0.8185190376415379,0.07323150498216278,-0.010514335550187139
0.6000000000000001,-0.8,10909.5166015625,169.435302734375,2.428856038153836,0.0,0.9,0.31875,0.0,0.0,0.9999999995412844,0.19125068348265692,0.0,0.9999999996875,0.0,0.6062499998105468,0.8496675013994626,0.047560396232809665,0.025162177521732793
0.7000000000000002,-0.8,11232.0810546875,172.93336486816406,2.543928238534887,0.0,0.9,0.225,0.0,0.0,0.9999999995967742,0.11813185311547768,0.0,0.9999999996875,0.0,0.5562499998261718,0.8887816257455818,0.11542423417796459,0.09836404041975176
0.8,-0.8,11593.9208984375,176.83999633789062,2.5912325340823315,0.0,0.9,0.1625,0.0,0.0,0.9999999996268656,0.09054260024404963,0.0,0.9999999996875,0.0,0.5562499998261718,0.9153589250905929,0.1728349230424734,0.16081807050089605
0.9000000000000001,-0.8,11991.7529296875,181.11563110351562,2.7262619426976613,0.0,0.9,0.128125,0.0,0.0,0.9999999996415769,0.0731423524866148,0.0,0.9999999996875,0.0,0.5437499998300781,0.948950823710004,0.20709136738009826,0.198379682178904
1.0,-0.8,12421.640625,185.7227020263672,2.7984257138373936,0.0,0.9,0.1,0.0,0.0,0.9999999996527777,0.05333275822406257,0.0,0.9999999996875,0.0,0.49999999984375,0.9734164121398126,0.21542355217339848,0.21542355217339848
-1.0,-0.7,12095.05859375,182.14817810058594,2.57948569860865,0.0,0.9,0.2875,0.0,0.0,0.9999999995614035,0.1487502592785058,0.0,0.9999999996875,0.0,0.6031249998115233,0.8733749356574725,0.1260342773338169,0.09887267941115228
-0.9,-0.7,11650.6708984375,177.39532470703125,2.4398063648543853,0.0,0.9,0.3125,0.0,0.0,0.9999999995454546,0.1650694903906506,0.0,0.9999999996875,0.0,0.6406249997998047,0.8378818431288327,0.13395398538210346,0.0811807688683573
-0.8,-0.7,11238.70703125,172.97315979003906,2.317246152309252,0.0,0.9,0.3375,0.0,0.0,0.9999999995283019,0.18212524398553986,0.0,0.9999999996875,0.0,0.7093749997783203,0.8078416540402722,0.10085279905879872,0.05561740532451289
-0.7,-0.7,10863.1884765625,168.9219207763672,2.162992696417575,0.0,0.9,0.39375,0.0,0.0,0.9999999994845361,0.21766176933841486,0.0,0.9999999996875,0.0,0.7531249997646484,0.7693381235696903,0.04068730578508033,0.010875105450591432
-0.6,-0.7,10527.6728515625,165.28440856933594,2.037734539285287,0.0,0.9,0.41875,0.0,0.0,0.9999999994623656,0.2526990588778299,0.0,0.9999999996875,0.0,0.8031249997490234,0.7319692846812418,0.046345893507329344,-0.006215435252834873
-0.5,-0.7,10236.4638671875,162.10488891601562,1.9052865124161202,0.0,0.9,0.45625,0.0,0.0,0.9999999994252874,0.2820309912821434,0.0,0.9999999996875,0.0,0.8468749997353515,0.6834250320831621,0.04632625389192576,-0.036214736412224516
-0.3999999999999999,-0.7,9992.9892578125,159.42718505859375,1.8054738160481163,0.0,0.9,0.5625,0.0,0.0,0.9999999992857144,0.39192581461351816,0.0,0.9999999996875,0.0,0.8562499997324218,0.6299707234273089,0.12684767111892628,-0.11641904301793103
-0.29999999999999993,-0.7,9800.458984375,157.29273986816406,1.7503013022361003,0.0,0.9,0.584375,0.0,0.0,0.9999999992481203,0.40197666474366633,0.0,0.9999999996875,0.0,0.8656249997294921,0.5985789253179202,0.1328628876849825,-0.11097375834454967
-0.19999999999999996,-0.7,9661.1875,155.73779296875,1.7638557796566612,0.0,0.9,0.621875,0.0,0.0,0.9999999991735538,0.4295472780069397,0.0,0.9999999996875,0.0,0.8562499997324218,0.5974467186506451,0.12281691533807465,-0.12281691533807465
-0.09999999999999998,-0.7,9576.9287109375,154.79086303710938,1.7575151807234146,0.0,0.9,0.6375,0.0,0.0,0.9999999991379311,0.4464730743258279,0.0,0.9999999996875,0.0,0.843749999736328,0.6069503500633947,0.18392430270637317,-0.11767849325555241
0.0,-0.7,9548.478515625,154.47018432617188,1.7473240502891145,0.0,0.9,0.63125,0.0,0.0,0.9999999991525425,0.45062256662685257,0.0,0.9999999996875,0.0,0.8312499997402343,0.608244798079093,0.15396000239195776,-0.11806982820304479
0.10000000000000009,-0.7,9576.6640625,154.7821807861328,1.7435904392569144,0.0,0.9,0.596875,0.0,0.0,0.9999999992248062,0.4227818896662393,0.0,0.9999999996875,0.0,0.8499999997343749,0.616363887901333,0.12646204658857366,-0.10259295469428054
0.20000000000000018,-0.7,9660.7900390625,155.72056579589844,1.8021410820067998,0.0,0.9,0.5625,0.0,0.0,0.9999999992857144,0.38351732446853654,0.0,0.9999999996875,0.0,0.8343749997392578,0.6408938815634337,0.1186202482572978,-0.0994948454742063
0.30000000000000004,-0.7,9799.576171875,157.2672882080078,1.8858237843050085,0.0,0.9,0.525,0.0,0.0,0.9999999993421053,0.3529761183614343,0.0,0.9999999996875,0.0,0.8093749997470703,0.6741075570975851,0.10552174039979728,-0.10280169018051771
0.40000000000000013,-0.7,9991.197265625,159.3939971923828,2.016779597001139,0.0,0.9,0.459375,0.0,0.0,0.9999999994219654,0.2960292619745784,0.0,0.9999999996875,0.0,0.7312499997714843,0.7166836166495919,0.08670557021783884,-0.07415442991340995
0.5,-0.7,10233.4072265625,162.06448364257812,2.144106059107625,0.0,0.9,0.396875,0.0,0.0,0.9999999994818654,0.2595994355259528,0.0,0.9999999996875,0.0,0.7124999997773437,0.7587046719859772,0.08687136510379813,-0.03227109093670487
0.6000000000000001,-0.7,10522.578125,165.2373504638672,2.271400787701867,0.0,0.9,0.375,0.0,0.0,0.9999999995000001,0.23832282663804402,0.0,0.9999999996875,0.0,0.6718749997900391,0.7963023586305571,0.090657740986063,-0.03256607557195947
0.7000000000000002,-0.7,10855.8828125,168.86875915527344,2.416830586734189,0.0,0.9,0.325,0.0,0.0,0.9999999995370371,0.18883863311829413,0.0,0.9999999996875,0.0,0.6031249998115233,0.837655376014991,0.1287902390902965,0.0007673870784787873
0.8,-0.7,11229.451171875,172.91453552246094,2.5362805336097165,0.0,0.9,0.23125,0.0,0.0,0.999999999593496,0.14322727443848252,0.0,0.9999999996875,0.0,0.5749999998203125,0.8860738499288727,0.11899275688898794,0.08207450806066818
0.9000000000000001,-0.7,11639.5576171875,177.33181762695312,2.644516033688048,0.0,0.9,0.165625,0.0,0.0,0.999999999625468,0.10025469488696037,0.0,0.9999999996875,0.0,0.5281249998349609,0.9202080520581292,0.1512663020368328,0.14433462430631114
1.0,-0.7,12081.6015625,182.08035278320312,2.7795965115620005,0.0,0.9,0.13125,0.0,0.0,0.9999999996402877,0.0824591762091762,0.0,0.9999999996875,0.0,0.5249999998359375,0.9597330131733748,0.17588361291764715,0.17588361291764715
-1.0,-0.6,11795.30859375,178.92901611328125,2.5117426369904887,0.0,0.9,0.271875,0.0,0.0,0.9999999995708154,0.11745581384650249,0.0,0.9999999996875,0.0,0.6093749998095702,0.8643900571236356,0.1827673796856666,0.1335573919023585
-0.9,-0.6,11339.3955078125,174.0406494140625,2.3900883673441067,0.0,0.9,0.303125,0.0,0.0,0.9999999995515695,0.1642769153078203,0.0,0.9999999996875,0.0,0.6593749997939453,0.8330884106515288,0.15536381622527146,0.09884403518180754
-0.8,-0.6,10916.1103515625,169.48158264160156,2.2160970244646805,0.0,0.9,0.346875,0.0,0.0,0.9999999995215312,0.19816117278360493,0.0,0.9999999996875,0.0,0.7156249997763672,0.7861577554769443,0.09437793544022445,0.06174470035932146
-0.7,-0.6,10529.9873046875,165.2945556640625,2.059156591240269,0.0,0.9,0.421875,0.0,0.0,0.9999999994594595,0.2632285924078369,0.0,0.9999999996875,0.0,0.8062499997480468,0.747242633540488,0.08593912593821482,0.007073613068277655
-0.6,-0.6,10184.4150390625,161.52560424804688,1.8447312701350986,0.0,0.9,0.490625,0.0,0.0,0.9999999993865031,0.33867753775952586,0.0,0.9999999996875,0.0,0.8531249997333984,0.6759097340577783,0.08128760879372855,-0.048191301684367846
-0.5,-0.6,9883.5830078125,158.2228546142578,1.6877657552766672,0.0,0.9,0.54375,0.0,0.0,0.9999999993150686,0.3888194105957825,0.0,0.9999999996875,0.0,0.8687499997285155,0.6028217696859527,0.0902107529793222,-0.08281922360963372
-0.3999999999999999,-0.6,9632.1337890625,155.43455505371094,1.5564526723468985,0.0,0.9,0.6375,0.0,0.0,0.9999999991379311,0.4590937700025336,0.0,0.9999999996875,0.0,0.8781249997255859,0.527365630019682,0.15079132970906461,-0.15079132970906461
-0.29999999999999993,-0.6,9433.0322265625,153.20700073242188,1.4934260546499114,0.0,0.9,0.68125,0.0,0.0,0.9999999990196079,0.5018324976485036,0.0,0.9999999996875,0.0,0.8687499997285155,0.48068813557685447,0.17030119050392573,-0.15405832370871067
-0.19999999999999996,-0.6,9289.0986328125,151.58090209960938,1.486287707166946,0.0,0.9,0.7125,0.0,0.0,0.9999999989130436,0.5322567815718232,0.0,0.9999999996875,0.0,0.8781249997255859,0.47573231293364066,0.14605445241521603,-0.14605445241521603
-0.09999999999999998,-0.6,9202.236328125,150.58871459960938,1.4908045708995457,0.0,0.9,0.70625,0.0,0.0,0.9999999989361703,0.5279485519695467,0.0,0.9999999996875,0.0,0.8656249997294921,0.48472773837161215,0.12266876169896235,-0.10944997468913209
0.0,-0.6,9173.4306640625,150.2512664794922,1.459719938647703,0.0,0.9,0.7125,0.0,0.0,0.9999999989130436,0.5485618033868367,0.0,0.9999999996875,0.0,0.8656249997294921,0.48690226668955655,0.1305071350263043,-0.1305071350263043
0.10000000000000009,-0.6,9202.5068359375,150.5758819580078,1.456043834175632,0.0,0.9,0.6875,0.0,0.0,0.999999999,0.5089592984567063,0.0,0.9999999996875,0.0,0.8749999997265624,0.49333092954496977,0.16670697436300455,-0.1370803423336712
0.20000000000000018,-0.6,9288.9130859375,151.55552673339844,1.5344495228006945,0.0,0.9,0.64375,0.0,0.0,0.999999999122807,0.4660851793158149,0.0,0.9999999996875,0.0,0.8749999997265624,0.5336892543622951,0.13757971487025086,-0.12511089738391923
0.30000000000000004,-0.6,9431.8447265625,153.16958618164062,1.6407200246730873,0.0,0.9,0.60625,0.0,0.0,0.9999999992063493,0.4216218873514475,0.0,0.9999999996875,0.0,0.8593749997314453,0.5757876838935654,0.14290289370092493,-0.14290289370092493
0.40000000000000013,-0.6,9629.1923828125,155.38583374023438,1.8136807794231007,0.0,0.9,0.54375,0.0,0.0,0.9999999993150686,0.3643856972764218,0.0,0.9999999996875,0.0,0.8031249997490234,0.6410298912128333,0.14464413111090396,-0.1304405824234272
0.5,-0.6,9878.7568359375,158.16358947753906,1.9819463333469132,0.0,0.9,0.446875,0.0,0.0,0.9999999994350283,0.26796480947652046,0.0,0.9999999996875,0.0,0.7406249997685547,0.6954939615336789,0.1355026093929228,-0.06985095805395457
0.6000000000000001,-0.6,10176.9609375,161.45681762695312,2.1717272085719865,0.0,0.9,0.375,0.0,0.0,0.9999999995000001,0.2229371941581244,0.0,0.9999999996875,0.0,0.6812499997871093,0.7570711472710284,0.16605538621336813,-0.02558976434001592
0.7000000000000002,-0.6,10520.49609375,165.2171173095703,2.315845443185044,0.0,0.9,0.353125,0.0,0.0,0.9999999995169082,0.21118993014154305,0.0,0.9999999996875,0.0,0.6624999997929687,0.8018245544543413,0.16245439111056686,-0.025994920346615005
0.8,-0.6,10904.966796875,169.3964080810547,2.4885394075503786,0.0,0.9,0.275,0.0,0.0,0.9999999995689656,0.15628138445050313,0.0,0.9999999996875,0.0,0.6031249998115233,0.8634950294144847,0.10474184570041584,0.04043687896900797
0.9000000000000001,-0.6,11325.8662109375,173.94863891601562,2.6447462029797095,0.0,0.9,0.209375,0.0,0.0,0.9999999996047431,0.13930520876703606,0.0,0.9999999996875,0.0,0.5406249998310546,0.9079414449598545,0.1168841242932291,0.1033339732911964
1.0,-0.6,11779.3447265625,178.8309326171875,2.7485179828256605,0.0,0.9,0.184375,0.0,0.0,0.9999999996168581,0.12734422280617932,0.0,0.9999999996875,0.0,0.5343749998330077,0.9419447930767507,0.12734075039011195,0.12734075039011195
-1.0,-0.5,11535.3818359375,176.13706970214844,2.4751030903752573,0.0,0.9,0.265625,0.0,0.0,0.9999999995744681,0.10785349727802666,0.0,0.9999999996875,0.0,0.6062499998105468,0.8623525595908221,0.19410304641169007,0.13670684371303102
-0.9,-0.5,11069.5107421875,171.12445068359375,2.296213056416437,0.0,0.9,0.3,0.0,0.0,0.9999999995535714,0.14369445899051161,0.0,0.9999999996875,0.0,0.6656249997919922,0.817515059274735,0.16440613894199382,0.1129754514173097
-0.8,-0.5,10636.072265625,166.4390411376953,2.108833795332479,0.0,0.9,0.384375,0.0,0.0,0.9999999994923858,0.23317850872801074,0.0,0.9999999996875,0.0,0.7343749997705078,0.7660497406723141,0.09040532919763868,0.03996283778671419
-0.7,-0.5,10239.8486328125,162.1257781982422,1.9002478219498775,0.0,0.9,0.5,1.0,0.0,0.9999999993750001,0.35473496516960124,1.0,0.9999999996875,0.003124999999023437,0.8062499997480468,0.6949253072032855,0.09472743291767258,-0.04611679127903839
-0.6,-0.5,9885.583984375,158.23367309570312,1.7014900582477257,0.0,0.9,0.55625,1.0,0.0,0.9999999992957747,0.4295642376085627,1.0,0.9999999996875,0.006249999998046874,0.8874999997226561,0.622526142193218,0.13120210665127313,-0.07006359344805622
-0.5,-0.5,9576.767578125,154.81459045410156,1.4811099233044371,0.0,0.9,0.615625,0.0,0.0,0.9999999991869919,0.49053346205645554,0.0,0.9999999996875,0.0,0.9093749997158203,0.5296724024406625,0.1106277711007278,-0.0992489378592388
-0.3999999999999999,-0.5,9318.119140625,151.92127990722656,1.2980782964490174,0.0,0.9,0.69375,1.0,0.0,0.9999999989795919,0.5374558916470681,1.0,0.9999999996875,0.006249999998046874,0.9062499997167968,0.4289801603179521,0.17487874937073875,-0.15680417968321636
-0.29999999999999993,-0.5,9113.2119140625,149.60455322265625,1.248851536569295,0.0,0.9,0.76875,1.0,0.0,0.9999999986486487,0.6246504309193998,1.0,0.9999999996875,0.028124999991210934,0.9124999997148436,0.38268537888748577,0.17922400082341933,-0.16909285658372455
-0.19999999999999996,-0.5,8965.2099609375,147.9100341796875,1.2390329113155332,0.0,0.9,0.7625,1.0,0.0,0.9999999986842106,0.6072421360888853,1.0,0.9999999996875,0.05312499998339843,0.9124999997148436,0.37245611894980624,0.11728658438147956,-0.11089107395633972
-0.09999999999999998,-0.5,8875.8095703125,146.87403869628906,1.1928213357779727,0.0,0.9,0.784375,1.0,0.0,0.9999999985507247,0.6426810481558114,1.0,0.9999999996875,0.049999999984374995,0.9593749997001952,0.3575820855438496,0.12416903880258445,-0.11515942651320785
0.0,-0.5,8846.2294921875,146.52017211914062,1.1653237348188303,0.0,0.9,0.7875,1.0,0.0,0.9999999985294119,0.6425430558507975,1.0,0.9999999996875,0.009374999997070312,0.971874999696289,0.3492651206007707,0.13618619921318542,-0.13076152570879201
0.10000000000000009,-0.5,8876.3330078125,146.8567657470703,1.1895067215483055,0.0,0.9,0.76875,0.0,0.0,0.9999999986486487,0.6186572493259057,0.0,0.9999999996875,0.0,0.9749999996953125,0.3679830081352117,0.15121613275962648,-0.1452545630786488
0.20000000000000018,-0.5,8965.1376953125,147.8759002685547,1.2566819893316923,0.0,0.9,0.74375,0.0,0.0,0.9999999987804878,0.5808338325428419,0.0,0.9999999996875,0.0,0.949999999703125,0.40510001278019225,0.16397336307472687,-0.16397336307472687
0.30000000000000004,-0.5,9111.6171875,149.55430603027344,1.3970649201406717,0.0,0.9,0.696875,0.0,0.0,0.9999999989690722,0.5223100959191184,0.0,0.9999999996875,0.0,0.9343749997080077,0.47234566352655877,0.1725592211777228,-0.1725592211777228
0.40000000000000013,-0.5,9314.060546875,151.85594177246094,1.6058212435946346,0.0,0.9,0.621875,0.0,0.0,0.9999999991735538,0.4394977031008672,0.0,0.9999999996875,0.0,0.8593749997314453,0.5552433308659521,0.1720152120799062,-0.16779380077080644
0.5,-0.5,9570.28125,154.73541259765625,1.789887416327801,0.0,0.9,0.50625,0.0,0.0,0.9999999993670886,0.3113841383122611,0.0,0.9999999996875,0.0,0.7781249997568359,0.62476149929194,0.16773151539450157,-0.0895892378956133
0.6000000000000001,-0.5,9876.5908203125,158.14190673828125,2.017950804405693,0.0,0.9,0.44375,0.0,0.0,0.9999999994382023,0.2632876442984323,0.0,0.9999999996875,0.0,0.721874999774414,0.7058327920278298,0.10069450889335066,-0.06227416566668706
0.7000000000000002,-0.5,10228.8271484375,162.02272033691406,2.2010630644229523,0.0,0.9,0.4,0.0,0.0,0.9999999994791667,0.22770515009299047,0.0,0.9999999996875,0.0,0.6593749997939453,0.7596192380806427,0.08893920978221363,-0.04573871943624706
0.8,-0.5,10622.77734375,166.32601928710938,2.425169085636633,0.0,0.9,0.2875,0.0,0.0,0.9999999995614035,0.16158258175064896,0.0,0.9999999996875,0.0,0.6531249997958984,0.8388465001615094,0.09493495308030149,0.039341171816132676
0.9000000000000001,-0.5,11053.517578125,171.00262451171875,2.598159881127012,0.0,0.9,0.2375,0.0,0.0,0.999999999590164,0.14359736189108005,0.0,0.9999999996875,0.0,0.5906249998154296,0.8920121252369291,0.11174543506831744,0.09779627040255347
1.0,-0.5,11517.578125,176.00747680664062,2.731298201294446,0.0,0.9,0.20625,0.0,0.0,0.9999999996062993,0.13131409906619992,0.0,0.9999999996875,0.0,0.5874999998164062,0.9302965360165785,0.13825501546809107,0.1194111764074138
-1.0,-0.3999999999999999,11318.2724609375,173.80368041992188,2.458664081991269,0.0,0.9,0.25,0.0,0.0,0.9999999995833334,0.13117854523384476,0.0,0.9999999996875,0.0,0.6312499998027343,0.8577546558382572,0.18279260850761792,0.1486277773943579
-0.9,-0.3999999999999999,10843.3427734375,168.68202209472656,2.2992541806994864,0.0,0.9,0.321875,0.0,0.0,0.9999999995391705,0.1805724463333347,0.0,0.9999999996875,0.0,0.6718749997900391,0.8179083414336737,0.10021990870214557,0.09655219859664306
-0.8,-0.3999999999999999,10401.4560546875,163.8849334716797,2.0685247484396854,0.0,0.9,0.39375,0.0,0.0,0.9999999994845361,0.21969332716444798,0.0,0.9999999996875,0.0,0.7281249997724609,0.7537537220120941,0.09736858839499504,0.039073666781780717
-0.7,-0.3999999999999999,9997.0322265625,159.4593505859375,1.7823624492846968,0.0,0.9,0.509375,1.0,0.0,0.9999999993630574,0.3467852282653041,1.0,0.9999999996875,0.003124999999023437,0.8468749997353515,0.6563202011553452,0.16480195918686952,-0.045219801530295325
-0.6,-0.3999999999999999,9635.111328125,155.45689392089844,1.5676708146319962,0.0,0.9,0.61875,1.0,0.0,0.9999999991803279,0.512079983393235,1.0,0.9999999996875,0.003124999999023437,0.9156249997138671,0.5664893786907624,0.15134350463505059,-0.10088787201692044
-0.5,-0.3999999999999999,9319.6875,151.93287658691406,1.277137540070042,0.0,0.9,0.73125,1.0,0.0,0.9999999988372094,0.6629170300598873,1.0,0.9999999996875,0.009374999997070312,0.9999999996875,0.44374308203477353,0.20949702112323706,-0.16620379882297734
-0.3999999999999999,-0.3999999999999999,9055.056640625,148.9440460205078,1.0591749694704922,0.0,0.9,0.803125,1.0,0.0,0.9999999984126984,0.7465230888706086,1.0,0.9999999996875,0.06249999998046875,0.9999999996875,0.33414323931068,0.2159121482788112,-0.2124490655416248
-0.29999999999999993,-0.3999999999999999,8845.1826171875,146.5458221435547,0.9670682117644401,0.0,0.9,0.85,1.0,0.0,0.9999999979166666,0.7966221707872563,1.0,0.9999999996875,0.0843749999736328,0.9999999996875,0.26929571290854026,0.18653678414178532,-0.18653678414178532
-0.19999999999999996,-0.3999999999999999,8693.6728515625,144.7882537841797,0.9729621931033171,0.0,0.9,0.84375,1.0,0.0,0.999999998,0.7808228446574311,1.0,0.9999999996875,0.07812499997558593,0.9999999996875,0.2659376354035799,0.131258827977514,-0.131258827977514
-0.09999999999999998,-0.3999999999999999,8602.322265625,143.71165466308594,0.9485322524145477,0.0,0.9,0.85,1.0,0.0,0.9999999979166666,0.7901757001051539,1.0,0.9999999996875,0.06874999997851562,0.9968749996884765,0.2474905321607992,0.1177509414107623,-0.112704150919285
0.0,-0.3999999999999999,8571.4814453125,143.34234619140625,0.9227701121789056,0.0,0.9,0.85625,1.0,0.0,0.999999997826087,0.7957428335424778,1.0,0.9999999996875,0.06249999998046875,0.9999999996875,0.23445046045234075,0.14957777968815072,-0.12361066888398664
0.10000000000000009,-0.3999999999999999,8602.0390625,143.689697265625,0.9374911001581064,0.0,0.9,0.8375,1.0,0.0,0.9999999980769231,0.7519119219211686,1.0,0.9999999996875,0.03437499998925781,0.9968749996884765,0.2433982900080385,0.1700368486965424,-0.14141940916906734
0.20000000000000018,-0.3999999999999999,8693.0595703125,144.74490356445312,1.0252044353484198,0.0,0.9,0.8125,1.0,0.0,0.9999999983333333,0.6838125015146579,1.0,0.9999999996875,0.006249999998046874,0.9968749996884765,0.2910214565479201,0.17996167975470015,-0.16627522544026593
0.30000000000000004,-0.3999999999999999,8842.572265625,146.4820556640625,1.1732484821273765,0.0,0.9,0.7875,1.0,0.0,0.9999999985294119,0.6372112161596712,1.0,0.9999999996875,0.015624999995117187,0.9781249996943359,0.36535689879570254,0.20951012409556305,-0.20951012409556305
0.40000000000000013,-0.3999999999999999,9049.4228515625,148.86129760742188,1.3750973664876156,0.0,0.9,0.696875,0.0,0.0,0.9999999989690722,0.5314048057222905,0.0,0.9999999996875,0.0,0.9187499997128905,0.46136638686443987,0.1972168897644766,-0.1972168897644766
0.5,-0.3999999999999999,9311.3505859375,151.83277893066406,1.6421791463480064,0.0,0.9,0.55625,0.0,0.0,0.9999999992957747,0.3588454947829241,0.0,0.9999999996875,0.0,0.8031249997490234,0.5641238830768468,0.1312308115063675,-0.09679363911532454
0.6000000000000001,-0.3999999999999999,9624.3251953125,155.34121704101562,1.9179915521400468,0.0,0.9,0.49375,0.0,0.0,0.9999999993827161,0.30186978987240226,0.0,0.9999999996875,0.0,0.743749999767578,0.6620276237893132,0.09863236047622945,-0.07070750188356674
0.7000000000000002,-0.3999999999999999,9983.9501953125,159.3297576904297,2.1278695157769603,0.0,0.9,0.440625,0.0,0.0,0.9999999994413408,0.25511986564364353,0.0,0.9999999996875,0.0,0.7343749997705078,0.7430413253808612,0.06788476883946305,-0.05758222419897151
0.8,-0.3999999999999999,10386.0068359375,163.7430877685547,2.369186020197456,0.0,0.9,0.31875,0.0,0.0,0.9999999995412844,0.1770365054211586,0.0,0.9999999996875,0.0,0.6781249997880859,0.8232744256545679,0.10372923627419382,0.0433436429444045
0.9000000000000001,-0.3999999999999999,10825.8017578125,168.5294647216797,2.553896089974324,0.0,0.9,0.2375,0.0,0.0,0.999999999590164,0.14359499028364286,0.0,0.9999999996875,0.0,0.6843749997861328,0.8882045682607841,0.13730981574578954,0.1214787057656148
1.0,-0.3999999999999999,11298.76953125,173.64173889160156,2.699215548890445,0.0,0.9,0.20625,0.0,0.0,0.9999999996062993,0.12422393990190601,0.0,0.9999999996875,0.0,0.6374999998007812,0.9257124154339563,0.13920528439205732,0.13862475562130236
-1.0,-0.29999999999999993,11146.0361328125,171.95758056640625,2.514005944516634,0.0,0.9,0.259375,0.0,0.0,0.9999999995780591,0.16092063588148672,0.0,0.9999999996875,0.0,0.5906249998154296,0.8696818528194273,0.14385528824846092,0.14385528824846092
-0.9,-0.29999999999999993,10663.9501953125,166.74586486816406,2.3095370784430473,0.0,0.9,0.33125,0.0,0.0,0.9999999995327103,0.20996091447286339,0.0,0.9999999996875,0.0,0.6968749997822266,0.8236021170962127,0.08676453127820315,0.08616408112584119
-0.8,-0.29999999999999993,10215.09765625,161.8560028076172,2.0552556580526016,0.0,0.9,0.43125,0.0,0.0,0.9999999994505495,0.28286830155964326,0.0,0.9999999996875,0.0,0.7249999997734374,0.7395629544551712,0.14301033653398065,0.005946994393763949
-0.7,-0.29999999999999993,9804.1669921875,157.33656311035156,1.7846622348527146,0.0,0.9,0.546875,0.0,0.0,0.9999999993103449,0.3944947559637996,0.0,0.9999999996875,0.0,0.8499999997343749,0.6394602469965964,0.16491512119634086,-0.07385396986976703
-0.6,-0.29999999999999993,9436.330078125,153.24131774902344,1.471025914335585,0.0,0.9,0.66875,1.0,0.0,0.9999999990566039,0.5310636397034498,1.0,0.9999999996875,0.006249999998046874,0.9312499997089843,0.5109182053401998,0.20091577211427689,-0.1321041712672135
-0.5,-0.29999999999999993,9115.951171875,149.62840270996094,1.1869301558573442,0.0,0.9,0.81875,1.0,0.0,0.9999999982758621,0.7382750134157862,1.0,0.9999999996875,0.03749999998828125,0.9968749996884765,0.3856990909666342,0.23673020808247702,-0.2127995934366142
-0.3999999999999999,-0.29999999999999993,8846.8798828125,146.55816650390625,0.9377218535752748,0.0,0.9,0.875,1.0,0.0,0.9999999975,0.8294482210697648,1.0,0.9999999996875,0.07812499997558593,0.9999999996875,0.26231538596815746,0.2080474248656375,-0.2080474248656375
-0.29999999999999993,-0.29999999999999993,8633.2021484375,144.0900421142578,0.7689568485010204,0.0,0.9,0.95625,1.0,0.0,0.9999999928571429,0.9332323587742305,1.0,0.9999999996875,0.11562499996386717,0.9999999996875,0.15499688363326997,0.2412302251330635,-0.2412302251330635
-0.19999999999999996,-0.29999999999999993,8478.5537109375,142.27806091308594,0.727436814064545,0.0,0.9,0.934375,1.0,0.0,0.9999999952380952,0.9089547038327527,1.0,0.9999999996875,0.1249999999609375,0.9999999996875,0.12938278294649389,0.16526889175048032,-0.16526889175048032
-0.09999999999999998,-0.29999999999999993,8385.26171875,141.1661376953125,0.7210416411196334,0.0,0.9,0.91875,1.0,0.0,0.9999999961538462,0.8895454545454545,1.0,0.9999999996875,0.1093749999658203,0.9999999996875,0.1255246697544476,0.13139130742988117,-0.13139130742988117
0.0,-0.29999999999999993,8353.16796875,140.78311157226562,0.7019331434053373,0.0,0.9,0.946875,1.0,0.0,0.9999999941176471,0.9215839220303506,1.0,0.9999999996875,0.09687499996972655,0.9999999996875,0.11167312345327447,0.1571166484448864,-0.1571166484448864
0.10000000000000009,-0.29999999999999993,8384.1025390625,141.1393280029297,0.7150316214606285,0.0,0.9,0.95,1.0,0.0,0.9999999937499999,0.9195032179538482,1.0,0.9999999996875,0.09062499997167968,0.9999999996875,0.11829187212499231,0.18392074467265468,-0.18392074467265468
0.20000000000000018,-0.29999999999999993,8476.484375,142.22515869140625,0.8017777163367296,0.0,0.9,0.90625,1.0,0.0,0.9999999966666666,0.8233305715448572,1.0,0.9999999996875,0.06874999997851562,0.9999999996875,0.17006383301989028,0.19478855568440923,-0.1922921443449015
0.30000000000000004,-0.29999999999999993,8628.5419921875,144.01235961914062,0.9542277145275062,0.0,0.9,0.86875,1.0,0.0,0.9999999976190476,0.7331937595071566,1.0,0.9999999996875,0.05937499998144531,0.9968749996884765,0.25391660694575924,0.23266166472099192,-0.23144610857900377
0.40000000000000013,-0.29999999999999993,8838.9794921875,146.45753479003906,1.1896811485772876,0.0,0.9,0.75625,1.0,0.0,0.9999999987179488,0.5880313961800043,1.0,0.9999999996875,0.012499999996093749,0.971874999696289,0.3762602886937596,0.20477952174067415,-0.20477952174067415
0.5,-0.29999999999999993,9105.5341796875,149.50685119628906,1.49358388774612,0.0,0.9,0.596875,0.0,0.0,0.9999999992248062,0.4039096072740208,0.0,0.9999999996875,0.0,0.9062499997167968,0.5044752668514849,0.1299480781361834,-0.09929310141070903
0.6000000000000001,-0.29999999999999993,9423.6435546875,153.10107421875,1.8151068085999023,0.0,0.9,0.51875,0.0,0.0,0.9999999993506494,0.31907665246454375,0.0,0.9999999996875,0.0,0.8062499997480468,0.6257702675852049,0.1427726887580008,-0.06520979093405475
0.7000000000000002,-0.29999999999999993,9789.34765625,157.17979431152344,2.064881235786726,0.0,0.9,0.4875,0.0,0.0,0.999999999390244,0.3018720907413601,0.0,0.9999999996875,0.0,0.7593749997626953,0.718356499114824,0.07468182478983051,-0.06810099402180268
0.8,-0.29999999999999993,10197.9716796875,161.6847686767578,2.3127810492491396,0.0,0.9,0.35625,0.0,0.0,0.9999999995145631,0.20618881155701146,0.0,0.9999999996875,0.0,0.7281249997724609,0.8134071480208801,0.09188499881066532,0.03336164115687075
0.9000000000000001,-0.29999999999999993,10645.0732421875,166.5619659423828,2.507046077178414,0.0,0.9,0.30625,0.0,0.0,0.9999999995495495,0.18053881249923984,0.0,0.9999999996875,0.0,0.6999999997812499,0.8743541622489086,0.1648507294848262,0.07278740892710836
1.0,-0.29999999999999993,11125.6279296875,171.76275634765625,2.6721893252946165,0.0,0.9,0.2375,0.0,0.0,0.999999999590164,0.13714855224265945,0.0,0.9999999996875,0.0,0.6906249997841797,0.9221354262918288,0.14463437732867093,0.1328157739781084
-1.0,-0.19999999999999996,11021.3017578125,170.6230926513672,2.5639188253695724,0.0,0.9,0.259375,0.0,0.0,0.9999999995780591,0.15133541448214105,0.0,0.9999999996875,0.0,0.6156249998076171,0.8887364982923893,0.13107759328425067,0.13107759328425067
-0.9,-0.19999999999999996,10533.92578125,165.34385681152344,2.3587986474346225,0.0,0.9,0.3125,0.0,0.0,0.9999999995454546,0.20369082092296378,0.0,0.9999999996875,0.0,0.6874999997851562,0.8457608970814999,0.11218950561927253,0.10127810182116893
-0.8,-0.19999999999999996,10079.7763671875,160.38409423828125,2.0888462840974027,0.0,0.9,0.409375,0.0,0.0,0.9999999994708995,0.27901350677162345,0.0,0.9999999996875,0.0,0.721874999774414,0.7550676954253012,0.12273333534349368,0.02840543900835797
-0.7,-0.19999999999999996,9663.9775390625,155.7935333251953,1.8085204001165183,0.0,0.9,0.565625,0.0,0.0,0.9999999992805756,0.40432751302582126,0.0,0.9999999996875,0.0,0.8249999997421874,0.6417548567028754,0.20317127969069576,-0.08259682247986266
-0.6,-0.19999999999999996,9291.9560546875,151.6275634765625,1.503703325715118,0.0,0.9,0.665625,0.0,0.0,0.9999999990654206,0.5111046965179663,0.0,0.9999999996875,0.0,0.9156249997138671,0.5086302608340476,0.21469191518836633,-0.11144464939218912
-0.5,-0.19999999999999996,8967.666015625,147.9465789794922,1.1981814621661315,0.0,0.9,0.81875,1.0,0.0,0.9999999982758621,0.7072778921372272,1.0,0.9999999996875,0.04374999998632812,0.9812499996933594,0.37118307267275513,0.22879064381836925,-0.18976253028668658
-0.3999999999999999,-0.19999999999999996,8695.205078125,144.8135986328125,0.894339603180255,0.0,0.9,0.90625,1.0,0.0,0.9999999966666666,0.8533666597952313,1.0,0.9999999996875,0.12187499996191406,0.9999999996875,0.2226586463498673,0.1980206278569996,-0.1980206278569996
-0.29999999999999993,-0.19999999999999996,8478.8974609375,142.29116821289062,0.6830078226817015,0.0,0.9,0.975,1.0,0.0,0.9999999875000002,0.960978835978836,1.0,0.9999999996875,0.20624999993554685,0.9999999996875,0.09448498252443993,0.20595257157828264,-0.20595257157828264
-0.19999999999999996,-0.19999999999999996,8322.4580078125,140.43663024902344,0.6046533463664057,0.0,0.9,1.0,1.0,0.0,0.0,1.0,1.0,0.9999999996875,0.25624999991992187,0.9999999996875,0.04020748798590606,0.1641906144796897,-0.1641906144796897
-0.09999999999999998,-0.19999999999999996,8227.1943359375,139.2967987060547,0.5823060753709378,0.0,0.9,1.0,1.0,0.0,0.0,1.0,1.0,0.9999999996875,0.27187499991503905,0.9999999996875,0.026663636541272153,0.13511649519923047,-0.13511649519923047
0.0,-0.19999999999999996,8194.4794921875,138.90260314941406,0.580634808848577,0.0,0.9,1.0,1.0,0.0,0.0,1.0,1.0,0.9999999996875,0.3031249999052734,0.9999999996875,0.02623464808701434,0.13385711934412897,-0.13385711934412897
0.10000000000000009,-0.19999999999999996,8225.326171875,139.26512145996094,0.5931992769810767,0.0,0.9,1.0,1.0,0.0,0.0,1.0,1.0,0.9999999996875,0.21249999993359373,0.9999999996875,0.0350559597523737,0.15338416046910727,-0.15338416046910727
0.20000000000000018,-0.19999999999999996,8318.666015625,140.37411499023438,0.6470141162215524,0.0,0.9,0.978125,1.0,0.0,0.9999999857142858,0.9330378734565927,1.0,0.9999999996875,0.12812499995996093,0.9999999996875,0.0713601392513794,0.18576825510416622,-0.18239239143134822
0.30000000000000004,-0.19999999999999996,8472.8271484375,142.19944763183594,0.7792219363770786,0.0,0.9,0.940625,1.0,0.0,0.9999999947368421,0.8453839241789906,1.0,0.9999999996875,0.06562499997949219,0.9968749996884765,0.15358741864839123,0.23038980837900785,-0.23038980837900785
0.40000000000000013,-0.19999999999999996,8685.78515625,144.6949005126953,1.0511354236184047,0.0,0.9,0.85,1.0,0.0,0.9999999979166666,0.6894540628228467,1.0,0.9999999996875,0.009374999997070312,0.9812499996933594,0.3034269832604688,0.2467109981978931,-0.2467109981978931
0.5,-0.19999999999999996,8955.3583984375,147.80345153808594,1.3617516483707408,0.0,0.9,0.68125,0.0,0.0,0.9999999990196079,0.4993245628291333,0.0,0.9999999996875,0.0,0.9406249997060546,0.4527535421366431,0.161211816065838,-0.161211816065838
0.6000000000000001,-0.19999999999999996,9277.2685546875,151.4626922607422,1.7185695781316601,0.0,0.9,0.5625,0.0,0.0,0.9999999992857144,0.3730414002996284,0.0,0.9999999996875,0.0,0.8468749997353515,0.5939396831386375,0.0988398186664261,-0.0881595713176966
0.7000000000000002,-0.19999999999999996,9647.2314453125,155.60948181152344,1.9944027978652399,0.0,0.9,0.484375,0.0,0.0,0.9999999993939395,0.29285190575830805,0.0,0.9999999996875,0.0,0.7749999997578124,0.7002219636133193,0.06996725606805088,-0.040459755208202774
0.8,-0.19999999999999996,10060.828125,160.18336486816406,2.2156076226571466,0.0,0.9,0.41875,0.0,0.0,0.9999999994623656,0.25254885672778055,0.0,0.9999999996875,0.0,0.7499999997656249,0.7850800718672084,0.1302103281657503,-0.007895110183127545
0.9000000000000001,-0.19999999999999996,10513.515625,165.12860107421875,2.4256124965011776,0.0,0.9,0.325,0.0,0.0,0.9999999995370371,0.18922440812751268,0.0,0.9999999996875,0.0,0.7374999997695312,0.8570848299116628,0.135358294370887,0.06963751448706473
1.0,-0.19999999999999996,10999.7578125,170.39535522460938,2.601072211696207,0.0,0.9,0.2625,0.0,0.0,0.9999999995762712,0.15188115238875563,0.0,0.9999999996875,0.0,0.6968749997822266,0.908909523737592,0.19403009588818937,0.1093739913811057
-1.0,-0.09999999999999998,10946.279296875,169.81895446777344,2.623882479642101,0.0,0.9,0.23125,0.0,0.0,0.999999999593496,0.11407943427481397,0.0,0.9999999996875,0.0,0.5843749998173827,0.9122141861681343,0.15341177370399053,0.15341177370399053
-0.9,-0.09999999999999998,10455.611328125,164.4974822998047,2.4144045346892042,0.0,0.9,0.25,0.0,0.0,0.9999999995833334,0.1441099397272883,0.0,0.9999999996875,0.0,0.6656249997919922,0.8760879534166445,0.16313779230116027,0.16210150468098988
-0.8,-0.09999999999999998,9998.3603515625,159.49392700195312,2.1541312263723316,0.0,0.9,0.35,0.0,0.0,0.9999999995192308,0.22359356732908803,0.0,0.9999999996875,0.0,0.7531249997646484,0.798254831729238,0.08905295874449146,0.07793102882286539
-0.7,-0.09999999999999998,9579.4736328125,154.8585662841797,1.8703030450600644,0.0,0.9,0.53125,0.0,0.0,0.9999999993333334,0.3747899798964504,0.0,0.9999999996875,0.0,0.8374999997382812,0.6804872502072177,0.15068166865690677,-0.059395270171692584
-0.6,-0.09999999999999998,9204.3876953125,150.64784240722656,1.5572078870229564,0.0,0.9,0.653125,0.0,0.0,0.9999999990990992,0.48702330354479406,0.0,0.9999999996875,0.0,0.9093749997158203,0.5336700729594401,0.2299498770968016,-0.11303264765767712
-0.5,-0.09999999999999998,8877.5546875,146.92347717285156,1.249413536832713,0.0,0.9,0.7875,1.0,0.0,0.9999999985294119,0.6611345302521772,1.0,0.9999999996875,0.024999999992187497,0.949999999703125,0.38628643271686713,0.21013773687831838,-0.16670965775989294
-0.3999999999999999,-0.09999999999999998,8603.2236328125,143.75030517578125,0.9579798387620035,0.0,0.9,0.86875,1.0,0.0,0.9999999976190476,0.7787424835700698,1.0,0.9999999996875,0.12187499996191406,0.9937499996894531,0.24771577855090812,0.1507374267631703,-0.1507374267631703
-0.29999999999999993,-0.09999999999999998,8385.306640625,141.19284057617188,0.6937779526237695,0.0,0.9,0.934375,1.0,0.0,0.9999999952380952,0.9060713174158552,1.0,0.9999999996875,0.23749999992578125,0.9999999996875,0.10253789269571956,0.15137562248266476,-0.14806024411020555
-0.19999999999999996,-0.09999999999999998,8227.0439453125,139.310546875,0.5803603771485908,0.0,0.9,1.0,1.0,0.0,0.0,1.0,1.0,0.9999999996875,0.36562499988574215,0.9999999996875,0.023910615191225497,0.1325029473890563,-0.1325029473890563
-0.09999999999999998,-0.09999999999999998,8130.61572265625,138.15219116210938,0.562373066621954,0.0,0.9,1.0,1.0,0.0,0.0,1.0,1.0,0.9999999996875,0.5187499998378906,0.9999999996875,0.013267705452121392,0.10358403418381049,-0.10358403418381049
0.0,-0.09999999999999998,8097.63525390625,137.75001525878906,0.5605765707434246,0.0,0.9,1.0,1.0,0.0,0.0,1.0,1.0,0.9999999996875,0.5812499998183593,0.9999999996875,0.012977532797998391,0.10251170153806541,-0.10251170153806541
0.10000000000000009,-0.09999999999999998,8128.64111328125,138.11570739746094,0.5647515660822879,0.0,0.9,1.0,1.0,0.0,0.0,1.0,1.0,0.9999999996875,0.32187499989941404,0.9999999996875,0.01606386123479057,0.11515645013965513,-0.11515645013965513
0.20000000000000018,-0.09999999999999998,8222.330078125,139.23861694335938,0.5961229205116236,0.0,0.9,1.0,1.0,0.0,0.0,1.0,1.0,0.9999999996875,0.14687499995410155,0.9999999996875,0.03748224093268152,0.15743627239856883,-0.15743627239856883
0.30000000000000004,-0.09999999999999998,8377.71484375,141.08738708496094,0.6930123786606569,0.0,0.9,0.9625,1.0,0.0,0.9999999916666668,0.8851683029453016,1.0,0.9999999996875,0.06874999997851562,0.9999999996875,0.1011235938827554,0.2079143615934123,-0.20084624499567882
0.40000000000000013,-0.09999999999999998,8592.2314453125,143.61395263671875,0.9518029737846803,0.0,0.9,0.871875,1.0,0.0,0.9999999975609756,0.7291294495013821,1.0,0.9999999996875,0.003124999999023437,0.9843749996923827,0.24792540813758962,0.2434860243565256,-0.22717508160471014
0.5,-0.09999999999999998,8863.7734375,146.75921630859375,1.2860737781801967,0.0,0.9,0.75,0.0,0.0,0.9999999987500001,0.5825096381565098,0.0,0.9999999996875,0.0,0.9312499997089843,0.4121365469977392,0.20748655321731163,-0.20406296707156316
0.6000000000000001,-0.09999999999999998,9187.6669921875,150.4587860107422,1.6556388523852696,0.0,0.9,0.621875,0.0,0.0,0.9999999991735538,0.44565353800432633,0.0,0.9999999996875,0.0,0.8499999997343749,0.5681020547421857,0.1276803127052851,-0.1276803127052851
0.7000000000000002,-0.09999999999999998,9560.2880859375,154.647705078125,1.9446696846173483,0.0,0.9,0.534375,0.0,0.0,0.9999999993288591,0.3536338078354885,0.0,0.9999999996875,0.0,0.7843749997548828,0.6835141980801668,0.12421647389544566,-0.0766356664611645
0.8,-0.09999999999999998,9977.3369140625,159.26416015625,2.1819221060197607,0.0,0.9,0.41875,0.0,0.0,0.9999999994623656,0.25082381643643836,0.0,0.9999999996875,0.0,0.7593749997626953,0.7746100553379112,0.10365513982497263,0.009258783268609516
0.9000000000000001,-0.09999999999999998,10433.392578125,164.2513427734375,2.375482511694451,0.0,0.9,0.34375,0.0,0.0,0.9999999995238096,0.19712709917396284,0.0,0.9999999996875,0.0,0.7468749997666015,0.8454450610454904,0.14959421714889942,0.0613617551684239
1.0,-0.09999999999999998,10922.5908203125,169.55870056152344,2.491586301562927,0.0,0.9,0.303125,0.0,0.0,0.9999999995515695,0.1709042443758004,0.0,0.9999999996875,0.0,0.7468749997666015,0.8829420921774035,0.1843755036423731,0.0728349221133103
-1.0,0.0,10921.951171875,169.55674743652344,2.679755061913932,0.0,0.9,0.190625,0.0,0.0,0.9999999996138995,0.08511726368869225,0.0,0.9999999996875,0.0,0.5624999998242187,0.9294429705337865,0.19094450725318787,0.19094450725318787
-0.9,0.0,10429.884765625,164.22030639648438,2.505892035911212,0.0,0.9,0.225,0.0,0.0,0.9999999995967742,0.10868097479001082,0.0,0.9999999996875,0.0,0.6343749998017578,0.9018218257507448,0.18316562230960243,0.18213900521038706
-0.8,0.0,9971.2763671875,159.2010955810547,2.23475237191567,0.0,0.9,0.3125,0.0,0.0,0.9999999995454546,0.17529988839412444,0.0,0.9999999996875,0.0,0.7562499997636718,0.8299149680271242,0.12056532841580173,0.12056532841580173
-0.7,0.0,9550.888671875,154.54965209960938,1.9234945866216608,0.0,0.9,0.4625,0.0,0.0,0.9999999994186047,0.3046988380839313,0.0,0.9999999996875,0.0,0.8343749997392578,0.712703600304732,0.11802908266352002,0.003991841386806576
-0.6,0.0,9174.6142578125,150.3227081298828,1.6415871291860795,0.0,0.9,0.5875,0.0,0.0,0.9999999992424243,0.4148554797692729,0.0,0.9999999996875,0.0,0.9124999997148436,0.5809943334509039,0.1739583093453811,-0.06574685553827331
-0.5,0.0,8847.029296875,146.58245849609375,1.341609069694918,0.0,0.9,0.74375,1.0,0.0,0.9999999987804878,0.5867814132422795,1.0,0.9999999996875,0.03437499998925781,0.9343749997080077,0.431798743870139,0.19841887448115456,-0.1430655657462333
-0.3999999999999999,0.0,8572.3271484375,143.3943328857422,1.0552329329206098,0.0,0.9,0.85625,1.0,0.0,0.999999997826087,0.751550271615696,1.0,0.9999999996875,0.1093749999658203,0.9843749996923827,0.29300184223830666,0.16644746656583165,-0.16221951931504267
-0.29999999999999993,0.0,8353.8916015625,140.82357788085938,0.7513032166900916,0.0,0.9,0.921875,1.0,0.0,0.999999996,0.8702850955474644,1.0,0.9999999996875,0.21562499993261716,0.9999999996875,0.13826042371746136,0.1587206199788698,-0.15369854379367676
-0.19999999999999996,0.0,8194.6767578125,138.93040466308594,0.5891854645193912,0.0,0.9,1.0,1.0,0.0,0.0,1.0,1.0,0.9999999996875,0.3624999998867187,0.9999999996875,0.029570489623905866,0.14139286935905743,-0.14139286935905743
-0.09999999999999998,0.0,8097.07958984375,137.7642364501953,0.5607354051976454,0.0,0.9,1.0,1.0,0.0,0.0,1.0,1.0,0.9999999996875,0.5781249998193358,0.9999999996875,0.012043027678843228,0.10103338064076002,-0.10103338064076002
0.0,0.0,8063.888671875,137.35787963867188,0.5569961794080195,0.0,0.9,1.0,1.0,0.0,0.0,1.0,1.0,0.9999999996875,0.7187499997753906,0.9999999996875,0.010322796736635146,0.09580578559122044,-0.09580578559122044
0.10000000000000009,0.0,8094.69775390625,137.72323608398438,0.5609334952701301,0.0,0.9,1.0,1.0,0.0,0.0,1.0,1.0,0.9999999996875,0.5249999998359375,0.9999999996875,0.013752841540253306,0.10797607624451762,-0.10797607624451762
0.20000000000000018,0.0,8188.2890625,138.84954833984375,0.5834708812367713,0.0,0.9,1.0,1.0,0.0,0.0,1.0,1.0,0.9999999996875,0.16562499994824217,0.9999999996875,0.029267945324525438,0.14416361944426434,-0.14416361944426434
0.30000000000000004,0.0,8344.00390625,140.70510864257812,0.6837578875165536,0.0,0.9,0.975,1.0,0.0,0.9999999875000002,0.9464108192942496,1.0,0.9999999996875,0.02187499999316406,0.9999999996875,0.09396230386948536,0.20354777093994184,-0.20354777093994184
0.40000000000000013,0.0,8559.5517578125,143.24118041992188,0.9152242477477611,0.0,0.9,0.88125,0.0,0.0,0.999999997368421,0.757405727389472,0.0,0.9999999996875,0.0,0.9874999996914062,0.22466876642677963,0.22132690811360783,-0.22132690811360783
0.5,0.0,8831.0966796875,146.3980255126953,1.2619210467678046,0.0,0.9,0.740625,1.0,0.0,0.9999999987951808,0.5688731664547196,1.0,0.9999999996875,0.003124999999023437,0.9249999997109374,0.3940840184312424,0.1831958365880316,-0.17400975296265966
0.6000000000000001,0.0,9155.8115234375,150.1104736328125,1.5989025511442023,0.0,0.9,0.6625,0.0,0.0,0.9999999990740741,0.5050227462034231,0.0,0.9999999996875,0.0,0.8281249997412109,0.5431111659733927,0.18176779436163243,-0.16147494934704065
0.7000000000000002,0.0,9529.5068359375,154.31304931640625,1.8896734336573369,0.0,0.9,0.55625,0.0,0.0,0.9999999992957747,0.3915805714717389,0.0,0.9999999996875,0.0,0.7749999997578124,0.661474878089889,0.1447631002199421,-0.09776518922499354
0.8,0.0,9947.779296875,158.94337463378906,2.1234096102417688,0.0,0.9,0.45625,0.0,0.0,0.9999999994252874,0.30127213644655504,0.0,0.9999999996875,0.0,0.7749999997578124,0.7546987119325473,0.13376821458262378,-0.03247037459923073
0.9000000000000001,0.0,10405.001953125,163.9442901611328,2.3166533006823147,0.0,0.9,0.365625,0.0,0.0,0.9999999995073892,0.2181572222360709,0.0,0.9999999996875,0.0,0.7499999997656249,0.8240439195355839,0.13269616484225488,0.03380642299009336
1.0,0.0,10895.2353515625,169.2649688720703,2.45687427375375,0.0,0.9,0.315625,0.0,0.0,0.999999999543379,0.18402383984188977,0.0,0.9999999996875,0.0,0.7593749997626953,0.8720552551057439,0.1559409497189103,0.06095398471386693
-1.0,0.10000000000000009,10947.7021484375,169.8403778076172,2.7127364092920248,0.0,0.9,0.196875,0.0,0.0,0.9999999996108948,0.0930023850883266,0.0,0.9999999996875,0.0,0.49999999984375,0.9416006613666501,0.18433787823617967,0.18433787823617967
-0.9,0.10000000000000009,10456.4765625,164.51681518554688,2.5071329092231864,0.0,0.9,0.234375,0.0,0.0,0.9999999995918367,0.11606187157873885,0.0,0.9999999996875,0.0,0.6187499998066406,0.8971556512401526,0.1720572059162862,0.16371255835084186
-0.8,0.10000000000000009,9998.27734375,159.5109405517578,2.283148338431271,0.0,0.9,0.3125,0.0,0.0,0.9999999995454546,0.17400090653195813,0.0,0.9999999996875,0.0,0.721874999774414,0.8457235617544919,0.10867488889051727,0.10867488889051727
-0.7,0.10000000000000009,9578.6220703125,154.87290954589844,2.020286853438867,0.0,0.9,0.4125,0.0,0.0,0.9999999994680852,0.25754732040446326,0.0,0.9999999996875,0.0,0.8031249997490234,0.7571365197167766,0.09959549822326536,0.05101106393955182
-0.6,0.10000000000000009,9203.1171875,150.65924072265625,1.7454246410329743,0.0,0.9,0.534375,0.0,0.0,0.9999999993288591,0.3594448832478127,0.0,0.9999999996875,0.0,0.8874999997226561,0.6356351403641732,0.10853885948010934,-0.021171831046071926
-0.5,0.10000000000000009,8876.302734375,146.9315643310547,1.4539472527585182,0.0,0.9,0.659375,1.0,0.0,0.9999999990825689,0.4925085087837798,1.0,0.9999999996875,0.040624999987304684,0.9249999997109374,0.4928305074356532,0.16315021746734593,-0.0854604675241289
-0.3999999999999999,0.10000000000000009,8601.9443359375,143.75474548339844,1.1881436348751278,0.0,0.9,0.75625,1.0,0.0,0.9999999987179488,0.6047199204670889,1.0,0.9999999996875,0.0749999999765625,0.9624999996992187,0.3666321990035152,0.1214981867732084,-0.11216469465049685
-0.29999999999999993,0.10000000000000009,8384.046875,141.193359375,0.8863511742705046,0.0,0.9,0.8875,1.0,0.0,0.9999999972222222,0.8093958664683506,1.0,0.9999999996875,0.17812499994433592,0.9999999996875,0.22004125326040463,0.16759479041485711,-0.16759479041485711
-0.19999999999999996,0.10000000000000009,8225.0380859375,139.30690002441406,0.6293400519388032,0.0,0.9,0.99375,1.0,0.0,0.9999999500000026,0.9869614512471656,1.0,0.9999999996875,0.2749999999140625,0.9999999996875,0.05594984041576107,0.17683181796732855,-0.17683181796732855
-0.09999999999999998,0.10000000000000009,8127.5576171875,138.1442108154297,0.5716078643918173,0.0,0.9,1.0,1.0,0.0,0.0,1.0,1.0,0.9999999996875,0.3624999998867187,0.9999999996875,0.01915858527663618,0.11980947875493585,-0.11980947875493585
0.0,0.10000000000000009,8093.755859375,137.7376708984375,0.5624760276832798,0.0,0.9,1.0,1.0,0.0,0.0,1.0,1.0,0.9999999996875,0.40937499987207027,0.9999999996875,0.013895238363898985,0.10930664597780528,-0.10930664597780528
0.10000000000000009,0.10000000000000009,8123.830078125,138.0990753173828,0.5673523193376154,0.0,0.9,1.0,1.0,0.0,0.0,1.0,1.0,0.9999999996875,0.2781249999130859,0.9999999996875,0.018107494349258294,0.12260939052361061,-0.12260939052361061
0.20000000000000018,0.10000000000000009,8216.935546875,139.2179412841797,0.6062912342883598,0.0,0.9,0.9875,1.0,0.0,0.9999999750000006,0.9812596006144394,1.0,0.9999999996875,0.11562499996386717,0.9999999996875,0.043811890407492456,0.16378771756139704,-0.15607776723741174
0.30000000000000004,0.10000000000000009,8372.298828125,141.0629425048828,0.7281700346271205,0.0,0.9,0.965625,1.0,0.0,0.9999999909090911,0.9457249142733014,1.0,0.9999999996875,0.05312499998339843,0.9999999996875,0.12038970694351019,0.22203524795808455,-0.22203524795808455
0.40000000000000013,0.10000000000000009,8587.234375,143.58612060546875,0.9762190027496372,0.0,0.9,0.853125,1.0,0.0,0.9999999978723404,0.7460370095025058,1.0,0.9999999996875,0.006249999998046874,0.9874999996914062,0.2565590724288543,0.21889207891181342,-0.21624128091174777
0.5,0.10000000000000009,8858.2861328125,146.72842407226562,1.3160336708076223,0.0,0.9,0.7375,0.0,0.0,0.9999999988095238,0.5863485769801992,0.0,0.9999999996875,0.0,0.921874999711914,0.41195410342391703,0.19377608873526866,-0.1836105714467201
0.6000000000000001,0.10000000000000009,9182.2431640625,150.42543029785156,1.5950118222715164,0.0,0.9,0.665625,0.0,0.0,0.9999999990654206,0.5199474035735556,0.0,0.9999999996875,0.0,0.8093749997470703,0.5331760900032296,0.1786377440300537,-0.17044100997835065
0.7000000000000002,0.10000000000000009,9555.646484375,154.6121826171875,1.8714726789020282,0.0,0.9,0.615625,0.0,0.0,0.9999999991869919,0.452320157117525,0.0,0.9999999996875,0.0,0.7812499997558593,0.6442515490359884,0.18791193811489226,-0.16442292898884348
0.8,0.10000000000000009,9972.5595703125,159.22682189941406,2.11873946720773,0.0,0.9,0.490625,0.0,0.0,0.9999999993865031,0.34031824151596934,0.0,0.9999999996875,0.0,0.7687499997597655,0.7459520454654751,0.1726562721721404,-0.06660400287788407
0.9000000000000001,0.10000000000000009,10428.5771484375,164.21246337890625,2.2779050848282507,0.0,0.9,0.421875,0.0,0.0,0.9999999994594595,0.2754137575296797,0.0,0.9999999996875,0.0,0.7656249997607422,0.8057272884026591,0.18033104772866437,-0.028090644480406338
1.0,0.10000000000000009,10917.755859375,169.51858520507812,2.4264661303647204,0.0,0.9,0.325,0.0,0.0,0.9999999995370371,0.2009420112480695,0.0,0.9999999996875,0.0,0.7406249997685547,0.8626260138605548,0.16483761200301944,0.04591364965418036
-1.0,0.20000000000000018,11023.8115234375,170.66566467285156,2.71623682311667,0.0,0.9,0.196875,0.0,0.0,0.9999999996108948,0.10835960520421055,0.0,0.9999999996875,0.0,0.5343749998330077,0.9500493605658832,0.1902855953248816,0.1902855953248816
-0.9,0.20000000000000018,10534.767578125,165.38226318359375,2.519470021403202,0.0,0.9,0.25625,0.0,0.0,0.999999999579832,0.14878415231782385,0.0,0.9999999996875,0.0,0.6437499997988281,0.9064688685923499,0.14977846109254359,0.14977846109254359
-0.8,0.20000000000000018,10079.1806640625,160.41783142089844,2.3344879637167346,0.0,0.9,0.321875,0.0,0.0,0.9999999995391705,0.1746154213347305,0.0,0.9999999996875,0.0,0.6874999997851562,0.8603656040413171,0.12473040217918621,0.10628043248346375
-0.7,0.20000000000000018,9662.01953125,155.82199096679688,2.1016321477180284,0.0,0.9,0.375,0.0,0.0,0.9999999995000001,0.23380279116010225,0.0,0.9999999996875,0.0,0.7499999997656249,0.7823160267551814,0.08947517299536019,0.07850118579635697
-0.6,0.20000000000000018,9288.9052734375,151.65011596679688,1.8293325773583557,0.0,0.9,0.484375,0.0,0.0,0.9999999993939395,0.3256122806074052,0.0,0.9999999996875,0.0,0.8281249997412109,0.6729456299256564,0.052544479827119225,-0.0011056198788870055
-0.5,0.20000000000000018,8964.2392578125,147.96255493164062,1.5611102507220698,0.0,0.9,0.603125,1.0,0.0,0.9999999992125985,0.441057330279106,1.0,0.9999999996875,0.03437499998925781,0.9093749997158203,0.5454060172482067,0.11051090212131687,-0.06471945050975807
-0.3999999999999999,0.20000000000000018,8691.615234375,144.82240295410156,1.309753057987678,0.0,0.9,0.66875,1.0,0.0,0.9999999990566039,0.49946819328481684,1.0,0.9999999996875,0.06874999997851562,0.9374999997070312,0.43165261288652185,0.10951905043918164,-0.06661972020905316
-0.29999999999999993,0.20000000000000018,8475.6396484375,142.29222106933594,1.0544747856960877,0.0,0.9,0.8,1.0,0.0,0.9999999984375001,0.6785113939249278,1.0,0.9999999996875,0.14062499995605468,0.9843749996923827,0.3130054480540066,0.14969290621826142,-0.14969290621826142
-0.19999999999999996,0.20000000000000018,8318.1357421875,140.429443359375,0.7910520514587746,0.0,0.9,0.934375,1.0,0.0,0.9999999952380952,0.8858363858363859,1.0,0.9999999996875,0.14062499995605468,0.9999999996875,0.1642910416877116,0.21776267365384877,-0.21652227318082334
-0.09999999999999998,0.20000000000000018,8221.6650390625,139.28111267089844,0.669811664536506,0.0,0.9,0.984375,1.0,0.0,0.9999999800000003,0.9636170707599279,1.0,0.9999999996875,0.14374999995507812,0.9999999996875,0.0850785319877341,0.1943167416822425,-0.1943167416822425
0.0,0.20000000000000018,8187.99560546875,138.8782958984375,0.640040313317663,0.0,0.9,0.9875,1.0,0.0,0.9999999750000006,0.9802013995562382,1.0,0.9999999996875,0.12812499995996093,0.9999999996875,0.06615103385901903,0.17613392794869612,-0.17613392794869612
0.10000000000000009,0.20000000000000018,8217.0947265625,139.23236083984375,0.652984558397218,0.0,0.9,0.984375,1.0,0.0,0.9999999800000003,0.9752517494452978,1.0,0.9999999996875,0.06874999997851562,0.9999999996875,0.07514609727832658,0.18489652660953848,-0.18489652660953848
0.20000000000000018,0.20000000000000018,8309.0234375,140.3333282470703,0.7224173878191082,0.0,0.9,0.953125,1.0,0.0,0.9999999933333334,0.9343401607466942,1.0,0.9999999996875,0.018749999994140624,0.9999999996875,0.11907837543205992,0.20448117520741294,-0.20448117520741294
0.30000000000000004,0.20000000000000018,8463.109375,142.15122985839844,0.8906080663896514,0.0,0.9,0.89375,1.0,0.0,0.9999999970588235,0.8607403946628731,1.0,0.9999999996875,0.015624999995117187,0.9937499996894531,0.21711215090520403,0.22931109306955494,-0.22931109306955494
0.40000000000000013,0.20000000000000018,8675.869140625,144.63998413085938,1.150096131211029,0.0,0.9,0.784375,0.0,0.0,0.9999999985507247,0.69371576750609,0.0,0.9999999996875,0.0,0.971874999696289,0.3391856716186763,0.196946061022568,-0.196946061022568
0.5,0.20000000000000018,8945.224609375,147.7426300048828,1.3940567214627375,0.0,0.9,0.75,0.0,0.0,0.9999999987500001,0.6383106141170657,0.0,0.9999999996875,0.0,0.8999999997187499,0.43883623440830327,0.21718255050603735,-0.21718255050603735
0.6000000000000001,0.20000000000000018,9267.21484375,151.39674377441406,1.6805333039824124,0.0,0.9,0.665625,0.0,0.0,0.9999999990654206,0.5390281117105471,0.0,0.9999999996875,0.0,0.8031249997490234,0.556485583622606,0.18460369191762266,-0.18460369191762266
0.7000000000000002,0.20000000000000018,9637.7685546875,155.53916931152344,1.910865077902083,0.0,0.9,0.615625,0.0,0.0,0.9999999991869919,0.4719562710378051,0.0,0.9999999996875,0.0,0.793749999751953,0.6535765508622736,0.18927154167741012,-0.17618308181706005
0.8,0.20000000000000018,10051.8076171875,160.109375,2.115409618031163,0.0,0.9,0.5375,0.0,0.0,0.9999999993243244,0.37801137398610807,0.0,0.9999999996875,0.0,0.7749999997578124,0.738686112007499,0.18928673202071966,-0.12253551168666263
0.9000000000000001,0.20000000000000018,10504.2958984375,165.0515594482422,2.2668282055484457,0.0,0.9,0.440625,0.0,0.0,0.9999999994413408,0.2938658359186569,0.0,0.9999999996875,0.0,0.7531249997646484,0.7975546622744848,0.18057013710034384,-0.0556881931061156
1.0,0.20000000000000018,10990.2392578125,170.31576538085938,2.401907014492377,0.0,0.9,0.35,0.0,0.0,0.9999999995192308,0.22959314479673018,0.0,0.9999999996875,0.0,0.7468749997666015,0.8516942162729012,0.15620576087933633,0.01993258161218378
-1.0,0.30000000000000004,11148.1962890625,172.02066040039062,2.732187502576709,0.0,0.9,0.209375,0.0,0.0,0.9999999996047431,0.12880711501072653,0.0,0.9999999996875,0.0,0.521874999836914,0.9623983808791841,0.18278554604186584,0.18278554604186584
-0.9,0.30000000000000004,10663.86328125,166.80274963378906,2.5508664574665576,0.0,0.9,0.265625,0.0,0.0,0.9999999995744681,0.149444489848427,0.0,0.9999999996875,0.0,0.621874999805664,0.9196078084699331,0.13972054050742388,0.13972054050742388
-0.8,0.30000000000000004,10213.033203125,161.90589904785156,2.3618042473500966,0.0,0.9,0.2875,0.0,0.0,0.9999999995614035,0.167855142157121,0.0,0.9999999996875,0.0,0.7031249997802734,0.8703866756971357,0.14547243110590047,0.13401830012149724
-0.7,0.30000000000000004,9800.380859375,157.37860107421875,2.1276927284040923,0.0,0.9,0.35625,0.0,0.0,0.9999999995145631,0.21676262122413267,0.0,0.9999999996875,0.0,0.7499999997656249,0.78749387414202,0.13703534100619524,0.07790266297170179
-0.6,0.30000000000000004,9431.2607421875,153.27459716796875,1.8849298815442612,0.0,0.9,0.40625,0.0,0.0,0.9999999994736842,0.26207297620730113,0.0,0.9999999996875,0.0,0.8124999997460937,0.6938609232523717,0.11580362000259498,0.05119718964480976
-0.5,0.30000000000000004,9110.404296875,149.6519775390625,1.6382426172671911,0.0,0.9,0.559375,1.0,0.0,0.9999999992907802,0.406482079045701,1.0,0.9999999996875,0.015624999995117187,0.8531249997333984,0.5795417871351876,0.09637712748017119,-0.056388088534522686
-0.3999999999999999,0.30000000000000004,8841.029296875,146.57113647460938,1.4379795740541292,0.0,0.9,0.6125,1.0,0.0,0.9999999991935484,0.44869755519560084,1.0,0.9999999996875,0.049999999984374995,0.9156249997138671,0.49426330579842737,0.11990782307437288,-0.06823121089962271
-0.29999999999999993,0.30000000000000004,8627.3017578125,144.09156799316406,1.2449322928351187,0.0,0.9,0.671875,1.0,0.0,0.9999999990476192,0.5157585377949717,1.0,0.9999999996875,0.0749999999765625,0.9656249996982421,0.40607103985314164,0.1562844744283542,-0.08864616646823281
-0.19999999999999996,0.30000000000000004,8472.1943359375,142.2675323486328,1.0248514447281907,0.0,0.9,0.846875,1.0,0.0,0.9999999979591837,0.7715553693230287,1.0,0.9999999996875,0.08749999997265624,0.9749999996953125,0.28639459712531584,0.20607416911195497,-0.20489117209704152
-0.09999999999999998,0.30000000000000004,8377.513671875,141.1431121826172,0.8978892504404998,0.0,0.9,0.86875,1.0,0.0,0.9999999976190476,0.8031813389457148,1.0,0.9999999996875,0.06249999998046875,0.9749999996953125,0.21125207167729043,0.17684030868061215,-0.16656318103393858
0.0,0.30000000000000004,8344.08984375,140.74749755859375,0.8400487850979805,0.0,0.9,0.90625,1.0,0.0,0.9999999966666666,0.8475269274376417,1.0,0.9999999996875,0.006249999998046874,0.9999999996875,0.17476211654761414,0.19170305720852907,-0.18717144557943158
0.10000000000000009,0.30000000000000004,8372.671875,141.09133911132812,0.8208001687875488,0.0,0.9,0.90625,0.0,0.0,0.9999999966666666,0.8479453981758128,0.0,0.9999999996875,0.0,0.9999999996875,0.17059419601136455,0.20979666993836749,-0.2006857909520889
0.20000000000000018,0.30000000000000004,8463.462890625,142.16537475585938,0.9296141796155716,0.0,0.9,0.890625,0.0,0.0,0.9999999971428571,0.8586848836190509,0.0,0.9999999996875,0.0,0.9999999996875,0.23765657659519693,0.24572119249748234,-0.24572119249748234
0.30000000000000004,0.30000000000000004,8615.6845703125,143.94161987304688,1.1159705177272814,0.0,0.9,0.7875,0.0,0.0,0.9999999985294119,0.7128122826689457,0.0,0.9999999996875,0.0,0.9781249996943359,0.3302893100206736,0.20255349658367067,-0.20255349658367067
0.40000000000000013,0.30000000000000004,8825.5185546875,146.37686157226562,1.3433371513635426,0.0,0.9,0.703125,0.0,0.0,0.9999999989473685,0.60621834112382,0.0,0.9999999996875,0.0,0.9281249997099609,0.4238021119643643,0.18064565267669175,-0.16753136300422009
0.5,0.30000000000000004,9091.0341796875,149.41737365722656,1.541645043057785,0.0,0.9,0.678125,0.0,0.0,0.9999999990291263,0.5697833428370316,0.0,0.9999999996875,0.0,0.8781249997255859,0.5092105412345075,0.18475586650121656,-0.18475586650121656
0.6000000000000001,0.30000000000000004,9408.962890625,153.0039520263672,1.777230060318741,0.0,0.9,0.66875,0.0,0.0,0.9999999990566039,0.5609998097105483,0.0,0.9999999996875,0.0,0.8124999997460937,0.6009194011480792,0.21704880445791236,-0.20823151503627324
0.7000000000000002,0.30000000000000004,9775.0634765625,157.0760498046875,1.9740890823367607,0.0,0.9,0.571875,0.0,0.0,0.999999999270073,0.4386212528489657,0.0,0.9999999996875,0.0,0.7968749997509765,0.6801250207385812,0.19474245334287235,-0.14465401387627463
0.8,0.30000000000000004,10184.041015625,161.57545471191406,2.137586360141339,0.0,0.9,0.515625,0.0,0.0,0.9999999993548387,0.36413479680881694,0.0,0.9999999996875,0.0,0.7843749997548828,0.7442692162520407,0.21253285230582175,-0.10643848426160825
0.9000000000000001,0.30000000000000004,10631.38671875,166.447998046875,2.2761767408991944,0.0,0.9,0.465625,0.0,0.0,0.9999999994152047,0.31637313832055736,0.0,0.9999999996875,0.0,0.7593749997626953,0.7995477711852698,0.21370146295414558,-0.08791567989994294
1.0,0.30000000000000004,11112.0517578125,171.6448211669922,2.4219120018089524,0.0,0.9,0.409375,0.0,0.0,0.9999999994708995,0.26620359662231585,0.0,0.9999999996875,0.0,0.7468749997666015,0.8575407508332653,0.23177263728598338,-0.03614735614393192
-1.0,0.40000000000000013,11319.9091796875,173.886474609375,2.7559973165536373,0.0,0.9,0.175,0.0,0.0,0.999999999621212,0.12526522341739732,0.0,0.9999999996875,0.0,0.5406249998310546,0.9678275083544441,0.22971870795080424,0.22971870795080424
-0.9,0.40000000000000013,10842.771484375,168.7565460205078,2.570227190111569,0.0,0.9,0.23125,0.0,0.0,0.999999999593496,0.16162850442708732,0.0,0.9999999996875,0.0,0.6093749998095702,0.9254948142967792,0.17280655479503418,0.17200755402455312
-0.8,0.40000000000000013,10398.5966796875,163.95018005371094,2.3880892275983228,0.0,0.9,0.296875,0.0,0.0,0.9999999995555556,0.19765913108149724,0.0,0.9999999996875,0.0,0.6624999997929687,0.869184293591675,0.14104551773563465,0.12040868478259512
-0.7,0.40000000000000013,9992.0673828125,159.5142364501953,2.1778357547068348,0.0,0.9,0.340625,0.0,0.0,0.9999999995260663,0.2156865280708944,0.0,0.9999999996875,0.0,0.7281249997724609,0.7973301134648545,0.10224999838837803,0.07743032577134926
-0.6,0.40000000000000013,9628.6796875,155.5002899169922,1.9658035123578188,0.0,0.9,0.3875,0.0,0.0,0.9999999994897959,0.24971101343653807,0.0,0.9999999996875,0.0,0.7656249997607422,0.7196694961332033,0.08818830883179057,0.05154594567699088
-0.5,0.40000000000000013,9312.7294921875,151.9635467529297,1.7423732885930858,0.0,0.9,0.475,0.0,0.0,0.9999999994047619,0.33802809625791,0.0,0.9999999996875,0.0,0.843749999736328,0.6300112668605695,0.07819686716060673,-0.01692052426351901
-0.3999999999999999,0.40000000000000013,9047.8740234375,148.9608917236328,1.5739574594418713,0.0,0.9,0.54375,0.0,0.0,0.9999999993150686,0.38830047350899255,0.0,0.9999999996875,0.0,0.8749999997265624,0.5576611388570458,0.10894968153101554,-0.05737439373803212
-0.29999999999999993,0.40000000000000013,8837.8935546875,146.54782104492188,1.4176904394806638,0.0,0.9,0.6,1.0,0.0,0.99999999921875,0.43318572557013,1.0,0.9999999996875,0.003124999999023437,0.9062499997167968,0.4933294497489711,0.15983078159129355,-0.08365329017619884
-0.19999999999999996,0.40000000000000013,8685.8955078125,144.77462768554688,1.2311707011990347,0.0,0.9,0.75625,0.0,0.0,0.9999999987179488,0.6544017351925074,0.0,0.9999999996875,0.0,0.9468749997041015,0.40124456419190774,0.21792544001677877,-0.21579913104059067
-0.09999999999999998,0.40000000000000013,8592.7060546875,143.68186950683594,1.1033348339666285,0.0,0.9,0.83125,0.0,0.0,0.9999999981481481,0.7451674389562589,0.0,0.9999999996875,0.0,0.9406249997060546,0.3319757615482557,0.24944723228704113,-0.2445797361981139
0.0,0.40000000000000013,8560.365234375,143.2963104248047,1.0313353570664692,0.0,0.9,0.846875,0.0,0.0,0.9999999979591837,0.774437840940304,0.0,0.9999999996875,0.0,0.9812499996933594,0.2942128999807796,0.2451390169875448,-0.2428804284096035
0.10000000000000009,0.40000000000000013,8588.6279296875,143.627685546875,1.038874426568245,0.0,0.9,0.85625,0.0,0.0,0.999999997826087,0.7892119796636603,0.0,0.9999999996875,0.0,0.9906249996904296,0.2995772281274087,0.27734208224132356,-0.27734208224132356
0.20000000000000018,0.40000000000000013,8677.9775390625,144.66757202148438,1.1593355662221632,0.0,0.9,0.790625,0.0,0.0,0.9999999985074628,0.7038365932704312,0.0,0.9999999996875,0.0,0.9781249996943359,0.3585683678026167,0.2644045051129364,-0.2578304123260412
0.30000000000000004,0.40000000000000013,8827.150390625,146.3904571533203,1.3411327093834005,0.0,0.9,0.728125,0.0,0.0,0.9999999988505748,0.6560226422451025,0.0,0.9999999996875,0.0,0.9468749997041015,0.44415904748711316,0.23745005201448005,-0.23745005201448005
0.40000000000000013,0.40000000000000013,9033.185546875,148.75668334960938,1.529090397770548,0.0,0.9,0.6625,0.0,0.0,0.9999999990740741,0.5622280405696248,0.0,0.9999999996875,0.0,0.893749999720703,0.5164738051634667,0.19286890510124685,-0.1874446486348127
0.5,0.40000000000000013,9294.337890625,151.71653747558594,1.7388416657770607,0.0,0.9,0.625,0.0,0.0,0.9999999991666667,0.5333389710215992,0.0,0.9999999996875,0.0,0.8312499997402343,0.6019851015522091,0.19889331562104373,-0.1766233085364322
0.6000000000000001,0.40000000000000013,9606.8193359375,155.2147979736328,1.9089624976789041,0.0,0.9,0.60625,0.0,0.0,0.9999999992063493,0.5004115582925238,0.0,0.9999999996875,0.0,0.8093749997470703,0.6625392799134677,0.1779367519360613,-0.17529681744649717
0.7000000000000002,0.40000000000000013,9966.5634765625,159.19447326660156,2.0718967977039098,0.0,0.9,0.525,0.0,0.0,0.9999999993421053,0.41443003419154456,0.0,0.9999999996875,0.0,0.7968749997509765,0.7238410565913069,0.14809905828846248,-0.11751964755303218
0.8,0.40000000000000013,10368.755859375,163.6002960205078,2.1774595778802515,0.0,0.9,0.5,0.0,0.0,0.9999999993750001,0.36347726990984713,0.0,0.9999999996875,0.0,0.7624999997617187,0.7585623080283918,0.21136146655783628,-0.1075261712947291
0.9000000000000001,0.40000000000000013,10808.7666015625,168.38026428222656,2.3462096698726813,0.0,0.9,0.434375,0.0,0.0,0.9999999994475138,0.290001206487597,0.0,0.9999999996875,0.0,0.7499999997656249,0.8244236818927675,0.2205388708842514,-0.061634121880703566
1.0,0.40000000000000013,11282.2109375,173.48719787597656,2.446432207769964,0.0,0.9,0.346875,0.0,0.0,0.9999999995215312,0.21724399027093025,0.0,0.9999999996875,0.0,0.7343749997705078,0.8607521601625042,0.16952616936298026,0.012314871645986963
-1.0,0.5,11537.6220703125,176.238525390625,2.7723557394595013,0.0,0.9,0.16875,0.0,0.0,0.99999999962406,0.11385900589529621,0.0,0.9999999996875,0.0,0.5249999998359375,0.9794048311156364,0.23172237554623948,0.23172237554623948
-0.9,0.5,11068.927734375,171.21563720703125,2.6198824358530834,0.0,0.9,0.2,0.0,0.0,0.9999999996093749,0.14867563458167485,0.0,0.9999999996875,0.0,0.5937499998144531,0.9322181842875361,0.20192941197715247,0.19958714339047862
-0.8,0.5,10633.216796875,166.5187225341797,2.417476987172921,0.0,0.9,0.253125,0.0,0.0,0.99999999958159,0.1809966074458096,0.0,0.9999999996875,0.0,0.6374999998007812,0.8738182825187517,0.1513831968924371,0.1478535594517951
-0.7,0.5,10234.794921875,162.19264221191406,2.243917897168761,0.0,0.9,0.33125,0.0,0.0,0.9999999995327103,0.21185512251807972,0.0,0.9999999996875,0.0,0.6874999997851562,0.8151594377785771,0.10790707212371115,0.07072839195204138
-0.6,0.5,9878.890625,158.2864227294922,2.039876348705952,0.0,0.9,0.36875,0.0,0.0,0.9999999995049506,0.2289879023102866,0.0,0.9999999996875,0.0,0.7343749997705078,0.7474445702311666,0.0932537757333716,0.038575380248571364
-0.5,0.5,9569.4814453125,154.85183715820312,1.8814335446772372,0.0,0.9,0.415625,0.0,0.0,0.9999999994652407,0.28932420520864843,0.0,0.9999999996875,0.0,0.8062499997480468,0.6910602069727113,0.09994990148847215,0.006119920882867355
-0.3999999999999999,0.5,9310.33984375,151.9416961669922,1.7410774121160126,0.0,0.9,0.459375,0.0,0.0,0.9999999994219654,0.3409671994130355,0.0,0.9999999996875,0.0,0.8468749997353515,0.6416854023519379,0.09451052181247722,-0.034732757349193406
-0.29999999999999993,0.5,9104.9423828125,149.6069793701172,1.5939936557498264,0.0,0.9,0.534375,0.0,0.0,0.9999999993288591,0.378641623243174,0.0,0.9999999996875,0.0,0.8781249997255859,0.5879483523565655,0.12816123591388148,-0.09944264061276765
-0.19999999999999996,0.5,8956.2060546875,147.89361572265625,1.4480126329736462,0.0,0.9,0.61875,0.0,0.0,0.9999999991803279,0.46490246638756105,0.0,0.9999999996875,0.0,0.9437499997050781,0.5257781702463425,0.1788327280053547,-0.17208090319789499
-0.09999999999999998,0.5,8865.2041015625,146.83815002441406,1.320229694664742,0.0,0.9,0.73125,0.0,0.0,0.9999999988372094,0.615546940969581,0.0,0.9999999996875,0.0,0.949999999703125,0.4656014290800869,0.2639785300444273,-0.2639785300444273
0.0,0.5,8833.7421875,146.4647216796875,1.2588174091345647,0.0,0.9,0.7625,0.0,0.0,0.9999999986842106,0.6614022961957257,0.0,0.9999999996875,0.0,0.9749999996953125,0.4335209452173985,0.29553661092220285,-0.29285102886261133
0.10000000000000009,0.5,8861.529296875,146.7820587158203,1.329943081959793,0.0,0.9,0.740625,0.0,0.0,0.9999999987951808,0.622666747685653,0.0,0.9999999996875,0.0,0.9749999996953125,0.46048630543496405,0.2918140152789034,-0.2918140152789034
0.20000000000000018,0.5,8948.6611328125,147.78271484375,1.4665761177479453,0.0,0.9,0.7,0.0,0.0,0.9999999989583334,0.5924359711286036,0.0,0.9999999996875,0.0,0.949999999703125,0.5240323563272067,0.2866893416832353,-0.2866893416832353
0.30000000000000004,0.5,9093.888671875,149.4437713623047,1.632621851693571,0.0,0.9,0.64375,0.0,0.0,0.999999999122807,0.526992385690276,0.0,0.9999999996875,0.0,0.9156249997138671,0.5893873568528821,0.2405271901505437,-0.2405271901505437
0.40000000000000013,0.5,9295.572265625,151.7294921875,1.781590902936297,0.0,0.9,0.565625,0.0,0.0,0.9999999992805756,0.43643221771883056,0.0,0.9999999996875,0.0,0.8531249997333984,0.6368930994471812,0.16078470610188436,-0.16078470610188436
0.5,0.5,9551.8515625,154.59463500976562,1.9326986641582213,0.0,0.9,0.546875,0.0,0.0,0.9999999993103449,0.4153705302142467,0.0,0.9999999996875,0.0,0.8343749997392578,0.6883809524391372,0.14180581938641187,-0.14082428911408842
0.6000000000000001,0.5,9858.2685546875,157.98843383789062,2.0370921204367463,0.0,0.9,0.48125,0.0,0.0,0.9999999993975904,0.3728704134975423,0.0,0.9999999996875,0.0,0.8187499997441405,0.7222772145868188,0.09937904533009798,-0.090093436673306
0.7000000000000002,0.5,10210.33203125,161.8582305908203,2.1830170671642435,0.0,0.9,0.471875,0.0,0.0,0.9999999994082841,0.35086990236271437,0.0,0.9999999996875,0.0,0.771874999758789,0.7703573288386201,0.16704994869336326,-0.09001582220101384
0.8,0.5,10603.9912109375,166.1519775390625,2.2704987071840197,0.0,0.9,0.465625,0.0,0.0,0.9999999994152047,0.3385772363429192,0.0,0.9999999996875,0.0,0.7624999997617187,0.8011681201726267,0.2563415331430213,-0.1024479217962095
0.9000000000000001,0.5,11034.810546875,170.82040405273438,2.398417377187292,0.0,0.9,0.3875,0.0,0.0,0.9999999994897959,0.24261037163851715,0.0,0.9999999996875,0.0,0.7343749997705078,0.8490105054663869,0.21619557822925473,-0.03370456689284879
1.0,0.5,11499.138671875,175.81834411621094,2.541617056559016,0.0,0.9,0.271875,0.0,0.0,0.9999999995708154,0.1656592437988667,0.0,0.9999999996875,0.0,0.6749999997890624,0.8921189313477333,0.14844749143156474,0.08273487288104939
-1.0,0.6000000000000001,11798.21875,179.04803466796875,2.833183088859409,0.0,0.9,0.1375,0.0,0.0,0.999999999637681,0.08761080189651618,0.0,0.9999999996875,0.0,0.5062499998417969,0.980580449729136,0.2493066366424289,0.2493066366424289
-0.9,0.6000000000000001,11339.5458984375,174.14735412597656,2.6562061255410385,0.0,0.9,0.215625,0.0,0.0,0.9999999996015937,0.1607426090803505,0.0,0.9999999996875,0.0,0.5562499998261718,0.9357940714469639,0.16412519713224627,0.16412519713224627
-0.8,0.6000000000000001,10914.0966796875,169.5746612548828,2.518588254147888,0.0,0.9,0.246875,0.0,0.0,0.9999999995850622,0.19195493295843266,0.0,0.9999999996875,0.0,0.6093749998095702,0.9042449646199499,0.1412168083909243,0.1309483599874593
-0.7,0.6000000000000001,10525.626953125,165.37249755859375,2.3590078835754573,0.0,0.9,0.28125,0.0,0.0,0.9999999995652175,0.207223926866784,0.0,0.9999999996875,0.0,0.6718749997900391,0.8598971963897601,0.11009288957440641,0.09657561361273517
-0.6,0.6000000000000001,10178.5791015625,161.58692932128906,2.1718318028005466,0.0,0.9,0.328125,0.0,0.0,0.9999999995348837,0.22788104017206398,0.0,0.9999999996875,0.0,0.7249999997734374,0.7995132949825201,0.10205692982965106,0.04195863186874901
-0.5,0.6000000000000001,9876.748046875,158.26602172851562,2.054225499076623,0.0,0.9,0.353125,0.0,0.0,0.9999999995169082,0.2518500935326556,0.0,0.9999999996875,0.0,0.7468749997666015,0.7662052066726702,0.07891111044435248,0.022613331445322057
-0.3999999999999999,0.6000000000000001,9624.19921875,155.45822143554688,1.9125732516197507,0.0,0.9,0.3875,0.0,0.0,0.9999999994897959,0.2863146167001399,0.0,0.9999999996875,0.0,0.8374999997382812,0.7267740423096669,0.0408378993511262,-0.015081684601803615
-0.29999999999999993,0.6000000000000001,9423.8740234375,153.2098388671875,1.7914333938893496,0.0,0.9,0.425,0.0,0.0,0.9999999994565217,0.3246325432660836,0.0,0.9999999996875,0.0,0.8781249997255859,0.6883467585613557,0.08687327234767077,-0.05757863450472657
-0.19999999999999996,0.6000000000000001,9278.8798828125,151.56199645996094,1.688752617439547,0.0,0.9,0.459375,0.0,0.0,0.9999999994219654,0.32895016630015067,0.0,0.9999999996875,0.0,0.9124999997148436,0.6491502848774826,0.13221193767096584,-0.10461874011380441
-0.09999999999999998,0.6000000000000001,9190.572265625,150.5474395751953,1.5980844654900928,0.0,0.9,0.590625,0.0,0.0,0.9999999992366413,0.43559789627558676,0.0,0.9999999996875,0.0,0.9406249997060546,0.6107543436804008,0.23912313735009325,-0.23600225018703822
0.0,0.6000000000000001,9159.638671875,150.18748474121094,1.6073023474621073,0.0,0.9,0.59375,0.0,0.0,0.9999999992307693,0.4322378154781454,0.0,0.9999999996875,0.0,0.9531249997021484,0.6117958203600389,0.2443909283432596,-0.2443909283432596
0.10000000000000009,0.6000000000000001,9186.7958984375,150.4899139404297,1.67537645327073,0.0,0.9,0.6125,0.0,0.0,0.9999999991935484,0.44788152015727833,0.0,0.9999999996875,0.0,0.9124999997148436,0.6287554351259341,0.265268068349385,-0.265268068349385
0.20000000000000018,0.6000000000000001,9271.14453125,151.4481964111328,1.827394401242029,0.0,0.9,0.528125,0.0,0.0,0.9999999993377484,0.37297032823909454,0.0,0.9999999996875,0.0,0.8999999997187499,0.6899969695075687,0.19112354158373535,-0.19112354158373535
0.30000000000000004,0.6000000000000001,9412.4404296875,153.04209899902344,1.940167149841066,0.0,0.9,0.484375,0.0,0.0,0.9999999993939395,0.339185876078177,0.0,0.9999999996875,0.0,0.8687499997285155,0.7267612702063339,0.13836282599825656,-0.13836282599825656
0.40000000000000013,0.6000000000000001,9609.474609375,155.23976135253906,2.057548958635398,0.0,0.9,0.446875,0.0,0.0,0.9999999994350283,0.2964015652247999,0.0,0.9999999996875,0.0,0.821874999743164,0.7562400760429836,0.0935495387642917,-0.08731215966524007
0.5,0.6000000000000001,9859.5087890625,158.00067138671875,2.1309575608354385,0.0,0.9,0.425,0.0,0.0,0.9999999994565217,0.2860420425008284,0.0,0.9999999996875,0.0,0.8187499997441405,0.7695989451938813,0.09438978023336916,-0.06164818781835917
0.6000000000000001,0.6000000000000001,10158.1796875,161.27879333496094,2.2085044419138953,0.0,0.9,0.378125,0.0,0.0,0.9999999994974874,0.2520107386518222,0.0,0.9999999996875,0.0,0.7749999997578124,0.7963195446946612,0.06242105458671276,-0.022039621646773012
0.7000000000000002,0.6000000000000001,10501.5302734375,165.0258331298828,2.2841362496358784,0.0,0.9,0.384375,0.0,0.0,0.9999999994923858,0.26388838308234025,0.0,0.9999999996875,0.0,0.7593749997626953,0.8171417225779517,0.13659789739280875,-0.033423350789897596
0.8,0.6000000000000001,10885.677734375,169.19354248046875,2.369224310220494,0.0,0.9,0.36875,0.0,0.0,0.9999999995049506,0.23875905859342714,0.0,0.9999999996875,0.0,0.7343749997705078,0.8476902304982984,0.20779109739520796,-0.02943433708570338
0.9000000000000001,0.6000000000000001,11306.33984375,173.7357635498047,2.4987053371413714,0.0,0.9,0.3125,0.0,0.0,0.9999999995454546,0.18520659934921396,0.0,0.9999999996875,0.0,0.6937499997832031,0.8822536510286395,0.20665434718854542,0.017972103002494633
1.0,0.6000000000000001,11759.9658203125,178.60946655273438,2.59856295156878,0.0,0.9,0.23125,0.0,0.0,0.999999999593496,0.1326340388214902,0.0,0.9999999996875,0.0,0.6718749997900391,0.9158847071548714,0.1428040161402389,0.1138766020805776
-1.0,0.7000000000000002,12099.0615234375,182.28350830078125,2.9193914783248167,0.0,0.9,0.1375,0.0,0.0,0.999999999637681,0.09117952726622969,0.0,0.9999999996875,0.0,0.48749999984765624,0.9968985461661112,0.2261787832338014,0.2261787832338014
-0.9,0.7000000000000002,11651.9765625,177.516357421875,2.7638765735982007,0.0,0.9,0.178125,0.0,0.0,0.9999999996197718,0.15270520662327813,0.0,0.9999999996875,0.0,0.5406249998310546,0.9729282220112154,0.18443513874496312,0.18443513874496312
-0.8,0.7000000000000002,11237.9658203125,173.0784454345703,2.6266503285552503,0.0,0.9,0.21875,0.0,0.0,0.9999999996000001,0.19477174723600169,0.0,0.9999999996875,0.0,0.571874999821289,0.9391486797940013,0.15718150134989092,0.14630546084434298
-0.7,0.7000000000000002,10860.4912109375,169.00991821289062,2.467230365999631,0.0,0.9,0.23125,0.0,0.0,0.999999999593496,0.20451745971558277,0.0,0.9999999996875,0.0,0.6374999998007812,0.9040880854584827,0.13715952705609705,0.12904664911288288
-0.6,0.7000000000000002,10523.2373046875,165.353515625,2.337626124359538,0.0,0.9,0.228125,0.0,0.0,0.9999999995951417,0.18544493083331334,0.0,0.9999999996875,0.0,0.6843749997861328,0.8738921346578661,0.13064888324010315,0.12937522056325998
-0.5,0.7000000000000002,10230.115234375,162.15345764160156,2.2236459764163627,0.0,0.9,0.26875,0.0,0.0,0.9999999995726496,0.19426323023231754,0.0,0.9999999996875,0.0,0.7468749997666015,0.8417205104463282,0.0898663653216573,0.07508070666994811
-0.3999999999999999,0.7000000000000002,9984.9638671875,159.45372009277344,2.131687789244906,0.0,0.9,0.29375,0.0,0.0,0.9999999995575222,0.22260201402867733,0.0,0.9999999996875,0.0,0.7968749997509765,0.818758220058457,0.06903688476675737,0.03275759697723226
-0.29999999999999993,0.7000000000000002,9790.697265625,157.2959442138672,2.0255921912386445,0.0,0.9,0.28125,0.0,0.0,0.9999999995652175,0.20183743808932594,0.0,0.9999999996875,0.0,0.8093749997470703,0.7852128792503009,0.10173240760070508,0.03402095077780708
-0.19999999999999996,0.7000000000000002,9649.9931640625,155.71669006347656,1.9587901915752337,0.0,0.9,0.303125,0.0,0.0,0.9999999995515695,0.210173839613018,0.0,0.9999999996875,0.0,0.8468749997353515,0.7638817257394026,0.05997722197218723,-0.0023152926979623234
-0.09999999999999998,0.7000000000000002,9564.091796875,154.7448272705078,1.9225995871354715,0.0,0.9,0.4,0.0,0.0,0.9999999994791667,0.27378535276790494,0.0,0.9999999996875,0.0,0.8468749997353515,0.7432578595614971,0.10294262130110453,-0.10294262130110453
0.0,0.7000000000000002,9534.095703125,154.3991241455078,1.9839891752173722,0.0,0.9,0.409375,0.0,0.0,0.9999999994708995,0.28044899070026924,0.0,0.9999999996875,0.0,0.821874999743164,0.7601719374597383,0.12368284507171538,-0.11194842545796263
0.10000000000000009,0.7000000000000002,9560.1044921875,154.68630981445312,2.048203308149398,0.0,0.9,0.45,0.0,0.0,0.9999999994318182,0.29842050347595617,0.0,0.9999999996875,0.0,0.8124999997460937,0.7838589425141784,0.18835635880600174,-0.15814721596603046
0.20000000000000018,0.7000000000000002,9641.8505859375,155.600830078125,2.172760061677855,0.0,0.9,0.346875,0.0,0.0,0.9999999995215312,0.21469767108523166,0.0,0.9999999996875,0.0,0.793749999751953,0.8255979203903532,0.1556995833752248,-0.04596129280760745
0.30000000000000004,0.7000000000000002,9779.408203125,157.1249237060547,2.247058918834456,0.0,0.9,0.3125,0.0,0.0,0.9999999995454546,0.18077590988047051,0.0,0.9999999996875,0.0,0.793749999751953,0.8444148937193114,0.18459035682450664,0.002158372659262338
0.40000000000000013,0.7000000000000002,9971.02734375,159.2305145263672,2.273639395063711,0.0,0.9,0.33125,0.0,0.0,0.9999999995327103,0.18198118518199383,0.0,0.9999999996875,0.0,0.8031249997490234,0.8417651576435966,0.10386633863898315,-0.004239210288550961
0.5,0.7000000000000002,10213.353515625,161.8817138671875,2.3631515983973683,0.0,0.9,0.3375,0.0,0.0,0.9999999995283019,0.1890037229049326,0.0,0.9999999996875,0.0,0.7781249997568359,0.8588203564328195,0.1292270366065825,-6.231129768222848e-05
0.6000000000000001,0.7000000000000002,10503.1884765625,165.03724670410156,2.3773573876792926,0.0,0.9,0.29375,0.0,0.0,0.9999999995575222,0.15806787831513106,0.0,0.9999999996875,0.0,0.7562499997636718,0.8570657074049378,0.13224211650500223,0.041573266994897044
0.7000000000000002,0.7000000000000002,10836.3369140625,168.65321350097656,2.4304816713610697,0.0,0.9,0.253125,0.0,0.0,0.99999999958159,0.12149598167183398,0.0,0.9999999996875,0.0,0.7281249997724609,0.8725492486888381,0.14227153116850527,0.0808574835923926
0.8,0.7000000000000002,11210.0205078125,172.68539428710938,2.501323125403835,0.0,0.9,0.25,0.0,0.0,0.9999999995833334,0.12184878311852862,0.0,0.9999999996875,0.0,0.6968749997822266,0.8873829663809806,0.12620412297933145,0.07401572638598317
0.9000000000000001,0.7000000000000002,11619.482421875,177.09080505371094,2.5959086852644435,0.0,0.9,0.1875,0.0,0.0,0.9999999996153845,0.08456409184696835,0.0,0.9999999996875,0.0,0.6718749997900391,0.9169200397380164,0.1386978555181502,0.13644850421818236
1.0,0.7000000000000002,12061.3369140625,181.8290252685547,2.692612498790572,0.0,0.9,0.178125,0.0,0.0,0.9999999996197718,0.0947793404877714,0.0,0.9999999996875,0.0,0.6093749998095702,0.9379320359475743,0.15580836984175594,0.15580836984175594
-1.0,0.8,12438.203125,185.9120635986328,2.999728571978695,0.0,0.9,0.11875,0.0,0.0,0.99999999964539,0.08207547727896565,0.0,0.9999999996875,0.0,0.4468749998603515,1.0224687091421354,0.22912055987250768,0.22912055987250768
-0.9,0.8,12003.552734375,181.2862548828125,2.8965761559051466,0.0,0.9,0.14375,0.0,0.0,0.9999999996350364,0.12474136275979594,0.0,0.9999999996875,0.0,0.48124999984960937,1.0108709626330512,0.21192905518658078,0.21192905518658078
-0.8,0.8,11601.2041015625,176.989990234375,2.7815811554584644,0.0,0.9,0.15625,0.0,0.0,0.9999999996296296,0.15150866798332238,0.0,0.9999999996875,0.0,0.5031249998427734,0.9925792280505235,0.19494186926075754,0.19494186926075754
-0.7,0.8,11235.1279296875,173.060791015625,2.6187078905884884,0.0,0.9,0.159375,0.0,0.0,0.9999999996282527,0.16447344322344323,0.0,0.9999999996875,0.0,0.5781249998193358,0.9607265645686759,0.1913669225602011,0.1913669225602011
-0.6,0.8,10908.6630859375,169.53811645507812,2.5065332865087386,0.0,0.9,0.1875,0.0,0.0,0.9999999996153845,0.16427049572349905,0.0,0.9999999996875,0.0,0.6031249998115233,0.9313363407727233,0.15299556439512396,0.15132217508431667
-0.5,0.8,10625.380859375,166.46229553222656,2.400583457618824,0.0,0.9,0.178125,0.0,0.0,0.9999999996197718,0.13891378969799437,0.0,0.9999999996875,0.0,0.6874999997851562,0.908566662019452,0.14765208027346652,0.14439226602692296
-0.3999999999999999,0.8,10388.3896484375,163.8729705810547,2.3233145725980395,0.0,0.9,0.1875,0.0,0.0,0.9999999996153845,0.1299661178803177,0.0,0.9999999996875,0.0,0.7249999997734374,0.8859265874942119,0.13018410321239993,0.11467190152739372
-0.29999999999999993,0.8,10200.884765625,161.8072052001953,2.2204945597008265,0.0,0.9,0.1875,0.0,0.0,0.9999999996153845,0.13109595431423754,0.0,0.9999999996875,0.0,0.7468749997666015,0.8486753527056212,0.11162277162099353,0.09439661685950874
-0.19999999999999996,0.8,10064.6005859375,160.2972869873047,2.212170985801136,0.0,0.9,0.1625,0.0,0.0,0.9999999996268656,0.10073641456880122,0.0,0.9999999996875,0.0,0.7562499997636718,0.8459621828040895,0.1379910099691079,0.11207524200282633
-0.09999999999999998,0.8,9981.458984375,159.36856079101562,2.210834363589709,0.0,0.9,0.203125,0.0,0.0,0.9999999996078431,0.11987285880274699,0.0,0.9999999996875,0.0,0.7593749997626953,0.84364400188296,0.06681350263031181,0.06681350263031181
0.0,0.8,9952.333984375,159.03724670410156,2.26926317444811,0.0,0.9,0.228125,0.0,0.0,0.9999999995951417,0.1329331925077723,0.0,0.9999999996875,0.0,0.7374999997695312,0.8643414076760826,0.1133791479747468,0.046273371560461865
0.10000000000000009,0.8,9977.515625,159.30938720703125,2.3570903306658106,0.0,0.9,0.1875,0.0,0.0,0.9999999996153845,0.12511785409886472,0.0,0.9999999996875,0.0,0.7499999997656249,0.8938124255106573,0.13382945556209938,0.08725111370373617
0.20000000000000018,0.8,10056.697265625,160.18003845214844,2.4478254782346522,0.0,0.9,0.121875,0.0,0.0,0.999999999644128,0.07485818277743746,0.0,0.9999999996875,0.0,0.721874999774414,0.9206118373100957,0.17661858380865952,0.17661858380865952
0.30000000000000004,0.8,10189.7041015625,161.6338348388672,2.49576520696641,0.0,0.9,0.184375,0.0,0.0,0.9999999996168581,0.10918060434189468,0.0,0.9999999996875,0.0,0.7124999997773437,0.9263053981300355,0.19457596635910426,0.12380953054943403
0.40000000000000013,0.8,10374.9482421875,163.64634704589844,2.5356214493028295,0.0,0.9,0.19375,0.0,0.0,0.999999999612403,0.10400563050235147,0.0,0.9999999996875,0.0,0.7156249997763672,0.9266128740382765,0.18116229585786833,0.12427699614578039
0.5,0.8,10609.5107421875,166.18582153320312,2.5645138704473935,0.0,0.9,0.23125,0.0,0.0,0.999999999593496,0.09664596336283084,0.0,0.9999999996875,0.0,0.7187499997753906,0.9241162221826867,0.14447590218891476,0.09128695863455633
0.6000000000000001,0.8,10889.6650390625,169.21554565429688,2.559050127346829,0.0,0.9,0.23125,0.0,0.0,0.999999999593496,0.08707665606931846,0.0,0.9999999996875,0.0,0.7312499997714843,0.9173294823004159,0.15171366206931597,0.09438871217141895
0.7000000000000002,0.8,11211.8720703125,172.69607543945312,2.569021364330022,0.0,0.9,0.209375,0.0,0.0,0.9999999996047431,0.07389812577081746,0.0,0.9999999996875,0.0,0.6906249997841797,0.916303298344782,0.13346475979941383,0.11481283988415641
0.8,0.8,11573.7099609375,176.58706665039062,2.621950812352854,0.0,0.9,0.196875,0.0,0.0,0.9999999996108948,0.06721355046400254,0.0,0.9999999996875,0.0,0.6656249997919922,0.9276750240264875,0.14648286334259636,0.12265088475265029
0.9000000000000001,0.8,11971.357421875,180.84898376464844,2.6835527360170555,0.0,0.9,0.175,0.0,0.0,0.999999999621212,0.07475978550604054,0.0,0.9999999996875,0.0,0.6437499997988281,0.9383075443631346,0.15560852755707644,0.1404641740894338
1.0,0.8,12401.091796875,185.44398498535156,2.762251464911831,0.0,0.9,0.153125,0.0,0.0,0.9999999996309962,0.06986846707005381,0.0,0.9999999996875,0.0,0.6156249998076171,0.9550561844677141,0.18555998373457122,0.17631513968387935
-1.0,0.9000000000000001,12811.935546875,189.90081787109375,3.1054174755808592,0.0,0.9,0.090625,0.0,0.0,0.9999999996563573,0.06563701528641792,0.0,0.9999999996875,0.0,0.40624999987304683,1.0493669533435839,0.25273248936054016,0.25273248936054016
-0.9,0.9000000000000001,12389.8759765625,185.42088317871094,2.9925873157891227,0.0,0.9,0.10625,0.0,0.0,0.9999999996503496,0.09251600120580727,0.0,0.9999999996875,0.0,0.44062499986230463,1.0404590356979897,0.2398804270782685,0.2398804270782685
-0.8,0.9000000000000001,12000.26953125,181.26979064941406,2.901863516944419,0.0,0.9,0.090625,0.0,0.0,0.9999999996563573,0.09612592163302103,0.0,0.9999999996875,0.0,0.4468749998603515,1.0265436525781868,0.25134959603521323,0.25134959603521323
-0.7,0.9000000000000001,11646.427734375,177.48233032226562,2.7906090655104503,0.0,0.9,0.090625,0.0,0.0,0.9999999996563573,0.10536491041703552,0.0,0.9999999996875,0.0,0.4656249998544921,1.0086616754563114,0.24395947076107186,0.24395947076107186
-0.6,0.9000000000000001,11331.150390625,174.0947723388672,2.6580749933778067,0.0,0.9,0.096875,0.0,0.0,0.9999999996539791,0.10708231134454071,0.0,0.9999999996875,0.0,0.5406249998310546,0.9793223731503085,0.22731308761806301,0.22731308761806301
-0.5,0.9000000000000001,11057.93359375,171.14356994628906,2.5418550936636306,0.0,0.9,0.109375,0.0,0.0,0.9999999996491227,0.0987137383689108,0.0,0.9999999996875,0.0,0.5781249998193358,0.9448033833200231,0.19134089793099335,0.1888766366472085
-0.3999999999999999,0.9000000000000001,10829.765625,168.6642608642578,2.4896310308348206,0.0,0.9,0.121875,0.0,0.0,0.999999999644128,0.08735024258199962,0.0,0.9999999996875,0.0,0.6093749998095702,0.9211132670436264,0.17501467295300957,0.16540450170024767
-0.29999999999999993,0.9000000000000001,10649.154296875,166.689697265625,2.4337161054241885,0.0,0.9,0.1125,0.0,0.0,0.9999999996478872,0.06662829904139095,0.0,0.9999999996875,0.0,0.6374999998007812,0.9021415805637697,0.18640341377267827,0.17044182824805704
-0.19999999999999996,0.9000000000000001,10517.6015625,165.2482452392578,2.421059035517418,0.0,0.9,0.1,0.0,0.0,0.9999999996527777,0.054020673234402475,0.0,0.9999999996875,0.0,0.6656249997919922,0.899542257814466,0.17443036656756028,0.17443036656756028
-0.09999999999999998,0.9000000000000001,10437.5146484375,164.3619384765625,2.4671804888338804,0.0,0.9,0.115625,0.0,0.0,0.999999999646643,0.052676348303584745,0.0,0.9999999996875,0.0,0.6312499998027343,0.9158388163849531,0.1563443395874773,0.1563443395874773
0.0,0.9000000000000001,10409.453125,164.04490661621094,2.5517784561970966,0.0,0.9,0.14375,0.0,0.0,0.9999999996350364,0.06781761984100079,0.0,0.9999999996875,0.0,0.6812499997871093,0.9438289663588894,0.13234075825163916,0.13234075825163916
0.10000000000000009,0.9000000000000001,10433.9580078125,164.3023681640625,2.6267533730630768,0.0,0.9,0.059375,0.0,0.0,0.999999999667774,0.034790877547840084,0.0,0.9999999996875,0.0,0.6687499997910156,0.9685623571478519,0.2283222966606223,0.2283222966606223
0.20000000000000018,0.9000000000000001,10510.751953125,165.13011169433594,2.6817048490148285,0.0,0.9,0.025,0.0,0.0,0.9999999996794872,0.011048952177984437,0.0,0.9999999996875,0.0,0.6718749997900391,0.9840435234180586,0.2765207802377147,0.2765207802377147
0.30000000000000004,0.9000000000000001,10638.984375,166.51486206054688,2.7531933710683347,0.0,0.9,0.034375,0.0,0.0,0.9999999996763753,0.018955397185559213,0.0,0.9999999996875,0.0,0.6437499997988281,0.991740500066741,0.2783983219997884,0.2783983219997884
0.40000000000000013,0.9000000000000001,10817.1494140625,168.435302734375,2.7189971856865847,0.0,0.9,0.09375,0.0,0.0,0.9999999996551724,0.04141674812159988,0.0,0.9999999996875,0.0,0.6562499997949218,0.9780284073134112,0.21847436331959158,0.21847436331959158
0.5,0.9000000000000001,11043.0517578125,170.86363220214844,2.6894461093885678,0.0,0.9,0.19375,0.0,0.0,0.999999999612403,0.07196629252346842,0.0,0.9999999996875,0.0,0.6593749997939453,0.9616437495710383,0.19019285012512696,0.11664821361929273
0.6000000000000001,0.9000000000000001,11312.865234375,173.76742553710938,2.7104952270095777,0.0,0.9,0.19375,0.0,0.0,0.999999999612403,0.06327450570871623,0.0,0.9999999996875,0.0,0.6468749997978516,0.9575538663508014,0.12378529922523161,0.12088894346429947
0.7000000000000002,0.9000000000000001,11623.8505859375,177.11134338378906,2.710261243020727,0.0,0.9,0.1875,0.0,0.0,0.9999999996153845,0.05235380028938075,0.0,0.9999999996875,0.0,0.6531249997958984,0.9536566538586966,0.1351582833760493,0.12928914558551116
0.8,0.9000000000000001,11973.5087890625,180.85894775390625,2.757349054502677,0.0,0.9,0.165625,0.0,0.0,0.999999999625468,0.041943779864401086,0.0,0.9999999996875,0.0,0.6312499998027343,0.9607777503246093,0.19327854742455736,0.14571300064877987
0.9000000000000001,0.9000000000000001,12358.396484375,184.97389221191406,2.784282056435941,0.0,0.9,0.121875,0.0,0.0,0.999999999644128,0.0314414831656211,0.0,0.9999999996875,0.0,0.6187499998066406,0.9630320334981289,0.18956539415466733,0.18956539415466733
1.0,0.9000000000000001,12775.28515625,189.42123413085938,2.848566856633399,0.0,0.9,0.121875,0.0,0.0,0.999999999644128,0.047172946101517524,0.0,0.9999999996875,0.0,0.5749999998203125,0.9741509633047392,0.1981595617486946,0.1981595617486946
-1.0,1.0,13216.5078125,194.21771240234375,3.2131075216448317,0.0,0.9,0.0375,0.0,0.0,0.9999999996753246,0.017651911115849243,0.0,0.9999999996875,0.0,0.40937499987207027,1.0752196227477795,0.30914015946698625,0.30914015946698625
-0.9,1.0,12808.0244140625,189.88543701171875,3.1218253941827547,0.0,0.9,0.046875,0.0,0.0,0.999999999672131,0.04025197775197775,0.0,0.9999999996875,0.0,0.38124999988085934,1.069655229770151,0.30154381217526083,0.30154381217526083
-0.8,1.0,12431.912109375,185.8803253173828,2.9967249747792453,0.0,0.9,0.053125,0.0,0.0,0.9999999996699669,0.0591241777657322,0.0,0.9999999996875,0.0,0.421874999868164,1.048698856397793,0.28805601494493227,0.28805601494493227
-0.7,1.0,12090.328125,182.23440551757812,2.9002756492393598,0.0,0.9,0.05625,0.0,0.0,0.9999999996688741,0.07300393841747226,0.0,0.9999999996875,0.0,0.44374999986132807,1.0317877914811164,0.27273705276671956,0.27273705276671956
-0.6,1.0,11786.3154296875,178.98074340820312,2.8027918731891575,0.0,0.9,0.053125,0.0,0.0,0.9999999996699669,0.0726710240685396,0.0,0.9999999996875,0.0,0.4531249998583984,1.0021091439115228,0.2591533991652249,0.2591533991652249
-0.5,1.0,11523.48828125,176.1522674560547,2.6910906730306032,0.0,0.9,0.078125,0.0,0.0,0.9999999996610168,0.08044552688077387,0.0,0.9999999996875,0.0,0.5093749998408202,0.9711357225998264,0.21821450362095773,0.21821450362095773
-0.3999999999999999,1.0,11304.4033203125,173.7806396484375,2.60417117632539,0.0,0.9,0.090625,0.0,0.0,0.9999999996563573,0.0685806702474051,0.0,0.9999999996875,0.0,0.5687499998222656,0.9383900865904583,0.19568903995911724,0.19261517334963021
-0.29999999999999993,1.0,11130.5771484375,171.89486694335938,2.5702217064843595,0.0,0.9,0.090625,0.0,0.0,0.9999999996563573,0.05765097824307569,0.0,0.9999999996875,0.0,0.5968749998134765,0.9266612180166813,0.19195401594121778,0.18618707401748327
-0.19999999999999996,1.0,11004.427734375,170.51976013183594,2.611469788774022,0.0,0.9,0.084375,0.0,0.0,0.999999999658703,0.042682357054971955,0.0,0.9999999996875,0.0,0.5437499998300781,0.9402669536893019,0.18946189838585403,0.18946189838585403
-0.09999999999999998,1.0,10927.5185546875,169.6745147705078,2.6722096862408646,0.0,0.9,0.115625,0.0,0.0,0.999999999646643,0.05124839699307784,0.0,0.9999999996875,0.0,0.5468749998291015,0.9644834567913915,0.16546528720017106,0.16546528720017106
0.0,1.0,10900.732421875,169.371337890625,2.7475655959886294,0.0,0.9,0.071875,0.0,0.0,0.9999999996632996,0.03198196918024505,0.0,0.9999999996875,0.0,0.5343749998330077,0.9870640650869744,0.2100284846335203,0.2100284846335203
0.10000000000000009,1.0,10924.3251953125,169.6147918701172,2.7986822045396615,0.0,0.9,0.028125,0.0,0.0,0.9999999996784565,0.013731610192590227,0.0,0.9999999996875,0.0,0.5468749998291015,1.009007862693482,0.2707711086255665,0.2707711086255665
0.20000000000000018,1.0,10998.23046875,170.40121459960938,2.8665475748864555,0.0,0.9,0.003125,0.0,0.0,0.9999999996865203,0.0005213764337851929,0.0,0.9999999996875,0.0,0.5906249998154296,1.022611029080746,0.3005682317991348,0.3005682317991348
0.30000000000000004,1.0,11121.3984375,171.7191619873047,2.8825369735229662,0.0,0.9,0.003125,0.0,0.0,0.9999999996865203,0.0004520795660036166,0.0,0.9999999996875,0.0,0.5687499998222656,1.0184673150255177,0.30113591091317704,0.30113591091317704
0.40000000000000013,1.0,11292.3955078125,173.55014038085938,2.8933757203307278,0.0,0.9,0.021875,0.0,0.0,0.9999999996805111,0.008076261088309281,0.0,0.9999999996875,0.0,0.5562499998261718,1.011224593598996,0.2881555632250202,0.2881555632250202
0.5,1.0,11509.3994140625,175.86996459960938,2.8578787232074156,0.0,0.9,0.059375,0.0,0.0,0.999999999667774,0.016454081632653057,0.0,0.9999999996875,0.0,0.5374999998320312,0.9933677282630436,0.24574627817209402,0.24574627817209402
0.6000000000000001,1.0,11769.1435546875,178.64991760253906,2.854980936171255,0.0,0.9,0.10625,0.0,0.0,0.9999999996503496,0.02943595174611003,0.0,0.9999999996875,0.0,0.5437499998300781,0.991904010449754,0.20679501131694877,0.20611789684875326
0.7000000000000002,1.0,12068.55859375,181.85861206054688,2.852268543418496,0.0,0.9,0.128125,0.0,0.0,0.9999999996415769,0.03453629714227519,0.0,0.9999999996875,0.0,0.5437499998300781,0.982373533514152,0.18079746472180513,0.17975559684120024
0.8,1.0,12405.9130859375,185.46315002441406,2.8509565260039404,0.0,0.9,0.1375,0.0,0.0,0.999999999637681,0.03411465596339546,0.0,0.9999999996875,0.0,0.5531249998271484,0.9799956399113849,0.1673490894058057,0.1673490894058057
0.9000000000000001,1.0,12777.6513671875,189.43055725097656,2.9130786313136223,0.0,0.9,0.090625,0.0,0.0,0.9999999996563573,0.013978272205646926,0.0,0.9999999996875,0.0,0.5374999998320312,0.9882226993777117,0.2237795767203149,0.2237795767203149
1.0,1.0,13180.9970703125,193.72850036621094,2.9198442828811904,0.0,0.9,0.096875,0.0,0.0,0.9999999996539791,0.021608508450613715,0.0,0.9999999996875,0.0,0.5249999998359375,0.9830736075979669,0.21345470950375606,0.21345470950375606
