-1.0,-1.0,7309.18994140625,97.80485534667969,inf,0.0,0.9,0.3125,0.3096774193548387,0.0,0.5136363634028925,0.16741421846413165,0.19168670273158353,0.9999999996875,0.4843749998486328,0.5531249998271484,1.1810677967961953,0.49146305872786245,0.49146305872786245
-0.9,-1.0,7070.35986328125,94.67758178710938,inf,0.0,0.9,0.334375,0.3181818181818182,0.0,0.4366197181048734,0.20859277414978594,0.1797113997113997,0.9999999996875,0.549999999828125,0.6124999998085937,1.1697365419959256,0.509180071064279,0.493583398139228
-0.8,-1.0,6850.22900390625,91.78678894042969,10.587467077221605,0.0,0.9,0.375,0.32142857142857145,0.0,0.3349999998325,0.2677688977688978,0.24862708719851576,0.9999999996875,0.6124999998085937,0.5937499998144531,1.1346286148823037,0.49068383090579226,0.47820271802597775
-0.7,-1.0,6649.984375,89.15568542480469,9.147858436732772,0.0,0.9,0.409375,0.3333333333333333,0.0,0.29100529085132,0.30438484090403667,0.2717566462575537,0.9999999996875,0.628124999803711,0.649999999796875,1.083950774602871,0.46004336658375405,0.45259806113599743
-0.6,-1.0,6471.24658203125,86.80809020996094,7.717572916174665,0.0,0.9,0.43125,0.3645320197044335,0.0,0.2912087910487864,0.3215472201102006,0.2898809523809524,0.9999999996875,0.6343749998017578,0.6781249997880859,1.0379341580566672,0.4475547889774895,0.4365573235914126
-0.5,-1.0,6315.71826171875,84.76778411865234,5.993458246524877,0.0,0.9,0.45,0.4574468085106383,0.0,0.42045454521565084,0.3177442530037887,0.3204950819962927,0.9999999996875,0.5874999998164062,0.7343749997705078,0.954761939659259,0.4135212117475858,0.4099846069934968
-0.3999999999999999,-1.0,6185.76611328125,83.05760955810547,4.769305801372917,0.0,0.9,0.475,0.6158940397350994,0.0,0.6547619043721655,0.35652557431175813,0.359515899383009,0.9999999996875,0.47187499985253906,0.7968749997509765,0.8290405279220581,0.35446744450213397,0.34548243281030877
-0.29999999999999993,-1.0,6082.796875,81.69847869873047,3.717856905012979,0.0,0.9,0.575,0.7205882352941176,0.0,0.7205882347642734,0.4535349891331594,0.573369159576056,0.9999999996875,0.42499999986718745,0.8624999997304686,0.6215635637732321,0.19485325631475747,0.18929240462221725
-0.19999999999999996,-1.0,6007.42236328125,80.70829010009766,3.050924621598695,0.0,0.9,0.65625,0.7557251908396947,0.0,0.709090908446281,0.5612072974298785,0.6837037037037037,0.9999999996875,0.40937499987207027,0.8687499997285155,0.5347063480697637,0.13754449682218228,0.1258141702297419
-0.09999999999999998,-1.0,5961.7412109375,80.10082244873047,2.7054956371895256,0.0,0.9,0.625,0.7404580152671756,0.0,0.7166666660694445,0.5055257115393471,0.7291666666666666,0.9999999996875,0.40937499987207027,0.8906249997216796,0.5709155616568393,0.1525899887029909,0.14941322945095453
0.0,-1.0,5944.6962890625,79.88491821289062,2.623913283321905,0.0,0.9,0.578125,0.6910569105691057,0.0,0.7185185179862826,0.4357479510386045,0.5710526315789474,0.9999999996875,0.3843749998798828,0.9406249997060546,0.6637337073199495,0.20228055019992452,0.18116762982554308
0.10000000000000009,-1.0,5957.63720703125,80.063720703125,2.626554198186079,0.0,0.9,0.475,0.625,0.0,0.7499999995535714,0.30397986747055655,0.5615384615384615,0.9999999996875,0.34999999989062497,0.9156249997138671,0.7926131149535932,0.2672377166656372,0.2672377166656372
0.20000000000000018,-1.0,6001.17724609375,80.63461303710938,2.866976919055115,0.0,0.9,0.39375,0.47572815533980584,0.0,0.7216494841640982,0.2316796870543983,0.24651567944250868,0.9999999996875,0.32187499989941404,0.9281249997099609,0.921168711436711,0.362151283006253,0.3434644201414494
0.30000000000000004,-1.0,6072.6455078125,81.58929443359375,3.529041124334949,0.0,0.9,0.33125,0.3951612903225806,0.0,0.6495327099768539,0.1953451793203346,0.09024672959099188,0.9999999996875,0.3874999998789062,0.8281249997412109,1.060853194428097,0.43009542890894165,0.4165699967461868
0.40000000000000013,-1.0,6172.11572265625,82.91436767578125,4.3970189168813985,0.0,0.9,0.275,0.2662337662337662,0.0,0.5129310342616676,0.1336668709285406,0.04392502258355916,0.9999999996875,0.48124999984960937,0.8093749997470703,1.1949217930940086,0.5138936681836346,0.49149801899602924
0.5,-1.0,6298.80419921875,84.5923080444336,5.681463127947886,0.0,0.9,0.21875,0.2388888888888889,0.0,0.4519999998192,0.07563997429115187,0.03954995238686706,0.9999999996875,0.5624999998242187,0.7656249997607422,1.308269370530675,0.5857118788023437,0.5857118788023437
0.6000000000000001,-1.0,6450.880859375,86.6024398803711,6.761668260762728,0.0,0.9,0.19375,0.2233502538071066,0.0,0.4069767440283035,0.054062355431782186,0.034280936454849496,0.9999999996875,0.6156249998076171,0.7312499997714843,1.3616447905585383,0.6323790940882269,0.6323790940882269
0.7000000000000002,-1.0,6627.1103515625,88.92202758789062,7.9791876150744505,0.0,0.9,0.175,0.21674876847290642,0.0,0.39772727257661844,0.04223999031335035,0.033176347462061745,0.9999999996875,0.6343749998017578,0.6812499997871093,1.4084177213676294,0.6495035883512623,0.6495035883512623
0.8,-1.0,6826.10400390625,91.52737426757812,9.600051306412059,0.0,0.9,0.1625,0.19457013574660634,0.0,0.3358208953970817,0.03934723485274232,0.03011843051193764,0.9999999996875,0.6906249997841797,0.6656249997919922,1.4672629720063854,0.6723772341986975,0.6723772341986975
0.9000000000000001,-1.0,7045.13525390625,94.39460754394531,inf,0.0,0.9,0.178125,0.2169811320754717,0.0,0.3688212926354291,0.05402102140646615,0.04235817221254115,0.9999999996875,0.6624999997929687,0.6406249997998047,1.4317670749095706,0.6387778821243558,0.6387778821243558
1.0,-1.0,7282.69091796875,97.50048828125,inf,0.0,0.9,0.165625,0.20202020202020202,0.0,0.40823970022163303,0.03264548039569066,0.03096315449256626,0.9999999996875,0.6187499998066406,0.621874999805664,1.4588272483775742,0.5999203555444418,0.5999203555444418
-1.0,-0.9,7070.44287109375,94.66716003417969,inf,0.0,0.9,0.290625,0.3,0.0,0.5066079292922432,0.1614502882375734,0.15385511923973463,0.9999999996875,0.49999999984375,0.5468749998291015,1.2177771358323708,0.5105765730813885,0.5105765730813885
-0.9,-0.9,6822.63427734375,91.43440246582031,10.994025391996933,0.0,0.9,0.33125,0.3503184713375796,0.0,0.5233644857367455,0.19776539550758068,0.2862174671312475,0.9999999996875,0.4906249998466797,0.6031249998115233,1.131486602071957,0.4685198056623288,0.4673911967585529
-0.8,-0.9,6593.1259765625,88.43952941894531,9.247759824810428,0.0,0.9,0.3875,0.3576158940397351,0.0,0.5051020405586214,0.252029951336778,0.23580586080586083,0.9999999996875,0.47187499985253906,0.6343749998017578,1.072141701182557,0.44127915712583676,0.4216514448956414
-0.7,-0.9,6384.34326171875,85.70767974853516,7.959643681596921,0.0,0.9,0.415625,0.34146341463414637,0.0,0.42245989282221397,0.31233567199378326,0.30765775105397747,0.9999999996875,0.5124999998398437,0.6531249997958984,1.0346086106228864,0.4293846594752238,0.4176882634394715
-0.6,-0.9,6197.33837890625,83.2649917602539,6.709895858081135,0.0,0.9,0.453125,0.41081081081081083,0.0,0.37714285692734695,0.3314008978281139,0.30733217815428054,0.9999999996875,0.5781249998193358,0.6843749997861328,0.9704813874701674,0.3973334032731696,0.3958908119515411
-0.5,-0.9,6034.33935546875,81.13783264160156,5.285317219885696,0.0,0.9,0.459375,0.5,0.0,0.5202312135721207,0.33043939434560204,0.3309589536297611,0.9999999996875,0.5187499998378906,0.7343749997705078,0.9090533688960349,0.38940288896163844,0.38742794733417957
-0.3999999999999999,-0.9,5897.84619140625,79.3518295288086,4.114118684502294,0.0,0.9,0.490625,0.6846153846153846,0.0,0.74846625720953,0.3675187665605784,0.41296102790355665,0.9999999996875,0.40624999987304683,0.8281249997412109,0.7533231325355431,0.30193587789553505,0.30193587789553505
-0.29999999999999993,-0.9,5789.39453125,77.93065643310547,3.129407247897695,0.0,0.9,0.625,0.7580645161290323,0.0,0.7499999993750001,0.5405728292103714,0.6182357234081371,0.9999999996875,0.3874999998789062,0.871874999727539,0.5542482053494463,0.14943629083599688,0.13483571258571828
-0.19999999999999996,-0.9,5710.21826171875,76.89472198486328,2.637635082897933,0.0,0.9,0.7125,0.7559055118110236,0.0,0.6630434775401701,0.6360579235579237,0.7175324675324676,0.9999999996875,0.3968749998759765,0.8781249997255859,0.46112351205336616,0.12934435108982256,0.07309728613251357
-0.09999999999999998,-0.9,5661.44775390625,76.2598648071289,2.2061771428423995,0.0,0.9,0.703125,0.7716535433070866,0.0,0.6947368413739613,0.6010080771231975,0.788,0.9999999996875,0.3968749998759765,0.9624999996992187,0.4616826890059951,0.12616357310079532,0.07711544171732215
0.0,-0.9,5643.451171875,76.03622436523438,2.1084662731001447,0.0,0.9,0.640625,0.7297297297297297,0.0,0.7391304341398867,0.5133244811432747,0.6851851851851852,0.9999999996875,0.34687499989160153,0.9624999996992187,0.5570405426519929,0.16348663624147453,0.11970724205245101
0.10000000000000009,-0.9,5657.56298828125,76.22745513916016,2.166986755900377,0.0,0.9,0.559375,0.6095238095238096,0.0,0.7092198576530356,0.4087489009921098,0.5098039215686274,0.9999999996875,0.3281249998974609,0.9687499996972656,0.6885385640314977,0.18190984082175077,0.17501166907199783
0.20000000000000018,-0.9,5703.56103515625,76.8304214477539,2.496610305444991,0.0,0.9,0.453125,0.5542168674698795,0.0,0.7885714281208164,0.2923907566192768,0.38636363636363635,0.9999999996875,0.2593749999189453,0.9562499997011719,0.8325684646980777,0.2838903293968281,0.2633756221186566
0.30000000000000004,-0.9,5779.7470703125,77.8354721069336,3.0153913371683694,0.0,0.9,0.36875,0.4375,0.0,0.7326732669640231,0.21727334652211502,0.10956521739130434,0.9999999996875,0.29999999990625,0.8624999997304686,0.9560815971063831,0.33246375667229366,0.33184765527715276
0.40000000000000013,-0.9,5885.48779296875,79.22716522216797,3.7852050977883294,0.0,0.9,0.309375,0.3153846153846154,0.0,0.5972850676030385,0.16940098650182683,0.05838674731425476,0.9999999996875,0.40624999987304683,0.8249999997421874,1.1082111245085577,0.458979398049853,0.42613559890057345
0.5,-0.9,6019.322265625,80.98539733886719,4.821376513374716,0.0,0.9,0.265625,0.25153374233128833,0.0,0.4808510636251698,0.11747107930936185,0.04200927682901118,0.9999999996875,0.5093749998408202,0.7781249997568359,1.2401137664910717,0.5532002938876254,0.5143407719212387
0.6000000000000001,-0.9,6179.37109375,83.08671569824219,5.98724343723145,0.0,0.9,0.203125,0.23076923076923078,0.0,0.4509803919800077,0.06305938390384172,0.03843031968031968,0.9999999996875,0.5687499998222656,0.7468749997666015,1.3181630302434362,0.5925846794343721,0.5925846794343721
0.7000000000000002,-0.9,6364.45166015625,85.5055923461914,7.205207871337737,0.0,0.9,0.1875,0.23834196891191708,0.0,0.43461538444822484,0.04943631998253847,0.039769030579050096,0.9999999996875,0.6031249998115233,0.7062499997792968,1.359047584661056,0.633549804765445,0.633549804765445
0.8,-0.9,6571.87548828125,88.21571350097656,8.466137621357179,0.0,0.9,0.18125,0.21674876847290642,0.0,0.3931297708423169,0.04599559375217132,0.03320964194335134,0.9999999996875,0.6343749998017578,0.6656249997919922,1.3993913193150114,0.6370035940957799,0.6370035940957799
0.9000000000000001,-0.9,6799.78173828125,91.19085693359375,9.91630858615869,0.0,0.9,0.165625,0.2,0.0,0.3857677901176899,0.04181544795720159,0.030327567169672436,0.9999999996875,0.6406249997998047,0.6374999998007812,1.4350320617834071,0.6407460753534109,0.6407460753534109
1.0,-0.9,7045.9814453125,94.40579223632812,inf,0.0,0.9,0.15625,0.2153846153846154,0.0,0.43333333317283945,0.032388251069210186,0.03300913645741232,0.9999999996875,0.6093749998095702,0.6156249998076171,1.4551334253561956,0.6395128573964658,0.6395128573964658
-1.0,-0.8,6850.18212890625,91.76531982421875,inf,0.0,0.9,0.284375,0.2777777777777778,0.0,0.5458515281459164,0.15422064070396155,0.1901288379795167,0.9999999996875,0.44999999985937494,0.5624999998242187,1.1927573649202783,0.48260495990421315,0.48260495990421315
-0.9,-0.8,6593.048828125,88.42840576171875,10.003389730657302,0.0,0.9,0.35,0.2913907284768212,0.0,0.48557692284347265,0.22442436190155543,0.28268259518259514,0.9999999996875,0.47187499985253906,0.6031249998115233,1.1267450180438976,0.4513039196323583,0.4364939736516331
-0.8,-0.8,6354.65185546875,85.33000946044922,8.144545392223838,0.0,0.9,0.403125,0.39849624060150374,0.0,0.581151832156465,0.2597187135980239,0.27403329752953814,0.9999999996875,0.41562499987011714,0.6406249997998047,1.010449647104909,0.37731393914569145,0.37625578292966955
-0.7,-0.8,6137.0634765625,82.49728393554688,6.931772284155081,0.0,0.9,0.434375,0.46923076923076923,0.0,0.6187845300448704,0.29997509764941416,0.31948673336233147,0.9999999996875,0.40624999987304683,0.6624999997929687,0.9496612206054814,0.364791485752899,0.3562786473358114
-0.6,-0.8,5941.67138671875,79.95872497558594,5.789875963761807,0.0,0.9,0.453125,0.47183098591549294,0.0,0.5714285711020408,0.33098634972449015,0.36025265057523126,0.9999999996875,0.44374999986132807,0.6937499997832031,0.9002484922375833,0.34622223680868014,0.34622223680868014
-0.5,-0.8,5770.90234375,77.74346923828125,4.506094079494817,0.0,0.9,0.49375,0.55,0.0,0.611111110733882,0.35957862881508207,0.4910666773094934,0.9999999996875,0.4374999998632812,0.7593749997626953,0.8146391110091039,0.31272374477081377,0.31272374477081377
-0.3999999999999999,-0.8,5628.02099609375,75.88008117675781,3.364344243473613,0.0,0.9,0.540625,0.7166666666666667,0.0,0.7687074824702671,0.40309076176569514,0.4824364860728497,0.9999999996875,0.37499999988281246,0.843749999736328,0.6506737123722881,0.22177861915571517,0.22177861915571517
-0.29999999999999993,-0.8,5513.66845703125,74.39527130126953,2.6365639636108837,0.0,0.9,0.709375,0.7606837606837606,0.0,0.6989247304312638,0.6262998719004979,0.7027298850574712,0.9999999996875,0.36562499988574215,0.8874999997226561,0.4721912963803028,0.11403722159500149,0.04182795251455674
-0.19999999999999996,-0.8,5429.88916015625,73.3122787475586,2.0770608248146796,0.0,0.9,0.7875,0.7678571428571429,0.0,0.617647057915225,0.7200527887922846,0.7028619528619529,0.9999999996875,0.34999999989062497,0.9343749997080077,0.3705166139917063,0.1466228087648671,-0.005284520631113884
-0.09999999999999998,-0.8,5378.083984375,72.64924621582031,1.7757495048139893,0.0,0.9,0.771875,0.784,0.0,0.6301369854381685,0.6997918621911084,0.7496141975308642,0.9999999996875,0.39062499987792965,0.9781249996943359,0.37502211709929195,0.12988746265659312,0.01148924312956047
0.0,-0.8,5359.44775390625,72.41780853271484,1.674069633381095,0.0,0.9,0.69375,0.7565217391304347,0.0,0.7142857135568513,0.5825105870541843,0.7733333333333333,0.9999999996875,0.3593749998876953,0.9812499996933594,0.4549881964180294,0.10603175441276079,0.0692662994485618
0.10000000000000009,-0.8,5374.88330078125,72.62212371826172,1.7242957008732778,0.0,0.9,0.61875,0.6629213483146067,0.0,0.7540983600376243,0.4755627477449109,0.6041666666666667,0.9999999996875,0.2781249999130859,0.9874999996914062,0.5770330555109304,0.14424360522070356,0.1134858284515651
0.20000000000000018,-0.8,5423.44384765625,73.25851440429688,2.0278413128596164,0.0,0.9,0.565625,0.8333333333333334,0.0,0.9280575532891673,0.3972827921322205,0.38961038961038963,0.9999999996875,0.18749999994140623,0.9812499996933594,0.6787564944328918,0.1652381334842189,0.13264666808938033
0.30000000000000004,-0.8,5504.48583984375,74.31578063964844,2.5679999314738637,0.0,0.9,0.440625,0.5606060606060606,0.0,0.8379888263474923,0.28719095704732345,0.16203703703703706,0.9999999996875,0.20624999993554685,0.9031249997177734,0.851178243674999,0.2669485525003946,0.2320740382710168
0.40000000000000013,-0.8,5616.5498046875,75.7761459350586,3.2962096985563965,0.0,0.9,0.340625,0.38202247191011235,0.0,0.7393364925405989,0.18601870429770742,0.0882034632034632,0.9999999996875,0.2781249999130859,0.8562499997324218,1.03221242645189,0.3995318258698838,0.35051481933953077
0.5,-0.8,5757.69482421875,77.61663818359375,4.167352831463123,0.0,0.9,0.2875,0.3178294573643411,0.0,0.6140350874499846,0.13358690618060934,0.05587172538392051,0.9999999996875,0.4031249998740234,0.7812499997558593,1.1697453035649887,0.5086902618532692,0.4616155207322389
0.6000000000000001,-0.8,5926.53564453125,79.81075286865234,5.253463258578195,0.0,0.9,0.240625,0.24561403508771928,0.0,0.4691358022760758,0.0989638742821072,0.041358283293767166,0.9999999996875,0.5343749998330077,0.7406249997685547,1.2837725025566757,0.5720488616843022,0.5463150173319739
0.7000000000000002,-0.8,6119.9853515625,82.32994842529297,6.385147443860771,0.0,0.9,0.225,0.2275132275132275,0.0,0.4112903224148023,0.07664571101210657,0.03807997557997558,0.9999999996875,0.5906249998154296,0.7062499997792968,1.3159184616160333,0.5754110040785723,0.5754110040785723
0.8,-0.8,6336.4921875,85.14513397216797,7.659207381605891,0.0,0.9,0.196875,0.21649484536082475,0.0,0.4085603111250738,0.05901046454617883,0.035937612954529026,0.9999999996875,0.6062499998105468,0.6718749997900391,1.364348249852251,0.6098557684329444,0.6098557684329444
0.9000000000000001,-0.8,6572.94091796875,88.22772979736328,9.10131302750743,0.0,0.9,0.196875,0.23880597014925373,0.0,0.40466926054293023,0.0617935594501353,0.03676571690474372,0.9999999996875,0.628124999803711,0.6437499997988281,1.3718309813002063,0.6297747002580998,0.6297747002580998
1.0,-0.8,6828.04150390625,91.55047607421875,10.709790587806141,0.0,0.9,0.178125,0.23157894736842105,0.0,0.4448669199829403,0.0484562699853081,0.03575174825174825,0.9999999996875,0.5937499998144531,0.6343749998017578,1.404149916297191,0.6221542079733438,0.6221542079733438
-1.0,-0.7,6650.25244140625,89.12252807617188,10.889281150469992,0.0,0.9,0.259375,0.225,0.0,0.6075949364524916,0.15078690701510405,0.21891303324230152,0.9999999996875,0.37499999988281246,0.5624999998242187,1.1984900605405968,0.4683001436179356,0.4683001436179356
-0.9,-0.7,6384.36669921875,85.68470764160156,8.844471373098365,0.0,0.9,0.35,0.29508196721311475,0.0,0.5865384612564719,0.2218154779525557,0.2245198495198495,0.9999999996875,0.38124999988085934,0.6062499998105468,1.097083072000705,0.4214013603192917,0.3879576255139065
-0.8,-0.7,6136.92138671875,82.4853515625,7.241857383849375,0.0,0.9,0.415625,0.38333333333333336,0.0,0.6042780745431668,0.2770733235018949,0.3504901960784314,0.9999999996875,0.37499999988281246,0.6593749997939453,0.9817173832234174,0.3515475571008238,0.3367042702468289
-0.7,-0.7,5910.6123046875,79.55352783203125,5.976134752913828,0.0,0.9,0.459375,0.5370370370370371,0.0,0.710982658548565,0.31360411693300366,0.41071428571428575,0.9999999996875,0.3374999998945312,0.6781249997880859,0.8808846513880182,0.28857245162707346,0.28143459239665625
-0.6,-0.7,5706.8701171875,76.92015838623047,4.882289979563673,0.0,0.9,0.49375,0.5636363636363636,0.0,0.7037037032693187,0.3449374875441796,0.34199858112901593,0.9999999996875,0.3437499998925781,0.7093749997783203,0.8121916443987578,0.26167668178179615,0.26167668178179615
-0.5,-0.7,5528.1748046875,74.61714172363281,3.793989201006202,0.0,0.9,0.5375,0.6728971962616822,0.0,0.763513512997626,0.3834132612412816,0.4695696460402342,0.9999999996875,0.3343749998955078,0.771874999758789,0.7044927034522349,0.23458194331776033,0.218831348230891
-0.3999999999999999,-0.7,5377.89990234375,72.67623138427734,2.801911393394145,0.0,0.9,0.64375,0.780952380952381,0.0,0.7982456133348723,0.5293038814479634,0.6898148148148148,0.9999999996875,0.3281249998974609,0.8468749997353515,0.5419364539489974,0.13064724420353546,0.08565214652394751
-0.29999999999999993,-0.7,5257.9970703125,71.12737274169922,2.1472035216997893,0.0,0.9,0.775,0.7610619469026548,0.0,0.6249999991319445,0.6984946769711209,0.7854406130268199,0.9999999996875,0.3531249998896484,0.8968749997197265,0.39272692901955714,0.16036539314712797,-0.017030159225667585
-0.19999999999999996,-0.7,5169.42529296875,69.99687194824219,1.7468981393479257,0.0,0.9,0.834375,0.7815126050420168,0.0,0.5094339613029548,0.7773090541632742,0.810344827586207,0.9999999996875,0.371874999883789,0.9812499996933594,0.32293911257379837,0.17081456001499146,-0.035462878950185586
-0.09999999999999998,-0.7,5114.59326171875,69.3053970336914,1.4472778269275512,0.0,0.9,0.8375,0.7692307692307693,0.0,0.4807692298446746,0.7791121576835861,0.7888888888888889,0.9999999996875,0.36562499988574215,0.9906249996904296,0.32089255537970096,0.1819666567051783,-0.03969504327730004
0.0,-0.7,5095.0146484375,69.0662612915039,1.3164383624956955,0.0,0.9,0.78125,0.7545454545454545,0.0,0.6142857134081633,0.6947683254025993,0.8068965517241379,0.9999999996875,0.3437499998925781,0.9937499996894531,0.36685957891955373,0.14886203290026803,-0.007944410500942273
0.10000000000000009,-0.7,5111.240234375,69.28419494628906,1.3417746513947926,0.0,0.9,0.7375,0.7619047619047619,0.0,0.7619047609977325,0.6262431930391832,0.6677777777777778,0.9999999996875,0.26249999991796874,0.9937499996894531,0.43397400751114196,0.11507250188516,-0.004080974882591432
0.20000000000000018,-0.7,5162.95068359375,69.95489501953125,1.7188648356941143,0.0,0.9,0.590625,0.9230769230769231,0.0,0.9770992358953441,0.432116310404277,0.644927536231884,0.9999999996875,0.12187499996191406,0.9906249996904296,0.5805293098510009,0.12614184688776117,0.09055089688406684
0.30000000000000004,-0.7,5249.08935546875,71.0654067993164,2.2514910247638804,0.0,0.9,0.475,0.6976744186046512,0.0,0.9226190470698696,0.3073533302335146,0.4322916666666667,0.9999999996875,0.1343749999580078,0.9468749997041015,0.7645288818931122,0.22849124494630307,0.18142611284519627
0.40000000000000013,-0.7,5367.7744140625,72.59535217285156,2.811391202011922,0.0,0.9,0.359375,0.49122807017543857,0.0,0.8585365849470553,0.20700843250177794,0.12237237237237236,0.9999999996875,0.17812499994433592,0.8781249997255859,0.937180735937482,0.347736949756385,0.3134576109050736
0.5,-0.7,5516.46240234375,74.5186767578125,3.6545086129755013,0.0,0.9,0.321875,0.3177570093457944,0.0,0.663594469740279,0.1633730391119554,0.07512626262626262,0.9999999996875,0.3343749998955078,0.8124999997460937,1.0896503947023306,0.43603461229227075,0.39288991998874967
0.6000000000000001,-0.7,5693.63427734375,76.80553436279297,4.620343115906126,0.0,0.9,0.259375,0.26490066225165565,0.0,0.5316455693959301,0.1081139821515997,0.04780961791831357,0.9999999996875,0.47187499985253906,0.743749999767578,1.217051764161946,0.5169890748195273,0.5023673754238709
0.7000000000000002,-0.7,5896.244140625,79.42424011230469,5.6523302855129645,0.0,0.9,0.234375,0.22988505747126436,0.0,0.453061224304873,0.09607211630171783,0.03993512828016779,0.9999999996875,0.5437499998300781,0.7062499997792968,1.2854950228657342,0.5560630279255576,0.5451892807043288
0.8,-0.7,6121.03564453125,82.34288024902344,6.818012291923445,0.0,0.9,0.225,0.22950819672131148,0.0,0.4314516127292534,0.08270704653362006,0.03872863247863248,0.9999999996875,0.571874999821289,0.6968749997822266,1.3183914188378112,0.5751945739615334,0.572465849641771
0.9000000000000001,-0.7,6366.8603515625,85.53044891357422,8.308194185032406,0.0,0.9,0.20625,0.23618090452261306,0.0,0.401574802991506,0.06525527325023969,0.039840088227185,0.9999999996875,0.621874999805664,0.6468749997978516,1.3540876438378473,0.6098701431274318,0.6098701431274318
1.0,-0.7,6631.14404296875,88.9577865600586,9.721042057166072,0.0,0.9,0.19375,0.24043715846994534,0.0,0.46124030989874404,0.05786852152403516,0.04041514041514041,0.9999999996875,0.571874999821289,0.6406249997998047,1.3694403254156884,0.6129926480474635,0.6081485796557888
-1.0,-0.6,6472.79833984375,86.76264953613281,10.045829190562907,0.0,0.9,0.259375,0.23423423423423423,0.0,0.6413502106998522,0.1459197629053972,0.20138727427729985,0.9999999996875,0.34687499989160153,0.5593749998251952,1.1895655852171763,0.4674137960384022,0.4674137960384022
-0.9,-0.6,6198.5478515625,83.22949981689453,8.140112904824695,0.0,0.9,0.3375,0.2980769230769231,0.0,0.6556603770492169,0.21046817656487465,0.24383116883116882,0.9999999996875,0.3249999998984375,0.5999999998125,1.0715503877082921,0.39283990256776363,0.38359097610802195
-0.8,-0.6,5942.22998046875,79.93409729003906,6.593542634700192,0.0,0.9,0.403125,0.37383177570093457,0.0,0.6492146593459609,0.26375140424974314,0.2652236652236652,0.9999999996875,0.3343749998955078,0.649999999796875,0.9704581602688601,0.3135621972922333,0.3131070664836139
-0.7,-0.6,5706.6396484375,76.90736389160156,5.182648650466899,0.0,0.9,0.4625,0.5,0.0,0.7151162786540022,0.3177850899405915,0.3712670180061484,0.9999999996875,0.30624999990429685,0.6937499997832031,0.8538388168981629,0.24429202702700029,0.24429202702700029
-0.6,-0.6,5494.31494140625,74.18248748779297,4.157443630992973,0.0,0.9,0.51875,0.6785714285714286,0.0,0.8246753241398213,0.3657398051896326,0.5061728395061729,0.9999999996875,0.26249999991796874,0.7312499997714843,0.7213426084677187,0.19272170999228994,0.19272170999228994
-0.5,-0.6,5308.2451171875,71.79426574707031,3.1197334619278405,0.0,0.9,0.5875,0.8513513513513513,0.0,0.9166666659722222,0.42054075978717,0.5034792368125702,0.9999999996875,0.23124999992773435,0.821874999743164,0.5854508787900209,0.12172901929614088,0.12172901929614088
-0.3999999999999999,-0.6,5150.66455078125,69.77761840820312,2.3809573174168643,0.0,0.9,0.7,0.8461538461538461,0.0,0.8541666657769098,0.597894039598884,0.7569444444444444,0.9999999996875,0.2843749999111328,0.8656249997294921,0.46022095486397147,0.07982311066839817,0.013069345221457754
-0.29999999999999993,-0.6,5024.45556640625,68.16588592529297,1.8060120459796736,0.0,0.9,0.815625,0.8076923076923077,0.0,0.6610169480321747,0.7571022892451464,0.7878787878787878,0.9999999996875,0.3249999998984375,0.8999999997187499,0.33764967495853954,0.15220379992053973,-0.05412042366584894
-0.19999999999999996,-0.6,4931.29443359375,66.98860168457031,1.4186147406096388,0.0,0.9,0.865625,0.775,0.0,0.3720930223904813,0.8155524197983287,0.8299120234604106,0.9999999996875,0.37499999988281246,0.9874999996914062,0.27601275117158286,0.19135888538903328,-0.05235478666363476
-0.09999999999999998,-0.6,4873.1484375,66.26918029785156,1.140302802168004,0.0,0.9,0.8625,0.7857142857142857,0.0,0.3863636354855372,0.8115160917018501,0.8683035714285714,0.9999999996875,0.3937499998769531,0.9999999996875,0.2623752029827567,0.1730450685623539,-0.037855953360270506
0.0,-0.6,4852.07470703125,66.02273559570312,0.9840203803668945,0.0,0.9,0.859375,0.9782608695652174,0.0,0.9555555534320987,0.8028737874326108,0.8831168831168832,0.9999999996875,0.28749999991015623,0.9999999996875,0.25285577819571486,0.101502400925103,-0.07023761951539005
0.10000000000000009,-0.6,4869.533203125,66.25459289550781,1.0707642579502543,0.0,0.9,0.7875,1.0,0.0,0.9999999985294119,0.68564757528823,1.0,0.9999999996875,0.21562499993261716,0.9999999996875,0.3141779864003866,0.06747633249535279,-0.04961481979645563
0.20000000000000018,-0.6,4924.650390625,66.9597396850586,1.4189249470167036,0.0,0.9,0.696875,0.9459459459459459,0.0,0.9793814422892976,0.5625924504000736,0.8174603174603176,0.9999999996875,0.11562499996386717,0.9968749996884765,0.46565412907012327,0.08126147243928256,-0.020393339983920525
0.30000000000000004,-0.6,5016.21435546875,68.12333679199219,1.9172859762111651,0.0,0.9,0.534375,0.8076923076923077,0.0,0.9664429523715148,0.37924308984091587,0.4431818181818182,0.9999999996875,0.08124999997460937,0.9781249996943359,0.6590748518410596,0.13567719696648545,0.09036307572344675
0.40000000000000013,-0.6,5141.8486328125,69.72221374511719,2.4878357866538066,0.0,0.9,0.396875,0.7428571428571429,0.0,0.9533678751536955,0.23940143267874356,0.2013457556935818,0.9999999996875,0.1093749999658203,0.8906249997216796,0.8590223063588137,0.3213385766195889,0.2601391150509275
0.5,-0.6,5298.896484375,71.72696685791016,3.223120243459958,0.0,0.9,0.328125,0.3780487804878049,0.0,0.7627906973196322,0.1634831220908505,0.09946360153256704,0.9999999996875,0.25624999991992187,0.8406249997373046,1.0274901981068099,0.3793652434718048,0.36593418294905844
0.6000000000000001,-0.6,5484.40380859375,74.1043472290039,4.08971897528875,0.0,0.9,0.315625,0.2786885245901639,0.0,0.5981735157085966,0.1438032138749258,0.06785714285714285,0.9999999996875,0.38124999988085934,0.7468749997666015,1.1410901285659474,0.481473911666023,0.4201078034303584
0.7000000000000002,-0.6,5694.89697265625,76.81944274902344,5.093685239007643,0.0,0.9,0.28125,0.1986754966887417,0.0,0.47391304327221173,0.13302375229516497,0.03677221654749744,0.9999999996875,0.47187499985253906,0.7187499997753906,1.2400010814659503,0.5496154586746803,0.48787779557119604
0.8,-0.6,5928.86767578125,79.83747863769531,6.217587155921694,0.0,0.9,0.265625,0.23595505617977527,0.0,0.42127659556541425,0.10985605038236616,0.0413745704467354,0.9999999996875,0.5562499998261718,0.6843749997861328,1.2879276486060192,0.5671870150453808,0.5260776867063315
0.9000000000000001,-0.6,6183.2705078125,83.12516021728516,7.441076129865,0.0,0.9,0.228125,0.22777777777777777,0.0,0.43724696338573,0.08011088517563637,0.03944444444444445,0.9999999996875,0.5624999998242187,0.6656249997919922,1.3328941210615943,0.6011413674164547,0.5741632675994146
1.0,-0.6,6455.8564453125,86.65149688720703,9.068592080896224,0.0,0.9,0.203125,0.22404371584699453,0.0,0.4431372547281815,0.06553985535744945,0.037839183470251433,0.9999999996875,0.571874999821289,0.6437499997988281,1.35627924651255,0.5921606722979795,0.5921606722979795
-1.0,-0.5,6319.93505859375,84.70953369140625,8.98184825099658,0.0,0.9,0.278125,0.20454545454545456,0.0,0.6969696966679785,0.15476351486279652,0.15461988304093569,0.9999999996875,0.2749999999140625,0.5593749998251952,1.136413744633233,0.40461311148901735,0.40461311148901735
-0.9,-0.5,6037.85302734375,81.08920288085938,7.093202258343474,0.0,0.9,0.34375,0.27710843373493976,0.0,0.7142857139455783,0.20112617166081231,0.27887901572112095,0.9999999996875,0.2593749999189453,0.6374999998007812,1.0221109399930055,0.3552494260597816,0.33392096758367595
-0.8,-0.5,5773.43798828125,77.70540618896484,5.768408850696276,0.0,0.9,0.409375,0.3563218390804598,0.0,0.7037037033313738,0.2560854658217901,0.24826007326007327,0.9999999996875,0.27187499991503905,0.6562499997949218,0.9332027824386007,0.2837601533174341,0.278737946573117
-0.7,-0.5,5529.27783203125,74.59070587158203,4.543931011874065,0.0,0.9,0.48125,0.5581395348837209,0.0,0.771084336884889,0.31238731453611435,0.5136936936936938,0.9999999996875,0.2687499999160156,0.6968749997822266,0.8036990953795629,0.2053138387785422,0.20195942922111093
-0.6,-0.5,5308.09619140625,71.780517578125,3.5718547583511127,0.0,0.9,0.528125,0.7638888888888888,0.0,0.8874172179553529,0.35445105966363155,0.6084656084656085,0.9999999996875,0.22499999992968747,0.7906249997529297,0.6757023066591648,0.14955528902547682,0.14241463008333144
-0.5,-0.5,5114.03271484375,69.31228637695312,2.7234673432204723,0.0,0.9,0.653125,0.9206349206349206,0.0,0.9549549540946353,0.4990231760477329,0.6354166666666667,0.9999999996875,0.19687499993847654,0.8406249997373046,0.5065164307774354,0.07570049644925017,0.03218734801923072
-0.3999999999999999,-0.5,4949.56298828125,67.22412872314453,2.0218275142662083,0.0,0.9,0.765625,0.9866666666666667,0.0,0.9866666653511111,0.662815399126443,0.8611111111111112,0.9999999996875,0.2343749999267578,0.8781249997255859,0.38509934501588405,0.07805932964928251,-0.05270881224812727
-0.29999999999999993,-0.5,4816.5869140625,65.55277252197266,1.5316082648085085,0.0,0.9,0.8375,0.8653846153846154,0.0,0.7307692293639053,0.7887871889103416,0.8024691358024691,0.9999999996875,0.3249999998984375,0.9312499997089843,0.2894442704666239,0.13249758445981047,-0.06281821812022625
-0.19999999999999996,-0.5,4718.2265625,64.3310546875,1.1618058687545443,0.0,0.9,0.878125,0.8571428571428571,0.0,0.5641025626561472,0.8367783010640153,0.857638888888889,0.9999999996875,0.371874999883789,0.9999999996875,0.23603279129403681,0.1337890276864017,-0.05086768038283109
-0.09999999999999998,-0.5,4656.9140625,63.58517837524414,0.8874741376765426,0.0,0.9,0.890625,0.9435483870967742,0.0,0.7999999977142856,0.8537888839746425,0.8901098901098902,0.9999999996875,0.3874999998789062,0.9999999996875,0.1940338677236912,0.05311864362013781,-0.047863183476600416
0.0,-0.5,4634.54638671875,63.3321418762207,0.7871898136057215,0.0,0.9,0.896875,1.0,0.0,0.999999996969697,0.8557725475748005,1.0,0.9999999996875,0.3093749999033203,0.9999999996875,0.13713768968277193,0.1195363809674246,-0.10487368582295864
0.10000000000000009,-0.5,4653.47021484375,63.5778923034668,0.8432217310107789,0.0,0.9,0.909375,1.0,0.0,0.9999999965517241,0.8597740819515013,1.0,0.9999999996875,0.2687499999160156,0.9999999996875,0.17087155897949108,0.1687325681221592,-0.1687325681221592
0.20000000000000018,-0.5,4712.3193359375,64.31666564941406,1.1530120857425536,0.0,0.9,0.76875,0.9767441860465116,0.0,0.9864864851533968,0.6456737489789945,0.8257575757575758,0.9999999996875,0.1343749999580078,0.9999999996875,0.34406137226721767,0.132200728696562,-0.09102513555476004
0.30000000000000004,-0.5,4809.572265625,65.53158569335938,1.6300343425900479,0.0,0.9,0.59375,0.88,0.0,0.9769230761715977,0.45302991978244295,0.7125,0.9999999996875,0.07812499997558593,0.9812499996933594,0.5543466899214429,0.0697286903844285,0.019706366732019396
0.40000000000000013,-0.5,4942.29345703125,67.19660949707031,2.2030385530461625,0.0,0.9,0.440625,0.875,0.0,0.977653630738741,0.27903506275187157,0.46296296296296297,0.9999999996875,0.09999999996874999,0.9031249997177734,0.7742378316640995,0.24816447091099444,0.1878458057115778
0.5,-0.5,5106.869140625,69.27894592285156,2.891836299279973,0.0,0.9,0.375,0.4375,0.0,0.81999999959,0.2118925451094809,0.09062200956937799,0.9999999996875,0.19999999993749998,0.8687499997285155,0.955896035068496,0.3799603284077067,0.3012485426666139
0.6000000000000001,-0.5,5300.10205078125,71.74190521240234,3.6689038496565907,0.0,0.9,0.34375,0.27184466019417475,0.0,0.6428571425510204,0.16910747593173994,0.08753163100989188,0.9999999996875,0.32187499989941404,0.7749999997578124,1.0920930910798907,0.4340531740738929,0.3745947762872198
0.7000000000000002,-0.5,5519.33642578125,74.54740142822266,4.6157859832763215,0.0,0.9,0.309375,0.1956521739130435,0.0,0.49773755633586536,0.14031260102004392,0.046658227848101266,0.9999999996875,0.4312499998652343,0.7374999997695312,1.205546064305959,0.5128624819404007,0.43874173017661167
0.8,-0.5,5761.3876953125,77.65794372558594,5.6608357251011565,0.0,0.9,0.284375,0.19745222929936307,0.0,0.4497816591922351,0.1177117358414351,0.03668520234785295,0.9999999996875,0.4906249998466797,0.6937499997832031,1.247737621680987,0.5234035021784327,0.490807079536117
0.9000000000000001,-0.5,6024.083984375,81.0380859375,6.896346717236639,0.0,0.9,0.240625,0.2138728323699422,0.0,0.44032921792579044,0.08827940267015896,0.037901972214126105,0.9999999996875,0.5406249998310546,0.6624999997929687,1.3059417746092805,0.5642894947118682,0.5500028107222128
1.0,-0.5,6304.40869140625,84.65523529052734,8.3306971791197,0.0,0.9,0.228125,0.2138728323699422,0.0,0.4493927123686669,0.07737489340780064,0.0371273335190861,0.9999999996875,0.5406249998310546,0.6687499997910156,1.3255456327848498,0.5688410190658827,0.5688410190658827
-1.0,-0.3999999999999999,6192.74755859375,82.98611450195312,7.838604865658322,0.0,0.9,0.28125,0.19444444444444445,0.0,0.74782608663138,0.15308719012183009,0.26914893617021274,0.9999999996875,0.22499999992968747,0.5562499998261718,1.094024339981279,0.38782789070539625,0.37987014632674176
-0.9,-0.3999999999999999,5903.98828125,79.28952026367188,6.363866106548361,0.0,0.9,0.328125,0.3181818181818182,0.0,0.7906976740508384,0.1945491222613864,0.38529657477025897,0.9999999996875,0.20624999993554685,0.6187499998066406,1.000687897218125,0.3209372586016312,0.31868505521025436
-0.8,-0.3999999999999999,5632.791015625,75.82795715332031,5.04572958391512,0.0,0.9,0.403125,0.42028985507246375,0.0,0.7905759158164525,0.252988763881621,0.43664717348927873,0.9999999996875,0.21562499993261716,0.6937499997832031,0.8974484809923229,0.251531295144352,0.2378024894603147
-0.7,-0.3999999999999999,5381.25439453125,72.63540649414062,3.9987634812735093,0.0,0.9,0.471875,0.5571428571428572,0.0,0.8165680468541018,0.32171312963859316,0.6071428571428571,0.9999999996875,0.2187499999316406,0.771874999758789,0.7695843604072609,0.17875424824261424,0.16685213322340994
-0.6,-0.3999999999999999,5152.216796875,69.74923706054688,3.1206591458845465,0.0,0.9,0.59375,0.7014925373134329,0.0,0.8461538455029586,0.4222540670554538,0.6682692307692308,0.9999999996875,0.2093749999345703,0.8187499997441405,0.6219119235407176,0.10605215113788902,0.05779269604071194
-0.5,-0.3999999999999999,4950.2958984375,67.2093734741211,2.3445437916101004,0.0,0.9,0.70625,0.9322033898305084,0.0,0.9574468074920779,0.5684390629437069,0.7243589743589743,0.9999999996875,0.1843749999423828,0.8656249997294921,0.46153749801334953,0.08336598617614414,-0.0409978884481421
-0.3999999999999999,-0.3999999999999999,4778.00341796875,65.05685424804688,1.795849215830147,0.0,0.9,0.796875,1.0,0.0,0.9999999984615385,0.7141693375156418,1.0,0.9999999996875,0.21249999993359373,0.8968749997197265,0.35622544011917445,0.11411756131286302,-0.08863277974214223
-0.29999999999999993,-0.3999999999999999,4638.26416015625,63.33163833618164,1.313614079906002,0.0,0.9,0.85625,0.9428571428571428,0.0,0.8695652155009451,0.7926709220412711,0.859504132231405,0.9999999996875,0.3281249998974609,0.9968749996884765,0.2558058464923662,0.0858530785633149,-0.07582578249926439
-0.19999999999999996,-0.3999999999999999,4533.97900390625,62.06977462768555,0.9269129806148776,0.0,0.9,0.9,0.9586776859504132,0.0,0.8437499973632813,0.8554160860820367,0.893491124260355,0.9999999996875,0.3781249998818359,0.9999999996875,0.1855172291621539,0.05796027112078674,-0.05796027112078674
-0.09999999999999998,-0.3999999999999999,4469.38916015625,61.30018997192383,0.7046852209297941,0.0,0.9,0.934375,1.0,0.0,0.9999999952380952,0.9038654038654038,1.0,0.9999999996875,0.4562499998574218,0.9999999996875,0.0859170008479931,0.10082672106175647,-0.09214413121515375
0.0,-0.3999999999999999,4445.837890625,61.041709899902344,0.6743639930320378,0.0,0.9,0.98125,1.0,0.0,0.9999999833333336,0.971655328798186,1.0,0.9999999996875,0.3937499998769531,0.9999999996875,0.05962162810253087,0.14086105711747504,-0.1373572088677184
0.10000000000000009,-0.3999999999999999,4466.89892578125,61.30087661743164,0.7132475710316794,0.0,0.9,0.984375,1.0,0.0,0.9999999800000003,0.9743869464717206,1.0,0.9999999996875,0.3031249999052734,0.9999999996875,0.08538657612783733,0.19231243764392772,-0.190679993433419
0.20000000000000018,-0.3999999999999999,4529.6630859375,62.07114791870117,0.9573753403877104,0.0,0.9,0.834375,1.0,0.0,0.9999999981132075,0.7548756717948022,1.0,0.9999999996875,0.13124999995898437,0.9999999996875,0.24362390548514623,0.14296401027611338,-0.14176871475647948
0.30000000000000004,-0.3999999999999999,4632.35986328125,63.33366012573242,1.425800676440041,0.0,0.9,0.678125,1.0,0.0,0.9999999990291263,0.5393310255562788,1.0,0.9999999996875,0.09374999997070312,0.9906249996904296,0.48300443730213505,0.11406218265939619,-0.045901365387739416
0.40000000000000013,-0.3999999999999999,4771.42431640625,65.05949401855469,1.9252866836774938,0.0,0.9,0.48125,0.8636363636363636,0.0,0.9819277102518508,0.3248332007875266,0.39035087719298245,0.9999999996875,0.06874999997851562,0.9374999997070312,0.6847415535864693,0.17245054556065376,0.11146961017493665
0.5,-0.3999999999999999,4943.61279296875,67.21258544921875,2.5576158488873557,0.0,0.9,0.3875,0.65,0.0,0.9285714280976677,0.21178775644857448,0.1664050235478807,0.9999999996875,0.1249999999609375,0.8781249997255859,0.8815099193402565,0.31083516841388104,0.2575863431167165
0.6000000000000001,-0.3999999999999999,5144.74267578125,69.75297546386719,3.352128534031648,0.0,0.9,0.34375,0.3037974683544304,0.0,0.7380952377437642,0.1653327679195503,0.09080610021786494,0.9999999996875,0.24687499992285156,0.7781249997568359,1.0417688153101257,0.3658008991495577,0.3508234354337392
0.7000000000000002,-0.3999999999999999,5371.6201171875,72.63964080810547,4.144366324507082,0.0,0.9,0.325,0.21428571428571427,0.0,0.5416666664158951,0.14673171979424995,0.04605013806919703,0.9999999996875,0.3937499998769531,0.7468749997666015,1.153757127814741,0.4651868764629723,0.4145469202958767
0.8,-0.3999999999999999,5621.2275390625,75.8326416015625,5.192656985380259,0.0,0.9,0.290625,0.21232876712328766,0.0,0.4933920702672282,0.12503296590714788,0.043606799704360676,0.9999999996875,0.4562499998574218,0.7062499997792968,1.2151056792101012,0.4790113844199778,0.45841322580342414
0.9000000000000001,-0.3999999999999999,5891.24267578125,79.29460144042969,6.466614593873274,0.0,0.9,0.265625,0.20481927710843373,0.0,0.4382978721539158,0.09877756923211468,0.0373015873015873,0.9999999996875,0.5187499998378906,0.6812499997871093,1.2774125472788735,0.5250234876421953,0.5154074065071452
1.0,-0.3999999999999999,6178.23095703125,82.9915542602539,7.641517581697236,0.0,0.9,0.234375,0.19186046511627908,0.0,0.43265306104789675,0.084828141783029,0.034402088258471235,0.9999999996875,0.5374999998320312,0.6718749997900391,1.3184268900471532,0.5546009123515767,0.5526961227356965
-1.0,-0.29999999999999993,6093.0771484375,81.6134262084961,6.826042324874416,0.0,0.9,0.28125,0.19402985074626866,0.0,0.7652173909716447,0.167106925638207,0.15185185185185185,0.9999999996875,0.2093749999345703,0.6249999998046875,1.0826784404523202,0.3488632191764621,0.3463129237792309
-0.9,-0.29999999999999993,5798.5771484375,77.85427856445312,5.572166045325478,0.0,0.9,0.328125,0.2807017543859649,0.0,0.8093023252049757,0.21259591044410706,0.3433673469387755,0.9999999996875,0.17812499994433592,0.6874999997851562,0.9728973879233488,0.2872141079198943,0.2872141079198943
-0.8,-0.29999999999999993,5521.31591796875,74.32858276367188,4.469328695556053,0.0,0.9,0.415625,0.42857142857142855,0.0,0.8288770049043439,0.2859452642388409,0.5205128205128206,0.9999999996875,0.17499999994531248,0.7781249997568359,0.8594051866220641,0.20992167380069637,0.20073672458177205
-0.7,-0.29999999999999993,5263.8837890625,71.07154846191406,3.492271925698995,0.0,0.9,0.51875,0.5454545454545454,0.0,0.8051948046719515,0.3611762007093077,0.545045045045045,0.9999999996875,0.20624999993554685,0.8156249997451172,0.713142060225538,0.17503705474834613,0.08834538775842843
-0.6,-0.29999999999999993,5028.55908203125,68.12211608886719,2.7087919647145413,0.0,0.9,0.665625,0.7586206896551724,0.0,0.8691588776923749,0.507626961644596,0.6394557823129252,0.9999999996875,0.18124999994335936,0.8343749997392578,0.5547977620166256,0.1314745319892809,-0.03273682014394982
-0.5,-0.29999999999999993,4819.38720703125,65.52235412597656,2.0844409287320187,0.0,0.9,0.728125,0.9137931034482759,0.0,0.9425287345488176,0.5966623396896062,0.7238095238095238,0.9999999996875,0.18124999994335936,0.8687499997285155,0.4299917467020439,0.0829111637076132,-0.06718555167038043
-0.3999999999999999,-0.29999999999999993,4639.4091796875,63.31583023071289,1.576945940903708,0.0,0.9,0.81875,1.0,0.0,0.9999999982758621,0.7365018943836679,1.0,0.9999999996875,0.23749999992578125,0.9374999997070312,0.3263343849022529,0.12222013766070466,-0.10631085126174997
-0.29999999999999993,-0.29999999999999993,4492.88818359375,61.54536819458008,1.0940084596223638,0.0,0.9,0.86875,1.0,0.0,0.9999999976190476,0.802688385357678,1.0,0.9999999996875,0.3343749998955078,0.9999999996875,0.2260132859477524,0.07894207230474486,-0.07894207230474486
-0.19999999999999996,-0.29999999999999993,4382.697265625,60.2498664855957,0.7545096723335125,0.0,0.9,0.90625,1.0,0.0,0.9999999966666666,0.8507750979179551,1.0,0.9999999996875,0.40624999987304683,0.9999999996875,0.11776868339343871,0.11229718802243371,-0.06992014069186592
-0.09999999999999998,-0.29999999999999993,4314.0283203125,59.46071243286133,0.6315754764126799,0.0,0.9,0.990625,1.0,0.0,0.9999999666666678,0.9854557207498384,1.0,0.9999999996875,0.5187499998378906,0.9999999996875,0.03317161000121345,0.10838745514961826,-0.10838745514961826
0.0,-0.29999999999999993,4290.18505859375,59.19839096069336,0.6175651307570653,0.0,0.9,1.0,1.0,0.0,0.0,1.0,1.0,0.9999999996875,0.5593749998251952,0.9999999996875,0.028469944699276273,0.11857125536695379,-0.11857125536695379
0.10000000000000009,-0.29999999999999993,4312.966796875,59.46995544433594,0.6535111654232764,0.0,0.9,0.990625,1.0,0.0,0.9999999666666678,0.9804815719994292,1.0,0.9999999996875,0.3593749998876953,0.9999999996875,0.05153653513905844,0.1509063601882381,-0.15081436174804308
0.20000000000000018,-0.29999999999999993,4379.71826171875,60.268123626708984,0.8138928608240409,0.0,0.9,0.9125,1.0,0.0,0.9999999964285714,0.8541568976203953,1.0,0.9999999996875,0.16249999994921874,0.9999999996875,0.1635724290624394,0.1780155263685636,-0.17782321754498456
0.30000000000000004,-0.29999999999999993,4487.8349609375,61.57217788696289,1.2105071779382939,0.0,0.9,0.778125,1.0,0.0,0.9999999985915494,0.6710724703371763,1.0,0.9999999996875,0.08749999997265624,0.9906249996904296,0.3889849696206988,0.1701105890166944,-0.13149513870166568
0.40000000000000013,-0.29999999999999993,4633.67919921875,63.35057830810547,1.6794568679611555,0.0,0.9,0.546875,0.9523809523809523,0.0,0.9931034475909631,0.37603357972840007,0.7882352941176471,0.9999999996875,0.06562499997949219,0.9781249996943359,0.6075292034368344,0.07967973309037116,0.042879891549828755
0.5,-0.29999999999999993,4812.45947265625,65.56433868408203,2.2727221511245363,0.0,0.9,0.40625,0.7,0.0,0.9526315784459835,0.22957589453848623,0.18560606060606064,0.9999999996875,0.09374999997070312,0.8843749997236328,0.8034099022946395,0.20961135683958335,0.20146132190676094
0.6000000000000001,-0.29999999999999993,5020.46337890625,68.17059326171875,3.062975869908085,0.0,0.9,0.328125,0.36065573770491804,0.0,0.8186046507820444,0.15190783521624465,0.08315151515151516,0.9999999996875,0.19062499994042967,0.7906249997529297,1.0024645185013012,0.35050476520200646,0.35050476520200646
0.7000000000000002,-0.29999999999999993,5254.31103515625,71.12577056884766,3.853108233637298,0.0,0.9,0.325,0.21238938053097345,0.0,0.5879629626907579,0.14202302439289397,0.049677419354838714,0.9999999996875,0.3531249998896484,0.7749999997578124,1.1082772879673861,0.4016292570421653,0.39231646018857047
0.8,-0.29999999999999993,5510.51708984375,74.38786315917969,4.847601030672491,0.0,0.9,0.3125,0.21476510067114093,0.0,0.46818181796900826,0.13372715881548294,0.049867080194949044,0.9999999996875,0.4656249998544921,0.7249999997734374,1.1853547361347347,0.4677174799457817,0.43986051671700144
0.9000000000000001,-0.29999999999999993,5786.16845703125,77.91796875,5.932840610102953,0.0,0.9,0.271875,0.20382165605095542,0.0,0.4635193131057857,0.10347073788149304,0.03961005311568856,0.9999999996875,0.4906249998466797,0.6937499997832031,1.2487490081193853,0.5090638188961185,0.4866359662334661
1.0,-0.29999999999999993,6078.63720703125,81.68096923828125,7.072843696281163,0.0,0.9,0.25,0.2012987012987013,0.0,0.487499999796875,0.09280254739782033,0.037239340180516646,0.9999999996875,0.48124999984960937,0.6593749997939453,1.2888948200403239,0.5234414110858324,0.5234414110858324
-1.0,-0.19999999999999996,6021.34033203125,80.6095199584961,6.194332761855532,0.0,0.9,0.290625,0.26666666666666666,0.0,0.8061674005259175,0.18730943973684444,0.25436507936507935,0.9999999996875,0.18749999994140623,0.6937499997832031,1.0485298218591668,0.3352576500107326,0.3158062981125457
-0.9,-0.19999999999999996,5722.8857421875,76.80402374267578,4.899269768957963,0.0,0.9,0.36875,0.2807017543859649,0.0,0.7970297025757279,0.256919722313811,0.24060150375939848,0.9999999996875,0.17812499994433592,0.7624999997617187,0.9259754770833848,0.24351705446897098,0.22853692709779175
-0.8,-0.19999999999999996,5440.927734375,73.23072814941406,3.9116087608028587,0.0,0.9,0.43125,0.45098039215686275,0.0,0.8461538456889265,0.3200769176893177,0.5428571428571428,0.9999999996875,0.1593749999501953,0.8374999997382812,0.8121042183091168,0.1870788724093706,0.14463148803739911
-0.7,-0.19999999999999996,5178.59130859375,69.92561340332031,3.0729188304483617,0.0,0.9,0.575,0.603448275862069,0.0,0.8308823523302336,0.433078155380408,0.5476190476190476,0.9999999996875,0.18124999994335936,0.843749999736328,0.6591172853218205,0.14433348157526826,0.0075097274281916565
-0.6,-0.19999999999999996,4938.61572265625,66.92890930175781,2.4499336944781938,0.0,0.9,0.6875,0.7735849056603774,0.0,0.87999999912,0.5455029452769413,0.5833333333333334,0.9999999996875,0.16562499994824217,0.8593749997314453,0.5347437261644861,0.1693837833728917,-0.07552957475297635
-0.5,-0.19999999999999996,4723.9716796875,64.28428649902344,1.8525427686208364,0.0,0.9,0.759375,0.8688524590163934,0.0,0.8961038949401249,0.6447690623552693,0.7899159663865546,0.9999999996875,0.19062499994042967,0.8781249997255859,0.40853955149379223,0.13154616683445727,-0.09624398815999538
-0.3999999999999999,-0.19999999999999996,4538.18505859375,62.03730773925781,1.3652508224187994,0.0,0.9,0.8375,0.9880952380952381,0.0,0.9807692288831361,0.7695965654166176,0.89,0.9999999996875,0.26249999991796874,0.9843749996923827,0.30244953724361157,0.11377959044867854,-0.11377959044867854
-0.29999999999999993,-0.19999999999999996,4385.11669921875,60.2330436706543,0.9117287453457473,0.0,0.9,0.890625,1.0,0.0,0.9999999971428571,0.8095551972172286,1.0,0.9999999996875,0.3343749998955078,0.9999999996875,0.19107735896551847,0.11019674212379987,-0.10455687268958683
-0.19999999999999996,-0.19999999999999996,4269.22412109375,58.91263961791992,0.6726959928441453,0.0,0.9,0.978125,1.0,0.0,0.9999999857142858,0.9585563114134542,1.0,0.9999999996875,0.44374999986132807,0.9999999996875,0.05954639546283368,0.13019334333559646,-0.12962062581461697
-0.09999999999999998,-0.19999999999999996,4196.26318359375,58.109493255615234,0.6158211108067467,0.0,0.9,0.9875,1.0,0.0,0.9999999750000006,0.981254724111867,1.0,0.9999999996875,0.5999999998125,0.9999999996875,0.02664036490677403,0.09295310664582451,-0.08693717888220923
0.0,-0.19999999999999996,4171.08154296875,57.84537887573242,0.5999786018538825,0.0,0.9,0.99375,1.0,0.0,0.9999999500000026,0.9903799903799904,1.0,0.9999999996875,0.6718749997900391,0.9999999996875,0.021246451286658086,0.09651259387305355,-0.09070276757523964
0.10000000000000009,-0.19999999999999996,4195.96728515625,58.12772750854492,0.6213540906612971,0.0,0.9,0.9875,1.0,0.0,0.9999999750000006,0.9796969248832603,1.0,0.9999999996875,0.42499999986718745,0.9999999996875,0.03935429959974948,0.12476178575652384,-0.12476178575652384
0.20000000000000018,-0.19999999999999996,4266.9541015625,58.948612213134766,0.7262993786510449,0.0,0.9,0.96875,1.0,0.0,0.9999999900000002,0.9466532839919937,1.0,0.9999999996875,0.19999999993749998,0.9999999996875,0.1102245343266949,0.20134182109761528,-0.1998624718675161
0.30000000000000004,-0.19999999999999996,4380.47607421875,60.285797119140625,1.0396134645440345,0.0,0.9,0.825,1.0,0.0,0.9999999982142856,0.7251324378301698,1.0,0.9999999996875,0.11562499996386717,0.9999999996875,0.31345157012145963,0.14654808604185973,-0.14654808604185973
0.40000000000000013,-0.19999999999999996,4531.75537109375,62.105594635009766,1.4734029236798296,0.0,0.9,0.603125,0.9523809523809523,0.0,0.992125983470767,0.4344121194183367,0.7866666666666667,0.9999999996875,0.06562499997949219,0.9843749996923827,0.5312169898073701,0.05119199574883718,-0.012922636957449734
0.5,-0.19999999999999996,4716.07568359375,64.36663818359375,2.0211644006854157,0.0,0.9,0.434375,0.6818181818181818,0.0,0.9613259663197095,0.2468974075486849,0.2864583333333333,0.9999999996875,0.06874999997851562,0.9093749997158203,0.7384284531460552,0.15913507818303588,0.141572305311651
0.6000000000000001,-0.19999999999999996,4929.39208984375,67.02381134033203,2.7014752324542597,0.0,0.9,0.35625,0.46153846153846156,0.0,0.8980582519912339,0.1697433454715008,0.10912698412698413,0.9999999996875,0.12187499996191406,0.8156249997451172,0.9240647255038041,0.2895744449400752,0.2895744449400752
0.7000000000000002,-0.19999999999999996,5168.55126953125,70.03156280517578,3.52426731690479,0.0,0.9,0.325,0.21428571428571427,0.0,0.6435185182205932,0.1381233490614981,0.04753488372093023,0.9999999996875,0.30624999990429685,0.771874999758789,1.0545979207990208,0.3661657476367816,0.3661657476367816
0.8,-0.19999999999999996,5429.49755859375,73.34632873535156,4.514023404439991,0.0,0.9,0.309375,0.21428571428571427,0.0,0.5520361988452325,0.1313350925998881,0.056410256410256404,0.9999999996875,0.3937499998769531,0.7343749997705078,1.1581908645164998,0.4249239893529759,0.4164703762966858
0.9000000000000001,-0.19999999999999996,5709.71728515625,76.92803192138672,5.591193182701282,0.0,0.9,0.26875,0.17266187050359713,0.0,0.5085470083296808,0.11213987731844874,0.04254385964912281,0.9999999996875,0.43437499986425776,0.6781249997880859,1.232575176750694,0.47196911156624843,0.46704949663680495
1.0,-0.19999999999999996,6006.0771484375,80.74079132080078,6.665256271571583,0.0,0.9,0.240625,0.1780821917808219,0.0,0.5061728392978713,0.08734148351439826,0.035256410256410256,0.9999999996875,0.4562499998574218,0.6656249997919922,1.2752771681437374,0.5192962862535405,0.5160986204590019
-1.0,-0.09999999999999998,5978.470703125,79.9883804321289,5.630026323251524,0.0,0.9,0.290625,0.2807017543859649,0.0,0.8193832595509325,0.19409769561745244,0.19166666666666665,0.9999999996875,0.17812499994433592,0.6937499997832031,1.002907797983521,0.28655886573359596,0.28114757284453223
-0.9,-0.09999999999999998,5677.326171875,76.15484619140625,4.666819574479771,0.0,0.9,0.334375,0.2978723404255319,0.0,0.8450704221384646,0.22876000316258635,0.4174603174603175,0.9999999996875,0.14687499995410155,0.7593749997626953,0.9340608145358993,0.23711815278804893,0.23561165527021083
-0.8,-0.09999999999999998,5392.91943359375,72.55270385742188,3.679122565119941,0.0,0.9,0.434375,0.43137254901960786,0.0,0.8397790050608956,0.3344389691745707,0.5353535353535354,0.9999999996875,0.1593749999501953,0.8499999997343749,0.7971103470215735,0.18897800906837192,0.12236298237454067
-0.7,-0.09999999999999998,5127.45947265625,69.21851348876953,2.911125601720115,0.0,0.9,0.575,0.5901639344262295,0.0,0.8161764699881056,0.46527471109474255,0.543010752688172,0.9999999996875,0.19062499994042967,0.8656249997294921,0.6613405793552921,0.16952672285111883,-0.013265090638227242
-0.6,-0.09999999999999998,4884.63427734375,66.19326782226562,2.2124799762734715,0.0,0.9,0.696875,0.7857142857142857,0.0,0.8762886588904241,0.5657506310040872,0.5750000000000001,0.9999999996875,0.17499999994531248,0.8874999997226561,0.5148960410162368,0.20214323958274807,-0.0964571948494379
-0.5,-0.09999999999999998,4666.97705078125,63.52163314819336,1.6834325692137337,0.0,0.9,0.7875,0.9137931034482759,0.0,0.9264705868728375,0.6727281598861156,0.8021978021978021,0.9999999996875,0.18124999994335936,0.8874999997226561,0.3977459152847142,0.15894177328658307,-0.13337414448036936
-0.3999999999999999,-0.09999999999999998,4477.25390625,61.2504997253418,1.1773256066414761,0.0,0.9,0.859375,1.0,0.0,0.9999999977777777,0.7770286790606987,1.0,0.9999999996875,0.2687499999160156,0.9968749996884765,0.2818752959900975,0.13911030572380023,-0.13418446749152835
-0.29999999999999993,-0.09999999999999998,4319.70556640625,59.42633056640625,0.8005469758141642,0.0,0.9,0.928125,1.0,0.0,0.9999999956521739,0.8744334010497805,1.0,0.9999999996875,0.3531249998896484,0.9999999996875,0.14527155169496905,0.14941218938601333,-0.14941218938601333
-0.19999999999999996,-0.09999999999999998,4199.38720703125,58.09176254272461,0.6327641241359467,0.0,0.9,1.0,1.0,0.0,0.0,1.0,1.0,0.9999999996875,0.44374999986132807,0.9999999996875,0.037535189729969394,0.13810185210628884,-0.13810185210628884
-0.09999999999999998,-0.09999999999999998,4120.99560546875,57.28141784667969,0.5956309199416296,0.0,0.9,0.996875,1.0,0.0,0.9999999000000099,0.9951223544973544,1.0,0.9999999996875,0.6843749997861328,0.9999999996875,0.018409486428824114,0.09064811182025717,-0.08855861032052299
0.0,-0.09999999999999998,4093.41064453125,57.017906188964844,0.5837506654337513,0.0,0.9,1.0,1.0,0.0,0.0,1.0,1.0,0.9999999996875,0.7062499997792968,0.9999999996875,0.014910327987666894,0.08804664846765808,-0.08804664846765808
0.10000000000000009,-0.09999999999999998,4121.28515625,57.30886459350586,0.5933407068793711,0.0,0.9,1.0,1.0,0.0,0.0,1.0,1.0,0.9999999996875,0.47187499985253906,0.9999999996875,0.02446646843346308,0.11866784978292419,-0.11866784978292419
0.20000000000000018,-0.09999999999999998,4197.841796875,58.1458625793457,0.6770588381777258,0.0,0.9,0.99375,1.0,0.0,0.9999999500000026,0.9896069538926682,1.0,0.9999999996875,0.21562499993261716,0.9999999996875,0.07988741152866617,0.2044328796646259,-0.2044328796646259
0.30000000000000004,-0.09999999999999998,4315.32958984375,59.5056266784668,0.9172077233932112,0.0,0.9,0.85625,1.0,0.0,0.999999997826087,0.7675243818646525,1.0,0.9999999996875,0.10312499996777343,0.9999999996875,0.2446690088163088,0.17294279558396683,-0.17219446669896585
0.40000000000000013,-0.09999999999999998,4469.90625,61.353023529052734,1.2657137140808672,0.0,0.9,0.721875,0.9583333333333334,0.0,0.9887640438328494,0.5749089409245067,0.7894736842105263,0.9999999996875,0.0749999999765625,0.9843749996923827,0.43813023011105223,0.13597336851252206,-0.1285165786626742
0.5,-0.09999999999999998,4657.734375,63.64514923095703,1.8037466403700744,0.0,0.9,0.50625,0.84,0.0,0.9746835436869092,0.3312902719669637,0.5636363636363637,0.9999999996875,0.07812499997558593,0.9687499996972656,0.667161680167064,0.08573104903429965,0.047783081387417596
0.6000000000000001,-0.09999999999999998,4874.1962890625,66.33541870117188,2.491786906951371,0.0,0.9,0.378125,0.6451612903225806,0.0,0.9447236176157168,0.19842667274694925,0.34609250398724084,0.9999999996875,0.09687499996972655,0.8249999997421874,0.8709450243309934,0.2502593506628599,0.23787268168071862
0.7000000000000002,-0.09999999999999998,5116.48681640625,69.37704467773438,3.271317130465991,0.0,0.9,0.321875,0.3013698630136986,0.0,0.7649769581728217,0.14181221077772804,0.04990723562152134,0.9999999996875,0.2281249999287109,0.7687499997597655,1.0254487650706765,0.3479856891093696,0.34661821887772404
0.8,-0.09999999999999998,5380.5458984375,72.72547912597656,4.281637106139718,0.0,0.9,0.303125,0.1926605504587156,0.0,0.6053811656478112,0.1221500751979807,0.040535444947209655,0.9999999996875,0.34062499989355466,0.7374999997695312,1.133317137357204,0.4025830586273266,0.40210078307027797
0.9000000000000001,-0.09999999999999998,5663.42822265625,76.33995056152344,5.210686197971334,0.0,0.9,0.278125,0.1935483870967742,0.0,0.5670995668540695,0.10751000777873176,0.0439622641509434,0.9999999996875,0.3874999998789062,0.6906249997841797,1.1972325637427985,0.4500177014871771,0.4500177014871771
1.0,-0.09999999999999998,5962.12158203125,80.18413543701172,6.3684292473262385,0.0,0.9,0.2375,0.18439716312056736,0.0,0.5286885243734883,0.08799128661475715,0.03782764968878759,0.9999999996875,0.44062499986230463,0.6312499998027343,1.2682170224413254,0.5078816767881609,0.5078816767881609
-1.0,0.0,5965.60888671875,79.75899505615234,5.176452962343133,0.0,0.9,0.28125,0.28,0.0,0.8434782605028356,0.17990576643846648,0.2748917748917749,0.9999999996875,0.15624999995117186,0.6906249997841797,0.9802288462475856,0.2709326591657457,0.2709326591657457
-0.9,0.0,5663.52978515625,75.91706848144531,4.305629310326013,0.0,0.9,0.309375,0.375,0.0,0.8868778276529965,0.22198652242783748,0.437037037037037,0.9999999996875,0.1249999999609375,0.7687499997597655,0.9179849821499236,0.22665402626156256,0.22205377729181391
-0.8,0.0,5378.45361328125,72.30643463134766,3.468222310320002,0.0,0.9,0.40625,0.5116279069767442,0.0,0.8894736837423823,0.3159755447193554,0.5416666666666666,0.9999999996875,0.1343749999580078,0.8624999997304686,0.7928925129997584,0.16843390962786872,0.1265272442160822
-0.7,0.0,5112.01708984375,68.96385192871094,2.7867739120074417,0.0,0.9,0.534375,0.6521739130434783,0.0,0.8926174490653574,0.4337464386301994,0.5370370370370371,0.9999999996875,0.14374999995507812,0.8812499997246093,0.6732301771404624,0.12407613289116926,0.002155027190084917
-0.6,0.0,4867.94873046875,65.93060302734375,2.0905739366125933,0.0,0.9,0.7,0.8,0.0,0.8958333324001737,0.5767150702320071,0.5666666666666667,0.9999999996875,0.15624999995117186,0.8781249997255859,0.5254101702844456,0.21958858548510257,-0.13090077632051222
-0.5,0.0,4648.46533203125,63.251739501953125,1.5048487839136444,0.0,0.9,0.8,0.9811320754716981,0.0,0.9843749984619141,0.6732208107678032,0.8095238095238096,0.9999999996875,0.16562499994824217,0.9031249997177734,0.3887986617048553,0.19351769442333555,-0.16763075447804524
-0.3999999999999999,0.0,4457.7099609375,60.974578857421875,1.0558755305830814,0.0,0.9,0.86875,1.0,0.0,0.9999999976190476,0.7813918702781485,1.0,0.9999999996875,0.19999999993749998,0.9968749996884765,0.2697381491232259,0.16582860685851633,-0.1624665699164405
-0.29999999999999993,0.0,4299.1083984375,59.14609909057617,0.7492387025712257,0.0,0.9,0.9625,1.0,0.0,0.9999999916666668,0.9171579743008315,1.0,0.9999999996875,0.30624999990429685,0.9999999996875,0.1196669899917677,0.19822786753403324,-0.19822786753403324
-0.19999999999999996,0.0,4177.25634765625,57.80938720703125,0.6206703181110382,0.0,0.9,1.0,1.0,0.0,0.0,1.0,1.0,0.9999999996875,0.4374999998632812,0.9999999996875,0.037372599484170474,0.14463157904382581,-0.14463157904382581
-0.09999999999999998,0.0,4096.02294921875,56.99946975708008,0.5818988326041192,0.0,0.9,1.0,1.0,0.0,0.0,1.0,1.0,0.9999999996875,0.6249999998046875,0.9999999996875,0.01577756675024609,0.09866021601572997,-0.09866021601572997
0.0,0.0,4061.444580078125,56.73916244506836,0.5743046407279574,0.0,0.9,0.996875,1.0,0.0,0.9999999000000099,0.9950206043956044,1.0,0.9999999996875,0.6968749997822266,0.9999999996875,0.014580404870105082,0.09098316451072813,-0.08788508265161407
0.10000000000000009,0.0,4096.60888671875,57.03608322143555,0.5807571414190673,0.0,0.9,1.0,1.0,0.0,0.0,1.0,1.0,0.9999999996875,0.421874999868164,0.9999999996875,0.020689529728210487,0.11962756821226514,-0.11962756821226514
0.20000000000000018,0.0,4176.3916015625,57.88153839111328,0.6611591087670217,0.0,0.9,0.99375,1.0,0.0,0.9999999500000026,0.9897828863346104,1.0,0.9999999996875,0.21249999993359373,0.9999999996875,0.07171851022696919,0.20116803475777761,-0.20116803475777761
0.30000000000000004,0.0,4295.97119140625,59.25181198120117,0.8376281332337043,0.0,0.9,0.965625,1.0,0.0,0.9999999909090911,0.9255289002446018,1.0,0.9999999996875,0.0843749999736328,0.9999999996875,0.18735472735083616,0.30024197643750594,-0.30024197643750594
0.40000000000000013,0.0,4451.36328125,61.111209869384766,1.157449031569037,0.0,0.9,0.78125,1.0,0.0,0.9999999985714286,0.65700450272252,1.0,0.9999999996875,0.05937499998144531,0.9874999996914062,0.3864814975572724,0.19739439631560998,-0.19629568715174087
0.5,0.0,4639.46923828125,63.41625213623047,1.592759887311367,0.0,0.9,0.5375,0.95,0.0,0.993243242572133,0.37271477598493713,0.6491228070175438,0.9999999996875,0.06249999998046875,0.9781249996943359,0.5879576457212583,0.04450832113903179,-1.0949588507848241e-05
0.6000000000000001,0.0,4856.9873046875,66.1198501586914,2.209711984309178,0.0,0.9,0.41875,1.0,0.0,0.9999999994623656,0.23114409378024606,1.0,0.9999999996875,0.05624999998242187,0.8562499997324218,0.7838023252410412,0.17560643306183543,0.1650931910921294
0.7000000000000002,0.0,5100.0107421875,69.17477416992188,3.026227795157817,0.0,0.9,0.34375,0.36538461538461536,0.0,0.8428571424557824,0.15357279186236536,0.07364341085271318,0.9999999996875,0.16249999994921874,0.7781249997568359,0.9611854620743303,0.30041644413642926,0.30041644413642926
0.8,0.0,5364.56640625,72.53619384765625,3.855600709097092,0.0,0.9,0.315625,0.3157894736842105,0.0,0.7625570772773712,0.13409434079811922,0.04923076923076923,0.9999999996875,0.23749999992578125,0.7281249997724609,1.0481746372513578,0.36179686314185755,0.36179686314185755
0.9000000000000001,0.0,5647.73193359375,76.16310119628906,4.89106521361058,0.0,0.9,0.26875,0.21782178217821782,0.0,0.6623931621100884,0.10853894643563854,0.04463937621832359,0.9999999996875,0.31562499990136716,0.6656249997919922,1.1554398125622145,0.42732039185297266,0.42732039185297266
1.0,0.0,5947.32958984375,80.01905059814453,5.700410061315285,0.0,0.9,0.246875,0.22608695652173913,0.0,0.6307053939291679,0.09540902480071169,0.049185185185185186,0.9999999996875,0.3593749998876953,0.6562499997949218,1.1912278558316884,0.4676383545658848,0.4640040300923981
-1.0,0.10000000000000009,5982.10546875,79.92475891113281,4.93596119545497,0.0,0.9,0.265625,0.5263157894736842,0.0,0.923404254926211,0.1635251171035317,0.183399209486166,0.9999999996875,0.11874999996289062,0.7031249997802734,0.9833040806301092,0.26894396614555,0.2650659917374099
-0.9,0.10000000000000009,5681.02783203125,76.0945816040039,4.145631564197354,0.0,0.9,0.2875,0.59375,0.0,0.9429824557267621,0.20207827886399315,0.2916666666666667,0.9999999996875,0.09999999996874999,0.7562499997636718,0.9181065311305088,0.23139101656098954,0.23071753425512675
-0.8,0.10000000000000009,5396.57275390625,72.496337890625,3.3528891369674856,0.0,0.9,0.375,0.8695652173913043,0.0,0.9849999995075001,0.28218217133971246,0.5,0.9999999996875,0.07187499997753906,0.821874999743164,0.7961107839653965,0.1422451928974474,0.12884158449191632
-0.7,0.10000000000000009,5131.0810546875,69.16665649414062,2.595067496850481,0.0,0.9,0.528125,1.0,0.0,0.9999999993377484,0.43408873034308576,1.0,0.9999999996875,0.06562499997949219,0.8843749997236328,0.666953777113922,0.1002321287225206,-0.019440454115585152
-0.6,0.10000000000000009,4887.23046875,66.1466064453125,1.9794247946629078,0.0,0.9,0.659375,1.0,0.0,0.9999999990825689,0.5320786180665212,1.0,0.9999999996875,0.07812499997558593,0.8906249997216796,0.5324009956004059,0.1420179013109859,-0.12269881206317665
-0.5,0.10000000000000009,4669.18798828125,63.48093032836914,1.4050474958744223,0.0,0.9,0.79375,1.0,0.0,0.9999999984848486,0.6576794036713997,1.0,0.9999999996875,0.13124999995898437,0.9124999997148436,0.3877806853903123,0.19499104496111114,-0.1904575105788436
-0.3999999999999999,0.10000000000000009,4479.7236328125,61.21651077270508,1.0013855137819516,0.0,0.9,0.85,1.0,0.0,0.9999999979166666,0.7535791340725552,1.0,0.9999999996875,0.149999999953125,0.9999999996875,0.26798962364515955,0.19509245009134812,-0.19509245009134812
-0.29999999999999993,0.10000000000000009,4323.36474609375,59.399837493896484,0.7570131388895833,0.0,0.9,0.978125,1.0,0.0,0.9999999857142858,0.9463804560017613,1.0,0.9999999996875,0.23124999992773435,0.9999999996875,0.13138848208762827,0.24457846020636842,-0.24457846020636842
-0.19999999999999996,0.10000000000000009,4204.3505859375,58.07342529296875,0.6418109050180909,0.0,0.9,1.0,1.0,0.0,0.0,1.0,1.0,0.9999999996875,0.3343749998955078,0.9999999996875,0.05840576467200998,0.18307400781108624,-0.18307400781108624
-0.09999999999999998,0.10000000000000009,4127.31298828125,57.27176284790039,0.5909887076435743,0.0,0.9,1.0,1.0,0.0,0.0,1.0,1.0,0.9999999996875,0.4187499998691406,0.9999999996875,0.027877061043022868,0.13467664292028236,-0.13467664292028236
0.0,0.10000000000000009,4099.50537109375,57.01723861694336,0.5727971200824487,0.0,0.9,1.0,1.0,0.0,0.0,1.0,1.0,0.9999999996875,0.40624999987304683,0.9999999996875,0.018931307075124693,0.11785540582214922,-0.11785540582214922
0.10000000000000009,0.10000000000000009,4126.8671875,57.31721878051758,0.5955961465925631,0.0,0.9,1.0,1.0,0.0,0.0,1.0,1.0,0.9999999996875,0.28124999991210936,0.9999999996875,0.03393102397974457,0.15162919094616498,-0.15162919094616498
0.20000000000000018,0.10000000000000009,4203.73828125,58.16302490234375,0.6829308015612631,0.0,0.9,0.99375,1.0,0.0,0.9999999500000026,0.9897828863346104,1.0,0.9999999996875,0.17187499994628905,0.9999999996875,0.08916609809589873,0.2298422542299221,-0.2298422542299221
0.30000000000000004,0.10000000000000009,4321.87353515625,59.5311164855957,0.8530791112037985,0.0,0.9,0.94375,1.0,0.0,0.9999999944444444,0.8834011710687095,1.0,0.9999999996875,0.08749999997265624,0.9999999996875,0.19574862797440604,0.28701235116563384,-0.2857632783107958
0.40000000000000013,0.10000000000000009,4476.19775390625,61.38620376586914,1.0818509481543934,0.0,0.9,0.825,1.0,0.0,0.9999999982142856,0.7094180284613264,1.0,0.9999999996875,0.06249999998046875,0.9937499996894531,0.33547067496069977,0.2611512406830275,-0.26001026251702697
0.5,0.10000000000000009,4662.1298828125,63.68526840209961,1.4710084382540864,0.0,0.9,0.596875,1.0,0.0,0.9999999992248062,0.4288079907866954,1.0,0.9999999996875,0.049999999984374995,0.9781249996943359,0.5350999062492321,0.07403330909855645,-0.07118418831984542
0.6000000000000001,0.10000000000000009,4877.60791015625,66.38170623779297,2.0528275079241625,0.0,0.9,0.4375,0.9130434782608695,0.0,0.9888888883395062,0.27250084958371196,0.7236842105263158,0.9999999996875,0.07187499997753906,0.9124999997148436,0.7398778433258096,0.15426350920223744,0.12378129510918368
0.7000000000000002,0.10000000000000009,5118.705078125,69.42871856689453,2.7465538906103037,0.0,0.9,0.36875,0.5,0.0,0.8960396035168121,0.20560776058324035,0.24786324786324787,0.9999999996875,0.13124999995898437,0.7781249997568359,0.894028412011357,0.24159623522683477,0.24159623522683477
0.8,0.10000000000000009,5381.7646484375,72.78182983398438,3.578872322984321,0.0,0.9,0.303125,0.3333333333333333,0.0,0.8206278023225885,0.14771119217493317,0.06777777777777777,0.9999999996875,0.18749999994140623,0.7343749997705078,1.0205532910611572,0.3453362938441772,0.33912982592457547
0.9000000000000001,0.10000000000000009,5663.7744140625,76.40033721923828,4.519857983791073,0.0,0.9,0.265625,0.24324324324324326,0.0,0.761702127335446,0.13084118262689692,0.04090909090909091,0.9999999996875,0.23124999992773435,0.6687499997910156,1.106513908732522,0.4050243350180236,0.4050243350180236
1.0,0.10000000000000009,5962.44970703125,80.24797821044922,5.3969641559767325,0.0,0.9,0.246875,0.26136363636363635,0.0,0.7302904561285102,0.1150782363768424,0.04444444444444444,0.9999999996875,0.2749999999140625,0.649999999796875,1.17338815988421,0.45083610324353574,0.45083610324353574
-1.0,0.20000000000000018,6027.55712890625,80.48320007324219,4.75984568612938,0.0,0.9,0.265625,0.5882352941176471,0.0,0.9404255315147125,0.15934348220947067,0.15625,0.9999999996875,0.10624999996679686,0.6874999997851562,0.9884820875278895,0.2549027660064904,0.24406197713387295
-0.9,0.20000000000000018,5728.85205078125,76.68446350097656,3.9293175865137457,0.0,0.9,0.321875,0.72,0.0,0.967741935037907,0.21399597785467347,0.27272727272727276,0.9999999996875,0.07812499997558593,0.7562499997636718,0.9014242911132053,0.19133252898324069,0.16677817607010703
-0.8,0.20000000000000018,5447.53564453125,73.11897277832031,3.2561441723954268,0.0,0.9,0.365625,0.9130434782608695,0.0,0.990147782763474,0.2714577241996597,0.5,0.9999999996875,0.07187499997753906,0.7968749997509765,0.8000419109636141,0.11520404285137009,0.11520404285137009
-0.7,0.20000000000000018,5184.66455078125,69.8228988647461,2.586235781443314,0.0,0.9,0.4875,1.0,0.0,0.999999999390244,0.36749882728210903,1.0,0.9999999996875,0.06249999998046875,0.8406249997373046,0.6850993727625594,0.049432307146584364,-0.002450259740351516
-0.6,0.20000000000000018,4943.984375,66.83658599853516,1.9704551064267741,0.0,0.9,0.5625,1.0,0.0,0.9999999992857144,0.42233321002982505,1.0,0.9999999996875,0.06562499997949219,0.8812499997246093,0.5635052307655808,0.1089683653764304,-0.06575973457463852
-0.5,0.20000000000000018,4729.18505859375,64.20380401611328,1.4074487404667477,0.0,0.9,0.70625,1.0,0.0,0.9999999989361703,0.5690799162300496,1.0,0.9999999996875,0.08124999997460937,0.9031249997177734,0.43038779414395356,0.15719347504097758,-0.15719347504097758
-0.3999999999999999,0.20000000000000018,4543.8056640625,61.97018051147461,1.0439805775700954,0.0,0.9,0.81875,1.0,0.0,0.9999999982758621,0.6898734559776634,1.0,0.9999999996875,0.09999999996874999,0.9999999996875,0.3039368349755198,0.22610488978266458,-0.22494432022381747
-0.29999999999999993,0.20000000000000018,4391.8193359375,60.18072509765625,0.824661607938378,0.0,0.9,0.953125,1.0,0.0,0.9999999933333334,0.9039862192559633,1.0,0.9999999996875,0.16249999994921874,0.9999999996875,0.18039284898076355,0.27693121007952465,-0.27693121007952465
-0.19999999999999996,0.20000000000000018,4278.13330078125,58.87644577026367,0.7020399072429238,0.0,0.9,1.0,1.0,0.0,0.0,1.0,1.0,0.9999999996875,0.19687499993847654,0.9999999996875,0.10370065094548121,0.247641644597924,-0.247641644597924
-0.09999999999999998,0.20000000000000018,4206.1083984375,58.090423583984375,0.6298040621681704,0.0,0.9,1.0,1.0,0.0,0.0,1.0,1.0,0.9999999996875,0.23749999992578125,0.9999999996875,0.058222331849178216,0.19348104683156608,-0.19348104683156608
0.0,0.20000000000000018,4181.4580078125,57.84401321411133,0.6042568324354322,0.0,0.9,1.0,1.0,0.0,0.0,1.0,1.0,0.9999999996875,0.15624999995117186,0.9999999996875,0.04232729293316353,0.17595194219956328,-0.17595194219956328
0.10000000000000009,0.20000000000000018,4205.7861328125,58.144161224365234,0.6323963158013229,0.0,0.9,1.0,1.0,0.0,0.0,1.0,1.0,0.9999999996875,0.14374999995507812,0.9999999996875,0.06011316531237662,0.20526770340760978,-0.20526770340760978
0.20000000000000018,0.20000000000000018,4277.435546875,58.98239517211914,0.7432608098151121,0.0,0.9,0.996875,1.0,0.0,0.9999999000000099,0.994378306878307,1.0,0.9999999996875,0.10312499996777343,0.9999999996875,0.13088263031560493,0.2856484009899894,-0.28448565390604896
0.30000000000000004,0.20000000000000018,4391.1064453125,60.33604049682617,0.9214782888175961,0.0,0.9,0.93125,1.0,0.0,0.9999999954545454,0.8834727543080627,1.0,0.9999999996875,0.07812499997558593,0.9999999996875,0.24099509666434674,0.31097328778345923,-0.30975596995186566
0.40000000000000013,0.20000000000000018,4541.767578125,62.17106246948242,1.1151160732405863,0.0,0.9,0.821875,1.0,0.0,0.999999998245614,0.7188178045610674,1.0,0.9999999996875,0.06249999998046875,0.9968749996884765,0.3568374771192373,0.2685606363342733,-0.2685606363342733
0.5,0.20000000000000018,4724.34033203125,64.44589233398438,1.4395267437085495,0.0,0.9,0.615625,1.0,0.0,0.9999999991869919,0.470747041299349,1.0,0.9999999996875,0.05624999998242187,0.9781249996943359,0.5224815548112862,0.11367999469321183,-0.10332587816529028
0.6000000000000001,0.20000000000000018,4935.75927734375,67.1153335571289,1.9186085078848487,0.0,0.9,0.4625,1.0,0.0,0.9999999994186047,0.3120997034049352,1.0,0.9999999996875,0.07812499997558593,0.9187499997128905,0.696946968669416,0.13804282845381086,0.07972594862416825
0.7000000000000002,0.20000000000000018,5173.09716796875,70.13384246826172,2.5474628415830916,0.0,0.9,0.353125,0.8076923076923077,0.0,0.9758454101565964,0.23073650776779564,0.44565217391304346,0.9999999996875,0.08124999997460937,0.7843749997548828,0.8596884514527416,0.2314748483290272,0.2272180377000712
0.8,0.20000000000000018,5432.86279296875,73.45797729492188,3.3080322080855713,0.0,0.9,0.309375,0.4230769230769231,0.0,0.8642533932740936,0.18468579525737816,0.39795918367346933,0.9999999996875,0.16249999994921874,0.7374999997695312,0.9774700685459156,0.31590505976006167,0.31590505976006167
0.9000000000000001,0.20000000000000018,5712.27392578125,77.04776000976562,4.131807530736652,0.0,0.9,0.259375,0.36065573770491804,0.0,0.835443037622176,0.1374110728479443,0.20781893004115226,0.9999999996875,0.19062499994042967,0.6624999997929687,1.0656206193926179,0.39499640019655496,0.39252933993488426
1.0,0.20000000000000018,6008.45458984375,80.86748504638672,4.911218497280391,0.0,0.9,0.253125,0.3611111111111111,0.0,0.8075313804152588,0.1472951408101784,0.2189814814814815,0.9999999996875,0.22499999992968747,0.6562499997949218,1.1130412745804836,0.4177892345103639,0.4108840744303064
-1.0,0.30000000000000004,6102.0419921875,81.42619323730469,4.850819967528278,0.0,0.9,0.246875,0.5365853658536586,0.0,0.9211618253439163,0.1318961433703075,0.2638888888888889,0.9999999996875,0.12812499995996093,0.6718749997900391,1.060481759583121,0.32614053000892407,0.3181601297291071
-0.9,0.30000000000000004,5807.46923828125,77.67725372314453,4.061702790088575,0.0,0.9,0.296875,0.7333333333333333,0.0,0.9644444440158025,0.1845500877369574,0.4080459770114942,0.9999999996875,0.09374999997070312,0.7124999997773437,0.9872958670717985,0.2938554685716531,0.23724113735722238
-0.8,0.30000000000000004,5530.01123046875,74.16336822509766,3.3341443825511208,0.0,0.9,0.375,0.9090909090909091,0.0,0.9899999995050001,0.2439072876994668,0.45454545454545453,0.9999999996875,0.06874999997851562,0.7999999997499999,0.8785679525120931,0.24954779758772638,0.14428803425812323
-0.7,0.30000000000000004,5272.09716796875,70.91989135742188,2.6718507232353486,0.0,0.9,0.425,1.0,0.0,0.9999999994565217,0.29157301972854016,1.0,0.9999999996875,0.06562499997949219,0.8031249997490234,0.7638168179451849,0.14455969267554603,0.0783673681844245
-0.6,0.30000000000000004,5036.763671875,67.98599243164062,2.0961284218225487,0.0,0.9,0.515625,1.0,0.0,0.9999999993548387,0.3823646070078972,1.0,0.9999999996875,0.07187499997753906,0.821874999743164,0.6484000936017571,0.06915789002765342,-0.0018147358401828292
-0.5,0.30000000000000004,4827.21826171875,65.40384674072266,1.5516369032476574,0.0,0.9,0.575,1.0,0.0,0.999999999264706,0.45279577067973825,1.0,0.9999999996875,0.05937499998144531,0.893749999720703,0.5263031793604187,0.09408200877221795,-0.05359141886741229
-0.3999999999999999,0.30000000000000004,4647.28759765625,63.21711349487305,1.2151840205342712,0.0,0.9,0.73125,1.0,0.0,0.9999999988372094,0.6156345768102411,1.0,0.9999999996875,0.05312499998339843,0.9937499996894531,0.41121181925146844,0.19402143740959898,-0.19402143740959898
-0.29999999999999993,0.30000000000000004,4500.79345703125,61.46851348876953,0.974262921398378,0.0,0.9,0.871875,1.0,0.0,0.9999999975609756,0.7921127614233925,1.0,0.9999999996875,0.07812499997558593,0.9999999996875,0.2812702143513348,0.26651409426818906,-0.26529770505824146
-0.19999999999999996,0.30000000000000004,4392.66845703125,60.19670486450195,0.8318579745814073,0.0,0.9,0.928125,1.0,0.0,0.9999999956521739,0.8658042766774691,1.0,0.9999999996875,0.09999999996874999,0.9999999996875,0.1933006115585817,0.2649201861777675,-0.2649201861777675
-0.09999999999999998,0.30000000000000004,4325.4228515625,59.43267059326172,0.7337649079435677,0.0,0.9,0.9875,1.0,0.0,0.9999999750000006,0.9771122792551364,1.0,0.9999999996875,0.09999999996874999,0.9999999996875,0.13146271034609167,0.274115466159764,-0.274115466159764
0.0,0.30000000000000004,4302.60205078125,59.196292877197266,0.6882186632795415,0.0,0.9,0.996875,1.0,0.0,0.9999999000000099,0.9947089947089947,1.0,0.9999999996875,0.06562499997949219,0.9999999996875,0.09979630146599286,0.26075049708463144,-0.26075049708463144
0.10000000000000009,0.30000000000000004,4325.21923828125,59.49391555786133,0.7195580576989877,0.0,0.9,0.996875,1.0,0.0,0.9999999000000099,0.9950503498890596,1.0,0.9999999996875,0.05937499998144531,0.9999999996875,0.12016312412044723,0.2853527821940368,-0.2853527821940368
0.20000000000000018,0.30000000000000004,4392.4658203125,60.317527770996094,0.8722775404043331,0.0,0.9,0.93125,1.0,0.0,0.9999999954545454,0.890731507110975,1.0,0.9999999996875,0.05937499998144531,0.9999999996875,0.21871018110724003,0.30134607669465524,-0.29784743354819554
0.30000000000000004,0.30000000000000004,4500.58251953125,61.64579391479492,1.0319843443467327,0.0,0.9,0.840625,1.0,0.0,0.9999999980392157,0.7565405560751305,1.0,0.9999999996875,0.049999999984374995,0.9968749996884765,0.31393474084524203,0.2697369295298111,-0.2697369295298111
0.40000000000000013,0.30000000000000004,4645.138671875,63.44666290283203,1.2072004315215796,0.0,0.9,0.753125,1.0,0.0,0.9999999987341773,0.6338075175249733,1.0,0.9999999996875,0.05624999998242187,0.9999999996875,0.4184087557321947,0.21835518416951655,-0.21723756915927922
0.5,0.30000000000000004,4822.6767578125,65.68083953857422,1.4885715663741985,0.0,0.9,0.603125,0.9411764705882353,0.0,0.992125983470767,0.4744033927720496,0.71875,0.9999999996875,0.05312499998339843,0.9812499996933594,0.5599599952734322,0.1248834363389125,-0.0867063104509339
0.6000000000000001,0.30000000000000004,5029.53662109375,68.30534362792969,1.8856608013675944,0.0,0.9,0.465625,0.8947368421052632,0.0,0.9883040929892959,0.33605518674326135,0.48214285714285715,0.9999999996875,0.05937499998144531,0.921874999711914,0.7077027604257295,0.12951874068122038,0.06932359882828563
0.7000000000000002,0.30000000000000004,5261.587890625,71.27662658691406,2.440723942579564,0.0,0.9,0.35625,0.8076923076923077,0.0,0.9757281548661514,0.23552772113621065,0.4291666666666666,0.9999999996875,0.08124999997460937,0.8312499997402343,0.8514148662793368,0.23567246687149418,0.21975430654564523
0.8,0.30000000000000004,5516.22607421875,74.55278015136719,3.106597981309813,0.0,0.9,0.303125,0.5,0.0,0.8834080713527318,0.19738490927958238,0.2497096399535424,0.9999999996875,0.16249999994921874,0.7531249997646484,0.9653599708531792,0.31175185162618335,0.308359579015785
0.9000000000000001,0.30000000000000004,5790.82470703125,78.09507751464844,3.714185831172826,0.0,0.9,0.2625,0.47619047619047616,0.0,0.8601694911609451,0.16201279656726783,0.20105820105820107,0.9999999996875,0.19687499993847654,0.7031249997802734,1.0251764288608127,0.3718764220003419,0.3718764220003419
1.0,0.30000000000000004,6082.30810546875,81.86865234375,4.563394836710619,0.0,0.9,0.253125,0.4084507042253521,0.0,0.8242677820818963,0.14889766251328118,0.16733870967741934,0.9999999996875,0.22187499993066404,0.6718749997900391,1.1029745048933954,0.4107508990122796,0.4100420619726346
-1.0,0.40000000000000013,6204.83251953125,82.7405014038086,4.9595332107458585,0.0,0.9,0.246875,0.3684210526315789,0.0,0.8506224062860488,0.13571577208119018,0.06521739130434782,0.9999999996875,0.17812499994433592,0.6749999997890624,1.121233929157538,0.39085117087109633,0.36905450728188793
-0.9,0.40000000000000013,5915.712890625,79.05767822265625,4.151478970467735,0.0,0.9,0.284375,0.5476190476190477,0.0,0.9170305672851395,0.171027441192892,0.22142857142857145,0.9999999996875,0.13124999995898437,0.7249999997734374,1.0398432575022212,0.3638650310695112,0.2908525900776234
-0.8,0.40000000000000013,5643.6337890625,75.61193084716797,3.557507920640613,0.0,0.9,0.34375,0.7931034482758621,0.0,0.9714285709659864,0.21999145812171023,0.362962962962963,0.9999999996875,0.09062499997167968,0.7593749997626953,0.9568342521525011,0.32276693410460305,0.21286225138975512
-0.7,0.40000000000000013,5392.013671875,72.43746948242188,2.93710869636952,0.0,0.9,0.3625,1.0,0.0,0.999999999509804,0.22446066090749128,1.0,0.9999999996875,0.06874999997851562,0.7749999997578124,0.8717912873699535,0.2843309426870815,0.18260001388634242
-0.6,0.40000000000000013,5163.31298828125,69.57188415527344,2.31100564149351,0.0,0.9,0.45,1.0,0.0,0.9999999994318182,0.303062422698019,1.0,0.9999999996875,0.06874999997851562,0.7874999997539062,0.7515530152510709,0.1595459889710465,0.08067655108102771
-0.5,0.40000000000000013,4961.00244140625,67.05526733398438,1.8416740525982815,0.0,0.9,0.48125,1.0,0.0,0.9999999993975904,0.34004490565380496,1.0,0.9999999996875,0.06874999997851562,0.8281249997412109,0.6555667043530817,0.07059808400209175,0.04845785896057647
-0.3999999999999999,0.40000000000000013,4787.6279296875,64.92868041992188,1.4334197949781495,0.0,0.9,0.55,1.0,0.0,0.9999999993055556,0.39309573067802167,1.0,0.9999999996875,0.04374999998632812,0.9656249996982421,0.5230675804422691,0.09511822462156057,-0.02697154810058809
-0.29999999999999993,0.40000000000000013,4647.642578125,63.23198318481445,1.1677052264322723,0.0,0.9,0.740625,1.0,0.0,0.9999999987951808,0.6340215658042013,1.0,0.9999999996875,0.04374999998632812,0.9999999996875,0.40124683147650975,0.17727467599016017,-0.17727467599016017
-0.19999999999999996,0.40000000000000013,4544.64111328125,62.00088882446289,1.0201463614520836,0.0,0.9,0.80625,1.0,0.0,0.9999999983870967,0.7289960218992478,1.0,0.9999999996875,0.040624999987304684,0.9999999996875,0.31618106399635787,0.20974295021303535,-0.20974295021303535
-0.09999999999999998,0.40000000000000013,4481.17236328125,61.263816833496094,0.8987747012627871,0.0,0.9,0.88125,1.0,0.0,0.999999997368421,0.8071254786029767,1.0,0.9999999996875,0.03749999998828125,0.9999999996875,0.24172204300174832,0.2622927091100233,-0.2611020851227824
0.0,0.40000000000000013,4459.1513671875,61.03886032104492,0.8349303197767659,0.0,0.9,0.975,1.0,0.0,0.9999999875000002,0.9539241578380305,1.0,0.9999999996875,0.03749999998828125,0.9999999996875,0.1992973112918341,0.34764034877603606,-0.34764034877603606
0.10000000000000009,0.40000000000000013,4480.45751953125,61.331687927246094,0.8739302341197535,0.0,0.9,0.9625,1.0,0.0,0.9999999916666668,0.9360939486371251,1.0,0.9999999996875,0.024999999992187497,0.9999999996875,0.22246375836922563,0.35352784963950545,-0.35352784963950545
0.20000000000000018,0.40000000000000013,4543.36181640625,62.134883880615234,1.020629218669752,0.0,0.9,0.853125,1.0,0.0,0.9999999978723404,0.768100965473704,1.0,0.9999999996875,0.03437499998925781,0.9999999996875,0.3115556445052367,0.28378520382280303,-0.28378520382280303
0.30000000000000004,0.40000000000000013,4645.7900390625,63.42881774902344,1.199419808241218,0.0,0.9,0.70625,1.0,0.0,0.9999999989361703,0.5933560913930788,1.0,0.9999999996875,0.03437499998925781,0.9999999996875,0.4227746532070375,0.16559701222862594,-0.16559701222862594
0.40000000000000013,0.40000000000000013,4784.13916015625,65.18394470214844,1.397809644399459,0.0,0.9,0.60625,1.0,0.0,0.9999999992063493,0.48492095299861226,1.0,0.9999999996875,0.049999999984374995,0.9999999996875,0.5402378647953399,0.12442090390789601,-0.0817869704549265
0.5,0.40000000000000013,4955.21728515625,67.36380004882812,1.658879795275468,0.0,0.9,0.4625,0.7777777777777778,0.0,0.9767441854786372,0.3236016688446431,0.5,0.9999999996875,0.05624999998242187,0.9781249996943359,0.6570314065616671,0.09707295174436861,0.06649930710721386
0.6000000000000001,0.40000000000000013,5155.76025390625,69.92825317382812,2.002476437573457,0.0,0.9,0.4,0.68,0.0,0.9583333328342014,0.2728744162241699,0.4222222222222222,0.9999999996875,0.07812499997558593,0.9156249997138671,0.7640609634416177,0.1839590561618596,0.15211620435749637
0.7000000000000002,0.40000000000000013,5381.46826171875,72.83625793457031,2.4282567015416774,0.0,0.9,0.35625,0.55,0.0,0.912621358780281,0.22956995745584868,0.3111111111111111,0.9999999996875,0.1249999999609375,0.8624999997304686,0.8646620530645205,0.2311196538998021,0.22370942798658533
0.8,0.40000000000000013,5629.9580078125,76.04801177978516,2.9031165019199694,0.0,0.9,0.303125,0.509090909090909,0.0,0.8789237664220073,0.16716651339434857,0.2285714285714286,0.9999999996875,0.17187499994628905,0.771874999758789,0.9261228100403889,0.2856065518910768,0.2856065518910768
0.9000000000000001,0.40000000000000013,5898.462890625,79.52635955810547,3.46618135195628,0.0,0.9,0.275,0.4166666666666667,0.0,0.8189655168883769,0.1385902942200652,0.1764705882352941,0.9999999996875,0.22499999992968747,0.7406249997685547,1.0039222659565243,0.3572654593105119,0.3389429336066627
1.0,0.40000000000000013,6184.27685546875,83.23756408691406,4.273400793438234,0.0,0.9,0.228125,0.39473684210526316,0.0,0.8137651818567753,0.11660386724324305,0.14942528735632185,0.9999999996875,0.23749999992578125,0.6749999997890624,1.094159204656335,0.42108212908162346,0.42108212908162346
-1.0,0.5,6334.11767578125,84.40866088867188,5.1570736807330375,0.0,0.9,0.228125,0.3,0.0,0.8016194328738383,0.13344792408831818,0.041666666666666664,0.9999999996875,0.2187499999316406,0.6343749998017578,1.1621382332655938,0.4268450491832797,0.42553272747809723
-0.9,0.5,6051.7685546875,80.80571746826172,4.430596739848759,0.0,0.9,0.265625,0.3888888888888889,0.0,0.85957446771933,0.1586371486451743,0.05660377358490566,0.9999999996875,0.1687499999472656,0.6749999997890624,1.1047064852790238,0.41487749032321397,0.34593231403467645
-0.8,0.5,5786.7529296875,77.4417953491211,3.80313431762933,0.0,0.9,0.26875,0.5588235294117647,0.0,0.9358974354974797,0.1515808454027756,0.11176470588235295,0.9999999996875,0.10624999996679686,0.7343749997705078,1.0346128368170557,0.37551440902674627,0.31161163433454564
-0.7,0.5,5542.3701171875,74.34967803955078,3.153162225602527,0.0,0.9,0.30625,0.8888888888888888,0.0,0.9909909905445987,0.1824824621408418,0.47058823529411764,0.9999999996875,0.05624999998242187,0.7406249997685547,0.9499014429835385,0.2821676982076842,0.2537620799141023
-0.6,0.5,5321.5048828125,71.56501770019531,2.587545200095409,0.0,0.9,0.371875,1.0,0.0,0.9999999995024876,0.23294084105288998,1.0,0.9999999996875,0.06874999997851562,0.7624999997617187,0.8472053600257322,0.21844910001276205,0.1722700302367479
-0.5,0.5,5126.8125,69.12542724609375,2.0871236383722733,0.0,0.9,0.421875,1.0,0.0,0.9999999994594595,0.28154380082509756,1.0,0.9999999996875,0.03749999998828125,0.8031249997490234,0.7523074746851828,0.13423875698615628,0.11191723742869115
-0.3999999999999999,0.5,4960.81298828125,67.06902313232422,1.689002241686874,0.0,0.9,0.465625,1.0,0.0,0.9999999994152047,0.32327862623529846,1.0,0.9999999996875,0.02187499999316406,0.9468749997041015,0.6477224535823507,0.07708399080277957,0.06218814241430683
-0.29999999999999993,0.5,4827.07763671875,65.43235778808594,1.3940422494552756,0.0,0.9,0.6375,1.0,0.0,0.9999999991379311,0.5232580359944098,1.0,0.9999999996875,0.006249999998046874,0.9874999996914062,0.5241186636203776,0.13514144188800067,-0.11476276929101349
-0.19999999999999996,0.5,4729.19873046875,64.2479019165039,1.2288280002876366,0.0,0.9,0.715625,1.0,0.0,0.9999999989010989,0.6080799795085509,1.0,0.9999999996875,0.006249999998046874,0.9999999996875,0.4411915815579385,0.1755630043060436,-0.17434973362942427
-0.09999999999999998,0.5,4668.4345703125,63.541236877441406,1.1094883696864533,0.0,0.9,0.75625,1.0,0.0,0.9999999987179488,0.6432773326037668,1.0,0.9999999996875,0.003124999999023437,0.9999999996875,0.3706747860903611,0.2055997963302184,-0.2055997963302184
0.0,0.5,4647.82373046875,63.32854080200195,1.036755636460932,0.0,0.9,0.84375,1.0,0.0,0.999999998,0.7410266434896977,1.0,0.9999999996875,0.012499999996093749,0.9999999996875,0.32622374916601826,0.2993412898972476,-0.2993412898972476
0.10000000000000009,0.5,4668.25048828125,63.61479949951172,1.078554894810738,0.0,0.9,0.85,1.0,0.0,0.9999999979166666,0.7508264354692926,1.0,0.9999999996875,0.009374999997070312,0.9999999996875,0.35108037601539227,0.32668067805278295,-0.32668067805278295
0.20000000000000018,0.5,4727.486328125,64.39327239990234,1.2095441337909898,0.0,0.9,0.715625,1.0,0.0,0.9999999989010989,0.5942470266867491,1.0,0.9999999996875,0.018749999994140624,0.9999999996875,0.4279391979476265,0.19562433929669426,-0.19562433929669426
0.30000000000000004,0.5,4823.92041015625,65.6462173461914,1.4011644321589012,0.0,0.9,0.584375,1.0,0.0,0.9999999992481203,0.4796047502944054,1.0,0.9999999996875,0.031249999990234374,0.9999999996875,0.5405572665311654,0.09298663807876766,-0.04888455195957715
0.40000000000000013,0.5,4955.55859375,67.34684753417969,1.634542480202827,0.0,0.9,0.49375,0.7333333333333333,0.0,0.9753086413732663,0.36524840821450993,0.5833333333333333,0.9999999996875,0.04687499998535156,0.9906249996904296,0.6659493022321548,0.1647749523502911,0.04756634292527717
0.5,0.5,5119.5087890625,69.4619140625,1.9156084154384418,0.0,0.9,0.38125,0.5454545454545454,0.0,0.9494949490154067,0.2612242217679195,0.4333333333333334,0.9999999996875,0.06874999997851562,0.971874999696289,0.7632360147107129,0.18990942889554857,0.18890670953761468
0.6000000000000001,0.5,5312.4833984375,71.95448303222656,2.18408551616326,0.0,0.9,0.359375,0.4,0.0,0.8975609751719215,0.23306877444251906,0.3409090909090909,0.9999999996875,0.1093749999658203,0.9249999997109374,0.830863287380991,0.21276801504285178,0.21276801504285178
0.7000000000000002,0.5,5531.1279296875,74.78644561767578,2.5223106356652374,0.0,0.9,0.33125,0.40476190476190477,0.0,0.8831775696807582,0.22106278855586123,0.2327075098814229,0.9999999996875,0.13124999995898437,0.8593749997314453,0.8989766205730091,0.2603759791618978,0.2603759791618978
0.8,0.5,5772.404296875,77.92041778564453,2.9018587008892176,0.0,0.9,0.334375,0.46153846153846156,0.0,0.8685446005311998,0.19598720508668843,0.2605042016806723,0.9999999996875,0.16249999994921874,0.7906249997529297,0.9493791936590503,0.307160701668415,0.26990523402001243
0.9000000000000001,0.5,6034.15380859375,81.32112884521484,3.3439693258971026,0.0,0.9,0.303125,0.46774193548387094,0.0,0.8520179368376601,0.16912866648427144,0.2294372294372294,0.9999999996875,0.1937499999394531,0.7343749997705078,0.9957488203506194,0.32746199223776906,0.3051494381090208
1.0,0.5,6313.07568359375,84.956298828125,4.019095912660074,0.0,0.9,0.2375,0.379746835443038,0.0,0.7991803275413195,0.11558540119528889,0.175,0.9999999996875,0.24687499992285156,0.7187499997753906,1.0888066011478343,0.41599570330600794,0.4051240789512316
-1.0,0.6000000000000001,6487.84326171875,86.41001892089844,5.326850212371687,0.0,0.9,0.23125,0.25,0.0,0.7439024387219909,0.13349072386418287,0.037037037037037035,0.9999999996875,0.26249999991796874,0.621874999805664,1.2138420879615706,0.47937932130057936,0.4459757823826275
-0.9,0.6000000000000001,6213.43212890625,82.89796447753906,4.673847772581394,0.0,0.9,0.23125,0.3235294117647059,0.0,0.8130081297508097,0.12909556115819862,0.046218487394957986,0.9999999996875,0.21249999993359373,0.6781249997880859,1.1516704926770949,0.43577530486914373,0.40704677639849024
-0.8,0.6000000000000001,5956.71533203125,79.62649536132812,3.989713302926681,0.0,0.9,0.240625,0.3793103448275862,0.0,0.8518518515012956,0.1255678833921315,0.07586206896551724,0.9999999996875,0.18124999994335936,0.7249999997734374,1.0808288038408853,0.3866246140434986,0.36046164857068963
-0.7,0.6000000000000001,5721.01904296875,76.62677001953125,3.370124511073462,0.0,0.9,0.25,0.6538461538461539,0.0,0.9624999995989584,0.12594567886695282,0.16346153846153846,0.9999999996875,0.08124999997460937,0.7343749997705078,1.0104012646591582,0.3349747568324065,0.3342506250604633
-0.6,0.6000000000000001,5508.42724609375,73.9322280883789,2.8227264793425895,0.0,0.9,0.290625,0.8,0.0,0.9823788541927847,0.16578060597561542,0.4444444444444444,0.9999999996875,0.06249999998046875,0.7468749997666015,0.9175853991378992,0.2679065207944323,0.2679065207944323
-0.5,0.6000000000000001,5321.6650390625,71.57775115966797,2.3292702685848825,0.0,0.9,0.36875,0.8181818181818182,0.0,0.9900990094108421,0.232245286652238,0.4285714285714286,0.9999999996875,0.03437499998925781,0.7812499997558593,0.8286285462560704,0.17349926722687142,0.17134263616164006
-0.3999999999999999,0.6000000000000001,5163.07421875,69.59825897216797,1.923114833516463,0.0,0.9,0.415625,1.0,0.0,0.9999999994652407,0.2753593792466268,1.0,0.9999999996875,0.003124999999023437,0.843749999736328,0.739397706704147,0.12679218140870296,0.11233184868075556
-0.29999999999999993,0.6000000000000001,5035.93408203125,68.02688598632812,1.6262304934458491,0.0,0.9,0.471875,0.0,0.0,0.9999999994082841,0.3321883805266793,0.0,0.9999999996875,0.0,0.9812499996933594,0.645006605959951,0.03513444149841719,0.029602719790003888
-0.19999999999999996,0.6000000000000001,4942.63671875,66.8927230834961,1.4306484889956728,0.0,0.9,0.6125,0.0,0.0,0.9999999991935484,0.4651585009126736,0.0,0.9999999996875,0.0,0.9937499996894531,0.5503605843031963,0.12714667178130276,-0.12502435520483204
-0.09999999999999998,0.6000000000000001,4884.59228515625,66.21849060058594,1.3245907995427297,0.0,0.9,0.665625,0.0,0.0,0.9999999990654206,0.513737455260317,0.0,0.9999999996875,0.0,0.9999999996875,0.49133352174567635,0.20084834439738078,-0.1890091022801131
0.0,0.6000000000000001,4865.34716796875,66.0184326171875,1.2555534588519435,0.0,0.9,0.7625,0.0,0.0,0.9999999986842106,0.6290145284708185,0.0,0.9999999996875,0.0,0.9999999996875,0.4540631108948765,0.28732622852637496,-0.28732622852637496
0.10000000000000009,0.6000000000000001,4884.53515625,66.29685974121094,1.3160872196194175,0.0,0.9,0.709375,1.0,0.0,0.9999999989247312,0.5986769032408795,1.0,0.9999999996875,0.009374999997070312,0.9999999996875,0.4858707581635229,0.24500671529514476,-0.24500671529514476
0.20000000000000018,0.6000000000000001,4940.2841796875,67.04773712158203,1.4530124135285578,0.0,0.9,0.525,0.8888888888888888,0.0,0.9934210519780126,0.41140804095708233,0.5,0.9999999996875,0.028124999991210934,0.9999999996875,0.5628908104029816,0.05718612857801247,-0.01905117049675769
0.30000000000000004,0.6000000000000001,5031.06982421875,68.2552719116211,1.6242253693938495,0.0,0.9,0.4875,0.6666666666666666,0.0,0.975609755502677,0.37257591778907495,0.39999999999999997,0.9999999996875,0.03749999998828125,0.9968749996884765,0.6523757069308446,0.11775096572902562,0.057549395189905116
0.40000000000000013,0.6000000000000001,5155.99853515625,69.89551544189453,1.8824147801617628,0.0,0.9,0.4375,0.6,0.0,0.9666666661296297,0.3252824609220995,0.5,0.9999999996875,0.04687499998535156,0.9843749996923827,0.769371657778375,0.23068827111942927,0.13153928912255608
0.5,0.6000000000000001,5312.48095703125,71.93854522705078,2.1449421930478114,0.0,0.9,0.371875,0.30303030303030304,0.0,0.8855721388628994,0.26167137957053926,0.3333333333333333,0.9999999996875,0.10312499996777343,0.9531249997021484,0.8543171503083954,0.2710584178270798,0.21145355032595065
0.6000000000000001,0.6000000000000001,5497.41650390625,74.3508071899414,2.386049890480906,0.0,0.9,0.321875,0.2857142857142857,0.0,0.8617511516766124,0.20976553260222555,0.2857142857142857,0.9999999996875,0.13124999995898437,0.9093749997158203,0.897365096216508,0.2573465634567813,0.2573465634567813
0.7000000000000002,0.6000000000000001,5708.02001953125,77.09730529785156,2.6214980077964802,0.0,0.9,0.3125,0.3023255813953488,0.0,0.8636363632438017,0.19704996175171405,0.22916666666666669,0.9999999996875,0.1343749999580078,0.8687499997285155,0.9289910561637044,0.271803691129401,0.271803691129401
0.8,0.6000000000000001,5941.25,80.14332580566406,2.9153850449180068,0.0,0.9,0.334375,0.42592592592592593,0.0,0.8544600934955586,0.22956198870914152,0.23333333333333334,0.9999999996875,0.1687499999472656,0.8281249997412109,0.9580856134394282,0.26265523493130216,0.25611538006102397
0.9000000000000001,0.6000000000000001,6195.38525390625,83.45578002929688,3.218750650880724,0.0,0.9,0.296875,0.4107142857142857,0.0,0.8533333329540741,0.180193706972145,0.2152777777777778,0.9999999996875,0.17499999994531248,0.7656249997607422,0.9777865156079116,0.30231657172435644,0.29842543660048615
1.0,0.6000000000000001,6467.13427734375,87.00395965576172,3.7125198575428153,0.0,0.9,0.246875,0.48333333333333334,0.0,0.8713692942442451,0.13415815524474267,0.20982142857142858,0.9999999996875,0.18749999994140623,0.7531249997646484,1.0393931591261616,0.3823997549147239,0.3706520668811879
-1.0,0.7000000000000002,6665.24609375,88.72190856933594,5.702999382399973,0.0,0.9,0.21875,0.18018018018018017,0.0,0.6359999997456001,0.12458489880148867,0.018691588785046728,0.9999999996875,0.34687499989160153,0.5874999998164062,1.2621212020121841,0.508737220167117,0.4781001565212167
-0.9,0.7000000000000002,6399.298828125,85.30891418457031,4.944645115187908,0.0,0.9,0.23125,0.23595505617977527,0.0,0.7235772354782206,0.13491402370272884,0.02949438202247191,0.9999999996875,0.2781249999130859,0.6437499997988281,1.1909941812872586,0.46377295361676885,0.42786809707290685
-0.8,0.7000000000000002,6151.9560546875,82.13751220703125,4.265060053401191,0.0,0.9,0.2,0.28169014084507044,0.0,0.8007812496871948,0.09926469025467913,0.04694835680751174,0.9999999996875,0.22187499993066404,0.6968749997822266,1.1348373056062355,0.43045726248632,0.424908220105482
-0.7,0.7000000000000002,5924.86279296875,79.23702239990234,3.6434100852891467,0.0,0.9,0.240625,0.4878048780487805,0.0,0.9135802465376213,0.12437705002835851,0.24583333333333335,0.9999999996875,0.12812499995996093,0.6937499997832031,1.0546980271361144,0.35428847590569734,0.35150731562277904
-0.6,0.7000000000000002,5720.9931640625,76.63854217529297,3.0171043746249535,0.0,0.9,0.284375,0.6363636363636364,0.0,0.9650655017619801,0.16690267865324665,0.32,0.9999999996875,0.06874999997851562,0.7093749997783203,0.978576684748934,0.30011640858699706,0.2880751615425325
-0.5,0.7000000000000002,5541.8388671875,74.37409210205078,2.589054866508087,0.0,0.9,0.309375,0.5,0.0,0.9864253389201696,0.1823998578273039,0.16666666666666666,0.9999999996875,0.018749999994140624,0.7406249997685547,0.9031632085081779,0.24812700124063938,0.24801566401528843
-0.3999999999999999,0.7000000000000002,5390.90087890625,72.475341796875,2.1965775050491625,0.0,0.9,0.34375,0.25,0.0,0.985714285244898,0.219696827338172,0.5,0.9999999996875,0.012499999996093749,0.8249999997421874,0.8374948707270876,0.1924872047417058,0.1871518556807398
-0.29999999999999993,0.7000000000000002,5269.974609375,70.97196960449219,1.8825942616645208,0.0,0.9,0.396875,0.0,0.0,0.9999999994818654,0.2608990836630588,0.0,0.9999999996875,0.0,0.9624999996992187,0.7523509632585257,0.09702212814798718,0.08658019292891672
-0.19999999999999996,0.7000000000000002,5181.35302734375,69.88980102539062,1.653866949382683,0.0,0.9,0.525,0.0,0.0,0.9999999993421053,0.38657834695649823,0.0,0.9999999996875,0.0,0.9781249996943359,0.65386426026943,0.11193449283962471,-0.09500704999992181
-0.09999999999999998,0.7000000000000002,5126.9287109375,69.248779296875,1.530540435697785,0.0,0.9,0.603125,0.0,0.0,0.9999999992125985,0.45941248588606537,0.0,0.9999999996875,0.0,0.9906249996904296,0.5933054590791939,0.19162130128123472,-0.18625086591084497
0.0,0.7000000000000002,5108.58349609375,69.06133270263672,1.5058131393631073,0.0,0.9,0.615625,1.0,0.0,0.9999999991869919,0.4911295463912459,1.0,0.9999999996875,0.003124999999023437,0.9937499996894531,0.5815732200746113,0.20138028985772802,-0.20138028985772802
0.10000000000000009,0.7000000000000002,5126.14404296875,69.33114624023438,1.5617954657047033,0.0,0.9,0.55,1.0,0.0,0.9999999993055556,0.44137739902879464,1.0,0.9999999996875,0.006249999998046874,0.9874999996914062,0.6146052995025957,0.10856017401463272,-0.10296724496830528
0.20000000000000018,0.7000000000000002,5178.37646484375,70.05286407470703,1.6766384504683907,0.0,0.9,0.48125,0.6666666666666666,0.0,0.9819277102518508,0.37634593572937763,0.5,0.9999999996875,0.028124999991210934,0.9874999996914062,0.6773219165473393,0.11273157605226651,0.033670630234371904
0.30000000000000004,0.7000000000000002,5263.98876953125,71.21256256103516,1.8741190058678394,0.0,0.9,0.44375,0.7142857142857143,0.0,0.9775280893384674,0.34276989709776845,0.5,0.9999999996875,0.04374999998632812,0.9812499996933594,0.7670344555255065,0.20761431519331042,0.11620617945420382
0.40000000000000013,0.7000000000000002,5382.16650390625,72.78907775878906,2.1326859524482096,0.0,0.9,0.390625,0.45454545454545453,0.0,0.9384615379802762,0.2908732740417704,0.21538461538461537,0.9999999996875,0.06874999997851562,0.9156249997138671,0.858229865960917,0.2589705169114779,0.19369536676155247
0.5,0.7000000000000002,5531.24365234375,74.75574493408203,2.3077629581477193,0.0,0.9,0.371875,0.2777777777777778,0.0,0.8706467657359966,0.2628218989626239,0.29100529100529104,0.9999999996875,0.11249999996484374,0.9124999997148436,0.8973198699730746,0.28406433297318173,0.21912068514512106
0.6000000000000001,0.7000000000000002,5707.97021484375,77.0823974609375,2.5253509970088492,0.0,0.9,0.309375,0.23255813953488372,0.0,0.8506787326467518,0.19721607227042262,0.3333333333333333,0.9999999996875,0.1343749999580078,0.8499999997343749,0.9261970351280918,0.28684068315686645,0.27596715654320614
0.7000000000000002,0.7000000000000002,5910.25,79.73719024658203,2.703653472233083,0.0,0.9,0.325,0.28846153846153844,0.0,0.8287037033200446,0.20752187209822387,0.2857142857142857,0.9999999996875,0.16249999994921874,0.8843749997236328,0.9400869023564147,0.26946411478231347,0.2656653755144963
0.8,0.7000000000000002,6135.40673828125,82.6882553100586,2.956112230306466,0.0,0.9,0.30625,0.35714285714285715,0.0,0.8378378374604334,0.19824680633436392,0.2857142857142857,0.9999999996875,0.17499999994531248,0.8531249997333984,0.9643700926420233,0.29943879068017965,0.29943879068017965
0.9000000000000001,0.7000000000000002,6380.873046875,85.90475463867188,3.2260235141233284,0.0,0.9,0.303125,0.3620689655172414,0.0,0.8340807171147621,0.1989455484991199,0.2,0.9999999996875,0.18124999994335936,0.8187499997441405,0.9885159608081248,0.3314235519977082,0.3066875460283635
1.0,0.7000000000000002,6644.65576171875,89.35777282714844,3.569621396197904,0.0,0.9,0.265625,0.4838709677419355,0.0,0.8638297868664554,0.1649950963044779,0.22916666666666669,0.9999999996875,0.1937499999394531,0.7593749997626953,1.0153511326667712,0.3678921323717278,0.3678921323717278
-1.0,0.8,6864.37255859375,91.32057189941406,6.010242818790505,0.0,0.9,0.196875,0.17094017094017094,0.0,0.6225680931429696,0.11015349514648252,0.017543859649122806,0.9999999996875,0.36562499988574215,0.5874999998164062,1.2953058833048015,0.5184693128906108,0.5149784324641222
-0.9,0.8,6607.69189453125,88.01219177246094,5.202655592815784,0.0,0.9,0.190625,0.21782178217821782,0.0,0.6949806947123626,0.10507592337842919,0.024444444444444446,0.9999999996875,0.31562499990136716,0.649999999796875,1.2403602666149116,0.49842958495552037,0.4851646178519686
-0.8,0.8,6369.1845703125,84.94568634033203,4.519834046566209,0.0,0.9,0.171875,0.23809523809523808,0.0,0.758490565751513,0.08974049852091025,0.02976190476190476,0.9999999996875,0.26249999991796874,0.6593749997939453,1.183793651195206,0.4799955678829322,0.4799955678829322
-0.7,0.8,6151.29443359375,82.14844512939453,3.957991425509361,0.0,0.9,0.20625,0.30357142857142855,0.0,0.8464566925801352,0.10977510686954714,0.038636363636363635,0.9999999996875,0.17499999994531248,0.6562499997949218,1.1233679634019833,0.4188361504174093,0.4179565988399956
-0.6,0.8,5956.13818359375,79.64913940429688,3.3808597365362476,0.0,0.9,0.24375,0.38235294117647056,0.0,0.9132231401185028,0.13179057149717266,0.19196428571428573,0.9999999996875,0.10624999996679686,0.6874999997851562,1.066981424373505,0.3750255303224022,0.37344039189652906
-0.5,0.8,5785.21630859375,77.47689819335938,2.8988630668701507,0.0,0.9,0.265625,0.125,0.0,0.9702127655445903,0.1370310762627618,0.03125,0.9999999996875,0.024999999992187497,0.7093749997783203,0.9946956208881381,0.3207957072425002,0.3207957072425002
-0.3999999999999999,0.8,5641.24560546875,75.66022491455078,2.5050019240057964,0.0,0.9,0.275,0.0,0.0,0.9913793099175089,0.16280911807309323,0.0,0.9999999996875,0.006249999998046874,0.771874999758789,0.9357007088849809,0.28215518650561916,0.28215518650561916
-0.29999999999999993,0.8,5526.56640625,74.22551727294922,2.1459476041757743,0.0,0.9,0.29375,0.0,0.0,0.9999999995575222,0.16412377319209617,0.0,0.9999999996875,0.0,0.8093749997470703,0.8538819750825485,0.20947895218120482,0.20155977260726265
-0.19999999999999996,0.8,5442.72412109375,73.19546508789062,1.915963802165343,0.0,0.9,0.31875,1.0,0.0,0.9999999995412844,0.20674152374727342,1.0,0.9999999996875,0.003124999999023437,0.9281249997099609,0.76899491737315,0.13001440990337815,0.09599126214000266
-0.09999999999999998,0.8,5390.84521484375,72.58749389648438,1.7916144727965557,0.0,0.9,0.45625,0.0,0.0,0.9999999994252874,0.3250366288611569,0.0,0.9999999996875,0.0,0.9437499997050781,0.7098300962028534,0.14345151521454674,-0.06702157591874387
0.0,0.8,5373.22998046875,72.4123306274414,1.764815676678784,0.0,0.9,0.4625,0.0,0.0,0.9999999994186047,0.36466038960978064,0.0,0.9999999996875,0.0,0.9624999996992187,0.7030504765151862,0.13010295606871575,-0.06994912637104252
0.10000000000000009,0.8,5389.81591796875,72.67312622070312,1.8232230060236378,0.0,0.9,0.384375,0.6666666666666666,0.0,0.9949238573629828,0.29437996078110595,0.5,0.9999999996875,0.009374999997070312,0.9656249996982421,0.7396354106348055,0.1407807700890308,0.07044182854249176
0.20000000000000018,0.8,5438.92333984375,73.36514282226562,2.0008646803272496,0.0,0.9,0.309375,0.6363636363636364,0.0,0.9819004520443889,0.23322711052039158,0.5,0.9999999996875,0.03437499998925781,0.9562499997011719,0.8360228556171685,0.23069460386499807,0.2269394648324684
0.30000000000000004,0.8,5519.66455078125,74.47623443603516,2.129095821714043,0.0,0.9,0.3375,0.5,0.0,0.9622641504894981,0.2599156520765584,0.3,0.9999999996875,0.049999999984374995,0.9124999997148436,0.8717078097351691,0.24177820908712636,0.24120883996826772
0.40000000000000013,0.8,5631.7666015625,75.98779296875,2.3686279299986572,0.0,0.9,0.2875,0.23529411764705882,0.0,0.8859649118921207,0.19652582880058095,0.2,0.9999999996875,0.10624999996679686,0.8624999997304686,0.93327733722101,0.30445848616606885,0.30445848616606885
0.5,0.8,5772.97705078125,77.87622833251953,2.6284952114834406,0.0,0.9,0.2625,0.1509433962264151,0.0,0.809322033555372,0.17100045446809237,0.2857142857142857,0.9999999996875,0.16562499994824217,0.843749999736328,0.9922445683215699,0.35395626486674536,0.35395626486674536
0.6000000000000001,0.8,5941.74658203125,80.11466217041016,2.711303179874278,0.0,0.9,0.28125,0.21428571428571427,0.0,0.8086956518223063,0.18424076493894917,0.3333333333333333,0.9999999996875,0.17499999994531248,0.8531249997333984,0.9846523898794247,0.3454395951758222,0.3454395951758222
0.7000000000000002,0.8,6135.21533203125,82.67436981201172,2.895121278080851,0.0,0.9,0.315625,0.25396825396825395,0.0,0.7853881274952565,0.20202713346304343,0.375,0.9999999996875,0.19687499993847654,0.843749999736328,0.9895760659783799,0.3151632856261056,0.3151632856261056
0.8,0.8,6351.89208984375,85.5262222290039,3.0522238120939513,0.0,0.9,0.3,0.3283582089552239,0.0,0.7991071425003986,0.19794145211310024,0.31574074074074077,0.9999999996875,0.2093749999345703,0.8374999997382812,0.993648903659681,0.335739989578916,0.335739989578916
0.9000000000000001,0.8,6588.91796875,88.64179229736328,3.2650234046244586,0.0,0.9,0.296875,0.42857142857142855,0.0,0.8399999996266667,0.20775741596984018,0.34237213403880074,0.9999999996875,0.19687499993847654,0.8124999997460937,1.014922453435789,0.36190499308522883,0.36190499308522883
1.0,0.8,6843.80615234375,91.99403381347656,3.5653187992380575,0.0,0.9,0.2875,0.36619718309859156,0.0,0.8026315785953371,0.18614293350318195,0.2548229548229548,0.9999999996875,0.22187499993066404,0.8062499997480468,1.0338036297547366,0.3848536801040678,0.3848536801040678
-1.0,0.9000000000000001,7083.6416015625,94.18209838867188,6.272851341675541,0.0,0.9,0.175,0.15384615384615385,0.0,0.5833333331123737,0.09530682756489207,0.014204545454545454,0.9999999996875,0.40624999987304683,0.5874999998164062,1.3468577193772315,0.5666882461871643,0.5566771850815091
-0.9,0.9000000000000001,6835.94482421875,90.98153686523438,5.475232110191403,0.0,0.9,0.165625,0.16964285714285715,0.0,0.65168539301435,0.08605912034483464,0.0158465387823186,0.9999999996875,0.34999999989062497,0.6249999998046875,1.2815981548006234,0.5322603539074467,0.5322603539074467
-0.8,0.9000000000000001,6606.93115234375,88.02237701416016,4.83971729135873,0.0,0.9,0.15625,0.18085106382978725,0.0,0.7148148145500686,0.08271086274333028,0.02009456264775414,0.9999999996875,0.2937499999082031,0.6187499998066406,1.2452749323393546,0.5189712299992846,0.5189712299992846
-0.7,0.9000000000000001,6398.06689453125,85.32997131347656,4.215514194101581,0.0,0.9,0.16875,0.22666666666666666,0.0,0.781954886924077,0.07805368290112384,0.025185185185185185,0.9999999996875,0.2343749999267578,0.628124999803711,1.187252504806653,0.49807059599521564,0.49807059599521564
-0.6,0.9000000000000001,6211.20556640625,82.93058776855469,3.659368203408705,0.0,0.9,0.1875,0.22448979591836735,0.0,0.8538461535177514,0.09253326039040324,0.11914893617021276,0.9999999996875,0.15312499995214843,0.6374999998007812,1.1347897348941947,0.4486242675108101,0.4486242675108101
-0.5,0.9000000000000001,6048.66650390625,80.8505859375,3.1883822757098934,0.0,0.9,0.228125,0.0,0.0,0.87449392677146,0.12300365081967084,0.0,0.9999999996875,0.09687499996972655,0.6468749997978516,1.061710607192989,0.3818225490412855,0.3818225490412855
-0.3999999999999999,0.9000000000000001,5912.22412109375,79.11541748046875,2.7890337386224013,0.0,0.9,0.209375,0.0,0.0,0.9683794462575576,0.09929205246088264,0.0,0.9999999996875,0.024999999992187497,0.743749999767578,1.0182837696338851,0.36626201920120854,0.36626201920120854
-0.29999999999999993,0.9000000000000001,5803.1220703125,77.7484359741211,2.479219005591401,0.0,0.9,0.20625,0.0,0.0,0.9921259838613677,0.08929918298603057,0.0,0.9999999996875,0.006249999998046874,0.7843749997548828,0.960202346028656,0.31050053376463055,0.31050053376463055
-0.19999999999999996,0.9000000000000001,5723.47216796875,76.76948547363281,2.2120667492004373,0.0,0.9,0.225,1.0,0.0,0.9999999995967742,0.11597633200718589,1.0,0.9999999996875,0.003124999999023437,0.8624999997304686,0.8790626117557919,0.21800281237601726,0.21776850032797418
-0.09999999999999998,0.9000000000000001,5674.0380859375,76.19369506835938,2.049389893551997,0.0,0.9,0.28125,0.0,0.0,0.9999999995652175,0.1975869617813352,0.0,0.9999999996875,0.0,0.8749999997265624,0.8081598265383215,0.09872045684654787,0.09647040174422761
0.0,0.9000000000000001,5657.08203125,76.03030395507812,2.003369434343622,0.0,0.9,0.29375,1.0,0.0,0.9999999995575222,0.24057781749314008,1.0,0.9999999996875,0.006249999998046874,0.8843749997236328,0.7907345993223259,0.13872026954607344,0.11234124237680727
0.10000000000000009,0.9000000000000001,5672.97314453125,76.28197479248047,2.0952679453459226,0.0,0.9,0.265625,1.0,0.0,0.9999999995744681,0.20692316031991695,1.0,0.9999999996875,0.006249999998046874,0.893749999720703,0.8490489271417483,0.22145393739785593,0.21863387767689293
0.20000000000000018,0.9000000000000001,5718.970703125,76.94456481933594,2.2234648736672993,0.0,0.9,0.275,0.5,0.0,0.9741379306145957,0.2113549636538142,0.6666666666666666,0.9999999996875,0.03749999998828125,0.8874999997226561,0.9062779006975279,0.2936769066226398,0.2936769066226398
0.30000000000000004,0.9000000000000001,5795.18994140625,78.0074691772461,2.3653609279582843,0.0,0.9,0.24375,0.3333333333333333,0.0,0.9421487599412609,0.19062140968431085,0.2583333333333333,0.9999999996875,0.06562499997949219,0.8593749997314453,0.9524280926969887,0.35127930092898096,0.35127930092898096
0.40000000000000013,0.9000000000000001,5901.5302734375,79.4544448852539,2.6029760793796872,0.0,0.9,0.24375,0.23529411764705882,0.0,0.8388429748599823,0.15948082858020746,0.22499999999999998,0.9999999996875,0.1593749999501953,0.8374999997382812,1.019890126054311,0.3855724832078138,0.3855724832078138
0.5,0.9000000000000001,6035.52783203125,81.26477813720703,2.799399653713545,0.0,0.9,0.25,0.265625,0.0,0.8041666663315973,0.1657702416630988,0.3333333333333333,0.9999999996875,0.19999999993749998,0.8281249997412109,1.053060187382366,0.3983299346825444,0.3955830748149898
0.6000000000000001,0.9000000000000001,6196.18017578125,83.41455841064453,3.0137425773594257,0.0,0.9,0.25,0.23880597014925373,0.0,0.787499999671875,0.1662497812511278,0.3333333333333333,0.9999999996875,0.2093749999345703,0.8124999997460937,1.07654670521742,0.4050426379560623,0.4050426379560623
0.7000000000000002,0.9000000000000001,6381.65966796875,85.87804412841797,3.086670098560177,0.0,0.9,0.271875,0.23170731707317074,0.0,0.7296137335924405,0.18122882698750406,0.2833333333333333,0.9999999996875,0.25624999991992187,0.8562499997324218,1.0653393724929674,0.3819328606593033,0.3819328606593033
0.8,0.9000000000000001,6589.25146484375,88.62886047363281,3.2786139309334583,0.0,0.9,0.2625,0.28421052631578947,0.0,0.7118644064780236,0.1729368776441031,0.3046875,0.9999999996875,0.29687499990722654,0.843749999736328,1.0678505722620781,0.40686218592956,0.40686218592956
0.9000000000000001,0.9000000000000001,6817.181640625,91.64088439941406,3.465484502147219,0.0,0.9,0.246875,0.3263157894736842,0.0,0.7344398337201494,0.15248692800949762,0.280319535221496,0.9999999996875,0.29687499990722654,0.8593749997314453,1.078025897785311,0.4425860053933002,0.4425860053933002
1.0,0.9000000000000001,7063.32275390625,94.88905334472656,3.6786314228568147,0.0,0.9,0.26875,0.3564356435643564,0.0,0.7222222219135803,0.18460408620346508,0.2394708758345122,0.9999999996875,0.31562499990136716,0.8156249997451172,1.0686440291943122,0.43205159061377896,0.43205159061377896
-1.0,1.0,7321.25048828125,97.28312683105469,6.3852595959581375,0.0,0.9,0.16875,0.192,0.0,0.6203007516465034,0.08801292715048173,0.03484848484848485,0.9999999996875,0.39062499987792965,0.6062499998105468,1.3458165826541089,0.5781964309586993,0.5706268219024242
-0.9,1.0,7082.90966796875,94.19160461425781,5.67434995746637,0.0,0.9,0.159375,0.175,0.0,0.6319702599881151,0.08217555930970565,0.025282485875706213,0.9999999996875,0.37499999988281246,0.5968749998134765,1.3139940376806956,0.5669569821773144,0.5669569821773144
-0.8,1.0,6863.17333984375,91.3402099609375,5.065459340829484,0.0,0.9,0.153125,0.18867924528301888,0.0,0.6826568263163627,0.07590018766127139,0.01886792452830189,0.9999999996875,0.33124999989648435,0.5968749998134765,1.2798849760465838,0.5549919354057569,0.5549919354057569
-0.7,1.0,6662.83935546875,88.75231170654297,4.473025709337093,0.0,0.9,0.1625,0.17073170731707318,0.0,0.7462686564379594,0.07888662967161067,0.01707317073170732,0.9999999996875,0.25624999991992187,0.5999999998125,1.2429222697097777,0.5410319467526747,0.5410319467526747
-0.6,1.0,6484.79248046875,86.4518051147461,3.9405658887484964,0.0,0.9,0.178125,0.13846153846153847,0.0,0.7870722430467405,0.08864577607517235,0.015384615384615385,0.9999999996875,0.20312499993652341,0.5812499998183593,1.1931257944431235,0.49726839625572294,0.49726839625572294
-0.5,1.0,6330.29443359375,84.46240997314453,3.4966392771436303,0.0,0.9,0.175,0.0,0.0,0.8295454542312327,0.08920880063737206,0.0,0.9999999996875,0.14062499995605468,0.6406249997998047,1.1425117975347021,0.46109530858476455,0.46109530858476455
-0.3999999999999999,1.0,6200.23876953125,82.80677795410156,3.147008356096698,0.0,0.9,0.175,0.0,0.0,0.8939393936007805,0.07780084313948855,0.0,0.9999999996875,0.08749999997265624,0.6593749997939453,1.100180307654624,0.4280143818667462,0.4280143818667462
-0.29999999999999993,1.0,6096.6279296875,81.50547790527344,2.788197604682215,0.0,0.9,0.16875,0.0,0.0,0.9436090222016507,0.08354605282973404,0.0,0.9999999996875,0.04687499998535156,0.7031249997802734,1.0384106448320212,0.3695929064571097,0.3695929064571097
-0.19999999999999996,1.0,6021.4833984375,80.57582092285156,2.506823012760268,0.0,0.9,0.190625,0.0,0.0,0.9922779918948733,0.11068299647971505,0.0,0.9999999996875,0.006249999998046874,0.793749999751953,0.9616355387624822,0.2794932290776702,0.2794932290776702
-0.09999999999999998,1.0,5974.72900390625,80.03089141845703,2.3708231451799726,0.0,0.9,0.19375,1.0,0.0,0.999999999612403,0.13021906686143178,1.0,0.9999999996875,0.003124999999023437,0.8281249997412109,0.9204665625028134,0.22778941600622368,0.2272078290786327
0.0,1.0,5958.35498046875,79.8786392211914,2.276695396665799,0.0,0.9,0.215625,1.0,0.0,0.9999999996015937,0.17511212636282605,1.0,0.9999999996875,0.003124999999023437,0.8156249997451172,0.883014392666288,0.22290677193956937,0.21982026790340026
0.10000000000000009,1.0,5972.79150390625,80.12129974365234,2.340774727735897,0.0,0.9,0.253125,0.4,0.0,0.9874476983316118,0.19243427967074522,0.3333333333333333,0.9999999996875,0.015624999995117187,0.8343749997392578,0.9180849917896212,0.26276575063651775,0.2553072492167771
0.20000000000000018,1.0,6016.08154296875,80.7552490234375,2.4623838409043004,0.0,0.9,0.2375,0.4,0.0,0.9508196717414674,0.18549171717841567,0.4,0.9999999996875,0.06249999998046875,0.8593749997314453,0.9800306298661151,0.34947226975789747,0.34947226975789747
0.30000000000000004,1.0,6088.451171875,81.77128601074219,2.6781314791064377,0.0,0.9,0.234375,0.3170731707317073,0.0,0.8857142853527697,0.16850312307970766,0.2260536398467433,0.9999999996875,0.12812499995996093,0.8156249997451172,1.0415365661311642,0.38731346173282294,0.38731346173282294
0.40000000000000013,1.0,6189.2734375,83.15526580810547,2.8606781387398064,0.0,0.9,0.228125,0.29508196721311475,0.0,0.8259109308397122,0.15516330187989175,0.25,0.9999999996875,0.19062499994042967,0.8156249997451172,1.0810057646975,0.4194304776898,0.4189554442949408
0.5,1.0,6316.55419921875,84.88899230957031,3.064751086928855,0.0,0.9,0.215625,0.25333333333333335,0.0,0.7768924299693656,0.1174187546184217,0.3125,0.9999999996875,0.2343749999267578,0.8281249997412109,1.107870277938957,0.45095013507449855,0.45095013507449855
0.6000000000000001,1.0,6469.421875,86.95133209228516,3.211647827765334,0.0,0.9,0.234375,0.25316455696202533,0.0,0.7591836731595168,0.12923147194044318,0.20892558528428096,0.9999999996875,0.24687499992285156,0.8249999997421874,1.1219206350591548,0.44139993555964874,0.44139993555964874
0.7000000000000002,1.0,6646.57958984375,89.31932830810547,3.366232089428898,0.0,0.9,0.234375,0.2777777777777778,0.0,0.7346938772511453,0.13389439782738902,0.2857142857142857,0.9999999996875,0.28124999991210936,0.8406249997373046,1.121507333230498,0.4474398954997382,0.4474398954997382
0.8,1.0,6845.4541015625,91.96916198730469,3.5420894391222,0.0,0.9,0.23125,0.23711340206185566,0.0,0.6991869915856964,0.15188363272521288,0.191025641025641,0.9999999996875,0.3031249999052734,0.8593749997314453,1.1333198349516695,0.46223890951030433,0.46223890951030433
0.9000000000000001,1.0,7063.97314453125,94.87700653076172,3.78921663335263,0.0,0.9,0.234375,0.3142857142857143,0.0,0.7061224486913786,0.16398382053591506,0.29,0.9999999996875,0.3281249998974609,0.8312499997402343,1.1270530218768446,0.47805372077436525,0.47805372077436525
1.0,1.0,7301.18408203125,98.01972961425781,3.8863406357741637,0.0,0.9,0.265625,0.3761467889908257,0.0,0.7106382975699411,0.1795254018683241,0.31641414141414137,0.9999999996875,0.34062499989355466,0.8687499997285155,1.089216516390286,0.44763496018632176,0.44763496018632176
