-1.0,-1.0,21142.546875,392.4781188964844,inf,0.0,0.9,0.21540178571428573,0.08300704776820673,0.0,0.44476055000261927,0.046875822479894844,0.031023386265526226,0.9999999999627976,0.4750744047442309,0.5907738095018313,1.3317168576888299,0.5232015882990884,0.5232015882990884
-0.9,-1.0,20483.91015625,384.40069580078125,inf,0.0,0.9,0.23214285714285715,0.15515695067264573,0.0,0.5436046511364533,0.05600219856137398,0.03967079265457927,0.9999999999627976,0.41480654760361585,0.6149553571199794,1.2435418348006628,0.5297328502458001,0.5297328502458001
-0.8,-1.0,19877.171875,376.94598388671875,inf,0.0,0.9,0.2507440476190476,0.26555555555555554,0.0,0.6717974180401292,0.07954615159772623,0.03814150297376763,0.9999999999627976,0.33482142855897246,0.6220238095006688,1.1590839702079572,0.4684150148906612,0.4684150148906612
-0.7,-1.0,19327.787109375,370.17474365234375,inf,0.0,0.9,0.30431547619047616,0.41147741147741146,0.0,0.7422459892651205,0.11049041743968761,0.040222136620441704,0.9999999999627976,0.3046874999886649,0.656249999975586,1.0463649979037883,0.39089122341874294,0.39089122341874294
-0.6,-1.0,18840.341796875,364.14898681640625,4.7068057515838175,0.0,0.9,0.29129464285714285,0.5366528354080221,0.0,0.8241469815840342,0.09695970258178013,0.09151052260992021,0.9999999999627976,0.26897321427570786,0.667410714260885,0.9923112059867522,0.34537612900815773,0.34537612900815773
-0.5,-1.0,18419.38671875,358.9303894042969,4.187145194801739,0.0,0.9,0.3333333333333333,0.585247883917775,0.0,0.8085937499548775,0.12921205661622093,0.14007848406948664,0.9999999999627976,0.3076636904647447,0.6982886904502125,0.9233821879224935,0.2823501200107127,0.2823501200107127
-0.3999999999999999,-1.0,18068.048828125,354.5782775878906,3.854447366983139,0.0,0.9,0.30580357142857145,0.5175438596491229,0.0,0.8231511253578161,0.11147951073143908,0.0997135217723453,0.9999999999627976,0.25446428570481905,0.6774553571176543,0.9570348530698246,0.2852684888310608,0.2852684888310608
-0.29999999999999993,-1.0,17789.9140625,351.1461181640625,3.6824868035058356,0.0,0.9,0.33035714285714285,0.5283630470016207,0.0,0.8383333332867592,0.12034058284390449,0.13899294502409273,0.9999999999627976,0.2295386904676511,0.716145833306691,0.9261290929785765,0.25285894833862416,0.25285894833862416
-0.19999999999999996,-1.0,17588.712890625,348.6795654296875,3.317289985978193,0.0,0.9,0.3508184523809524,0.5281306715063521,0.0,0.8510028652807448,0.12132227366812288,0.15202952029520295,0.9999999999627976,0.2049851190399931,0.7194940475922807,0.8960172962536307,0.2323119549351717,0.23208600379144298
-0.09999999999999998,-1.0,17469.58203125,347.2132568359375,3.2238836552290984,0.0,0.9,0.3705357142857143,0.5714285714285714,0.0,0.9397163120011988,0.14251199996046107,0.20593869731800765,0.9999999999627976,0.08854166666337271,0.7909226190181949,0.852236701494075,0.18524731038677356,0.18393421092383044
0.0,-1.0,17433.212890625,346.76861572265625,3.2723499515367513,0.0,0.9,0.35825892857142855,0.4954128440366973,0.0,0.9681159419728628,0.13378915487104276,0.11585672392124005,0.9999999999627976,0.04055059523658666,0.7808779761614257,0.8340446526174445,0.1796775794606554,0.1796775794606554
0.10000000000000009,-1.0,17478.84375,347.3522033691406,3.2457642477956714,0.0,0.9,0.3244047619047619,0.06593406593406594,0.0,0.9531938325466303,0.10716704209812489,0.05357142857142857,0.9999999999627976,0.033854166665407213,0.7492559523530783,0.8647651549975762,0.20245449034974125,0.20245449034974125
0.20000000000000018,-1.0,17607.208984375,348.955322265625,3.4773811927379916,0.0,0.9,0.29799107142857145,0.052941176470588235,0.0,0.9146793852191478,0.10936085881762417,0.17579113924050632,0.9999999999627976,0.06324404761669479,0.7507440475911182,0.8961212527812484,0.22298482266334804,0.21667838975320605
0.30000000000000004,-1.0,17816.5625,351.5550842285156,3.870882723311209,0.0,0.9,0.2708333333333333,0.1092436974789916,0.0,0.8918367346483757,0.09633568260670175,0.11961693948989775,0.9999999999627976,0.08854166666337271,0.7273065475919901,0.9558072201366123,0.26973218878620286,0.26973218878620286
0.40000000000000013,-1.0,18104.01171875,355.1150817871094,4.4435693884817296,0.0,0.9,0.22953869047619047,0.07006369426751592,0.0,0.8590053114022692,0.0722946801761284,0.08996925060754847,0.9999999999627976,0.11681547618613038,0.7317708333061097,1.051195879741674,0.36044080748354346,0.36044080748354346
0.5,-1.0,18464.302734375,359.5887145996094,5.425999781768496,0.0,0.9,0.2027529761904762,0.12190082644628099,0.0,0.801679887970057,0.060666113606029776,0.07694786416590929,0.9999999999627976,0.18005952380282517,0.6633184523562754,1.1396267008162428,0.42157035985461333,0.42157035985461333
0.6000000000000001,-1.0,18892.138671875,364.92108154296875,6.578113778664607,0.0,0.9,0.19308035714285715,0.14662273476112025,0.0,0.7611802673692403,0.05708277515526583,0.06952033706044401,0.9999999999627976,0.2258184523725514,0.5811011904545722,1.189310708809034,0.4538829444282773,0.4538829444282773
0.7000000000000002,-1.0,19385.025390625,371.052734375,8.093509762658028,0.0,0.9,0.16555059523809523,0.0891238670694864,0.0,0.7311636201189852,0.046472633746515904,0.07221766328909186,0.9999999999627976,0.24627976189559972,0.5182291666473874,1.258071542556488,0.5027973656376885,0.5027973656376885
0.8,-1.0,19937.15234375,377.9217529296875,9.636543869734608,0.0,0.9,0.1566220238095238,0.033946251768033946,0.0,0.6987207763255968,0.04623421334494626,0.0553626899154395,0.9999999999627976,0.26302083332354836,0.5178571428378773,1.2825519973060795,0.5114681799450096,0.5114681799450096
0.9000000000000001,-1.0,20543.93359375,385.46600341796875,inf,0.0,0.9,0.10305059523809523,0.021937842778793418,0.0,0.7781003732568188,0.033743612987680194,0.05003848923542996,0.9999999999627976,0.20349702380195325,0.497767857124339,1.317274757608898,0.5399232082380256,0.5396723258834422
1.0,-1.0,21200.458984375,393.625,inf,0.0,0.9,0.11383928571428571,0.2055084745762712,0.0,0.8425692694860383,0.033012740265894444,0.02376656537520047,0.9999999999627976,0.17559523808870556,0.48288690474394025,1.3602963152831475,0.5877540028416963,0.5877540028416963
-1.0,-0.9,20489.212890625,384.421875,inf,0.0,0.9,0.2261904761904762,0.11019736842105263,0.0,0.47980769228462467,0.0512572504185355,0.0462212821244098,0.9999999999627976,0.45238095236412273,0.6015624999776205,1.290643007527332,0.5213070324278621,0.5213070324278621
-0.9,-0.9,19806.755859375,376.0594177246094,inf,0.0,0.9,0.2425595238095238,0.1737891737891738,0.0,0.5726915520347401,0.061296768198279894,0.05219752570296048,0.9999999999627976,0.3917410714139978,0.6179315475960592,1.2154237346321148,0.5042665968365708,0.5042665968365708
-0.8,-0.9,19176.716796875,368.32281494140625,inf,0.0,0.9,0.2767857142857143,0.2805486284289277,0.0,0.7031893003753503,0.08747019583109114,0.04434543633801413,0.9999999999627976,0.29836309522699545,0.6413690475951872,1.0883635721732845,0.41263105121960897,0.41263105121960897
-0.7,-0.9,18604.546875,361.27777099609375,4.970093346297126,0.0,0.9,0.3002232142857143,0.4021164021164021,0.0,0.7597022859776873,0.10802635067837742,0.037435383244206775,0.9999999999627976,0.28124999998953687,0.6588541666421558,1.014370907735011,0.35555066088575726,0.35555066088575726
-0.6,-0.9,18095.140625,354.9925842285156,4.0784384028649265,0.0,0.9,0.32626488095238093,0.5562310030395137,0.0,0.8387631142551759,0.130090129359141,0.0488,0.9999999999627976,0.24479166665755986,0.6938244047360929,0.9353836805802118,0.29476041597579383,0.29476041597579383
-0.5,-0.9,17654.5,349.53570556640625,3.5972994934444382,0.0,0.9,0.33816964285714285,0.5685714285714286,0.0,0.8302417087785137,0.13948276479588956,0.1226741095162148,0.9999999999627976,0.26041666665697855,0.716517857116201,0.8894625214016704,0.2548802329709278,0.2548802329709278
-0.3999999999999999,-0.9,17285.716796875,344.9736633300781,3.267346856875507,0.0,0.9,0.3396577380952381,0.5485636114911081,0.0,0.8140845069963896,0.14445333602253224,0.11656509695290859,0.9999999999627976,0.27194940475178764,0.7228422618778705,0.8939020445461234,0.23850295332841634,0.23850295332841634
-0.29999999999999993,-0.9,16992.8359375,341.3673400878906,2.988437997423798,0.0,0.9,0.35342261904761907,0.5863095238095238,0.0,0.8400460298711135,0.1379789701953063,0.06727473742399116,0.9999999999627976,0.2499999999906994,0.740699404734349,0.8686630272958256,0.21727698975368082,0.21727698975368082
-0.19999999999999996,-0.9,16780.8203125,338.76904296875,2.8937408117241925,0.0,0.9,0.4341517857142857,0.5287958115183246,0.0,0.8224852070465164,0.19329807495616907,0.08813263525305409,0.9999999999627976,0.21316964284921244,0.8080357142556535,0.8130110220852602,0.1326231057194222,0.12212733170892308
-0.09999999999999998,-0.9,16654.751953125,337.2186584472656,2.734038545138842,0.0,0.9,0.43601190476190477,0.5062344139650873,0.0,0.8693931397843407,0.18443919362807543,0.13813131313131313,0.9999999999627976,0.14918154761349772,0.7965029761608444,0.7845422919897329,0.127619593258132,0.11564359405901713
0.0,-0.9,16616.30859375,336.7410888671875,2.7750491263529233,0.0,0.9,0.4166666666666667,0.6893939393939394,0.0,0.9738520407542186,0.1699713243396901,0.18993597438975593,0.9999999999627976,0.049107142855315956,0.7447916666389587,0.7958958896279317,0.12603833695671324,0.12391077614522968
0.10000000000000009,-0.9,16664.103515625,337.34429931640625,2.7093426009792334,0.0,0.9,0.43117559523809523,0.6774193548387096,0.0,0.993459777567465,0.1893937850828321,0.24481792717086837,0.9999999999627976,0.01153273809480905,0.7875744047326052,0.7513868453954684,0.09831816605014417,0.09257173702921052
0.20000000000000018,-0.9,16798.05859375,339.0184631347656,2.8498522883635777,0.0,0.9,0.3835565476190476,0.4642857142857143,0.0,0.9818949908882381,0.1674047389812289,0.1701058201058201,0.9999999999627976,0.020833333332558285,0.7801339285424058,0.7913133510691303,0.15149125860817111,0.13004948195335447
0.30000000000000004,-0.9,17017.208984375,341.7369079589844,3.00789081334159,0.0,0.9,0.36086309523809523,0.15671641791044777,0.0,0.9342258439502779,0.15841140767837383,0.14429347826086958,0.9999999999627976,0.049851190474335894,0.7912946428277049,0.836446036477913,0.1666725054778001,0.15760085422711434
0.40000000000000013,-0.9,17318.212890625,345.45806884765625,3.5169915501552924,0.0,0.9,0.27380952380952384,0.08571428571428572,0.0,0.8688524589718826,0.10637090769524896,0.1890625,0.9999999999627976,0.10416666666279142,0.7671130952095568,0.9612198246017258,0.298950441522031,0.298950441522031
0.5,-0.9,17694.73828125,350.1285705566406,4.181445531880144,0.0,0.9,0.23511904761904762,0.24888888888888888,0.0,0.8356031127998248,0.0818831513364892,0.07895416787404617,0.9999999999627976,0.16741071427948623,0.7142857142591412,1.0567967140578995,0.37159802067240344,0.37159802067240344
0.6000000000000001,-0.9,18142.224609375,355.68670654296875,5.3364289077221745,0.0,0.9,0.20200892857142858,0.2791946308724832,0.0,0.749650349615401,0.06232771837393242,0.19586894586894588,0.9999999999627976,0.27715773808492716,0.643973214261757,1.1441209908067267,0.4479556116801709,0.4479556116801709
0.7000000000000002,-0.9,18655.84375,362.06549072265625,6.515098170254173,0.0,0.9,0.19010416666666666,0.2552083333333333,0.0,0.7372531005632865,0.05385667128445618,0.09006663922515139,0.9999999999627976,0.2857142857036565,0.5431547618845552,1.1832139134217106,0.47014617742120246,0.47014617742120246
0.8,-0.9,19229.1796875,369.1962890625,8.06024735666052,0.0,0.9,0.17075892857142858,0.1264,0.0,0.7550471062918328,0.045626610742908705,0.0565419997145304,0.9999999999627976,0.23251488094373085,0.4765624999822708,1.2223422731534848,0.48793999766868146,0.48793999766868146
0.9000000000000001,-0.9,19858.28515625,377.01116943359375,inf,0.0,0.9,0.15252976190476192,0.07627118644067797,0.0,0.8564530289351865,0.04557037185667581,0.05320054314565484,0.9999999999627976,0.13169642856652916,0.5037202380764986,1.2095745497717783,0.44322035216400024,0.44322035216400024
1.0,-0.9,20538.474609375,385.4442443847656,inf,0.0,0.9,0.13616071428571427,0.24581005586592178,0.0,0.8837209301944996,0.04105148313045054,0.062237762237762236,0.9999999999627976,0.13318452380456902,0.5078124999811082,1.2561062241010559,0.5109261422149535,0.5103977665064356
-1.0,-0.8,19885.703125,376.98956298828125,inf,0.0,0.9,0.23772321428571427,0.1031434184675835,0.0,0.5544167886503457,0.05733135893515233,0.05178537511870845,0.9999999999627976,0.3787202380811488,0.5941220237874211,1.236150682068979,0.4749412792540776,0.4749412792540776
-0.9,-0.8,19180.91015625,368.3453674316406,inf,0.0,0.9,0.25595238095238093,0.17780294450736125,0.0,0.6369999999681499,0.07224520277167165,0.049194321144226026,0.9999999999627976,0.32849702379730294,0.6257440475957685,1.1559917250321077,0.45458116127505355,0.45458116127505355
-0.8,-0.8,18527.15234375,360.3280029296875,inf,0.0,0.9,0.28087797619047616,0.31486880466472306,0.0,0.756854630069485,0.09054536366599467,0.05426380384402773,0.9999999999627976,0.25520833332383897,0.6584821428326458,1.0336202895805542,0.3623252598947707,0.3623252598947707
-0.7,-0.8,17931.755859375,353.00830078125,4.132364779805913,0.0,0.9,0.33407738095238093,0.47049924357034795,0.0,0.8044692736980743,0.12371993144675747,0.06845415425355843,0.9999999999627976,0.24590773808608976,0.6852678571173636,0.9376464646064614,0.2921111820114768,0.2921111820114768
-0.6,-0.8,17401.193359375,346.4608154296875,3.4815845293074426,0.0,0.9,0.32589285714285715,0.5415384615384615,0.0,0.8355408388059856,0.13145486299030332,0.06538461538461539,0.9999999999627976,0.24181547618148008,0.7005208333072723,0.9261949114211367,0.28116726373920015,0.28116726373920015
-0.5,-0.8,16940.126953125,340.761474609375,2.988691708851155,0.0,0.9,0.3712797619047619,0.60625,0.0,0.8508875739141486,0.17086895312724437,0.06475834292289989,0.9999999999627976,0.2380952380863804,0.7585565475908276,0.844019632365086,0.21415795921394642,0.21415795921394642
-0.3999999999999999,-0.8,16553.396484375,335.9842529296875,2.7324644659469315,0.0,0.9,0.39099702380952384,0.5982658959537572,0.0,0.8301771532785475,0.18266192778666274,0.05320699708454811,0.9999999999627976,0.2574404761808988,0.7782738094948559,0.8340516161864249,0.18521374871081997,0.18521374871081997
-0.29999999999999993,-0.8,16245.7685546875,332.19830322265625,2.6473529275804455,0.0,0.9,0.42857142857142855,0.5885885885885885,0.0,0.8216145832798427,0.21011050504065687,0.06901829036546717,0.9999999999627976,0.2477678571336396,0.8307291666357616,0.8003524529990106,0.1463008804129437,0.1463008804129437
-0.19999999999999996,-0.8,16022.3857421875,329.4632263183594,2.521445977928689,0.0,0.9,0.5238095238095238,0.5942492012779552,0.0,0.8015624999373778,0.2770467245218752,0.16591142129461184,0.9999999999627976,0.23288690475324084,0.8675595237772485,0.723831022377689,0.16512148273130228,0.05498108291734137
-0.09999999999999998,-0.8,15889.8427734375,327.8251953125,2.4265809938011746,0.0,0.9,0.5238095238095238,0.5732838589981447,0.0,0.820312499935913,0.27114034916501345,0.13263535551206784,0.9999999999627976,0.2005208333258735,0.8355654761593913,0.7166074981245754,0.13943564202954672,0.06252508969235682
0.0,-0.8,15848.8203125,327.3128967285156,2.5201434574977286,0.0,0.9,0.48325892857142855,0.5241157556270096,0.0,0.8934485240537473,0.23866946606324344,0.1592358808527301,0.9999999999627976,0.11569940475760047,0.7961309523513345,0.7487304597215371,0.11876585538631244,0.09374018555115907
0.10000000000000009,-0.8,15898.97265625,327.93597412109375,2.4482156065142946,0.0,0.9,0.4836309523809524,0.7727272727272727,0.0,0.9891930835022195,0.25866722350445603,0.34598214285714285,0.9999999999627976,0.024553571427657978,0.7831101190184855,0.7312810172246853,0.11603367793853533,0.0808595152512403
0.20000000000000018,-0.8,16039.0595703125,329.6829833984375,2.4006284957448836,0.0,0.9,0.48400297619047616,0.8676470588235294,0.0,0.9935111751266393,0.2735491070834813,0.34005376344086025,0.9999999999627976,0.02529761904667792,0.8251488094931121,0.6885976610512191,0.08974171451670694,0.05552728550830013
0.30000000000000004,-0.8,16268.2412109375,332.5234680175781,2.6301125338920572,0.0,0.9,0.41257440476190477,0.7868852459016393,0.0,0.9917669410391534,0.21720377746400002,0.175,0.9999999999627976,0.022693452380108132,0.7872023809230952,0.7567784750341996,0.11361569467823182,0.10610323147652591
0.40000000000000013,-0.8,16582.21484375,336.4098205566406,3.094866631723125,0.0,0.9,0.32142857142857145,0.26666666666666666,0.0,0.9396929824046221,0.15143487774927483,0.08116645781119465,0.9999999999627976,0.055803571426495405,0.7611607142573973,0.9045381789064179,0.23331679816821152,0.23331679816821152
0.5,-0.8,16975.255859375,341.2813720703125,3.563172797393214,0.0,0.9,0.2630208333333333,0.24615384615384617,0.0,0.8268551236331724,0.1059222754710629,0.1227509778357236,0.9999999999627976,0.16927083332703607,0.7637648809239671,0.9980458603426774,0.3426279993521008,0.3426279993521008
0.6000000000000001,-0.8,17442.099609375,347.06842041015625,4.390503765052212,0.0,0.9,0.22507440476190477,0.30927835051546393,0.0,0.7426788285769238,0.08303267660605362,0.10025738230212455,0.9999999999627976,0.28869047617973626,0.7135416666401213,1.098356131165067,0.42801057169088474,0.42801057169088474
0.7000000000000002,-0.8,17976.2578125,353.6962585449219,5.242953418555407,0.0,0.9,0.22135416666666666,0.2877939529675252,0.0,0.6961299569662623,0.07245942564260993,0.07950446194225722,0.9999999999627976,0.33221726189240264,0.6272321428338083,1.1320228877565308,0.4258796922189729,0.4258796922189729
0.8,-0.8,18571.86328125,361.08929443359375,6.158287822729218,0.0,0.9,0.21019345238095238,0.2727272727272727,0.0,0.7512953367521764,0.0649840086717045,0.09729921572026835,0.9999999999627976,0.2700892857042378,0.522321428551997,1.1446092331955227,0.4114552431308348,0.4114552431308348
0.9000000000000001,-0.8,19224.169921875,369.17303466796875,8.168006718579301,0.0,0.9,0.18861607142857142,0.2125,0.0,0.8844566712111667,0.056993358513895115,0.09921914469969388,0.9999999999627976,0.1190476190431902,0.49627976188629913,1.1459144269628996,0.4175917682107826,0.4175917682107826
1.0,-0.8,19928.212890625,377.87689208984375,10.91232827404021,0.0,0.9,0.19010416666666666,0.22748815165876776,0.0,0.8502526412103697,0.0652156006354131,0.06876228080069335,0.9999999999627976,0.15699404761320707,0.5148809523617977,1.185717740984916,0.4374404265632804,0.4374404265632804
-1.0,-0.7,19336.38671875,370.2420349121094,inf,0.0,0.9,0.24404761904761904,0.10915104740904079,0.0,0.6023622046947656,0.061437837406891474,0.05463217491712295,0.9999999999627976,0.3374255952255422,0.6357886904525376,1.1888801201368233,0.4580531792267717,0.4580531792267717
-0.9,-0.7,18610.701171875,361.3244323730469,6.964853962709384,0.0,0.9,0.2697172619047619,0.18106995884773663,0.0,0.6958736627256304,0.08298484746648775,0.059678874734607215,0.9999999999627976,0.27120535713276767,0.6536458333090162,1.087282884870302,0.39897932002266434,0.39897932002266434
-0.8,-0.7,17934.994140625,353.03253173828125,4.886209896352035,0.0,0.9,0.29873511904761907,0.28620689655172415,0.0,0.7803713527437468,0.09914708729765162,0.0804528932115139,0.9999999999627976,0.21577380951578223,0.679315476165204,1.0062757112129612,0.3352418766654392,0.3352418766654392
-0.7,-0.7,17316.333984375,345.4423828125,3.7737975825420706,0.0,0.9,0.3072916666666667,0.4290322580645161,0.0,0.8098818474323372,0.1174553589684569,0.04208860759493671,0.9999999999627976,0.230654761896181,0.6901041666409932,0.9582190049134257,0.306600438012285,0.306600438012285
-0.6,-0.7,16764.068359375,338.634765625,2.9968306549562618,0.0,0.9,0.33816964285714285,0.5900383141762452,0.0,0.8797077009061435,0.14879344220525348,0.052652773583006136,0.9999999999627976,0.19419642856420402,0.7399553571153291,0.8844740801253241,0.25727338676041334,0.25512638486734673
-0.5,-0.7,16283.162109375,332.692626953125,2.6374775193632316,0.0,0.9,0.39248511904761907,0.6252319109461967,0.0,0.8763012859230679,0.19637884981041798,0.11083175205566098,0.9999999999627976,0.2005208333258735,0.8072916666366335,0.8138004515373238,0.18763756053321262,0.18586290841267117
-0.3999999999999999,-0.7,15878.458984375,327.6988220214844,2.3861313490594225,0.0,0.9,0.47172619047619047,0.6317365269461078,0.0,0.826760563322059,0.25014150466766444,0.4759036144578313,0.9999999999627976,0.24851190475265955,0.9014136904426557,0.7227564911604405,0.13776610491898436,0.11839962294247822
-0.29999999999999993,-0.7,15556.2158203125,323.7305908203125,2.3251504927860056,0.0,0.9,0.5364583333333334,0.6371814092953523,0.0,0.8057784911070803,0.3014039496710471,0.18918503856392052,0.9999999999627976,0.24813988094314957,0.9122023809184449,0.674864474228349,0.1420140903983891,0.07150733085045875
-0.19999999999999996,-0.7,15322.283203125,320.85601806640625,2.239326392246192,0.0,0.9,0.6346726190476191,0.6326241134751773,0.0,0.7362525457498724,0.42672029231173714,0.38845955692941786,0.9999999999627976,0.2622767857045284,0.9412202380602225,0.6172535870067475,0.21395162059926492,-0.010288457776594123
-0.09999999999999998,-0.7,15182.375,319.1278076171875,2.2501469172535624,0.0,0.9,0.6082589285714286,0.6003062787136294,0.0,0.752136752065324,0.386875624136788,0.1687249931732105,0.9999999999627976,0.24293154761001,0.8902529761573567,0.6448324783333181,0.1846985354071349,0.024336030143607176
0.0,-0.7,15138.6767578125,318.5793762207031,2.28978633335428,0.0,0.9,0.5918898809523809,0.591002044989775,0.0,0.8176845942736841,0.3644994970497905,0.2184274233802536,0.9999999999627976,0.181919642850375,0.9010416666331458,0.6259116529285418,0.13067938180334654,0.03180662043914473
0.10000000000000009,-0.7,15190.7333984375,319.2218322753906,2.185294429934712,0.0,0.9,0.5729166666666666,0.5634517766497462,0.0,0.9250871079333547,0.3489611858219628,0.2332652752571083,0.9999999999627976,0.07328869047346397,0.8943452380619664,0.6411947339445767,0.13007332708624963,0.05157340554238228
0.20000000000000018,-0.7,15337.3623046875,321.04229736328125,2.421242867109078,0.0,0.9,0.4869791666666667,0.7669902912621359,0.0,0.9825960840476724,0.27092059019288295,0.2976190476190476,0.9999999999627976,0.03831845237952684,0.812872023779283,0.7190649733322966,0.11264245022318416,0.09836570960628037
0.30000000000000004,-0.7,15576.3671875,324.00604248046875,2.314082199785843,0.0,0.9,0.4642857142857143,0.8444444444444444,0.0,0.9902777777090084,0.27985278453899454,0.313274709988325,0.9999999999627976,0.03348214285589724,0.825892857112132,0.7019597238756137,0.09014347058620341,0.08615409397198832
0.40000000000000013,-0.7,15903.55078125,328.0586853027344,2.635750429371914,0.0,0.9,0.4036458333333333,0.8082191780821918,0.0,0.9912663754840133,0.2123456520426653,0.3262820512820513,0.9999999999627976,0.027157738094227765,0.7912946428277049,0.7866243318498334,0.13696757543061996,0.13696757543061996
0.5,-0.7,16313.1220703125,333.131591796875,2.9689951439966085,0.0,0.9,0.3288690476190476,0.3727810650887574,0.0,0.9412416850919488,0.16137940415139806,0.20484600389863544,0.9999999999627976,0.06287202380718482,0.777529761875836,0.8873329314402945,0.24127602979726165,0.24127602979726165
0.6000000000000001,-0.7,16798.580078125,339.1465759277344,3.6032478610032417,0.0,0.9,0.25632440476190477,0.32276119402985076,0.0,0.8184092045613602,0.09806371640280104,0.07858819410543548,0.9999999999627976,0.19940476189734357,0.7113095237830614,1.0251684726885242,0.3387658389502553,0.3387658389502553
0.7000000000000002,-0.7,17353.578125,346.0208740234375,4.332109054968367,0.0,0.9,0.26450892857142855,0.34856396866840733,0.0,0.747597369714335,0.09039926310103655,0.12759099470127933,0.9999999999627976,0.28497023808463656,0.6867559523554034,1.0726854366681708,0.37458550507059063,0.37458550507059063
0.8,-0.7,17971.19140625,353.6712646484375,4.824975779943571,0.0,0.9,0.22991071428571427,0.2679738562091503,0.0,0.7835748791891993,0.07468360113171785,0.11066267066267065,0.9999999999627976,0.22767857142010126,0.5770089285499626,1.0954977315680767,0.35828815055860774,0.35828815055860774
0.9000000000000001,-0.7,18646.958984375,362.017333984375,6.798788497268481,0.0,0.9,0.21502976190476192,0.3393939393939394,0.0,0.845023696642416,0.06890823302948164,0.1004773004773005,0.9999999999627976,0.18415178570743485,0.5040922618860085,1.11906292547236,0.39342160553381617,0.39342160553381617
1.0,-0.7,19373.38671875,370.9833679199219,8.65634684545236,0.0,0.9,0.22284226190476192,0.1569767441860465,0.0,0.8611775968951089,0.07331017024338465,0.08089393939393939,0.9999999999627976,0.12797619047142947,0.521205357123467,1.1240114175897717,0.37837305116968073,0.37761727380683136
-1.0,-0.6,18847.728515625,364.2411804199219,inf,0.0,0.9,0.23288690476190477,0.08351648351648351,0.0,0.5955383122892561,0.05841754401209381,0.047571939878609054,0.9999999999627976,0.33854166665407215,0.6179315475960592,1.2043723868684824,0.45628250682178245,0.45628250682178245
-0.9,-0.6,18100.958984375,355.064697265625,inf,0.0,0.9,0.2622767857142857,0.1403225806451613,0.0,0.7312153302707405,0.08028599890061508,0.05214635294692309,0.9999999999627976,0.230654761896181,0.6376488095000875,1.091586925584527,0.38531813376835,0.38531813376835
-0.8,-0.6,17405.1796875,346.51092529296875,4.589937352423672,0.0,0.9,0.28757440476190477,0.2644320297951583,0.0,0.7937336814206927,0.1009474535003118,0.08296521311227192,0.9999999999627976,0.19977678570685356,0.6915922618790331,0.992395734438474,0.32039757694013926,0.32039757694013926
-0.7,-0.6,16765.697265625,338.66070556640625,3.508841216724744,0.0,0.9,0.30282738095238093,0.3785425101214575,0.0,0.8361792955797129,0.11469227595629983,0.05869738120109223,0.9999999999627976,0.18377976189792486,0.7146577380686512,0.9459342716763611,0.29953335782442725,0.29953335782442725
-0.6,-0.6,16191.865234375,331.6008605957031,2.6714181949951876,0.0,0.9,0.3478422619047619,0.6657894736842105,0.0,0.9275527666327693,0.16216697035437105,0.08287037037037037,0.9999999999627976,0.14136904761378835,0.7924107142562348,0.8408190593704283,0.2308243443480238,0.2308243443480238
-0.5,-0.6,15690.5751953125,325.421875,2.3798111393442314,0.0,0.9,0.4211309523809524,0.670061099796334,0.0,0.8958868894025779,0.22626480605747087,0.12132957132957133,0.9999999999627976,0.18266369046939496,0.8485863094922401,0.7654716450101098,0.1705149787167099,0.16964026111089933
-0.3999999999999999,-0.6,15268.369140625,320.2147521972656,2.234454654868454,0.0,0.9,0.5267857142857143,0.709741550695825,0.0,0.8852201257165707,0.2922125454993849,0.1752021563342318,0.9999999999627976,0.1871279761835146,0.8980654761570661,0.6587017781547522,0.11055941236133959,0.08014563837456612
-0.29999999999999993,-0.6,14932.3095703125,316.0660400390625,2.1725983113830782,0.0,0.9,0.5989583333333334,0.6481481481481481,0.0,0.7884972169955011,0.4049183969368507,0.10015040797431476,0.9999999999627976,0.24107142856246017,0.9114583332994249,0.6215677636764962,0.17941545808455178,0.04994511262286067
-0.19999999999999996,-0.6,14687.5693359375,313.0521240234375,2.104772312965816,0.0,0.9,0.671875,0.6627737226277373,0.0,0.7380952380115539,0.5075667012919004,0.3479064978645516,0.9999999999627976,0.254836309514329,0.9278273809178637,0.5546599371755953,0.18354267919711004,-0.00015089666159844028
-0.09999999999999998,-0.6,14540.455078125,311.23321533203125,2.0373533518284392,0.0,0.9,0.7165178571428571,0.6634214186369958,0.0,0.682414698073174,0.554386555768557,0.2910677330887621,0.9999999999627976,0.267485119037668,0.9501488094884618,0.4967038145030399,0.20488425501112106,-0.015168511066973284
0.0,-0.6,14494.0341796875,310.64776611328125,2.093388050067819,0.0,0.9,0.6759672619047619,0.6140602582496413,0.0,0.6911595866026223,0.48979530477685307,0.11441272332361442,0.9999999999627976,0.25930059522844867,0.9181547618706044,0.5484586762576208,0.18321099053984033,0.02258421618924225
0.10000000000000009,-0.6,14548.5595703125,311.3085021972656,2.177018657110374,0.0,0.9,0.6127232142857143,0.5796178343949044,0.0,0.8097982708155813,0.4054844986288111,0.28562405209421454,0.9999999999627976,0.17522321427919557,0.8880208333002969,0.5980299154313008,0.123438637150283,0.06256708688613763
0.20000000000000018,-0.6,14701.5283203125,313.201171875,2.2384918988381592,0.0,0.9,0.5952380952380952,0.8192771084337349,0.0,0.9724264704988578,0.376921537952044,0.3312494125845765,0.9999999999627976,0.061755952378654916,0.8816964285386274,0.5966926567084301,0.08975738139525706,0.052439236044917244
0.30000000000000004,-0.6,14950.5146484375,316.2860412597656,2.2490609376582387,0.0,0.9,0.5078125,0.8961038961038961,0.0,0.9879062735458876,0.30663274026520104,0.4201704486094569,0.9999999999627976,0.057291666664535286,0.8474702380637102,0.661852878774964,0.10683832249821909,0.08628177327972636
0.40000000000000013,-0.6,15290.8515625,320.5018310546875,2.4302605531367507,0.0,0.9,0.4367559523809524,0.8738738738738738,0.0,0.9907529721934772,0.2595234739493343,0.30387740681858333,0.9999999999627976,0.0412946428556066,0.8147321428268329,0.7309505358110302,0.12064630878286392,0.12064630878286392
0.5,-0.6,15715.8349609375,325.7713928222656,2.547272017635599,0.0,0.9,0.40476190476190477,0.782608695652174,0.0,0.9906249999380858,0.236575310074487,0.4692546583850932,0.9999999999627976,0.025669642856187887,0.7961309523513345,0.8012603868171275,0.16059653911507732,0.16059653911507732
0.6000000000000001,-0.6,16219.9541015625,332.0076599121094,3.068087570514854,0.0,0.9,0.32254464285714285,0.4008810572687225,0.0,0.9253157605203012,0.15999132729888788,0.24257169055754943,0.9999999999627976,0.08444940475876304,0.7343749999726795,0.9241184063446889,0.2627340715897474,0.2627340715897474
0.7000000000000002,-0.6,16794.830078125,339.1196594238281,3.5667691145850853,0.0,0.9,0.3240327380952381,0.3920863309352518,0.0,0.813979086361366,0.16164553780725935,0.2770027702397105,0.9999999999627976,0.20684523808754296,0.7127976190211013,0.9784597899158253,0.29159578989553153,0.29159578989553153
0.8,-0.6,17434.306640625,347.0167236328125,4.5283280559987205,0.0,0.9,0.24776785714285715,0.3140625,0.0,0.782888229437048,0.08572251254705968,0.06644399882230213,0.9999999999627976,0.2380952380863804,0.594866071406441,1.0843400736142008,0.36613112576681894,0.36613112576681894
0.9000000000000001,-0.6,18131.546875,355.6122131347656,5.824277636874976,0.0,0.9,0.24293154761904762,0.3333333333333333,0.0,0.8142506142106019,0.08344334644434274,0.08744280099520017,0.9999999999627976,0.21093749999215264,0.5848214285496719,1.0928058563975893,0.37718780985770783,0.37718780985770783
1.0,-0.6,18879.060546875,364.8259582519531,7.027630755176987,0.0,0.9,0.2537202380952381,0.2551440329218107,0.0,0.9097706878908389,0.09772522054441238,0.11307836537041958,0.9999999999627976,0.09040178571092256,0.5424107142655353,1.0453409387762158,0.32343366701034554,0.32327625389104664
-1.0,-0.5,18424.7109375,359.0487060546875,inf,0.0,0.9,0.234375,0.08716136631330977,0.0,0.6234207968598922,0.05955619547792962,0.046790300837235704,0.9999999999627976,0.315848214273964,0.6235119047387087,1.1837927872055696,0.4422132018844558,0.4409148345817333
-0.9,-0.5,17658.71484375,349.63458251953125,inf,0.0,0.9,0.25558035714285715,0.12612612612612611,0.0,0.7576211893674352,0.08293089557227776,0.04833514006901103,0.9999999999627976,0.206473214278033,0.6525297618804863,1.0763527781091653,0.37367719174410285,0.36853396687389894
-0.8,-0.5,16943.41015625,340.8388366699219,4.3439652248678255,0.0,0.9,0.28794642857142855,0.23271889400921658,0.0,0.8260188087342728,0.10497167029664325,0.08230903082507178,0.9999999999627976,0.1614583333273267,0.7001488094977624,0.9715179846899085,0.29734641093740555,0.29734641093740555
-0.7,-0.5,16284.7412109375,332.7464294433594,3.3192351750408573,0.0,0.9,0.3195684523809524,0.4111111111111111,0.0,0.8840896664360803,0.13478031858201472,0.09355672456938281,0.9999999999627976,0.13392857142358897,0.7496279761625882,0.9080749062921315,0.263876941552808,0.263876941552808
-0.6,-0.5,15691.5322265625,325.4498291015625,2.741574357521536,0.0,0.9,0.3474702380952381,0.6104294478527608,0.0,0.9275940706426685,0.15462836735375007,0.08387158785082661,0.9999999999627976,0.12127976190025001,0.777529761875836,0.8493353782480461,0.23016918374674497,0.23016918374674497
-0.5,-0.5,15171.0234375,319.0466613769531,2.264422902324269,0.0,0.9,0.48735119047619047,0.7780979827089337,0.0,0.944121915751515,0.28062472768895136,0.3713171503419181,0.9999999999627976,0.12909226189995937,0.9058779761567755,0.6760438523209703,0.10768794963664263,0.0999743883166001
-0.3999999999999999,-0.5,14732.212890625,313.63616943359375,2.0929582409753666,0.0,0.9,0.6164434523809523,0.7583892617449665,0.0,0.895247332599879,0.41115979553211457,0.2747389306599833,0.9999999999627976,0.1662946428509563,0.9274553571083537,0.5625798128631951,0.10119407393216354,0.02432527409324454
-0.29999999999999993,-0.5,14382.525390625,309.31396484375,2.047934805444501,0.0,0.9,0.6432291666666666,0.6923076923076923,0.0,0.8248175181621671,0.4740905416998929,0.19274016763378465,0.9999999999627976,0.20312499999244327,0.9002976190141259,0.5642768208495659,0.13196284531828334,0.04263592468810906
-0.19999999999999996,-0.5,14127.8271484375,306.1651916503906,2.0537541062411417,0.0,0.9,0.7116815476190477,0.707037643207856,0.0,0.7690322579652862,0.5520899621374429,0.3007244356213499,0.9999999999627976,0.2273065476105913,0.9382440475841427,0.4705758444176109,0.12080998529016448,0.012005803470810886
-0.09999999999999998,-0.5,13974.3310546875,304.2577209472656,2.047974893825492,0.0,0.9,0.6964285714285714,0.6870451237263464,0.0,0.7365196077528775,0.5386509859480673,0.3038891052954636,0.9999999999627976,0.255580357133349,0.9200148809181543,0.497709759382256,0.12041725739042906,0.05223493860057679
0.0,-0.5,13925.2177734375,303.6351318359375,2.0336489714158477,0.0,0.9,0.7161458333333334,0.6845827439886846,0.0,0.7077326342453824,0.5684613868591171,0.4328447643651286,0.9999999999627976,0.26302083332354836,0.936011904727083,0.4702629073462888,0.11868037012539553,0.03164666849677483
0.10000000000000009,-0.5,13982.015625,304.3121337890625,2.320202305355734,0.0,0.9,0.6112351190476191,0.6102564102564103,0.0,0.7818181817433666,0.4271505986435277,0.34292172424525363,0.9999999999627976,0.21763392856333208,0.862351190444109,0.6214162419522976,0.13862832198589614,0.11773829571043473
0.20000000000000018,-0.5,14141.056640625,306.2729187011719,1.967070518078979,0.0,0.9,0.6688988095238095,0.6424581005586593,0.0,0.8561797751846989,0.4781997968433201,0.39914606933987284,0.9999999999627976,0.13318452380456902,0.8962053571095162,0.5173889877788044,0.10338227363514157,0.055634049288838014
0.30000000000000004,-0.5,14399.6552734375,309.4728698730469,2.2048131033081915,0.0,0.9,0.6011904761904762,0.8385650224215246,0.0,0.9664179103576102,0.3927986756345353,0.4090820976596839,0.9999999999627976,0.08296130952072317,0.8604910713965591,0.5906384816300542,0.07687028974518409,0.06094106093390522
0.40000000000000013,-0.5,14752.435546875,313.8433532714844,2.321773591644296,0.0,0.9,0.46130952380952384,0.8756756756756757,0.0,0.9841160220314836,0.27181918747614797,0.30331329387933165,0.9999999999627976,0.06882440475934433,0.801339285684474,0.7069334220877449,0.1281664367540184,0.1281664367540184
0.5,-0.5,15192.826171875,319.29852294921875,2.386569956932749,0.0,0.9,0.4296875,0.9333333333333333,0.0,0.9941291584478715,0.2802827210716587,0.47038623141564323,0.9999999999627976,0.050223214283845866,0.8344494047308613,0.7439924343824385,0.15527663152095666,0.15499768796734625
0.6000000000000001,-0.5,15713.1435546875,325.7425537109375,2.8468512058595477,0.0,0.9,0.3787202380952381,0.7564102564102564,0.0,0.9886227544318189,0.22778142045378572,0.6598639455782312,0.9999999999627976,0.02901785714177761,0.7444196428294487,0.8483811974656098,0.22288678002340284,0.22288678002340284
0.7000000000000002,-0.5,16307.8466796875,333.0760803222656,3.28018992642101,0.0,0.9,0.32961309523809523,0.4326923076923077,0.0,0.9017758046114441,0.18761931585200545,0.18310745875069248,0.9999999999627976,0.11607142856711045,0.681175595212754,0.954448430550497,0.27551736361781953,0.275304425833741
0.8,-0.5,16967.5078125,341.20147705078125,3.848691420247111,0.0,0.9,0.30766369047619047,0.3934065934065934,0.0,0.8516926383207043,0.15996073841325908,0.2756281136601267,0.9999999999627976,0.16927083332703607,0.630952380928908,0.9985800305158401,0.29406540459464414,0.292827330993206
0.9000000000000001,-0.5,17684.119140625,350.0267028808594,4.88501942129972,0.0,0.9,0.2775297619047619,0.28830645161290325,0.0,0.8182286302359305,0.12354449517223359,0.13629283756970859,0.9999999999627976,0.1845238095169448,0.6041666666441903,1.0608698353687132,0.3384908155632643,0.3384908155632643
1.0,-0.5,18451.455078125,359.4667053222656,6.201748924021482,0.0,0.9,0.2689732142857143,0.3277310924369748,0.0,0.9185750635664847,0.11458027152502163,0.1456611570247934,0.9999999999627976,0.08854166666337271,0.5643601190266235,1.0185147500002354,0.29294848365417403,0.29294848365417403
-1.0,-0.3999999999999999,18072.421875,354.723388671875,inf,0.0,0.9,0.22098214285714285,0.0648508430609598,0.0,0.655682903502594,0.056852915497165965,0.03112915753260065,0.9999999999627976,0.2868303571321864,0.6082589285487999,1.1881765532981092,0.4329249159655586,0.43277395941710844
-0.9,-0.3999999999999999,17288.255859375,345.10028076171875,inf,0.0,0.9,0.25,0.13082437275985664,0.0,0.7594246031369333,0.07750586038510059,0.06223983006430544,0.9999999999627976,0.2075892857065629,0.6529017856899962,1.0672212686676776,0.3632884333964657,0.3632884333964657
-0.8,-0.3999999999999999,16555.404296875,336.0901794433594,4.791120665359828,0.0,0.9,0.2994791666666667,0.2746331236897275,0.0,0.8162506637909585,0.11581581015246716,0.09620271340859578,0.9999999999627976,0.1774553571362554,0.6956845237836428,0.9829457449623742,0.30439444435785623,0.3028414241403979
-0.7,-0.3999999999999999,15879.8544921875,327.7817687988281,3.4158024252443573,0.0,0.9,0.33407738095238093,0.4134078212290503,0.0,0.8826815641964982,0.13741189046099858,0.08995195794053662,0.9999999999627976,0.13318452380456902,0.7611607142573973,0.9058600663328789,0.25718249152075046,0.25718249152075046
-0.6,-0.3999999999999999,15268.9599609375,320.27239990234375,2.712842404059861,0.0,0.9,0.36904761904761907,0.570957095709571,0.0,0.9233490565493307,0.1785755106018744,0.11123948818326809,0.9999999999627976,0.11272321428152073,0.7901785713991749,0.841869961997575,0.22042321765790737,0.22042321765790737
-0.5,-0.3999999999999999,14732.017578125,313.6661376953125,2.244180532062181,0.0,0.9,0.5070684523809523,0.7951807228915663,0.0,0.9486792452114203,0.3016868958353571,0.23980815766205962,0.9999999999627976,0.12351190475730983,0.910714285680405,0.6672588881080638,0.11047060462114006,0.09931456260382024
-0.3999999999999999,-0.3999999999999999,14278.4580078125,308.0700378417969,2.046714621734311,0.0,0.9,0.6205357142857143,0.7803030303030303,0.0,0.9147058822632642,0.4143627588767149,0.2608562666165958,0.9999999999627976,0.14732142856594788,0.9066220237757954,0.5653942226537907,0.09803789253834327,0.04273665143776355
-0.29999999999999993,-0.3999999999999999,13916.3115234375,303.5880432128906,1.991820026945898,0.0,0.9,0.6778273809523809,0.7911111111111111,0.0,0.8914549652550283,0.5034307395945969,0.24433654035989963,0.9999999999627976,0.16741071427948623,0.9118303571089349,0.5035027170817741,0.0817586601977902,0.03259420168274495
-0.19999999999999996,-0.3999999999999999,13652.154296875,300.3140563964844,2.0998836010367814,0.0,0.9,0.6781994047619048,0.7100694444444444,0.0,0.8069364160916837,0.5176729626777772,0.24632621784345923,0.9999999999627976,0.21428571427774235,0.8883928571098069,0.5133394824138594,0.0920131315215949,0.08464876550645592
-0.09999999999999998,-0.3999999999999999,13493.07421875,298.3233337402344,1.8703592119643488,0.0,0.9,0.7451636904761905,0.7326343381389253,0.0,0.7021897809193884,0.6420852131085985,0.5383227831714964,0.9999999999627976,0.28385416665610663,0.9348958332985531,0.4110978284824105,0.07732349417772975,0.04658190170958307
0.0,-0.3999999999999999,13442.1455078125,297.6647644042969,1.955121586322572,0.0,0.9,0.6778273809523809,0.7008149010477299,0.0,0.7032332562698346,0.5196772872039396,0.3988325598599992,0.9999999999627976,0.31956845236906367,0.8936011904429464,0.5134847543420221,0.11289478153081631,0.11289478153081631
0.10000000000000009,-0.3999999999999999,13500.353515625,298.35498046875,2.2460030462512406,0.0,0.9,0.6402529761904762,0.7007211538461539,0.0,0.7425025852386243,0.475822258578698,0.39934611350960736,0.9999999999627976,0.3095238095122945,0.8567708333014594,0.5697248831328642,0.1303898749678879,0.12209338581695053
0.20000000000000018,-0.3999999999999999,13664.720703125,300.37664794921875,2.3340183100305385,0.0,0.9,0.6149553571428571,0.6964912280701754,0.0,0.8328502414654251,0.42692936987214214,0.40233895572110245,0.9999999999627976,0.21205357142068254,0.8523065475873398,0.5922755191248046,0.12181629294306104,0.12174498503035591
0.30000000000000004,-0.3999999999999999,13933.107421875,303.680419921875,2.2660165148097207,0.0,0.9,0.5963541666666666,0.8474114441416893,0.0,0.9483870966867846,0.3900849905977602,0.3598735099558474,0.9999999999627976,0.13653273809015876,0.8459821428256703,0.6081137719341038,0.1050708255021377,0.09956824351998393
0.40000000000000013,-0.3999999999999999,14297.3125,308.19036865234375,2.1467453530833254,0.0,0.9,0.5628720238095238,0.9337175792507204,0.0,0.9804255318314531,0.35912199846070264,0.3507018661080014,0.9999999999627976,0.12909226189995937,0.8511904761588099,0.6106366439323062,0.0846974640621189,0.0751030335396927
0.5,-0.3999999999999999,14751.1796875,313.8124694824219,2.3456357292684435,0.0,0.9,0.4494047619047619,0.9804560260586319,0.0,0.9959459458786523,0.31979176716837093,0.6875,0.9999999999627976,0.1142113095195606,0.8727678571103882,0.6734572704067499,0.15348011519659593,0.14173913999435095
0.6000000000000001,-0.3999999999999999,15287.822265625,320.4423522949219,2.671417405943225,0.0,0.9,0.39099702380952384,0.8706896551724138,0.0,0.9908368967018425,0.24021922540596696,0.38997741389045737,0.9999999999627976,0.043154761903156445,0.7377232142582693,0.8115219339552852,0.18811109842980314,0.18811109842980314
0.7000000000000002,-0.3999999999999999,15899.3525390625,327.9731140136719,3.065036164660855,0.0,0.9,0.34077380952380953,0.8775510204081632,0.0,0.9932279909146033,0.19779642719591245,0.48332256361524656,0.9999999999627976,0.036458333331977,0.6837797618793237,0.8941938203336022,0.25578056449895725,0.25578056449895725
0.8,-0.3999999999999999,16576.572265625,336.30059814453125,3.354051831751827,0.0,0.9,0.31287202380952384,0.4225352112676056,0.0,0.9334055224183321,0.16498927935970212,0.1703978561121418,0.9999999999627976,0.07924107142562348,0.6175595237865492,0.953586556785686,0.2583607164195009,0.2583607164195009
0.9000000000000001,-0.3999999999999999,17309.837890625,345.32757568359375,4.281207642125693,0.0,0.9,0.2689732142857143,0.2861111111111111,0.0,0.8692111958845185,0.13508200741429238,0.2120551924473493,0.9999999999627976,0.13392857142358897,0.5926339285493812,1.0346495065592467,0.32502077267301743,0.32502077267301743
1.0,-0.3999999999999999,18092.890625,354.9656982421875,5.26030183288977,0.0,0.9,0.24888392857142858,0.25853658536585367,0.0,0.9247152055015,0.11433478216029151,0.18376068376068375,0.9999999999627976,0.07626488094954371,0.571056547597803,1.0286745179852403,0.3118140351201813,0.3118140351201813
-1.0,-0.29999999999999993,17794.025390625,351.31866455078125,inf,0.0,0.9,0.24441964285714285,0.055130168453292494,0.0,0.6962087641213093,0.06995224671501801,0.06892263142263143,0.9999999999627976,0.24293154761001,0.60788690473929,1.1357025908750724,0.39432912054965263,0.39432912054965263
-0.9,-0.29999999999999993,16995.837890625,341.52239990234375,inf,0.0,0.9,0.2734375,0.2,0.0,0.7849462365189479,0.09185713199479052,0.12934879571810884,0.9999999999627976,0.19531249999273392,0.6454613094997969,1.0436293014063585,0.34687361548682416,0.34687361548682416
-0.8,-0.29999999999999993,16247.521484375,332.3337097167969,4.488855935943906,0.0,0.9,0.3002232142857143,0.27323943661971833,0.0,0.8628389154246231,0.11589830506128776,0.07991670087575259,0.9999999999627976,0.13206845237603912,0.6982886904502125,0.9728894424347443,0.2849510768297609,0.2849510768297609
-0.7,-0.29999999999999993,15556.9521484375,323.8440246582031,3.557997916469503,0.0,0.9,0.3515625,0.38011695906432746,0.0,0.878370625308183,0.15896029117574895,0.11506102071005916,0.9999999999627976,0.12723214285240952,0.7611607142573973,0.8937351256890691,0.23596977801642402,0.23596977801642402
-0.6,-0.29999999999999993,14932.4580078125,316.15484619140625,2.7225886518504705,0.0,0.9,0.4107142857142857,0.5092592592592593,0.0,0.8996212120644178,0.22866254532215438,0.23537801194051192,0.9999999999627976,0.12053571428123008,0.838913690444981,0.8106688201827705,0.19993750517198783,0.19993750517198783
-0.5,-0.29999999999999993,14381.537109375,309.3756103515625,2.2297698603628175,0.0,0.9,0.5167410714285714,0.8087248322147651,0.0,0.9561200923051485,0.32742203809989945,0.29516550934482616,0.9999999999627976,0.11086309523397088,0.9002976190141259,0.6444197117294513,0.11697824796732059,0.11693221441918503
-0.3999999999999999,-0.29999999999999993,13915.5517578125,303.6199951171875,2.130026386502823,0.0,0.9,0.6112351190476191,0.7453580901856764,0.0,0.9081339712049632,0.43159324325568243,0.26739504455697316,0.9999999999627976,0.14025297618525845,0.9002976190141259,0.5849805260494906,0.10260290643803913,0.07234294722472687
-0.29999999999999993,-0.29999999999999993,13542.75,298.9996032714844,2.1486453036398707,0.0,0.9,0.6335565476190477,0.7383367139959433,0.0,0.8690355329066969,0.45281077230301126,0.2739344753086315,0.9999999999627976,0.1834077380884149,0.8545386904443997,0.587120837675003,0.13230168318736085,0.11000817057705996
-0.19999999999999996,-0.29999999999999993,13271.755859375,295.61602783203125,1.7578791167775338,0.0,0.9,0.7671130952380952,0.7959866220735786,0.0,0.8051118209576499,0.6528605804476395,0.3994392766782707,0.9999999999627976,0.22247023808696167,0.935267857108063,0.3804667988395371,0.046189951928619064,0.036003420551809856
-0.09999999999999998,-0.29999999999999993,13107.2529296875,293.5513610839844,1.9254276876927392,0.0,0.9,0.7328869047619048,0.773561811505508,0.0,0.7423398327656908,0.5975886204496255,0.4460077387600706,0.9999999999627976,0.303943452369645,0.9166666666325646,0.42466630081814427,0.08370573518137878,0.08176543337396047
0.0,-0.29999999999999993,13053.7587890625,292.8592834472656,2.0053613861906556,0.0,0.9,0.6930803571428571,0.795662100456621,0.0,0.7830303029353903,0.5484428985264025,0.5122973016432381,0.9999999999627976,0.3258928571307332,0.897693452347556,0.4828357095032017,0.11252012120559116,0.11155005789116876
0.10000000000000009,-0.29999999999999993,13112.40625,293.5585021972656,1.9211082937843957,0.0,0.9,0.7340029761904762,0.8271186440677966,0.0,0.786013985904054,0.6060196841886343,0.6383975313748199,0.9999999999627976,0.3292410714163229,0.9270833332988436,0.41719391436608083,0.0604028452216934,0.05836525665840615
0.20000000000000018,-0.29999999999999993,13281.81640625,295.63018798828125,2.0148893177787133,0.0,0.9,0.6908482142857143,0.8180628272251309,0.0,0.8327316485159169,0.5232167523586471,0.4762210119660185,0.9999999999627976,0.2842261904656166,0.9017857142521658,0.4894146070060741,0.09158199180124539,0.08637006502606513
0.30000000000000004,-0.29999999999999993,13558.1494140625,299.0206298828125,2.2558494639046316,0.0,0.9,0.5918898809523809,0.7962184873949579,0.0,0.9115770281757906,0.4044132161837053,0.3826622407392054,0.9999999999627976,0.17708333332674542,0.838913690444981,0.6209293879481382,0.12353458852619385,0.1226962561804704
0.40000000000000013,-0.29999999999999993,13932.9453125,303.6476135253906,2.3479541853223336,0.0,0.9,0.5569196428571429,0.9,0.0,0.9664147774167577,0.3681912067231493,0.436224862375014,0.9999999999627976,0.14880952380398774,0.8441220237781205,0.6337164531335188,0.10815980033689288,0.10815980033689288
0.5,-0.29999999999999993,14399.3818359375,309.4095764160156,2.3367406556714143,0.0,0.9,0.49962797619047616,0.9357541899441341,0.0,0.98289962817971,0.31539249885859977,0.40991293395219436,0.9999999999627976,0.13318452380456902,0.8303571428262516,0.6761860873873382,0.10863701600186006,0.10860176628291685
0.6000000000000001,-0.29999999999999993,14949.556640625,316.1947326660156,2.5552641319561262,0.0,0.9,0.43787202380952384,0.9473684210526315,0.0,0.9920582395107836,0.2903237523209542,0.5910819500121068,0.9999999999627976,0.08482142856827302,0.7682291666380867,0.729187113112701,0.13385301565734387,0.13114084685735022
0.7000000000000002,-0.29999999999999993,15574.8125,323.88934326171875,2.7129320835051867,0.0,0.9,0.38504464285714285,0.9368421052631579,0.0,0.9963702358743877,0.24432254581110915,0.6207792207792208,0.9999999999627976,0.03534226190344709,0.7023809523548222,0.8071505463244983,0.1815421646294305,0.18075497355631231
0.8,-0.29999999999999993,16265.30078125,332.3841247558594,3.0910181130882277,0.0,0.9,0.3351934523809524,0.53,0.0,0.9736989367110409,0.19354004777430217,0.36800976800976803,0.9999999999627976,0.037202380950996934,0.6454613094997969,0.9014099457067071,0.21469174501352237,0.21469174501352237
0.9000000000000001,-0.29999999999999993,17012.25390625,341.577392578125,3.861036387968994,0.0,0.9,0.2734375,0.19784172661870503,0.0,0.8858166922229485,0.13308122774545672,0.12767571261226082,0.9999999999627976,0.10342261904377148,0.60788690473929,1.0103289763246057,0.2940705630052919,0.2940705630052919
1.0,-0.29999999999999993,17808.57421875,351.3778076171875,4.6121636405758535,0.0,0.9,0.2507440476190476,0.1822429906542056,0.0,0.9131082422585348,0.11024834072399577,0.14947089947089948,0.9999999999627976,0.07961309523513345,0.5844494047401619,1.0194861464078506,0.2999544941714726,0.2999544941714726
-1.0,-0.19999999999999996,17594.76953125,348.8797302246094,inf,0.0,0.9,0.25223214285714285,0.08513708513708514,0.0,0.6845771143938021,0.07650678544918635,0.09724031712366812,0.9999999999627976,0.2578124999904088,0.5993303571205607,1.1347080982427598,0.38600412149903957,0.38600412149903957
-0.9,-0.19999999999999996,16785.603515625,338.95281982421875,inf,0.0,0.9,0.2689732142857143,0.16981132075471697,0.0,0.7984732824021132,0.09303336914426569,0.11779640244068977,0.9999999999627976,0.1774553571362554,0.6320684523574379,1.0464837541044962,0.34203185692228144,0.34203185692228144
-0.8,-0.19999999999999996,16025.876953125,329.6285705566406,4.774467400127611,0.0,0.9,0.31547619047619047,0.29411764705882354,0.0,0.8695652173440453,0.12603010453067776,0.12406015037593984,0.9999999999627976,0.12648809523338958,0.6837797618793237,0.9476792079597363,0.2743200094065786,0.2743200094065786
-0.7,-0.19999999999999996,15324.181640625,321.00042724609375,3.4468863723066367,0.0,0.9,0.35639880952380953,0.4318936877076412,0.0,0.9011560693120718,0.1856267957077602,0.13279857397504455,0.9999999999627976,0.11197916666250078,0.7563244047337677,0.8909629160853949,0.23439913725548034,0.2313222623475917
-0.6,-0.19999999999999996,14689.1142578125,313.1729736328125,2.888836819718758,0.0,0.9,0.40736607142857145,0.5355029585798816,0.0,0.9014438166414661,0.2209969565943985,0.28405865664659635,0.9999999999627976,0.12574404761436964,0.8106398809222233,0.8266919068580874,0.21426950645978077,0.21341292475875068
-0.5,-0.19999999999999996,14127.9326171875,306.25970458984375,2.2933096859461704,0.0,0.9,0.5059523809523809,0.7687861271676301,0.0,0.9397590360738133,0.3178136881628383,0.27789909188917084,0.9999999999627976,0.1287202380904494,0.8645833333011689,0.6912654101640929,0.16063440259802075,0.16063440259802075
-0.3999999999999999,-0.19999999999999996,13651.947265625,300.3794860839844,2.1352340726876142,0.0,0.9,0.6220238095238095,0.7773279352226721,0.0,0.891732283376798,0.44457989924600283,0.36172711554096965,0.9999999999627976,0.18377976189792486,0.9162946428230546,0.5710949059879024,0.12157740687451582,0.08696097701545082
-0.29999999999999993,-0.19999999999999996,13270.9296875,295.6498718261719,1.966203402481275,0.0,0.9,0.7217261904761905,0.8256,0.0,0.8542780747521019,0.5768855689465584,0.43306726736277945,0.9999999999627976,0.23251488094373085,0.9218749999657041,0.4521683219153084,0.08643057627927647,0.0464279980948626
-0.19999999999999996,-0.19999999999999996,12993.5654296875,292.1785583496094,1.8317688276750728,0.0,0.9,0.7414434523809523,0.8428781204111601,0.0,0.8460431653458931,0.5858865715225736,0.6034670565313061,0.9999999999627976,0.2533482142762891,0.9103422618708951,0.4045274790989907,0.06306507167091123,0.06298588755733428
-0.09999999999999998,-0.19999999999999996,12824.568359375,290.0533142089844,1.9091377638592582,0.0,0.9,0.7090773809523809,0.8004778972520908,0.0,0.7864450126871554,0.5435410515291397,0.5989279667557079,0.9999999999627976,0.31138392855984437,0.8909970237763767,0.4622730064663108,0.10905711182217548,0.10593305815637055
0.0,-0.19999999999999996,12768.84375,289.3318176269531,1.9898783957128554,0.0,0.9,0.7392113095238095,0.8472063854047891,0.0,0.80884450773055,0.5894144907095934,0.6295704184195983,0.9999999999627976,0.32626488094024314,0.9278273809178637,0.40848716466608653,0.07481294552599663,0.07481294552599663
0.10000000000000009,-0.19999999999999996,12829.0791015625,290.0345458984375,1.9784389800695155,0.0,0.9,0.6841517857142857,0.8259911894273128,0.0,0.8138987042622028,0.5178692669813345,0.5401796991300818,0.9999999999627976,0.3377976190350522,0.885788690443237,0.4934900628489233,0.12398490455990036,0.12336574750738613
0.20000000000000018,-0.19999999999999996,13001.1875,292.1415710449219,2.2043089743196727,0.0,0.9,0.6469494047619048,0.7971830985915493,0.0,0.8482613276239978,0.4777878409031679,0.46359810036721993,0.9999999999627976,0.26413690475207824,0.8675595237772485,0.548085852715023,0.13183513797177038,0.12660630784293672
0.30000000000000004,-0.19999999999999996,13283.03515625,295.5957946777344,2.050796387535241,0.0,0.9,0.6517857142857143,0.8304761904761905,0.0,0.904914529817851,0.46934471521541227,0.42172156335032007,0.9999999999627976,0.19531249999273392,0.8761160713959779,0.5287853608433207,0.09054275166238805,0.09054275166238805
0.40000000000000013,-0.19999999999999996,13667.091796875,300.30987548828125,2.3033999547157062,0.0,0.9,0.5598958333333334,0.851508120649652,0.0,0.9459002535126034,0.37205905161184416,0.34441212361615064,0.9999999999627976,0.1603422618987968,0.8333333333023314,0.6313072791034301,0.12771531063702762,0.12695324289346155
0.5,-0.19999999999999996,14143.30859375,306.1761779785156,2.4713510414727544,0.0,0.9,0.5085565476190477,0.8859416445623343,0.0,0.9674489022734709,0.31724916247625123,0.379277596122725,0.9999999999627976,0.14025297618525845,0.7968749999703544,0.6833691663146624,0.12140911321804872,0.12140911321804872
0.6000000000000001,-0.19999999999999996,14703.080078125,313.0772705078125,2.505763913614446,0.0,0.9,0.4505208333333333,0.907258064516129,0.0,0.9844278943138505,0.2788744172094721,0.4569065048065184,0.9999999999627976,0.0922619047584724,0.752976190448178,0.7263968327316573,0.12312920122207317,0.12260616448614226
0.7000000000000002,-0.19999999999999996,15337.5478515625,320.8941955566406,2.843948828647031,0.0,0.9,0.36495535714285715,0.8305084745762712,0.0,0.9882835383135159,0.20630635302578054,0.3904385109550103,0.9999999999627976,0.04389880952217639,0.6484374999758766,0.8377430289754183,0.15819629767204138,0.15819629767204138
0.8,-0.19999999999999996,16038.2802734375,329.51324462890625,3.110323960982252,0.0,0.9,0.32626488095238093,0.42105263157894735,0.0,0.9696300385991369,0.18105267168852612,0.16512111077328467,0.9999999999627976,0.03534226190344709,0.6235119047387087,0.9011939094208558,0.1979252512477675,0.19779556810328
0.9000000000000001,-0.19999999999999996,16795.974609375,338.829833984375,3.4755239744541733,0.0,0.9,0.29389880952380953,0.2389937106918239,0.0,0.9362486827746971,0.16222721968481432,0.26666666666666666,0.9999999999627976,0.05915178571208513,0.6454613094997969,0.9552281372457354,0.2433040755420591,0.2396053898237984
1.0,-0.19999999999999996,17602.400390625,348.7501525878906,4.330721532637527,0.0,0.9,0.22730654761904762,0.15695067264573992,0.0,0.9094848338512526,0.10366131637455128,0.1345048001567398,0.9999999999627976,0.08296130952072317,0.5755208333119226,1.0374951762166165,0.3005684151885606,0.3005684151885606
-1.0,-0.09999999999999998,17475.21875,347.4408264160156,inf,0.0,0.9,0.2552083333333333,0.07851851851851852,0.0,0.6893106892762582,0.08005291902781149,0.04617474248346731,0.9999999999627976,0.2511160714192293,0.5863095237877117,1.128218405360451,0.38162696217076786,0.38162696217076786
-0.9,-0.09999999999999998,16660.177734375,337.4311218261719,inf,0.0,0.9,0.2604166666666667,0.12927756653992395,0.0,0.7696177061987114,0.09184723767608105,0.0287573396567299,0.9999999999627976,0.19568452380224388,0.6183035714055691,1.0809176339419377,0.35751875025452723,0.35751875025452723
-0.8,-0.09999999999999998,15894.5869140625,328.02044677734375,5.164857500131367,0.0,0.9,0.3151041666666667,0.24047619047619048,0.0,0.8267246061473805,0.1369392206196057,0.1184507323009778,0.9999999999627976,0.15624999999418715,0.6748511904510844,0.9741861835573881,0.2898043201886751,0.28216373703959186
-0.7,-0.09999999999999998,15185.9326171875,319.303466796875,3.7265589545849838,0.0,0.9,0.38504464285714285,0.44224422442244227,0.0,0.8977616454387318,0.20215345537983354,0.3996801268825354,0.9999999999627976,0.11272321428152073,0.7615327380669074,0.8587844783247166,0.22058574995545438,0.22058574995545438
-0.6,-0.09999999999999998,14543.05078125,311.3865051269531,2.8413987773272593,0.0,0.9,0.43973214285714285,0.5319148936170213,0.0,0.8977423638182109,0.26040652917273166,0.2720101768632398,0.9999999999627976,0.12239583332877993,0.8191964285409525,0.7865043418127131,0.19082073177785647,0.19082073177785647
-0.5,-0.09999999999999998,13975.3046875,304.3857421875,2.3738071975500987,0.0,0.9,0.5327380952380952,0.8181818181818182,0.0,0.942675159160615,0.34568630591060745,0.4643570739431926,0.9999999999627976,0.14732142856594788,0.8846726190147072,0.6545685522514748,0.15801813234446915,0.15741924112415617
-0.3999999999999999,-0.09999999999999998,13493.4384765625,298.42315673828125,2.003882724100696,0.0,0.9,0.640625,0.8552188552188552,0.0,0.9109730847918248,0.47944472113578873,0.5886754966466894,0.9999999999627976,0.22098214284892181,0.9304315475844334,0.5365753551800791,0.109067928595801,0.07905400047129449
-0.29999999999999993,-0.09999999999999998,13107.205078125,293.62017822265625,1.9507119325331965,0.0,0.9,0.7191220238095238,0.8624078624078624,0.0,0.8516556290262708,0.5649003686994463,0.5260137263189195,0.9999999999627976,0.30282738094111505,0.9129464285374649,0.44278771089156355,0.08212445235708793,0.045433394317808275
-0.19999999999999996,-0.09999999999999998,12824.7353515625,290.0885925292969,1.951802192309668,0.0,0.9,0.7135416666666666,0.8569926393270242,0.0,0.8233766232696914,0.5545878602119986,0.6868864203669568,0.9999999999627976,0.3537946428439809,0.8954613094904963,0.44967603476654233,0.0938501991158057,0.0938501991158057
-0.09999999999999998,-0.09999999999999998,12652.0478515625,287.91998291015625,1.8116996756060808,0.0,0.9,0.7886904761904762,0.9138339920948617,0.0,0.8080985914070249,0.6499443603264118,0.8282866986827547,0.9999999999627976,0.47061011903011124,0.9267113094893337,0.33740550187120366,0.04686505813864579,0.046617592225121754
0.0,-0.09999999999999998,12595.0,287.17474365234375,1.9184006790056933,0.0,0.9,0.7418154761904762,0.8771610555050046,0.0,0.8054755042067039,0.5838826246369674,0.7249524477848388,0.9999999999627976,0.40885416665145635,0.9051339285377555,0.4039927092403807,0.0869997459110619,0.08620391063613535
0.10000000000000009,-0.09999999999999998,12655.658203125,287.87451171875,2.064238993237106,0.0,0.9,0.7191220238095238,0.8509454949944383,0.0,0.8225165561824481,0.5631174742600042,0.6157446647039283,0.9999999999627976,0.33444940474946244,0.9006696428236358,0.437184193882042,0.09592311022182394,0.09592311022182394
0.20000000000000018,-0.09999999999999998,12830.09765625,289.9990234375,1.890587839098374,0.0,0.9,0.7354910714285714,0.8894952251023193,0.0,0.8860759492424648,0.5790211225774485,0.635916948451858,0.9999999999627976,0.27269345237080755,0.9092261904423652,0.40994056729100087,0.05950156983411839,0.05694096438017851
0.30000000000000004,-0.09999999999999998,13114.8916015625,293.48895263671875,1.957536888570726,0.0,0.9,0.6741071428571429,0.8771266540642723,0.0,0.925799086652306,0.5138525954293253,0.4400430048757501,0.9999999999627976,0.1968005952307738,0.8917410713953966,0.4876747789356141,0.07957292725927165,0.07322060266397507
0.40000000000000013,-0.09999999999999998,13503.560546875,298.2536926269531,2.424897900552546,0.0,0.9,0.5186011904761905,0.7707808564231738,0.0,0.9296754249667948,0.33440876067542263,0.3030140390151634,0.9999999999627976,0.14769345237545783,0.7749255952092662,0.6989183528855496,0.16600655864413422,0.16600655864413422
0.5,-0.09999999999999998,13986.6474609375,304.1817626953125,2.416466639078574,0.0,0.9,0.5193452380952381,0.8732782369146006,0.0,0.9643962847550777,0.3296837867013596,0.30484769609858203,0.9999999999627976,0.1350446428521189,0.7953869047323145,0.6754884587114884,0.12284439795912017,0.12284439795912017
0.6000000000000001,-0.09999999999999998,14552.7451171875,311.1520080566406,2.5206329081329275,0.0,0.9,0.4895833333333333,0.8314606741573034,0.0,0.9672011661102623,0.3046958302074122,0.3769896703369883,0.9999999999627976,0.09933035713916183,0.72916666663954,0.7175794042349496,0.10449848012789337,0.09280540909465193
0.7000000000000002,-0.09999999999999998,15193.466796875,319.0422668457031,2.58609153495127,0.0,0.9,0.4375,0.8290598290598291,0.0,0.986772486707224,0.2836187016149184,0.34592670703781814,0.9999999999627976,0.04352678571266642,0.6934523809265829,0.7454543910890867,0.08664179741993142,0.08664179741993142
0.8,-0.09999999999999998,15899.998046875,327.7361145019531,2.899279258273636,0.0,0.9,0.35119047619047616,0.5797101449275363,0.0,0.9833715595766415,0.21352395966739202,0.38131970880918986,0.9999999999627976,0.025669642856187887,0.6369047618810676,0.8495990535245147,0.13035290902987207,0.12836841513226444
0.9000000000000001,-0.09999999999999998,16663.177734375,337.1268310546875,3.3885209536481544,0.0,0.9,0.2700892857142857,0.3,0.0,0.9500509683511696,0.14362648778146397,0.1983700642791552,0.9999999999627976,0.05208333333139571,0.6067708333107601,0.9510576072372092,0.21748960528256228,0.21748960528256228
1.0,-0.09999999999999998,17475.052734375,347.1194152832031,4.071154193040496,0.0,0.9,0.22247023809523808,0.31343283582089554,0.0,0.9339712918213412,0.10274052591937519,0.1737798510503902,0.9999999999627976,0.07477678571150384,0.5755208333119226,1.0268783322090003,0.2996751492426999,0.2996751492426999
-1.0,0.0,17436.69140625,347.02288818359375,inf,0.0,0.9,0.23177083333333334,0.09186351706036745,0.0,0.6648910411300295,0.06423602592199809,0.038082416085788294,0.9999999999627976,0.2834821428465967,0.5364583333133759,1.1835181818594838,0.4263352671203972,0.4263352671203972
-0.9,0.0,16620.16015625,336.98162841796875,inf,0.0,0.9,0.28273809523809523,0.16,0.0,0.7821576763079794,0.10298564189715934,0.06951959337596327,0.9999999999627976,0.1860119047549847,0.6302083333098881,1.0440516244453217,0.3326404287877066,0.3322237244098349
-0.8,0.0,15852.798828125,327.53765869140625,inf,0.0,0.9,0.3359375,0.22444444444444445,0.0,0.8044817926720178,0.15072814841620524,0.11414835164835166,0.9999999999627976,0.16741071427948623,0.6986607142597225,0.9543820490919988,0.2693895657881168,0.2693895657881168
-0.7,0.0,15142.25,318.7858581542969,4.1931604898615165,0.0,0.9,0.39657738095238093,0.3352112676056338,0.0,0.8545006164701294,0.22049627559008672,0.16508547008547012,0.9999999999627976,0.13206845237603912,0.7689732142571067,0.8641036767689756,0.21934231571851187,0.21934231571851187
-0.6,0.0,14496.7685546875,310.8330993652344,3.1693388034654966,0.0,0.9,0.4635416666666667,0.5275590551181102,0.0,0.8751733702583097,0.29900390799329446,0.27857755987292276,0.9999999999627976,0.14174107142329834,0.8184523809219326,0.7717697394274664,0.1875750118197544,0.1875750118197544
-0.5,0.0,13926.4853515625,303.79644775390625,2.43838447887141,0.0,0.9,0.5260416666666666,0.7247706422018348,0.0,0.905808477165949,0.3459499918136391,0.33467100630338514,0.9999999999627976,0.16220238094634665,0.8396577380640009,0.6674355602891366,0.1739138621646721,0.1739138621646721
-0.3999999999999999,0.0,13441.9658203125,297.7989196777344,2.1551327795986435,0.0,0.9,0.5982142857142857,0.8411497730711044,0.0,0.9027777776941872,0.42868482648696404,0.4610787540692026,0.9999999999627976,0.24590773808608976,0.8939732142524563,0.5963904242943678,0.1470662796186432,0.1232215318249422
-0.29999999999999993,0.0,13052.8017578125,292.96331787109375,1.9155651654320316,0.0,0.9,0.6927083333333334,0.8867469879518072,0.0,0.8861985471082084,0.5376872948134869,0.5003643019501229,0.9999999999627976,0.3087797618932746,0.9207589285371742,0.4678680571611755,0.08061497777600578,0.05892519259980416
-0.19999999999999996,0.0,12768.01953125,289.40301513671875,1.7690408088366787,0.0,0.9,0.7213541666666666,0.8303393213572854,0.0,0.7730307075069385,0.5660639367827878,0.5403228341125792,0.9999999999627976,0.3727678571289893,0.8831845237766673,0.44920235718457086,0.08991555653435604,0.08953164786154941
-0.09999999999999998,0.0,12593.611328125,287.2109680175781,1.822752095321714,0.0,0.9,0.7652529761904762,0.8878012048192772,0.0,0.7638668778504173,0.6159303772821891,0.6963898319744568,0.9999999999627976,0.4940476190292393,0.9122023809184449,0.37466542011716125,0.07099556843166144,0.06968011648259248
0.0,0.0,12535.646484375,286.4487609863281,1.880934289302593,0.0,0.9,0.7537202380952381,0.902027027027027,0.0,0.7809667672536305,0.6045482560669704,0.8057704977610968,0.9999999999627976,0.5505952380747546,0.910714285680405,0.3826995787484561,0.0816598346939139,0.0816598346939139
0.10000000000000009,0.0,12596.4296875,287.1387634277344,1.6220505198959094,0.0,0.9,0.8255208333333334,0.9317535545023696,0.0,0.846481876152136,0.7000800298278274,0.8095226125020202,0.9999999999627976,0.3924851190330177,0.9393601190126727,0.27479836899253673,0.027269174332326538,0.013429256362115144
0.20000000000000018,0.0,12772.0380859375,289.2607116699219,1.945317469517814,0.0,0.9,0.7176339285714286,0.8563134978229318,0.0,0.8695652172767372,0.5612091455516808,0.589559588922318,0.9999999999627976,0.2563244047523689,0.8921130952049066,0.4371055101589639,0.07751933986402929,0.07751933986402929
0.30000000000000004,0.0,13058.1298828125,292.7547302246094,2.2269285367554623,0.0,0.9,0.6242559523809523,0.7628083491461101,0.0,0.8762376236756201,0.46395638525643246,0.36055370770267026,0.9999999999627976,0.19605654761175387,0.8333333333023314,0.57314454055064,0.1313839083111183,0.1313839083111183
0.40000000000000013,0.0,13447.8720703125,297.5292663574219,2.2657913142707136,0.0,0.9,0.6101190476190477,0.7445887445887446,0.0,0.8874045800679957,0.4281463006908559,0.3170076610057837,0.9999999999627976,0.17187499999360584,0.8087797618746734,0.5975477087322314,0.0966559358195946,0.09126258518348809
0.5,0.0,13932.2490234375,303.4716796875,2.5152051757917318,0.0,0.9,0.4959077380952381,0.750788643533123,0.0,0.9416974169046717,0.3113623292218203,0.2624792612969953,0.9999999999627976,0.11793154761466029,0.7470238094960185,0.7257419017671602,0.139072324171438,0.1384046968890131
0.6000000000000001,0.0,14499.994140625,310.4593811035156,2.6565254466066612,0.0,0.9,0.484375,0.84,0.0,0.9740259739556979,0.2999779031273272,0.4486978503522622,0.9999999999627976,0.08370535713974311,0.7351190475916994,0.7369049398781938,0.13164947991495662,0.09320296104345882
0.7000000000000002,0.0,15142.4267578125,318.3692932128906,2.6723616116338134,0.0,0.9,0.4185267857142857,0.7769230769230769,0.0,0.9814459372372715,0.2622616665146802,0.2996915376058869,0.9999999999627976,0.04836309523629602,0.643973214261757,0.7874833680156548,0.1041725214951074,0.10140031495257494
0.8,0.0,15851.197265625,327.0838928222656,2.8552214974586922,0.0,0.9,0.36421130952380953,0.7236842105263158,0.0,0.9877121122886067,0.2401872239897169,0.3412698412698413,0.9999999999627976,0.02827380952275767,0.6540178571185261,0.8261142026971982,0.10938873230733973,0.10938873230733973
0.9000000000000001,0.0,16615.828125,336.4956970214844,3.293595124531735,0.0,0.9,0.2648809523809524,0.375,0.0,0.9544534412472442,0.143383996610997,0.24035847193741933,0.9999999999627976,0.053571428569435586,0.6246279761672385,0.9488681237697956,0.2110432870056742,0.209791160855169
1.0,0.0,17429.50390625,346.5091857910156,4.094149386785083,0.0,0.9,0.20907738095238096,0.33620689655172414,0.0,0.9275634994860037,0.10079780501609326,0.1480625785343663,0.9999999999627976,0.08630952380631289,0.5885416666447716,1.0460011875507254,0.31246847428519,0.31246847428519
-1.0,0.10000000000000009,17480.111328125,347.63201904296875,inf,0.0,0.9,0.23251488095238096,0.10126582278481013,0.0,0.655841008208636,0.06562708966904365,0.03548683600799961,0.9999999999627976,0.2938988095128758,0.5368303571228858,1.1977846752740353,0.4479765626164061,0.4479765626164061
-0.9,0.10000000000000009,16666.08203125,337.6118469238281,inf,0.0,0.9,0.25111607142857145,0.16134453781512606,0.0,0.752111276664078,0.08144464757550593,0.04021269335759781,0.9999999999627976,0.22135416665843177,0.5870535714067316,1.1011292164279693,0.388073947367895,0.3851208227780793
-0.8,0.10000000000000009,15901.630859375,328.1889343261719,inf,0.0,0.9,0.32328869047619047,0.17943548387096775,0.0,0.7762506871480895,0.14327326626744374,0.04787473008419924,0.9999999999627976,0.1845238095169448,0.6744791666415745,0.9756747863406907,0.29385398180457567,0.29385398180457567
-0.7,0.10000000000000009,15193.759765625,319.4578857421875,4.816432050181809,0.0,0.9,0.3794642857142857,0.19483568075117372,0.0,0.7943645083456615,0.20853999130269574,0.08727053798618684,0.9999999999627976,0.15848214285124695,0.7444196428294487,0.9062193042245265,0.2392406585180516,0.2392406585180516
-0.6,0.10000000000000009,14551.0830078125,311.5247497558594,3.429258996882124,0.0,0.9,0.4616815476190476,0.50625,0.0,0.8908085693924803,0.2798097916973862,0.28038397555432426,0.9999999999627976,0.1190476190431902,0.7909226190181949,0.7839580600176712,0.19475945021372074,0.19181135951615758
-0.5,0.10000000000000009,13982.138671875,304.5057373046875,2.9006223694675923,0.0,0.9,0.46316964285714285,0.6100478468899522,0.0,0.887040886979415,0.29163595779998275,0.2616879351168969,0.9999999999627976,0.1555059523751672,0.7805059523519158,0.7602438511093801,0.22479333827794964,0.22479333827794964
-0.3999999999999999,0.10000000000000009,13499.103515625,298.522705078125,2.3379486175911386,0.0,0.9,0.5461309523809523,0.8370967741935483,0.0,0.9172131146789169,0.378737325416971,0.3846530465589108,0.9999999999627976,0.230654761896181,0.8415178571115507,0.644601627128843,0.176297662010748,0.176297662010748
-0.29999999999999993,0.10000000000000009,13110.9765625,293.69720458984375,2.3780931461570116,0.0,0.9,0.5528273809523809,0.8054054054054054,0.0,0.8801996671480699,0.36558246002244943,0.39563125633114116,0.9999999999627976,0.2752976190373773,0.8523065475873398,0.6291431624939736,0.17003355214255894,0.17003355214255894
-0.19999999999999996,0.10000000000000009,12826.75,290.1412658691406,1.8803265220286385,0.0,0.9,0.7154017857142857,0.881243063263041,0.0,0.860130718841813,0.5446133725538922,0.6051395918291687,0.9999999999627976,0.3351934523684824,0.8761160713959779,0.4511729636148737,0.07564295898407479,0.06785532127533496
-0.09999999999999998,0.10000000000000009,12652.98046875,287.9469299316406,1.9113756500443444,0.0,0.9,0.7369791666666666,0.8551000953288846,0.0,0.7850070720247515,0.581191698219506,0.6650854230768013,0.9999999999627976,0.3902529761759579,0.8973214285380461,0.418098841758736,0.08500012054669524,0.08500012054669524
0.0,0.10000000000000009,12594.6240234375,287.17529296875,1.9475346274781498,0.0,0.9,0.7332589285714286,0.8914027149321267,0.0,0.8326359831474706,0.5829874238697871,0.7517119283000847,0.9999999999627976,0.41108630950851616,0.8839285713956873,0.4143739417342426,0.08854253594821815,0.08844876327575234
0.10000000000000009,0.10000000000000009,12653.6083984375,287.8486328125,1.8735664371318435,0.0,0.9,0.7462797619047619,0.8922091782283885,0.0,0.8519061582328584,0.6012147162280739,0.7775850510952163,0.9999999999627976,0.3485863095108413,0.9014136904426557,0.3919973995904258,0.07088681207996354,0.07088681207996354
0.20000000000000018,0.10000000000000009,12828.333984375,289.9474182128906,2.028993665598565,0.0,0.9,0.7161458333333334,0.856655290102389,0.0,0.8899082567641012,0.5717928103832122,0.6363719133074459,0.9999999999627976,0.21800595237284207,0.8939732142524563,0.4426426555800119,0.06998865172930824,0.06427736184046448
0.30000000000000004,0.10000000000000009,13113.4248046875,293.4129638671875,2.2960697286864606,0.0,0.9,0.6436011904761905,0.8253968253968254,0.0,0.9196242170230038,0.49628756898886583,0.5180305970743327,0.9999999999627976,0.1640624999938965,0.8370535713974311,0.5496274328722877,0.10393232226052103,0.09859829542238818
0.40000000000000013,0.10000000000000009,13500.716796875,298.15509033203125,2.458357978258189,0.0,0.9,0.5844494047619048,0.7492447129909365,0.0,0.9256938226566075,0.4190610310741204,0.45823743911979203,0.9999999999627976,0.12313988094779986,0.802083333303494,0.6305505693519264,0.10851619723613239,0.09562216461254998
0.5,0.10000000000000009,13982.1171875,304.0626525878906,2.484839788265357,0.0,0.9,0.5215773809523809,0.7491749174917491,0.0,0.9409020216997743,0.35120950976319887,0.3586032747988226,0.9999999999627976,0.11272321428152073,0.7667410714000469,0.6897524064600908,0.10515554649177679,0.10068300875276877
0.6000000000000001,0.10000000000000009,14547.1474609375,311.01458740234375,2.44698988241047,0.0,0.9,0.5252976190476191,0.8475336322869955,0.0,0.9733542318986399,0.36580607929538145,0.6173115079365079,0.9999999999627976,0.08296130952072317,0.7805059523519158,0.6953664923096785,0.11359729872133068,0.05064860520342531
0.7000000000000002,0.10000000000000009,15187.3173828125,318.8886413574219,2.7445331122129266,0.0,0.9,0.37388392857142855,0.8404255319148937,0.0,0.9910873439696323,0.25463963464378314,0.5062636165577342,0.9999999999627976,0.03497023809393712,0.6737351190225546,0.8109648027442613,0.1230717630677419,0.12299167401384228
0.8,0.10000000000000009,15893.2939453125,327.5682678222656,2.995935977887048,0.0,0.9,0.2819940476190476,0.8428571428571429,0.0,0.9943005180831969,0.16930974629686957,0.3462693798449612,0.9999999999627976,0.026041666665697856,0.6186755952150791,0.896851883300771,0.17842162440427647,0.17840187689306206
0.9000000000000001,0.10000000000000009,16655.96484375,336.94677734375,3.379724148241911,0.0,0.9,0.20386904761904762,0.375,0.0,0.9556074765908595,0.10851687611302616,0.15356126596980255,0.9999999999627976,0.05654761904551534,0.5755208333119226,1.0002462176212896,0.26586683682644896,0.26586683682644896
1.0,0.10000000000000009,17466.97265625,346.9286193847656,4.014773728257598,0.0,0.9,0.18675595238095238,0.36018957345971564,0.0,0.9382433668372259,0.08852142650637838,0.1272713529856387,0.9999999999627976,0.07849702380660353,0.5457589285511251,1.0676719809755513,0.32961618602853676,0.32961618602853676
-1.0,0.20000000000000018,17606.3671875,349.2594909667969,inf,0.0,0.9,0.24330357142857142,0.1413793103448276,0.0,0.63274336280075,0.06799949189731602,0.0516479254591355,0.9999999999627976,0.3236607142736734,0.5357142856943559,1.207145767107108,0.44528817467299164,0.4444041035789657
-0.9,0.20000000000000018,16798.23828125,339.31134033203125,inf,0.0,0.9,0.2533482142857143,0.20416666666666666,0.0,0.7144992525802442,0.08031009587939644,0.041068135064198055,0.9999999999627976,0.26785714284717793,0.559523809502994,1.1427940958381917,0.42574063043918275,0.4238704814897448
-0.8,0.20000000000000018,16039.8720703125,329.9625549316406,inf,0.0,0.9,0.3132440476190476,0.18259023354564755,0.0,0.791440953369911,0.1288267922447991,0.06697819314641744,0.9999999999627976,0.17522321427919557,0.6815476190222639,0.99570537565171,0.32244619971951305,0.3221752489539106
-0.7,0.20000000000000018,15338.6279296875,321.3063049316406,5.070913864732382,0.0,0.9,0.3790922619047619,0.20776255707762556,0.0,0.792091072451043,0.1971978365923166,0.0501414323086985,0.9999999999627976,0.1629464285653666,0.7321428571156198,0.9065626757029374,0.24496006078487662,0.24496006078487662
-0.6,0.20000000000000018,14703.1953125,313.44671630859375,3.6653858506260923,0.0,0.9,0.4694940476190476,0.3772455089820359,0.0,0.8541374473454321,0.27430268429684196,0.1907215007215007,0.9999999999627976,0.12425595237632978,0.7786458333043659,0.7771553802577539,0.18106983248740421,0.18040599765012966
-0.5,0.20000000000000018,14140.2236328125,306.4970703125,3.0230543229241547,0.0,0.9,0.5238095238095238,0.6771428571428572,0.0,0.9117187499287719,0.3224514053247871,0.2723145415885624,0.9999999999627976,0.13020833332848927,0.7920386904467248,0.6855473988856794,0.15728164997764257,0.15728164997764257
-0.3999999999999999,0.20000000000000018,13662.0625,300.57623291015625,2.6257527095855955,0.0,0.9,0.5223214285714286,0.7973273942093542,0.0,0.9291277257843358,0.3267771118039482,0.32210848041690265,0.9999999999627976,0.16703869046997624,0.7886904761611351,0.6914521268906775,0.1841141316677588,0.1841141316677588
-0.29999999999999993,0.20000000000000018,13278.58203125,295.8018798828125,2.4097373413998904,0.0,0.9,0.5345982142857143,0.7933579335793358,0.0,0.910471622629059,0.35378741405944614,0.3404532598738455,0.9999999999627976,0.2016369047544034,0.8180803571124227,0.6732586632166648,0.1914164178762581,0.1914164178762581
-0.19999999999999996,0.20000000000000018,12998.8212890625,292.282470703125,1.997928271191507,0.0,0.9,0.6205357142857143,0.8193456614509246,0.0,0.875490195992599,0.43835664385704065,0.4310310259129384,0.9999999999627976,0.2615327380855085,0.8712797618723482,0.5448593603111437,0.13863128843340908,0.13636613217857574
-0.09999999999999998,0.20000000000000018,12828.330078125,290.1064758300781,1.7270292116098827,0.0,0.9,0.7760416666666666,0.9153005464480874,0.0,0.8970099666284037,0.6259935376593072,0.6511005407764474,0.9999999999627976,0.2723214285612976,0.9322916666319833,0.35842432625214576,0.039841146122004734,-0.000892060518698611
0.0,0.20000000000000018,12770.0595703125,289.3328857421875,1.8259838974710125,0.0,0.9,0.7540922619047619,0.8955026455026455,0.0,0.8804841148441023,0.6168440853142297,0.7814111072109259,0.9999999999627976,0.28124999998953687,0.9252232142512938,0.3853391865335607,0.05348962004705915,0.04981829779892241
0.10000000000000009,0.20000000000000018,12826.28125,289.9834289550781,1.9949008065364358,0.0,0.9,0.7090773809523809,0.855755894590846,0.0,0.8670076725234006,0.559868279372447,0.6394415531635054,0.9999999999627976,0.26822916665668795,0.8835565475861773,0.45754631497715065,0.09655948289672489,0.09655948289672489
0.20000000000000018,0.20000000000000018,12998.1357421875,292.0397033691406,2.1134627851051913,0.0,0.9,0.6752232142857143,0.8587360594795539,0.0,0.9129438716021828,0.5226132012747764,0.530833676798852,0.9999999999627976,0.20014880951636352,0.8567708333014594,0.5010017474175712,0.09845862235932798,0.09694836456041434
0.30000000000000004,0.20000000000000018,13279.15625,295.44573974609375,2.175911620045597,0.0,0.9,0.671875,0.8730964467005076,0.0,0.9433106574894206,0.5377494995260382,0.6622782960520804,0.9999999999627976,0.14657738094692793,0.8612351190155791,0.504278028441055,0.057402196989729974,0.052182118193001815
0.40000000000000013,0.20000000000000018,13660.2802734375,300.1150817871094,2.3510121647171407,0.0,0.9,0.5625,0.753731343283582,0.0,0.9438775509401464,0.39437079137539666,0.32953682790639316,0.9999999999627976,0.09970238094867179,0.789806547589665,0.6505350099421149,0.10145999259683289,0.09811507249121945
0.5,0.20000000000000018,14134.5322265625,305.9405822753906,2.55182358724553,0.0,0.9,0.49441964285714285,0.6514522821576764,0.0,0.9381898454055784,0.3310377529190295,0.26710155585617484,0.9999999999627976,0.08965773809190263,0.740699404734349,0.7357824100141194,0.12966303025912362,0.10999811735018306
0.6000000000000001,0.20000000000000018,14693.19921875,312.80517578125,2.571317220991631,0.0,0.9,0.4486607142857143,0.5808823529411765,0.0,0.9615384614735804,0.3127730171749352,0.270717377860235,0.9999999999627976,0.05059523809335584,0.7247023809254204,0.7678761602362276,0.11325823289307332,0.10113889663074654
0.7000000000000002,0.20000000000000018,15326.6328125,320.58984375,2.7329194253611027,0.0,0.9,0.3671875,0.6391752577319587,0.0,0.9794238682551779,0.2525335644108498,0.3064218279904554,0.9999999999627976,0.03608630952246703,0.6770833333081443,0.8375356056272829,0.1270629352452279,0.1255048299145057
0.8,0.20000000000000018,16025.9765625,329.1805419921875,3.025578713025254,0.0,0.9,0.26376488095238093,0.7289719626168224,0.0,0.9853461343615287,0.18329365512172274,0.2697369018123735,0.9999999999627976,0.039806547617566725,0.6413690475951872,0.9111353060898545,0.21092454463975005,0.21092454463975005
0.9000000000000001,0.20000000000000018,16781.9921875,338.472412109375,3.4869446047003465,0.0,0.9,0.17373511904761904,0.5666666666666667,0.0,0.9765871228736341,0.084322303787671,0.1442277362024607,0.9999999999627976,0.04464285714119633,0.5405505952179855,1.0323938778501316,0.3140732348108546,0.3140732348108546
1.0,0.20000000000000018,17586.607421875,348.3713684082031,4.217002251212149,0.0,0.9,0.15401785714285715,0.39819004524886875,0.0,0.941512752816996,0.07123080510275216,0.11546989694584245,0.9999999999627976,0.08221726190170323,0.521205357123467,1.113999575389754,0.3666920184514871,0.3666920184514871
-1.0,0.30000000000000004,17811.462890625,351.881591796875,inf,0.0,0.9,0.23139880952380953,0.17893755824790308,0.0,0.5735721200109598,0.06564715284024678,0.041250236832133386,0.9999999999627976,0.39918154760419716,0.5037202380764986,1.2647450246913237,0.47565527477521624,0.4717307741469041
-0.9,0.30000000000000004,17013.81640625,342.05322265625,inf,0.0,0.9,0.25223214285714285,0.21951219512195122,0.0,0.7293532337945595,0.0828477847611018,0.05029808370058563,0.9999999999627976,0.25930059522844867,0.5569196428364241,1.1562086839605887,0.4404708281260691,0.43863021750123743
-0.8,0.30000000000000004,16265.9072265625,332.82763671875,inf,0.0,0.9,0.29129464285714285,0.17832167832167833,0.0,0.7532808398554708,0.11626101526462354,0.0556917211328976,0.9999999999627976,0.21279761903970248,0.6201636904531189,1.0698395319894298,0.3847728931393283,0.3847728931393283
-0.7,0.30000000000000004,15575.3740234375,324.2956848144531,5.728053130408017,0.0,0.9,0.38318452380952384,0.170995670995671,0.0,0.7689987936810012,0.19013933397418176,0.11478863446180933,0.9999999999627976,0.17187499999360584,0.7302827380680699,0.900617370387665,0.2668160399663076,0.2668160399663076
-0.6,0.30000000000000004,14950.056640625,316.5584716796875,4.425943954465642,0.0,0.9,0.4557291666666667,0.2263681592039801,0.0,0.7874231031587544,0.2605468462555124,0.12250177317973929,0.9999999999627976,0.14955357142300768,0.7559523809242578,0.8049780593288345,0.2077526840206083,0.2077526840206083
-0.5,0.30000000000000004,14397.7353515625,309.7251892089844,3.3601130223879725,0.0,0.9,0.47098214285714285,0.6176470588235294,0.0,0.9268635723680123,0.2658997276735543,0.319828083407276,0.9999999999627976,0.10119047618671168,0.7593005952098475,0.7518410486018376,0.19463983790305842,0.19463983790305842
-0.3999999999999999,0.30000000000000004,13929.7197265625,303.9093933105469,2.6998413027332195,0.0,0.9,0.5431547619047619,0.8386075949367089,0.0,0.9584690552965416,0.33270840607761665,0.38838808997732627,0.9999999999627976,0.11755952380515032,0.789434523780155,0.6567035753162491,0.14070815294493813,0.14070815294493813
-0.29999999999999993,0.30000000000000004,13554.0654296875,299.2230529785156,2.4652121434099055,0.0,0.9,0.6008184523809523,0.843956043956044,0.0,0.9338303820192142,0.41456445062137404,0.4401933892633355,0.9999999999627976,0.16927083332703607,0.825892857112132,0.5780102458124414,0.11323126810692762,0.11323126810692762
-0.19999999999999996,0.30000000000000004,13279.701171875,295.7686462402344,2.2810166367080793,0.0,0.9,0.5833333333333334,0.8140900195694716,0.0,0.915178571346859,0.3994787745746241,0.41437464807787827,0.9999999999627976,0.19010416665959434,0.8325892856833115,0.5941351468948851,0.13675528286310154,0.13657334780886396
-0.09999999999999998,0.30000000000000004,13112.7548828125,293.62939453125,2.128633150641047,0.0,0.9,0.5855654761904762,0.803886925795053,0.0,0.9003590663464668,0.3997264941763655,0.3924879550497044,0.9999999999627976,0.21056547618264265,0.8638392856821488,0.6008599804022715,0.13909565742268715,0.13763798620052986
0.0,0.30000000000000004,13055.537109375,292.86083984375,1.8453288034371704,0.0,0.9,0.7526041666666666,0.9197207678883071,0.0,0.930827067529199,0.6218747707648117,0.6837899068350196,0.9999999999627976,0.21316964284921244,0.9296874999654134,0.39688906599496926,0.045519535749378816,-0.012947225651868396
0.10000000000000009,0.30000000000000004,13110.6796875,293.4835205078125,2.052183187514555,0.0,0.9,0.6443452380952381,0.8317972350230415,0.0,0.9236401672674017,0.4804036546270382,0.5062256459916354,0.9999999999627976,0.1614583333273267,0.85044642853979,0.5493180956498686,0.1097412682357789,0.1097412682357789
0.20000000000000018,0.30000000000000004,13277.650390625,295.4806213378906,2.0186475069938266,0.0,0.9,0.6741071428571429,0.8697183098591549,0.0,0.9577625569682919,0.5306638122758135,0.5445216437212187,0.9999999999627976,0.1056547619008313,0.8787202380625476,0.4989233206181064,0.0627354790565408,0.0621302364829965
0.30000000000000004,0.30000000000000004,13551.2939453125,298.8000793457031,2.238397189896153,0.0,0.9,0.6238839285714286,0.7644444444444445,0.0,0.9475766566817432,0.48428086075123133,0.507806097585233,0.9999999999627976,0.08370535713974311,0.8422619047305706,0.5746071622536555,0.07807929217417739,0.05819805044713833
0.40000000000000013,0.30000000000000004,13923.8798828125,303.3609619140625,2.1684374360271375,0.0,0.9,0.6071428571428571,0.7414965986394558,0.0,0.9640151514238622,0.4669330590806615,0.5451047085500867,0.9999999999627976,0.054687499997965495,0.8463541666351804,0.6029780974401794,0.1120672458113181,0.02104182506113835
0.5,0.30000000000000004,14389.2353515625,309.0625,2.3764990284512386,0.0,0.9,0.5200892857142857,0.6538461538461539,0.0,0.9651162789949521,0.3773328277061988,0.25181073970420215,0.9999999999627976,0.04836309523629602,0.814360119017323,0.6920369960022648,0.09511373134736652,0.04079352059963217
0.6000000000000001,0.30000000000000004,14936.8251953125,315.7933654785156,2.5996052447367086,0.0,0.9,0.4025297619047619,0.64,0.0,0.9719800746592789,0.3025487018600459,0.42231735159817346,0.9999999999627976,0.04650297618874617,0.7507440475911182,0.7930792883169113,0.11970436829083075,0.11221675721088235
0.7000000000000002,0.30000000000000004,15559.357421875,323.4398498535156,2.9260679640810725,0.0,0.9,0.2961309523809524,0.7027027027027027,0.0,0.9825581394829515,0.20153903929265288,0.28988191089640364,0.9999999999627976,0.0412946428556066,0.6305803571193981,0.9062213455447309,0.18713278671270298,0.18713278671270298
0.8,0.30000000000000004,16247.650390625,331.89208984375,3.2269425599150554,0.0,0.9,0.20721726190476192,0.6571428571428571,0.0,0.9831065227131345,0.10961086296560474,0.33611111111111114,0.9999999999627976,0.03906249999854679,0.5863095237877117,0.991349434556199,0.26444668173341546,0.2642536733319599
0.9000000000000001,0.30000000000000004,16992.521484375,341.0482177734375,3.692729634620785,0.0,0.9,0.15401785714285715,0.5337423312883436,0.0,0.9665787158765797,0.06986662421814166,0.24745713356990004,0.9999999999627976,0.06063988095012501,0.5602678571220139,1.0599583116156477,0.3335028959884381,0.3335028959884381
1.0,0.30000000000000004,17786.69921875,350.81622314453125,4.465874445590953,0.0,0.9,0.12834821428571427,0.3811188811188811,0.0,0.9244558258248206,0.06335043832447926,0.14754878398024548,0.9999999999627976,0.10639880951985124,0.5104166666476779,1.1410255095319066,0.4026438887117911,0.4026438887117911
-1.0,0.40000000000000013,18093.193359375,355.4620666503906,inf,0.0,0.9,0.22358630952380953,0.21149594694178334,0.0,0.48730234784440335,0.057951827344237615,0.04224836263357463,0.9999999999627976,0.5048363095050284,0.48735119045805986,1.325449694683735,0.5137288646994527,0.5137288646994527
-0.9,0.40000000000000013,17309.806640625,345.79571533203125,inf,0.0,0.9,0.24441964285714285,0.2276595744680851,0.0,0.6425406203524106,0.07429958629198896,0.04344951923076923,0.9999999999627976,0.3497023809393712,0.5319940475992562,1.2239930438035034,0.49273540217963707,0.48891081467642583
-0.8,0.40000000000000013,16576.060546875,336.7362365722656,inf,0.0,0.9,0.2689732142857143,0.2120253164556962,0.0,0.74656488545819,0.09878188338252358,0.038953488372093024,0.9999999999627976,0.23511904761030064,0.5840773809306519,1.1300383804336724,0.43102298261715516,0.42957752076261396
-0.7,0.40000000000000013,15899.5703125,328.37152099609375,inf,0.0,0.9,0.31473214285714285,0.19919517102615694,0.0,0.7839305102723164,0.13110328677601457,0.11661594858055838,0.9999999999627976,0.1848958333264548,0.6685267856894149,1.0045735688789292,0.34739497918125245,0.34739497918125245
-0.6,0.40000000000000013,15287.630859375,320.798583984375,4.760077277839064,0.0,0.9,0.3630952380952381,0.1838006230529595,0.0,0.8469626167729577,0.17776827534742487,0.17773779324720274,0.9999999999627976,0.11941964285270017,0.6956845237836428,0.905603217409713,0.2710143829273536,0.2710143829273536
-0.5,0.40000000000000013,14749.1787109375,314.1210632324219,3.8409885701053064,0.0,0.9,0.4486607142857143,0.3708609271523179,0.0,0.9358974358342849,0.23521686235012126,0.14418145956607495,0.9999999999627976,0.05617559523600538,0.7384672618772892,0.7803006411657964,0.2077333541972942,0.20736882010306293
-0.3999999999999999,0.40000000000000013,14293.8505859375,308.4459533691406,3.2080939818247605,0.0,0.9,0.4575892857142857,0.6993865030674846,0.0,0.966392318177888,0.2569299176689109,0.28636413309390935,0.9999999999627976,0.06063988095012501,0.7313988094965997,0.768207787738522,0.1915021181577406,0.1915021181577406
-0.29999999999999993,0.40000000000000013,13928.81640625,303.87786865234375,2.636831842116132,0.0,0.9,0.5316220238095238,0.8379310344827586,0.0,0.9626687846733384,0.32311670352096616,0.31168192191022726,0.9999999999627976,0.10788690475789112,0.7946428571132946,0.654765282878628,0.12827717521243334,0.12807634147271832
-0.19999999999999996,0.40000000000000013,13662.19140625,300.51171875,2.4503381392629584,0.0,0.9,0.5316220238095238,0.7744565217391305,0.0,0.9340746623563085,0.32605975766622447,0.2702011078570268,0.9999999999627976,0.13690476189966874,0.813616071398303,0.6664523114864658,0.1417375341961278,0.1417375341961278
-0.09999999999999998,0.40000000000000013,13500.0810546875,298.4244079589844,2.088755086058166,0.0,0.9,0.6183035714285714,0.8849557522123894,0.0,0.9493177386988968,0.4460163463776529,0.48225068127494153,0.9999999999627976,0.16815476189850614,0.9174107142515845,0.5351220258060398,0.06382582839232011,0.06291159744636855
0.0,0.40000000000000013,13445.3251953125,297.6667785644531,1.8948577994689433,0.0,0.9,0.6878720238095238,0.920704845814978,0.0,0.9570917758096434,0.5406687586951718,0.599764412649249,0.9999999999627976,0.1688988095175261,0.9386160713936528,0.46369570703121005,0.041568135655030286,-0.00160575615651624
0.10000000000000009,0.40000000000000013,13499.5029296875,298.2579040527344,1.960634280827218,0.0,0.9,0.6640625,0.8923076923076924,0.0,0.9612403099710698,0.5275829963336908,0.5826958198874708,0.9999999999627976,0.12090773809074004,0.9055059523472655,0.49932474600766497,0.045141118868894665,0.013262448785064097
0.20000000000000018,0.40000000000000013,13660.65625,300.1828308105469,2.1666376936506446,0.0,0.9,0.6034226190476191,0.803088803088803,0.0,0.9521575984097412,0.44909009413838585,0.40452208893385366,0.9999999999627976,0.09635416666308207,0.8433779761591006,0.6113648432312747,0.1007570719289552,0.054241643415879476
0.30000000000000004,0.40000000000000013,13925.23046875,303.39422607421875,2.0211923102665543,0.0,0.9,0.6294642857142857,0.89171974522293,0.0,0.9829317268089426,0.5038856461685,0.4447411710811261,0.9999999999627976,0.05840773809306519,0.8895089285383367,0.5714904350319041,0.09505464784881361,-0.00721064738404616
0.40000000000000013,0.40000000000000013,14287.822265625,307.8179931640625,2.251616861454665,0.0,0.9,0.5580357142857143,0.8536585365853658,0.0,0.9848484847655851,0.450615178218841,0.3510865884815465,0.9999999999627976,0.045758928569726236,0.8671874999677386,0.6502752350363706,0.09850165304835458,0.010499833055300875
0.5,0.40000000000000013,14739.791015625,313.36090087890625,2.4373087001852682,0.0,0.9,0.43638392857142855,0.75,0.0,0.9801980197372806,0.32655960086932323,0.31765824974057416,0.9999999999627976,0.04464285714119633,0.8180803571124227,0.7683300744863797,0.11929466349970137,0.07468430780624075
0.6000000000000001,0.40000000000000013,15273.1748046875,319.9192199707031,2.7154155961733326,0.0,0.9,0.2994791666666667,0.7623762376237624,0.0,0.987254381253996,0.22212661553776622,0.23177655677655676,0.9999999999627976,0.037574404760506906,0.7150297618781611,0.8958862149832579,0.1922372804636153,0.18857493221329558
0.7000000000000002,0.40000000000000013,15880.935546875,327.3861083984375,3.068327226599343,0.0,0.9,0.23511904761904762,0.7238095238095238,0.0,0.9858949415862892,0.16419360508618047,0.3368008760107817,0.9999999999627976,0.03906249999854679,0.6205357142626289,0.9745689705447621,0.26012184596152904,0.26012184596152904
0.8,0.40000000000000013,16553.97265625,335.65704345703125,3.404100347542858,0.0,0.9,0.203125,0.5405405405405406,0.0,0.9682539682087651,0.1185126175916268,0.24888392857142858,0.9999999999627976,0.05505952380747547,0.5695684523597631,1.0358913878043101,0.29848238807562427,0.29675479772490115
0.9000000000000001,0.40000000000000013,17284.328125,344.63433837890625,3.969269873614354,0.0,0.9,0.1480654761904762,0.3803418803418803,0.0,0.9366812226665205,0.0627160722446409,0.1555809985632184,0.9999999999627976,0.08705357142533283,0.48660714283903994,1.107473208209818,0.35811304690353113,0.35811304690353113
1.0,0.40000000000000013,18064.76953125,354.22894287109375,4.596499483199848,0.0,0.9,0.13058035714285715,0.32781456953642385,0.0,0.9131364997469775,0.05457686614744055,0.14498317330020732,0.9999999999627976,0.11235119047201075,0.4508928571260829,1.1600961057243961,0.3953182208848789,0.3953182208848789
-1.0,0.5,18450.119140625,359.95391845703125,inf,0.0,0.9,0.2109375,0.18733333333333332,0.0,0.4252710985183748,0.054396317756132975,0.03796566159042125,0.9999999999627976,0.558035714264954,0.498139880933849,1.369504846683559,0.5354560502948175,0.5354560502948175
-0.9,0.5,17682.9453125,350.48516845703125,inf,0.0,0.9,0.23846726190476192,0.2382875605815832,0.0,0.539325842670282,0.06582762569786883,0.04370332198123917,0.9999999999627976,0.4605654761733421,0.5159970237903275,1.2798043616400103,0.5391794070655123,0.5391794070655123
-0.8,0.5,16966.26953125,341.6274719238281,inf,0.0,0.9,0.265625,0.2853881278538813,0.0,0.6828774062470679,0.09273928342879709,0.044837308789214415,0.9999999999627976,0.3258928571307332,0.5691964285502531,1.18220259334852,0.4742261932562188,0.47282952130696243
-0.7,0.5,16307.1474609375,333.4649658203125,inf,0.0,0.9,0.29464285714285715,0.21476510067114093,0.0,0.7531645569223014,0.11546110580521915,0.09139015251035294,0.9999999999627976,0.22172619046794176,0.6361607142620477,1.0743120478999633,0.39081412314946307,0.38961404805120664
-0.6,0.5,15711.6865234375,326.08953857421875,5.715082716958412,0.0,0.9,0.3005952380952381,0.10498687664041995,0.0,0.8186170212330522,0.1321278152322936,0.055302039838298345,0.9999999999627976,0.14174107142329834,0.643973214261757,1.0141702029108162,0.3416439742627919,0.3416439742627919
-0.5,0.5,15189.423828125,319.59857177734375,4.384937707360721,0.0,0.9,0.38578869047619047,0.20666666666666667,0.0,0.9279224711733541,0.1870881779762483,0.1515412792335869,0.9999999999627976,0.055803571426495405,0.6982886904502125,0.8799605905645527,0.24479168239644353,0.24461805002731493
-0.3999999999999999,0.5,14748.0458984375,314.0915222167969,3.5125332476226303,0.0,0.9,0.4694940476190476,0.7037037037037037,0.0,0.9887798035772244,0.26909441744327245,0.33352326685660016,0.9999999999627976,0.020089285713538345,0.7570684523527876,0.7505111941799497,0.16132720545969562,0.16001929958425562
-0.29999999999999993,0.5,14395.1005859375,309.6644287109375,2.8694579618116904,0.0,0.9,0.49367559523809523,0.6973684210526315,0.0,0.9662013224859514,0.2854284891179318,0.3317403899006754,0.9999999999627976,0.05654761904551534,0.7671130952095568,0.7136781535664759,0.13007501175560957,0.13007501175560957
-0.19999999999999996,0.5,14138.689453125,306.4039306640625,2.436685102201531,0.0,0.9,0.5610119047619048,0.8512396694214877,0.0,0.9694915253415685,0.35637820850649615,0.44758190883190885,0.9999999999627976,0.09002976190141258,0.801711309493984,0.6188821378435463,0.052468392189205355,0.052468392189205355
-0.09999999999999998,0.5,13983.10546875,304.3796691894531,2.39119194517284,0.0,0.9,0.5386904761904762,0.851063829787234,0.0,0.9604838708902835,0.3555169524839787,0.4442983219998844,0.9999999999627976,0.12239583332877993,0.838913690444981,0.640162978225943,0.07504239713310404,0.07504239713310404
0.0,0.5,13930.5859375,303.6375427246094,2.0091139938565465,0.0,0.9,0.6164434523809523,0.8932926829268293,0.0,0.9660523762399561,0.4476828922116823,0.4549405090359383,0.9999999999627976,0.12202380951926996,0.9211309523466842,0.548475728951504,0.0533085870248598,-0.0070838567858313
0.10000000000000009,0.5,13982.400390625,304.19500732421875,2.159717114733225,0.0,0.9,0.5926339285714286,0.8115384615384615,0.0,0.9552511414652738,0.44735476530390245,0.28605038236617186,0.9999999999627976,0.09672619047259204,0.8895089285383367,0.6005809347299449,0.08593492050834209,0.005184812568602722
0.20000000000000018,0.5,14137.4111328125,306.038818359375,2.210705178537613,0.0,0.9,0.5647321428571429,0.8733031674208145,0.0,0.9760683759849513,0.42198589163631306,0.31838194444444445,0.9999999999627976,0.08221726190170323,0.8563988094919495,0.6378423605574062,0.0747840598555312,0.01508546946876922
0.30000000000000004,0.5,14392.767578125,309.1268615722656,2.41184009817896,0.0,0.9,0.48214285714285715,0.8427672955974843,0.0,0.9820402298145086,0.35350612382656743,0.3269848159171076,0.9999999999627976,0.05915178571208513,0.8314732142547816,0.7180248216366941,0.09019224532315873,0.0659862964628826
0.40000000000000013,0.5,14743.357421875,313.3923034667969,2.4887279525038846,0.0,0.9,0.4337797619047619,0.8672566371681416,0.0,0.9901445465840903,0.34675025530364645,0.41151515151515156,0.9999999999627976,0.042038690474626536,0.8113839285412432,0.7625648250975476,0.11780541207637628,0.08607028980803293
0.5,0.5,15179.7412109375,318.7505798339844,2.766804875870647,0.0,0.9,0.3240327380952381,0.839622641509434,0.0,0.9906439184925346,0.22933413976519482,0.3140527950310559,0.9999999999627976,0.03943452380805675,0.7466517856865086,0.875959293358945,0.17808162241337555,0.16716861787828552
0.6000000000000001,0.5,15695.4443359375,325.1064453125,2.9375884122387914,0.0,0.9,0.26339285714285715,0.8367346938775511,0.0,0.9919191918690949,0.19701342648607975,0.36742424242424243,0.9999999999627976,0.036458333331977,0.6729910714035346,0.9269841303869218,0.21303311591408097,0.21303311591408097
0.7000000000000002,0.5,16284.513671875,332.36083984375,3.2906427361840542,0.0,0.9,0.20461309523809523,0.6990291262135923,0.0,0.9855004676807531,0.1371756335178845,0.22333333333333333,0.9999999999627976,0.03831845237952684,0.5628720237885837,1.0105187964678177,0.2847354542009424,0.2847354542009424
0.8,0.5,16939.70703125,340.4157409667969,3.737188580107175,0.0,0.9,0.17336309523809523,0.4228571428571429,0.0,0.9545454545024957,0.09402018466344218,0.11860091128383811,0.9999999999627976,0.06510416666424464,0.49739583331482906,1.083502328622695,0.33421083034941523,0.33421083034941523
0.9000000000000001,0.5,17652.412109375,349.1785888671875,4.2175941083034605,0.0,0.9,0.15141369047619047,0.31785714285714284,0.0,0.9162647961018736,0.06300342365658278,0.11932265790289533,0.9999999999627976,0.10416666666279142,0.46093749998285205,1.1396890158313622,0.3741857045604012,0.3741857045604012
1.0,0.5,18416.32421875,358.5638732910156,5.001085967690561,0.0,0.9,0.12834821428571427,0.25316455696202533,0.0,0.874093043069821,0.05716711428403456,0.14544314596379854,0.9999999999627976,0.1469494047564379,0.437872023793234,1.208200962967026,0.4351123420866801,0.4351123420866801
-1.0,0.6000000000000001,18877.21484375,365.302490234375,inf,0.0,0.9,0.1636904761904762,0.08051761322789361,0.0,0.4310498220448822,0.042819245452342204,0.029121384130575308,0.9999999999627976,0.5174851190283674,0.47767857141080067,1.4503090128272729,0.5718123966897819,0.5711987794760025
-0.9,0.6000000000000001,18128.96484375,356.0599060058594,inf,0.0,0.9,0.19642857142857142,0.15139442231075698,0.0,0.5069444444209749,0.05575592273022417,0.039761967294693334,0.9999999999627976,0.46688988093501155,0.5052083333145384,1.3560396399698076,0.5855991389717252,0.5849950846547955
-0.8,0.6000000000000001,17432.310546875,347.43170166015625,inf,0.0,0.9,0.21986607142857142,0.196,0.0,0.616595135879037,0.05982851985436341,0.03543010912867309,0.9999999999627976,0.3720238095099694,0.5133928571237577,1.2745318712158782,0.5343502317163664,0.5343502317163664
-0.7,0.6000000000000001,16792.267578125,339.4977111816406,inf,0.0,0.9,0.2570684523809524,0.22473604826546004,0.0,0.7426139208441355,0.08347209877725731,0.061851390618513906,0.9999999999627976,0.2466517857051097,0.5766369047404525,1.151836666129365,0.4491789680617072,0.44813022295855587
-0.6,0.6000000000000001,16215.7666015625,332.34442138671875,6.422294504905283,0.0,0.9,0.2838541666666667,0.12432432432432433,0.0,0.831688311645107,0.1100262920816838,0.08414580588493632,0.9999999999627976,0.13764880951868866,0.643973214261757,1.0484008883988742,0.3610000297386976,0.3603951860483547
-0.5,0.6000000000000001,15710.92578125,326.0620422363281,5.053216570221397,0.0,0.9,0.31361607142857145,0.10714285714285714,0.0,0.9322493224426964,0.12767798561443586,0.2442346256684492,0.9999999999627976,0.05208333333139571,0.6919642856885431,0.9598066768514598,0.2999590338756262,0.2999590338756262
-0.3999999999999999,0.6000000000000001,15284.7626953125,320.74169921875,4.097330713734484,0.0,0.9,0.3523065476190476,0.6363636363636364,0.0,0.9931074094777077,0.16874952549099875,0.39747659747659747,0.9999999999627976,0.012276785713828989,0.6938244047360929,0.8853354240576697,0.2285738861126761,0.2285738861126761
-0.29999999999999993,0.6000000000000001,14944.796875,316.4710388183594,3.4829042499358542,0.0,0.9,0.3898809523809524,0.4782608695652174,0.0,0.9780487804281677,0.2014539999255026,0.28874458874458875,0.9999999999627976,0.025669642856187887,0.717633928544731,0.8522969414961448,0.1849750530083539,0.1849750530083539
-0.19999999999999996,0.6000000000000001,14699.525390625,313.32763671875,2.9405216022142673,0.0,0.9,0.4680059523809524,0.7391304347826086,0.0,0.9748251747570051,0.27213186870183037,0.366314387367019,0.9999999999627976,0.051339285712375775,0.7581845237813176,0.7598346259110099,0.12986376000976635,0.10286655096790136
-0.09999999999999998,0.6000000000000001,14551.064453125,311.37384033203125,2.726661326523936,0.0,0.9,0.43936011904761907,0.6956521739130435,0.0,0.9628400795645096,0.26127436621004957,0.3295903701042041,0.9999999999627976,0.06845238094983437,0.7745535713997562,0.7761968016373215,0.14480447695596443,0.12943518775253657
0.0,0.6000000000000001,14500.8076171875,310.65057373046875,2.4058872318886446,0.0,0.9,0.46763392857142855,0.8066037735849056,0.0,0.9713487071298847,0.29144904832509627,0.29786803610333024,0.9999999999627976,0.0788690476161135,0.8251488094931121,0.7188686609474553,0.1171532577566758,0.07527195742700854
0.10000000000000009,0.6000000000000001,14549.7724609375,311.1734313964844,2.3367456908447277,0.0,0.9,0.48735119047619047,0.8373205741626795,0.0,0.9753265601614421,0.3490119317092363,0.15244755244755245,0.9999999999627976,0.0777529761875836,0.8366815475879211,0.7020610327396246,0.10103554174875012,0.0375273408052697
0.20000000000000018,0.6000000000000001,14698.4326171875,312.9310302734375,2.596859568134933,0.0,0.9,0.3947172619047619,0.7558139534883721,0.0,0.9741856176414145,0.2995061549358866,0.1498639455782313,0.9999999999627976,0.06398809523571473,0.7805059523519158,0.7956907381839917,0.12835913580665648,0.12290959664878269
0.30000000000000004,0.6000000000000001,14943.5361328125,315.88623046875,2.480472851137969,0.0,0.9,0.40848214285714285,0.8581081081081081,0.0,0.9867924527681262,0.36973696943120427,0.2962962962962963,0.9999999999627976,0.05505952380747547,0.825892857112132,0.7376345833997043,0.10515311550690339,0.0915441167254227
0.40000000000000013,0.6000000000000001,15280.873046875,319.97967529296875,2.6785962830073227,0.0,0.9,0.34263392857142855,0.8103448275862069,0.0,0.9875495189027985,0.28996978517516847,0.2072764857881137,0.9999999999627976,0.043154761903156445,0.7466517856865086,0.8333316431438422,0.13824106807627323,0.13824106807627323
0.5,0.6000000000000001,15701.140625,325.1358642578125,2.864134344593088,0.0,0.9,0.28422619047619047,0.945054945054945,0.0,0.9974012473494074,0.21978060986610898,0.4583333333333333,0.9999999999627976,0.033854166665407213,0.6815476190222639,0.8921636490689083,0.1791228178054356,0.17659435216982297
0.6000000000000001,0.6000000000000001,16197.4814453125,331.2683410644531,3.1820015888291984,0.0,0.9,0.22916666666666666,0.8941176470588236,0.0,0.9956563706083178,0.16754269233120378,0.34771689497716896,0.9999999999627976,0.031622023808347395,0.558407738074464,0.9672519161099516,0.24146831111087722,0.24146831111087722
0.7000000000000002,0.6000000000000001,16766.130859375,338.2864685058594,3.5015482535325018,0.0,0.9,0.18229166666666666,0.7153846153846154,0.0,0.9831665149689188,0.12846309223139518,0.38220779220779216,0.9999999999627976,0.04836309523629602,0.5040922618860085,1.0437889231344826,0.31609795221271425,0.31609795221271425
0.8,0.6000000000000001,17400.375,346.0993347167969,3.8981214498622605,0.0,0.9,0.16517857142857142,0.4708994708994709,0.0,0.9554367201000251,0.08302168981172754,0.1305383022774327,0.9999999999627976,0.07031249999738422,0.4642857142684418,1.0916650797625098,0.34201003831938515,0.34201003831938515
0.9000000000000001,0.6000000000000001,18093.328125,354.62005615234375,4.7060771046713885,0.0,0.9,0.1331845238095238,0.24607329842931938,0.0,0.8763948497477942,0.05893223305284816,0.10601946349677047,0.9999999999627976,0.1421130952328083,0.4423363095073536,1.198172394860114,0.42679970005613105,0.42679970005613105
1.0,0.6000000000000001,18837.666015625,363.7673645019531,5.390404024232573,0.0,0.9,0.13616071428571427,0.19789473684210526,0.0,0.8359173126254988,0.06000256189247073,0.16411182959300114,0.9999999999627976,0.17671130951723546,0.42819940474597473,1.2340602570276569,0.4511887576527592,0.4511887576527592
-1.0,0.7000000000000002,19369.580078125,371.4481506347656,inf,0.0,0.9,0.07477678571428571,0.03076923076923077,0.0,0.39203860070800006,0.023696778369447655,0.007125185083399702,0.9999999999627976,0.5803571428355522,0.4356398809361741,1.6245604178786415,0.6798580378736092,0.6798580378736092
-0.9,0.7000000000000002,18643.033203125,362.4531555175781,inf,0.0,0.9,0.12574404761904762,0.026101141924959218,0.0,0.49191489359608875,0.03701736214637094,0.01052325906851769,0.9999999999627976,0.4561011904592224,0.4713541666491312,1.477793287881521,0.6504992689514135,0.6504992689514135
-0.8,0.7000000000000002,17967.310546875,354.07440185546875,inf,0.0,0.9,0.15364583333333334,0.04885654885654886,0.0,0.5978021977759208,0.04712304734348738,0.022426983652312597,0.9999999999627976,0.35788690474859053,0.4817708333154103,1.3850833829045586,0.5948225628732158,0.5948225628732158
-0.7,0.7000000000000002,17347.712890625,346.3872375488281,inf,0.0,0.9,0.2105654761904762,0.09569377990430622,0.0,0.7327992459598116,0.06801156493327415,0.03726346860583314,0.9999999999627976,0.2332589285627508,0.5081845237906182,1.2604125847507481,0.5042745681474166,0.5042745681474166
-0.6,0.7000000000000002,16791.216796875,339.4720764160156,inf,0.0,0.9,0.22321428571428573,0.08258928571428571,0.0,0.8031609195017644,0.06963839749891908,0.03668709567585972,0.9999999999627976,0.16666666666046628,0.5602678571220139,1.1605999037656667,0.4347472696567043,0.4347472696567043
-0.5,0.7000000000000002,16305.205078125,333.4120178222656,5.804790284323094,0.0,0.9,0.25558035714285715,0.06711409395973154,0.0,0.9305347325871797,0.09886720787216939,0.06403508771929825,0.9999999999627976,0.05543154761698544,0.632440476166948,1.0624383325903717,0.3551779863917884,0.3551779863917884
-0.3999999999999999,0.7000000000000002,15895.75,328.28985595703125,4.8170141718478305,0.0,0.9,0.2700892857142857,0.47368421052631576,0.0,0.9796126401131695,0.11452047462046004,0.1912390029325513,0.9999999999627976,0.02827380952275767,0.6551339285470561,0.999806402454259,0.30907993403694345,0.30907993403694345
-0.29999999999999993,0.7000000000000002,15570.3798828125,324.1840515136719,4.06797707815265,0.0,0.9,0.29055059523809523,0.5636363636363636,0.0,0.9874147875727627,0.15536954986309862,0.17575137338295233,0.9999999999627976,0.020461309523048317,0.6726190475940246,0.9489957613575656,0.27106405285594404,0.2659642674754872
-0.19999999999999996,0.7000000000000002,15335.8447265625,321.1640625,3.448290669087467,0.0,0.9,0.29985119047619047,0.8089887640449438,0.0,0.9909670562704055,0.1645513051952828,0.48172757475083056,0.9999999999627976,0.033110119046387276,0.6770833333081443,0.9160030131500316,0.24328254046559708,0.24068886847713478
-0.09999999999999998,0.7000000000000002,15193.8837890625,319.2848815917969,3.0681180426798433,0.0,0.9,0.32068452380952384,0.785234899328859,0.0,0.982475355915527,0.2049157432820003,0.21895648940579815,0.9999999999627976,0.05543154761698544,0.7213541666398307,0.8729115997266264,0.20493690354803365,0.20493690354803365
0.0,0.7000000000000002,15145.7041015625,318.5825500488281,2.997523629908036,0.0,0.9,0.31063988095238093,0.7473118279569892,0.0,0.9746357257973752,0.21818853210485328,0.21527155043572233,0.9999999999627976,0.0691964285688543,0.7120535714020814,0.876953379257791,0.211442512849834,0.211442512849834
0.10000000000000009,0.7000000000000002,15192.673828125,319.07098388671875,2.6840774069185276,0.0,0.9,0.3195684523809524,0.8134715025906736,0.0,0.9803171131230006,0.2524902308817535,0.20859159779614325,0.9999999999627976,0.07180059523542409,0.752604166638668,0.8334868881749694,0.18217722828490154,0.18217722828490154
0.20000000000000018,0.7000000000000002,15335.02734375,320.7403869628906,2.8500346189715113,0.0,0.9,0.30319940476190477,0.8165680473372781,0.0,0.9834490122272584,0.25729933515423675,0.1451142440447253,0.9999999999627976,0.06287202380718482,0.7377232142582693,0.8568494575533125,0.188114050861261,0.188114050861261
0.30000000000000004,0.7000000000000002,15569.103515625,323.55841064453125,2.6957232036439107,0.0,0.9,0.3080357142857143,0.9264705882352942,0.0,0.994623655860504,0.25273581915191956,0.45024077046548955,0.9999999999627976,0.05059523809335584,0.7425595237818988,0.8435490443516491,0.1714279535481571,0.1714279535481571
0.40000000000000013,0.7000000000000002,15891.5400390625,327.4731140136719,2.9243912627210014,0.0,0.9,0.2779017857142857,0.8706896551724138,0.0,0.9922720246783991,0.23804481421663218,0.313413506012951,0.9999999999627976,0.043154761903156445,0.6759672618796143,0.8863800458258865,0.18073223854147516,0.18073223854147516
0.5,0.7000000000000002,16295.3720703125,332.4173583984375,3.102366967988996,0.0,0.9,0.24590773809523808,0.8505747126436781,0.0,0.9935865811053978,0.1871990992193341,0.15574912891986065,0.9999999999627976,0.03236607142736733,0.582961309502122,0.9409968665554888,0.2089104170431195,0.20389092626771402
0.6000000000000001,0.7000000000000002,16772.728515625,338.3138427734375,3.376562621387794,0.0,0.9,0.1800595238095238,0.8804347826086957,0.0,0.9950090743650178,0.12588577434393072,0.2530864197530864,0.9999999999627976,0.034226190474917186,0.5301339285517064,1.0053372990213443,0.2782799410076983,0.2782799410076983
0.7000000000000002,0.7000000000000002,17320.064453125,345.08026123046875,3.8489665155503094,0.0,0.9,0.15476190476190477,0.6962962962962963,0.0,0.9819542253088929,0.09842822784538363,0.17079889807162535,0.9999999999627976,0.050223214283845866,0.43526785712666416,1.0736151301694388,0.33900341318078686,0.33900341318078686
0.8,0.7000000000000002,17932.05078125,352.63336181640625,4.3673898842685785,0.0,0.9,0.13095238095238096,0.3803418803418803,0.0,0.9379280821516298,0.06804023595048422,0.14313266443701228,0.9999999999627976,0.08705357142533283,0.41927083331773546,1.1404456063069957,0.3969362522810294,0.3969362522810294
0.9000000000000001,0.7000000000000002,18602.080078125,360.8921203613281,4.959238630930268,0.0,0.9,0.14285714285714285,0.21505376344086022,0.0,0.8732638888509868,0.06854023155541861,0.14272697236383294,0.9999999999627976,0.1383928571377086,0.40959821427047627,1.1901720518559857,0.41823448547756176,0.41823448547756176
1.0,0.7000000000000002,19324.671875,369.7803039550781,5.898356503112259,0.0,0.9,0.13950892857142858,0.12596899224806202,0.0,0.805015131828577,0.05824600324182554,0.07518485340487244,0.9999999999627976,0.1919642857071442,0.39434523808056754,1.2669808572151544,0.46556630938198473,0.46556630938198473
-1.0,0.8,19922.705078125,378.3291931152344,inf,0.0,0.9,0.049479166666666664,0.024096385542168676,0.0,0.2074363992091023,0.017979918069883725,0.003355019400764361,0.9999999999627976,0.7719494047331864,0.3418898809396618,1.7669128278609676,0.7794099532639711,0.7794099532639711
-0.9,0.8,19218.658203125,369.59613037109375,inf,0.0,0.9,0.06808035714285714,0.01801278326554329,0.0,0.32534930138421764,0.026091114273626766,0.002897730230621063,0.9999999999627976,0.6402529761666573,0.38430059522379834,1.6722204262913434,0.7802169526359601,0.7802169526359601
-0.8,0.8,18564.8203125,361.4797668457031,inf,0.0,0.9,0.09672619047619048,0.027164685908319185,0.0,0.5280065897640854,0.03588911114550779,0.009848431822954116,0.9999999999627976,0.43824404760274394,0.41480654760361585,1.5105866606063676,0.6878765460285227,0.6878765460285227
-0.7,0.8,17965.697265625,354.0504455566406,inf,0.0,0.9,0.11830357142857142,0.026200873362445413,0.0,0.7177215189570582,0.04099602103803912,0.01702387685843568,0.9999999999627976,0.255580357133349,0.437127976174214,1.389116560596563,0.5944758060498352,0.5944758060498352
-0.6,0.8,17429.421875,347.3823547363281,inf,0.0,0.9,0.14322916666666666,0.02111324376199616,0.0,0.7785497177256384,0.05324275724472084,0.02359001222280426,0.9999999999627976,0.19382440475469404,0.473958333315701,1.3014834780700828,0.5258586078805665,0.5258586078805665
-0.5,0.8,16963.044921875,341.5513000488281,inf,0.0,0.9,0.16480654761904762,0.14516129032258066,0.0,0.9055679286901752,0.058231926753209186,0.1267682039541336,0.9999999999627976,0.0922619047584724,0.5357142856943559,1.1945593364771452,0.4552621759017338,0.4552621759017338
-0.3999999999999999,0.8,16571.005859375,336.63189697265625,6.011440319552984,0.0,0.9,0.16145833333333334,0.35658914728682173,0.0,0.9631765749350854,0.06023533645973483,0.09899267399267399,0.9999999999627976,0.04799107142678605,0.5424107142655353,1.159363586494406,0.43405173184300316,0.43405173184300316
-0.29999999999999993,0.8,16260.8603515625,332.69427490234375,4.979099284533174,0.0,0.9,0.18415178571428573,0.5904761904761905,0.0,0.9803921568180396,0.08539750027595477,0.21597649009852696,0.9999999999627976,0.03906249999854679,0.5807291666450622,1.0906708819185467,0.38791539578244877,0.38791539578244877
-0.19999999999999996,0.8,16037.0224609375,329.79974365234375,4.487407293307468,0.0,0.9,0.21354166666666666,0.6956521739130435,0.0,0.9834437085627511,0.1474532582116244,0.18437622983077526,0.9999999999627976,0.04278273809364648,0.5651041666456434,1.0563907263468644,0.35370190273802987,0.35370190273802987
-0.09999999999999998,0.8,15901.1669921875,327.99658203125,3.8478116613689535,0.0,0.9,0.24144345238095238,0.921875,0.0,0.9950956350664494,0.17293486371313085,0.40438051650866297,0.9999999999627976,0.04761904761727608,0.5744047618833927,0.999126814329924,0.3084984129582713,0.30848126981301144
0.0,0.8,15855.501953125,327.3162841796875,3.692961513718308,0.0,0.9,0.24441964285714285,0.8987341772151899,0.0,0.9921221072874385,0.19571973551101882,0.35665349143610015,0.9999999999627976,0.05877976190257516,0.582961309502122,0.9944684021284087,0.30700226911997675,0.30615271812860967
0.10000000000000009,0.8,15901.05859375,327.771240234375,3.3835448854357764,0.0,0.9,0.2418154761904762,0.8622754491017964,0.0,0.9887144258592387,0.19750889966439594,0.21591774562071592,0.9999999999627976,0.06212797618816489,0.6101190475963497,0.9729060739362797,0.2866245682083388,0.2866245682083388
0.20000000000000018,0.8,16036.8642578125,329.3529968261719,3.1339329803871725,0.0,0.9,0.24851190476190477,0.9219858156028369,0.0,0.9945544553963092,0.1971137881342508,0.3654918032786885,0.9999999999627976,0.052455357140905684,0.6588541666421558,0.9256616398672282,0.243760281109656,0.243760281109656
0.30000000000000004,0.8,16259.65234375,332.03375244140625,3.140002981157458,0.0,0.9,0.23735119047619047,0.8633093525179856,0.0,0.9907317072687448,0.18676945570487463,0.20179924242424244,0.9999999999627976,0.05171130952188574,0.6469494047378367,0.9418950962864107,0.23734320415313048,0.23734320415313048
0.40000000000000013,0.8,16567.75,335.76812744140625,3.2841818368009967,0.0,0.9,0.22581845238095238,0.8571428571428571,0.0,0.9923113887077217,0.162960004745686,0.2625,0.9999999999627976,0.04166666666511657,0.5874255952162416,0.9504678315522206,0.22581657095508467,0.22581657095508467
0.5,0.8,16954.296875,340.49713134765625,3.462283864179185,0.0,0.9,0.1949404761904762,0.84375,0.0,0.9930683918210228,0.1297526336395892,0.29894179894179895,0.9999999999627976,0.03571428571295706,0.5163690475998375,0.9898205851911891,0.2511884057400346,0.2511884057400346
0.6000000000000001,0.8,17412.228515625,346.1520690917969,3.6186847316776776,0.0,0.9,0.17113095238095238,0.9545454545454546,0.0,0.9977558347846609,0.09682743869588664,0.6666666666666666,0.9999999999627976,0.040922619046096634,0.49107142855315955,1.0051040023998765,0.2770563798734162,0.2753096391683845
0.7000000000000002,0.8,17937.857421875,352.65887451171875,3.9734452925035852,0.0,0.9,0.14955357142857142,0.7054263565891473,0.0,0.9833770778222496,0.08042703992827405,0.15402141717931192,0.9999999999627976,0.04799107142678605,0.4237351190318551,1.0642395910633697,0.3270682251399515,0.3270682251399515
0.8,0.8,18527.505859375,359.94171142578125,4.780966276184249,0.0,0.9,0.1324404761904762,0.42857142857142855,0.0,0.9382504287762329,0.07625223397060678,0.22153432914046123,0.9999999999627976,0.09374999999651228,0.39136904760448776,1.1469868868937947,0.40351204412756936,0.40351204412756936
0.9000000000000001,0.8,19174.380859375,367.9261169433594,5.3222253877077605,0.0,0.9,0.14546130952380953,0.15428571428571428,0.0,0.871136264655153,0.06685403196016965,0.20514321963597326,0.9999999999627976,0.13020833332848927,0.3816964285572286,1.2048749292848622,0.42245790328976973,0.42245790328976973
1.0,0.8,19873.048828125,376.540771484375,6.399255918979404,0.0,0.9,0.1253720238095238,0.10251798561151079,0.0,0.7877498936287645,0.05375057188082196,0.08350901907081683,0.9999999999627976,0.20684523808754296,0.37686011903359895,1.2797229591724273,0.4980529436986423,0.4980529436986423
-1.0,0.9000000000000001,20531.673828125,385.8835144042969,inf,0.0,0.9,0.03459821428571429,0.023809523809523808,0.0,0.1468208092428971,0.008877044523376806,0.00272270955165692,0.9999999999627976,0.8437499999686106,0.303943452369645,1.8276805454762899,0.78966325540745,0.78966325540745
-0.9,0.9000000000000001,19849.91796875,377.4210510253906,inf,0.0,0.9,0.050967261904761904,0.024750118990956686,0.0,0.19678557427688023,0.019684693780065595,0.002630514605194175,0.9999999999627976,0.7816220237804457,0.35044642855839114,1.7710447766058048,0.8367886448472653,0.8367886448472653
-0.8,0.9000000000000001,19217.509765625,369.5738830566406,inf,0.0,0.9,0.07105654761904762,0.012917115177610334,0.0,0.2655186223361827,0.03463811114550612,0.001267363065931029,0.9999999999627976,0.691220238069523,0.3366815476065223,1.696880247160011,0.8092926452916374,0.8090451061608848
-0.7,0.9000000000000001,18640.001953125,362.4071960449219,inf,0.0,0.9,0.09114583333333333,0.012728719172633254,0.0,0.4920180106225126,0.03802805522073851,0.006778106846273488,0.9999999999627976,0.4676339285540315,0.3508184523679011,1.5603971265551064,0.7206567819370273,0.7206567819370273
-0.6,0.9000000000000001,18124.173828125,355.9889221191406,inf,0.0,0.9,0.11086309523809523,0.039509536784741145,0.0,0.7050209204725933,0.05074219242422169,0.039795673757937904,0.9999999999627976,0.2730654761803175,0.37090773808143945,1.4346961314919582,0.6286195881092362,0.6286195881092362
-0.5,0.9000000000000001,17676.9609375,350.38787841796875,inf,0.0,0.9,0.12202380952380952,0.13801452784503632,0.0,0.8491525423369004,0.046597945489309275,0.061285678786757766,0.9999999999627976,0.15364583332761736,0.4081101190324364,1.3199163796431757,0.5415217394577222,0.5415217394577222
-0.3999999999999999,0.9000000000000001,17303.0,345.6710205078125,inf,0.0,0.9,0.12946428571428573,0.3113207547169811,0.0,0.937606837566769,0.04588433352834134,0.05117826617826618,0.9999999999627976,0.0788690476161135,0.42299107141283515,1.2684005565228589,0.49713738272686314,0.49713738272686314
-0.29999999999999993,0.9000000000000001,17007.267578125,341.90057373046875,6.365180426156236,0.0,0.9,0.1402529761904762,0.46511627906976744,0.0,0.9601903937273826,0.05340309490791902,0.132916511135996,0.9999999999627976,0.06398809523571473,0.4884672618865898,1.211789481350321,0.4690763750550043,0.4681407589032351
-0.19999999999999996,0.9000000000000001,16794.130859375,339.1302490234375,5.346455470479863,0.0,0.9,0.16257440476190477,0.4019607843137255,0.0,0.9458018657953887,0.07383333430217784,0.1033959828990885,0.9999999999627976,0.07589285714003376,0.5089285714096381,1.1612570095764239,0.4216348633905349,0.4216348633905349
-0.09999999999999998,0.9000000000000001,16665.21484375,337.402587890625,4.888805184758768,0.0,0.9,0.16517857142857142,0.3804347826086957,0.0,0.9491978609202676,0.09595794494298635,0.0923141186299081,0.9999999999627976,0.06845238094983437,0.4940476190292393,1.1378052698265284,0.4086188976756073,0.4086188976756073
0.0,0.9000000000000001,16621.7109375,336.7447509765625,4.467716473205338,0.0,0.9,0.20238095238095238,0.659217877094972,0.0,0.9715485074173719,0.13786283382252434,0.21153782044871153,0.9999999999627976,0.06659226190228451,0.5145089285522877,1.0802822227236553,0.36282390293532724,0.36282390293532724
0.10000000000000009,0.9000000000000001,16664.888671875,337.1676025390625,4.056169346961062,0.0,0.9,0.20721726190476192,0.828125,0.0,0.9896762083064442,0.14080838776057647,0.18434257687228825,0.9999999999627976,0.04761904761727608,0.5383184523609257,1.0521383823954495,0.33158009034979025,0.33158009034979025
0.20000000000000018,0.9000000000000001,16794.751953125,338.6642150878906,3.7887469610196316,0.0,0.9,0.20758928571428573,0.8869565217391304,0.0,0.9938967135683617,0.14032018573753718,0.2514935064935065,0.9999999999627976,0.04278273809364648,0.5651041666456434,1.013218565763748,0.2988737103332763,0.2988737103332763
0.30000000000000004,0.9000000000000001,17007.474609375,341.2104187011719,3.6070347200524235,0.0,0.9,0.20238095238095238,0.9553571428571429,0.0,0.9976679104012283,0.1438836037231192,0.4307560137457045,0.9999999999627976,0.04166666666511657,0.5572916666459341,0.9851388139300225,0.27017137194000074,0.2687670692320222
0.40000000000000013,0.9000000000000001,17300.4765625,344.7670593261719,3.6749730533566054,0.0,0.9,0.1796875,0.912621359223301,0.0,0.9959183673017725,0.1098329589883851,0.33852040816326534,0.9999999999627976,0.03831845237952684,0.5156249999808176,0.9991799639110034,0.2741024321759926,0.2741024321759926
0.5,0.9000000000000001,17669.193359375,349.282470703125,3.7894685348475643,0.0,0.9,0.17113095238095238,0.9469026548672567,0.0,0.9973070017505697,0.09608463806980458,0.32589285714285715,0.9999999999627976,0.042038690474626536,0.4825148809344303,0.9984717367383729,0.26434709656441957,0.26321498525252507
0.6000000000000001,0.9000000000000001,18107.921875,354.69586181640625,4.1381930411674634,0.0,0.9,0.14397321428571427,0.9212598425196851,0.0,0.9956540634074031,0.07962914115670858,0.3849506298944501,0.9999999999627976,0.04724702380776611,0.4401041666502938,1.0363436832152415,0.3030273980017219,0.3030273980017219
0.7000000000000002,0.9000000000000001,18612.50390625,360.94122314453125,4.353016508046857,0.0,0.9,0.13802083333333334,0.7752808988764045,0.0,0.9913681484250597,0.06851975840558029,0.266295815985257,0.9999999999627976,0.033110119046387276,0.41108630950851616,1.0697021779598899,0.327423043940371,0.327423043940371
0.8,0.9000000000000001,19178.861328125,367.9498596191406,5.035129801932479,0.0,0.9,0.12983630952380953,0.352112676056338,0.0,0.9606669516476842,0.06340948392596249,0.32377344877344877,0.9999999999627976,0.05282738095041565,0.3824404761762485,1.1394939537161082,0.39237947415006574,0.39237947415006574
0.9000000000000001,0.9000000000000001,19802.552734375,375.65362548828125,5.432393946656095,0.0,0.9,0.13169642857142858,0.12280701754385964,0.0,0.9143101970473733,0.05597988372060689,0.17098922518815313,0.9999999999627976,0.08482142856827302,0.3660714285578099,1.1825370924815994,0.42141029528530494,0.42141029528530494
1.0,0.9000000000000001,20477.638671875,383.986328125,6.865560810454545,0.0,0.9,0.109375,0.07246376811594203,0.0,0.8395989974586634,0.044613619829355064,0.09329381858451626,0.9999999999627976,0.15401785713712732,0.3549107142725108,1.2852300909623682,0.5145715039192392,0.5145715039192392
-1.0,1.0,21190.634765625,394.05096435546875,inf,0.0,0.9,0.031994047619047616,0.021313614615050023,0.0,0.13528055341524672,0.008349195460753562,0.0019109284133600947,0.9999999999627976,0.8552827380634196,0.31436011903592415,1.846362434992789,0.8156062212161429,0.8156062212161429
-0.9,1.0,20530.9609375,385.8627014160156,inf,0.0,0.9,0.03720238095238095,0.020417221482467822,0.0,0.14721792889693905,0.013843778801843317,0.001569335102475087,0.9999999999627976,0.838169642825961,0.3355654761779924,1.830211789728248,0.866430732896887,0.866430732896887
-0.8,1.0,19920.7265625,378.2862854003906,inf,0.0,0.9,0.06212797619047619,0.02156205079060853,0.0,0.1900039666723521,0.03324351354477118,0.0017475601737980094,0.9999999999627976,0.7764136904473061,0.33705357141603226,1.7589518720208406,0.8480431663979052,0.8480431663979052
-0.7,1.0,19364.71875,371.3819274902344,inf,0.0,0.9,0.07775297619047619,0.01868659903897491,0.0,0.2585720048302311,0.0393311036103885,0.020894565357695703,0.9999999999627976,0.6968005952121726,0.33928571427309206,1.684968688392113,0.8068687749932472,0.8068687749932472
-0.6,1.0,18869.896484375,365.211669921875,inf,0.0,0.9,0.09486607142857142,0.04053000779423227,0.0,0.49404027947003537,0.04112837369648028,0.05772103938867518,0.9999999999627976,0.4773065476012907,0.3426339285586818,1.5525446483333414,0.7198419697680336,0.7198419697680336
-0.5,1.0,18442.283203125,359.83746337890625,inf,0.0,0.9,0.11235119047619048,0.06498194945848375,0.0,0.6743503771720726,0.04889040850370755,0.05543032759831645,0.9999999999627976,0.30915178570278457,0.38318452379526846,1.4413348742362284,0.6366213410388297,0.6366213410388297
-0.3999999999999999,1.0,18086.310546875,355.3192443847656,inf,0.0,0.9,0.11495535714285714,0.15350877192982457,0.0,0.8377469524658366,0.04204317731346325,0.05645789707468748,0.9999999999627976,0.16964285713654603,0.3865327380808582,1.3758908359328856,0.5869141642339943,0.5869141642339943
-0.29999999999999993,1.0,17804.68359375,351.71185302734375,8.601851090886036,0.0,0.9,0.1212797619047619,0.32131147540983607,0.0,0.9123624047031177,0.041750850446056025,0.0934103364624734,0.9999999999627976,0.11346726190054066,0.43377976188862427,1.3194214730355072,0.5454233173665315,0.5454233173665315
-0.19999999999999996,1.0,17600.724609375,349.0625,7.335158273852505,0.0,0.9,0.1331845238095238,0.3953488372093023,0.0,0.9218884119776014,0.048663742273247344,0.11106470973257901,0.9999999999627976,0.11197916666250078,0.4966517856958091,1.2571089714545898,0.5002300359283585,0.5002300359283585
-0.09999999999999998,1.0,17477.65625,347.4080810546875,6.11109400611163,0.0,0.9,0.14732142857142858,0.34977578475336324,0.0,0.9367364746537201,0.06325630079368813,0.09358832400378293,0.9999999999627976,0.08296130952072317,0.49107142855315955,1.199480144742083,0.4527668893379563,0.4527668893379563
0.0,1.0,17436.79296875,346.7724609375,5.454780463446317,0.0,0.9,0.15550595238095238,0.37850467289719625,0.0,0.9414096915884842,0.07044811223754453,0.10152116402116401,0.9999999999627976,0.07961309523513345,0.4840029761724702,1.1567360806463498,0.42330024266056093,0.42330024266056093
0.10000000000000009,1.0,17478.056640625,347.1650085449219,5.200570866146101,0.0,0.9,0.15364583333333334,0.49122807017543857,0.0,0.9617582417159667,0.07306521165401753,0.09989215067340067,0.9999999999627976,0.06361607142620476,0.45721726188775236,1.1442701834481872,0.40958697452408177,0.40958697452408177
0.20000000000000018,1.0,17601.11328125,348.5799560546875,4.82422104322669,0.0,0.9,0.1566220238095238,0.7419354838709677,0.0,0.985884428716988,0.08397651106007561,0.14973958333333331,0.9999999999627976,0.0461309523792362,0.4687499999825614,1.1049383783640507,0.3756170218509889,0.3756170218509889
0.30000000000000004,1.0,17804.130859375,350.99658203125,4.677194919122073,0.0,0.9,0.14620535714285715,0.7850467289719626,0.0,0.989978213464489,0.08942784302556715,0.12258064516129033,0.9999999999627976,0.039806547617566725,0.42931547617450466,1.0943448397273883,0.3580074506338807,0.3580074506338807
0.40000000000000013,1.0,18082.607421875,354.3809814453125,4.232483944579349,0.0,0.9,0.15885416666666666,0.9444444444444444,0.0,0.9977885890757281,0.07647468961898152,0.3238636363636364,0.9999999999627976,0.03348214285589724,0.45126488093559286,1.0365544875651007,0.29228484816423217,0.29136545966526717
0.5,1.0,18433.853515625,358.68798828125,4.4144342578504885,0.0,0.9,0.1409970238095238,0.9347826086956522,0.0,0.9974014724557211,0.06842356607694013,0.31004975124378115,0.9999999999627976,0.034226190474917186,0.42931547617450466,1.037812163893682,0.2952543593224145,0.29481666469598833
0.6000000000000001,1.0,18853.224609375,363.8642883300781,4.48478904292097,0.0,0.9,0.13169642857142858,0.9629629629629629,0.0,0.9987146529135085,0.05902381629969813,0.3894736842105263,0.9999999999627976,0.03013392857030752,0.4241071428413651,1.0351499438960527,0.2996990590789616,0.29780595517742986
0.7000000000000002,1.0,19337.572265625,369.8510437011719,4.877997307289326,0.0,0.9,0.12909226190476192,0.8222222222222222,0.0,0.9965826569416241,0.06826611702127412,0.26458333333333334,0.9999999999627976,0.01674107142794862,0.3787202380811488,1.0801014670873454,0.3267934396556847,0.3267934396556847
0.8,1.0,19881.3125,376.5865783691406,5.392502295052554,0.0,0.9,0.12351190476190477,0.3953488372093023,0.0,0.9779286926579828,0.05649117247168439,0.157000407000407,0.9999999999627976,0.03199404761785737,0.3586309523676105,1.1404032795780366,0.38754317167268215,0.38754317167268215
0.9000000000000001,1.0,20480.892578125,384.008544921875,6.521478012997161,0.0,0.9,0.1171875,0.02666666666666667,0.0,0.9077117572310278,0.054044903789955974,0.04731741376902667,0.9999999999627976,0.08370535713974311,0.3363095237970123,1.2423767151618899,0.4693686784590071,0.4693686784590071
1.0,1.0,21132.392578125,392.0563049316406,7.735853948793795,0.0,0.9,0.10081845238095238,0.02313624678663239,0.0,0.8427803061297982,0.043121778898729195,0.021090737090254812,0.9999999999627976,0.14471726189937809,0.3433779761777017,1.3237423502213896,0.5265256351664656,0.5265256351664656
