-1.0,-1.0,21233.1171875,412.5252380371094,inf,0.0,0.9,0.07421875,0.07421875,0.0,0.0,0.0049479166666666664,0.0049479166666666664,0.9999999996093749,0.9999999996093749,0.2656249998962402,1.8515624992767332,0.07421874997100829,-0.07421874997100829
-0.9,-1.0,20610.22265625,405.8977355957031,inf,0.0,0.9,0.0859375,0.0859375,0.0,0.0,0.005729166666666666,0.005729166666666666,0.9999999996093749,0.9999999996093749,0.2851562498886108,1.8281249992858886,0.08593749996643066,-0.08593749996643066
-0.8,-1.0,20037.193359375,399.7780456542969,inf,0.0,0.9,0.08203125,0.08203125,0.0,0.0,0.00546875,0.00546875,0.9999999996093749,0.9999999996093749,0.27734374989166255,1.8359374992828368,0.08203124996795653,-0.08203124996795653
-0.7,-1.0,19518.33984375,394.2158203125,inf,0.0,0.9,0.07421875,0.07421875,0.0,0.0,0.0049479166666666664,0.0049479166666666664,0.9999999996093749,0.9999999996093749,0.25781249989929195,1.8515624992767332,0.07421874997100829,-0.07421874997100829
-0.6,-1.0,19058.8125,389.261962890625,inf,0.0,0.9,0.07421875,0.07421875,0.0,0.0,0.0049479166666666664,0.0049479166666666664,0.9999999996093749,0.9999999996093749,0.2617187498977661,1.8515624992767332,0.07421874997100829,-0.07421874997100829
-0.5,-1.0,18663.8515625,384.9666748046875,inf,0.0,0.9,0.07421875,0.07421875,0.0,0.0,0.0049479166666666664,0.0049479166666666664,0.9999999996093749,0.9999999996093749,0.26953124989471433,1.8515624992767332,0.07421874997100829,-0.07421874997100829
-0.3999999999999999,-1.0,18335.064453125,381.3786926269531,inf,0.0,0.9,0.0703125,0.0703125,0.0,0.0,0.0046875,0.0046875,0.9999999996093749,0.9999999996093749,0.2617187498977661,1.8593749992736814,0.07031249997253418,-0.07031249997253418
-0.29999999999999993,-1.0,18076.26953125,378.5419616699219,inf,0.0,0.9,0.09375,0.09375,0.0,0.0,0.00625,0.00625,0.9999999996093749,0.9999999996093749,0.27343749989318844,1.8124999992919921,0.0937499999633789,-0.0937499999633789
-0.19999999999999996,-1.0,17889.240234375,376.4940490722656,inf,0.0,0.9,0.06640625,0.06640625,0.0,0.0,0.004427083333333333,0.004427083333333333,0.9999999996093749,0.9999999996093749,0.27734374989166255,1.8671874992706297,0.06640624997406006,-0.06640624997406006
-0.09999999999999998,-1.0,17776.654296875,375.2636413574219,inf,0.0,0.9,0.0703125,0.0703125,0.0,0.0,0.0046875,0.0046875,0.9999999996093749,0.9999999996093749,0.2656249998962402,1.8593749992736814,0.07031249997253418,-0.07031249997253418
0.0,-1.0,17739.408203125,374.86859130859375,inf,0.0,0.9,0.0703125,0.0703125,0.0,0.0,0.0046875,0.0046875,0.9999999996093749,0.9999999996093749,0.2617187498977661,1.8593749992736814,0.07031249997253418,-0.07031249997253418
0.10000000000000009,-1.0,17777.69921875,375.31475830078125,inf,0.0,0.9,0.078125,0.078125,0.0,0.0,0.005208333333333333,0.005208333333333333,0.9999999996093749,0.9999999996093749,0.27343749989318844,1.843749999279785,0.07812499996948241,-0.07812499996948241
0.20000000000000018,-1.0,17891.029296875,376.5955505371094,inf,0.0,0.9,0.07421875,0.07421875,0.0,0.0,0.0049479166666666664,0.0049479166666666664,0.9999999996093749,0.9999999996093749,0.24609374990386962,1.8515624992767332,0.07421874997100829,-0.07421874997100829
0.30000000000000004,-1.0,18078.28515625,378.69244384765625,inf,0.0,0.9,0.07421875,0.07421875,0.0,0.0,0.0049479166666666664,0.0049479166666666664,0.9999999996093749,0.9999999996093749,0.24609374990386962,1.8515624992767332,0.07421874997100829,-0.07421874997100829
0.40000000000000013,-1.0,18336.892578125,381.576171875,inf,0.0,0.9,0.078125,0.078125,0.0,0.0,0.005208333333333333,0.005208333333333333,0.9999999996093749,0.9999999996093749,0.25390624990081784,1.843749999279785,0.07812499996948241,-0.07812499996948241
0.5,-1.0,18665.396484375,385.2088623046875,inf,0.0,0.9,0.0703125,0.0703125,0.0,0.0,0.0046875,0.0046875,0.9999999996093749,0.9999999996093749,0.24999999990234373,1.8593749992736814,0.07031249997253418,-0.07031249997253418
0.6000000000000001,-1.0,19059.9140625,389.54595947265625,inf,0.0,0.9,0.08984375,0.08984375,0.0,0.0,0.005989583333333334,0.005989583333333334,0.9999999996093749,0.9999999996093749,0.27343749989318844,1.8203124992889403,0.08984374996490478,-0.08984374996490478
0.7000000000000002,-1.0,19517.12109375,394.53887939453125,inf,0.0,0.9,0.08984375,0.08984375,0.0,0.0,0.005989583333333334,0.005989583333333334,0.9999999996093749,0.9999999996093749,0.2812499998901367,1.8203124992889403,0.08984374996490478,-0.08984374996490478
0.8,-1.0,20033.1640625,400.1369323730469,inf,0.0,0.9,0.0859375,0.0859375,0.0,0.0,0.005729166666666666,0.005729166666666666,0.9999999996093749,0.9999999996093749,0.27343749989318844,1.8281249992858886,0.08593749996643066,-0.08593749996643066
0.9000000000000001,-1.0,20604.076171875,406.28948974609375,inf,0.0,0.9,0.08984375,0.08984375,0.0,0.0,0.005989583333333334,0.005989583333333334,0.9999999996093749,0.9999999996093749,0.27343749989318844,1.8203124992889403,0.08984374996490478,-0.08984374996490478
1.0,-1.0,21225.8671875,412.9471130371094,inf,0.0,0.9,0.08203125,0.08203125,0.0,0.0,0.00546875,0.00546875,0.9999999996093749,0.9999999996093749,0.27343749989318844,1.8359374992828368,0.08203124996795653,-0.08203124996795653
-1.0,-0.9,20610.35546875,405.87158203125,inf,0.0,0.9,0.0703125,0.0703125,0.0,0.0,0.0046875,0.0046875,0.9999999996093749,0.9999999996093749,0.27734374989166255,1.8593749992736814,0.07031249997253418,-0.07031249997253418
-0.9,-0.9,19968.595703125,399.0148010253906,inf,0.0,0.9,0.08984375,0.08984375,0.0,0.0,0.005989583333333334,0.005989583333333334,0.9999999996093749,0.9999999996093749,0.27343749989318844,1.8203124992889403,0.08984374996490478,-0.08984374996490478
-0.8,-0.9,19377.517578125,392.6687927246094,inf,0.0,0.9,0.08984375,0.08984375,0.0,0.0,0.005989583333333334,0.005989583333333334,0.9999999996093749,0.9999999996093749,0.29296874988555904,1.8203124992889403,0.08984374996490478,-0.08984374996490478
-0.7,-0.9,18842.12109375,386.8872375488281,inf,0.0,0.9,0.08984375,0.08984375,0.0,0.0,0.005989583333333334,0.005989583333333334,0.9999999996093749,0.9999999996093749,0.26953124989471433,1.8203124992889403,0.08984374996490478,-0.08984374996490478
-0.6,-0.9,18367.697265625,381.7258605957031,inf,0.0,0.9,0.07421875,0.07421875,0.0,0.0,0.0049479166666666664,0.0049479166666666664,0.9999999996093749,0.9999999996093749,0.2812499998901367,1.8515624992767332,0.07421874997100829,-0.07421874997100829
-0.5,-0.9,17958.7734375,377.2408752441406,inf,0.0,0.9,0.08203125,0.08203125,0.0,0.0,0.00546875,0.00546875,0.9999999996093749,0.9999999996093749,0.2851562498886108,1.8359374992828368,0.08203124996795653,-0.08203124996795653
-0.3999999999999999,-0.9,17619.095703125,373.4864807128906,inf,0.0,0.9,0.07421875,0.07421875,0.0,0.0,0.0049479166666666664,0.0049479166666666664,0.9999999996093749,0.9999999996093749,0.25781249989929195,1.8515624992767332,0.07421874997100829,-0.07421874997100829
-0.29999999999999993,-0.9,17351.6015625,370.5128479003906,inf,0.0,0.9,0.0859375,0.0859375,0.0,0.0,0.005729166666666666,0.005729166666666666,0.9999999996093749,0.9999999996093749,0.2812499998901367,1.8281249992858886,0.08593749996643066,-0.08593749996643066
-0.19999999999999996,-0.9,17158.7578125,368.3629150390625,inf,0.0,0.9,0.0703125,0.0703125,0.0,0.0,0.0046875,0.0046875,0.9999999996093749,0.9999999996093749,0.25390624990081784,1.8593749992736814,0.07031249997253418,-0.07031249997253418
-0.09999999999999998,-0.9,17042.625,367.0696105957031,inf,0.0,0.9,0.0859375,0.0859375,0.0,0.0,0.005729166666666666,0.005729166666666666,0.9999999996093749,0.9999999996093749,0.27734374989166255,1.8281249992858886,0.08593749996643066,-0.08593749996643066
0.0,-0.9,17004.158203125,366.65362548828125,inf,0.0,0.9,0.0859375,0.0859375,0.0,0.0,0.005729166666666666,0.005729166666666666,0.9999999996093749,0.9999999996093749,0.2812499998901367,1.8281249992858886,0.08593749996643066,-0.08593749996643066
0.10000000000000009,-0.9,17043.59375,367.1217956542969,inf,0.0,0.9,0.08203125,0.08203125,0.0,0.0,0.00546875,0.00546875,0.9999999996093749,0.9999999996093749,0.26953124989471433,1.8359374992828368,0.08203124996795653,-0.08203124996795653
0.20000000000000018,-0.9,17160.828125,368.4664611816406,inf,0.0,0.9,0.078125,0.078125,0.0,0.0,0.005208333333333333,0.005208333333333333,0.9999999996093749,0.9999999996093749,0.2617187498977661,1.843749999279785,0.07812499996948241,-0.07812499996948241
0.30000000000000004,-0.9,17354.197265625,370.666259765625,inf,0.0,0.9,0.08203125,0.08203125,0.0,0.0,0.00546875,0.00546875,0.9999999996093749,0.9999999996093749,0.2656249998962402,1.8359374992828368,0.08203124996795653,-0.08203124996795653
0.40000000000000013,-0.9,17621.927734375,373.6873474121094,inf,0.0,0.9,0.07421875,0.07421875,0.0,0.0,0.0049479166666666664,0.0049479166666666664,0.9999999996093749,0.9999999996093749,0.27343749989318844,1.8515624992767332,0.07421874997100829,-0.07421874997100829
0.5,-0.9,17961.611328125,377.48675537109375,inf,0.0,0.9,0.08203125,0.08203125,0.0,0.0,0.00546875,0.00546875,0.9999999996093749,0.9999999996093749,0.27734374989166255,1.8359374992828368,0.08203124996795653,-0.08203124996795653
0.6000000000000001,-0.9,18369.580078125,382.0136413574219,inf,0.0,0.9,0.07421875,0.07421875,0.0,0.0,0.0049479166666666664,0.0049479166666666664,0.9999999996093749,0.9999999996093749,0.26953124989471433,1.8515624992767332,0.07421874997100829,-0.07421874997100829
0.7000000000000002,-0.9,18841.822265625,387.21368408203125,inf,0.0,0.9,0.0625,0.0625,0.0,0.0,0.004166666666666667,0.004166666666666667,0.9999999996093749,0.9999999996093749,0.24609374990386962,1.8749999992675779,0.06249999997558593,-0.06249999997558593
0.8,-0.9,19374.47265625,393.03082275390625,inf,0.0,0.9,0.06640625,0.06640625,0.0,0.0,0.004427083333333333,0.004427083333333333,0.9999999996093749,0.9999999996093749,0.24999999990234373,1.8671874992706297,0.06640624997406006,-0.06640624997406006
0.9000000000000001,-0.9,19963.9453125,399.4090576171875,inf,0.0,0.9,0.06640625,0.06640625,0.0,0.0,0.004427083333333333,0.004427083333333333,0.9999999996093749,0.9999999996093749,0.27343749989318844,1.867187489026095,0.06250000509938597,-0.06250000509938597
1.0,-0.9,20604.33203125,406.2950439453125,inf,0.0,0.9,0.02734375,0.02734375,0.0,0.0,0.0030678163863513473,0.0030678163863513473,0.9999999996093749,0.9999999996093749,0.24999999990234373,1.9449963976256768,0.019696272206442773,-0.019696272206442773
-1.0,-0.8,20038.2421875,399.7242736816406,inf,0.0,0.9,0.08203125,0.08203125,0.0,0.0,0.006008583690987125,0.006008583690987125,0.9999999996093749,0.9999999996093749,0.24609374990386962,1.8354682659303323,0.07056056333260229,-0.07056056333260229
-0.9,-0.8,19378.0546875,392.6409606933594,inf,0.0,0.9,0.09375,0.09375,0.0,0.0,0.00625,0.00625,0.9999999996093749,0.9999999996093749,0.27734374989166255,1.8124999992919921,0.0937499999633789,-0.0937499999633789
-0.8,-0.8,18770.439453125,386.0694580078125,inf,0.0,0.9,0.07421875,0.07421875,0.0,0.0,0.0049479166666666664,0.0049479166666666664,0.9999999996093749,0.9999999996093749,0.25390624990081784,1.8515624992767332,0.07421874997100829,-0.07421874997100829
-0.7,-0.8,18219.666015625,380.06787109375,inf,0.0,0.9,0.08984375,0.08984375,0.0,0.0,0.006013071895424837,0.006013071895424837,0.9999999996093749,0.9999999996093749,0.28906249988708493,1.8202831399072288,0.08204598489111106,-0.08204598489111106
-0.6,-0.8,17731.083984375,374.6970520019531,inf,0.0,0.9,0.078125,0.07874015748031496,0.0,0.008474576267595518,0.005249343832020997,0.005291005291005291,0.9999999996093749,0.9921874996124267,0.22656249991149902,1.840124686752267,0.036774494162624266,-0.026242568692311483
-0.5,-0.8,17309.607421875,370.01898193359375,inf,0.0,0.9,0.06640625,0.06640625,0.0,0.0,0.004427083333333333,0.004427083333333333,0.9999999996093749,0.9999999996093749,0.20312499992065428,1.8671868771933755,0.05468781104495501,-0.05468781104495501
-0.3999999999999999,-0.8,16959.5390625,366.0944519042969,inf,0.0,0.9,0.08203125,0.08203125,0.0,0.0,0.00546875,0.00546875,0.9999999996093749,0.9999999996093749,0.20312499992065428,1.835937499282837,0.07812500043666958,-0.07812500043666958
-0.29999999999999993,-0.8,16685.09765625,362.97998046875,inf,0.0,0.9,0.07421875,0.07421875,0.0,0.0,0.0049479166666666664,0.0049479166666666664,0.9999999996093749,0.9999999996093749,0.1874999999267578,1.8515622934562401,0.019531352924877326,-0.019531352924877326
-0.19999999999999996,-0.8,16487.693359375,360.7244873046875,inf,0.0,0.9,0.0859375,0.0859375,0.0,0.0,0.005729166666666666,0.005729166666666666,0.9999999996093749,0.9999999996093749,0.2070312499191284,1.8281213366767666,0.04687683190845108,-0.04687683190845108
-0.09999999999999998,-0.8,16368.5068359375,359.3658752441406,inf,0.0,0.9,0.08984375,0.08984375,0.0,0.0,0.005989583333333334,0.005989583333333334,0.9999999996093749,0.9999999996093749,0.21874999991455077,1.8203123558660326,0.04687506938200588,-0.04687506938200588
0.0,-0.8,16328.71484375,358.9281005859375,inf,0.0,0.9,0.08984375,0.08984375,0.0,0.0,0.005989583333333334,0.005989583333333334,0.9999999996093749,0.9999999996093749,0.23046874990997313,1.8203110549779196,0.0351573769079438,-0.0351573769079438
0.10000000000000009,-0.8,16369.2763671875,359.41900634765625,inf,0.0,0.9,0.08203125,0.08203125,0.0,0.0,0.00546875,0.00546875,0.9999999996093749,0.9999999996093749,0.19140624992523192,1.8359374983515142,0.07812500043666958,-0.07812500043666958
0.20000000000000018,-0.8,16489.546875,360.8299560546875,inf,0.0,0.9,0.078125,0.078125,0.0,0.0,0.005208333333333333,0.005208333333333333,0.9999999996093749,0.9999999996093749,0.21484374991607663,1.8437499117351648,0.0703125437477469,-0.0703125437477469
0.30000000000000004,-0.8,16688.21484375,363.135986328125,inf,0.0,0.9,0.07421875,0.07421875,0.0,0.0,0.0049479166666666664,0.0049479166666666664,0.9999999996093749,0.9999999996093749,0.24218749990539548,1.8515624964827664,0.07031250137104392,-0.07031250137104392
0.40000000000000013,-0.8,16963.31640625,366.29852294921875,inf,0.0,0.9,0.08203125,0.08203125,0.0,0.0,0.00546875,0.00546875,0.9999999996093749,0.9999999996093749,0.2617187498977661,1.8359306913289881,0.023440905394724335,-0.023440905394724335
0.5,-0.8,17313.0,370.2682189941406,inf,0.0,0.9,0.08984375,0.09055118110236221,0.0,0.008583690983440476,0.006013071895424837,0.006060606060606061,0.9999999996093749,0.9921874996124267,0.2617187498977661,1.8167292559042842,0.04477759332891166,0.04477759332891166
0.6000000000000001,-0.8,17732.62109375,374.98809814453125,inf,0.0,0.9,0.05078125,0.05042016806722689,0.0,0.06995884770783586,0.006505095305982365,0.006877233652081522,0.9999999996093749,0.9296874996368407,0.26953124989471433,1.8690302235092087,0.2913927911373699,0.2913927911373699
0.7000000000000002,-0.8,18219.26171875,380.3972473144531,inf,0.0,0.9,0.03515625,0.03225806451612903,0.0,0.0283400809601862,0.004146644106034969,0.003907064959696538,0.9999999996093749,0.9687499996215819,0.23828124990692137,1.9178902433891067,0.10097982567102698,0.10097982567102698
0.8,-0.8,18768.01953125,386.4336853027344,inf,0.0,0.9,0.03125,0.03125,0.0,0.0,0.002091503267973856,0.002091503267973856,0.9999999996093749,0.9999999996093749,0.2617187498977661,1.9374734947368726,0.02344414265215474,-0.02344414265215474
0.9000000000000001,-0.8,19374.27734375,393.0367126464844,inf,0.0,0.9,0.03515625,0.03515625,0.0,0.0,0.00234375,0.00234375,0.9999999996093749,0.9999999996093749,0.2851562498886108,1.9296874992462156,0.03515624998626709,-0.03515624998626709
1.0,-0.8,20032.513671875,400.14849853515625,inf,0.0,0.9,0.03515625,0.03515625,0.0,0.0,0.00234375,0.00234375,0.9999999996093749,0.9999999996093749,0.25781249989929195,1.9296874992462156,0.03515624998626709,-0.03515624998626709
-1.0,-0.7,19521.115234375,394.1329345703125,inf,0.0,0.9,0.0859375,0.0859375,0.0,0.0,0.005729166666666666,0.005729166666666666,0.9999999996093749,0.9999999996093749,0.26953124989471433,1.8281249992858886,0.08593749996643066,-0.08593749996643066
-0.9,-0.7,18843.939453125,386.8296813964844,inf,0.0,0.9,0.08203125,0.08300395256916997,0.0,0.012765957441376189,0.00799320930890571,0.00808080808080808,0.9999999996093749,0.9882812496139526,0.27734374989166255,1.8297140088191544,0.046485598647389444,-0.03231170216738901
-0.8,-0.7,18220.236328125,380.03790283203125,inf,0.0,0.9,0.08984375,0.08984375,0.0,0.0,0.010515960847966159,0.010515960847966159,0.9999999996093749,0.9999999996093749,0.28906249988708493,1.8199386962284068,0.0625952875569225,-0.0625952875569225
-0.7,-0.7,17655.61328125,373.81988525390625,inf,0.0,0.9,0.0703125,0.07142857142857142,0.0,0.016806722682013983,0.005333333333333333,0.005429864253393665,0.9999999996093749,0.9843749996154785,0.23437499990844723,1.8527024495244104,0.1080791880773723,0.1080791880773723
-0.6,-0.7,17154.673828125,368.24139404296875,inf,0.0,0.9,0.0390625,0.04201680672268908,0.0,0.07317073167757288,0.004065934065934067,0.004311417360512968,0.9999999996093749,0.9296874996368407,0.22265624991302488,1.8936976392708829,0.3019093978778502,0.3019093978778502
-0.5,-0.7,16722.7578125,363.37054443359375,inf,0.0,0.9,0.05859375,0.06167400881057269,0.0,0.11618257256589935,0.005687830687830688,0.005931495405179616,0.9999999996093749,0.8867187496536254,0.25390624990081784,1.837546736334403,0.40254365487270927,0.40254365487270927
-0.3999999999999999,-0.7,16365.2060546875,359.27496337890625,inf,0.0,0.9,0.0546875,0.05555555555555555,0.0,0.08677685946827403,0.0040756914119359534,0.004068857589984351,0.9999999996093749,0.9140624996429443,0.21484374991607663,1.8504775950332242,0.6446097342001817,0.6446097342001817
-0.29999999999999993,-0.7,16084.84765625,356.0179443359375,inf,0.0,0.9,0.078125,0.075,0.0,0.05932203387316863,0.00951111111111111,0.005084745762711865,0.9999999996093749,0.9374999996337889,0.20312499992065428,1.811191443496932,0.8162233685917094,0.8162233685917094
-0.19999999999999996,-0.7,15883.3359375,353.65521240234375,inf,0.0,0.9,0.08203125,0.09090909090909091,0.0,0.1063829786781349,0.005555555555555555,0.006060606060606061,0.9999999996093749,0.9023437496475218,0.21874999991455077,1.7888683780915435,0.6902137728944663,0.6902137728944663
-0.09999999999999998,-0.7,15762.09375,352.2300720214844,inf,0.0,0.9,0.08203125,0.09545454545454546,0.0,0.15319148929651427,0.005511811023622048,0.006363636363636364,0.9999999996093749,0.8593749996643065,0.21484374991607663,1.776026443402549,0.665261147521069,0.665261147521069
0.0,-0.7,15722.072265625,351.7700500488281,inf,0.0,0.9,0.06640625,0.08056872037914692,0.0,0.18828451874967175,0.004663923182441701,0.005371248025276461,0.9999999996093749,0.8242187496780394,0.21874999991455077,1.7884461115230375,0.7247485815940263,0.7247485815940263
0.10000000000000009,-0.7,15763.2939453125,352.2842102050781,inf,0.0,0.9,0.0859375,0.10232558139534884,0.0,0.17521367513879757,0.006136680613668062,0.006885758998435055,0.9999999996093749,0.839843749671936,0.21874999991455077,1.7452088547730389,0.7780339428027501,0.7780339428027501
0.20000000000000018,-0.7,15885.6845703125,353.762451171875,inf,0.0,0.9,0.078125,0.09852216748768473,0.0,0.22457627109128125,0.005649717514124294,0.006666666666666667,0.9999999996093749,0.7929687496902466,0.23437499990844723,1.7368183405453246,0.7851818842997452,0.7851818842997452
0.30000000000000004,-0.7,16087.8017578125,356.1763000488281,inf,0.0,0.9,0.07421875,0.0390625,0.0,0.4810126580248892,0.00949410563445651,0.004694835680751174,0.9999999996093749,0.49999999980468746,0.23437499990844723,1.6469015200601655,0.7768956526106261,0.7768956526106261
0.40000000000000013,-0.7,16369.0400390625,359.4816589355469,inf,0.0,0.9,0.02734375,0.02766798418972332,0.0,0.012048192766245707,0.0018300653594771241,0.001844532279314888,0.9999999996093749,0.9882812496139526,0.17578124993133543,1.937747920002456,0.8003590849331101,0.8003590849331101
0.5,-0.7,16726.998046875,363.6224670410156,inf,0.0,0.9,0.0234375,0.0234375,0.0,0.0,0.0015625,0.0015625,0.9999999996093749,0.9999999996093749,0.24218749990539548,1.953124996245798,0.01171875139698386,-0.01171875139698386
0.6000000000000001,-0.7,17156.66015625,368.53497314453125,inf,0.0,0.9,0.03125,0.03125,0.0,0.0,0.0020833333333333333,0.0020833333333333333,0.9999999996093749,0.9999999996093749,0.25390624990081784,1.9374999992431636,0.031249999987792966,-0.031249999987792966
0.7000000000000002,-0.7,17655.314453125,374.15130615234375,inf,0.0,0.9,0.0390625,0.0390625,0.0,0.0,0.0026041666666666665,0.0026041666666666665,0.9999999996093749,0.9999999996093749,0.2617187498977661,1.9218749992492674,0.039062499984741206,-0.039062499984741206
0.8,-0.7,18218.46484375,380.40362548828125,inf,0.0,0.9,0.03515625,0.03515625,0.0,0.0,0.00234375,0.00234375,0.9999999996093749,0.9999999996093749,0.2851562498886108,1.9296874992462156,0.03515624998626709,-0.03515624998626709
0.9000000000000001,-0.7,18840.33203125,387.2259216308594,inf,0.0,0.9,0.03515625,0.03515625,0.0,0.0,0.00234375,0.00234375,0.9999999996093749,0.9999999996093749,0.26953124989471433,1.9296874992462156,0.03515624998626709,-0.03515624998626709
1.0,-0.7,19515.42578125,394.5565185546875,inf,0.0,0.9,0.0390625,0.0390625,0.0,0.0,0.0026041666666666665,0.0026041666666666665,0.9999999996093749,0.9999999996093749,0.26953124989471433,1.9218749992492674,0.039062499984741206,-0.039062499984741206
-1.0,-0.6,19062.609375,389.1484375,inf,0.0,0.9,0.08203125,0.08203125,0.0,0.0,0.00546875,0.00546875,0.9999999996093749,0.9999999996093749,0.2851562498886108,1.8359374992828368,0.08203124996795653,-0.08203124996795653
-0.9,-0.6,18370.03515625,381.63714599609375,inf,0.0,0.9,0.078125,0.078125,0.0,0.0,0.005208333333333333,0.005208333333333333,0.9999999996093749,0.9999999996093749,0.2812499998901367,1.843749999279785,0.07812499996948241,-0.07812499996948241
-0.8,-0.6,17731.7734375,374.63543701171875,inf,0.0,0.9,0.078125,0.078125,0.0,0.0,0.005208333333333333,0.005208333333333333,0.9999999996093749,0.9999999996093749,0.2851562498886108,1.843749999279785,0.07812499996948241,-0.07812499996948241
-0.7,-0.6,17154.828125,368.2093811035156,inf,0.0,0.9,0.08203125,0.08203125,0.0,0.0,0.00546875,0.00546875,0.9999999996093749,0.9999999996093749,0.2851562498886108,1.8358910661143402,0.027367028418415484,-0.027367028418415484
-0.6,-0.6,16644.21875,362.4299621582031,inf,0.0,0.9,0.08203125,0.0796812749003984,0.0,0.017021276588501586,0.008820856923184454,0.005333333333333333,0.9999999996093749,0.9804687496170043,0.24218749990539548,1.8274942564227896,0.3755330318859735,0.3755330318859735
-0.5,-0.6,16204.669921875,357.3712463378906,inf,0.0,0.9,0.06640625,0.07083333333333333,0.0,0.06694560666654996,0.004497354497354497,0.004741980474198048,0.9999999996093749,0.9374999996337889,0.24609374990386962,1.8319656797328043,0.6077662956300216,0.6077662956300216
-0.3999999999999999,-0.6,15841.4453125,353.10760498046875,inf,0.0,0.9,0.04296875,0.05185185185185185,0.0,0.47755102021324447,0.008232037893054843,0.004320987654320987,0.9999999996093749,0.5273437497940063,0.2617187498977661,1.696804255960978,0.8069640442458286,0.8069640442458286
-0.29999999999999993,-0.6,15557.060546875,349.7099914550781,inf,0.0,0.9,0.03515625,0.05161290322580645,0.0,0.40485829943123147,0.0028708133971291866,0.004022121669180493,0.9999999996093749,0.6054687497634887,0.25390624990081784,1.7188198479272607,0.8188241497639865,0.8188241497639865
-0.19999999999999996,-0.6,15352.921875,347.2408142089844,inf,0.0,0.9,0.0390625,0.04895104895104895,0.0,0.44715447136294534,0.004481658692185008,0.0034965034965034965,0.9999999996093749,0.5585937497817993,0.2617187498977661,1.6515247520538576,0.7309290787483201,0.7309290787483201
-0.09999999999999998,-0.6,15230.34375,345.749267578125,inf,0.0,0.9,0.03515625,0.08,0.0,0.720647772987592,0.002631578947368421,0.005714285714285714,0.9999999996093749,0.29296874988555904,0.25390624990081784,1.5853683951178434,0.7236733948088752,0.7236733948088752
0.0,-0.6,15190.265625,345.2669982910156,inf,0.0,0.9,0.03125,0.08,0.0,0.9072580641502992,0.0045714997508719485,0.008333333333333333,0.9999999996093749,0.09765624996185301,0.2070312499191284,1.4810584736902301,0.6463695357813747,0.6463695357813747
0.10000000000000009,-0.6,15232.1396484375,345.8042297363281,inf,0.0,0.9,0.0390625,0.024390243902439025,0.0,0.6747967476931721,0.006612466124661247,0.0016260162601626016,0.9999999996093749,0.3203124998748779,0.20312499992065428,1.625753999885168,0.768740834671611,0.768740834671611
0.20000000000000018,-0.6,15355.3193359375,347.3494873046875,inf,0.0,0.9,0.0390625,0.04329004329004329,0.0,0.10162601621885121,0.0026041666666666665,0.002886002886002886,0.9999999996093749,0.9023437496475218,0.21093749991760252,1.8470536803435709,0.9207501669884327,0.9207501669884327
0.30000000000000004,-0.6,15559.9697265625,349.8702697753906,inf,0.0,0.9,0.02734375,0.02734375,0.0,0.0,0.0018229166666666667,0.0018229166666666667,0.9999999996093749,0.9999999996093749,0.21093749991760252,1.9403760645319115,0.9155273132217406,0.9155273132217406
0.40000000000000013,-0.6,15844.9228515625,353.3165283203125,inf,0.0,0.9,0.03125,0.03125,0.0,0.0,0.0020833333333333333,0.0020833333333333333,0.9999999996093749,0.9999999996093749,0.22656249991149902,1.9374874397627988,0.40624413606348486,0.40624413606348486
0.5,-0.6,16208.8251953125,357.6251525878906,inf,0.0,0.9,0.03125,0.03125,0.0,0.0,0.0020833333333333333,0.0020833333333333333,0.9999999996093749,0.9999999996093749,0.1874999999267578,1.9374999992431456,0.031249999987792966,-0.031249999987792966
0.6000000000000001,-0.6,16647.43359375,362.72509765625,inf,0.0,0.9,0.03515625,0.03515625,0.0,0.0,0.00234375,0.00234375,0.9999999996093749,0.9999999996093749,0.27734374989166255,1.9296874992462099,0.03515624998626709,-0.03515624998626709
0.7000000000000002,-0.6,17156.37109375,368.5418395996094,inf,0.0,0.9,0.03515625,0.03515625,0.0,0.0,0.00234375,0.00234375,0.9999999996093749,0.9999999996093749,0.26953124989471433,1.9296874992462156,0.03515624998626709,-0.03515624998626709
0.8,-0.6,17731.712890625,375.0012512207031,inf,0.0,0.9,0.0390625,0.0390625,0.0,0.0,0.0026041666666666665,0.0026041666666666665,0.9999999996093749,0.9999999996093749,0.2617187498977661,1.9218749992492674,0.039062499984741206,-0.039062499984741206
0.9000000000000001,-0.6,18367.26953125,382.0326232910156,inf,0.0,0.9,0.03515625,0.03515625,0.0,0.0,0.00234375,0.00234375,0.9999999996093749,0.9999999996093749,0.26953124989471433,1.9296874992462156,0.03515624998626709,-0.03515624998626709
1.0,-0.6,19057.720703125,389.5701904296875,inf,0.0,0.9,0.03515625,0.03515625,0.0,0.0,0.00234375,0.00234375,0.9999999996093749,0.9999999996093749,0.26953124989471433,1.9296874992462156,0.03515624998626709,-0.03515624998626709
-1.0,-0.5,18666.72265625,384.82171630859375,inf,0.0,0.9,0.08203125,0.08203125,0.0,0.0,0.00546875,0.00546875,0.9999999996093749,0.9999999996093749,0.26953124989471433,1.8359374992828368,0.08203124996795653,-0.08203124996795653
-0.9,-0.5,17961.029296875,377.11968994140625,inf,0.0,0.9,0.0859375,0.0859375,0.0,0.0,0.005729166666666666,0.005729166666666666,0.9999999996093749,0.9999999996093749,0.26953124989471433,1.8281249992858886,0.08593749996643066,-0.08593749996643066
-0.8,-0.5,17310.744140625,369.9241027832031,inf,0.0,0.9,0.08984375,0.08984375,0.0,0.0,0.005989583333333334,0.005989583333333334,0.9999999996093749,0.9999999996093749,0.2812499998901367,1.8203124992889403,0.08984374996490478,-0.08984374996490478
-0.7,-0.5,16723.765625,363.3046875,inf,0.0,0.9,0.09375,0.09375,0.0,0.0,0.00625,0.00625,0.9999999996093749,0.9999999996093749,0.32421874987335203,1.8124999992919921,0.0937499999633789,-0.0937499999633789
-0.6,-0.5,16205.57421875,357.3370056152344,inf,0.0,0.9,0.08203125,0.08203125,0.0,0.0,0.00546875,0.00546875,0.9999999996093749,0.9999999996093749,0.29296874988555904,1.8359369228005986,0.03125028592365958,-0.03125028592365958
-0.5,-0.5,15760.537109375,352.1009826660156,inf,0.0,0.9,0.0859375,0.0859375,0.0,0.0,0.005729166666666666,0.005729166666666666,0.9999999996093749,0.9999999996093749,0.24609374990386962,1.8279302158392587,0.25380850932658194,0.25380850932658194
-0.3999999999999999,-0.5,15393.4306640625,347.67791748046875,inf,0.0,0.9,0.078125,0.08032128514056225,0.0,0.029661016936584315,0.005208333333333333,0.00535475234270415,0.9999999996093749,0.972656249620056,0.25390624990081784,1.8236092712929772,0.6643936210012894,0.6643936210012894
-0.29999999999999993,-0.5,15107.3466796875,344.14569091796875,inf,0.0,0.9,0.078125,0.11176470588235295,0.0,0.36016949137280957,0.005249343832020997,0.007450980392156863,0.9999999996093749,0.6640624997406005,0.25781249989929195,1.6827156227452438,0.7882422311561477,0.7882422311561477
-0.19999999999999996,-0.5,14902.9365234375,341.5741882324219,inf,0.0,0.9,0.0859375,0.17894736842105263,0.0,0.6666666663817664,0.007482993197278911,0.017894736842105262,0.9999999996093749,0.37109374985504145,0.29296874988555904,1.4600050242778968,0.6308851739899068,0.6308851739899068
-0.09999999999999998,-0.5,14780.048828125,340.0187072753906,inf,0.0,0.9,0.0546875,0.2857142857142857,0.0,0.9793388425705212,0.01027142390414243,0.16666666666666666,0.9999999996093749,0.027343749989318846,0.3203124998748779,1.2755221288065102,0.48339069938896684,0.48339069938896684
0.0,-0.5,14739.9658203125,339.51470947265625,inf,0.0,0.9,0.0390625,0.11363636363636363,0.0,0.841463414292088,0.006045378407187453,0.011363636363636364,0.9999999996093749,0.17187499993286132,0.3398437498672485,1.4014173799459018,0.5951308508166693,0.5951308508166693
0.10000000000000009,-0.5,14781.638671875,340.07421875,inf,0.0,0.9,0.03515625,0.07608695652173914,0.0,0.6558704450785949,0.005311823726145978,0.005434782608695653,0.9999999996093749,0.3593749998596191,0.29296874988555904,1.5157304085246672,0.6695762013443182,0.6695762013443182
0.20000000000000018,-0.5,14904.6220703125,341.6839294433594,12.318958212915327,0.0,0.9,0.03515625,0.05673758865248227,0.0,0.46153846135160387,0.0023904382470119525,0.0037825059101654845,0.9999999996093749,0.550781249784851,0.23046874990997313,1.6905608798792693,0.8163330363804481,0.8163330363804481
0.30000000000000004,-0.5,15110.36328125,344.3072814941406,inf,0.0,0.9,0.02734375,0.029045643153526972,0.0,0.06024096383122853,0.0018229166666666667,0.0019363762102351315,0.9999999996093749,0.941406249632263,0.20312499992065428,1.9118592777311034,0.9237004504562574,0.9237004504562574
0.40000000000000013,-0.5,15397.4013671875,347.88800048828125,inf,0.0,0.9,0.02734375,0.02734375,0.0,0.0,0.0018229166666666667,0.0018229166666666667,0.9999999996093749,0.9999999996093749,0.22265624991302488,1.9449561172109813,0.5271663959569408,0.5271663959569408
0.5,-0.5,15764.9697265625,352.3559265136719,inf,0.0,0.9,0.03515625,0.03515625,0.0,0.0,0.00234375,0.00234375,0.9999999996093749,0.9999999996093749,0.26953124989471433,1.9296869202243836,0.08593721679706594,0.08593721679706594
0.6000000000000001,-0.5,16209.6591796875,357.63250732421875,inf,0.0,0.9,0.0390625,0.0390625,0.0,0.0,0.0026041666666666665,0.0026041666666666665,0.9999999996093749,0.9999999996093749,0.19140624992523192,1.9218749992491937,0.039062499984741206,-0.039062499984741206
0.7000000000000002,-0.5,16726.587890625,363.63665771484375,inf,0.0,0.9,0.0390625,0.0390625,0.0,0.0,0.0026041666666666665,0.0026041666666666665,0.9999999996093749,0.9999999996093749,0.24999999990234373,1.9218749992492674,0.039062499984741206,-0.039062499984741206
0.8,-0.5,17311.90234375,370.28857421875,inf,0.0,0.9,0.0234375,0.0234375,0.0,0.0,0.0015625,0.0015625,0.9999999996093749,0.9999999996093749,0.2812499998901367,1.9531249992370603,0.023437499990844726,-0.023437499990844726
0.9000000000000001,-0.5,17959.564453125,377.5126953125,inf,0.0,0.9,0.03515625,0.03515625,0.0,0.0,0.00234375,0.00234375,0.9999999996093749,0.9999999996093749,0.24999999990234373,1.9296874992462156,0.03515624998626709,-0.03515624998626709
1.0,-0.5,18663.533203125,385.23992919921875,inf,0.0,0.9,0.03125,0.03125,0.0,0.0,0.0020833333333333333,0.0020833333333333333,0.9999999996093749,0.9999999996093749,0.24609374990386962,1.9374999992431639,0.031249999987792966,-0.031249999987792966
-1.0,-0.3999999999999999,18337.3359375,381.2015380859375,inf,0.0,0.9,0.08984375,0.08984375,0.0,0.0,0.005989583333333334,0.005989583333333334,0.9999999996093749,0.9999999996093749,0.26953124989471433,1.8203124992889403,0.08984374996490478,-0.08984374996490478
-0.9,-0.3999999999999999,17621.056640625,373.3319091796875,inf,0.0,0.9,0.0859375,0.0859375,0.0,0.0,0.005729166666666666,0.005729166666666666,0.9999999996093749,0.9999999996093749,0.2617187498977661,1.8281249992858886,0.08593749996643066,-0.08593749996643066
-0.8,-0.3999999999999999,16960.927734375,365.965087890625,inf,0.0,0.9,0.08203125,0.08203125,0.0,0.0,0.00546875,0.00546875,0.9999999996093749,0.9999999996093749,0.2617187498977661,1.8359374992828368,0.08203124996795653,-0.08203124996795653
-0.7,-0.3999999999999999,16365.7177734375,359.17364501953125,inf,0.0,0.9,0.0859375,0.0859375,0.0,0.0,0.005729166666666666,0.005729166666666666,0.9999999996093749,0.9999999996093749,0.3046874998809814,1.8281249992858886,0.08593749996643066,-0.08593749996643066
-0.6,-0.3999999999999999,15841.873046875,353.037353515625,inf,0.0,0.9,0.0859375,0.0859375,0.0,0.0,0.005729166666666666,0.005729166666666666,0.9999999996093749,0.9999999996093749,0.29687499988403315,1.8281227549649557,0.003907369480251392,-0.003907369480251392
-0.5,-0.3999999999999999,15394.0712890625,347.6413879394531,inf,0.0,0.9,0.08984375,0.08984375,0.0,0.0,0.005989583333333334,0.005989583333333334,0.9999999996093749,0.9999999996093749,0.2851562498886108,1.8191861548220738,0.2533279058987367,0.2533279058987367
-0.3999999999999999,-0.3999999999999999,15025.5576171875,343.0733642578125,inf,0.0,0.9,0.0859375,0.09565217391304348,0.0,0.11111111106362773,0.005729166666666666,0.006376811594202899,0.9999999996093749,0.8984374996490477,0.26953124989471433,1.779779926787026,0.6000392031630561,0.6000392031630561
-0.29999999999999993,-0.3999999999999999,14738.5810546875,339.4183349609375,inf,0.0,0.9,0.0859375,0.13095238095238096,0.0,0.3760683759076631,0.006162464985994398,0.010073260073260074,0.9999999996093749,0.6562499997436523,0.31640624987640376,1.5981484623699773,0.6792037751657571,0.6792037751657571
-0.19999999999999996,-0.3999999999999999,14534.3662109375,336.75286865234375,7.61959784055406,0.0,0.9,0.1015625,0.15254237288135594,0.0,0.5652173910586011,0.015943562610229275,0.012711864406779662,0.9999999996093749,0.46093749981994625,0.3945312498458862,1.412078312161572,0.5882490888186374,0.5882490888186374
-0.09999999999999998,-0.3999999999999999,14413.1416015625,335.1383361816406,5.1764666932125385,0.0,0.9,0.109375,0.3548387096774194,0.0,0.9122807013542629,0.03708813489835387,0.05913978494623656,0.9999999996093749,0.12109374995269774,0.41796874983673094,1.1845172424942494,0.398087444179646,0.398087444179646
0.0,-0.3999999999999999,14373.751953125,334.6142883300781,4.114708737979297,0.0,0.9,0.16015625,1.0,0.0,0.9999999995348837,0.0544067044067044,1.0,0.9999999996093749,0.023437499990844726,0.42578124983367915,1.0759328476583374,0.29302153371327194,0.2911378287488647
0.10000000000000009,-0.3999999999999999,14414.69921875,335.19403076171875,4.460384734224024,0.0,0.9,0.1328125,0.25,0.0,0.8918918914901388,0.04497581799411068,0.03571428571428571,0.9999999996093749,0.12499999995117186,0.42187499983520504,1.162367943447627,0.362708401765266,0.362708401765266
0.20000000000000018,-0.3999999999999999,14536.876953125,336.8629455566406,5.779643152704355,0.0,0.9,0.0703125,0.109375,0.0,0.7605042013611327,0.019754515776492523,0.009943181818181818,0.9999999996093749,0.24999999990234373,0.37890624985198973,1.3155176223336578,0.4991692618930835,0.4991692618930835
0.30000000000000004,-0.3999999999999999,14741.8701171875,339.5802917480469,11.043398819450307,0.0,0.9,0.03125,0.0440251572327044,0.0,0.387096774037461,0.00217687074829932,0.002935010482180293,0.9999999996093749,0.6210937497573852,0.30859374987945554,1.692611876099218,0.7938227437610654,0.7938227437610654
0.40000000000000013,-0.3999999999999999,15029.6552734375,343.2835998535156,inf,0.0,0.9,0.0390625,0.04032258064516129,0.0,0.03252032519003239,0.0026041666666666665,0.0026881720430107525,0.9999999996093749,0.9687499996215819,0.3007812498825073,1.9057226575130377,0.6945975152484617,0.6945975152484617
0.5,-0.3999999999999999,15398.623046875,347.8959045410156,inf,0.0,0.9,0.03125,0.03125,0.0,0.0,0.0020833333333333333,0.0020833333333333333,0.9999999996093749,0.9999999996093749,0.29687499988403315,1.9374238608375811,0.33589979233697015,0.33589979233697015
0.6000000000000001,-0.3999999999999999,15846.7978515625,353.3316955566406,inf,0.0,0.9,0.02734375,0.02734375,0.0,0.0,0.0018229166666666667,0.0018229166666666667,0.9999999996093749,0.9999999996093749,0.30859374987945554,1.945312382793769,0.0156250577404737,-0.0156250577404737
0.7000000000000002,-0.3999999999999999,16369.6494140625,359.5034484863281,inf,0.0,0.9,0.03515625,0.03515625,0.0,0.0,0.00234375,0.00234375,0.9999999996093749,0.9999999996093749,0.23046874990997313,1.9296874992462156,0.03515624998626709,-0.03515624998626709
0.8,-0.3999999999999999,16962.75,366.32635498046875,inf,0.0,0.9,0.03515625,0.03515625,0.0,0.0,0.00234375,0.00234375,0.9999999996093749,0.9999999996093749,0.24218749990539548,1.9296874992462156,0.03515624998626709,-0.03515624998626709
0.9000000000000001,-0.3999999999999999,17620.4765625,373.720703125,inf,0.0,0.9,0.03515625,0.03515625,0.0,0.0,0.00234375,0.00234375,0.9999999996093749,0.9999999996093749,0.25781249989929195,1.9296874992462156,0.03515624998626709,-0.03515624998626709
1.0,-0.3999999999999999,18335.796875,381.61431884765625,inf,0.0,0.9,0.02734375,0.02734375,0.0,0.0,0.0018229166666666667,0.0018229166666666667,0.9999999996093749,0.9999999996093749,0.2656249998962402,1.945312499240112,0.027343749989318846,-0.027343749989318846
-1.0,-0.29999999999999993,18078.85546875,378.33245849609375,inf,0.0,0.9,0.07421875,0.07421875,0.0,0.0,0.0049479166666666664,0.0049479166666666664,0.9999999996093749,0.9999999996093749,0.2617187498977661,1.8515624992767332,0.07421874997100829,-0.07421874997100829
-0.9,-0.29999999999999993,17353.595703125,370.3244934082031,inf,0.0,0.9,0.0859375,0.0859375,0.0,0.0,0.005729166666666666,0.005729166666666666,0.9999999996093749,0.9999999996093749,0.27734374989166255,1.8281249992858886,0.08593749996643066,-0.08593749996643066
-0.8,-0.29999999999999993,16686.0546875,362.8153991699219,inf,0.0,0.9,0.07421875,0.07421875,0.0,0.0,0.0049479166666666664,0.0049479166666666664,0.9999999996093749,0.9999999996093749,0.26953124989471433,1.8515624992767332,0.07421874997100829,-0.07421874997100829
-0.7,-0.29999999999999993,16084.740234375,355.88031005859375,inf,0.0,0.9,0.0859375,0.0859375,0.0,0.0,0.005729166666666666,0.005729166666666666,0.9999999996093749,0.9999999996093749,0.32421874987335203,1.8281249992858886,0.08593749996643066,-0.08593749996643066
-0.6,-0.29999999999999993,15556.8642578125,349.6022644042969,inf,0.0,0.9,0.09375,0.09375,0.0,0.0,0.00625,0.00625,0.9999999996093749,0.9999999996093749,0.24218749990539548,1.8124767434742646,0.0624883714208932,0.0624883714208932
-0.5,-0.29999999999999993,15107.1904296875,344.0711669921875,inf,0.0,0.9,0.08203125,0.08502024291497975,0.0,0.03829787232412857,0.00546875,0.005668016194331983,0.9999999996093749,0.9648437496231078,0.25390624990081784,1.817527908668349,0.4928845940898974,0.4928845940898974
-0.3999999999999999,-0.29999999999999993,14738.9365234375,339.3797302246094,inf,0.0,0.9,0.078125,0.10695187165775401,0.0,0.2923728812320454,0.005420054200542005,0.0071301247771836,0.9999999996093749,0.7304687497146606,0.24999999990234373,1.674907583080205,0.6723674624119315,0.6723674624119315
-0.29999999999999993,-0.29999999999999993,14453.283203125,335.6194763183594,7.012445989773688,0.0,0.9,0.08203125,0.14782608695652175,0.0,0.5829787231561793,0.00979849253960929,0.01137123745819398,0.9999999996093749,0.44921874982452387,0.32421874987335203,1.4411104361552245,0.6239488873636538,0.6239488873636538
-0.19999999999999996,-0.29999999999999993,14250.123046875,332.8731689453125,4.13416494524512,0.0,0.9,0.1484375,0.2702702702702703,0.0,0.8761467885889235,0.05955617705617706,0.03861003861003861,0.9999999996093749,0.14453124994354247,0.47265624981536863,1.1579062375478903,0.3766784109146818,0.3766784109146818
-0.09999999999999998,-0.29999999999999993,14129.2109375,331.20758056640625,3.1465045619166094,0.0,0.9,0.26171875,0.5,0.0,0.9735449730298704,0.1299153632744964,0.125,0.9999999996093749,0.039062499984741206,0.5624999997802734,0.9699206096793953,0.20503967572597087,0.18938443176301384
0.0,-0.29999999999999993,14089.7685546875,330.6660461425781,2.8875036113794565,0.0,0.9,0.3125,0.875,0.0,0.9943181812532284,0.1730859218436068,0.5833333333333334,0.9999999996093749,0.031249999987792966,0.64453124974823,0.9057925506908989,0.17406185012891381,0.1483860887698431
0.10000000000000009,-0.29999999999999993,14130.751953125,331.2631530761719,3.064729971561377,0.0,0.9,0.265625,0.8888888888888888,0.0,0.9946808505347443,0.12373607671552836,0.7916666666666667,0.9999999996093749,0.03515624998626709,0.6367187497512817,0.9605442344035947,0.2533915286976105,0.21744219329797632
0.20000000000000018,-0.29999999999999993,14252.1083984375,332.98297119140625,3.7341954966643383,0.0,0.9,0.20703125,0.21428571428571427,0.0,0.8916256153243224,0.07170508662073637,0.01948051948051948,0.9999999996093749,0.10937499995727538,0.47656249981384274,1.0921179399012397,0.30432984039843036,0.2976585508136229
0.30000000000000004,-0.29999999999999993,14455.9296875,335.7806396484375,5.957725375959209,0.0,0.9,0.05859375,0.08888888888888889,0.0,0.6597510370706428,0.017326429820708995,0.006837606837606838,0.9999999996093749,0.35156249986267085,0.40234374984283444,1.3975648204923434,0.5772568989066439,0.5772568989066439
0.40000000000000013,-0.29999999999999993,14742.431640625,339.588623046875,11.00142689857883,0.0,0.9,0.0390625,0.054945054945054944,0.0,0.3008130080077996,0.0026560424966799467,0.003663003663003663,0.9999999996093749,0.7109374997222899,0.34765624986419674,1.736920759412838,0.7738590648098943,0.7738590648098943
0.5,-0.29999999999999993,15111.7802734375,344.32342529296875,inf,0.0,0.9,0.03515625,0.03557312252964427,0.0,0.012145748982936943,0.00234375,0.0023715415019762848,0.9999999996093749,0.9882812496139526,0.32812499987182614,1.9229704289614211,0.4651379325628118,0.4651379325628118
0.6000000000000001,-0.29999999999999993,15561.5078125,349.8935852050781,inf,0.0,0.9,0.0390625,0.0390625,0.0,0.0,0.0026041666666666665,0.0026041666666666665,0.9999999996093749,0.9999999996093749,0.3007812498825073,1.9218659018191828,0.11327682797665939,0.11327682797665939
0.7000000000000002,-0.29999999999999993,16088.59765625,356.2060546875,inf,0.0,0.9,0.0234375,0.0234375,0.0,0.0,0.0015625,0.0015625,0.9999999996093749,0.9999999996093749,0.3007812498825073,1.9531249992367923,0.023437499990844726,-0.023437499990844726
0.8,-0.29999999999999993,16687.8359375,363.1715087890625,inf,0.0,0.9,0.03515625,0.03515625,0.0,0.0,0.00234375,0.00234375,0.9999999996093749,0.9999999996093749,0.25390624990081784,1.9296874992462143,0.03515624998626709,-0.03515624998626709
0.9000000000000001,-0.29999999999999993,17353.546875,370.70697021484375,inf,0.0,0.9,0.0390625,0.0390625,0.0,0.0,0.0026041666666666665,0.0026041666666666665,0.9999999996093749,0.9999999996093749,0.24999999990234373,1.9218749992492674,0.039062499984741206,-0.039062499984741206
1.0,-0.29999999999999993,18077.919921875,378.73773193359375,inf,0.0,0.9,0.03515625,0.03515625,0.0,0.0,0.00234375,0.00234375,0.9999999996093749,0.9999999996093749,0.2851562498886108,1.9296874992462156,0.03515624998626709,-0.03515624998626709
-1.0,-0.19999999999999996,17892.03125,376.2523498535156,inf,0.0,0.9,0.0859375,0.0859375,0.0,0.0,0.005729166666666666,0.005729166666666666,0.9999999996093749,0.9999999996093749,0.27343749989318844,1.8281249992858886,0.08593749996643066,-0.08593749996643066
-0.9,-0.19999999999999996,17161.033203125,368.140869140625,inf,0.0,0.9,0.0859375,0.0859375,0.0,0.0,0.005729166666666666,0.005729166666666666,0.9999999996093749,0.9999999996093749,0.2656249998962402,1.8281249992858886,0.08593749996643066,-0.08593749996643066
-0.8,-0.19999999999999996,16488.607421875,360.5247802734375,inf,0.0,0.9,0.08203125,0.08203125,0.0,0.0,0.00546875,0.00546875,0.9999999996093749,0.9999999996093749,0.25781249989929195,1.8359374992828368,0.08203124996795653,-0.08203124996795653
-0.7,-0.19999999999999996,15882.7099609375,353.4808349609375,inf,0.0,0.9,0.09375,0.09375,0.0,0.0,0.00625,0.00625,0.9999999996093749,0.9999999996093749,0.29296874988555904,1.8124999992919917,0.0937499999633789,-0.0937499999633789
-0.6,-0.19999999999999996,15352.0517578125,347.0950927734375,inf,0.0,0.9,0.0859375,0.0859375,0.0,0.0,0.005729166666666666,0.005729166666666666,0.9999999996093749,0.9999999996093749,0.2812499998901367,1.8278590807481112,0.24596010871010726,0.24596010871010726
-0.5,-0.19999999999999996,14902.09375,341.46044921875,inf,0.0,0.9,0.08203125,0.08860759493670886,0.0,0.08085106379538252,0.00546875,0.00590717299578059,0.9999999996093749,0.9257812496383666,0.27734374989166255,1.796273762701088,0.5315528034961975,0.5315528034961975
-0.3999999999999999,-0.19999999999999996,14534.6279296875,336.6742858886719,10.629910918563139,0.0,0.9,0.07421875,0.10596026490066225,0.0,0.4303797466538482,0.005705705705705706,0.007568590350047304,0.9999999996093749,0.5898437497695922,0.2617187498977661,1.5635046507877426,0.6856577896345022,0.6856577896345022
-0.29999999999999993,-0.19999999999999996,14250.4306640625,332.8327941894531,5.15607236846605,0.0,0.9,0.12109375,0.1875,0.0,0.8266666662992593,0.037395377033058196,0.0125,0.9999999996093749,0.1874999999267578,0.40624999984130855,1.2278352372328396,0.4498959163874324,0.44753686220435485
-0.19999999999999996,-0.19999999999999996,14047.7275390625,330.0237121582031,3.1808525124701115,0.0,0.9,0.26171875,0.38461538461538464,0.0,0.957671957165253,0.12185017671404998,0.10416666666666667,0.9999999996093749,0.05078124998016357,0.6406249997497558,0.9664701160616329,0.24221605439995758,0.24221605439995758
-0.09999999999999998,-0.19999999999999996,13926.6591796875,328.31829833984375,2.34073382724673,0.0,0.9,0.45703125,0.8333333333333334,0.0,0.9928057546814347,0.2799514397869904,0.6666666666666666,0.9999999996093749,0.023437499990844726,0.8593749996643065,0.7092730095724366,0.13159266632134964,0.0884775079250428
0.0,-0.19999999999999996,13887.5146484375,327.7629699707031,2.5724348676826128,0.0,0.9,0.390625,0.6111111111111112,0.0,0.9551282045159435,0.22369896117215687,0.34375,0.9999999996093749,0.07031249997253418,0.7539062497055053,0.8373080335464539,0.22456388846112746,0.20983795153443294
0.10000000000000009,-0.19999999999999996,13928.162109375,328.373291015625,2.538225468122427,0.0,0.9,0.42578125,0.3,0.0,0.9047619041464205,0.24852586441630248,0.091005291005291,0.9999999996093749,0.07812499996948241,0.679687499734497,0.8462625076803708,0.14026081673510962,0.13801164364277352
0.20000000000000018,-0.19999999999999996,14049.3427734375,330.13214111328125,2.669508628864701,0.0,0.9,0.38671875,0.6363636363636364,0.0,0.9745222923729158,0.1911400493430412,0.35185185185185186,0.9999999996093749,0.04296874998321533,0.7343749997131347,0.8166952331918828,0.14959048995827712,0.07255451369543862
0.30000000000000004,-0.19999999999999996,14251.8310546875,332.9918518066406,4.111494974822641,0.0,0.9,0.171875,0.13559322033898305,0.0,0.7594339619059274,0.07309342582974424,0.01694915254237288,0.9999999996093749,0.23046874990997313,0.550781249784851,1.1771026062957224,0.3808815108098539,0.3803378851247303
0.40000000000000013,-0.19999999999999996,14536.8525390625,336.880126953125,8.591924929397432,0.0,0.9,0.03125,0.05555555555555555,0.0,0.4516129030437045,0.0021947873799725653,0.0037037037037037034,0.9999999996093749,0.5624999997802734,0.43359374983062743,1.6446646564543987,0.7451254381765222,0.7451254381765222
0.5,-0.19999999999999996,14905.560546875,341.708740234375,inf,0.0,0.9,0.02734375,0.030973451327433628,0.0,0.12048192766245706,0.0018518518518518517,0.002064896755162242,0.9999999996093749,0.8828124996551513,0.35546874986114496,1.8585202426607885,0.791741999372138,0.791741999372138
0.6000000000000001,-0.19999999999999996,15356.1240234375,347.38128662109375,inf,0.0,0.9,0.03515625,0.03515625,0.0,0.0,0.00234375,0.00234375,0.9999999996093749,0.9999999996093749,0.32421874987335203,1.9285471003053778,0.479914202897505,0.479914202897505
0.7000000000000002,-0.19999999999999996,15885.6318359375,353.80035400390625,inf,0.0,0.9,0.03515625,0.03515625,0.0,0.0,0.00234375,0.00234375,0.9999999996093749,0.9999999996093749,0.35546874986114496,1.929638186279534,0.1093505415073824,0.1093505415073824
0.8,-0.19999999999999996,16489.732421875,360.87335205078125,inf,0.0,0.9,0.0234375,0.0234375,0.0,0.0,0.0015625,0.0015625,0.9999999996093749,0.9999999996093749,0.3593749998596191,1.953124996419681,0.01171875139698386,-0.01171875139698386
0.9000000000000001,-0.19999999999999996,17161.63671875,368.5147399902344,inf,0.0,0.9,0.02734375,0.02734375,0.0,0.0,0.0018229166666666667,0.0018229166666666667,0.9999999996093749,0.9999999996093749,0.24609374990386962,1.945312499240112,0.027343749989318846,-0.027343749989318846
1.0,-0.19999999999999996,17892.58203125,376.64813232421875,inf,0.0,0.9,0.03125,0.03125,0.0,0.0,0.0020833333333333333,0.0020833333333333333,0.9999999996093749,0.9999999996093749,0.23046874990997313,1.9374999992431639,0.031249999987792966,-0.031249999987792966
-1.0,-0.09999999999999998,17778.775390625,374.9906005859375,inf,0.0,0.9,0.0859375,0.0859375,0.0,0.0,0.005729166666666666,0.005729166666666666,0.9999999996093749,0.9999999996093749,0.2617187498977661,1.8281249992858886,0.08593749996643066,-0.08593749996643066
-0.9,-0.09999999999999998,17044.8828125,366.814453125,inf,0.0,0.9,0.08984375,0.08984375,0.0,0.0,0.005989583333333334,0.005989583333333334,0.9999999996093749,0.9999999996093749,0.28906249988708493,1.8203124992889403,0.08984374996490478,-0.08984374996490478
-0.8,-0.09999999999999998,16369.5849609375,359.1314392089844,inf,0.0,0.9,0.0859375,0.0859375,0.0,0.0,0.005729166666666666,0.005729166666666666,0.9999999996093749,0.9999999996093749,0.2812499998901367,1.8281249992858886,0.08593749996643066,-0.08593749996643066
-0.7,-0.09999999999999998,15761.09765625,352.0193786621094,inf,0.0,0.9,0.08203125,0.08203125,0.0,0.0,0.00546875,0.00546875,0.9999999996093749,0.9999999996093749,0.26953124989471433,1.8359371602953698,0.06250016901826248,-0.06250016901826248
-0.6,-0.09999999999999998,15228.7431640625,345.565673828125,inf,0.0,0.9,0.0859375,0.0859375,0.0,0.0,0.005729166666666666,0.005729166666666666,0.9999999996093749,0.9999999996093749,0.27343749989318844,1.8273947068762304,0.31212996663723286,0.31212996663723286
-0.5,-0.09999999999999998,14778.6572265625,339.86566162109375,inf,0.0,0.9,0.08203125,0.09502262443438914,0.0,0.14893617014938887,0.005533596837944664,0.006334841628959276,0.9999999996093749,0.8632812496627806,0.25781249989929195,1.7467547789781859,0.5828975163075706,0.5828975163075706
-0.3999999999999999,-0.09999999999999998,14412.361328125,335.0192565917969,inf,0.0,0.9,0.0859375,0.15126050420168066,0.0,0.5683760681331727,0.015061448213622127,0.011635423400129281,0.9999999996093749,0.46484374981842036,0.35156249986267085,1.4637122336279336,0.6161093648546726,0.6155929922089642
-0.29999999999999993,-0.09999999999999998,14128.498046875,331.1258239746094,3.928182086491645,0.0,0.9,0.24609375,0.36363636363636365,0.0,0.9274611394158233,0.11378931378931378,0.06060606060606061,0.9999999996093749,0.08593749996643066,0.5156249997985839,1.0846331753915444,0.3539767319889634,0.3277879503144772
-0.19999999999999996,-0.09999999999999998,13925.9775390625,328.2765197753906,2.662942521755752,0.0,0.9,0.3671875,0.8888888888888888,0.0,0.9938271598803536,0.20996747297346996,0.7,0.9999999996093749,0.03515624998626709,0.7695312496994018,0.8429139453386087,0.22968364945464495,0.22627410390623776
-0.09999999999999998,-0.09999999999999998,13805.125,326.54534912109375,2.1839188983439217,0.0,0.9,0.5625,0.8214285714285714,0.0,0.9553571420041455,0.42518386808785125,0.47619047619047616,0.9999999996093749,0.10937499995727538,0.8632812496627806,0.6331186636131313,0.09278284599344168,0.06896353788692754
0.0,-0.09999999999999998,13765.3017578125,325.9808044433594,2.459098843847465,0.0,0.9,0.515625,0.6222222222222222,0.0,0.8629032251105619,0.3644948864718687,0.47665343915343916,0.9999999996093749,0.17578124993133543,0.839843749671936,0.7285032470693538,0.19108593540200988,0.14969276000317466
0.10000000000000009,-0.09999999999999998,13805.4736328125,326.5990905761719,2.4216867675942746,0.0,0.9,0.55859375,0.5897435897435898,0.0,0.8584070788863655,0.3816666466666466,0.27956841138659316,0.9999999996093749,0.1523437499404907,0.7617187497024536,0.6963648192907784,0.16530079839929465,0.156007268620383
0.20000000000000018,-0.09999999999999998,13926.4765625,328.382568359375,2.2895495021160444,0.0,0.9,0.58203125,0.4827586206896552,0.0,0.859813083308586,0.4088292084588706,0.32234848484848483,0.9999999996093749,0.11328124995574951,0.8359374996734619,0.6357751750469285,0.12634428059030728,0.028511171668497853
0.30000000000000004,-0.09999999999999998,14128.6689453125,331.2813415527344,3.4606648414428207,0.0,0.9,0.1875,0.2,0.0,0.9038461534116125,0.062134875323281116,0.04,0.9999999996093749,0.09765624996185301,0.6015624997650146,1.062857600031074,0.3440111872739625,0.3440111872739625
0.40000000000000013,-0.09999999999999998,14413.3173828125,335.2203369140625,6.014641134576598,0.0,0.9,0.078125,0.09473684210526316,0.0,0.6355932200696639,0.019985925404644615,0.007894736842105263,0.9999999996093749,0.37109374985504145,0.43359374983062743,1.4267729259278967,0.6089760273100218,0.6089760273100218
0.5,-0.09999999999999998,14781.486328125,340.1078796386719,inf,0.0,0.9,0.03515625,0.041884816753926704,0.0,0.25910931163598816,0.004584809130263675,0.002792321116928447,0.9999999996093749,0.746093749708557,0.34374999986572263,1.7508959851925652,0.8011203573764208,0.8011203573764208
0.6000000000000001,-0.09999999999999998,15232.361328125,345.8444519042969,inf,0.0,0.9,0.03515625,0.037037037037037035,0.0,0.05263157892606009,0.00234375,0.0024691358024691358,0.9999999996093749,0.9492187496292114,0.33593749986877436,1.8976191377729899,0.7273637087197146,0.7273637087197146
0.7000000000000002,-0.09999999999999998,15764.072265625,352.33038330078125,inf,0.0,0.9,0.03125,0.03125,0.0,0.0,0.0020833333333333333,0.0020833333333333333,0.9999999996093749,0.9999999996093749,0.3593749998596191,1.9373206769687028,0.29287926083543137,0.29287926083543137
0.8,-0.09999999999999998,16370.6845703125,359.4703369140625,inf,0.0,0.9,0.02734375,0.02734375,0.0,0.0,0.0018229166666666667,0.0018229166666666667,0.9999999996093749,0.9999999996093749,0.35156249986267085,1.9453002451494887,0.07030637555714131,0.07030637555714131
0.9000000000000001,-0.09999999999999998,17045.61328125,367.1776123046875,inf,0.0,0.9,0.03515625,0.03515625,0.0,0.0,0.00234375,0.00234375,0.9999999996093749,0.9999999996093749,0.29296874988555904,1.9296874871390317,0.023437506049019095,-0.023437506049019095
1.0,-0.09999999999999998,17779.884765625,375.37451171875,inf,0.0,0.9,0.03515625,0.03515625,0.0,0.0,0.00234375,0.00234375,0.9999999996093749,0.9999999996093749,0.24999999990234373,1.9296694911750383,0.011727768932383168,-0.011727768932383168
-1.0,0.0,17740.533203125,374.5654296875,inf,0.0,0.9,0.0859375,0.0859375,0.0,0.0,0.005729166666666666,0.005729166666666666,0.9999999996093749,0.9999999996093749,0.2851562498886108,1.8281249992858886,0.08593749996643066,-0.08593749996643066
-0.9,0.0,17005.087890625,366.3667907714844,inf,0.0,0.9,0.08203125,0.08203125,0.0,0.0,0.00546875,0.00546875,0.9999999996093749,0.9999999996093749,0.23828124990692137,1.8359374992828368,0.08203124996795653,-0.08203124996795653
-0.8,0.0,16328.6083984375,358.6602783203125,inf,0.0,0.9,0.0859375,0.0859375,0.0,0.0,0.005729166666666666,0.005729166666666666,0.9999999996093749,0.9999999996093749,0.21484374991607663,1.8281249992858886,0.08593749996643066,-0.08593749996643066
-0.7,0.0,15719.7958984375,351.52423095703125,inf,0.0,0.9,0.09375,0.09375,0.0,0.0,0.00625,0.00625,0.9999999996093749,0.9999999996093749,0.30859374987945554,1.8124997077955751,0.05859389807113397,-0.05859389807113397
-0.6,0.0,15187.0859375,345.0465087890625,inf,0.0,0.9,0.08203125,0.08203125,0.0,0.0,0.00546875,0.00546875,0.9999999996093749,0.9999999996093749,0.2812499998901367,1.8356827772350108,0.320184647754769,0.320184647754769
-0.5,0.0,14737.02734375,339.3232421875,inf,0.0,0.9,0.078125,0.0881057268722467,0.0,0.12288135588013502,0.005270092226613966,0.005873715124816447,0.9999999996093749,0.8867187496536254,0.28906249988708493,1.7595636870918043,0.6454027540422104,0.6454027540422104
-0.3999999999999999,0.0,14371.28125,334.4553527832031,6.4467444000267635,0.0,0.9,0.09765625,0.15454545454545454,0.0,0.5974025971439816,0.027841955466264858,0.014049586776859503,0.9999999996093749,0.42968749983215326,0.38281249985046384,1.4131882360822918,0.5724691268852333,0.5724691268852333
-0.29999999999999993,0.0,14088.01171875,330.5431823730469,3.750794555354281,0.0,0.9,0.20703125,0.26666666666666666,0.0,0.9458128074158558,0.09435507246376812,0.06666666666666667,0.9999999996093749,0.05859374997711181,0.5234374997955322,1.0830291561448118,0.3559999509845385,0.3446026956127141
-0.19999999999999996,0.0,13885.169921875,327.6791687011719,2.34547549582936,0.0,0.9,0.48828125,1.0,0.0,0.9999999992366413,0.30321680752985997,1.0,0.9999999996093749,0.05859374997711181,0.8359374996734619,0.6757433405976336,0.09483796480264611,0.08059709699305576
-0.09999999999999998,0.0,13764.017578125,325.9383239746094,2.298335494757189,0.0,0.9,0.5234375,0.8,0.0,0.9180327861327601,0.3710350841490902,0.5210414585414586,0.9999999996093749,0.19531249992370603,0.8124999996826171,0.6743092149127901,0.18757713925387,0.18757713925387
0.0,0.0,13723.78125,325.3698425292969,1.6216676425828511,0.0,0.9,0.703125,0.8552631578947368,0.0,0.8552631567693907,0.5646617080125326,0.7253571428571428,0.9999999996093749,0.29687499988403315,0.8984374996490477,0.43329977945146264,0.06115628516285165,0.021144609395971972
0.10000000000000009,0.0,13763.3095703125,325.9903564453125,2.024686852144288,0.0,0.9,0.57421875,0.7536231884057971,0.0,0.8440366964733609,0.3948022352541535,0.4515406162464986,0.9999999996093749,0.26953124989471433,0.839843749671936,0.6364388817361192,0.14485601320008354,0.14485601320008354
0.20000000000000018,0.0,13884.107421875,327.7817687988281,2.805734802674623,0.0,0.9,0.51171875,0.8297872340425532,0.0,0.9359999992512,0.3335257819577893,0.5678571428571428,0.9999999996093749,0.18359374992828367,0.8593749996643065,0.6618045397904506,0.15289030445202545,0.143793436616478
0.30000000000000004,0.0,14087.0146484375,330.6935119628906,3.7274617216938277,0.0,0.9,0.25390625,0.3333333333333333,0.0,0.8743455492804474,0.11891555613878661,0.08854166666666666,0.9999999996093749,0.14062499994506836,0.6406249997497558,1.0730619377493802,0.38375812449619784,0.38375812449619784
0.40000000000000013,0.0,14372.11328125,334.6496276855469,5.438290221632466,0.0,0.9,0.109375,0.08571428571428572,0.0,0.7192982452985535,0.02596959178364678,0.006211180124223602,0.9999999996093749,0.27343749989318844,0.38671874984893795,1.3360940647241342,0.5619636227282712,0.5619636227282712
0.5,0.0,14740.103515625,339.5572509765625,10.506887888496625,0.0,0.9,0.04296875,0.049689440993788817,0.0,0.3755102039283632,0.008589181286549707,0.0033126293995859213,0.9999999996093749,0.6289062497543334,0.31640624987640376,1.6777362220082177,0.7683625751173531,0.7683625751173531
0.6000000000000001,0.0,15191.439453125,345.315673828125,inf,0.0,0.9,0.03125,0.034482758620689655,0.0,0.09677419350936525,0.002091503267973856,0.0022988505747126436,0.9999999996093749,0.9062499996459961,0.3203124998748779,1.883006552290674,0.8291030862705169,0.8291030862705169
0.7000000000000002,0.0,15723.6318359375,351.8243103027344,inf,0.0,0.9,0.03125,0.03137254901960784,0.0,0.004032258062890219,0.0020833333333333333,0.002091503267973856,0.9999999996093749,0.9960937496109008,0.31640624987640376,1.9337069252302057,0.5058452020871677,0.5058452020871677
0.8,0.0,16331.4091796875,358.9871520996094,inf,0.0,0.9,0.0390625,0.0390625,0.0,0.0,0.0026041666666666665,0.0026041666666666665,0.9999999996093749,0.9999999996093749,0.29296874988555904,1.9206220791074926,0.23373763615967946,0.23373763615967946
0.9000000000000001,0.0,17007.0546875,366.7167663574219,inf,0.0,0.9,0.03515625,0.03515625,0.0,0.0,0.00234375,0.00234375,0.9999999996093749,0.9999999996093749,0.32812499987182614,1.9296760534093682,0.05077552231276482,0.05077552231276482
1.0,0.0,17742.509765625,374.9353942871094,inf,0.0,0.9,0.02734375,0.024,0.0,0.020080321277076176,0.0018666666666666666,0.0016129032258064516,0.9999999996093749,0.9765624996185301,0.25781249989929195,1.9355774282857785,0.1575392523493338,0.1566278435555782
-1.0,0.10000000000000009,17777.927734375,374.983154296875,inf,0.0,0.9,0.078125,0.078125,0.0,0.0,0.005208333333333333,0.005208333333333333,0.9999999996093749,0.9999999996093749,0.26953124989471433,1.843749999279785,0.07812499996948241,-0.07812499996948241
-0.9,0.10000000000000009,17042.61328125,366.8050231933594,inf,0.0,0.9,0.08984375,0.08984375,0.0,0.0,0.005989583333333334,0.005989583333333334,0.9999999996093749,0.9999999996093749,0.2656249998962402,1.8203124992889403,0.08984374996490478,-0.08984374996490478
-0.8,0.10000000000000009,16367.142578125,359.11962890625,inf,0.0,0.9,0.0859375,0.0859375,0.0,0.0,0.005729166666666666,0.005729166666666666,0.9999999996093749,0.9999999996093749,0.21484374991607663,1.8281249992858886,0.08593749996643066,-0.08593749996643066
-0.7,0.10000000000000009,15759.7900390625,352.0051574707031,inf,0.0,0.9,0.07421875,0.07421875,0.0,0.0,0.0049479166666666664,0.0049479166666666664,0.9999999996093749,0.9999999996093749,0.3046874998809814,1.851562354924331,0.05859382355769866,-0.05859382355769866
-0.6,0.10000000000000009,15227.4208984375,345.54876708984375,inf,0.0,0.9,0.08203125,0.08203125,0.0,0.0,0.00546875,0.00546875,0.9999999996093749,0.9999999996093749,0.33593749986877436,1.8355871687859149,0.3591991510840835,0.3591991510840835
-0.5,0.10000000000000009,14777.2646484375,339.8460388183594,inf,0.0,0.9,0.078125,0.08583690987124463,0.0,0.09745762707734847,0.005333333333333333,0.005722460658082976,0.9999999996093749,0.9101562496444702,0.29687499988403315,1.7788660088400565,0.7183938326810374,0.7183938326810374
-0.3999999999999999,0.10000000000000009,14411.5322265625,334.99676513671875,6.2803426602979515,0.0,0.9,0.09375,0.15151515151515152,0.0,0.6379310342077884,0.019030133473217928,0.013774104683195593,0.9999999996093749,0.38671874984893795,0.40624999984130855,1.4185696298260981,0.6121903641455513,0.6121903641455513
-0.29999999999999993,0.10000000000000009,14127.9814453125,331.1005554199219,3.6018483930394223,0.0,0.9,0.15625,0.3,0.0,0.9351851847522291,0.06677040953147147,0.049999999999999996,0.9999999996093749,0.07812499996948241,0.5117187498001098,1.0693425374937848,0.3278788798713624,0.3278788798713624
-0.19999999999999996,0.10000000000000009,13925.15625,328.24847412109375,2.6243290841148257,0.0,0.9,0.32421875,0.5,0.0,0.9884393057870293,0.16657219283294006,0.16666666666666666,0.9999999996093749,0.015624999993896483,0.6601562497421264,0.8985402512515968,0.2278424104969268,0.19362221526413576
-0.09999999999999998,0.10000000000000009,13803.5986328125,326.5147705078125,2.077719815286466,0.0,0.9,0.52734375,0.875,0.0,0.9752066107642922,0.36099478991555417,0.8,0.9999999996093749,0.0937499999633789,0.808593749684143,0.6592961727138015,0.11102187666804374,0.1014095263745888
0.0,0.10000000000000009,13763.2587890625,325.94793701171875,1.5682887936956884,0.0,0.9,0.7578125,0.8936170212765957,0.0,0.919354837226847,0.6466377938628579,0.881818181818182,0.9999999996093749,0.18359374992828367,0.9648437496231078,0.3918224466182218,0.07642113275569665,-0.06161189077033366
0.10000000000000009,0.10000000000000009,13802.6015625,326.5645446777344,2.9746479840482594,0.0,0.9,0.31640625,0.3877551020408163,0.0,0.8285714280979593,0.19196417708583377,0.10259026687598116,0.9999999996093749,0.19140624992523192,0.6640624997406005,0.9634083819549715,0.3289206951322413,0.3289206951322413
0.20000000000000018,0.10000000000000009,13923.748046875,328.34649658203125,3.012144728697236,0.0,0.9,0.38671875,0.5384615384615384,0.0,0.8853503179074202,0.23582990663656428,0.27574074074074073,0.9999999996093749,0.1523437499404907,0.7304687497146606,0.910907562671347,0.26672749632221743,0.2541980878988249
0.30000000000000004,0.10000000000000009,14127.244140625,331.2442321777344,4.288142812336835,0.0,0.9,0.22265625,0.4375,0.0,0.8643216076058685,0.08872167668724355,0.12636363636363634,0.9999999996093749,0.1874999999267578,0.5742187497756958,1.129922557200285,0.4339753624145848,0.4339753624145848
0.40000000000000013,0.10000000000000009,14412.5654296875,335.1824951171875,6.241487227805287,0.0,0.9,0.109375,0.12857142857142856,0.0,0.7324561400296246,0.02082650047802871,0.06923076923076923,0.9999999996093749,0.27343749989318844,0.38671874984893795,1.3860053721541699,0.5956261813567735,0.5956261813567735
0.5,0.10000000000000009,14781.3125,340.0697326660156,inf,0.0,0.9,0.05859375,0.05511811023622047,0.0,0.5020746885883508,0.012622680707787092,0.0037037037037037034,0.9999999996093749,0.49609374980621335,0.31249999987792965,1.6164866284077455,0.727131518340856,0.727131518340856
0.6000000000000001,0.10000000000000009,15232.73046875,345.8062438964844,inf,0.0,0.9,0.03125,0.03755868544600939,0.0,0.1733870967042794,0.0021947873799725653,0.002503912363067293,0.9999999996093749,0.8320312496749878,0.2812499998901367,1.8452539819165317,0.843338050200842,0.843338050200842
0.7000000000000002,0.10000000000000009,15765.7001953125,352.2921447753906,inf,0.0,0.9,0.0390625,0.04065040650406504,0.0,0.04065040648754049,0.0026041666666666665,0.0027100271002710027,0.9999999996093749,0.9609374996246337,0.32421874987335203,1.8988694122874028,0.6423158211073633,0.6423158211073633
0.8,0.10000000000000009,16373.3271484375,359.432373046875,inf,0.0,0.9,0.03515625,0.03557312252964427,0.0,0.012145748982936943,0.00234375,0.0023715415019762848,0.9999999996093749,0.9882812496139526,0.32812499987182614,1.9259803933011972,0.2828646985209824,0.2828646985209824
0.9000000000000001,0.10000000000000009,17047.435546875,367.1398620605469,inf,0.0,0.9,0.03515625,0.035856573705179286,0.0,0.020242914971561575,0.00234375,0.0023904382470119525,0.9999999996093749,0.9804687496170043,0.3007812498825073,1.9195378608222013,0.31036009805677356,0.31036009805677356
1.0,0.10000000000000009,17781.255859375,375.33721923828125,inf,0.0,0.9,0.0625,0.05785123966942149,0.0,0.04999999997916667,0.007036408224863233,0.00639269406392694,0.9999999996093749,0.9453124996307373,0.24999999990234373,1.855793424324428,0.41389366027404173,0.41389366027404173
-1.0,0.20000000000000018,17890.28125,376.2376403808594,inf,0.0,0.9,0.07421875,0.07421875,0.0,0.0,0.0049479166666666664,0.0049479166666666664,0.9999999996093749,0.9999999996093749,0.26953124989471433,1.8515624992767332,0.07421874997100829,-0.07421874997100829
-0.9,0.20000000000000018,17158.208984375,368.1219787597656,inf,0.0,0.9,0.09375,0.09375,0.0,0.0,0.00625,0.00625,0.9999999996093749,0.9999999996093749,0.29687499988403315,1.8124999992919921,0.0937499999633789,-0.0937499999633789
-0.8,0.20000000000000018,16485.794921875,360.5013122558594,inf,0.0,0.9,0.08203125,0.08203125,0.0,0.0,0.00546875,0.00546875,0.9999999996093749,0.9999999996093749,0.2812499998901367,1.8359374992828368,0.08203124996795653,-0.08203124996795653
-0.7,0.20000000000000018,15880.8056640625,353.4525451660156,inf,0.0,0.9,0.0859375,0.0859375,0.0,0.0,0.005729166666666666,0.005729166666666666,0.9999999996093749,0.9999999996093749,0.31249999987792965,1.828124998354566,0.0820312504351437,-0.0820312504351437
-0.6,0.20000000000000018,15350.1435546875,347.0616455078125,inf,0.0,0.9,0.09375,0.09375,0.0,0.0,0.00625,0.00625,0.9999999996093749,0.9999999996093749,0.29296874988555904,1.8123291679094393,0.18741467576796517,0.18741467576796517
-0.5,0.20000000000000018,14899.970703125,341.4216003417969,inf,0.0,0.9,0.0859375,0.09565217391304348,0.0,0.11111111106362773,0.00582010582010582,0.006376811594202899,0.9999999996093749,0.8984374996490477,0.3398437498672485,1.769808739095884,0.7696911289321049,0.7696911289321049
-0.3999999999999999,0.20000000000000018,14532.9990234375,336.6298522949219,inf,0.0,0.9,0.08984375,0.12396694214876033,0.0,0.5450643774484702,0.01578785075547333,0.008264462809917356,0.9999999996093749,0.47265624981536863,0.36718749985656735,1.5662018247997094,0.7099175026139792,0.6985794579354845
-0.29999999999999993,0.20000000000000018,14248.9306640625,332.7828063964844,4.090741770518931,0.0,0.9,0.078125,0.375,0.0,0.9576271182382936,0.020013982232120354,0.07142857142857142,0.9999999996093749,0.06249999997558593,0.48828124980926507,1.1682347593762308,0.4361369371566528,0.4361369371566528
-0.19999999999999996,0.20000000000000018,14046.681640625,329.9684143066406,2.772380759547903,0.0,0.9,0.30078125,0.0,0.0,0.9944134072656908,0.13289257322305062,0.0,0.9999999996093749,0.0039062499984741208,0.6484374997467041,0.8616604098976075,0.11588650185812226,0.11588650185812226
-0.09999999999999998,0.20000000000000018,13925.03125,328.2580871582031,2.583376998689958,0.0,0.9,0.36328125,0.6,0.0,0.9877300607437239,0.21852505650377996,0.29166666666666663,0.9999999996093749,0.019531249992370603,0.7421874997100829,0.7926941570540214,0.11940778664209385,0.11940778664209385
0.0,0.20000000000000018,13884.28515625,327.6983642578125,2.866236734259914,0.0,0.9,0.21875,0.5,0.0,0.9649999995175,0.12679498023357672,0.15909090909090912,0.9999999996093749,0.05468749997863769,0.6367187497512817,1.0403990788851951,0.342825661963647,0.342825661963647
0.10000000000000009,0.20000000000000018,13924.78125,328.3050842285156,2.8741549727017897,0.0,0.9,0.26953125,0.4230769230769231,0.0,0.9197860957648203,0.15144059644059646,0.25757575757575757,0.9999999996093749,0.10156249996032714,0.7851562496932982,0.9868998924041061,0.3210670367945607,0.3210670367945607
0.20000000000000018,0.20000000000000018,14046.1923828125,330.0610046386719,3.648115126482821,0.0,0.9,0.2421875,0.32653061224489793,0.0,0.829896906788713,0.11694625616033265,0.03801603801603802,0.9999999996093749,0.19140624992523192,0.582031249772644,1.1415776440302274,0.4292919451788726,0.4057065293165233
0.30000000000000004,0.20000000000000018,14249.6005859375,332.91864013671875,4.886688825510391,0.0,0.9,0.13671875,0.36363636363636365,0.0,0.8099547507647263,0.02961503220416633,0.08688387635756056,0.9999999996093749,0.25781249989929195,0.49999999980468746,1.2735734029962946,0.5576772388013524,0.5576772388013524
0.40000000000000013,0.20000000000000018,14535.4345703125,336.8055419921875,6.377053816632614,0.0,0.9,0.1171875,0.13043478260869565,0.0,0.7345132740112773,0.019671021358943337,0.028936580660718587,0.9999999996093749,0.26953124989471433,0.37109374985504145,1.39388579964954,0.5944947092409123,0.5944947092409123
0.5,0.20000000000000018,14904.544921875,341.6333923339844,10.465049958863252,0.0,0.9,0.078125,0.07692307692307693,0.0,0.4915254235205401,0.01635596767442609,0.00591715976331361,0.9999999996093749,0.5078124998016357,0.31640624987640376,1.6017208651176258,0.7296280660897662,0.7296280660897662
0.6000000000000001,0.20000000000000018,15356.421875,347.3054504394531,inf,0.0,0.9,0.0390625,0.04035874439461883,0.0,0.13008130076012955,0.002677376171352075,0.0026905829596412553,0.9999999996093749,0.871093749659729,0.28906249988708493,1.8449706894530111,0.8410638685241225,0.8410638685241225
0.7000000000000002,0.20000000000000018,15888.5009765625,353.7247009277344,inf,0.0,0.9,0.03125,0.03319502074688797,0.0,0.06048387094335328,0.002116402116402116,0.0022130013831258644,0.9999999996093749,0.941406249632263,0.32812499987182614,1.9045280324573914,0.7261314964764183,0.7261314964764183
0.8,0.20000000000000018,16494.33203125,360.7980041503906,inf,0.0,0.9,0.03125,0.034782608695652174,0.0,0.10483870963514569,0.0021680216802168026,0.002328966521106259,0.9999999996093749,0.8984374996490477,0.3046874998809814,1.8893110384866119,0.5682751306840559,0.5682751306840559
0.9000000000000001,0.20000000000000018,17165.45703125,368.44000244140625,inf,0.0,0.9,0.07421875,0.06635071090047394,0.0,0.16877637123680322,0.010817805383022775,0.009992912827781716,0.9999999996093749,0.8242187496780394,0.31249999987792965,1.7802903686565608,0.6645691969728407,0.6645691969728407
1.0,0.20000000000000018,17895.634765625,376.5740051269531,inf,0.0,0.9,0.08984375,0.08984375,0.0,0.0,0.005989583333333334,0.005989583333333334,0.9999999996093749,0.9999999996093749,0.24218749990539548,1.8203110667119438,0.0859382163878465,-0.0859382163878465
-1.0,0.30000000000000004,18077.20703125,378.3105773925781,inf,0.0,0.9,0.08984375,0.08984375,0.0,0.0,0.005989583333333334,0.005989583333333334,0.9999999996093749,0.9999999996093749,0.27734374989166255,1.8203124992889403,0.08984374996490478,-0.08984374996490478
-0.9,0.30000000000000004,17351.46484375,370.29656982421875,inf,0.0,0.9,0.08203125,0.08203125,0.0,0.0,0.00546875,0.00546875,0.9999999996093749,0.9999999996093749,0.2617187498977661,1.8359374992828368,0.08203124996795653,-0.08203124996795653
-0.8,0.30000000000000004,16684.580078125,362.7808837890625,inf,0.0,0.9,0.07421875,0.07421875,0.0,0.0,0.0049479166666666664,0.0049479166666666664,0.9999999996093749,0.9999999996093749,0.29687499988403315,1.8515624992767332,0.07421874997100829,-0.07421874997100829
-0.7,0.30000000000000004,16083.638671875,355.83856201171875,inf,0.0,0.9,0.0859375,0.0859375,0.0,0.0,0.005729166666666666,0.005729166666666666,0.9999999996093749,0.9999999996093749,0.2812499998901367,1.8281249992858886,0.08593749996643066,-0.08593749996643066
-0.6,0.30000000000000004,15555.0791015625,349.5530090332031,inf,0.0,0.9,0.08203125,0.08203125,0.0,0.0,0.00546875,0.00546875,0.9999999996093749,0.9999999996093749,0.2812499998901367,1.8359212206427193,0.07030434338992278,0.07030434338992278
-0.5,0.30000000000000004,15105.8828125,344.013916015625,inf,0.0,0.9,0.08984375,0.08835341365461848,0.0,0.02575107295032143,0.005989583333333334,0.005890227576974565,0.9999999996093749,0.972656249620056,0.35546874986114496,1.8038249364361105,0.7165611692801017,0.7165611692801017
-0.3999999999999999,0.30000000000000004,14737.9150390625,339.314453125,inf,0.0,0.9,0.07421875,0.1415929203539823,0.0,0.5907172993288112,0.0077807120500782475,0.009523809523809523,0.9999999996093749,0.44140624982757565,0.33203124987030025,1.5887140890222065,0.7351654786736577,0.7351654786736577
-0.29999999999999993,0.30000000000000004,14452.751953125,335.54620361328125,6.086152282195252,0.0,0.9,0.05078125,0.14705882352941177,0.0,0.8806584358515809,0.010513908533710514,0.06944444444444445,0.9999999996093749,0.1328124999481201,0.38281249985046384,1.4162635561379804,0.6264343925154315,0.6264343925154315
-0.19999999999999996,0.30000000000000004,14249.32421875,332.7921142578125,3.6942481071066875,0.0,0.9,0.08203125,0.14285714285714285,0.0,0.9744680846917158,0.03164021164021164,0.02857142857142857,0.9999999996093749,0.027343749989318846,0.5312499997924804,1.2002492934352702,0.4688082577653989,0.4688082577653989
-0.09999999999999998,0.30000000000000004,14127.7353515625,331.119384765625,3.1979709660216424,0.0,0.9,0.14453125,0.3333333333333333,0.0,0.9726027392819165,0.05488372711693188,0.08333333333333333,0.9999999996093749,0.03515624998626709,0.6093749997619629,1.0452829873150011,0.3203985279296359,0.3203985279296359
0.0,0.30000000000000004,14087.7744140625,330.5715026855469,3.1347124388936938,0.0,0.9,0.125,0.5555555555555556,0.0,0.9821428567044005,0.05418641460840949,0.22000000000000003,0.9999999996093749,0.03515624998626709,0.6171874997589111,1.0794003798938236,0.36920282222861356,0.36920282222861356
0.10000000000000009,0.30000000000000004,14128.8662109375,331.1632080078125,3.3300541402860913,0.0,0.9,0.1875,0.5333333333333333,0.0,0.9663461533815644,0.08810622299831493,0.1875,0.9999999996093749,0.05859374997711181,0.6328124997528075,1.1062267423359828,0.3801656266522468,0.3801656266522468
0.20000000000000018,0.30000000000000004,14250.7177734375,332.8786315917969,3.9756699998666725,0.0,0.9,0.17578125,0.4482758620689655,0.0,0.9241706156757485,0.07009616715096167,0.126890756302521,0.9999999996093749,0.11328124995574951,0.5703124997772216,1.1814658800693334,0.4545110927614925,0.4368181564187547
0.30000000000000004,0.30000000000000004,14454.138671875,335.6731262207031,5.279822813599217,0.0,0.9,0.10546875,0.2682926829268293,0.0,0.8689956328082988,0.014716202270381836,0.08385579937304076,0.9999999996093749,0.16015624993743896,0.35546874986114496,1.3267795858458273,0.5618870346730076,0.5618870346730076
0.40000000000000013,0.30000000000000004,14740.0078125,339.4788513183594,7.5065596611214085,0.0,0.9,0.1015625,0.08641975308641975,0.0,0.6782608692703214,0.01856013316687474,0.008158508158508158,0.9999999996093749,0.31640624987640376,0.29296874988555904,1.468335662220873,0.6407430377449295,0.6407430377449295
0.5,0.30000000000000004,15109.8603515625,344.21234130859375,10.729548424464536,0.0,0.9,0.06640625,0.05970149253731343,0.0,0.4728033470825091,0.01348356807511737,0.003980099502487562,0.9999999996093749,0.5234374997955322,0.32421874987335203,1.6329627179331887,0.7556685294271476,0.7556685294271476
0.6000000000000001,0.30000000000000004,15561.4951171875,349.7818298339844,inf,0.0,0.9,0.046875,0.046511627906976744,0.0,0.3278688523246439,0.008311688311688312,0.0031007751937984496,0.9999999996093749,0.6718749997375487,0.32421874987335203,1.7365747361795314,0.7988343902368527,0.7988343902368527
0.7000000000000002,0.30000000000000004,16091.62890625,356.0942687988281,inf,0.0,0.9,0.03515625,0.024630541871921183,0.0,0.19838056672130341,0.005511633160153602,0.0016501650165016502,0.9999999996093749,0.7929687496902466,0.30859374987945554,1.8383598344835486,0.7672900583581457,0.7672900583581457
0.8,0.30000000000000004,16692.89453125,363.05999755859375,inf,0.0,0.9,0.03125,0.034482758620689655,0.0,0.20967741927029138,0.004966596936365477,0.006277056277056278,0.9999999996093749,0.7929687496902466,0.3203124998748779,1.835837993110531,0.7857560200015168,0.7857560200015168
0.9000000000000001,0.30000000000000004,17359.560546875,370.59613037109375,inf,0.0,0.9,0.06640625,0.06692913385826772,0.0,0.008368200833318745,0.0045152722443559095,0.0045152722443559095,0.9999999996093749,0.9921874996124267,0.2851562498886108,1.8633230235876088,0.17664594928271707,0.17664594928271707
1.0,0.30000000000000004,18083.658203125,378.6278381347656,inf,0.0,0.9,0.08984375,0.08984375,0.0,0.0,0.005989583333333334,0.005989583333333334,0.9999999996093749,0.9999999996093749,0.24999999990234373,1.8203124992889403,0.08984374996490478,-0.08984374996490478
-1.0,0.40000000000000013,18336.919921875,381.1728210449219,inf,0.0,0.9,0.0859375,0.0859375,0.0,0.0,0.005729166666666666,0.005729166666666666,0.9999999996093749,0.9999999996093749,0.2617187498977661,1.8281249992858886,0.08593749996643066,-0.08593749996643066
-0.9,0.40000000000000013,17620.087890625,373.2952575683594,inf,0.0,0.9,0.07421875,0.07421875,0.0,0.0,0.0049479166666666664,0.0049479166666666664,0.9999999996093749,0.9999999996093749,0.2617187498977661,1.8515624992767332,0.07421874997100829,-0.07421874997100829
-0.8,0.40000000000000013,16960.86328125,365.919921875,inf,0.0,0.9,0.07421875,0.07421875,0.0,0.0,0.0049479166666666664,0.0049479166666666664,0.9999999996093749,0.9999999996093749,0.26953124989471433,1.8515624992767332,0.07421874997100829,-0.07421874997100829
-0.7,0.40000000000000013,16365.59765625,359.11920166015625,inf,0.0,0.9,0.0859375,0.0859375,0.0,0.0,0.005729166666666666,0.005729166666666666,0.9999999996093749,0.9999999996093749,0.26953124989471433,1.8281249992858886,0.08593749996643066,-0.08593749996643066
-0.6,0.40000000000000013,15840.888671875,352.97314453125,inf,0.0,0.9,0.08203125,0.08203125,0.0,0.0,0.00546875,0.00546875,0.9999999996093749,0.9999999996093749,0.3046874998809814,1.8359374853129373,0.0703125069620311,-0.0703125069620311
-0.5,0.40000000000000013,15393.69921875,347.56707763671875,inf,0.0,0.9,0.09375,0.09375,0.0,0.0,0.00625,0.00625,0.9999999996093749,0.9999999996093749,0.3046874998809814,1.811503469949092,0.5776036153325338,0.5776036153325338
-0.3999999999999999,0.40000000000000013,15025.97265625,342.98870849609375,inf,0.0,0.9,0.08203125,0.11627906976744186,0.0,0.35319148921140786,0.006363636363636364,0.007936507936507936,0.9999999996093749,0.6718749997375487,0.42578124983367915,1.6839595188924452,0.7888507553433576,0.7888507553433576
-0.29999999999999993,0.40000000000000013,14739.4375,339.3233947753906,9.795565121855866,0.0,0.9,0.06640625,0.0684931506849315,0.0,0.7154811712487527,0.01046693348580141,0.021367521367521368,0.9999999996093749,0.2851562498886108,0.3749999998535156,1.5345230176377993,0.6878287154380935,0.6878287154380935
-0.19999999999999996,0.40000000000000013,14534.6484375,336.6479797363281,5.711406445769221,0.0,0.9,0.0390625,0.07142857142857142,0.0,0.7357723574244828,0.0070631056022822285,0.007142857142857143,0.9999999996093749,0.27343749989318844,0.41015624983978266,1.5178239730218002,0.7305410009778845,0.7305410009778845
-0.09999999999999998,0.40000000000000013,14412.7529296875,335.02423095703125,4.1105659172477536,0.0,0.9,0.04296875,0.16666666666666666,0.0,0.938775509820908,0.007378356472403064,0.020833333333333332,0.9999999996093749,0.07031249997253418,0.44140624982757565,1.309281211778523,0.5483744621770015,0.5483744621770015
0.0,0.40000000000000013,14373.373046875,334.49200439453125,3.691490736703668,0.0,0.9,0.10546875,0.2857142857142857,0.0,0.9781659384374821,0.03167013756074065,0.06666666666666667,0.9999999996093749,0.027343749989318846,0.48046874981231685,1.1747687788341343,0.4175355300004513,0.41248495508574873
0.10000000000000009,0.40000000000000013,14414.763671875,335.0647277832031,3.813514673739434,0.0,0.9,0.109375,0.2857142857142857,0.0,0.9780701750096183,0.025411588411588415,0.1,0.9999999996093749,0.027343749989318846,0.49999999980468746,1.1610754048553793,0.4300455907798217,0.4300455907798217
0.20000000000000018,0.40000000000000013,14537.0576171875,336.72796630859375,4.658723833917951,0.0,0.9,0.109375,0.15789473684210525,0.0,0.929824560995691,0.015101784593310016,0.05454545454545454,0.9999999996093749,0.07421874997100829,0.43359374983062743,1.2721262110376224,0.49215970214426935,0.49215970214426935
0.30000000000000004,0.40000000000000013,14741.2265625,339.4407653808594,inf,0.0,0.9,0.1015625,0.08571428571428572,0.0,0.8608695648431002,0.01850035796369988,0.013563218390804599,0.9999999996093749,0.13671874994659422,0.34374999986572263,1.3572065243396085,0.536475913151693,0.536475913151693
0.40000000000000013,0.40000000000000013,15027.958984375,343.14105224609375,inf,0.0,0.9,0.05859375,0.050505050505050504,0.0,0.6099585059709716,0.012984749455337691,0.004321521175453759,0.9999999996093749,0.38671874984893795,0.34374999986572263,1.5656456605493239,0.7052731602665061,0.7052731602665061
0.5,0.40000000000000013,15397.3984375,347.7512512207031,inf,0.0,0.9,0.0390625,0.05426356589147287,0.0,0.504065040445502,0.005490378887939296,0.0036175710594315244,0.9999999996093749,0.5039062498031616,0.33593749986877436,1.6656756878046393,0.7976896659066499,0.7976896659066499
0.6000000000000001,0.40000000000000013,15847.416015625,353.18597412109375,inf,0.0,0.9,0.03125,0.037037037037037035,0.0,0.26612903215075445,0.004702093397745572,0.006095481670929241,0.9999999996093749,0.7382812497116088,0.32421874987335203,1.799549500891683,0.8750556449483933,0.8750556449483933
0.7000000000000002,0.40000000000000013,16373.2177734375,359.3573913574219,inf,0.0,0.9,0.0625,0.058823529411764705,0.0,0.26666666655555554,0.01060013046314416,0.0103424178895877,0.9999999996093749,0.7304687497146606,0.32421874987335203,1.7508989800976622,0.8152128940166272,0.8152128940166272
0.8,0.40000000000000013,16968.84375,366.18048095703125,inf,0.0,0.9,0.05078125,0.05365853658536585,0.0,0.2016460904519975,0.004107424960505529,0.004143126177024482,0.9999999996093749,0.8007812496871948,0.3007812498825073,1.8059814160746084,0.6954451373416541,0.6954451373416541
0.9000000000000001,0.40000000000000013,17627.8359375,373.5754699707031,inf,0.0,0.9,0.08203125,0.08203125,0.0,0.0,0.005490196078431373,0.005490196078431373,0.9999999996093749,0.9999999996093749,0.2656249998962402,1.835929566148989,0.019536531081439906,-0.019536531081439906
1.0,0.40000000000000013,18343.146484375,381.4699401855469,inf,0.0,0.9,0.078125,0.078125,0.0,0.0,0.005208333333333333,0.005208333333333333,0.9999999996093749,0.9999999996093749,0.25390624990081784,1.843749999279785,0.07812499996948241,-0.07812499996948241
-1.0,0.5,18666.359375,384.7864685058594,inf,0.0,0.9,0.0859375,0.0859375,0.0,0.0,0.005729166666666666,0.005729166666666666,0.9999999996093749,0.9999999996093749,0.27343749989318844,1.8281249992858886,0.08593749996643066,-0.08593749996643066
-0.9,0.5,17960.857421875,377.07489013671875,inf,0.0,0.9,0.078125,0.078125,0.0,0.0,0.005208333333333333,0.005208333333333333,0.9999999996093749,0.9999999996093749,0.24609374990386962,1.843749999279785,0.07812499996948241,-0.07812499996948241
-0.8,0.5,17311.31640625,369.8689270019531,inf,0.0,0.9,0.09765625,0.09765625,0.0,0.0,0.006510416666666667,0.006510416666666667,0.9999999996093749,0.9999999996093749,0.27734374989166255,1.8046874992950437,0.09765624996185301,-0.09765624996185301
-0.7,0.5,16724.025390625,363.2383728027344,inf,0.0,0.9,0.08203125,0.08203125,0.0,0.0,0.00546875,0.00546875,0.9999999996093749,0.9999999996093749,0.22265624991302488,1.8359374992828368,0.08203124996795653,-0.08203124996795653
-0.6,0.5,16205.5146484375,357.2590637207031,inf,0.0,0.9,0.08984375,0.08984375,0.0,0.0,0.005989583333333334,0.005989583333333334,0.9999999996093749,0.9999999996093749,0.29296874988555904,1.8203124992889403,0.08984374996490478,-0.08984374996490478
-0.5,0.5,15761.6259765625,352.0108947753906,inf,0.0,0.9,0.09375,0.09375,0.0,0.0,0.00625,0.00625,0.9999999996093749,0.9999999996093749,0.31640624987640376,1.8124948672803827,0.15624708293900713,0.15624708293900713
-0.3999999999999999,0.5,15395.54296875,347.57550048828125,inf,0.0,0.9,0.08984375,0.09871244635193133,0.0,0.09871244630956548,0.006060606060606061,0.006580829756795422,0.9999999996093749,0.9101562496444702,0.36328124985809324,1.7756297183720053,0.7957351600006378,0.7957351600006378
-0.29999999999999993,0.5,15109.1826171875,344.0311279296875,inf,0.0,0.9,0.05078125,0.078125,0.0,0.5144032919693814,0.006284496212553767,0.010256410256410256,0.9999999996093749,0.49999999980468746,0.32421874987335203,1.6888815006962536,0.806877710928636,0.806877710928636
-0.19999999999999996,0.5,14903.6337890625,341.4478759765625,inf,0.0,0.9,0.0390625,0.046052631578947366,0.0,0.41056910552415893,0.005028871391076116,0.0030701754385964912,0.9999999996093749,0.5937499997680663,0.34765624986419674,1.7228488184654296,0.8487025655172608,0.8487025655172608
-0.09999999999999998,0.5,14781.166015625,339.8813781738281,6.523803309423838,0.0,0.9,0.03515625,0.05405405405405406,0.0,0.43319838039141767,0.00234375,0.0036036036036036037,0.9999999996093749,0.5781249997741699,0.38281249985046384,1.7074614909503116,0.8519469823708729,0.8519469823708729
0.0,0.5,14741.69921875,339.36749267578125,5.140733232725871,0.0,0.9,0.04296875,0.13793103448275862,0.0,0.8979591833069555,0.006246076585059637,0.014285714285714285,0.9999999996093749,0.11328124995574951,0.37890624985198973,1.4098691924619886,0.6455462682690214,0.6455462682690214
0.10000000000000009,0.5,14783.021484375,339.9183349609375,inf,0.0,0.9,0.04296875,0.15384615384615385,0.0,0.9551020404264889,0.006657977625719561,0.06666666666666667,0.9999999996093749,0.05078124998016357,0.42578124983367915,1.3254977306744427,0.5612220337039834,0.5612220337039834
0.20000000000000018,0.5,14906.0859375,341.5210266113281,inf,0.0,0.9,0.01953125,0.05263157894736842,0.0,0.8565737048380184,0.0026303854875283444,0.006993006993006993,0.9999999996093749,0.14843749994201658,0.34765624986419674,1.4611440936137798,0.6326400394294139,0.6326400394294139
0.30000000000000004,0.5,15110.9453125,344.1387939453125,inf,0.0,0.9,0.03515625,0.03896103896103896,0.0,0.7004048580160305,0.0055284552845528455,0.004261363636363636,0.9999999996093749,0.3007812498825073,0.3398437498672485,1.5564018581839598,0.7015684046068577,0.7015684046068577
0.40000000000000013,0.5,15398.271484375,347.71539306640625,inf,0.0,0.9,0.0390625,0.06481481481481481,0.0,0.589430894069337,0.0044693180916091126,0.005331302361005332,0.9999999996093749,0.42187499983520504,0.3398437498672485,1.6266522208406442,0.7659446637801813,0.7659446637801813
0.5,0.5,15766.1298828125,352.1803894042969,inf,0.0,0.9,0.03515625,0.05333333333333334,0.0,0.425101214402793,0.0026905829596412553,0.0036781609195402297,0.9999999996093749,0.5859374997711181,0.3398437498672485,1.7104289486958675,0.817772736517039,0.817772736517039
0.6000000000000001,0.5,16211.9794921875,357.45526123046875,inf,0.0,0.9,0.046875,0.04242424242424243,0.0,0.35245901624899223,0.009012345679012346,0.003309692671394799,0.9999999996093749,0.64453124974823,0.33593749986877436,1.738764003463842,0.8186562353669629,0.8186562353669629
0.7000000000000002,0.5,16731.30078125,363.45855712890625,inf,0.0,0.9,0.078125,0.09340659340659341,0.0,0.3008474574996409,0.013295536005213422,0.015534637627660884,0.9999999996093749,0.7109374997222899,0.32421874987335203,1.7093341474974568,0.742173682753646,0.742173682753646
0.8,0.5,17318.92578125,370.1101989746094,inf,0.0,0.9,0.05859375,0.0603448275862069,0.0,0.09543568460770303,0.007065217391304348,0.006949316252351177,0.9999999996093749,0.9062499996459961,0.24999999990234373,1.8378536950772182,0.5456417830083129,0.5456417830083129
0.9000000000000001,0.5,17968.490234375,377.3348388671875,inf,0.0,0.9,0.078125,0.08097165991902834,0.0,0.038135593204179835,0.011000221778664892,0.01136559696342305,0.9999999996093749,0.9648437496231078,0.21874999991455077,1.8280516906760964,0.28184716710628166,0.28184716710628166
1.0,0.5,18672.529296875,385.0628967285156,inf,0.0,0.9,0.07421875,0.07421875,0.0,0.0,0.0049673202614379085,0.0049673202614379085,0.9999999996093749,0.9999999996093749,0.25390624990081784,1.8515624992767332,0.07421874997100829,-0.07421874997100829
-1.0,0.6000000000000001,19062.1796875,389.10711669921875,inf,0.0,0.9,0.078125,0.078125,0.0,0.0,0.005208333333333333,0.005208333333333333,0.9999999996093749,0.9999999996093749,0.2617187498977661,1.843749999279785,0.07812499996948241,-0.07812499996948241
-0.9,0.6000000000000001,18370.701171875,381.58465576171875,inf,0.0,0.9,0.08203125,0.08203125,0.0,0.0,0.00546875,0.00546875,0.9999999996093749,0.9999999996093749,0.24999999990234373,1.8359374992828368,0.08203124996795653,-0.08203124996795653
-0.8,0.6000000000000001,17733.392578125,374.5709533691406,inf,0.0,0.9,0.08984375,0.08984375,0.0,0.0,0.005989583333333334,0.005989583333333334,0.9999999996093749,0.9999999996093749,0.26953124989471433,1.8203124992889403,0.08984374996490478,-0.08984374996490478
-0.7,0.6000000000000001,17156.2734375,368.1322326660156,inf,0.0,0.9,0.08984375,0.08984375,0.0,0.0,0.005989583333333334,0.005989583333333334,0.9999999996093749,0.9999999996093749,0.28906249988708493,1.8203124992889403,0.08984374996490478,-0.08984374996490478
-0.6,0.6000000000000001,16645.71484375,362.3394775390625,inf,0.0,0.9,0.08203125,0.08203125,0.0,0.0,0.00546875,0.00546875,0.9999999996093749,0.9999999996093749,0.2617187498977661,1.8359374992828368,0.08203124996795653,-0.08203124996795653
-0.5,0.6000000000000001,16207.220703125,357.2669372558594,inf,0.0,0.9,0.0859375,0.0859375,0.0,0.0,0.005729166666666666,0.005729166666666666,0.9999999996093749,0.9999999996093749,0.3007812498825073,1.8281249843844112,0.07421875742616652,-0.07421875742616652
-0.3999999999999999,0.6000000000000001,15844.9482421875,352.9894104003906,inf,0.0,0.9,0.09375,0.09375,0.0,0.0,0.00625,0.00625,0.9999999996093749,0.9999999996093749,0.34765624986419674,1.8109210801339761,0.6984015995402043,0.6984015995402043
-0.29999999999999993,0.6000000000000001,15560.5322265625,349.5778503417969,inf,0.0,0.9,0.08203125,0.10119047619047619,0.0,0.35744680835853326,0.008698795180722892,0.010493827160493827,0.9999999996093749,0.6562499997436523,0.32812499987182614,1.6874144562056324,0.8031003247841275,0.8031003247841275
-0.19999999999999996,0.6000000000000001,15355.9228515625,347.09527587890625,inf,0.0,0.9,0.0390625,0.04411764705882353,0.0,0.20731707308645647,0.005251491901108269,0.0029411764705882357,0.9999999996093749,0.7968749996887207,0.3398437498672485,1.8059114193460948,0.9023170143288353,0.9023170143288353
-0.09999999999999998,0.6000000000000001,15233.3095703125,345.59124755859375,inf,0.0,0.9,0.03125,0.03137254901960784,0.0,0.004032258062890219,0.0020833333333333333,0.002091503267973856,0.9999999996093749,0.9960937496109008,0.32812499987182614,1.9111964193838873,0.9486662932367959,0.9486662932367959
0.0,0.6000000000000001,15193.3798828125,345.0975341796875,inf,0.0,0.9,0.0390625,0.045662100456621,0.0,0.1504065040038998,0.0026041666666666665,0.0030441400304414,0.9999999996093749,0.8554687496658324,0.39062499984741206,1.8168230389534876,0.9099062788451295,0.9099062788451295
0.10000000000000009,0.6000000000000001,15235.0478515625,345.6247863769531,inf,0.0,0.9,0.03125,0.03937007874015748,0.0,0.5080645159241676,0.002185792349726776,0.002849002849002849,0.9999999996093749,0.49609374980621335,0.36328124985809324,1.6981490145099318,0.8250540179566119,0.8250540179566119
0.20000000000000018,0.6000000000000001,15358.4130859375,347.16168212890625,inf,0.0,0.9,0.02734375,0.027777777777777776,0.0,0.43775100384026067,0.0019444444444444444,0.002035623409669211,0.9999999996093749,0.5624999997802734,0.35546874986114496,1.7405909948998424,0.8450631088291115,0.8450631088291115
0.30000000000000004,0.6000000000000001,15563.3203125,349.6756591796875,inf,0.0,0.9,0.02734375,0.03482587064676617,0.0,0.22088353404783795,0.0019047619047619048,0.0024432809773123907,0.9999999996093749,0.7851562496932982,0.32421874987335203,1.8372174957903922,0.9085673771512751,0.9085673771512751
0.40000000000000013,0.6000000000000001,15848.228515625,353.1167297363281,inf,0.0,0.9,0.03515625,0.04205607476635514,0.0,0.17004048576111722,0.0024,0.002803738317757009,0.9999999996093749,0.8359374996734619,0.33203124987030025,1.8398393338354508,0.9098408243481371,0.9098408243481371
0.5,0.6000000000000001,16212.056640625,357.4216003417969,inf,0.0,0.9,0.0234375,0.02976190476190476,0.0,0.3479999998608,0.002072538860103627,0.0024691358024691358,0.9999999996093749,0.6562499997436523,0.3398437498672485,1.7969783005791218,0.8472139635781502,0.8472139635781502
0.6000000000000001,0.6000000000000001,16652.052734375,362.5189208984375,inf,0.0,0.9,0.0546875,0.06167400881057269,0.0,0.11983471069428318,0.003856749311294766,0.004242424242424242,0.9999999996093749,0.8867187496536254,0.32421874987335203,1.83990518441557,0.7267952125341479,0.7267952125341479
0.7000000000000002,0.6000000000000001,17162.951171875,368.33416748046875,inf,0.0,0.9,0.05078125,0.05078125,0.0,0.0,0.0033854166666666668,0.0033854166666666668,0.9999999996093749,0.9999999996093749,0.2812499998901367,1.8980450649500449,0.023644526956104424,-0.023644526956104424
0.8,0.6000000000000001,17740.0390625,374.79290771484375,inf,0.0,0.9,0.04296875,0.04296875,0.0,0.0,0.002864583333333333,0.002864583333333333,0.9999999996093749,0.9999999996093749,0.25781249989929195,1.9140624992523192,0.04296874998321533,-0.04296874998321533
0.9000000000000001,0.6000000000000001,18377.12890625,381.82427978515625,inf,0.0,0.9,0.046875,0.046875,0.0,0.0,0.003125,0.003125,0.9999999996093749,0.9999999996093749,0.24609374990386962,1.90602015941964,0.043087265671711956,-0.043087265671711956
1.0,0.6000000000000001,19068.13671875,389.36236572265625,inf,0.0,0.9,0.0625,0.06048387096774194,0.0,0.02916666665451389,0.007506894858135932,0.0070915032679738565,0.9999999996093749,0.9687499996215819,0.24218749990539548,1.8640665598388357,0.07032005096325435,0.07032005096325435
-1.0,0.7000000000000002,19521.513671875,394.08587646484375,inf,0.0,0.9,0.0859375,0.0859375,0.0,0.0,0.005729166666666666,0.005729166666666666,0.9999999996093749,0.9999999996093749,0.25781249989929195,1.8281249992858886,0.08593749996643066,-0.08593749996643066
-0.9,0.7000000000000002,18844.916015625,386.7700500488281,inf,0.0,0.9,0.0859375,0.0859375,0.0,0.0,0.005729166666666666,0.005729166666666666,0.9999999996093749,0.9999999996093749,0.2851562498886108,1.8281249992858886,0.08593749996643066,-0.08593749996643066
-0.8,0.7000000000000002,18221.615234375,379.9649658203125,inf,0.0,0.9,0.078125,0.078125,0.0,0.0,0.005208333333333333,0.005208333333333333,0.9999999996093749,0.9999999996093749,0.27734374989166255,1.843749999279785,0.07812499996948241,-0.07812499996948241
-0.7,0.7000000000000002,17657.14453125,373.7328796386719,inf,0.0,0.9,0.08984375,0.08984375,0.0,0.0,0.005989583333333334,0.005989583333333334,0.9999999996093749,0.9999999996093749,0.26953124989471433,1.8203124992889403,0.08984374996490478,-0.08984374996490478
-0.6,0.7000000000000002,17157.30078125,368.1395263671875,inf,0.0,0.9,0.08984375,0.08984375,0.0,0.0,0.005989583333333334,0.005989583333333334,0.9999999996093749,0.9999999996093749,0.2656249998962402,1.8203124992889403,0.08984374996490478,-0.08984374996490478
-0.5,0.7000000000000002,16726.642578125,363.2535095214844,inf,0.0,0.9,0.08203125,0.08203125,0.0,0.0,0.00546875,0.00546875,0.9999999996093749,0.9999999996093749,0.27734374989166255,1.8359374992828368,0.08203124996795653,-0.08203124996795653
-0.3999999999999999,0.7000000000000002,16369.90625,359.1425476074219,inf,0.0,0.9,0.07421875,0.07421875,0.0,0.0,0.0049479166666666664,0.0049479166666666664,0.9999999996093749,0.9999999996093749,0.27343749989318844,1.851562386418446,0.023437556355696876,-0.023437556355696876
-0.29999999999999993,0.7000000000000002,16090.1357421875,355.8703308105469,inf,0.0,0.9,0.07421875,0.09693877551020408,0.0,0.25316455685520484,0.00581039755351682,0.007156308851224105,0.9999999996093749,0.7656249997009277,0.33203124987030025,1.7570662859887285,0.7801237838644806,0.7801237838644806
-0.19999999999999996,0.7000000000000002,15887.8017578125,353.4928894042969,inf,0.0,0.9,0.0390625,0.03940886699507389,0.0,0.20731707308645647,0.006116356007423546,0.0026666666666666666,0.9999999996093749,0.7929687496902466,0.3046874998809814,1.8176690055062559,0.865981571903143,0.865981571903143
-0.09999999999999998,0.7000000000000002,15766.505859375,352.0538635253906,inf,0.0,0.9,0.02734375,0.02734375,0.0,0.0,0.0018229166666666667,0.0018229166666666667,0.9999999996093749,0.9999999996093749,0.31640624987640376,1.9414696113221477,0.9160760186799529,0.9160760186799529
0.0,0.7000000000000002,15725.9345703125,351.5811767578125,inf,0.0,0.9,0.0390625,0.0390625,0.0,0.0,0.0026041666666666665,0.0026041666666666665,0.9999999996093749,0.9999999996093749,0.3203124998748779,1.9140436212769658,0.9179389916486972,0.9179389916486972
0.10000000000000009,0.7000000000000002,15767.4931640625,352.08404541015625,inf,0.0,0.9,0.0390625,0.04065040650406504,0.0,0.04065040648754049,0.0026041666666666665,0.0027100271002710027,0.9999999996093749,0.9609374996246337,0.35546874986114496,1.8925364963805138,0.9249291617957651,0.9249291617957651
0.20000000000000018,0.7000000000000002,15890.3916015625,353.55267333984375,inf,0.0,0.9,0.03515625,0.03734439834024896,0.0,0.06072874491468472,0.002362204724409449,0.002510460251046025,0.9999999996093749,0.941406249632263,0.32421874987335203,1.8891839254360998,0.9119822152738926,0.9119822152738926
0.30000000000000004,0.7000000000000002,16093.541015625,355.9586181640625,inf,0.0,0.9,0.03125,0.032520325203252036,0.0,0.040322580628902184,0.0020833333333333333,0.0021680216802168026,0.9999999996093749,0.9609374996246337,0.31640624987640376,1.9124422078306886,0.9155697547910137,0.9155697547910137
0.40000000000000013,0.7000000000000002,16374.5908203125,359.25775146484375,inf,0.0,0.9,0.0390625,0.05113636363636364,0.0,0.3211382112515698,0.004545454545454545,0.007589154140878279,0.9999999996093749,0.6874999997314453,0.3593749998596191,1.7722403812917458,0.8306315451196247,0.8306315451196247
0.5,0.7000000000000002,16731.708984375,363.39373779296875,inf,0.0,0.9,0.046875,0.04979253112033195,0.0,0.06147540981087073,0.0032,0.0033333333333333335,0.9999999996093749,0.941406249632263,0.33593749986877436,1.8775882416329186,0.6124815241059658,0.6124815241059658
0.6000000000000001,0.7000000000000002,17163.15625,368.3026428222656,inf,0.0,0.9,0.0546875,0.0546875,0.0,0.0,0.0036458333333333334,0.0036458333333333334,0.9999999996093749,0.9999999996093749,0.32421874987335203,1.8906249992614745,0.05468749997863769,-0.05468749997863769
0.7000000000000002,0.7000000000000002,17663.458984375,373.91668701171875,inf,0.0,0.9,0.05078125,0.05078125,0.0,0.0,0.0033854166666666668,0.0033854166666666668,0.9999999996093749,0.9999999996093749,0.22265624991302488,1.8984374992584228,0.05078124998016357,-0.05078124998016357
0.8,0.7000000000000002,18227.59765625,380.1676330566406,inf,0.0,0.9,0.0546875,0.0546875,0.0,0.0,0.0036458333333333334,0.0036458333333333334,0.9999999996093749,0.9999999996093749,0.24609374990386962,1.8906249992614745,0.05468749997863769,-0.05468749997863769
0.9000000000000001,0.7000000000000002,18850.708984375,386.9895324707031,inf,0.0,0.9,0.0546875,0.0546875,0.0,0.0,0.0036458333333333334,0.0036458333333333334,0.9999999996093749,0.9999999996093749,0.22656249991149902,1.8906249992614745,0.05468749997863769,-0.05468749997863769
1.0,0.7000000000000002,19526.076171875,394.3201904296875,inf,0.0,0.9,0.05078125,0.05078125,0.0,0.0,0.0033854166666666668,0.0033854166666666668,0.9999999996093749,0.9999999996093749,0.23828124990692137,1.8984374992584228,0.05078124998016357,-0.05078124998016357
-1.0,0.8,20038.84375,399.6719970703125,inf,0.0,0.9,0.08984375,0.08984375,0.0,0.0,0.005989583333333334,0.005989583333333334,0.9999999996093749,0.9999999996093749,0.27343749989318844,1.8203124992889403,0.08984374996490478,-0.08984374996490478
-0.9,0.8,19378.662109375,392.5748596191406,inf,0.0,0.9,0.08984375,0.08984375,0.0,0.0,0.005989583333333334,0.005989583333333334,0.9999999996093749,0.9999999996093749,0.2851562498886108,1.8203124992889403,0.08984374996490478,-0.08984374996490478
-0.8,0.8,18771.009765625,385.98876953125,inf,0.0,0.9,0.08203125,0.08203125,0.0,0.0,0.00546875,0.00546875,0.9999999996093749,0.9999999996093749,0.2656249998962402,1.8359374992828368,0.08203124996795653,-0.08203124996795653
-0.7,0.8,18221.4296875,379.9718933105469,inf,0.0,0.9,0.08984375,0.08984375,0.0,0.0,0.005989583333333334,0.005989583333333334,0.9999999996093749,0.9999999996093749,0.27734374989166255,1.8203124992889403,0.08984374996490478,-0.08984374996490478
-0.6,0.8,17734.646484375,374.58514404296875,inf,0.0,0.9,0.08203125,0.08203125,0.0,0.0,0.00546875,0.00546875,0.9999999996093749,0.9999999996093749,0.28906249988708493,1.8359374992828368,0.08203124996795653,-0.08203124996795653
-0.5,0.8,17314.271484375,369.8907165527344,inf,0.0,0.9,0.0859375,0.0859375,0.0,0.0,0.005729166666666666,0.005729166666666666,0.9999999996093749,0.9999999996093749,0.23828124990692137,1.8281249992858886,0.08593749996643066,-0.08593749996643066
-0.3999999999999999,0.8,16965.865234375,365.9497375488281,inf,0.0,0.9,0.08203125,0.08203125,0.0,0.0,0.00546875,0.00546875,0.9999999996093749,0.9999999996093749,0.24609374990386962,1.8359374992828363,0.08203124996795653,-0.08203124996795653
-0.29999999999999993,0.8,16691.779296875,362.8188171386719,inf,0.0,0.9,0.0859375,0.0859375,0.0,0.0,0.005729166666666666,0.005729166666666666,0.9999999996093749,0.9999999996093749,0.26953124989471433,1.8274374725661782,0.1793346626809969,0.1793346626809969
-0.19999999999999996,0.8,16493.685546875,360.5475158691406,inf,0.0,0.9,0.0859375,0.1111111111111111,0.0,0.3162393161041712,0.008905818408625144,0.010734787600459242,0.9999999996093749,0.7031249997253417,0.33593749986877436,1.6853501617616606,0.793743170135363,0.793743170135363
-0.09999999999999998,0.8,16374.7763671875,359.1739196777344,inf,0.0,0.9,0.01953125,0.014634146341463415,0.0,0.19521912342819955,0.0013717421124828531,0.0009900990099009901,0.9999999996093749,0.8007812496871948,0.3593749998596191,1.8672755146089686,0.891530062348705,0.891530062348705
0.0,0.8,16335.1064453125,358.72235107421875,inf,0.0,0.9,0.015625,0.01282051282051282,0.0,0.3888888887345679,0.0020452771272443404,0.0009259259259259259,0.9999999996093749,0.6093749997619629,0.33203124987030025,1.783423205139653,0.8505656608008689,0.8505656608008689
0.10000000000000009,0.8,16375.859375,359.20086669921875,inf,0.0,0.9,0.02734375,0.034013605442176874,0.0,0.4297188753294302,0.003465235859602057,0.00478239488566511,0.9999999996093749,0.5742187497756958,0.32421874987335203,1.763368450971534,0.8244574019472526,0.8244574019472526
0.20000000000000018,0.8,16496.90625,360.60101318359375,inf,0.0,0.9,0.01953125,0.010869565217391304,0.0,0.2749003982968524,0.0022371364653243847,0.001246105919003115,0.9999999996093749,0.7187499997192383,0.32421874987335203,1.8245131864128963,0.838714716105047,0.838714716105047
0.30000000000000004,0.8,16696.2109375,362.89801025390625,inf,0.0,0.9,0.046875,0.05687203791469194,0.0,0.1844262294326122,0.004145077720207254,0.004678362573099415,0.9999999996093749,0.8242187496780394,0.31640624987640376,1.823732867923271,0.8260164625045073,0.8260164625045073
0.40000000000000013,0.8,16971.9453125,366.05303955078125,inf,0.0,0.9,0.0390625,0.0392156862745098,0.0,0.0040650406487540485,0.00261437908496732,0.00261437908496732,0.9999999996093749,0.9960937496109008,0.3007812498825073,1.920092220151999,0.037709328278634505,0.037709328278634505
0.5,0.8,17321.328125,370.0168762207031,inf,0.0,0.9,0.04296875,0.04296875,0.0,0.0,0.002864583333333333,0.002864583333333333,0.9999999996093749,0.9999999996093749,0.21874999991455077,1.9140624992523192,0.04296874998321533,-0.04296874998321533
0.6000000000000001,0.8,17741.64453125,374.7322998046875,inf,0.0,0.9,0.046875,0.046875,0.0,0.0,0.003125,0.003125,0.9999999996093749,0.9999999996093749,0.23046874990997313,1.906249999255371,0.04687499998168945,-0.04687499998168945
0.7000000000000002,0.8,18228.798828125,380.1382751464844,inf,0.0,0.9,0.046875,0.046875,0.0,0.0,0.003125,0.003125,0.9999999996093749,0.9999999996093749,0.23828124990692137,1.906249999255371,0.04687499998168945,-0.04687499998168945
0.8,0.8,18778.1484375,386.172607421875,inf,0.0,0.9,0.046875,0.046875,0.0,0.0,0.003125,0.003125,0.9999999996093749,0.9999999996093749,0.23046874990997313,1.906249999255371,0.04687499998168945,-0.04687499998168945
0.9000000000000001,0.8,19385.21484375,392.7744140625,inf,0.0,0.9,0.05078125,0.05078125,0.0,0.0,0.0033854166666666668,0.0033854166666666668,0.9999999996093749,0.9999999996093749,0.23828124990692137,1.8984374992584228,0.05078124998016357,-0.05078124998016357
1.0,0.8,20044.134765625,399.88555908203125,inf,0.0,0.9,0.05078125,0.05078125,0.0,0.0,0.0033854166666666668,0.0033854166666666668,0.9999999996093749,0.9999999996093749,0.22265624991302488,1.8984374992584228,0.05078124998016357,-0.05078124998016357
-1.0,0.9000000000000001,20609.884765625,405.814453125,inf,0.0,0.9,0.08984375,0.08984375,0.0,0.0,0.005989583333333334,0.005989583333333334,0.9999999996093749,0.9999999996093749,0.27343749989318844,1.8203124992889403,0.08984374996490478,-0.08984374996490478
-0.9,0.9000000000000001,19968.326171875,398.94293212890625,inf,0.0,0.9,0.078125,0.078125,0.0,0.0,0.005208333333333333,0.005208333333333333,0.9999999996093749,0.9999999996093749,0.27343749989318844,1.843749999279785,0.07812499996948241,-0.07812499996948241
-0.8,0.9000000000000001,19378.494140625,392.5812683105469,inf,0.0,0.9,0.078125,0.078125,0.0,0.0,0.005208333333333333,0.005208333333333333,0.9999999996093749,0.9999999996093749,0.2656249998962402,1.843749999279785,0.07812499996948241,-0.07812499996948241
-0.7,0.9000000000000001,18844.9921875,386.78326416015625,inf,0.0,0.9,0.0703125,0.0703125,0.0,0.0,0.0046875,0.0046875,0.9999999996093749,0.9999999996093749,0.25390624990081784,1.8593749992736814,0.07031249997253418,-0.07031249997253418
-0.6,0.9000000000000001,18371.6640625,381.60504150390625,inf,0.0,0.9,0.08203125,0.08203125,0.0,0.0,0.00546875,0.00546875,0.9999999996093749,0.9999999996093749,0.27343749989318844,1.8359374992828368,0.08203124996795653,-0.08203124996795653
-0.5,0.9000000000000001,17963.736328125,377.10272216796875,inf,0.0,0.9,0.08203125,0.08203125,0.0,0.0,0.00546875,0.00546875,0.9999999996093749,0.9999999996093749,0.27734374989166255,1.8359374992828368,0.08203124996795653,-0.08203124996795653
-0.3999999999999999,0.9000000000000001,17625.6640625,373.3309326171875,inf,0.0,0.9,0.08203125,0.08203125,0.0,0.0,0.00546875,0.00546875,0.9999999996093749,0.9999999996093749,0.27343749989318844,1.8359374992828368,0.08203124996795653,-0.08203124996795653
-0.29999999999999993,0.9000000000000001,17359.04296875,370.34002685546875,inf,0.0,0.9,0.08984375,0.09019607843137255,0.0,0.004291845491720238,0.005989583333333334,0.006013071895424837,0.9999999996093749,0.9960937496109008,0.22656249991149902,1.8190452035508273,0.0075347914044118615,-0.000700670669514015
-0.19999999999999996,0.9000000000000001,17166.9296875,368.1733093261719,inf,0.0,0.9,0.07421875,0.0825242718446602,0.0,0.20253164548416386,0.009138443256090315,0.009746031746031747,0.9999999996093749,0.8046874996856689,0.24999999990234373,1.7541203196742088,0.7628042978680328,0.7628042978680328
-0.09999999999999998,0.9000000000000001,17051.34375,366.8639831542969,inf,0.0,0.9,0.046875,0.046875,0.0,0.0,0.003125,0.003125,0.9999999996093749,0.9999999996093749,0.2617187498977661,1.9061705286811403,0.23824155310214276,0.23824155310214276
0.0,0.9000000000000001,17012.5859375,366.43328857421875,inf,0.0,0.9,0.04296875,0.04296875,0.0,0.0,0.002864583333333333,0.002864583333333333,0.9999999996093749,0.9999999996093749,0.24999999990234373,1.9140624936643325,0.039062502780234806,-0.039062502780234806
0.10000000000000009,0.9000000000000001,17052.60546875,366.8880615234375,inf,0.0,0.9,0.05078125,0.05078125,0.0,0.0,0.0033854166666666668,0.0033854166666666668,0.9999999996093749,0.9999999996093749,0.27343749989318844,1.8984374955331342,0.04687500184586047,-0.04687500184586047
0.20000000000000018,0.9000000000000001,17169.78125,368.2209167480469,inf,0.0,0.9,0.04296875,0.04296875,0.0,0.0,0.002864583333333333,0.002864583333333333,0.9999999996093749,0.9999999996093749,0.24218749990539548,1.9140624992523192,0.04296874998321533,-0.04296874998321533
0.30000000000000004,0.9000000000000001,17363.880859375,370.41046142578125,inf,0.0,0.9,0.04296875,0.04296875,0.0,0.0,0.002864583333333333,0.002864583333333333,0.9999999996093749,0.9999999996093749,0.25390624990081784,1.9140624992523192,0.04296874998321533,-0.04296874998321533
0.40000000000000013,0.9000000000000001,17632.5,373.4232177734375,inf,0.0,0.9,0.0546875,0.0546875,0.0,0.0,0.0036458333333333334,0.0036458333333333334,0.9999999996093749,0.9999999996093749,0.24999999990234373,1.8906249992614745,0.05468749997863769,-0.05468749997863769
0.5,0.9000000000000001,17972.765625,377.2155456542969,inf,0.0,0.9,0.046875,0.046875,0.0,0.0,0.003125,0.003125,0.9999999996093749,0.9999999996093749,0.24999999990234373,1.906249999255371,0.04687499998168945,-0.04687499998168945
0.6000000000000001,0.9000000000000001,18380.916015625,381.7370300292969,inf,0.0,0.9,0.04296875,0.04296875,0.0,0.0,0.002864583333333333,0.002864583333333333,0.9999999996093749,0.9999999996093749,0.23437499990844723,1.9140624992523192,0.04296874998321533,-0.04296874998321533
0.7000000000000002,0.9000000000000001,18853.744140625,386.93292236328125,inf,0.0,0.9,0.03125,0.03125,0.0,0.0,0.0020833333333333333,0.0020833333333333333,0.9999999996093749,0.9999999996093749,0.21093749991760252,1.9374999992431639,0.031249999987792966,-0.031249999987792966
0.8,0.9000000000000001,19386.732421875,392.7469177246094,inf,0.0,0.9,0.05078125,0.05078125,0.0,0.0,0.0033854166666666668,0.0033854166666666668,0.9999999996093749,0.9999999996093749,0.24218749990539548,1.8984374992584228,0.05078124998016357,-0.05078124998016357
0.9000000000000001,0.9000000000000001,19975.48828125,399.12322998046875,inf,0.0,0.9,0.046875,0.046875,0.0,0.0,0.003125,0.003125,0.9999999996093749,0.9999999996093749,0.24218749990539548,1.906249999255371,0.04687499998168945,-0.04687499998168945
1.0,0.9000000000000001,20616.12109375,406.00799560546875,inf,0.0,0.9,0.046875,0.046875,0.0,0.0,0.003125,0.003125,0.9999999996093749,0.9999999996093749,0.23437499990844723,1.906249999255371,0.04687499998168945,-0.04687499998168945
-1.0,1.0,21231.158203125,412.4636535644531,inf,0.0,0.9,0.08984375,0.08984375,0.0,0.0,0.005989583333333334,0.005989583333333334,0.9999999996093749,0.9999999996093749,0.2656249998962402,1.8203124992889403,0.08984374996490478,-0.08984374996490478
-0.9,1.0,20609.279296875,405.8204040527344,inf,0.0,0.9,0.0859375,0.0859375,0.0,0.0,0.005729166666666666,0.005729166666666666,0.9999999996093749,0.9999999996093749,0.27343749989318844,1.8281249992858886,0.08593749996643066,-0.08593749996643066
-0.8,1.0,20037.83203125,399.6842956542969,inf,0.0,0.9,0.08984375,0.08984375,0.0,0.0,0.005989583333333334,0.005989583333333334,0.9999999996093749,0.9999999996093749,0.25390624990081784,1.8203124992889403,0.08984374996490478,-0.08984374996490478
-0.7,1.0,19521.41796875,394.1048278808594,inf,0.0,0.9,0.08984375,0.08984375,0.0,0.0,0.005989583333333334,0.005989583333333334,0.9999999996093749,0.9999999996093749,0.26953124989471433,1.8203124992889403,0.08984374996490478,-0.08984374996490478
-0.6,1.0,19063.599609375,389.1331481933594,inf,0.0,0.9,0.09375,0.09375,0.0,0.0,0.00625,0.00625,0.9999999996093749,0.9999999996093749,0.27734374989166255,1.8124999992919921,0.0937499999633789,-0.0937499999633789
-0.5,1.0,18669.0703125,384.8198547363281,inf,0.0,0.9,0.078125,0.078125,0.0,0.0,0.005208333333333333,0.005208333333333333,0.9999999996093749,0.9999999996093749,0.2617187498977661,1.843749999279785,0.07812499996948241,-0.07812499996948241
-0.3999999999999999,1.0,18341.837890625,381.213623046875,inf,0.0,0.9,0.08984375,0.08984375,0.0,0.0,0.005989583333333334,0.005989583333333334,0.9999999996093749,0.9999999996093749,0.27734374989166255,1.8203124992889403,0.08984374996490478,-0.08984374996490478
-0.29999999999999993,1.0,18084.34375,378.3589172363281,inf,0.0,0.9,0.08984375,0.08984375,0.0,0.0,0.006036745406824148,0.006036745406824148,0.9999999996093749,0.9999999996093749,0.25390624990081784,1.8203041165057563,0.07031669349288315,-0.07031669349288315
-0.19999999999999996,1.0,17898.80859375,376.29351806640625,inf,0.0,0.9,0.09375,0.09361702127659574,0.0,0.0818965516888377,0.012136752136752138,0.012207407407407408,0.9999999996093749,0.9179687496414184,0.23437499990844723,1.769356955317615,0.40280266868462244,0.40280266868462244
-0.09999999999999998,1.0,17787.025390625,375.04638671875,inf,0.0,0.9,0.046875,0.046875,0.0,0.0,0.003125,0.003125,0.9999999996093749,0.9999999996093749,0.20312499992065428,1.906116306219401,0.02350552240381291,-0.02350552240381291
0.0,1.0,17750.0546875,374.6357116699219,inf,0.0,0.9,0.02734375,0.02734375,0.0,0.0,0.0018229166666666667,0.0018229166666666667,0.9999999996093749,0.9999999996093749,0.2070312499191284,1.945312499240112,0.027343749989318846,-0.027343749989318846
0.10000000000000009,1.0,17788.779296875,375.06756591796875,inf,0.0,0.9,0.05078125,0.05078125,0.0,0.0,0.0033854166666666668,0.0033854166666666668,0.9999999996093749,0.9999999996093749,0.22265624991302488,1.8984374992584228,0.05078124998016357,-0.05078124998016357
0.20000000000000018,1.0,17901.71875,376.3356018066406,inf,0.0,0.9,0.046875,0.046875,0.0,0.0,0.003125,0.003125,0.9999999996093749,0.9999999996093749,0.23437499990844723,1.906249999255371,0.04687499998168945,-0.04687499998168945
0.30000000000000004,1.0,18088.916015625,378.4212951660156,inf,0.0,0.9,0.05078125,0.05078125,0.0,0.0,0.0033854166666666668,0.0033854166666666668,0.9999999996093749,0.9999999996093749,0.24999999990234373,1.8984374992584228,0.05078124998016357,-0.05078124998016357
0.40000000000000013,1.0,18349.0078125,381.2955017089844,inf,0.0,0.9,0.05078125,0.05078125,0.0,0.0,0.0033854166666666668,0.0033854166666666668,0.9999999996093749,0.9999999996093749,0.23437499990844723,1.8984374992584228,0.05078124998016357,-0.05078124998016357
0.5,1.0,18678.521484375,384.92010498046875,inf,0.0,0.9,0.046875,0.046875,0.0,0.0,0.003125,0.003125,0.9999999996093749,0.9999999996093749,0.25390624990081784,1.906249999255371,0.04687499998168945,-0.04687499998168945
0.6000000000000001,1.0,19074.04296875,389.2507019042969,inf,0.0,0.9,0.04296875,0.04296875,0.0,0.0,0.002864583333333333,0.002864583333333333,0.9999999996093749,0.9999999996093749,0.23828124990692137,1.9140624992523192,0.04296874998321533,-0.04296874998321533
0.7000000000000002,1.0,19531.298828125,394.2385559082031,inf,0.0,0.9,0.04296875,0.04296875,0.0,0.0,0.002864583333333333,0.002864583333333333,0.9999999996093749,0.9999999996093749,0.22656249991149902,1.9140624992523192,0.04296874998321533,-0.04296874998321533
0.8,1.0,20047.62109375,399.8326416015625,inf,0.0,0.9,0.05078125,0.05078125,0.0,0.0,0.0033854166666666668,0.0033854166666666668,0.9999999996093749,0.9999999996093749,0.24218749990539548,1.8984374992584228,0.05078124998016357,-0.05078124998016357
0.9000000000000001,1.0,20617.75390625,405.9822692871094,inf,0.0,0.9,0.046875,0.046875,0.0,0.0,0.003125,0.003125,0.9999999996093749,0.9999999996093749,0.24218749990539548,1.906249999255371,0.04687499998168945,-0.04687499998168945
1.0,1.0,21238.75390625,412.6378173828125,inf,0.0,0.9,0.0390625,0.0390625,0.0,0.0,0.0026041666666666665,0.0026041666666666665,0.9999999996093749,0.9999999996093749,0.23828124990692137,1.9218749992492674,0.039062499984741206,-0.039062499984741206
