-1.0,-1.0,6931.201171875,91.93853759765625,inf,0.0,0.9,0.078125,0.09291628334866606,0.0,0.20419693300225195,0.0272060440536906,0.0341772555248348,0.9999999999627976,0.8087797618746734,0.3061755952267048,1.7483276556262897,0.5870095663456033,0.5870095663456033
-0.9,-1.0,6710.10986328125,89.08086395263672,inf,0.0,0.9,0.07775297619047619,0.09951923076923076,0.0,0.24445340862265216,0.02683019937817844,0.036141448002962095,0.9999999999627976,0.7738095237807363,0.3054315476076849,1.7324771329713746,0.6524753138510333,0.6524753138510333
-0.8,-1.0,6506.1845703125,86.44625091552734,inf,0.0,0.9,0.0822172619047619,0.1111111111111111,0.0,0.29955411429673473,0.02644873053894306,0.035098681973723844,0.9999999999627976,0.7232142856873804,0.3117559523693543,1.6994640626735695,0.6730685062880317,0.6730685062880317
-0.7,-1.0,6320.91357421875,84.05612182617188,inf,0.0,0.9,0.08110119047619048,0.11767925561029009,0.0,0.3473684210385681,0.029395037469010593,0.045088429256594724,0.9999999999627976,0.679687499974714,0.3266369047497531,1.6793626307184017,0.7182450684058285,0.7182450684058285
-0.6,-1.0,6156.71337890625,81.93231964111328,inf,0.0,0.9,0.08258928571428571,0.11918604651162791,0.0,0.3856447688408092,0.02779741612530697,0.04174621429141626,0.9999999999627976,0.6398809523571474,0.3292410714163229,1.6521225617219255,0.7596875302560543,0.7596875302560543
-0.5,-1.0,6015.1962890625,80.09650421142578,19.81082516449257,0.0,0.9,0.09263392857142858,0.13869537682077265,0.0,0.4423944239261011,0.0260342524305219,0.04769993204277185,0.9999999999627976,0.5874255952162416,0.3377976190350522,1.6025261421244137,0.7546286477736455,0.7546286477736455
-0.3999999999999999,-1.0,5896.63134765625,78.56929779052734,16.501685352999207,0.0,0.9,0.10305059523809523,0.16354088522130533,0.0,0.5375362919727277,0.030138693689941213,0.052110245589814294,0.9999999999627976,0.4959077380767892,0.34151785713015187,1.5426713728932568,0.7153095482826133,0.7153095482826133
-0.29999999999999993,-1.0,5803.92236328125,77.3694076538086,14.348948399121504,0.0,0.9,0.12648809523809523,0.2554585152838428,0.0,0.7095400340413314,0.04303362510760639,0.06368338819760797,0.9999999999627976,0.34077380951113195,0.33928571427309206,1.4096946657403555,0.6402420829265065,0.6402420829265065
-0.19999999999999996,-1.0,5737.01904296875,76.5125503540039,12.465979296658091,0.0,0.9,0.17261904761904762,0.22597864768683273,0.0,0.6088129496129131,0.05467003707192132,0.06600827308702073,0.9999999999627976,0.4181547618892056,0.33221726189240264,1.3847911212101558,0.6112474578917254,0.6112474578917254
-0.09999999999999998,-1.0,5697.26318359375,76.0105972290039,11.200632999636525,0.0,0.9,0.19345238095238096,0.16772438803263826,0.0,0.5765682656560623,0.05596300987984368,0.060360701888592765,0.9999999999627976,0.41034226188949624,0.33593749998750233,1.376508787727568,0.5987758441856772,0.5987758441856772
0.0,-1.0,5684.59130859375,75.8707504272461,9.885967253807186,0.0,0.9,0.19791666666666666,0.19534883720930232,0.0,0.598794063052004,0.061347366942393386,0.06290078448650518,0.9999999999627976,0.3999255952232171,0.3351934523684824,1.3431930637042384,0.5884990352060102,0.5884990352060102
0.10000000000000009,-1.0,5700.07080078125,76.09505462646484,9.088785274754747,0.0,0.9,0.2034970238095238,0.2857142857142857,0.0,0.6496964035193977,0.09777590869478305,0.11865737534255463,0.9999999999627976,0.39062499998546785,0.38802083331889803,1.3255776843631333,0.5837563533480039,0.5837563533480039
0.20000000000000018,-1.0,5742.63427734375,76.68024444580078,8.944138812159109,0.0,0.9,0.17373511904761904,0.2774774774774775,0.0,0.6389013957389059,0.07377998233725022,0.09733075303781753,0.9999999999627976,0.412946428556066,0.4423363095073536,1.3675584660220492,0.6108076130878428,0.6108076130878428
0.30000000000000004,-1.0,5812.373046875,77.61797332763672,8.970462959366271,0.0,0.9,0.15215773809523808,0.26107784431137726,0.0,0.7292672224339944,0.036605412032136096,0.04550815938485969,0.9999999999627976,0.31063988094082445,0.5331101190277862,1.3954874188473922,0.6252730156881374,0.6252730156881374
0.40000000000000013,-1.0,5908.66748046875,78.89539337158203,9.720330623916205,0.0,0.9,0.1134672619047619,0.16189290161892902,0.0,0.7175828786941846,0.017988619366715534,0.03996915976535542,0.9999999999627976,0.2987351190365054,0.546502976170145,1.473952635001309,0.6718055849843091,0.6718055849843091
0.5,-1.0,6029.529296875,80.4959945678711,10.452492530095617,0.0,0.9,0.07886904761904762,0.07474429583005507,0.0,0.5250403877009273,0.014907001476716145,0.025237822474337382,0.9999999999627976,0.4728422618871711,0.546130952360635,1.581689691847719,0.7458106063517789,0.7458106063517789
0.6000000000000001,-1.0,6173.25634765625,82.40055847167969,11.860580529629116,0.0,0.9,0.03162202380952381,0.021505376344086023,0.0,0.44064540912636785,0.004823954998103605,0.004582579469480867,0.9999999999627976,0.5535714285508344,0.5204613095044471,1.6899336115907917,0.8192809160902252,0.8192809160902252
0.7000000000000002,-1.0,6340.30712890625,84.58812713623047,12.809694055303078,0.0,0.9,0.05505952380952381,0.036395147313691506,0.0,0.5622047243873148,0.009608457799970826,0.005110106061430916,0.9999999999627976,0.42931547617450466,0.5360863095038658,1.5798882040034157,0.7475267984988206,0.7475267984988206
0.8,-1.0,6528.21240234375,87.03694915771484,14.400503374054267,0.0,0.9,0.17522321428571427,0.13941018766756033,0.0,0.5656292286619022,0.0331025147143667,0.021807260212522467,0.9999999999627976,0.41629464284165574,0.5576636904554441,1.4063482566112122,0.5826297475443583,0.5826297475443583
0.9000000000000001,-1.0,6735.00830078125,89.72520446777344,inf,0.0,0.9,0.20721726190476192,0.23671232876712328,0.0,0.3463162834187557,0.03455576202734662,0.043224310291168605,0.9999999999627976,0.6789434523556941,0.5338541666468061,1.4375701450899254,0.6561047452710312,0.6561047452710312
1.0,-1.0,6958.17041015625,92.63167572021484,inf,0.0,0.9,0.20535714285714285,0.22120238641578704,0.0,0.20552434455966648,0.03397160194188464,0.03505007471036881,0.9999999999627976,0.8106398809222233,0.5613839285505438,1.5012386060559049,0.6831579947935474,0.6831579947935474
-1.0,-0.9,6706.212890625,89.02232360839844,inf,0.0,0.9,0.07849702380952381,0.09636277751535191,0.0,0.2276947920780099,0.02814802272615701,0.03813425519915195,0.9999999999627976,0.7875744047326052,0.3229166666546534,1.737179568799834,0.5304756462260294,0.5304756462260294
-0.9,-0.9,6477.65966796875,86.0630111694336,inf,0.0,0.9,0.07700892857142858,0.10059760956175298,0.0,0.27206771462023105,0.030211423931195632,0.04317835504707479,0.9999999999627976,0.7470238094960185,0.31956845236906367,1.7214470204263437,0.6067800171227883,0.6067800171227883
-0.8,-0.9,6266.427734375,83.32805633544922,inf,0.0,0.9,0.08110119047619048,0.10796915167095116,0.0,0.29757085019038176,0.033356386431238144,0.04427518442634994,0.9999999999627976,0.7235863094968904,0.3351934523684824,1.6961933971253818,0.7285749691133747,0.7285749691133747
-0.7,-0.9,6074.16748046875,80.84071350097656,inf,0.0,0.9,0.08556547619047619,0.1231841952353283,0.0,0.3860862489672056,0.03868510187497796,0.04946172641692917,0.9999999999627976,0.6402529761666573,0.3433779761777017,1.647364844714422,0.72451163134891,0.72451163134891
-0.6,-0.9,5903.408203125,78.62503814697266,20.070346693662724,0.0,0.9,0.09226190476190477,0.142578125,0.0,0.46024590162048173,0.03798199850257509,0.050232043599725704,0.9999999999627976,0.571428571407313,0.33928571427309206,1.5897131501052622,0.7074626344082349,0.7074626344082349
-0.5,-0.9,5755.25048828125,76.70508575439453,16.648911754386425,0.0,0.9,0.10305059523809523,0.1572199730094467,0.0,0.4819576938829549,0.04132433432642304,0.055216933636218574,0.9999999999627976,0.5513392856937747,0.34672619046329145,1.5588947394173307,0.7221571567401766,0.7221571567401766
-0.3999999999999999,-0.9,5630.93701171875,75.10408782958984,13.846928177516672,0.0,0.9,0.11421130952380952,0.2270168855534709,0.0,0.6539269214341065,0.04072752162295166,0.05950390036081514,0.9999999999627976,0.39657738093762734,0.3511904761774111,1.4577781200526578,0.6715770839604818,0.6715770839604818
-0.29999999999999993,-0.9,5533.29833984375,73.84326934814453,11.849360755682092,0.0,0.9,0.2034970238095238,0.3065868263473054,0.0,0.7295656235063258,0.07444888702429917,0.07047806520332538,0.9999999999627976,0.31063988094082445,0.34933035712986127,1.2983047816522288,0.5343822010752856,0.5343822010752856
-0.19999999999999996,-0.9,5463.67919921875,72.94068145751953,10.361534775177963,0.0,0.9,0.20535714285714285,0.28781925343811393,0.0,0.6605805243136432,0.06701092226928407,0.07371884083032579,0.9999999999627976,0.3787202380811488,0.35193452379643103,1.309738814402495,0.5772041865215207,0.5772041865215207
-0.09999999999999998,-0.9,5422.11376953125,72.41006469726562,9.333823692714093,0.0,0.9,0.20758928571428573,0.2681091251175917,0.0,0.6347417840077586,0.05953540507111936,0.0739305054863889,0.9999999999627976,0.39546130950909747,0.36421130951026004,1.3020458042159122,0.5657845491276923,0.5657845491276923
0.0,-0.9,5409.08349609375,72.25977325439453,8.219864723525381,0.0,0.9,0.20944940476190477,0.2634245187436677,0.0,0.6578823529102173,0.06480409575509816,0.074366584363926,0.9999999999627976,0.36718749998633976,0.38206845236673853,1.266815519000761,0.5435634761568297,0.5435634761568297
0.10000000000000009,-0.9,5424.85791015625,72.49225616455078,7.418404538793198,0.0,0.9,0.24665178571428573,0.1873479318734793,0.0,0.6701234567570309,0.1302191647465218,0.14315386761054674,0.9999999999627976,0.30580357141719483,0.4970238095053191,1.2251006671802873,0.509481197859729,0.509481197859729
0.20000000000000018,-0.9,5469.21630859375,73.10375213623047,7.237892383417674,0.0,0.9,0.22209821428571427,0.17541613316261204,0.0,0.6920133906890477,0.1105240377486933,0.1317383171689389,0.9999999999627976,0.2905505952272861,0.547619047598675,1.2705990153369748,0.5250533642342439,0.5250533642342439
0.30000000000000004,-0.9,5542.61669921875,74.08467864990234,7.369800379780824,0.0,0.9,0.16703869047619047,0.15781922525107603,0.0,0.7378293880867428,0.06444472656269368,0.03647126167016161,0.9999999999627976,0.25930059522844867,0.6644345237848053,1.3356779381247739,0.5670981788758686,0.5670981788758686
0.40000000000000013,-0.9,5642.95654296875,75.42028045654297,7.813157642017797,0.0,0.9,0.08854166666666667,0.10848400556328233,0.0,0.7383673469086381,0.019053513986874156,0.04577035609790909,0.9999999999627976,0.267485119037668,0.6387648809286174,1.440647552384695,0.661026556655287,0.661026556655287
0.5,-0.9,5768.98095703125,77.09172058105469,9.073617402679858,0.0,0.9,0.044270833333333336,0.024622716441620333,0.0,0.5219929933623203,0.0084103968796119,0.006011708039561301,0.9999999999627976,0.46837797617305144,0.5617559523600537,1.604547145620622,0.7721140140537717,0.7721140140537717
0.6000000000000001,-0.9,5919.8037109375,79.07721710205078,10.023339633691348,0.0,0.9,0.03125,0.018473895582329317,0.0,0.5307219661854562,0.005762805068157972,0.0026407292911473632,0.9999999999627976,0.46316964283991185,0.5662202380741734,1.6238297893818212,0.7867916017167425,0.7867916017167425
0.7000000000000002,-0.9,6093.88818359375,81.35331726074219,11.204638113864457,0.0,0.9,0.08928571428571429,0.02702702702702703,0.0,0.6470588235029796,0.02226977674845293,0.005667486275091676,0.9999999999627976,0.3303571428448528,0.5818452380735921,1.4578681386229675,0.6228801731263454,0.6228801731263454
0.8,-0.9,6289.48388671875,83.89585876464844,12.729998467426366,0.0,0.9,0.20424107142857142,0.18782161234991424,0.0,0.5572697521946111,0.03683616397353365,0.04796939731415538,0.9999999999627976,0.43377976188862427,0.5703124999787831,1.3674606967143597,0.5561002659016678,0.5561002659016678
0.9000000000000001,-0.9,6504.11669921875,86.6809310913086,15.40853671537803,0.0,0.9,0.22023809523809523,0.23712391636919938,0.0,0.28625954197107545,0.03712742194314016,0.039733678499621006,0.9999999999627976,0.72953869044905,0.5252976190280767,1.429951816552967,0.6388765400278617,0.6388765400278617
1.0,-0.9,6734.80224609375,89.68549346923828,inf,0.0,0.9,0.22395833333333334,0.23953488372093024,0.0,0.21620325981705643,0.0368383518141527,0.041330854004135,0.9999999999627976,0.7998511904464342,0.5978422618825208,1.4612049992513247,0.6454858348903799,0.6454858348903799
-1.0,-0.8,6498.6025390625,86.3254623413086,inf,0.0,0.9,0.07738095238095238,0.09675858732462506,0.0,0.2471774193448719,0.02532040124464916,0.0393312222872697,0.9999999999627976,0.7689732142571067,0.3337053571304425,1.7362646899294922,0.5536629905187711,0.5536629905187711
-0.9,-0.8,6262.49462890625,83.26536560058594,inf,0.0,0.9,0.08110119047619048,0.10431293881644935,0.0,0.27692307691186546,0.03983884939752593,0.05234962232508609,0.9999999999627976,0.7418154761628789,0.3374255952255422,1.7100648510082093,0.6173684574666157,0.6173684574666157
-0.8,-0.8,6044.00830078125,80.43018341064453,inf,0.0,0.9,0.078125,0.10410094637223975,0.0,0.3123486682682668,0.03765830451464771,0.04393286887620411,0.9999999999627976,0.7075892856879618,0.33333333332093257,1.6981810439617975,0.7548934453237837,0.7548934453237837
-0.7,-0.8,5844.8974609375,77.84503936767578,inf,0.0,0.9,0.08891369047619048,0.13141809290953546,0.0,0.4197631686231212,0.054634095185577145,0.06158031735054557,0.9999999999627976,0.6086309523583099,0.3556547618915307,1.6313593198616534,0.7407004869847487,0.7407004869847487
-0.6,-0.8,5666.89111328125,75.5362319946289,16.69034819943315,0.0,0.9,0.09561011904761904,0.14807162534435261,0.0,0.49115590290040495,0.04073768312636237,0.04908340327815789,0.9999999999627976,0.5401785714084756,0.3418898809396618,1.5710266714239924,0.7273800209127539,0.7273800209127539
-0.5,-0.8,5512.19775390625,73.5303955078125,14.233428512471445,0.0,0.9,0.10863095238095238,0.1838905775075988,0.0,0.5517529215128651,0.041606902063658184,0.05136636654331754,0.9999999999627976,0.4895833333151197,0.3456101190347615,1.5049664011908168,0.7002945663546913,0.7002945663546913
-0.3999999999999999,-0.8,5382.22705078125,71.85355377197266,11.591433338541078,0.0,0.9,0.13690476190476192,0.2850521436848204,0.0,0.7340517241062909,0.0568969721021198,0.06426225440891542,0.9999999999627976,0.32105654760710356,0.35751488093908057,1.3528425136669906,0.6137138537776994,0.6137138537776994
-0.29999999999999993,-0.8,5279.875,70.52974700927734,9.914227257692653,0.0,0.9,0.23660714285714285,0.3735632183908046,0.0,0.7875243664333565,0.08958321695780552,0.0762624395563147,0.9999999999627976,0.25892857141893866,0.36011904760565033,1.2139610695280867,0.49689657007133564,0.49689657007133564
-0.19999999999999996,-0.8,5207.00634765625,69.57962799072266,8.504776264558737,0.0,0.9,0.22730654761904762,0.402,0.0,0.7120847375680268,0.07717517843574642,0.10722173692220474,0.9999999999627976,0.3720238095099694,0.41406249998459593,1.2341452115146905,0.524990812508214,0.524990812508214
-0.09999999999999998,-0.8,5163.7236328125,69.0190200805664,7.44632506868263,0.0,0.9,0.22023809523809523,0.35831622176591377,0.0,0.7018129770657533,0.0667352954712733,0.10612770394200535,0.9999999999627976,0.3623511904627102,0.4348958333171542,1.2221381192852272,0.5175578715553588,0.5175578715553588
0.0,-0.8,5149.5166015625,68.85767364501953,6.601345091951433,0.0,0.9,0.24032738095238096,0.319365798414496,0.0,0.7056807051564309,0.07684453369094359,0.09890635472630846,0.9999999999627976,0.32849702379730294,0.46465773807795174,1.170193573540941,0.47764789908206257,0.47704609567178596
0.10000000000000009,-0.8,5166.36572265625,69.09844970703125,5.982135588162913,0.0,0.9,0.2726934523809524,0.2588075880758808,0.0,0.7202046035437235,0.14206425747921392,0.1208439139933689,0.9999999999627976,0.2745535714183574,0.5762648809309425,1.1190375433032413,0.4401062812924441,0.4401062812924441
0.20000000000000018,-0.8,5212.94189453125,69.73709106445312,5.641302083979711,0.0,0.9,0.2552083333333333,0.18641390205371247,0.0,0.742757242720142,0.14205234624735763,0.07287808777027105,0.9999999999627976,0.2354910714198106,0.6715029761654947,1.1531139398429013,0.44794209391473083,0.44794209391473083
0.30000000000000004,-0.8,5288.93798828125,70.76254272460938,5.897498428971483,0.0,0.9,0.21279761904761904,0.2219679633867277,0.0,0.8393194706597675,0.11037558173306847,0.07163068962729403,0.9999999999627976,0.1625744047558566,0.7209821428303207,1.2278625224045945,0.47017841847116326,0.46927511068044436
0.40000000000000013,-0.8,5393.55224609375,72.1579360961914,6.421050328906469,0.0,0.9,0.09598214285714286,0.11472602739726027,0.0,0.7872427983215127,0.032975195351620315,0.058910794739283116,0.9999999999627976,0.21726190475382212,0.6651785714038252,1.3594320816143075,0.6062821043660949,0.6052851677186679
0.5,-0.8,5525.32373046875,73.90180206298828,7.520728399898767,0.0,0.9,0.039806547619047616,0.021759697256385997,0.0,0.599380085215057,0.011202816355153073,0.002933558558558559,0.9999999999627976,0.3932291666520376,0.5922619047398713,1.5397851425083584,0.7363504827759846,0.7363504827759846
0.6000000000000001,-0.8,5683.12548828125,75.96961975097656,8.528242851569514,0.0,0.9,0.050967261904761904,0.009249743062692703,0.0,0.6221089768474282,0.019223925376723593,0.0023993042586838527,0.9999999999627976,0.3619791666532002,0.6041666666441903,1.5218540078294365,0.7178217797749235,0.7178217797749235
0.7000000000000002,-0.8,5864.375,78.33515930175781,9.919715971261942,0.0,0.9,0.1130952380952381,0.03169014084507042,0.0,0.6539429529927038,0.028089399616376996,0.034589241369825385,0.9999999999627976,0.3169642857024939,0.5967261904539909,1.4218192367882045,0.6000684615824528,0.6000684615824528
0.8,-0.8,6067.46337890625,80.97174072265625,11.47025153290106,0.0,0.9,0.19717261904761904,0.1488095238095238,0.0,0.5361445782884086,0.03501284034423288,0.04173652510325727,0.9999999999627976,0.43749999998372396,0.5691964285502531,1.3841478551371975,0.57602601220069,0.57602601220069
0.9000000000000001,-0.8,6289.10107421875,83.8532943725586,14.105348394506251,0.0,0.9,0.2105654761904762,0.21595744680851064,0.0,0.30537229027778645,0.034071926045126544,0.03652203158247,0.9999999999627976,0.6994047618787425,0.5197172618854272,1.4423209470818055,0.6356535938745862,0.6356535938745862
1.0,-0.8,6527.3583984375,86.95496368408203,inf,0.0,0.9,0.20982142857142858,0.21770682148040638,0.0,0.23870056496051317,0.03458875514486584,0.03704000381407985,0.9999999999627976,0.7689732142571067,0.49739583331482906,1.4720738005117457,0.6598952798828884,0.6598952798828884
-1.0,-0.7,6310.35302734375,83.86959075927734,inf,0.0,0.9,0.08072916666666667,0.10580912863070539,0.0,0.3023067583851758,0.02568143780088944,0.041353255198750084,0.9999999999627976,0.717261904735221,0.34895833332035125,1.7076505291748743,0.5556552518205153,0.5556552518205153
-0.9,-0.7,6066.43603515625,80.71134185791016,inf,0.0,0.9,0.07886904761904762,0.10618066561014262,0.0,0.31663974150579,0.0354612805524901,0.04976555813470963,0.9999999999627976,0.704241071402372,0.3500744047488812,1.6964652400429157,0.6845718661439052,0.6845718661439052
-0.8,-0.7,5840.22607421875,77.77782440185547,inf,0.0,0.9,0.08482142857142858,0.12142857142857143,0.0,0.34999999998577236,0.045059557635449894,0.05316438023407156,0.9999999999627976,0.6770833333081443,0.34747023808231137,1.6712650667756013,0.7798701508228969,0.7798701508228969
-0.7,-0.7,5634.28173828125,75.09599304199219,17.23701012004145,0.0,0.9,0.09412202380952381,0.13788895668090298,0.0,0.4197125256501145,0.048351413110505996,0.05305729410028773,0.9999999999627976,0.6097470237868398,0.35639880951055064,1.6220240689408478,0.7741347789602678,0.7741347789602678
-0.6,-0.7,5449.28173828125,72.69442749023438,14.017755656699494,0.0,0.9,0.11086309523809523,0.1696927374301676,0.0,0.5025104602300206,0.05127176599876235,0.05489135598655534,0.9999999999627976,0.5327380952182761,0.3560267857010407,1.5434145328292994,0.7284924090262883,0.7284924090262883
-0.5,-0.7,5288.0517578125,70.60240936279297,11.83934930979761,0.0,0.9,0.13727678571428573,0.2465483234714004,0.0,0.6705476498201576,0.058759566202148894,0.06332175471996165,0.9999999999627976,0.37723214284310896,0.3623511904627102,1.4119654576890581,0.6458413905530833,0.6458413905530833
-0.3999999999999999,-0.7,5153.14892578125,68.84890747070312,9.776961666625143,0.0,0.9,0.20758928571428573,0.4250871080139373,0.0,0.8450704224955367,0.07834119762572421,0.07815487872995266,0.9999999999627976,0.21354166665872243,0.37351190474800927,1.2473034581542437,0.518138956565942,0.518138956565942
-0.29999999999999993,-0.7,5046.265625,67.46101379394531,8.01777991020736,0.0,0.9,0.2533482142857143,0.5886736214605067,0.0,0.8624813153531399,0.09186785814008916,0.14003883402277512,0.9999999999627976,0.24962797618118945,0.4289434523649947,1.1417954035665436,0.45594490758719347,0.45594490758719347
-0.19999999999999996,-0.7,4969.84228515625,66.46222686767578,6.865627147585705,0.0,0.9,0.24144345238095238,0.48008171603677224,0.0,0.7503678273295552,0.08662816978576558,0.13144427918565643,0.9999999999627976,0.36421130951026004,0.45349702379265266,1.1553185047517123,0.47207429934291245,0.47207429934291245
-0.09999999999999998,-0.7,4924.447265625,65.87071990966797,6.095214976830037,0.0,0.9,0.2507440476190476,0.4411764705882353,0.0,0.7358490565672369,0.08558652975870096,0.1341132079250949,0.9999999999627976,0.35416666665349084,0.47916666664884056,1.1411078040515283,0.45767948603112385,0.45767948603112385
0.0,-0.7,4909.6533203125,65.69779205322266,5.322350171450459,0.0,0.9,0.3002232142857143,0.3730255164034022,0.0,0.7256778309024094,0.13323021848898772,0.13701617738736138,0.9999999999627976,0.3061755952267048,0.5491071428367148,1.0709224049278723,0.3943712610114176,0.3941938044544986
0.10000000000000009,-0.7,4926.80908203125,65.94681549072266,4.702157270498345,0.0,0.9,0.32142857142857145,0.34554973821989526,0.0,0.7258771929426602,0.18051016054742042,0.14416598718012394,0.9999999999627976,0.2842261904656166,0.6555059523565661,1.0120404100308078,0.35336603362774127,0.35336603362774127
0.20000000000000018,-0.7,4975.51708984375,66.61292266845703,4.516248817135879,0.0,0.9,0.31138392857142855,0.24630541871921183,0.0,0.7520259318880591,0.18275012717477018,0.15807608737128434,0.9999999999627976,0.22656249999157135,0.7377232142582693,1.0156384463144608,0.3518821734864169,0.3518821734864169
0.30000000000000004,-0.7,5054.69921875,67.68348693847656,4.892363264151949,0.0,0.9,0.20572916666666666,0.3249097472924188,0.0,0.9124121779432126,0.11780918881130112,0.14730917599443494,0.9999999999627976,0.10305059523426152,0.7217261904493406,1.0980638176150905,0.4369391004201866,0.4369391004201866
0.40000000000000013,-0.7,5163.8359375,69.13924407958984,5.3880768942837305,0.0,0.9,0.13020833333333334,0.025210084033613446,0.0,0.8511548331543561,0.057736090478769986,0.007908330985254062,0.9999999999627976,0.13281249999505906,0.7098214285450216,1.2622973728089548,0.5329933726829488,0.5230517994534651
0.5,-0.7,5301.80029296875,70.9559097290039,6.519904711503947,0.0,0.9,0.05357142857142857,0.013064133016627079,0.0,0.6733490565773055,0.03214196812092848,0.0011641962587190869,0.9999999999627976,0.3132440476073942,0.6703869047369648,1.4556925823020341,0.6707171316938664,0.6707171316938664
0.6000000000000001,-0.7,5466.0341796875,73.1059341430664,7.570243556299719,0.0,0.9,0.058779761904761904,0.014755959137343927,0.0,0.6569169960214658,0.02118040886557048,0.04443994748290691,0.9999999999627976,0.32775297617828303,0.6588541666421558,1.4745723948566607,0.6864659403430957,0.6864659403430957
0.7000000000000002,-0.7,5653.94580078125,75.56019592285156,9.03938244756408,0.0,0.9,0.08147321428571429,0.05362776025236593,0.0,0.6354799513715885,0.020399017339998254,0.03634320660182729,0.9999999999627976,0.3537946428439809,0.582589285692612,1.4734763677256504,0.6747136809690626,0.6747136809690626
0.8,-0.7,5863.9248046875,78.28945922851562,10.665121325576441,0.0,0.9,0.12574404761904762,0.07383773928896992,0.0,0.5676595744439294,0.027418427096083515,0.023271957713609504,0.9999999999627976,0.4081101190324364,0.5249255952185667,1.4490936997753172,0.628263926863762,0.628263926863762
0.9000000000000001,-0.7,6092.75927734375,81.2654037475586,12.877838512821668,0.0,0.9,0.17745535714285715,0.11980609418282548,0.0,0.42514699229194275,0.031154655138526485,0.029923394426558593,0.9999999999627976,0.5372023809323958,0.4944196428387493,1.4518932216278204,0.6136316732888185,0.6136316732888185
1.0,-0.7,6338.833984375,84.4614028930664,15.259026740845613,0.0,0.9,0.17485119047619047,0.1523702031602709,0.0,0.3228133453416225,0.030777009593526354,0.030681078336034062,0.9999999999627976,0.6592261904516658,0.4892113095056097,1.490888295402445,0.6442053228072475,0.6442053228072475
-1.0,-0.6,6141.92822265625,81.67687225341797,inf,0.0,0.9,0.07663690476190477,0.09581789306511382,0.0,0.3118452860470651,0.02364425442004644,0.03927215189873418,0.9999999999627976,0.7027529761643322,0.3813244047477186,1.7012631653716292,0.6813477601261962,0.6813477601261962
-0.9,-0.6,5891.0751953125,78.42524719238281,inf,0.0,0.9,0.07775297619047619,0.10681818181818181,0.0,0.36587333600783084,0.029073255441739686,0.04899953781690897,0.9999999999627976,0.6547619047375461,0.3534226190344709,1.6728600868524377,0.7177290285529223,0.7177290285529223
-0.8,-0.6,5657.62744140625,75.39749908447266,17.9272972997072,0.0,0.9,0.08370535714285714,0.12374185908821789,0.0,0.3991067803329636,0.04608925786821944,0.05454617975442467,0.9999999999627976,0.6283482142623382,0.3500744047488812,1.6479704435614912,0.7677372122274773,0.7677372122274773
-0.7,-0.6,5444.22802734375,72.62230682373047,14.439963556150255,0.0,0.9,0.09337797619047619,0.13488975356679636,0.0,0.4526056626814688,0.05357100928984241,0.05449318249925082,0.9999999999627976,0.5736607142643728,0.3560267857010407,1.6010434023182702,0.7590447682774414,0.7590447682774414
-0.6,-0.6,5253.00830078125,70.13043212890625,11.588076768259821,0.0,0.9,0.11421130952380952,0.17344589409056024,0.0,0.547669046596066,0.05851164426927282,0.05953458637964556,0.9999999999627976,0.4847470237914901,0.37016369046241954,1.5107375443659528,0.711521249908947,0.711521249908947
-0.5,-0.6,5085.78955078125,67.95387268066406,9.735223905908216,0.0,0.9,0.17299107142857142,0.3114754098360656,0.0,0.7354925775647552,0.08422212505835706,0.09915262539184952,0.9999999999627976,0.3177083333215138,0.37834821427163884,1.3095632786151299,0.5827974681154054,0.5827974681154054
-0.3999999999999999,-0.6,4945.83154296875,66.12460327148438,7.883343802710295,0.0,0.9,0.24776785714285715,0.6814988290398126,0.0,0.9327398614771147,0.11188053432244044,0.1381944098040154,0.9999999999627976,0.1588541666607569,0.4021577380802769,1.133832210831026,0.44000052476804846,0.44000052476804846
-0.29999999999999993,-0.6,4834.75537109375,64.67290496826172,6.402431995043444,0.0,0.9,0.28683035714285715,0.7799717912552891,0.0,0.9186228481523931,0.11782620966273874,0.21550190083164586,0.9999999999627976,0.2637648809425683,0.4929315476007094,1.0585460285082227,0.41893790240808615,0.41893790240808615
-0.19999999999999996,-0.6,4754.79052734375,63.625335693359375,5.48766411314866,0.0,0.9,0.26860119047619047,0.5431530494821634,0.0,0.7980671413632723,0.10114577946035883,0.16882553313460924,0.9999999999627976,0.32328869046416336,0.49516369045776926,1.0848089338503764,0.42223093917829063,0.42223093917829063
-0.09999999999999998,-0.6,4706.8828125,63.00263214111328,4.6256175498728265,0.0,0.9,0.33035714285714285,0.5177142857142857,0.0,0.7655555555130247,0.13906909519824706,0.19192329872929,0.9999999999627976,0.3255208333212232,0.6037946428346803,0.9898626457855983,0.3535269375864726,0.3535269375864726
0.0,-0.6,4691.53076171875,62.8177604675293,4.053313432988196,0.0,0.9,0.39732142857142855,0.4508301404853129,0.0,0.7345679011892242,0.20095717298363563,0.20285971205112116,0.9999999999627976,0.291294642846306,0.7332589285441496,0.8945961899817472,0.28717243362206435,0.28717243362206435
0.10000000000000009,-0.6,4709.33837890625,63.07468032836914,3.821441493699501,0.0,0.9,0.43452380952380953,0.4396200814111262,0.0,0.7282894736362967,0.22893485509720063,0.21980814888371003,0.9999999999627976,0.27418154760884744,0.7466517856865086,0.8614791862319028,0.24018442141629337,0.24018442141629337
0.20000000000000018,-0.6,4760.14990234375,63.767906188964844,3.7529929843736864,0.0,0.9,0.4415922619047619,0.36752136752136755,0.0,0.7534976681709862,0.23377452074763486,0.2530304840087449,0.9999999999627976,0.21763392856333208,0.7976190475893743,0.8414034049583478,0.22790284131802235,0.2123032773825068
0.30000000000000004,-0.6,4842.67919921875,64.88307189941406,3.73274445212667,0.0,0.9,0.2726934523809524,0.6764705882352942,0.0,0.966240409157737,0.14158281343457924,0.3516867832038476,0.9999999999627976,0.07589285714003376,0.7901785713991749,0.9221869048486636,0.30969402411315883,0.3093443457780427
0.40000000000000013,-0.6,4956.6083984375,66.39835357666016,4.4706743395036925,0.0,0.9,0.15327380952380953,0.125,0.0,0.8739015816839235,0.07806581199567719,0.085912297450759,0.9999999999627976,0.12202380951926996,0.7425595237818988,1.1606176854841126,0.4617877488614199,0.4617877488614199
0.5,-0.6,5100.12744140625,68.28643798828125,5.512982752707387,0.0,0.9,0.059895833333333336,0.044444444444444446,0.0,0.7277404036118821,0.02596807688781496,0.06246319998740534,0.9999999999627976,0.26785714284717793,0.7235863094968904,1.373087395866948,0.6258816495481522,0.6258816495481522
0.6000000000000001,-0.6,5270.36181640625,70.5166244506836,6.7895735510885515,0.0,0.9,0.061755952380952384,0.03529411764705882,0.0,0.6423473433528015,0.01933248500278014,0.045014366945420756,0.9999999999627976,0.3478422618918214,0.6495535714044065,1.4630156796592582,0.6672118222851589,0.6671869606146468
0.7000000000000002,-0.6,5465.21337890625,73.05684661865234,7.9663133431541695,0.0,0.9,0.058407738095238096,0.04222648752399232,0.0,0.6056894507860258,0.015738881846496473,0.038695927526959335,0.9999999999627976,0.38764880950938807,0.559151785693484,1.5271125508945778,0.7103696235853949,0.7103696235853949
0.8,-0.6,5681.7158203125,75.87523651123047,9.859925519082928,0.0,0.9,0.06770833333333333,0.05994550408719346,0.0,0.58699122104601,0.01753821916322506,0.031072057949687128,0.9999999999627976,0.40959821427047627,0.4869791666485499,1.53461416993768,0.6982493234602006,0.6982493234602006
0.9000000000000001,-0.6,5917.76123046875,78.94133758544922,11.797142386731192,0.0,0.9,0.08035714285714286,0.061886792452830186,0.0,0.49716828476953207,0.017825800632410245,0.019885706886086554,0.9999999999627976,0.4929315476007094,0.46912202379207135,1.5591552565896734,0.6892336419520948,0.6892336419520948
1.0,-0.6,6171.23681640625,82.22684478759766,14.259296405992153,0.0,0.9,0.07961309523809523,0.05712409717662508,0.0,0.41956345996687294,0.017653221933789636,0.016048886503112224,0.9999999999627976,0.5665922618836834,0.47693452379178075,1.6064748846817887,0.6747030591957807,0.6747030591957807
-1.0,-0.5,5994.89892578125,79.76948547363281,inf,0.0,0.9,0.1130952380952381,0.1113662456946039,0.0,0.350671140924888,0.04096186407202601,0.05656687062937063,0.9999999999627976,0.6480654761663667,0.4479166666500031,1.6051521186277038,0.6511319835579306,0.6511319835579306
-0.9,-0.5,5738.10791015625,76.43170166015625,inf,0.0,0.9,0.11086309523809523,0.12396694214876033,0.0,0.42343096232537947,0.03931804963675725,0.05634819620709267,0.9999999999627976,0.5851934523591819,0.4226190476033252,1.569878042345142,0.6653639511184188,0.6653639511184188
-0.8,-0.5,5498.24755859375,73.31633758544922,14.208105076157983,0.0,0.9,0.10491071428571429,0.1433666191155492,0.0,0.5008312551745291,0.04842420915013229,0.06335591410684917,0.9999999999627976,0.521577380932977,0.4136904761750859,1.5156270394928353,0.6864785438866081,0.6864785438866081
-0.7,-0.5,5278.35791015625,70.45369720458984,11.522519197731388,0.0,0.9,0.1056547619047619,0.15457875457875458,0.0,0.5199667221081545,0.05771624847751583,0.06022684305893822,0.9999999999627976,0.5078124999811082,0.3902529761759579,1.515101911169762,0.7043947291345003,0.7043947291345003
-0.6,-0.5,5080.68408203125,67.87657165527344,9.344358717150302,0.0,0.9,0.13020833333333334,0.219811320754717,0.0,0.6462788708021266,0.07325599333609215,0.08833333333333333,0.9999999999627976,0.39434523808056754,0.3969494047471373,1.4251426118817072,0.6675206281603038,0.6675206281603038
-0.5,-0.5,4907.49365234375,65.61955261230469,7.468198906056145,0.0,0.9,0.23883928571428573,0.4720394736842105,0.0,0.8431085043576193,0.12073085117395124,0.12343543992480982,0.9999999999627976,0.22619047618206137,0.42224702379381523,1.1965162432493068,0.48803472353698674,0.48803472353698674
-0.3999999999999999,-0.5,4763.01416015625,63.71760559082031,6.48535080909642,0.0,0.9,0.25669642857142855,0.8103448275862069,0.0,0.9504504504028803,0.10664990432006799,0.24413408483831536,0.9999999999627976,0.19419642856420402,0.45014880950706293,1.0610104180622995,0.4030552483423912,0.4030552483423912
-0.29999999999999993,-0.5,4648.19091796875,62.20424270629883,5.468383514917429,0.0,0.9,0.28013392857142855,0.6848404255319149,0.0,0.8775193797996114,0.11425485359893253,0.2126983811560019,0.9999999999627976,0.279761904751497,0.5561755952174042,1.029386379880218,0.3984419521402978,0.3984419521402978
-0.19999999999999996,-0.5,4564.45556640625,61.10918045043945,4.38791521480864,0.0,0.9,0.3478422619047619,0.6330845771144279,0.0,0.8317170564271695,0.1606595231295557,0.2675221392112641,0.9999999999627976,0.29910714284601536,0.691220238069523,0.9308583058439612,0.312571723323558,0.31172952683102406
-0.09999999999999998,-0.5,4514.66845703125,60.45580291748047,3.5787696071974167,0.0,0.9,0.44642857142857145,0.5701863354037268,0.0,0.7674731182279924,0.2313985430063879,0.2960058992093803,0.9999999999627976,0.2994791666555253,0.777157738066326,0.8297515299860491,0.2411754931692806,0.22264596286446503
0.0,-0.5,4499.40283203125,60.25889587402344,3.2217254051067172,0.0,0.9,0.5197172619047619,0.5054495912806539,0.0,0.7188226180698045,0.2995626324829361,0.2989602535837296,0.9999999999627976,0.2730654761803175,0.8005952380654541,0.7516867042618993,0.18256985995608932,0.16481944516809316
0.10000000000000009,-0.5,4517.49658203125,60.52304458618164,3.1220071695562503,0.0,0.9,0.49888392857142855,0.4985754985754986,0.0,0.7386785448597862,0.28195550459140606,0.28650881877751666,0.9999999999627976,0.2611607142759985,0.789062499970645,0.7682201139089229,0.1791844905826515,0.1791844905826515
0.20000000000000018,-0.5,4569.91162109375,61.242103576660156,2.867872180241217,0.0,0.9,0.48995535714285715,0.39603960396039606,0.0,0.7775346461869048,0.270549807445939,0.3092632390514699,0.9999999999627976,0.18787202380253454,0.8124999999697731,0.7580475583219719,0.16443794555919117,0.1466474294786369
0.30000000000000004,-0.5,4655.95361328125,62.399898529052734,3.1006035163261356,0.0,0.9,0.36681547619047616,0.8719211822660099,0.0,0.9847238542312148,0.1672839842800365,0.30715718832157185,0.9999999999627976,0.07552083333052378,0.7998511904464342,0.8091264672297008,0.18756971948589027,0.18756971948589027
0.40000000000000013,-0.5,4774.416015625,63.971954345703125,3.82894804020168,0.0,0.9,0.21577380952380953,0.18670886075949367,0.0,0.8780834914194459,0.11543147241057895,0.057255434782608694,0.9999999999627976,0.11755952380515032,0.7403273809248391,1.0576055288258202,0.3644849289419643,0.3644849289419643
0.5,-0.5,4922.6748046875,65.9278564453125,4.726679523885176,0.0,0.9,0.09151785714285714,0.06583072100313479,0.0,0.7559377559068003,0.04049112156525976,0.06668728097299526,0.9999999999627976,0.23735119046736047,0.7228422618778705,1.2829344948802577,0.5521874790320898,0.5521874790320898
0.6000000000000001,-0.5,5098.64208984375,68.23373413085938,5.930452798165525,0.0,0.9,0.06287202380952381,0.038901601830663615,0.0,0.6665343389969618,0.021217771722878483,0.03930507767698884,0.9999999999627976,0.3251488095117132,0.6711309523559847,1.4105943173531343,0.6259676906216043,0.6259676906216043
0.7000000000000002,-0.5,5299.65478515625,70.85457611083984,7.300789179903139,0.0,0.9,0.05915178571428571,0.02178217821782178,0.0,0.6093317516564124,0.018615219136113095,0.03775853154084798,0.9999999999627976,0.3757440476050691,0.5665922618836834,1.4916457973257002,0.6651720698422403,0.6651720698422403
0.8,-0.5,5522.58642578125,73.75601959228516,8.836279575562452,0.0,0.9,0.052455357142857144,0.03310696095076401,0.0,0.5528072241636118,0.01505953363228689,0.04318314574324634,0.9999999999627976,0.43824404760274394,0.4921874999816895,1.5703625259417373,0.7216192964382854,0.7216192964382854
0.9000000000000001,-0.5,5765.0458984375,76.90555572509766,10.754195664549801,0.0,0.9,0.05319940476190476,0.03777777777777778,0.0,0.48958742630689245,0.013817939894841149,0.025194732845023132,0.9999999999627976,0.5022321428384586,0.4531249999831427,1.6282630155080051,0.7232602209889735,0.7232602209889735
1.0,-0.5,6025.11083984375,80.2733383178711,13.237422502879998,0.0,0.9,0.04538690476190476,0.027758970886932972,0.0,0.440374123131708,0.011095780611841867,0.012308653623391544,0.9999999999627976,0.5494791666462248,0.4468005952214732,1.680278534238872,0.6804313566430857,0.6804313566430857
-1.0,-0.3999999999999999,5872.32177734375,78.16881561279297,inf,0.0,0.9,0.17857142857142858,0.15853658536585366,0.0,0.3437499999844316,0.0753779506582193,0.07418182201412128,0.9999999999627976,0.6406249999761673,0.5982142856920307,1.4795786265346373,0.5834287757819167,0.5833140798379831
-0.9,-0.3999999999999999,5609.48291015625,74.75463104248047,14.908131109800092,0.0,0.9,0.1793154761904762,0.19406674907292953,0.0,0.4088848594556263,0.07462703303901504,0.08438428175696733,0.9999999999627976,0.6019345237871304,0.5822172618831021,1.4425342617439634,0.5852046343409644,0.5852046343409644
-0.8,-0.3999999999999999,5363.90966796875,71.56110382080078,11.021056648535012,0.0,0.9,0.21614583333333334,0.22369389256806477,0.0,0.49928808730425783,0.09071029142992476,0.11960533412588302,0.9999999999627976,0.5055803571240484,0.5963541666444809,1.3147580487137787,0.5772358279003006,0.5772358279003006
-0.7,-0.3999999999999999,5137.98291015625,68.61982727050781,8.663823924553558,0.0,0.9,0.18824404761904762,0.2560083594566353,0.0,0.6736938588142213,0.09056102344395398,0.10931795146811564,0.9999999999627976,0.3560267857010407,0.5494791666462248,1.2595913223101132,0.5466340039888355,0.5466340039888355
-0.6,-0.3999999999999999,4934.404296875,65.96548461914062,6.994569580136395,0.0,0.9,0.22991071428571427,0.34096692111959287,0.0,0.74975845407006,0.1106774400227765,0.121645525902362,0.9999999999627976,0.29241071427483595,0.523065476171017,1.2029068174230275,0.49415003677984837,0.49415003677984837
-0.5,-0.3999999999999999,4756.40380859375,63.63500213623047,5.77516428957508,0.0,0.9,0.24776785714285715,0.843520782396088,0.0,0.968348170080695,0.12068916669413204,0.20787700905668238,0.9999999999627976,0.15215773808957747,0.5305059523612163,1.0637155259703543,0.4287598812979219,0.4287598812979219
-0.3999999999999999,-0.3999999999999999,4607.43994140625,61.66616439819336,4.676451149659805,0.0,0.9,0.31212797619047616,0.9096573208722741,0.0,0.9686316927545359,0.13396919433606364,0.36619536194598096,0.9999999999627976,0.23883928570540033,0.6294642856908682,0.9124763196967214,0.325066283458074,0.325066283458074
-0.29999999999999993,-0.3999999999999999,4488.79248046875,60.09560012817383,4.1814016117719985,0.0,0.9,0.37313988095238093,0.7035175879396985,0.0,0.859940652767956,0.15812188469357594,0.23894900043044037,0.9999999999627976,0.29613095236993564,0.6986607142597225,0.9015884096883536,0.28555482333547555,0.27062600899010414
-0.19999999999999996,-0.3999999999999999,4402.19873046875,58.956085205078125,3.4772290022120274,0.0,0.9,0.4720982142857143,0.715527950310559,0.0,0.8386187455363905,0.24259125862153147,0.31932685832241187,0.9999999999627976,0.2994791666555253,0.764880952352497,0.7892406999024204,0.19266960043282771,0.18350247914061385
-0.09999999999999998,-0.3999999999999999,4350.82958984375,58.27368927001953,2.8689372556361725,0.0,0.9,0.5364583333333334,0.6618985695708712,0.0,0.7913322631788657,0.3155940655610748,0.32472802329949507,0.9999999999627976,0.28608630951316644,0.8076636904461435,0.715016538193591,0.14384644351139822,0.1387611627768548
0.0,-0.3999999999999999,4334.61865234375,58.064998626708984,2.5533394213463683,0.0,0.9,0.5744047619047619,0.5804953560371517,0.0,0.7631118880451825,0.352176716105969,0.5897359484316006,0.9999999999627976,0.24032738094344022,0.8604910713965591,0.6417714029546574,0.1137156654333028,0.1001664894732768
0.10000000000000009,-0.3999999999999999,4353.48681640625,58.335262298583984,2.438991191710818,0.0,0.9,0.6257440476190477,0.524024024024024,0.0,0.6848906559955378,0.4019592166843175,0.2990611631137051,0.9999999999627976,0.2477678571336396,0.8593749999680292,0.605668271163778,0.17954674190058523,0.05551302140890566
0.20000000000000018,-0.3999999999999999,4408.04443359375,59.077693939208984,2.535952658518975,0.0,0.9,0.5710565476190477,0.529891304347826,0.0,0.849956634791851,0.3558925199912535,0.28130071031669013,0.9999999999627976,0.13690476189966874,0.825520833302622,0.6607382078621797,0.1388095125690111,0.035295649017333924
0.30000000000000004,-0.3999999999999999,4497.24658203125,60.27433776855469,2.715009416065003,0.0,0.9,0.4583333333333333,0.9019607843137255,0.0,0.9931318680636585,0.2794068455775778,0.42796092796092794,0.9999999999627976,0.03794642857001688,0.7901785713991749,0.7413317059162099,0.06865749538783335,0.04817777047961818
0.40000000000000013,-0.3999999999999999,4619.427734375,61.89809799194336,3.3303397530780194,0.0,0.9,0.30580357142857145,0.16872427983539096,0.0,0.8917470524709674,0.18888209805179249,0.18878091257401602,0.9999999999627976,0.09040178571092256,0.754092261876708,0.9742443326375806,0.28226903383203045,0.2248893015346219
0.5,-0.3999999999999999,4772.1279296875,63.9155387878418,4.285362829495546,0.0,0.9,0.1558779761904762,0.045112781954887216,0.0,0.7761128249988491,0.08985205507517087,0.0546140707315613,0.9999999999627976,0.1979166666593037,0.6960565475931527,1.1914107120825044,0.4269685813289602,0.4269685813289602
0.6000000000000001,-0.3999999999999999,4952.82470703125,66.28975677490234,5.390258129092409,0.0,0.9,0.06956845238095238,0.020123839009287926,0.0,0.7469012394743343,0.03826490622397241,0.030897817460317455,0.9999999999627976,0.24032738094344022,0.6737351190225546,1.3441712685497262,0.5766907581872365,0.5766907581872365
0.7000000000000002,-0.3999999999999999,5158.86083984375,68.98297119140625,6.6763657342804565,0.0,0.9,0.056919642857142856,0.004767580452920143,0.0,0.670611439815755,0.026733159070117883,0.00029976019184652276,0.9999999999627976,0.3121279761788643,0.5863095237877117,1.460667824259279,0.640476925464655,0.640476925464655
0.8,-0.3999999999999999,5387.57958984375,71.95848846435547,8.099405189939132,0.0,0.9,0.04575892857142857,0.0009551098376313276,0.0,0.5922027290217465,0.02019880531359131,7.03037120359955e-05,0.9999999999627976,0.3895089285569379,0.5208333333139571,1.5451184525883461,0.6837315308629527,0.6837315308629527
0.9000000000000001,-0.3999999999999999,5635.72900390625,75.18199920654297,10.055710848072195,0.0,0.9,0.03422619047619048,0.008361204013377926,0.0,0.5431432973596633,0.011216369259358913,0.008437782294489611,0.9999999999627976,0.44494047617392335,0.41406249998459593,1.6159809300317758,0.7306795175294795,0.7306795175294795
1.0,-0.3999999999999999,5901.08154296875,78.62232971191406,12.929234882633379,0.0,0.9,0.03273809523809524,0.0022900763358778627,0.0,0.49730769228856514,0.010657819752274884,0.00015849535080304311,0.9999999999627976,0.48735119045805986,0.376488095224089,1.6723452894418724,0.7254024908006107,0.7254024908006107
-1.0,-0.29999999999999993,5774.88427734375,76.89440155029297,15.64603590646004,0.0,0.9,0.21279761904761904,0.23756544502617802,0.0,0.4494328922282877,0.08633476069892293,0.10251543533201694,0.9999999999627976,0.5684523809312332,0.6514136904519564,1.3635758176317012,0.5290432735612292,0.5290432735612292
-0.9,-0.29999999999999993,5507.26708984375,73.41626739501953,11.89369132979384,0.0,0.9,0.28311011904761907,0.30241051862673485,0.0,0.5044110015306481,0.11981092178686717,0.13721502130610358,0.9999999999627976,0.5093005952191481,0.6380208333095975,1.2325166102218517,0.48134830256293015,0.48134830256293015
-0.8,-0.29999999999999993,5256.68310546875,70.15685272216797,8.935371400357619,0.0,0.9,0.32180059523809523,0.392049883086516,0.0,0.5721338452785445,0.13659687646629168,0.17245041856712873,0.9999999999627976,0.4773065476012907,0.6569940475946059,1.0956013133198796,0.4811570865905313,0.4811570865905313
-0.7,-0.29999999999999993,5025.54736328125,67.14885711669922,6.970193017530947,0.0,0.9,0.3794642857142857,0.4030937215650591,0.0,0.6067146282609883,0.15003684872468903,0.18376985897358078,0.9999999999627976,0.40885416665145635,0.6268601190242984,1.0242922656041629,0.3918378728888604,0.39109247762578897
-0.6,-0.29999999999999993,4817.43505859375,64.42851257324219,5.204705963912397,0.0,0.9,0.4107142857142857,0.4936708860759494,0.0,0.7727272726784894,0.1748627408321557,0.2054421279381318,0.9999999999627976,0.2645089285615882,0.6320684523574379,0.9157953530588397,0.31122618694299753,0.31122618694299753
-0.5,-0.29999999999999993,4635.10205078125,62.034751892089844,4.387550843101046,0.0,0.9,0.3828125,0.8641975308641975,0.0,0.9535864978328157,0.15511276821536923,0.25794720810017446,0.9999999999627976,0.21093749999215264,0.6417410714046972,0.8618407115854598,0.2671514442620988,0.2671514442620988
-0.3999999999999999,-0.29999999999999993,4482.076171875,60.007850646972656,3.577398433569104,0.0,0.9,0.4680059523809524,0.9341142020497804,0.0,0.968531468463739,0.18882715309352996,0.44844980961942166,0.9999999999627976,0.2540922618953091,0.7109374999735515,0.7263647983264947,0.17352707571714096,0.17352707571714096
-0.29999999999999993,-0.29999999999999993,4360.36181640625,58.387176513671875,3.129980295539987,0.0,0.9,0.48288690476190477,0.8956127080181543,0.0,0.9503597121618446,0.2208252155444907,0.3198143275368441,0.9999999999627976,0.24590773808608976,0.7630208333049472,0.7192535178817142,0.17647164134441326,0.17647164134441326
-0.19999999999999996,-0.29999999999999993,4271.66162109375,57.20834732055664,2.8868578802356493,0.0,0.9,0.46837797619047616,0.7837398373983739,0.0,0.906927921560047,0.24408781441371885,0.2755238317968126,0.9999999999627976,0.22879464284863116,0.789062499970645,0.7401299128957214,0.17392375297548227,0.17392375297548227
-0.09999999999999998,-0.29999999999999993,4218.0830078125,56.4998893737793,2.3783483136406876,0.0,0.9,0.546875,0.7664670658682635,0.0,0.8719211821944235,0.31636807545383666,0.3782443996802091,0.9999999999627976,0.24851190475265955,0.8430059523495906,0.6443295012629879,0.1284184192529143,0.1284184192529143
0.0,-0.29999999999999993,4201.27099609375,56.28012466430664,2.240624538831563,0.0,0.9,0.5308779761904762,0.6748878923766816,0.0,0.8850118952509903,0.318667919149758,0.2924042463637839,0.9999999999627976,0.16592261904144634,0.8638392856821488,0.6518770653284981,0.11255216343454905,0.10643240054837422
0.10000000000000009,-0.29999999999999993,4221.30322265625,56.554908752441406,2.015445315580487,0.0,0.9,0.6015625,0.6333333333333333,0.0,0.9075630251253441,0.3986980980481707,0.336978021978022,0.9999999999627976,0.10044642856769173,0.8909970237763767,0.5819233840691352,0.08882576405909948,0.026733584881782634
0.20000000000000018,-0.29999999999999993,4276.83935546875,57.31691360473633,2.1782545509019,0.0,0.9,0.5602678571428571,0.7747747747747747,0.0,0.9788494077006049,0.3665543999954228,0.27713675213675215,0.9999999999627976,0.0412946428556066,0.8612351190155791,0.6429813320367058,0.0834441355113414,-0.016754892417844315
0.30000000000000004,-0.29999999999999993,4368.755859375,58.546539306640625,2.460351526555866,0.0,0.9,0.49888392857142855,0.9787234042553191,0.0,0.9992576094284144,0.3487551680686375,0.48936170212765956,0.9999999999627976,0.01748511904696856,0.8973214285380461,0.6925915663176723,0.06413620425202826,-0.017763233478342966
0.40000000000000013,-0.29999999999999993,4494.21826171875,60.21430206298828,3.062191144146374,0.0,0.9,0.30766369047619047,0.13609467455621302,0.0,0.9215475550283961,0.2040474709340156,0.0737836561171469,0.9999999999627976,0.06287202380718482,0.7726934523522064,0.9387750549805552,0.20889824854769792,0.20341165490871072
0.5,-0.29999999999999993,4650.70166015625,62.28400802612305,3.8289217063020176,0.0,0.9,0.18861607142857142,0.008438818565400843,0.0,0.7845025217430307,0.15985377264663325,0.013468013468013467,0.9999999999627976,0.17633928570772547,0.7440476190199388,1.144453257365045,0.37984340005861295,0.37678155250909806
0.6000000000000001,-0.29999999999999993,4835.55322265625,64.71605682373047,4.743964416698257,0.0,0.9,0.1052827380952381,0.007797270955165692,0.0,0.7883575883248085,0.09497729745444211,0.007740123124738509,0.9999999999627976,0.1908482142786143,0.6867559523554034,1.2895203317871868,0.5067492421446358,0.5067492421446358
0.7000000000000002,-0.29999999999999993,5046.15625,67.4702377319336,6.031796191250036,0.0,0.9,0.057291666666666664,0.0035149384885764497,0.0,0.7762430938920188,0.041620482075880975,0.0023395931142410013,0.9999999999627976,0.21168154761117258,0.595238095215951,1.4061508803903402,0.5978481176690384,0.5978481176690384
0.8,-0.29999999999999993,5278.341796875,70.50785064697266,7.749110737016015,0.0,0.9,0.03571428571428571,0.001314060446780552,0.0,0.7067901234295221,0.02122783851335715,8.778089887640449e-05,0.9999999999627976,0.2831101190370867,0.5119047618857179,1.5369237229661483,0.6818840068777279,0.6818840068777279
0.9000000000000001,-0.29999999999999993,5531.1171875,73.7930679321289,9.844711348390742,0.0,0.9,0.031994047619047616,0.0018214936247723133,0.0,0.5787855495550044,0.016737574867586955,0.00014019346698443852,0.9999999999627976,0.4084821428419464,0.3441220237967217,1.6272853703635903,0.7436064787750443,0.7436064787750443
1.0,-0.29999999999999993,5800.62255859375,77.29359436035156,13.08451853770276,0.0,0.9,0.033482142857142856,0.0050323508267433505,0.0,0.4672825250012594,0.00986782264010034,0.004204816878980892,0.9999999999627976,0.5174851190283674,0.25297619046677916,1.6923182257501417,0.750441422069144,0.750441422069144
-1.0,-0.19999999999999996,5703.4013671875,75.96306610107422,14.046028319476154,0.0,0.9,0.25632440476190477,0.26852976913730253,0.0,0.3976988494048174,0.08630903289861977,0.09385410373712866,0.9999999999627976,0.6123511904534096,0.6045386904537002,1.318297454307006,0.5170407943981026,0.5170407943981026
-0.9,-0.19999999999999996,5432.271484375,72.4358139038086,10.44782795007946,0.0,0.9,0.32700892857142855,0.3694083694083694,0.0,0.5168601436972438,0.12872234662810197,0.1605287101670025,0.9999999999627976,0.5156249999808176,0.6294642856908682,1.1627637531731683,0.48554915789869135,0.48554915789869135
-0.8,-0.19999999999999996,5178.02294921875,69.1255111694336,7.671364062073098,0.0,0.9,0.33407738095238093,0.4644688644688645,0.0,0.5916201116987921,0.1284947373698303,0.2011201781705346,0.9999999999627976,0.5078124999811082,0.643229166642737,1.0777665550122566,0.4799476550523411,0.4799476550523411
-0.7,-0.19999999999999996,4943.4267578125,66.06568145751953,5.673770209836099,0.0,0.9,0.4259672619047619,0.5428321678321678,0.0,0.6610499027439372,0.17855853326991902,0.20652507685584442,0.9999999999627976,0.42559523807940497,0.6733630952130446,0.9231405014832307,0.34064391538728955,0.34064391538728955
-0.6,-0.19999999999999996,4731.7548828125,63.29368209838867,4.392867310600609,0.0,0.9,0.42336309523809523,0.7513661202185792,0.0,0.8825806451043496,0.16296893250215644,0.2905888249223763,0.9999999999627976,0.2723214285612976,0.6770833333081443,0.8476341782504779,0.29278524534037975,0.29278524534037975
-0.5,-0.19999999999999996,4545.93896484375,60.85002136230469,3.675328734139348,0.0,0.9,0.3913690476190476,0.73582295988935,0.0,0.8832518336868428,0.15005613080838345,0.20439086855656352,0.9999999999627976,0.26897321427570786,0.6729910714035346,0.8518776285990123,0.3006315024341814,0.3006315024341814
-0.3999999999999999,-0.19999999999999996,4389.60009765625,58.77693176269531,2.9939987644934987,0.0,0.9,0.48735119047619047,0.8834437086092716,0.0,0.9361393322978128,0.24745227612739928,0.38047121877868684,0.9999999999627976,0.28087797618002686,0.7581845237813176,0.6972659069753373,0.1838186461361265,0.1838186461361265
-0.29999999999999993,-0.19999999999999996,4264.9794921875,57.11601638793945,2.6714053033620484,0.0,0.9,0.48660714285714285,0.8593350383631714,0.0,0.9202898550057761,0.23904590372649437,0.36603662433777195,0.9999999999627976,0.29092261903679606,0.7961309523513345,0.6705544587962433,0.16770005114012873,0.16758031784599167
-0.19999999999999996,-0.19999999999999996,4174.2861328125,55.905208587646484,2.1607112265412693,0.0,0.9,0.5688244047619048,0.9243466299862448,0.0,0.9525452975882186,0.3632250020924217,0.4172141916092145,0.9999999999627976,0.27046130951374775,0.8701636904438184,0.5714907436127622,0.0890479668396831,0.0890479668396831
-0.09999999999999998,-0.19999999999999996,4118.87646484375,55.175086975097656,1.9683607656297777,0.0,0.9,0.6856398809523809,0.9538690476190477,0.0,0.963313609353454,0.5085532675875446,0.5721215113414105,0.9999999999627976,0.2499999999906994,0.9415922618697324,0.43720401741039083,0.04041818309710953,-0.007308915896766055
0.0,-0.19999999999999996,4101.7958984375,54.94542694091797,1.7555497928101054,0.0,0.9,0.6763392857142857,0.9138888888888889,0.0,0.9643678159811072,0.5086984905646397,0.44411736372499894,0.9999999999627976,0.13392857142358897,0.9293154761559035,0.46374135115841875,0.06001689583821703,-0.052143141660803395
0.10000000000000009,-0.19999999999999996,4122.14111328125,55.22267150878906,1.933538497567263,0.0,0.9,0.6231398809523809,0.8247422680412371,0.0,0.9832181637726339,0.4547981913838727,0.3860297934184574,0.9999999999627976,0.03608630952246703,0.8731398809198981,0.5378149319725704,0.06145865021099559,-0.03243127904358797
0.20000000000000018,-0.19999999999999996,4178.9306640625,55.99905014038086,2.1253892955811087,0.0,0.9,0.5654761904761905,0.8428571428571429,0.0,0.9905821916960117,0.3949535473131506,0.1721551724137931,0.9999999999627976,0.026041666665697856,0.8549107142539096,0.6089269587247376,0.06847562707140453,-0.05615167143951169
0.30000000000000004,-0.19999999999999996,4273.22900390625,57.25362777709961,2.4045700827749013,0.0,0.9,0.48139880952380953,0.975,0.0,0.9992826398135378,0.36149485169917045,0.5,0.9999999999627976,0.014880952380398774,0.8854166666337271,0.7033404365343415,0.04213945847663081,0.00033516464926478353
0.40000000000000013,-0.19999999999999996,4401.18603515625,58.9549674987793,2.9769159938686856,0.0,0.9,0.28794642857142855,0.23030303030303031,0.0,0.9336468129083779,0.2228871855405602,0.0775762122348769,0.9999999999627976,0.061383928569144944,0.802083333303494,0.9337380449578847,0.22896569483145815,0.22825772837656688
0.5,-0.19999999999999996,4560.24755859375,61.06466293334961,3.5792713080062457,0.0,0.9,0.18043154761904762,0.09722222222222222,0.0,0.8819791193426247,0.15624415113810092,0.051307189542483665,0.9999999999627976,0.10714285713887117,0.7559523809242578,1.1166446315806042,0.39868968246272557,0.3977477499161312
0.6000000000000001,-0.19999999999999996,4748.18798828125,63.54090881347656,4.601334787948133,0.0,0.9,0.14397321428571427,0.033112582781456956,0.0,0.8096479791043178,0.12312095123798794,0.017480194224380272,0.9999999999627976,0.16852678570801613,0.6510416666424464,1.2523043676059384,0.4674953160703571,0.4674953160703571
0.7000000000000002,-0.19999999999999996,4961.82177734375,66.3415756225586,5.750948835485761,0.0,0.9,0.0978422619047619,0.006160164271047228,0.0,0.8004123711010139,0.08666608879312412,0.004211901630607631,0.9999999999627976,0.1811755952313551,0.559523809502994,1.3585026098477897,0.5402369887574957,0.5402369887574957
0.8,-0.19999999999999996,5197.697265625,69.42640686035156,7.202917649512503,0.0,0.9,0.03459821428571429,0.003367003367003367,0.0,0.7718689787756505,0.018055926144614633,0.002797202797202797,0.9999999999627976,0.22098214284892181,0.40959821427047627,1.477469871373119,0.6362652199877608,0.6362652199877608
0.9000000000000001,-0.19999999999999996,5453.44970703125,72.75836181640625,9.489063808009726,0.0,0.9,0.029017857142857144,0.03436807095343681,0.0,0.6662835248786865,0.013974568809507239,0.04084110063068594,0.9999999999627976,0.3355654761779924,0.25892857141893866,1.5968429256909782,0.7271814424267518,0.7271814424267518
1.0,-0.19999999999999996,5725.9130859375,76.3043441772461,12.723030105452164,0.0,0.9,0.03125,0.041121495327102804,0.0,0.4089861750995013,0.008581084230525282,0.021120030581039756,0.9999999999627976,0.5970982142635008,0.16703869046997624,1.7259773041672013,0.7962347067837026,0.7962347067837026
-1.0,-0.09999999999999998,5659.18310546875,75.3877944946289,12.660046501897583,0.0,0.9,0.2883184523809524,0.3462603878116344,0.0,0.5065342393880536,0.08828228884611308,0.10371173743271576,0.9999999999627976,0.5372023809323958,0.6227678571196887,1.2116784346706022,0.5480813075658738,0.5480813075658738
-0.9,-0.09999999999999998,5385.12939453125,71.82827758789062,9.699724651130271,0.0,0.9,0.3523065476190476,0.38599348534201955,0.0,0.5669155657342381,0.12829988401237383,0.1302269144210834,0.9999999999627976,0.4568452380782424,0.6145833333104694,1.105612720617686,0.46489738632637634,0.46489738632637634
-0.8,-0.09999999999999998,5128.80126953125,68.484375,7.402647534410752,0.0,0.9,0.38578869047619047,0.4518167456556082,0.0,0.579648697723825,0.14734510032395065,0.2067630875389496,0.9999999999627976,0.4709821428396212,0.6551339285470561,1.00331445026424,0.41394815292682996,0.41394815292682996
-0.7,-0.09999999999999998,4892.0078125,65.39006805419922,5.554104053806349,0.0,0.9,0.3835565476190476,0.5456238361266295,0.0,0.7054918527033499,0.14956831026196055,0.15390542207733374,0.9999999999627976,0.3995535714137071,0.6703869047369648,0.941730410220417,0.37582480048494127,0.37582480048494127
-0.6,-0.09999999999999998,4678.31298828125,62.58347702026367,4.202623442452817,0.0,0.9,0.4479166666666667,0.6297405189620758,0.0,0.7499999999494609,0.20921163697603556,0.1741138197749592,0.9999999999627976,0.3727678571289893,0.7105654761640415,0.8340748267926603,0.28467722094215286,0.28467722094215286
-0.5,-0.09999999999999998,4490.7158203125,60.10610580444336,3.4317257379385966,0.0,0.9,0.44568452380952384,0.711943793911007,0.0,0.8348993288030269,0.19140100690147296,0.23068067164855932,0.9999999999627976,0.3177083333215138,0.7366071428297394,0.8071209920616328,0.27224432157840583,0.27224432157840583
-0.3999999999999999,-0.09999999999999998,4332.0576171875,58.00146484375,2.920874432580224,0.0,0.9,0.44308035714285715,0.7762962962962963,0.0,0.8991315964663238,0.20154820144786043,0.23044830813569422,0.9999999999627976,0.2511160714192293,0.7868303571135852,0.7601925746734953,0.22687248093379292,0.22687248093379292
-0.29999999999999993,-0.09999999999999998,4205.34130859375,56.31268310546875,2.1970500042239283,0.0,0.9,0.5427827380952381,0.8666666666666667,0.0,0.931651749313942,0.34108742771914347,0.3439576137853774,0.9999999999627976,0.2343749999912807,0.8924851190144165,0.5871725767490278,0.09262794273349532,0.09262794273349532
-0.19999999999999996,-0.09999999999999998,4112.61474609375,55.079254150390625,2.0280597431283343,0.0,0.9,0.6703869047619048,0.8578125,0.0,0.8972911962869875,0.4942496443255989,0.35517447277111647,0.9999999999627976,0.2380952380863804,0.8761160713959779,0.5071395245630447,0.08755772195552405,-0.009277094036453423
-0.09999999999999998,-0.09999999999999998,4056.41357421875,54.33320236206055,1.7892834416430343,0.0,0.9,0.7258184523809523,0.9422442244224423,0.0,0.9525101762615319,0.5684499872198245,0.6237922788859558,0.9999999999627976,0.22544642856304145,0.9118303571089349,0.41738065992870055,0.06039198140978404,-0.06039198140978404
0.0,-0.09999999999999998,4038.806396484375,54.0953483581543,1.5265937638265754,0.0,0.9,0.8080357142857143,0.949238578680203,0.0,0.9418604649337481,0.6816445766952888,0.5936502759109294,0.9999999999627976,0.2198660714203919,0.9449404761553222,0.2989858116542095,0.09163338230717383,-0.09163338230717383
0.10000000000000009,-0.09999999999999998,4060.15283203125,54.372581481933594,1.751385792467796,0.0,0.9,0.7689732142857143,0.9875,0.0,0.9951690819653513,0.6319897668445207,0.9236111111111112,0.9999999999627976,0.08928571428239265,0.9408482142507125,0.3364057973218343,0.12978659460809785,-0.1295726258735696
0.20000000000000018,-0.09999999999999998,4118.02978515625,55.15687561035156,1.926045640265135,0.0,0.9,0.6934523809523809,0.8524590163934426,0.0,0.9890776697828789,0.526451492251028,0.31290684624017956,0.9999999999627976,0.022693452380108132,0.8846726190147072,0.48374722642421825,0.13078882300745928,-0.1269680335428708
0.30000000000000004,-0.09999999999999998,4212.7822265625,56.42644119262695,2.2671177900921835,0.0,0.9,0.5093005952380952,0.9193548387096774,0.0,0.9962092493558597,0.37689254092457536,0.3202614379084967,0.9999999999627976,0.0230654761896181,0.8616071428250891,0.678533396786248,0.0693280313301351,-0.0069382781563161215
0.40000000000000013,-0.09999999999999998,4341.74951171875,58.148536682128906,2.776604821769439,0.0,0.9,0.33035714285714285,0.6891891891891891,0.0,0.9872222221673765,0.29655979623617773,0.2559676044330776,0.9999999999627976,0.027529761903737734,0.8973214285380461,0.8613104202134281,0.19476003655320395,0.19273514235890818
0.5,-0.09999999999999998,4502.61962890625,60.28324508666992,3.6346639194687858,0.0,0.9,0.20833333333333334,0.19902912621359223,0.0,0.9224624059716888,0.16377510524968517,0.08836206896551724,0.9999999999627976,0.07663690475905369,0.765252976162007,1.1078214320116537,0.38158567919486935,0.38158567919486935
0.6000000000000001,-0.09999999999999998,4692.4052734375,62.787315368652344,4.528224474479613,0.0,0.9,0.16071428571428573,0.08421052631578947,0.0,0.8071808510280506,0.12995872012409124,0.02871683856665591,0.9999999999627976,0.17671130951723546,0.6179315475960592,1.2390214004427216,0.48131291135516846,0.48131291135516846
0.7000000000000002,-0.09999999999999998,4908.01318359375,65.6173324584961,5.593535682439242,0.0,0.9,0.12834821428571427,0.02895752895752896,0.0,0.7853179683830424,0.09737891112916708,0.008431791520026814,0.9999999999627976,0.19270833332616413,0.5457589285511251,1.321781620117718,0.5230970095859133,0.5230970095859133
0.8,-0.09999999999999998,5146.13037109375,68.73199462890625,6.928979732273733,0.0,0.9,0.041294642857142856,0.048027444253859346,0.0,0.7846332944980741,0.021975534457593128,0.050130718954248366,0.9999999999627976,0.21688988094431214,0.39806547617566723,1.4192949306576261,0.6126866452738602,0.6126866452738602
0.9000000000000001,-0.09999999999999998,5403.2431640625,72.09351348876953,9.19706587645253,0.0,0.9,0.031994047619047616,0.05897435897435897,0.0,0.5768639507849015,0.010199161471696982,0.017769838960111507,0.9999999999627976,0.43526785712666416,0.25223214284775924,1.6030429987357677,0.7389053618283097,0.7389053618283097
1.0,-0.09999999999999998,5677.58984375,75.66820526123047,12.652902709262642,0.0,0.9,0.035342261904761904,0.047619047619047616,0.0,0.35981488621828717,0.009005902758811359,0.016009367363562312,0.9999999999627976,0.6484374999758766,0.19531249999273392,1.7475599186470185,0.8002246630479529,0.8002246630479529
-1.0,0.0,5642.4111328125,75.17695617675781,12.329848328252558,0.0,0.9,0.31138392857142855,0.3984034833091437,0.0,0.5521339816017216,0.08455029372597721,0.14093563232317835,0.9999999999627976,0.5126488095047378,0.5561755952174042,1.1771313978510747,0.5380719197410015,0.5380719197410015
-0.9,0.0,5367.18408203125,71.6033935546875,9.638187862336357,0.0,0.9,0.32961309523809523,0.40794223826714804,0.0,0.6359600443598246,0.09858903296201402,0.13535265139663216,0.9999999999627976,0.4122023809370461,0.5643601190266235,1.077899205249601,0.46615897201185685,0.46615897201185685
-0.8,0.0,5109.724609375,68.24470520019531,7.632839037114979,0.0,0.9,0.375,0.34804753820033957,0.0,0.5428571428248299,0.16043826402116934,0.1322290077120134,0.9999999999627976,0.43824404760274394,0.5904017856923214,1.0328699854733616,0.4169014414924793,0.4169014414924793
-0.7,0.0,4872.25,65.13506317138672,6.132089441322232,0.0,0.9,0.39360119047619047,0.4403948367501898,0.0,0.5478527607025857,0.19076448541613075,0.16762065572919738,0.9999999999627976,0.4899553571246297,0.6711309523559847,0.9834635370883407,0.3947684188636914,0.3947684188636914
-0.6,0.0,4657.529296875,62.312835693359375,4.7720678590504875,0.0,0.9,0.40476190476190477,0.45260156806842483,0.0,0.5199999999675,0.2099902643810203,0.14945877568688032,0.9999999999627976,0.5219494047424871,0.6949404761646227,0.9581961205146035,0.3749401156112414,0.374630416204385
-0.5,0.0,4469.32080078125,59.81993103027344,3.7219974054545513,0.0,0.9,0.42373511904761907,0.6094552929085303,0.0,0.7546804389441781,0.1939102286502323,0.20264044530679687,0.9999999999627976,0.3619791666532002,0.7072172618784518,0.9018953949777921,0.341904570613383,0.304705540157249
-0.3999999999999999,0.0,4309.8857421875,57.70037841796875,2.764941399099143,0.0,0.9,0.47953869047619047,0.796398891966759,0.0,0.8949249463263098,0.25239275406625994,0.27190233780024153,0.9999999999627976,0.2686011904661979,0.8337053571118413,0.7151132476273223,0.18251099711124824,0.17890579216922003
-0.29999999999999993,0.0,4182.30029296875,55.99793243408203,2.2275441292677622,0.0,0.9,0.5993303571428571,0.8794212218649518,0.0,0.9303621169052588,0.4086643953004093,0.4462950912865851,0.9999999999627976,0.23139880951520095,0.9114583332994249,0.5508197449248822,0.1085003055506785,0.035008320896383976
-0.19999999999999996,0.0,4089.137451171875,54.752769470214844,1.9136347540637617,0.0,0.9,0.7354910714285714,0.9217081850533808,0.0,0.9381153303884507,0.5768093794662168,0.37413981521124384,0.9999999999627976,0.2090773809446028,0.9248511904417839,0.410549151283773,0.08106683102526697,-0.05402480581479695
-0.09999999999999998,0.0,4032.862060546875,53.99755859375,1.9443980451678113,0.0,0.9,0.6975446428571429,0.8738574040219378,0.0,0.915129151178951,0.5323987194365642,0.5480495247622755,0.9999999999627976,0.20349702380195325,0.8980654761570661,0.44301964376272446,0.029551888666598337,0.014212420223211642
0.0,0.0,4014.66552734375,53.753631591796875,1.8547011456153617,0.0,0.9,0.7016369047619048,0.8952380952380953,0.0,0.903990024824939,0.5314311926376394,0.7498612415422532,0.9999999999627976,0.27343749998982747,0.8939732142524563,0.43707153380548025,0.02617078365395211,0.02241830535774761
0.10000000000000009,0.0,4035.250244140625,54.028133392333984,1.8128681579636845,0.0,0.9,0.7351190476190477,0.9259259259259259,0.0,0.9634831459320952,0.5791400891383509,0.7048255548094204,0.9999999999627976,0.13058035713799926,0.8954613094904963,0.3907839188144006,0.05243197650495358,-0.04451849803320383
0.20000000000000018,0.0,4093.890869140625,54.81304168701172,1.892324376425866,0.0,0.9,0.6819196428571429,0.9166666666666666,0.0,0.981286549592832,0.5253995826213819,0.3217476019184652,0.9999999999627976,0.07142857142591412,0.8813244047291174,0.4739143266792522,0.09491808868426001,-0.0844026683666552
0.30000000000000004,0.0,4188.8310546875,56.086246490478516,2.229664314728754,0.0,0.9,0.5152529761904762,0.9226519337016574,0.0,0.9892555640069642,0.3703916372122973,0.16705288175876412,0.9999999999627976,0.06733630952130445,0.8463541666351804,0.6559178824189579,0.03699776997024711,-0.0021875541550738175
0.40000000000000013,0.0,4317.88623046875,57.81452560424805,2.7758331062437875,0.0,0.9,0.3080357142857143,0.9175824175824175,0.0,0.9919354838176379,0.22653018106045208,0.210827664399093,0.9999999999627976,0.06770833333081443,0.7715773809236764,0.8680332557216968,0.223155925145888,0.223155925145888
0.5,0.0,4479.39990234375,59.95738983154297,3.6725402585644096,0.0,0.9,0.23735119047619047,0.44761904761904764,0.0,0.9434146341003213,0.16590949937933103,0.12139689578713969,0.9999999999627976,0.07812499999709357,0.6763392856891243,1.0678706379684186,0.3459157341826669,0.3459157341826669
0.6000000000000001,0.0,4669.75634765625,62.470977783203125,4.3841795589875145,0.0,0.9,0.22358630952380953,0.11926605504587157,0.0,0.8160038332143745,0.1488023696956823,0.045454545454545456,0.9999999999627976,0.16220238094634665,0.619791666643609,1.173315523468071,0.40825087856386566,0.40825087856386566
0.7000000000000002,0.0,4886.068359375,65.31132507324219,5.293355089027575,0.0,0.9,0.18452380952380953,0.06818181818181818,0.0,0.7755474452200937,0.09611282235275023,0.06838365568646856,0.9999999999627976,0.19642857142126383,0.4966517856958091,1.271177739279708,0.46307230898260887,0.4523006579143807
0.8,0.0,5124.39501953125,68.43672943115234,6.561942925042888,0.0,0.9,0.06287202380952381,0.08258258258258258,0.0,0.7574434299024437,0.034745143907640184,0.023504273504273508,0.9999999999627976,0.2477678571336396,0.37834821427163884,1.3883448861448717,0.5848296562710373,0.5848296562710373
0.9000000000000001,0.0,5381.74755859375,71.80902862548828,8.998811303011719,0.0,0.9,0.03794642857142857,0.05983545250560957,0.0,0.513921113669222,0.0099583707137997,0.017693280548778372,0.9999999999627976,0.49739583331482906,0.32849702379730294,1.6069668906639891,0.7476963092130724,0.7476963092130724
1.0,0.0,5656.54248046875,75.39431762695312,12.738428199047792,0.0,0.9,0.035342261904761904,0.04852686308492201,0.0,0.3648283840969985,0.00806049106358632,0.01584985811769475,0.9999999999627976,0.643973214261757,0.23028273808667105,1.7357020774949676,0.7891803795293414,0.7891803795293414
-1.0,0.10000000000000009,5653.634765625,75.33368682861328,12.583896561588169,0.0,0.9,0.30245535714285715,0.3249190938511327,0.0,0.4437333333096675,0.09443356431164109,0.15100539468438498,0.9999999999627976,0.5747767856929027,0.5446428571225952,1.2104681469954741,0.5473851981074751,0.5473851981074751
-0.9,0.10000000000000009,5378.80322265625,71.76484680175781,9.913398401181013,0.0,0.9,0.31882440476190477,0.34914463452566097,0.0,0.5428727471030653,0.11924356033125674,0.1313840775237834,0.9999999999627976,0.47842261902982064,0.5770089285499626,1.120964615181208,0.4989324150542821,0.4989324150542821
-0.8,0.10000000000000009,5121.06591796875,68.41083526611328,8.058039839041875,0.0,0.9,0.36049107142857145,0.3629690048939641,0.0,0.5456660849013574,0.15529201715186572,0.11873265789832416,0.9999999999627976,0.4561011904592224,0.6045386904537002,1.052741697215527,0.44074973119986444,0.44074973119986444
-0.7,0.10000000000000009,4884.0712890625,65.30570983886719,6.606307116174209,0.0,0.9,0.37276785714285715,0.42969307637401855,0.0,0.5260972716176692,0.1646870444932173,0.1648133222866319,0.9999999999627976,0.521205357123467,0.6343005952144978,1.0206126493082295,0.423610288702086,0.423610288702086
-0.6,0.10000000000000009,4670.22216796875,62.48762130737305,5.089385417900522,0.0,0.9,0.41108630952380953,0.4574468085106383,0.0,0.5489576752653849,0.22724080278001432,0.18302100426076923,0.9999999999627976,0.4895833333151197,0.7183779761637509,0.93091423648485,0.3514810490601693,0.3514810490601693
-0.5,0.10000000000000009,4482.0576171875,59.99824523925781,4.058816604941282,0.0,0.9,0.42485119047619047,0.5718562874251497,0.0,0.7225097024112218,0.210436810093371,0.18646572952278206,0.9999999999627976,0.3727678571289893,0.7700892856856366,0.8724619220799055,0.2987237523515823,0.2987237523515823
-0.3999999999999999,0.10000000000000009,4322.95654296875,57.88130569458008,3.0391013549924377,0.0,0.9,0.45498511904761907,0.7692307692307693,0.0,0.8853242320214795,0.24817748200345818,0.2785065482690183,0.9999999999627976,0.2708333333232577,0.8452380952066504,0.7737853659785957,0.23626041567962192,0.23626041567962192
-0.29999999999999993,0.10000000000000009,4195.54150390625,56.18025207519531,2.609894959162137,0.0,0.9,0.48735119047619047,0.7841584158415842,0.0,0.9208998547952902,0.28829891488483717,0.3355898216471421,0.9999999999627976,0.18787202380253454,0.8221726190170323,0.6941404977368048,0.15471929737577444,0.15017411137969638
-0.19999999999999996,0.10000000000000009,4102.70458984375,54.934959411621094,1.8571245157779144,0.0,0.9,0.7485119047619048,0.9192546583850931,0.0,0.9423076921682977,0.590087744492307,0.4327943641531039,0.9999999999627976,0.1796874999933152,0.9233630952037439,0.38558528618178456,0.07688006850882328,-0.06307616593196722
-0.09999999999999998,0.10000000000000009,4046.34619140625,54.17788314819336,1.9263075799717677,0.0,0.9,0.7168898809523809,0.8792372881355932,0.0,0.925098554411945,0.5507038495147749,0.5509745094185303,0.9999999999627976,0.17559523808870556,0.9140624999659948,0.4138024690391281,0.04401418920216463,-0.012924252284836969
0.0,0.10000000000000009,4027.758056640625,53.930267333984375,1.7358722375797226,0.0,0.9,0.7697172619047619,0.9432624113475178,0.0,0.9483037155172369,0.6381034732651673,0.728895866322208,0.9999999999627976,0.20982142856362274,0.9389880952031627,0.33639975961135116,0.05506873768247822,-0.046450105269284
0.10000000000000009,0.10000000000000009,4048.710693359375,54.199310302734375,1.6852895733466506,0.0,0.9,0.71875,0.9111111111111111,0.0,0.9470899469646706,0.5694315823481941,0.638741365965035,0.9999999999627976,0.16741071427948623,0.9002976190141259,0.4123675908237295,0.028795845071892937,-0.006705477253816929
0.20000000000000018,0.10000000000000009,4107.6767578125,54.977195739746094,1.7224247513927884,0.0,0.9,0.7328869047619048,0.9867256637168141,0.0,0.9958217268808048,0.5938383301089507,0.753968253968254,0.9999999999627976,0.08407738094925307,0.9207589285371742,0.39217277627036573,0.11269210624773729,-0.10846075457562585
0.30000000000000004,0.10000000000000009,4202.45361328125,56.24216842651367,2.238570307329016,0.0,0.9,0.5394345238095238,0.9032258064516129,0.0,0.9854604199527092,0.3652879196233658,0.27366522366522367,0.9999999999627976,0.0691964285688543,0.825520833302622,0.6315313802909129,0.03471388305177914,0.005608275159262665
0.40000000000000013,0.10000000000000009,4330.7236328125,57.96138000488281,2.6625976073357354,0.0,0.9,0.4025297619047619,0.9888888888888889,0.0,0.9987546699253577,0.29064733119607644,0.49056603773584906,0.9999999999627976,0.06696428571179448,0.7444196428294487,0.7564555763139211,0.10620708255567886,0.09791136444352393
0.5,0.10000000000000009,4491.16259765625,60.09473419189453,3.4232885983113372,0.0,0.9,0.29203869047619047,0.9285714285714286,0.0,0.993168680977763,0.2014526426707826,0.3068783068783069,0.9999999999627976,0.06770833333081443,0.6506696428329364,0.933220174111276,0.25377508060504356,0.25377508060504356
0.6000000000000001,0.10000000000000009,4679.96923828125,62.59870910644531,4.118024027193021,0.0,0.9,0.25148809523809523,0.23529411764705882,0.0,0.8901590456814036,0.1620501640240209,0.19967917787655476,0.9999999999627976,0.10751488094838114,0.6034226190251704,1.0780783789672825,0.3450522894401058,0.3450522894401058
0.7000000000000002,0.10000000000000009,4895.3330078125,65.42961120605469,5.036514940077534,0.0,0.9,0.18340773809523808,0.16842105263157894,0.0,0.8200455580492008,0.10406233307731243,0.07805835789706757,0.9999999999627976,0.17671130951723546,0.4605654761733421,1.2151371871260672,0.44160662938819284,0.44160662938819284
0.8,0.10000000000000009,5132.9931640625,68.54590606689453,6.463451426875205,0.0,0.9,0.07142857142857142,0.09583333333333334,0.0,0.7391826922780776,0.04486939920328792,0.020195051471916203,0.9999999999627976,0.26785714284717793,0.4159226190321458,1.3838319908950503,0.6006333271994897,0.5958998345823998
0.9000000000000001,0.10000000000000009,5390.06298828125,71.90956115722656,8.832475993152975,0.0,0.9,0.033854166666666664,0.04319371727748691,0.0,0.4370427416081231,0.010983754076479396,0.01415558481275393,0.9999999999627976,0.5684523809312332,0.3835565476047784,1.6373722070138022,0.7696498022056554,0.7694356938710426
1.0,0.10000000000000009,5664.16650390625,75.48674011230469,12.680388125246251,0.0,0.9,0.031994047619047616,0.04062326099053979,0.0,0.3374327440300756,0.0079085541844306,0.013301749271137026,0.9999999999627976,0.6685267856894149,0.33928571427309206,1.7437289547251604,0.7946804279385382,0.7946804279385382
-1.0,0.20000000000000018,5692.61376953125,75.85567474365234,12.772215108888176,0.0,0.9,0.29092261904761907,0.3107207752877044,0.0,0.4029380902202026,0.09926079440218957,0.10538140473380778,0.9999999999627976,0.6142113095009595,0.5494791666462248,1.2626410419721217,0.574297607380166,0.574297607380166
-0.9,0.20000000000000018,5419.35693359375,72.30998992919922,10.403250964690164,0.0,0.9,0.27976190476190477,0.310632383599722,0.0,0.4876033057599378,0.092401337009475,0.09463186467454325,0.9999999999627976,0.5353422618848459,0.5926339285493812,1.2300699262121098,0.5661942723645457,0.5661942723645457
-0.8,0.20000000000000018,5163.52880859375,68.97978210449219,8.369226197343169,0.0,0.9,0.3177083333333333,0.38207547169811323,0.0,0.5714285713974139,0.10983461227964754,0.14399568573914173,0.9999999999627976,0.47321428569668106,0.6357886904525376,1.0785713467492724,0.471754856729092,0.4711214261513992
-0.7,0.20000000000000018,4928.28466796875,65.89862823486328,6.768990375660032,0.0,0.9,0.34598214285714285,0.3672945205479452,0.0,0.5796359499101458,0.13777254910618894,0.1307741332779055,0.9999999999627976,0.43452380950764424,0.6458333333093068,1.0409718464347955,0.4262917687190999,0.4262917687190999
-0.6,0.20000000000000018,4716.52587890625,63.104042053222656,5.432438406044359,0.0,0.9,0.3549107142857143,0.41622760800842995,0.0,0.6805074970772487,0.15424440535459152,0.13075275397796818,0.9999999999627976,0.35305059522496096,0.668154761879905,0.971281341776657,0.3755065243325814,0.3755065243325814
-0.5,0.20000000000000018,4529.86279296875,60.63682556152344,4.295637217012355,0.0,0.9,0.4133184523809524,0.47191011235955055,0.0,0.7317691819447197,0.1979702155267019,0.11923557886209793,0.9999999999627976,0.2979910714174855,0.7633928571144571,0.881655927357486,0.2948401562361931,0.2948401562361931
-0.3999999999999999,0.20000000000000018,4372.12451171875,58.53963088989258,3.4354971196483888,0.0,0.9,0.44308035714285715,0.639871382636656,0.0,0.8503674014128011,0.23748574386916896,0.18229845642608034,0.9999999999627976,0.23139880951520095,0.8407738094925308,0.831941514840235,0.2524285308135759,0.2524285308135759
-0.29999999999999993,0.20000000000000018,4245.576171875,56.85469055175781,2.846540109350991,0.0,0.9,0.4322916666666667,0.7029702970297029,0.0,0.9017038007272802,0.2519793834467002,0.16244419642857144,0.9999999999627976,0.18787202380253454,0.8292410713977217,0.7793005087633375,0.21089625561978978,0.21089625561978978
-0.19999999999999996,0.20000000000000018,4153.89111328125,55.62065887451172,2.542363586503298,0.0,0.9,0.5338541666666666,0.7682119205298014,0.0,0.916201117245315,0.36077088223596376,0.21857614117581683,0.9999999999627976,0.16852678570801613,0.8348214285403712,0.6620811761463182,0.1276701002932862,0.09117839180411257
-0.09999999999999998,0.20000000000000018,4098.08642578125,54.86893081665039,2.0564958517746876,0.0,0.9,0.6800595238095238,0.8878718535469108,0.0,0.9430232557042997,0.5151509850666096,0.48242905463515423,0.9999999999627976,0.1625744047558566,0.8943452380619664,0.4719703030319213,0.07118327525928922,-0.0342663271935893
0.0,0.20000000000000018,4079.526611328125,54.62006378173828,1.9336948135861307,0.0,0.9,0.7023809523809523,0.8700787401574803,0.0,0.9174999998853125,0.5467798794563168,0.46208634867599613,0.9999999999627976,0.18898809523106444,0.9118303571089349,0.4375714941080412,0.055471102931587836,-0.02809976199492619
0.10000000000000009,0.20000000000000018,4100.25048828125,54.88111877441406,1.7392812301459344,0.0,0.9,0.7704613095238095,0.9371900826446281,0.0,0.9384116692158166,0.6710310490870941,0.4536428993787484,0.9999999999627976,0.22507440475353147,0.9401041666316926,0.3496009108723418,0.05774718613583373,-0.050603259500074514
0.20000000000000018,0.20000000000000018,4158.50927734375,55.644718170166016,1.926069825559274,0.0,0.9,0.6785714285714286,0.9294403892944039,0.0,0.9664351850733293,0.5297173442159469,0.48261972090481975,0.9999999999627976,0.15290178570859742,0.8995535713951059,0.45999452856111095,0.0312817034346965,0.0011457714858943591
0.30000000000000004,0.20000000000000018,4252.56298828125,56.890010833740234,2.0492640968758513,0.0,0.9,0.6011904761904762,0.9631336405529954,0.0,0.9925373133402483,0.4374576921518545,0.6332184898076371,0.9999999999627976,0.08072916666366335,0.8999255952046159,0.5380558494447485,0.0487974699656686,-0.00828075020538595
0.40000000000000013,0.20000000000000018,4379.04931640625,58.58539581298828,2.6453437202911285,0.0,0.9,0.5085565476190477,0.9226804123711341,0.0,0.9886449658600571,0.32929045397787093,0.4079172178130511,0.9999999999627976,0.07217261904493406,0.7250744047349303,0.7094151992055232,0.02762859229991608,0.013585600827753935
0.5,0.20000000000000018,4537.57080078125,60.69207763671875,3.22372958573767,0.0,0.9,0.3463541666666667,0.9184782608695652,0.0,0.9914627204899565,0.21105481700996398,0.3297799422799423,0.9999999999627976,0.06845238094983437,0.6264880952147884,0.8682432018046294,0.17203134194926423,0.17203134194926423
0.6000000000000001,0.20000000000000018,4724.14501953125,63.16777420043945,3.9501914259545554,0.0,0.9,0.2425595238095238,0.6363636363636364,0.0,0.9548133594815906,0.1522334249666797,0.19349112426035503,0.9999999999627976,0.09412202380602225,0.6019345237871304,1.0209239019115495,0.32571352052540004,0.32438872245427053
0.7000000000000002,0.20000000000000018,4936.74560546875,65.9698486328125,5.000351155954887,0.0,0.9,0.16294642857142858,0.15,0.0,0.8488888888511605,0.1119252741050724,0.07403830389745882,0.9999999999627976,0.14880952380398774,0.5688244047407431,1.189685034353743,0.45733402723705163,0.45393416925536234
0.8,0.20000000000000018,5172.00830078125,69.05757141113281,6.655263521606469,0.0,0.9,0.09300595238095238,0.0711743772241993,0.0,0.6788351107186696,0.057726382916111936,0.020733597663452282,0.9999999999627976,0.3136160714169042,0.5390624999799456,1.4479676036160805,0.636766020563758,0.636766020563758
0.9000000000000001,0.20000000000000018,5427.04052734375,72.39347076416016,9.188219491335218,0.0,0.9,0.035342261904761904,0.04467564259485924,0.0,0.3979946008330893,0.008589880518160793,0.014595284289537137,0.9999999999627976,0.60788690473929,0.5219494047424871,1.6664916204738827,0.7930821910643667,0.7930821910643667
1.0,0.20000000000000018,5699.4609375,75.9441146850586,12.916001130187151,0.0,0.9,0.033482142857142856,0.03534529635671561,0.0,0.31716705156592895,0.007210709960832188,0.010792855267158693,0.9999999999627976,0.6841517856888337,0.4430803571263735,1.7472838298637765,0.7896941991246753,0.7896941991246753
-1.0,0.30000000000000004,5758.1884765625,76.73528289794922,12.798274373054587,0.0,0.9,0.28422619047619047,0.29653552554315915,0.0,0.37733887731926513,0.08848871758782428,0.10399886792585536,0.9999999999627976,0.6335565475954779,0.5643601190266235,1.2801799893939312,0.5859990651523201,0.5859990651523201
-0.9,0.30000000000000004,5488.32470703125,73.23004913330078,10.492060693101148,0.0,0.9,0.28720238095238093,0.30497382198952877,0.0,0.4457202504986576,0.08700484630309002,0.12855057517135793,0.9999999999627976,0.5684523809312332,0.5930059523588912,1.2170748489484988,0.5413690890225116,0.5413690890225116
-0.8,0.30000000000000004,5236.21044921875,69.94145965576172,8.277315029236489,0.0,0.9,0.296875,0.338474025974026,0.0,0.5687830687529745,0.10408877498087832,0.13879802084345882,0.9999999999627976,0.4583333333162823,0.6249999999767486,1.1541050437319056,0.5120793201929077,0.5120793201929077
-0.7,0.30000000000000004,5003.97021484375,66.90229797363281,6.719011018286674,0.0,0.9,0.29055059523809523,0.37273593898951385,0.0,0.6549554273384921,0.09674043284264616,0.11132516286048894,0.9999999999627976,0.3902529761759579,0.630952380928908,1.126782509417613,0.5073954731976904,0.5073954731976904
-0.6,0.30000000000000004,4795.09326171875,64.14901733398438,5.6571437042510055,0.0,0.9,0.3046875,0.4717741935483871,0.0,0.7897271267635244,0.11207620754900463,0.1536683611637999,0.9999999999627976,0.2767857142754172,0.6357886904525376,1.016019578849443,0.42383658105970773,0.4233809133037977
-0.5,0.30000000000000004,4611.49853515625,61.720985412597656,4.899735081450724,0.0,0.9,0.30952380952380953,0.44525547445255476,0.0,0.7952586206468072,0.1025434602511972,0.09265442624031103,0.9999999999627976,0.254836309514329,0.6834077380698137,0.9720257724241658,0.36664928381158146,0.36664928381158146
-0.3999999999999999,0.30000000000000004,4456.46240234375,59.65909194946289,4.055864880759642,0.0,0.9,0.34523809523809523,0.5303703703703704,0.0,0.8198863635897792,0.1461996323880577,0.0852311267022213,0.9999999999627976,0.2511160714192293,0.7607886904478873,0.9323335756223172,0.3263398741073108,0.3263398741073108
-0.29999999999999993,0.30000000000000004,4332.06982421875,58.003570556640625,3.4768956022131117,0.0,0.9,0.35825892857142855,0.6688851913477537,0.0,0.8846376811081369,0.16665340384270128,0.13190597701795823,0.9999999999627976,0.2235863095154916,0.8203124999694825,0.8615578214098452,0.2848905317585197,0.2848905317585197
-0.19999999999999996,0.30000000000000004,4241.73974609375,56.791053771972656,2.945645728363915,0.0,0.9,0.36160714285714285,0.7244897959183674,0.0,0.905594405541632,0.2079885470471295,0.14168597065793329,0.9999999999627976,0.21874999999186198,0.8307291666357616,0.8233928469639605,0.27775565551780024,0.27775565551780024
-0.09999999999999998,0.30000000000000004,4186.79541015625,56.05120086669922,2.468068690327332,0.0,0.9,0.44345238095238093,0.806049822064057,0.0,0.9271390373711805,0.3213950703575913,0.22675428988682,0.9999999999627976,0.2090773809446028,0.8556547618729295,0.6827287672350107,0.1676212879902298,0.1676212879902298
0.0,0.30000000000000004,4168.21337890625,55.80338668823242,2.3434049686767073,0.0,0.9,0.5509672619047619,0.7474226804123711,0.0,0.8782104390324598,0.402596595483577,0.2548392857142857,0.9999999999627976,0.21651785713480218,0.8664434523487187,0.6422993382426546,0.12096000159088306,0.07787227727063803
0.10000000000000009,0.30000000000000004,4188.84912109375,56.05436325073242,2.091230376123669,0.0,0.9,0.6383928571428571,0.8151515151515152,0.0,0.8744855966178513,0.4973682586347145,0.42078801479580213,0.9999999999627976,0.24553571427657978,0.8932291666334364,0.547954221017718,0.12416778351595892,0.01856354743951719
0.20000000000000018,0.30000000000000004,4245.54638671875,56.79732131958008,2.20242713222183,0.0,0.9,0.6190476190476191,0.8268330733229329,0.0,0.8916015624129294,0.47265154598209047,0.3525438320866987,0.9999999999627976,0.23846726189589038,0.8642113094916588,0.5852348621186056,0.1250459685944801,0.03767336639072522
0.30000000000000004,0.30000000000000004,4337.7431640625,58.01282501220703,2.2880694471104603,0.0,0.9,0.5729166666666666,0.8305439330543933,0.0,0.9294425086298395,0.39107805697001974,0.27949214635400693,0.9999999999627976,0.17782738094576536,0.8772321428245078,0.6175221443522317,0.09308810099060391,0.06854042281752894
0.40000000000000013,0.30000000000000004,4462.33447265625,59.67117691040039,2.8719343162458477,0.0,0.9,0.421875,0.8409090909090909,0.0,0.9909909909272206,0.21717361839192606,0.3701058201058201,0.9999999999627976,0.032738095236877304,0.7008928571167823,0.790500829359789,0.15736705789266756,0.15715387749812423
0.5,0.30000000000000004,4617.87158203125,61.73570251464844,3.3172326179268916,0.0,0.9,0.36235119047619047,0.9195402298850575,0.0,0.9959159859395614,0.173482350072185,0.5222222222222223,0.9999999999627976,0.03236607142736733,0.6774553571176543,0.8395013302459727,0.20175828117589947,0.20129719193654888
0.6000000000000001,0.30000000000000004,4801.19873046875,64.16615295410156,4.188235925738735,0.0,0.9,0.25595238095238093,0.7708333333333334,0.0,0.98899999995055,0.12605727436332617,0.25476430976430975,0.9999999999627976,0.03571428571295706,0.6395089285476373,1.012782407151377,0.33429725572455016,0.33429725572455016
0.7000000000000002,0.30000000000000004,5009.82568359375,66.9216079711914,5.533938803439469,0.0,0.9,0.1636904761904762,0.07052896725440806,0.0,0.8358540924895084,0.10120089859195075,0.0836080586080586,0.9999999999627976,0.14769345237545783,0.6026785714061503,1.222937493750786,0.5001120771115397,0.5001120771115397
0.8,0.30000000000000004,5241.37353515625,69.96271514892578,7.390617307595698,0.0,0.9,0.09561011904761904,0.029726516052318668,0.0,0.6643356643083367,0.049282929873402236,0.003875467356916883,0.9999999999627976,0.31287202379788426,0.5602678571220139,1.4666860400972452,0.6644464612153049,0.660843088014267
0.9000000000000001,0.30000000000000004,5492.5322265625,73.25304412841797,9.92766578899131,0.0,0.9,0.04724702380952381,0.0035285815102328866,0.0,0.4486528699551483,0.01816418047454109,0.0005600358422939068,0.9999999999627976,0.5271577380756266,0.5334821428372961,1.6582420917668015,0.7817907310421537,0.7817907310421537
1.0,0.30000000000000004,5761.60888671875,76.75980377197266,13.701446886591665,0.0,0.9,0.046130952380952384,0.008620689655172414,0.0,0.3720748829808083,0.011687053546685889,0.0048676096430179915,0.9999999999627976,0.6041666666441903,0.4408482142693137,1.720285854664807,0.767081448657242,0.767081448657242
-1.0,0.40000000000000013,5849.751953125,77.96017456054688,12.37630757155305,0.0,0.9,0.24293154761904762,0.26762177650429797,0.0,0.3719901719718924,0.07731211341108973,0.09686977251046602,0.9999999999627976,0.6491815475948965,0.5636160714076036,1.3486598004899928,0.6293911833611913,0.6293911833611913
-0.9,0.40000000000000013,5584.36962890625,74.51085662841797,9.875711462939503,0.0,0.9,0.24702380952380953,0.26446837146702556,0.0,0.4599802371314239,0.09014084096720859,0.09644440207340887,0.9999999999627976,0.5528273809318145,0.5773809523594725,1.3018523160502877,0.5831452300622069,0.5831452300622069
-0.8,0.40000000000000013,5336.4873046875,71.27960205078125,8.219602315496541,0.0,0.9,0.2507440476190476,0.2849250197316496,0.0,0.5501489572715914,0.09003473379084696,0.0903443620474856,0.9999999999627976,0.4713541666491312,0.5933779761684012,1.2783901421189336,0.581760635007496,0.5808963417153543
-0.7,0.40000000000000013,5108.97021484375,68.29817199707031,6.662964430339848,0.0,0.9,0.2700892857142857,0.37912813738441214,0.0,0.760448521877653,0.08994609155568978,0.10103108137382331,0.9999999999627976,0.28162202379904683,0.6238839285482186,1.160619216641455,0.5077094200759822,0.5077094200759822
-0.6,0.40000000000000013,4904.62939453125,65.6015396118164,5.992794760558944,0.0,0.9,0.26339285714285715,0.37351778656126483,0.0,0.8398989898565707,0.06965876338324278,0.09187529978749473,0.9999999999627976,0.1882440476120445,0.5866815475972217,1.1238891217207816,0.460818991483555,0.460818991483555
-0.5,0.40000000000000013,4725.40869140625,63.227176666259766,5.218293784977646,0.0,0.9,0.29985119047619047,0.5029585798816568,0.0,0.8660998936840542,0.09268104104024,0.10896333306031071,0.9999999999627976,0.18861607142155448,0.6004464285490906,1.0197090596017284,0.39024227040963716,0.39024227040963716
-0.3999999999999999,0.40000000000000013,4573.63330078125,61.213661193847656,4.506095642759723,0.0,0.9,0.3132440476190476,0.704225352112676,0.0,0.9203683639804784,0.1168963981151026,0.13799654224182525,0.9999999999627976,0.1848958333264548,0.6625744047372555,0.9527838037526476,0.3430631576949778,0.3430631576949778
-0.29999999999999993,0.40000000000000013,4452.10107421875,59.5986328125,4.018169898729423,0.0,0.9,0.32663690476190477,0.604135893648449,0.0,0.8519337016103904,0.15437412965604042,0.10350813705423856,0.9999999999627976,0.2518601190382493,0.6893601190219732,0.9559942243039755,0.3162533613483974,0.3162533613483974
-0.19999999999999996,0.40000000000000013,4364.2333984375,58.41614532470703,3.498314860506855,0.0,0.9,0.34077380952380953,0.6427566807313643,0.0,0.8566591421638454,0.18869402967169202,0.09915223978538205,0.9999999999627976,0.2645089285615882,0.7425595237818988,0.9083869825569951,0.31151758908379984,0.31151758908379984
-0.09999999999999998,0.40000000000000013,4310.4873046875,57.69357681274414,3.1809192252489824,0.0,0.9,0.34523809523809523,0.6849507735583685,0.0,0.8727272726776859,0.21773565596703442,0.09539473684210525,0.9999999999627976,0.2645089285615882,0.7965029761608444,0.8647718166115685,0.30182121244238647,0.30182121244238647
0.0,0.40000000000000013,4292.96875,57.448814392089844,2.5953778619506225,0.0,0.9,0.45349702380952384,0.7243243243243244,0.0,0.8611300203634357,0.3432519878412757,0.12554306158957323,0.9999999999627976,0.2752976190373773,0.8541666666348897,0.7213714230388666,0.17530551014051338,0.17530551014051338
0.10000000000000009,0.40000000000000013,4312.70263671875,57.688140869140625,2.7625459650658666,0.0,0.9,0.4289434523809524,0.6517857142857143,0.0,0.8221498370799902,0.2699021585677348,0.1623051926798115,0.9999999999627976,0.291666666655816,0.7868303571135852,0.7605200848651377,0.214239342459762,0.214239342459762
0.20000000000000018,0.40000000000000013,4367.91259765625,58.40544128417969,2.660905735174447,0.0,0.9,0.49107142857142855,0.6707317073170732,0.0,0.8026315788886965,0.35156993322345587,0.36475188990114366,0.9999999999627976,0.30505952379817486,0.8489583333017501,0.718111265359296,0.15127530767754846,0.14510525439517488
0.30000000000000004,0.40000000000000013,4456.330078125,59.582984924316406,2.9478826225574153,0.0,0.9,0.44828869047619047,0.6120689655172413,0.0,0.7572488199084795,0.2930519877992679,0.18447383127624253,0.9999999999627976,0.34523809522525156,0.8329613094928214,0.7963808634699302,0.22441139642862287,0.20902238177680704
0.40000000000000013,0.40000000000000013,4578.18798828125,61.19347381591797,3.279156722481035,0.0,0.9,0.3976934523809524,0.6414662084765178,0.0,0.806670784385011,0.23146216923966523,0.28931082981715894,0.9999999999627976,0.32477678570220325,0.7886904761611351,0.840892591760856,0.2679150999188701,0.2679150999188701
0.5,0.40000000000000013,4730.2978515625,63.20292663574219,3.8501729532941207,0.0,0.9,0.33779761904761907,0.5727762803234502,0.0,0.8219101123133759,0.1626807422565182,0.18653783342406097,0.9999999999627976,0.2760416666563973,0.6919642856885431,0.961441596838105,0.3369535532067848,0.3369535532067848
0.6000000000000001,0.40000000000000013,4909.60498046875,65.57372283935547,4.834429042522643,0.0,0.9,0.3013392857142857,0.4398976982097187,0.0,0.8833865814226098,0.12967383767041007,0.08978458640093205,0.9999999999627976,0.14546130951839803,0.6588541666421558,1.0685316733576782,0.4025534788701289,0.4025534788701289
0.7000000000000002,0.40000000000000013,5113.53076171875,68.26725006103516,6.348705197159222,0.0,0.9,0.234375,0.14248704663212436,0.0,0.6783284742138811,0.09167254865252426,0.05899122807017544,0.9999999999627976,0.28720238094169637,0.6067708333107601,1.260937979828574,0.5232357111456081,0.5231372289506245
0.8,0.40000000000000013,5339.90771484375,71.24601745605469,8.401668903237777,0.0,0.9,0.10602678571428571,0.0674074074074074,0.0,0.4760715771753612,0.022978993541835524,0.006568549606775559,0.9999999999627976,0.5022321428384586,0.5624999999790737,1.506033981901204,0.7220854552011059,0.7220854552011059
0.9000000000000001,0.40000000000000013,5586.33642578125,74.47498321533203,11.190780113460033,0.0,0.9,0.06287202380952381,0.03970917225950783,0.0,0.31838030963404607,0.007675904331977684,0.0038986791594310577,0.9999999999627976,0.6651785714038252,0.4676339285540315,1.6863228692766588,0.8184712114496038,0.8184712114496038
1.0,0.40000000000000013,5850.83740234375,77.9223403930664,14.935229742729724,0.0,0.9,0.043154761904761904,0.030362389813907934,0.0,0.23017107308591872,0.0054126904088625276,0.0031122344714219667,0.9999999999627976,0.7596726190193575,0.4081101190324364,1.7774043694374997,0.8288433895697118,0.8285400220400895
-1.0,0.5,5965.85791015625,79.51405334472656,11.786689003628233,0.0,0.9,0.22284226190476192,0.26153846153846155,0.0,0.4255624700610071,0.06952910888112834,0.08574458755224795,0.9999999999627976,0.6045386904537002,0.5479910714081849,1.3671187343105782,0.6285199515040205,0.6285199515040205
-0.9,0.5,5706.04052734375,76.1337890625,9.562559604583308,0.0,0.9,0.20870535714285715,0.29583333333333334,0.0,0.6027268452937129,0.07411676952842997,0.09010619790797504,0.9999999999627976,0.44642857141196324,0.5531994047413245,1.3235951516262274,0.5947502672931066,0.5942207064568443
-0.8,0.5,5463.56396484375,72.97301483154297,8.126055550528056,0.0,0.9,0.18861607142857142,0.28559533721898417,0.0,0.6066024759006602,0.07308577032779995,0.08087781178816833,0.9999999999627976,0.4468005952214732,0.5651041666456434,1.3263853593794503,0.6165787066359883,0.6165787066359883
-0.7,0.5,5241.966796875,70.06221008300781,7.15440917582298,0.0,0.9,0.1871279761904762,0.2792281498297389,0.0,0.7093821509972823,0.05333064852785605,0.05075015459620496,0.9999999999627976,0.32775297617828303,0.5442708333130852,1.2624640862335896,0.5700633500880689,0.5700633500880689
-0.6,0.5,5043.390625,67.43457794189453,6.265438848291604,0.0,0.9,0.2526041666666667,0.4142857142857143,0.0,0.857142857100192,0.0784254512007235,0.08652894361735824,0.9999999999627976,0.182291666659885,0.5431547618845552,1.1247146979104437,0.4622192864727489,0.4622192864727489
-0.5,0.5,4868.92041015625,65.12532806396484,5.635534216314756,0.0,0.9,0.27380952380952384,0.5741239892183289,0.0,0.9190573770020974,0.07142466041370338,0.1127147911051213,0.9999999999627976,0.13802083332819864,0.5412946428370055,1.0306767372264245,0.4002768792348353,0.4002768792348353
-0.3999999999999999,0.5,4721.3369140625,63.17032241821289,5.0690568678372445,0.0,0.9,0.27232142857142855,0.6150870406189555,0.0,0.8982617586452831,0.08091526287213287,0.10973945769720718,0.9999999999627976,0.19233630951665417,0.5721726190263329,1.0080632683527295,0.38769300769404336,0.38736164044732985
-0.29999999999999993,0.5,4603.40185546875,61.604248046875,4.668879531915585,0.0,0.9,0.28943452380952384,0.5813953488372093,0.0,0.8492146596414023,0.11714530920647823,0.08987272671242225,0.9999999999627976,0.25595238094285894,0.5844494047401619,1.0108786463538668,0.36062705013397567,0.36062705013397567
-0.19999999999999996,0.5,4518.32568359375,60.45819091796875,4.1819391548404665,0.0,0.9,0.296875,0.6245059288537549,0.0,0.8492063491614176,0.12980121021826763,0.08913741438356165,0.9999999999627976,0.28236607141806674,0.6231398809291987,1.0011181089535794,0.3632775822070992,0.3632775822070992
-0.09999999999999998,0.5,4467.60498046875,59.75701904296875,3.785004146964517,0.0,0.9,0.29799107142857145,0.6285362853628537,0.0,0.8399576046189742,0.1463643117097202,0.10563275894015194,0.9999999999627976,0.3024553571316051,0.6607142856897056,0.9825557265567204,0.37257354259318,0.37147131099203545
0.0,0.5,4451.32470703125,59.51689910888672,3.5692944101091193,0.0,0.9,0.3288690476190476,0.5735129068462402,0.0,0.7893569844351798,0.19466972370295593,0.08589033018867924,0.9999999999627976,0.3314732142733827,0.6953124999741328,0.9572599538138781,0.34601532035333293,0.34601532035333293
0.10000000000000009,0.5,4469.76123046875,59.74357604980469,3.576035417262157,0.0,0.9,0.3541666666666667,0.5626398210290827,0.0,0.7747695852088266,0.19889616578111918,0.09229691876750701,0.9999999999627976,0.3325892857019126,0.7354910714012094,0.9434716284956496,0.3281410830541631,0.3281410830541631
0.20000000000000018,0.5,4522.25732421875,60.431671142578125,3.652674041861338,0.0,0.9,0.37462797619047616,0.5771739130434783,0.0,0.7685901248799173,0.2297708259586962,0.1087624584717608,0.9999999999627976,0.34226190474917184,0.7555803571147478,0.9109962730965048,0.3026389100308887,0.3026389100308887
0.30000000000000004,0.5,4607.21435546875,61.565303802490234,3.871069984074749,0.0,0.9,0.34970238095238093,0.5947089947089947,0.0,0.7808924484679123,0.18498860781136306,0.17048024594064118,0.9999999999627976,0.3515624999869211,0.7641369047334771,0.9362819235174669,0.33439433397874324,0.33439433397874324
0.40000000000000013,0.5,4725.09130859375,63.119842529296875,4.436973390914136,0.0,0.9,0.2663690476190476,0.5134575569358178,0.0,0.7616632859654329,0.1021387826527626,0.1049590331433686,0.9999999999627976,0.3593749999866304,0.704613095211882,1.0758343819964775,0.4491809381946904,0.4491809381946904
0.5,0.5,4872.25634765625,65.0643539428711,4.84959274794904,0.0,0.9,0.3009672619047619,0.5693501454898157,0.0,0.7637040978837837,0.1351170453583866,0.17054261049225303,0.9999999999627976,0.3835565476047784,0.7090773809260016,1.0718877550548092,0.45024563415414065,0.4498702289576749
0.6000000000000001,0.5,5046.92822265625,67.36421966552734,5.908534149452511,0.0,0.9,0.28087797619047616,0.4790307548928239,0.0,0.7108122089647795,0.15396956872291928,0.13610256952157482,0.9999999999627976,0.39918154760419716,0.6476934523568567,1.1813112448165468,0.521153360252081,0.5152759128910428
0.7000000000000002,0.5,5245.68798828125,69.98352813720703,7.608518480168955,0.0,0.9,0.22842261904761904,0.24970828471411902,0.0,0.3799421407724233,0.07155321059975464,0.06431688192006847,0.9999999999627976,0.6376488095000875,0.632440476166948,1.353899690342168,0.6415759837294461,0.6415759837294461
0.8,0.5,5466.52197265625,72.88704681396484,9.692423184342061,0.0,0.9,0.18080357142857142,0.12879640044994375,0.0,0.29654859217545193,0.02938276940738368,0.011025240222488476,0.9999999999627976,0.6614583333087255,0.571428571407313,1.4985955684888823,0.7072185202223611,0.7072185202223611
0.9000000000000001,0.5,5707.11181640625,76.04145050048828,12.682658642135957,0.0,0.9,0.09486607142857142,0.0784313725490196,0.0,0.3045622687914278,0.009884321517908242,0.007195136536500742,0.9999999999627976,0.6830357142603037,0.4211309523652853,1.6473509202029932,0.8028469551549049,0.8028469551549049
1.0,0.5,5965.93408203125,79.41618347167969,16.791838651367552,0.0,0.9,0.061755952380952384,0.05021728633510381,0.0,0.2200634417042005,0.007844580697658596,0.004979553590217737,0.9999999999627976,0.7704613094951466,0.401041666651747,1.7576864136958172,0.8135868238956057,0.8135868238956057
-1.0,0.6000000000000001,6105.91650390625,81.37767791748047,11.790461943573735,0.0,0.9,0.20944940476190477,0.2712659075686537,0.0,0.4879999999770353,0.07434779823415685,0.07849170098816512,0.9999999999627976,0.5554315475983843,0.5539434523603444,1.3762181457845573,0.628558595947059,0.628558595947059
-0.9,0.6000000000000001,5852.16357421875,78.07703399658203,10.480190047787994,0.0,0.9,0.17596726190476192,0.20386740331491712,0.0,0.3494356658984454,0.059145406645240726,0.06730356474209309,0.9999999999627976,0.6733630952130446,0.49888392855286895,1.4724606857775109,0.7049526301295326,0.7049526301295326
-0.8,0.6000000000000001,5616.3349609375,74.9970932006836,9.144922257402634,0.0,0.9,0.16331845238095238,0.19566490919742238,0.0,0.3895064472925964,0.048678265618482014,0.04060640842927765,0.9999999999627976,0.6350446428335177,0.5182291666473874,1.474671412643991,0.7129535915546784,0.7129535915546784
-0.7,0.6000000000000001,5401.02587890625,72.16677856445312,7.789235164625065,0.0,0.9,0.16517857142857142,0.22832140015910898,0.0,0.567736185357944,0.04527318720287408,0.04867158755641794,0.9999999999627976,0.4676339285540315,0.5409226190274955,1.3586695580937445,0.642312963010995,0.642312963010995
-0.6,0.6000000000000001,5208.77099609375,69.6173324584961,7.017598600935969,0.0,0.9,0.20796130952380953,0.2160919540229885,0.0,0.6796618130258496,0.05689227703506415,0.03470700747696053,0.9999999999627976,0.3236607142736734,0.5368303571228858,1.248965689584532,0.5431822614204938,0.5431822614204938
-0.5,0.6000000000000001,5040.28857421875,67.3814468383789,6.361580504302522,0.0,0.9,0.24925595238095238,0.32717190388170053,0.0,0.8196233894539334,0.06318491202827045,0.07782793099890167,0.9999999999627976,0.20126488094489342,0.5327380952182761,1.1503014769207833,0.4735980500373542,0.4735980500373542
-0.3999999999999999,0.6000000000000001,4898.00537109375,65.49207305908203,5.510315013435945,0.0,0.9,0.2697172619047619,0.6044176706827309,0.0,0.8996434029088312,0.08030676866031983,0.09873301615116511,0.9999999999627976,0.18526785713596475,0.534226190456316,1.0410725050755862,0.4027039579685752,0.4027039579685752
-0.29999999999999993,0.6000000000000001,4784.56396484375,63.98073959350586,5.231987333329209,0.0,0.9,0.26860119047619047,0.5981873111782477,0.0,0.8646998982266174,0.08674097078881482,0.06634076670886488,0.9999999999627976,0.24627976189559972,0.5457589285511251,1.0280522633829687,0.386808911342164,0.386808911342164
-0.19999999999999996,0.6000000000000001,4702.54248046875,62.87543869018555,4.9767854208752365,0.0,0.9,0.26785714285714285,0.5671641791044776,0.0,0.8231707316654893,0.09225609088766329,0.07350212601468883,0.9999999999627976,0.29910714284601536,0.5684523809312332,1.069048737092713,0.4179532287086678,0.4179532287086678
-0.09999999999999998,0.6000000000000001,4654.34228515625,62.19842529296875,4.682018433503986,0.0,0.9,0.26078869047619047,0.5642933049946866,0.0,0.7936587820436004,0.09127625040631758,0.08840152101440649,0.9999999999627976,0.3500744047488812,0.619419642834099,1.0962589064893036,0.4652368865820078,0.4652368865820078
0.0,0.6000000000000001,4639.19677734375,61.9641227722168,4.87609799677313,0.0,0.9,0.27232142857142855,0.4914448669201521,0.0,0.7264826175497708,0.10081649723496758,0.07000367647058824,0.9999999999627976,0.39136904760448776,0.6350446428335177,1.1199884074111701,0.4771414449777358,0.4771414449777358
0.10000000000000009,0.6000000000000001,4656.20751953125,62.17767333984375,4.630487714823272,0.0,0.9,0.3002232142857143,0.5092764378478665,0.0,0.7187666134652436,0.13116778097527448,0.08754692556634304,0.9999999999627976,0.401041666651747,0.6156994047389993,1.0728328524741333,0.437537125303436,0.437537125303436
0.20000000000000018,0.6000000000000001,4706.13134765625,62.83443069458008,4.758403806483069,0.0,0.9,0.30505952380952384,0.5273775216138329,0.0,0.7366167023160269,0.13498970621517392,0.08524172721490933,0.9999999999627976,0.3872767856998781,0.655877976166076,1.0447289438837033,0.41480645260494786,0.41480645260494786
0.30000000000000004,0.6000000000000001,4788.017578125,63.92039489746094,5.062486988457265,0.0,0.9,0.2890625,0.5409836065573771,0.0,0.7509157508764565,0.12313823016202816,0.10693886647907369,0.9999999999627976,0.3857886904618382,0.667782738070395,1.0576488632892422,0.43518325440509587,0.43518325440509587
0.40000000000000013,0.6000000000000001,4901.45263671875,65.41365051269531,5.325826825222437,0.0,0.9,0.27976190476190477,0.5591603053435115,0.0,0.7613636363243097,0.09632010796060955,0.14483516328374585,0.9999999999627976,0.38988095236644793,0.6625744047372555,1.094441405766579,0.4657823536109409,0.4657823536109409
0.5,0.6000000000000001,5043.18896484375,67.28643035888672,6.223562589087081,0.0,0.9,0.2760416666666667,0.5013357079252003,0.0,0.7122302157907384,0.0994880991931735,0.13643579676768622,0.9999999999627976,0.4177827380796956,0.6484374999758766,1.155986318843445,0.49742399297397477,0.49742399297397477
0.6000000000000001,0.6000000000000001,5211.57177734375,69.50730895996094,6.92211658101226,0.0,0.9,0.2890625,0.4715953307392996,0.0,0.6446886446549089,0.12648543360857156,0.15038405942414065,0.9999999999627976,0.4780505952203106,0.6484374999758766,1.168424224812575,0.5089662767093476,0.5089662767093476
0.7000000000000002,0.6000000000000001,5404.54931640625,72.04334259033203,8.523029454692104,0.0,0.9,0.24032738095238096,0.3113264688067838,0.0,0.44319294806840387,0.0994499533972748,0.06694295532826479,0.9999999999627976,0.6142113095009595,0.595238095215951,1.3354577274543997,0.6406799633577184,0.6406799633577184
0.8,0.6000000000000001,5619.30908203125,74.86175537109375,10.939207891122294,0.0,0.9,0.1871279761904762,0.188412852969815,0.0,0.23707093820425307,0.021339570488022465,0.016985591474518204,0.9999999999627976,0.7641369047334771,0.4899553571246297,1.5056126868694448,0.7327697985157309,0.7323104620333167
0.9000000000000001,0.6000000000000001,5853.37353515625,77.93122863769531,14.167699098914216,0.0,0.9,0.14769345238095238,0.11698306824012314,0.0,0.2487996507966478,0.015269295635642334,0.013510420532492016,0.9999999999627976,0.7250744047349303,0.4181547618892056,1.5895663495755967,0.7671952730560825,0.7671952730560825
1.0,0.6000000000000001,6105.17822265625,81.22269439697266,18.357493107093568,0.0,0.9,0.0703125,0.059743954480796585,0.0,0.20648259302895228,0.00832761739149018,0.007280489478936687,0.9999999999627976,0.7845982142565254,0.3902529761759579,1.7511853008263802,0.8246127729248692,0.8246127729248692
-1.0,0.7000000000000002,6268.23291015625,83.52989196777344,13.921879008615248,0.0,0.9,0.18080357142857142,0.19858925664677157,0.0,0.32924613985789075,0.057254479016211376,0.049050126483691725,0.9999999999627976,0.6856398809268736,0.559523809502994,1.491821178185065,0.683445621885568,0.683445621885568
-0.9,0.7000000000000002,6021.89794921875,80.31684875488281,12.253114557610644,0.0,0.9,0.17299107142857142,0.18484383000512034,0.0,0.28385065225893613,0.04662839536845324,0.03322820583624494,0.9999999999627976,0.7265624999729702,0.5249255952185667,1.5217332329042363,0.731493948484252,0.731493948484252
-0.8,0.7000000000000002,5793.095703125,77.32526397705078,10.689557685832037,0.0,0.9,0.15141369047619047,0.16605934409161896,0.0,0.29767645768094364,0.03513370033913893,0.03444389005026871,0.9999999999627976,0.7146577380686512,0.5063244047430683,1.5438858940107278,0.7458820163753601,0.7458820163753601
-0.7,0.7000000000000002,5585.052734375,74.58238220214844,9.388413645325468,0.0,0.9,0.15141369047619047,0.1811320754716981,0.0,0.4291977202792987,0.03142893297442123,0.041583148359247236,0.9999999999627976,0.5915178571208513,0.5252976190280767,1.4759421769734749,0.7007386005028221,0.7007386005028221
-0.6,0.7000000000000002,5398.8154296875,72.1172866821289,8.021100411163662,0.0,0.9,0.1796875,0.2128755364806867,0.0,0.5841269841004931,0.04513649218261187,0.0469366798910962,0.9999999999627976,0.4334077380791143,0.5260416666470967,1.338229018952906,0.6145128651945618,0.6145128651945618
-0.5,0.7000000000000002,5236.47802734375,69.96003723144531,7.111293253542738,0.0,0.9,0.24665178571428573,0.27547169811320754,0.0,0.7155555555202194,0.0771646248046713,0.0685418050184252,0.9999999999627976,0.2957589285604256,0.5238095237900369,1.2125284311732167,0.511642226400571,0.511642226400571
-0.3999999999999999,0.7000000000000002,5100.00244140625,68.14063262939453,6.404936502738083,0.0,0.9,0.25483630952380953,0.5411184210526315,0.0,0.8607089365521363,0.0689853978816257,0.07179391030448476,0.9999999999627976,0.22619047618206137,0.5323660714087661,1.1296354261946766,0.4797618835683016,0.4797618835683016
-0.29999999999999993,0.7000000000000002,4991.60498046875,66.6874008178711,6.061170847403212,0.0,0.9,0.25,0.5707964601769911,0.0,0.8556547618623187,0.06358040606752519,0.04148808976363469,0.9999999999627976,0.25223214284775924,0.5386904761704356,1.090078796274262,0.4260885232493714,0.4260885232493714
-0.19999999999999996,0.7000000000000002,4913.04931640625,65.62531280517578,5.803015797286027,0.0,0.9,0.2540922619047619,0.5303197353914002,0.0,0.787531172030547,0.08078250785299004,0.03847989320656188,0.9999999999627976,0.3374255952255422,0.5398065475989655,1.123471255358777,0.46059731838089457,0.46059731838089457
-0.09999999999999998,0.7000000000000002,4866.9658203125,64.97403717041016,5.916961735306731,0.0,0.9,0.23958333333333334,0.4210069444444444,0.0,0.6736790606324031,0.06439127942659292,0.04063805065337465,0.9999999999627976,0.4285714285554847,0.5409226190274955,1.2042178348972414,0.5309928574516937,0.5309928574516937
0.0,0.7000000000000002,4852.35009765625,64.74630737304688,5.625770737105214,0.0,0.9,0.2615327380952381,0.42289348171701113,0.0,0.6342569269201885,0.08324412624526956,0.06271590522064906,0.9999999999627976,0.4680059523635415,0.5811011904545722,1.180309680768992,0.5212898127330187,0.5212898127330187
0.10000000000000009,0.7000000000000002,4868.6005859375,64.94670104980469,5.551937669069134,0.0,0.9,0.26748511904761907,0.5041171088746569,0.0,0.7247333671546605,0.09874510060085516,0.08317442500917982,0.9999999999627976,0.40662202379439655,0.6116071428343897,1.1406202862556234,0.5031634726597858,0.5031634726597858
0.20000000000000018,0.7000000000000002,4916.46435546875,65.57122039794922,5.754427941563118,0.0,0.9,0.25483630952380953,0.5098920863309353,0.0,0.7279081377569692,0.07666140719655595,0.09629296108488275,0.9999999999627976,0.4136904761750859,0.6149553571199794,1.1436350550703525,0.5132611447013524,0.5129592107653672
0.30000000000000004,0.7000000000000002,4995.02294921875,66.607666015625,6.087315056703176,0.0,0.9,0.24739583333333334,0.5118613138686131,0.0,0.735541275297304,0.06636634115936124,0.09337134302065861,0.9999999999627976,0.4077380952229264,0.6037946428346803,1.162353843093691,0.521228839784941,0.5211354442519467
0.40000000000000013,0.7000000000000002,5103.66650390625,68.03677368164062,6.707724350898473,0.0,0.9,0.25148809523809523,0.5356820234869015,0.0,0.7445328031439099,0.06003443580207425,0.11586049386224141,0.9999999999627976,0.4118303571275361,0.6201636904531189,1.1710137920003174,0.5300249274023374,0.5300249274023374
0.5,0.7000000000000002,5240.18212890625,69.8338623046875,7.594213433576516,0.0,0.9,0.24776785714285715,0.4766058683584457,0.0,0.6735905044177255,0.04962354282584927,0.08890347247872238,0.9999999999627976,0.46912202379207135,0.595610119025461,1.2165561879406506,0.5596624819552593,0.5596624819552593
0.6000000000000001,0.7000000000000002,5401.966796875,71.97075653076172,8.384909394145659,0.0,0.9,0.2533482142857143,0.4493717664449372,0.0,0.6287992027589039,0.06031354556068258,0.10364581126547207,0.9999999999627976,0.5033482142669886,0.5565476190269142,1.2317010107287774,0.5622154399379147,0.5622154399379147
0.7000000000000002,0.7000000000000002,5587.92626953125,74.41749572753906,9.742296172969596,0.0,0.9,0.23697916666666666,0.3941299790356394,0.0,0.5772793758860421,0.06595414744120491,0.10245705863735603,0.9999999999627976,0.5323660714087661,0.49255952379119944,1.2880241193247588,0.5986537860057415,0.5986011407532035
0.8,0.7000000000000002,5795.36572265625,77.14397430419922,11.980818924307144,0.0,0.9,0.19717261904761904,0.23951781970649896,0.0,0.327618164952381,0.02314580829052244,0.021611589113451776,0.9999999999627976,0.7098214285450216,0.4598214285543221,1.4697936284821342,0.7160964576385285,0.7160964576385285
0.9000000000000001,0.7000000000000002,6022.92333984375,80.12098693847656,15.408708581113356,0.0,0.9,0.15773809523809523,0.1345875542691751,0.0,0.20759717313570686,0.016818400630921587,0.012381639188845469,0.9999999999627976,0.7712053571141665,0.41257440474655604,1.584938922861464,0.7663603452628166,0.7663603452628166
1.0,0.7000000000000002,6267.41259765625,83.3211441040039,19.93214416299464,0.0,0.9,0.10007440476190477,0.08598574821852732,0.0,0.20463001239335968,0.011486418284312544,0.009448806572006545,0.9999999999627976,0.7831101190184855,0.41034226188949624,1.691781167765703,0.7939770981065988,0.7939770981065988
-1.0,0.8,6451.78369140625,85.9485855102539,16.12457323776463,0.0,0.9,0.171875,0.18924849149753153,0.0,0.3360287511079951,0.05172359107905983,0.039222122648782,0.9999999999627976,0.6781994047366742,0.5505952380747546,1.516648394839309,0.61982349908291,0.61982349908291
-0.9,0.8,6212.25244140625,82.82868957519531,14.157584792442995,0.0,0.9,0.16555059523809523,0.18566271273852503,0.0,0.2960320998530525,0.03894874442360974,0.03225204394491648,0.9999999999627976,0.7213541666398307,0.5252976190280767,1.54154996252189,0.7355989087488556,0.7355989087488556
-0.8,0.8,5991.46142578125,79.9303970336914,12.634598406727344,0.0,0.9,0.16071428571428573,0.18560411311053984,0.0,0.29787234041232835,0.03776816633095882,0.039965542280502045,0.9999999999627976,0.7235863094968904,0.5234374999805269,1.5471750886423703,0.7432811159109866,0.7432811159109866
-0.7,0.8,5790.72509765625,77.2791976928711,10.896418590941376,0.0,0.9,0.1566220238095238,0.18092307692307694,0.0,0.4128804587378527,0.039856271605674135,0.021889858346321543,0.9999999999627976,0.6045386904537002,0.5029761904574785,1.5061848879034208,0.715178039447558,0.715178039447558
-0.6,0.8,5611.29833984375,74.90192413330078,9.413593099524025,0.0,0.9,0.15848214285714285,0.1927512355848435,0.0,0.5667550839714078,0.029250084021167713,0.024123613261093912,0.9999999999627976,0.4516369047451028,0.4884672618865898,1.4123676093879247,0.658334889630605,0.658334889630605
-0.5,0.8,5455.49658203125,72.82603454589844,8.208076798105711,0.0,0.9,0.23958333333333334,0.24478178368121442,0.0,0.6105675146472325,0.073116279738103,0.04356362423199317,0.9999999999627976,0.39211309522350773,0.5085565476001281,1.2647033113729524,0.5513745697719402,0.5513745697719402
-0.3999999999999999,0.8,5324.48095703125,71.07855987548828,7.595356480361601,0.0,0.9,0.24032738095238096,0.4039955604883463,0.0,0.7370225268982848,0.0625931891077347,0.05302455853999244,0.9999999999627976,0.3351934523684824,0.5141369047427776,1.2158227390852072,0.5383438586273515,0.5383438586273515
-0.29999999999999993,0.8,5221.109375,69.68479919433594,7.053678280066722,0.0,0.9,0.23660714285714285,0.5618915159944368,0.0,0.8464912280289235,0.051489489440339695,0.03865945805106827,0.9999999999627976,0.267485119037668,0.5312499999802363,1.1668949067587822,0.5017245832849153,0.5017245832849153
-0.19999999999999996,0.8,5146.23095703125,68.66680908203125,6.914399925299431,0.0,0.9,0.23660714285714285,0.43000914913083255,0.0,0.6963937621492986,0.058577508238828124,0.027484348433762715,0.9999999999627976,0.40662202379439655,0.5312499999802363,1.1899923472920932,0.5123653453881096,0.5123653453881096
-0.09999999999999998,0.8,5102.49951171875,68.04190063476562,6.667590897443236,0.0,0.9,0.24516369047619047,0.39888535031847133,0.0,0.6278955150010894,0.06236289170682188,0.02493033439490446,0.9999999999627976,0.4672619047445215,0.5438988095035753,1.215810020417899,0.5397371014933363,0.5397371014933363
0.0,0.8,5088.27197265625,67.8211669921875,6.752770521343792,0.0,0.9,0.2507440476190476,0.38377986965966693,0.0,0.577457795403304,0.07197968596299799,0.06788666323332918,0.9999999999627976,0.5137648809332677,0.5688244047407431,1.2084984622525259,0.5390305684451029,0.5390305684451029
0.10000000000000009,0.8,5103.62841796875,68.00868225097656,6.564317891976524,0.0,0.9,0.2540922619047619,0.4538834951456311,0.0,0.6633416458522023,0.07701442009511436,0.07657016591328406,0.9999999999627976,0.4598214285543221,0.60714285712027,1.1761516617923413,0.5247393139469347,0.5247393139469347
0.20000000000000018,0.8,5149.1279296875,68.60103607177734,6.829804109024845,0.0,0.9,0.23883928571428573,0.4832881662149955,0.0,0.72043010749167,0.061095745797516705,0.07947877506265665,0.9999999999627976,0.4118303571275361,0.5933779761684012,1.199619803556935,0.5456132701896094,0.5456132701896094
0.30000000000000004,0.8,5224.63623046875,69.58768463134766,7.4638788976522985,0.0,0.9,0.23809523809523808,0.4798598949211909,0.0,0.709960937465334,0.054985825173538505,0.06946565319826085,0.9999999999627976,0.424851190460385,0.5933779761684012,1.2175361795882114,0.5535255263723939,0.5535255263723939
0.40000000000000013,0.8,5328.48876953125,70.95177459716797,8.29300174555133,0.0,0.9,0.23549107142857142,0.4752233956133225,0.0,0.685644768823083,0.04997934430321829,0.08391390497186241,0.9999999999627976,0.4579613095067723,0.6056547618822301,1.23461725397353,0.5640858029359807,0.5640858029359807
0.5,0.8,5459.28955078125,72.67162322998047,8.891795307514274,0.0,0.9,0.24367559523809523,0.44314868804664725,0.0,0.6242006886067781,0.045237692531414006,0.06026013479835991,0.9999999999627976,0.5104166666476779,0.5751488095024127,1.2601718129725819,0.5829734223779988,0.5829734223779988
0.6000000000000001,0.8,5614.89599609375,74.72212982177734,10.035597822727278,0.0,0.9,0.23697916666666666,0.38451356717405694,0.0,0.5465626523380516,0.04203104878894647,0.058249806288103397,0.9999999999627976,0.5621279761695637,0.5200892856949372,1.3036709527016757,0.6029336527859381,0.6027666359730467
0.7000000000000002,0.8,5793.6865234375,77.07630920410156,11.309645035473455,0.0,0.9,0.2347470238095238,0.3734466971877044,0.0,0.534273213391625,0.04558279466664276,0.0666578857270054,0.9999999999627976,0.5688244047407431,0.4482886904595131,1.3207739648661547,0.6127930280388865,0.6127930280388865
0.8,0.8,5993.99755859375,79.70670318603516,13.178137112076445,0.0,0.9,0.21502976190476192,0.281437125748503,0.0,0.4312796208326408,0.041658224591795925,0.030136987895578615,0.9999999999627976,0.6212797618816489,0.40401785712782673,1.3908321035226834,0.6595905721442623,0.6595905721442623
0.9000000000000001,0.8,6213.75634765625,82.58635711669922,16.680821560698217,0.0,0.9,0.16592261904761904,0.19249106078665076,0.0,0.3956289027477418,0.01956358649939183,0.020185768577250452,0.9999999999627976,0.6242559523577286,0.3835565476047784,1.4935086840465155,0.7119790578423397,0.7119790578423397
1.0,0.8,6451.08837890625,85.68964385986328,inf,0.0,0.9,0.1134672619047619,0.11792956243329776,0.0,0.3063365505536577,0.015187619316095418,0.01381640478229968,0.9999999999627976,0.6971726190216826,0.388764880937918,1.6259560071418053,0.7653836925532278,0.7652277808316305
-1.0,0.9000000000000001,6653.64599609375,88.61151885986328,19.15625649387089,0.0,0.9,0.15736607142857142,0.1830238726790451,0.0,0.32008830020661866,0.034111381948477584,0.028684866986357305,0.9999999999627976,0.7012648809262922,0.4944196428387493,1.5459325695361137,0.6622533840866729,0.6622533840866729
-0.9,0.9000000000000001,6422.80419921875,85.58810424804688,17.202968125028566,0.0,0.9,0.13988095238095238,0.1635725037631711,0.0,0.2789792387422587,0.028415910424164956,0.026962873342590322,0.9999999999627976,0.741443452353369,0.49739583331482906,1.5947178431226563,0.7416172785523656,0.7416172785523656
-0.8,0.9000000000000001,6210.18994140625,82.78578186035156,14.860568056600581,0.0,0.9,0.14174107142857142,0.15467820443482963,0.0,0.3224967490107284,0.029795029019261815,0.0289950446670862,0.9999999999627976,0.6878720237839334,0.5040922618860085,1.5755046255387732,0.7430209969066794,0.7430209969066794
-0.7,0.9000000000000001,6016.42529296875,80.22821807861328,12.932986274080687,0.0,0.9,0.12686011904761904,0.12698412698412698,0.0,0.4610140604831268,0.025095643165623183,0.02301532585185353,0.9999999999627976,0.5390624999799456,0.5022321428384586,1.5494282181170937,0.7289271448755453,0.7283589253207644
-0.6,0.9000000000000001,5844.08349609375,77.94004821777344,10.848265871830824,0.0,0.9,0.16629464285714285,0.1515418502202643,0.0,0.5702811244725444,0.037249401844077996,0.022886945881987794,0.9999999999627976,0.42224702379381523,0.4959077380767892,1.4098041534092376,0.6325158671675377,0.6325158671675377
-0.5,0.9000000000000001,5694.60888671875,75.94612121582031,9.423103525795618,0.0,0.9,0.22767857142857142,0.2251984126984127,0.0,0.6237957610489502,0.06064675248891856,0.04483795482964233,0.9999999999627976,0.3749999999860491,0.49739583331482906,1.29071467742551,0.5681564572702192,0.5681564572702192
-0.3999999999999999,0.9000000000000001,5569.4931640625,74.27069854736328,8.7612585131626,0.0,0.9,0.2261904761904762,0.3581081081081081,0.0,0.6802884615057554,0.048794421945358615,0.05062433526466545,0.9999999999627976,0.38541666665232827,0.5048363095050284,1.2594896009126877,0.5706242585214052,0.5706242585214052
-0.29999999999999993,0.9000000000000001,5470.90771484375,72.93620300292969,8.240822148002605,0.0,0.9,0.2261904761904762,0.5071942446043165,0.0,0.802403846115269,0.04322582373434001,0.043603785617862566,0.9999999999627976,0.31026785713131444,0.5081845237906182,1.221886750939479,0.5385589845888525,0.5385589845888525
-0.19999999999999996,0.9000000000000001,5399.61279296875,71.96207427978516,8.022343139621107,0.0,0.9,0.2183779761904762,0.4022491349480969,0.0,0.6711089956843832,0.0390912966471061,0.027433039368789592,0.9999999999627976,0.4300595237935246,0.5241815475995468,1.2562995071975247,0.5715586157774173,0.5715586157774173
-0.09999999999999998,0.9000000000000001,5357.86865234375,71.36336517333984,7.979452216359406,0.0,0.9,0.23214285714285715,0.36278342455043,0.0,0.6051356588854101,0.04319082058343651,0.02655196465938154,0.9999999999627976,0.4758184523632508,0.5305059523612163,1.2600125975927712,0.560475099275125,0.560475099275125
0.0,0.9000000000000001,5344.53466796875,71.14981079101562,7.711445018027995,0.0,0.9,0.24144345238095238,0.38632872503840243,0.0,0.6081412456788552,0.057324066805169785,0.0580992006680983,0.9999999999627976,0.48437499998198014,0.5736607142643728,1.221467354735693,0.5407313758577467,0.5407313758577467
0.10000000000000009,0.9000000000000001,5359.24658203125,71.32495880126953,7.6332636492500825,0.0,0.9,0.23995535714285715,0.474235807860262,0.0,0.7053352912038504,0.06866049087705961,0.0770765222844495,0.9999999999627976,0.4259672618889149,0.6097470237868398,1.187117244543463,0.5321040555836626,0.5321040555836626
0.20000000000000018,0.9000000000000001,5402.25439453125,71.88591766357422,7.961815871855034,0.0,0.9,0.23958333333333334,0.5103383458646616,0.0,0.74510763205748,0.06518233115849757,0.09056580126749403,0.9999999999627976,0.3958333333186074,0.5993303571205607,1.1984706846109097,0.5367157179727557,0.5367157179727557
0.30000000000000004,0.9000000000000001,5474.07958984375,72.82360076904297,8.670208183716882,0.0,0.9,0.23697916666666666,0.4788245462402766,0.0,0.7059970745633352,0.05547941318588366,0.0646080946642378,0.9999999999627976,0.43043154760303454,0.5970982142635008,1.2346052533845318,0.5650816944593388,0.5650816944593388
0.40000000000000013,0.9000000000000001,5573.29931640625,74.12342071533203,9.56973518636205,0.0,0.9,0.23102678571428573,0.44367283950617287,0.0,0.6511852926632228,0.04335067671069136,0.06572990737377506,0.9999999999627976,0.48214285712492033,0.5851934523591819,1.2637521113380408,0.5733575917458242,0.5733575917458242
0.5,0.9000000000000001,5698.1435546875,75.7663345336914,10.462944732458949,0.0,0.9,0.23586309523809523,0.4101671309192201,0.0,0.5876338850736303,0.0400018070034548,0.056270657624800546,0.9999999999627976,0.534226190456316,0.5331101190277862,1.308659113133595,0.6117794997830002,0.6117794997830002
0.6000000000000001,0.9000000000000001,5847.15185546875,77.73015594482422,11.69596957646299,0.0,0.9,0.24293154761904762,0.3351618211738892,0.0,0.40442260440273103,0.04041690397536299,0.047182329616629826,0.9999999999627976,0.6781994047366742,0.4895833333151197,1.342263016008895,0.6301869737212442,0.6301869737212442
0.7000000000000002,0.9000000000000001,6019.05615234375,79.99076080322266,12.712942751633584,0.0,0.9,0.23697916666666666,0.3382187147688839,0.0,0.4275962944696443,0.03882941557731008,0.045873977718919504,0.9999999999627976,0.6599702380706857,0.42671130950793484,1.3511155994668609,0.6377711618189437,0.637405451049286
0.8,0.9000000000000001,6212.43798828125,82.52326965332031,14.624488250789444,0.0,0.9,0.23177083333333334,0.30269320843091335,0.0,0.4232445520376153,0.052095651042067266,0.03729997611247612,0.9999999999627976,0.6354166666430276,0.38318452379526846,1.3705761577727373,0.6435382520223382,0.6435382520223382
0.9000000000000001,0.9000000000000001,6424.65087890625,85.30296325683594,17.626949745170965,0.0,0.9,0.19047619047619047,0.22640480087288598,0.0,0.34834558821928563,0.04395971909370744,0.043826589994320465,0.9999999999627976,0.6819196428317739,0.376488095224089,1.4703251509437378,0.6995872783024562,0.6995872783024562
1.0,0.9000000000000001,6654.16748046875,88.30606842041016,inf,0.0,0.9,0.14174107142857142,0.1700640652300524,0.0,0.3823146943917506,0.03326211376410253,0.03608087972607396,0.9999999999627976,0.6387648809286174,0.36644345236731984,1.5449495547815832,0.7129292185117215,0.7129292185117215
-1.0,1.0,6873.85888671875,91.49695587158203,23.145038231737654,0.0,0.9,0.13839285714285715,0.16497975708502025,0.0,0.2875647668269618,0.027913958169758765,0.02786698002409663,0.9999999999627976,0.7351190475916994,0.3545386904630008,1.5969785937777774,0.6537850697817396,0.6537850697817396
-0.9,1.0,6651.21044921875,88.57150268554688,20.512138635752233,0.0,0.9,0.12053571428571429,0.1315538608198284,0.0,0.2292724196180511,0.02228159695086789,0.02192764402475445,0.9999999999627976,0.7805059523519158,0.4546130952211826,1.6517127154244224,0.7289930572996637,0.7289930572996637
-0.8,1.0,6446.1396484375,85.86595153808594,17.328226139045984,0.0,0.9,0.11830357142857142,0.11627906976744186,0.0,0.37468354428798806,0.021538899892063208,0.021946398351410573,0.9999999999627976,0.6238839285482186,0.48363095236296016,1.5912582770571082,0.7219856762401564,0.7219856762401564
-0.7,1.0,6259.90966796875,83.40215301513672,15.038500863554338,0.0,0.9,0.09040178571428571,0.06814814814814815,0.0,0.485480572577281,0.020967706048247284,0.008881300375980491,0.9999999999627976,0.5022321428384586,0.4892113095056097,1.5834533289657957,0.7381066051202448,0.7381066051202448
-0.6,1.0,6094.6630859375,81.20256805419922,13.005280100420487,0.0,0.9,0.10602678571428571,0.07528641571194762,0.0,0.5297544735526528,0.027600109726985834,0.02404813646106216,0.9999999999627976,0.4546130952211826,0.49851190474335894,1.5432649653352843,0.7203229046653864,0.7203229046653864
-0.5,1.0,5951.54248046875,79.28963470458984,10.918742698830352,0.0,0.9,0.2034970238095238,0.14186851211072665,0.0,0.6524988322908688,0.04995031370979167,0.049073497019916784,0.9999999999627976,0.32254464284514345,0.49516369045776926,1.3173388136579385,0.5639423986173027,0.5639423986173027
-0.3999999999999999,1.0,5832.39306640625,77.68498229980469,10.141160429923245,0.0,0.9,0.21465773809523808,0.3172541743970315,0.0,0.6513500710255163,0.04840603701494217,0.04773027625482456,0.9999999999627976,0.401041666651747,0.4892113095056097,1.3024412467016901,0.5905752606161043,0.5905752606161043
-0.29999999999999993,1.0,5738.22216796875,76.40845489501953,9.469263326714737,0.0,0.9,0.21875,0.37709251101321584,0.0,0.663333333301746,0.03841677023124735,0.04206186997589891,0.9999999999627976,0.42224702379381523,0.5115327380762079,1.2902466781741198,0.5843351603931322,0.5843351603931322
-0.19999999999999996,1.0,5670.58447265625,75.47704315185547,9.388727756126052,0.0,0.9,0.21391369047619047,0.327178729689808,0.0,0.5688594415253735,0.03593829675310391,0.032817650767304606,0.9999999999627976,0.5037202380764986,0.5093005952191481,1.319203523048378,0.6038504353227225,0.6038504353227225
-0.09999999999999998,1.0,5630.84423828125,74.9039077758789,9.288297744615903,0.0,0.9,0.22767857142857142,0.3490566037735849,0.0,0.5679190751171523,0.039513171175610026,0.03391502717217161,0.9999999999627976,0.5126488095047378,0.522321428551997,1.2776531553289732,0.5759527480663056,0.5759527480663056
0.0,1.0,5618.322265625,74.697509765625,8.836799248590797,0.0,0.9,0.24032738095238096,0.39370683039140447,0.0,0.6131243878250183,0.04952627638960436,0.050407888393787785,0.9999999999627976,0.4847470237914901,0.5524553571223045,1.2303786200987152,0.554372108805203,0.554372108805203
0.10000000000000009,1.0,5632.98583984375,74.86092376708984,9.080070542105847,0.0,0.9,0.22842261904761904,0.4295415959252971,0.0,0.675988428125555,0.05495312257083287,0.08692682648837838,0.9999999999627976,0.43824404760274394,0.5602678571220139,1.2260180579810585,0.5561108618083495,0.5561108618083495
0.20000000000000018,1.0,5673.55712890625,75.39173126220703,9.350012632087982,0.0,0.9,0.23846726190476192,0.47555555555555556,0.0,0.7117733267849646,0.061298009341506685,0.08615383624901995,0.9999999999627976,0.41852678569871554,0.594494047596931,1.220462857720869,0.5492602135791367,0.5489466130101917
0.30000000000000004,1.0,5741.09375,76.2821273803711,10.121247290173265,0.0,0.9,0.22805059523809523,0.42964196502914237,0.0,0.6698795180400059,0.05104219483871228,0.06712055062570764,0.9999999999627976,0.4468005952214732,0.570684523788293,1.2779895198531896,0.5884479428931308,0.5884479428931308
0.40000000000000013,1.0,5834.95458984375,77.51946258544922,10.818764070455696,0.0,0.9,0.24851190476190477,0.44056463595839523,0.0,0.6272277227412263,0.04804306762275217,0.061931967670125126,0.9999999999627976,0.5007440476004188,0.5926339285493812,1.2708886946380822,0.5787773668577705,0.5787773668577705
0.5,1.0,5954.11376953125,79.08715057373047,12.064160159314953,0.0,0.9,0.23809523809523808,0.3316355404640634,0.0,0.42333984372932915,0.041594506398376155,0.04501447446426846,0.9999999999627976,0.6573660714041158,0.5353422618848459,1.3494398853055103,0.6286131777477055,0.6286131777477055
0.6000000000000001,1.0,6097.06201171875,80.96561431884766,13.4215371856837,0.0,0.9,0.2347470238095238,0.3110871905274489,0.0,0.37773456488197693,0.04250790389777763,0.04630701623876716,0.9999999999627976,0.691220238069523,0.46242559522089194,1.3794389386272379,0.6462666134601354,0.6462666134601354
0.7000000000000002,1.0,6262.1591796875,83.1333999633789,14.573487406046256,0.0,0.9,0.22879464285714285,0.2940267765190525,0.0,0.3386396526609436,0.038252299979621214,0.04199948163212064,0.9999999999627976,0.7224702380683605,0.40662202379439655,1.402206884720396,0.6684433587735561,0.6684433587735561
0.8,1.0,6447.87060546875,85.56808471679688,16.221700538885738,0.0,0.9,0.2191220238095238,0.30972906403940886,0.0,0.4659361600540288,0.0441126855295707,0.041065184748652096,0.9999999999627976,0.6041666666441903,0.3716517857004594,1.3729120623334354,0.6418891215310523,0.6418891215310523
0.9000000000000001,1.0,6652.84033203125,88.24715423583984,inf,0.0,0.9,0.20870535714285715,0.25323974082073436,0.0,0.34978843439822344,0.04768682989746278,0.049879990291765784,0.9999999999627976,0.6889880952124633,0.3485863095108413,1.4391085818481846,0.6747350643438813,0.6747350643438813
1.0,1.0,6874.73046875,91.14864349365234,inf,0.0,0.9,0.16071428571428573,0.198482194979568,0.0,0.39140070920250886,0.03619119049002579,0.036181071379027076,0.9999999999627976,0.6372767856905776,0.340029761892112,1.5166403420024672,0.7087282171013055,0.7087282171013055
