-1.0,-1.0,12969.9853515625,197.03070068359375,3.1130627435833076,0.0,0.9,0.13210227272727273,0.0,0.0,0.9999999998363339,0.05417427620963459,0.0,0.9999999998579546,0.0,0.3678977272204691,0.9795117659874552,0.16757650969194754,0.16693458108970888
-0.9,-1.0,12573.5712890625,192.67855834960938,3.05073486068962,0.0,0.9,0.15625,0.0,0.0,0.9999999998316499,0.06685270728555547,0.0,0.9999999998579546,0.0,0.3849431817635024,0.9670343511556234,0.13319343123290311,0.13319343123290311
-0.8,-1.0,12208.21484375,188.65927124023438,2.9391321435243136,0.0,0.9,0.17329545454545456,0.0,0.0,0.9999999998281788,0.07384625298777148,0.0,0.9999999998579546,0.0,0.46022727266189956,0.9502980840444671,0.11491147224248457,0.11491147224248457
-0.7,-1.0,11876.5458984375,185.0054168701172,2.8554548957637316,0.0,0.9,0.19460227272727273,0.0,0.0,0.9999999998236332,0.09402678593176612,0.0,0.9999999998579546,0.0,0.5113636362909995,0.9385310592920638,0.09309533914740578,0.09309533914740578
-0.6,-1.0,11580.857421875,181.7503204345703,2.772578235910078,0.0,0.9,0.1903409090909091,0.0,0.0,0.9999999998245614,0.09557883012261628,0.0,0.9999999998579546,0.0,0.5639204544653522,0.9231725987668139,0.09991544830848216,0.09991544830848216
-0.5,-1.0,11324.54296875,178.92723083496094,2.694309838683487,0.0,0.9,0.22727272727272727,0.0,0.0,0.9999999998161765,0.1201151873228314,0.0,0.9999999998579546,0.0,0.634943181727991,0.9025444829710911,0.06852683367400267,0.0644766497589612
-0.3999999999999999,-1.0,11110.4638671875,176.56802368164062,2.623489291009661,0.0,0.9,0.25,0.0,0.0,0.9999999998106062,0.1439859432194296,0.0,0.9999999998579546,0.0,0.6874999999023438,0.8848754108788759,0.05572705922304568,0.049989048755807584
-0.29999999999999993,-1.0,10941.2958984375,174.70166015625,2.5658151436679826,0.0,0.9,0.3068181818181818,0.0,0.0,0.9999999997950819,0.19188319713356677,0.0,0.9999999998579546,0.0,0.7258522726241687,0.8674922503864996,0.05737968289494566,0.009984548230862027
-0.19999999999999996,-1.0,10819.56640625,173.35287475585938,2.491395624226504,0.0,0.9,0.3224431818181818,0.0,0.0,0.9999999997903564,0.20328878548335225,0.0,0.9999999998579546,0.0,0.7230113635336632,0.843741278108235,0.043492321579055804,0.0006216384541750164
-0.09999999999999998,-1.0,10745.8486328125,172.54051208496094,2.442945024649763,0.0,0.9,0.3409090909090909,0.0,0.0,0.9999999997844827,0.21302505364426214,0.0,0.9999999998579546,0.0,0.7201704544431576,0.8171893563386032,0.051595097259090936,-0.008934137640313325
0.0,-1.0,10720.865234375,172.2764434814453,2.4372467556377893,0.0,0.9,0.34232954545454547,1.0,0.0,0.9999999997840172,0.2212523287255038,1.0,0.9999999998579546,0.0014204545452527763,0.7045454544453771,0.815372164203369,0.04692856448870102,-0.015751445005090767
0.10000000000000009,-1.0,10745.720703125,172.56451416015625,2.438738280580673,0.0,0.9,0.3252840909090909,1.0,0.0,0.9999999997894736,0.20916231225639653,1.0,0.9999999998579546,0.0014204545452527763,0.6960227271738605,0.814634356865773,0.03861629414350201,-0.004570291647414384
0.20000000000000018,-1.0,10819.2109375,173.4004669189453,2.459855490776882,0.0,0.9,0.2997159090909091,1.0,0.0,0.9999999997971601,0.18151613741206374,1.0,0.9999999998579546,0.0014204545452527763,0.673295454449816,0.8249928358964563,0.049670989374214165,0.009611473063247075
0.30000000000000004,-1.0,10941.3916015625,174.77220153808594,2.5013067061440712,0.0,0.9,0.30113636363636365,0.0,0.0,0.9999999997967479,0.18400089736971337,0.0,0.9999999998579546,0.0,0.6434659089995077,0.8406663908353973,0.06651488479044647,-4.7885528604768145e-05
0.40000000000000013,-1.0,11111.216796875,176.66049194335938,2.617784606370526,0.0,0.9,0.2741477272727273,0.0,0.0,0.9999999998043052,0.17207800348222482,0.0,0.9999999998579546,0.0,0.6008522726419244,0.8718885150596823,0.06049282378810844,0.02903259877405141
0.5,-1.0,11325.8681640625,179.0404052734375,2.693664136153901,0.0,0.9,0.2713068181818182,0.0,0.0,0.9999999998050683,0.1801918995901384,0.0,0.9999999998579546,0.0,0.57812499991788,0.893695643853607,0.08105075953893193,0.03395854819447491
0.6000000000000001,-1.0,11582.3564453125,181.88287353515625,2.8130679308309077,0.0,0.9,0.22585227272727273,0.0,0.0,0.9999999998165138,0.14761795774958691,0.0,0.9999999998579546,0.0,0.5482954544675717,0.9188797476926346,0.09251269500429217,0.08377482311767262
0.7000000000000002,-1.0,11878.1728515625,185.15582275390625,2.947267007043722,0.0,0.9,0.18607954545454544,0.0,0.0,0.9999999998254799,0.11560156731773343,0.0,0.9999999998579546,0.0,0.5227272726530218,0.9505150105544692,0.13870455147022992,0.1328185755827096
0.8,-1.0,12210.9384765625,188.82611083984375,3.08662374898252,0.0,0.9,0.11789772727272728,0.0,0.0,0.9999999998389695,0.07270478479605083,0.0,0.9999999998579546,0.0,0.49005681811220786,0.9839730956838958,0.21513149923590796,0.21169329358536718
0.9000000000000001,-1.0,12578.0751953125,192.8603515625,3.22789481869877,0.0,0.9,0.08522727272727272,0.0,0.0,0.9999999998447205,0.04713303787434545,0.0,0.9999999998579546,0.0,0.49005681811220786,1.0163717259709217,0.2652627230343719,0.2616442401535185
1.0,-1.0,12976.4931640625,197.22608947753906,3.371156618509172,0.0,0.9,0.05823863636363636,0.0,0.0,0.9999999998491705,0.03752482588731197,0.0,0.9999999998579546,0.0,0.4815340908406912,1.0500650520146189,0.3046473490067079,0.3046473490067079
-1.0,-0.9,12571.98828125,192.6661834716797,3.0257162772725414,0.0,0.9,0.14204545454545456,0.0,0.0,0.9999999998344371,0.05341317464719628,0.0,0.9999999998579546,0.0,0.3977272726707774,0.9618928441382877,0.1692670729219632,0.16382779299820838
-0.9,-0.9,12162.71484375,188.1641387939453,2.9674012391216475,0.0,0.9,0.16477272727272727,0.0,0.0,0.999999999829932,0.06811784269328322,0.0,0.9999999998579546,0.0,0.40624999994229405,0.9476673089734531,0.13700190101970808,0.1323719238469168
-0.8,-0.9,11784.5791015625,183.9968719482422,2.898052145881411,0.0,0.9,0.18323863636363635,0.0,0.0,0.999999999826087,0.08307273997606208,0.0,0.9999999998579546,0.0,0.47301136356917456,0.9393196195589922,0.11625428566821888,0.11625428566821888
-0.7,-0.9,11440.4716796875,180.19956970214844,2.7918383604617145,0.0,0.9,0.203125,0.0,0.0,0.9999999998217469,0.09646856764041899,0.0,0.9999999998579546,0.0,0.534090909015044,0.9203692287927571,0.10069365078578678,0.10069365078578678
-0.6,-0.9,11133.208984375,176.80899047851562,2.685461128270322,0.0,0.9,0.22585227272727273,0.0,0.0,0.9999999998165138,0.11752262537521861,0.0,0.9999999998579546,0.0,0.6136363635491994,0.8958079102191898,0.07820023402421206,0.07744865124839881
-0.5,-0.9,10866.439453125,173.8618927001953,2.59533931800313,0.0,0.9,0.25142045454545453,0.0,0.0,0.9999999998102468,0.1360506879325265,0.0,0.9999999998579546,0.0,0.6704545453593105,0.8695101532230566,0.06283848532865857,0.0562494840278065
-0.3999999999999999,-0.9,10643.4912109375,171.39407348632812,2.527555811185539,0.0,0.9,0.32954545454545453,0.0,0.0,0.9999999997881356,0.20545057803989483,0.0,0.9999999998579546,0.0,0.7059659089906298,0.8494106394706923,0.06955440013745987,-0.013344665853609288
-0.29999999999999993,-0.9,10466.91015625,169.4384307861328,2.4080945359570753,0.0,0.9,0.390625,0.0,0.0,0.9999999997668997,0.2746783363890382,0.0,0.9999999998579546,0.0,0.724431818078916,0.8115778699032612,0.06536964872897691,-0.05493098384044335
-0.19999999999999996,-0.9,10339.83203125,168.02317810058594,2.366224224080468,0.0,0.9,0.41051136363636365,1.0,0.0,0.9999999997590361,0.2722100297508033,1.0,0.9999999998579546,0.0028409090905055527,0.7443181817124548,0.7953976963696536,0.0646268826856128,-0.06427687914936664
-0.09999999999999998,-0.9,10263.0537109375,167.17010498046875,2.3153126246037807,0.0,0.9,0.4247159090909091,1.0,0.0,0.9999999997530864,0.27779684909675356,1.0,0.9999999998579546,0.0028409090905055527,0.7528409089839715,0.7726597138143729,0.08455797231196449,-0.06734362109809117
0.0,-0.9,10236.9775390625,166.89285278320312,2.311111017371303,0.0,0.9,0.4318181818181818,1.0,0.0,0.99999999975,0.2877551384513025,1.0,0.9999999998579546,0.0028409090905055527,0.724431818078916,0.76851291541161,0.08160003286821421,-0.07581216860431064
0.10000000000000009,-0.9,10262.5498046875,167.1959228515625,2.3001273552993573,0.0,0.9,0.44176136363636365,1.0,0.0,0.999999999745547,0.29154062836297523,1.0,0.9999999998579546,0.0028409090905055527,0.7272727271694215,0.7692866881630154,0.09385838707881415,-0.09385838707881415
0.20000000000000018,-0.9,10339.69921875,168.07435607910156,2.3260611192612055,0.0,0.9,0.37357954545454547,1.0,0.0,0.9999999997732426,0.2351169994251879,1.0,0.9999999998579546,0.0028409090905055527,0.7201704544431576,0.780292464668868,0.05369078764699655,-0.03904971159960518
0.30000000000000004,-0.9,10467.505859375,169.51416015625,2.36300422947806,0.0,0.9,0.34517045454545453,1.0,0.0,0.9999999997830802,0.20424636836954407,1.0,0.9999999998579546,0.0028409090905055527,0.7088068180811354,0.7967718489743773,0.0831978717483289,-0.021080782147260255
0.40000000000000013,-0.9,10644.216796875,171.4932098388672,2.49020426827198,0.0,0.9,0.2869318181818182,1.0,0.0,0.9999999998007968,0.1612637439380235,1.0,0.9999999998579546,0.0014204545452527763,0.6434659089995077,0.8367121112583283,0.07341928267408529,0.030972108223700515
0.5,-0.9,10867.4541015625,173.98300170898438,2.6005758135804142,0.0,0.9,0.27698863636363635,1.0,0.0,0.9999999998035363,0.1589706597769124,1.0,0.9999999998579546,0.0014204545452527763,0.5980113635514188,0.8632156612363321,0.05671415069205854,0.03290845273703254
0.6000000000000001,-0.9,11134.1357421875,176.95045471191406,2.7539767968632614,0.0,0.9,0.24005681818181818,0.0,0.0,0.9999999998130842,0.1465610912558926,0.0,0.9999999998579546,0.0,0.5767045453726273,0.8961075648850402,0.08347019815643408,0.07068372536468376
0.7000000000000002,-0.9,11441.404296875,180.3598175048828,2.9021192416876658,0.0,0.9,0.19602272727272727,0.0,0.0,0.9999999998233217,0.11604407571175408,0.0,0.9999999998579546,0.0,0.5482954544675717,0.932099919909952,0.1277802119968239,0.1213900289120719
0.8,-0.9,11786.53125,184.1741485595703,3.075068814325824,0.0,0.9,0.1590909090909091,0.0,0.0,0.9999999998310811,0.091803973421282,0.0,0.9999999998579546,0.0,0.5056818181099884,0.9675609086046916,0.17574875411426094,0.17130905681879227
0.9000000000000001,-0.9,12166.546875,188.3568878173828,3.1728046302194874,0.0,0.9,0.10369318181818182,0.0,0.0,0.9999999998415214,0.0578576430049268,0.0,0.9999999998579546,0.0,0.49573863629321896,0.9973463207179821,0.24686477242561186,0.24156079711206468
1.0,-0.9,12578.1044921875,192.87286376953125,3.3170616758676768,0.0,0.9,0.06818181818181818,0.0,0.0,0.999999999847561,0.03818828223578761,0.0,0.9999999998579546,0.0,0.45312499993563565,1.0304507274235555,0.29664844706948057,0.2961233873208359
-1.0,-0.8,12204.744140625,188.63375854492188,3.012092974763277,0.0,0.9,0.13920454545454544,0.0,0.0,0.9999999998349836,0.04791252914036141,0.0,0.9999999998579546,0.0,0.457386363571394,0.9586084073321186,0.16884289631964716,0.16884289631964716
-0.9,-0.8,11782.4130859375,183.9835968017578,2.910929545035528,0.0,0.9,0.16477272727272727,0.0,0.0,0.999999999829932,0.06519271870169233,0.0,0.9999999998579546,0.0,0.444602272664119,0.9405048946546969,0.14331082707566098,0.14331082707566098
-0.8,-0.8,11391.8544921875,179.6689910888672,2.8174157536742945,0.0,0.9,0.2002840909090909,0.0,0.0,0.9999999998223802,0.0886849730005799,0.0,0.9999999998579546,0.0,0.5355113635602967,0.9209426268978496,0.12610030663183772,0.11490298821131952
-0.7,-0.8,11035.85546875,175.7279815673828,2.6796850047557714,0.0,0.9,0.22585227272727273,0.0,0.0,0.9999999998165138,0.1110737395655941,0.0,0.9999999998579546,0.0,0.60369318173243,0.895456577184364,0.10208888546112818,0.09734318648691143
-0.6,-0.8,10717.67578125,172.20053100585938,2.5864531975478022,0.0,0.9,0.265625,0.0,0.0,0.9999999998065765,0.14881978995416603,0.0,0.9999999998579546,0.0,0.6647727271782994,0.8659916723500747,0.07157156787940866,0.066050764483885
-0.5,-0.8,10441.0166015625,169.12744140625,2.4804925259591455,0.0,0.9,0.31107954545454547,0.0,0.0,0.9999999997938144,0.20618593092316032,0.0,0.9999999998579546,0.0,0.7045454544453771,0.8334740089236573,0.048079009464264195,0.025572790454854936
-0.3999999999999999,-0.8,10209.361328125,166.5485382080078,2.3585161514881876,0.0,0.9,0.39488636363636365,0.0,0.0,0.9999999997652582,0.2860371236996032,0.0,0.9999999998579546,0.0,0.7386363635314437,0.7930798810751835,0.059223336737854335,-0.046160944808915964
-0.29999999999999993,-0.8,10025.9404296875,164.50106811523438,2.2744799645600313,0.0,0.9,0.4289772727272727,1.0,0.0,0.9999999997512438,0.31556970532111867,1.0,0.9999999998579546,0.0014204545452527763,0.7386363635314437,0.7608788836630054,0.06344818509757691,-0.059154421696169406
-0.19999999999999996,-0.8,9893.2587890625,163.01724243164062,2.203484569371648,0.0,0.9,0.4786931818181818,1.0,0.0,0.9999999997275204,0.34284957361490404,1.0,0.9999999998579546,0.0028409090905055527,0.7329545453504326,0.7334676911315373,0.09071009783558769,-0.08910881712056037
-0.09999999999999998,-0.8,9813.1181640625,162.12193298339844,2.130996901473026,0.0,0.9,0.4872159090909091,1.0,0.0,0.9999999997229916,0.3586539863265265,1.0,0.9999999998579546,0.0028409090905055527,0.7571022726197298,0.7104702641054419,0.08636787229979712,-0.08636787229979712
0.0,-0.8,9785.8720703125,161.83103942871094,2.102410990935779,0.0,0.9,0.4943181818181818,1.0,0.0,0.999999999719101,0.3625087026505756,1.0,0.9999999998579546,0.005681818181011105,0.7698863635270048,0.7018203340049365,0.08848997206389587,-0.08848997206389587
0.10000000000000009,-0.8,9812.421875,162.14967346191406,2.1445430213866117,0.0,0.9,0.515625,1.0,0.0,0.9999999997067448,0.37217778788545025,1.0,0.9999999998579546,0.017045454543033318,0.7414772726219493,0.7170105878766885,0.11983132927560114,-0.11721316086610252
0.20000000000000018,-0.8,9892.8759765625,163.0721893310547,2.1883320717843446,0.0,0.9,0.484375,1.0,0.0,0.9999999997245178,0.3373410341602402,1.0,0.9999999998579546,0.012784090907274987,0.7329545453504326,0.7348328319768466,0.12731235515724124,-0.09875418068799784
0.30000000000000004,-0.8,10026.05859375,164.58224487304688,2.269129970902918,0.0,0.9,0.4275568181818182,1.0,0.0,0.9999999997518609,0.3007306791957693,1.0,0.9999999998579546,0.0042613636357583294,0.7230113635336632,0.7679701486159191,0.1049721632131963,-0.058372587324784404
0.40000000000000013,-0.8,10209.580078125,166.65460205078125,2.3401561871109737,0.0,0.9,0.37073863636363635,1.0,0.0,0.9999999997742663,0.23865601173319137,1.0,0.9999999998579546,0.0028409090905055527,0.6775568180855743,0.7934623309924961,0.09103237234204979,-0.010329897623964938
0.5,-0.8,10441.193359375,169.25674438476562,2.493541694860736,0.0,0.9,0.32954545454545453,1.0,0.0,0.9999999997881356,0.20378376540757012,1.0,0.9999999998579546,0.0042613636357583294,0.6221590908207161,0.8351439136904841,0.09152453830271717,0.02384466345372061
0.6000000000000001,-0.8,10717.9755859375,172.35133361816406,2.660663537199645,0.0,0.9,0.3068181818181818,1.0,0.0,0.9999999997950819,0.19343667130566838,1.0,0.9999999998579546,0.0014204545452527763,0.5923295453704077,0.8729836840714907,0.0791850178659192,0.03826201060697662
0.7000000000000002,-0.8,11036.6689453125,175.89828491210938,2.8486028975835573,0.0,0.9,0.24857954545454544,1.0,0.0,0.9999999998109641,0.15672076044055397,1.0,0.9999999998579546,0.0014204545452527763,0.5710227271916161,0.9141347702747966,0.0930673506269424,0.09139778300732637
0.8,-0.8,11393.9423828125,179.8570098876953,2.9905937096347395,0.0,0.9,0.19602272727272727,0.0,0.0,0.9999999998233217,0.12818091267633716,0.0,0.9999999998579546,0.0,0.5298295453792856,0.9487565266256239,0.15274451866640967,0.14904637529179832
0.9000000000000001,-0.8,11786.3974609375,184.1875,3.174071694909396,0.0,0.9,0.14488636363636365,0.0,0.0,0.9999999998338871,0.09419033183980334,0.0,0.9999999998579546,0.0,0.47301136356917456,0.9858739995604194,0.21157200156454786,0.20987203401336502
1.0,-0.8,12210.62890625,188.8518829345703,3.3018027568973967,0.0,0.9,0.10085227272727272,0.0,0.0,0.9999999998420221,0.06336768581557535,0.0,0.9999999998579546,0.0,0.44176136357361345,1.0164337746728456,0.26930110903657145,0.2674904453336099
-1.0,-0.7,11871.5546875,184.96600341796875,2.953752230754907,0.0,0.9,0.1590909090909091,0.0,0.0,0.9999999998310811,0.052895608185360335,0.0,0.9999999998579546,0.0,0.49573863629321896,0.9442141826375894,0.16792560264984924,0.16717454076075003
-0.9,-0.7,11436.8544921875,180.1722412109375,2.854190692096746,0.0,0.9,0.18607954545454544,0.0,0.0,0.9999999998254799,0.07474067413404348,0.0,0.9999999998579546,0.0,0.4857954544764495,0.926263491388919,0.16124925260405376,0.14168643495200986
-0.8,-0.7,11033.845703125,175.71372985839844,2.7328832334550013,0.0,0.9,0.22585227272727273,0.0,0.0,0.9999999998165138,0.10960094371541791,0.0,0.9999999998579546,0.0,0.5624999999200995,0.9001748653291318,0.13649297913134828,0.1083429004979763
-0.7,-0.7,10666.314453125,171.63133239746094,2.63013681274849,0.0,0.9,0.2528409090909091,0.0,0.0,0.999999999809886,0.1368420046687562,0.0,0.9999999998579546,0.0,0.634943181727991,0.8752091655673937,0.11180281818311477,0.09634445917315379
-0.6,-0.7,10337.6484375,167.9683074951172,2.500354418998964,0.0,0.9,0.32386363636363635,0.0,0.0,0.9999999997899159,0.22232514718099142,0.0,0.9999999998579546,0.0,0.6747159089950688,0.8364103281894539,0.0590667492767176,0.037003911381908165
-0.5,-0.7,10051.4990234375,164.76939392089844,2.3450140306392546,0.0,0.9,0.3821022727272727,0.0,0.0,0.9999999997701149,0.2884185263079483,0.0,0.9999999998579546,0.0,0.7528409089839715,0.7896810070819174,0.07311996625773878,-0.004907276364918214
-0.3999999999999999,-0.7,9811.689453125,162.07896423339844,2.1879902445682693,0.0,0.9,0.4375,0.0,0.0,0.9999999997474747,0.35247872615071363,0.0,0.9999999998579546,0.0,0.788352272615291,0.7368997760162738,0.07325156874735694,-0.04140978032535495
-0.29999999999999993,-0.7,9621.7880859375,159.93875122070312,2.075689589530613,0.0,0.9,0.4900568181818182,1.0,0.0,0.9999999997214484,0.3700883944961826,1.0,0.9999999998579546,0.0028409090905055527,0.7968749998868075,0.6980011690478117,0.07458824191319925,-0.07458824191319925
-0.19999999999999996,-0.7,9483.791015625,158.38523864746094,1.9943886055402928,0.0,0.9,0.53125,1.0,0.0,0.9999999996969696,0.4057142201887845,1.0,0.9999999998579546,0.0028409090905055527,0.7954545453415548,0.669790889040669,0.09054717244762349,-0.09054717244762349
-0.09999999999999998,-0.7,9400.216796875,157.4469757080078,1.9411897157713722,0.0,0.9,0.5440340909090909,1.0,0.0,0.9999999996884734,0.41323583813905346,1.0,0.9999999998579546,0.005681818181011105,0.7826704544342798,0.6457431888221581,0.0840138139066253,-0.0840138139066253
0.0,-0.7,9372.35546875,157.14215087890625,1.9311669889365513,0.0,0.9,0.5653409090909091,1.0,0.0,0.9999999996732025,0.427944013343963,1.0,0.9999999998579546,0.017045454543033318,0.8053977271583243,0.6454325179233491,0.11456710700044455,-0.09541581000509101
0.10000000000000009,-0.7,9400.1826171875,157.4767303466797,1.9226961611306188,0.0,0.9,0.5710227272727273,1.0,0.0,0.9999999996688741,0.4281317398981079,1.0,0.9999999998579546,0.02840909090505553,0.7798295453437742,0.6447964478080055,0.13035139991192596,-0.10021774857038226
0.20000000000000018,-0.7,9483.56640625,158.44410705566406,1.9906160975602563,0.0,0.9,0.5667613636363636,1.0,0.0,0.999999999672131,0.4307501896402732,1.0,0.9999999998579546,0.021306818178791646,0.7514204544387187,0.6758771055336661,0.1500620680735656,-0.10760319403551129
0.30000000000000004,-0.7,9621.248046875,160.02560424804688,2.0783658380566985,0.0,0.9,0.5056818181818182,1.0,0.0,0.9999999997126436,0.3674044758891266,1.0,0.9999999998579546,0.012784090907274987,0.7670454544364993,0.7098894783464926,0.13027651957153802,-0.07233745271415308
0.40000000000000013,-0.7,9811.5673828125,162.1922149658203,2.1926170496582933,0.0,0.9,0.4303977272727273,1.0,0.0,0.9999999997506234,0.30222197399954615,1.0,0.9999999998579546,0.009943181816769436,0.724431818078916,0.7507793258963747,0.07471295194909894,-0.012446651907399218
0.5,-0.7,10051.3115234375,164.90719604492188,2.3745511446008045,0.0,0.9,0.3778409090909091,1.0,0.0,0.9999999997716894,0.2508326430194124,1.0,0.9999999998579546,0.0042613636357583294,0.6931818180833549,0.80811621296408,0.10544145043881366,0.022357528363182725
0.6000000000000001,-0.7,10337.658203125,168.12855529785156,2.5481402642343807,0.0,0.9,0.3522727272727273,1.0,0.0,0.9999999997807018,0.226284070936724,1.0,0.9999999998579546,0.005681818181011105,0.6392045453637494,0.8488590620710512,0.11428971187350821,0.04027289526541089
0.7000000000000002,-0.7,10667.1630859375,171.8119354248047,2.771236047694019,0.0,0.9,0.2997159090909091,1.0,0.0,0.9999999997971601,0.19833928084503508,1.0,0.9999999998579546,0.0042613636357583294,0.5823863635536384,0.9010347418637711,0.12261156654502418,0.08176716409578963
0.8,-0.7,11035.9189453125,175.91258239746094,2.95775965689368,0.0,0.9,0.23011363636363635,1.0,0.0,0.9999999998154983,0.1555226103033388,1.0,0.9999999998579546,0.0028409090905055527,0.5184659090172634,0.9439448203622371,0.15396769994065573,0.152653273089414
0.9000000000000001,-0.7,11440.2294921875,180.3873748779297,3.120913563879923,0.0,0.9,0.18181818181818182,1.0,0.0,0.999999999826389,0.12541730039284857,1.0,0.9999999998579546,0.0014204545452527763,0.4943181817479662,0.9764223689951308,0.202733220948532,0.20216450034853936
1.0,-0.7,11876.712890625,185.19558715820312,3.274178540201837,0.0,0.9,0.140625,0.0,0.0,0.9999999998347108,0.09665142193769442,0.0,0.9999999998579546,0.0,0.46590909084291066,1.0065826807924447,0.24794889986680582,0.24646151904912464
-1.0,-0.6,11575.177734375,181.69638061523438,2.8854657257632335,0.0,0.9,0.16477272727272727,0.0,0.0,0.999999999829932,0.06449786559587765,0.0,0.9999999998579546,0.0,0.4886363635669551,0.9283778240110747,0.1709050464881614,0.1709050464881614
-0.9,-0.6,11128.5654296875,176.7667236328125,2.817990125700545,0.0,0.9,0.19886363636363635,0.0,0.0,0.999999999822695,0.09759599540877348,0.0,0.9999999998579546,0.0,0.5440340908318133,0.9185117383614704,0.1578379724320633,0.14331408083304306
-0.8,-0.6,10714.283203125,172.17117309570312,2.669786450650701,0.0,0.9,0.2571022727272727,0.0,0.0,0.9999999998087955,0.15227789125822938,0.0,0.9999999998579546,0.0,0.5980113635514188,0.8853441464219152,0.13984242858616372,0.1054447214704516
-0.7,-0.6,10335.8994140625,167.95303344726562,2.5206642138471778,0.0,0.9,0.2997159090909091,0.0,0.0,0.9999999997971601,0.20098631309439632,0.0,0.9999999998579546,0.0,0.6562499999067827,0.8465417645245532,0.10074223790918228,0.07701883644800389
-0.6,-0.6,9997.482421875,164.15892028808594,2.3552197545690805,0.0,0.9,0.3778409090909091,0.0,0.0,0.9999999997716894,0.279257578660969,0.0,0.9999999998579546,0.0,0.7357954544409382,0.795232507550785,0.0821497798641824,0.014948520118664833
-0.5,-0.6,9702.505859375,160.8375244140625,2.1538076530072385,0.0,0.9,0.4318181818181818,0.0,0.0,0.99999999975,0.33647942457668933,0.0,0.9999999998579546,0.0,0.8053977271583243,0.7315047520231568,0.03932283183141384,-0.012742521722163135
-0.3999999999999999,-0.6,9455.1484375,158.03770446777344,1.9699463773585364,0.0,0.9,0.4900568181818182,1.0,0.0,0.9999999997214484,0.40747149829277396,1.0,0.9999999998579546,0.0014204545452527763,0.8380681816991381,0.6709165320844261,0.07981055017416912,-0.046635148000011686
-0.29999999999999993,-0.6,9259.138671875,155.80596923828125,1.8179061247547088,0.0,0.9,0.5610795454545454,1.0,0.0,0.9999999996763753,0.4408207375473694,1.0,0.9999999998579546,0.0028409090905055527,0.8593749998779298,0.6181990162200377,0.12091948292058746,-0.09616190805658911
-0.19999999999999996,-0.6,9116.669921875,154.1834259033203,1.7084640759428682,0.0,0.9,0.6051136363636364,1.0,0.0,0.9999999996402877,0.4667235306646713,1.0,0.9999999998579546,0.005681818181011105,0.8735795453304575,0.5783211252207234,0.10933870710239242,-0.10563260152807126
-0.09999999999999998,-0.6,9029.92578125,153.2025146484375,1.6754571697335316,0.0,0.9,0.6122159090909091,1.0,0.0,0.9999999996336996,0.47077816864394195,1.0,0.9999999998579546,0.014204545452527764,0.8792613635114686,0.5670433665300787,0.09288126432093492,-0.09076772511662844
0.0,-0.6,9000.9033203125,152.88380432128906,1.6486633107553936,0.0,0.9,0.6335227272727273,1.0,0.0,0.999999999612403,0.4969460147328228,1.0,0.9999999998579546,0.03835227272182496,0.8991477271450075,0.55991346182036,0.11569611363312991,-0.09501011458909256
0.10000000000000009,-0.6,9030.0107421875,153.2342987060547,1.6971948100901713,0.0,0.9,0.6150568181818182,1.0,0.0,0.9999999996309962,0.4789516488244213,1.0,0.9999999998579546,0.03835227272182496,0.8849431816924797,0.5821882654166772,0.10556700208437034,-0.07298891734610678
0.20000000000000018,-0.6,9116.0615234375,154.24627685546875,1.7762570869919123,0.0,0.9,0.6051136363636364,1.0,0.0,0.9999999996402877,0.46787588042729433,1.0,0.9999999998579546,0.031249999995561082,0.850852272606413,0.610468436033135,0.1532091814072872,-0.07640048484027073
0.30000000000000004,-0.6,9258.1240234375,155.8986053466797,1.847251138366498,0.0,0.9,0.5752840909090909,1.0,0.0,0.9999999996655518,0.43917729914740644,1.0,0.9999999998579546,0.021306818178791646,0.8352272726086325,0.6391375518228019,0.1368441855154867,-0.07249332697219686
0.40000000000000013,-0.6,9454.21484375,158.15826416015625,2.016451015347549,0.0,0.9,0.4928977272727273,1.0,0.0,0.9999999997198878,0.3648171866110437,1.0,0.9999999998579546,0.01136363636202221,0.7869318180700381,0.7004245349875983,0.11868723722074626,-0.02435622635387794
0.5,-0.6,9701.6708984375,160.98387145996094,2.2229440010163937,0.0,0.9,0.4303977272727273,1.0,0.0,0.9999999997506234,0.29106457101115873,1.0,0.9999999998579546,0.008522727271516659,0.7386363635314437,0.7681196907682125,0.1198315955169379,0.020328889002807958
0.6000000000000001,-0.6,9997.0,164.32872009277344,2.446132876093117,0.0,0.9,0.3806818181818182,1.0,0.0,0.9999999997706421,0.24923287020673038,1.0,0.9999999998579546,0.007102272726263882,0.6946022726286076,0.8332395368722441,0.13507025271370163,0.060098889083519125
0.7000000000000002,-0.6,10336.6513671875,168.14390563964844,2.6527007685439514,0.0,0.9,0.3522727272727273,1.0,0.0,0.9999999997807018,0.23624750091683416,1.0,0.9999999998579546,0.005681818181011105,0.6207386362754633,0.8817025117712267,0.13421168794480576,0.07324496598434081
0.8,-0.6,10715.9443359375,172.38084411621094,2.8979365128715977,0.0,0.9,0.2784090909090909,1.0,0.0,0.9999999998031496,0.19478233481515372,1.0,0.9999999998579546,0.005681818181011105,0.5482954544675717,0.9356010106019536,0.14544310622775664,0.1445415518478294
0.9000000000000001,-0.6,11131.6513671875,176.99301147460938,3.083961155338568,0.0,0.9,0.234375,1.0,0.0,0.9999999998144713,0.16539592808349607,1.0,0.9999999998579546,0.0028409090905055527,0.5156249999267578,0.9711009776374661,0.18262064702531663,0.1821869029162871
1.0,-0.6,11579.4921875,181.93728637695312,3.242757507668602,0.0,0.9,0.20738636363636365,1.0,0.0,0.9999999998207886,0.13834274522035483,1.0,0.9999999998579546,0.0014204545452527763,0.4758522726596801,0.9992031805203181,0.2060228848861377,0.20577399916745012
-1.0,-0.5,11318.177734375,178.85813903808594,2.7957607795406028,0.0,0.9,0.1903409090909091,0.0,0.0,0.9999999998245614,0.0920624866241241,0.0,0.9999999998579546,0.0,0.5454545453770662,0.9099021948876205,0.16567636207857048,0.151892000981359
-0.9,-0.5,10861.0810546875,173.80409240722656,2.71371702414826,0.0,0.9,0.22301136363636365,0.0,0.0,0.9999999998171847,0.12155790105089004,0.0,0.9999999998579546,0.0,0.5795454544631328,0.8917873499732062,0.16303648374922244,0.13672396274948193
-0.8,-0.5,10436.2099609375,169.0821075439453,2.5614482906872733,0.0,0.9,0.2897727272727273,0.0,0.0,0.9999999998,0.18349920280876478,0.0,0.9999999998579546,0.0,0.6562499999067827,0.8575380264978506,0.1263966418911547,0.08844779018343685
-0.7,-0.5,10048.37890625,164.7379150390625,2.3798397888231895,0.0,0.9,0.3465909090909091,0.0,0.0,0.9999999997826087,0.23833684400522542,0.0,0.9999999998579546,0.0,0.7173295453526521,0.8075629803175395,0.08804527721211303,0.05316819167912701
-0.6,-0.5,9701.23828125,160.82118225097656,2.154099249764037,0.0,0.9,0.43323863636363635,0.0,0.0,0.9999999997493734,0.3273057402607756,0.0,0.9999999998579546,0.0,0.794034090796302,0.737619733606379,0.07599395157009618,-0.009363363131130264
-0.5,-0.5,9398.6513671875,157.38433837890625,1.9467918804224253,0.0,0.9,0.4772727272727273,0.0,0.0,0.9999999997282608,0.37223688584121,0.0,0.9999999998579546,0.0,0.8437499998801492,0.6628201485772559,0.06225240315994571,-0.020195152181892776
-0.3999999999999999,-0.5,9144.68359375,154.48069763183594,1.7371378979117558,0.0,0.9,0.5696022727272727,1.0,0.0,0.9999999996699669,0.47620747505445216,1.0,0.9999999998579546,0.0028409090905055527,0.8792613635114686,0.5890486611107475,0.10520371171690428,-0.08388699359486043
-0.29999999999999993,-0.5,8943.2421875,152.16163635253906,1.5386379275462516,0.0,0.9,0.6661931818181818,1.0,0.0,0.9999999995744681,0.5598635453635891,1.0,0.9999999998579546,0.0042613636357583294,0.9048295453260186,0.5140723956980165,0.14277633768902206,-0.14277633768902206
-0.19999999999999996,-0.5,8796.7900390625,150.47291564941406,1.4223070882329327,0.0,0.9,0.6761363636363636,1.0,0.0,0.9999999995614035,0.5351914865243648,1.0,0.9999999998579546,0.02272727272404442,0.9318181816858213,0.47307466754483135,0.12107648521146303,-0.12107648521146303
-0.09999999999999998,-0.5,8707.5234375,149.4508819580078,1.364094114907383,0.0,0.9,0.6903409090909091,1.0,0.0,0.9999999995412844,0.547019355220972,1.0,0.9999999998579546,0.03551136363131941,0.9673295453171408,0.4543667851945202,0.11302218927908052,-0.11302218927908052
0.0,-0.5,8677.4990234375,149.11883544921875,1.3336582496084557,0.0,0.9,0.7045454545454546,1.0,0.0,0.9999999995192308,0.5669914957476488,1.0,0.9999999998579546,0.04261363635758329,0.9772727271339102,0.4472862861245972,0.10833066315534175,-0.10670936072756447
0.10000000000000009,-0.5,8707.3076171875,149.4846954345703,1.3629662975036123,0.0,0.9,0.6946022727272727,1.0,0.0,0.9999999995348837,0.5530532472226356,1.0,0.9999999998579546,0.05113636362909995,0.9801136362244157,0.46502876452599134,0.09531163368391489,-0.09531163368391489
0.20000000000000018,-0.5,8795.76171875,150.5397491455078,1.4428479865426518,0.0,0.9,0.6789772727272727,0.9705882352941176,0.0,0.9955752207984181,0.5388067169380768,0.7,0.9999999998579546,0.0482954545385944,0.9701704544076463,0.49596339734880585,0.14821707925025437,-0.09062893029919582
0.30000000000000004,-0.5,8941.388671875,152.260009765625,1.5787860553439994,0.0,0.9,0.6377840909090909,0.7027027027027027,0.0,0.956862744722799,0.5000578824565419,0.2625,0.9999999998579546,0.052556818174352725,0.9417613635025908,0.5476369788867663,0.15995963927938134,-0.08372888099478194
0.40000000000000013,-0.5,9142.708984375,154.60845947265625,1.788154184818133,0.0,0.9,0.5653409090909091,0.4,0.0,0.9313725487152377,0.42883378446681597,0.29,0.9999999998579546,0.049715909083847175,0.8849431816924797,0.6313042766611856,0.14547459589380735,-0.04505075293836075
0.5,-0.5,9396.876953125,157.5390625,2.029363451195268,0.0,0.9,0.47301136363636365,0.38461538461538464,0.0,0.956873315105964,0.33111066585502674,0.39999999999999997,0.9999999998579546,0.036931818176572186,0.8167613635203465,0.7143827899107189,0.10353144975493905,0.028272509418756097
0.6000000000000001,-0.5,9700.2255859375,161.0002899169922,2.2940082666618866,0.0,0.9,0.41761363636363635,0.625,0.0,0.9926829265871504,0.28642969835938964,0.5238095238095238,0.9999999998579546,0.01136363636202221,0.7286931817146743,0.7939848583269329,0.14711542705383904,0.06752153600975493
0.7000000000000002,-0.5,10049.02734375,164.9388427734375,2.5840356331776904,0.0,0.9,0.375,1.0,0.0,0.9999999997727272,0.26091526935052584,1.0,0.9999999998579546,0.005681818181011105,0.6690340908140577,0.8747406565342031,0.14916626147526668,0.09862975166758073
0.8,-0.5,10437.947265625,169.30227661132812,2.8211396567762606,0.0,0.9,0.29829545454545453,1.0,0.0,0.9999999997975708,0.21479894410099784,1.0,0.9999999998579546,0.005681818181011105,0.5923295453704077,0.9276816828711061,0.17694188100272062,0.1618432162107336
0.9000000000000001,-0.5,10863.5263671875,174.04119873046875,3.013544618780565,0.0,0.9,0.25426136363636365,1.0,0.0,0.9999999998095239,0.17519471217045257,1.0,0.9999999998579546,0.0028409090905055527,0.5255681817435273,0.9699498552347883,0.20061985769593274,0.20021725481092897
1.0,-0.5,11321.3193359375,179.11007690429688,3.183928092275181,0.0,0.9,0.21306818181818182,1.0,0.0,0.9999999998194946,0.14427488305183658,1.0,0.9999999998579546,0.007102272726263882,0.4943181817479662,1.0032520403654637,0.23469693303061337,0.233485801779339
-1.0,-0.3999999999999999,11104.3427734375,176.48333740234375,2.7201007032200875,0.0,0.9,0.2059659090909091,0.0,0.0,0.9999999998211092,0.10886790673160421,0.0,0.9999999998579546,0.0,0.5624999999200995,0.8923238817633187,0.1706530170951918,0.14850225139008744
-0.9,-0.3999999999999999,10638.1162109375,171.32015991210938,2.5700001266233232,0.0,0.9,0.2627840909090909,0.0,0.0,0.9999999998073218,0.15746742146851903,0.0,0.9999999998579546,0.0,0.6477272726352661,0.8606656035178677,0.13181350396487515,0.10263086589864648
-0.8,-0.3999999999999999,10204.5849609375,166.48666381835938,2.4035225779769545,0.0,0.9,0.31676136363636365,0.0,0.0,0.9999999997920997,0.20553765585107192,0.0,0.9999999998579546,0.0,0.7159090908073993,0.81871751086911,0.11697185179231168,0.07402675579378168
-0.7,-0.3999999999999999,9808.287109375,162.0304718017578,2.183293832090989,0.0,0.9,0.40767045454545453,0.0,0.0,0.9999999997601918,0.29075874287860415,0.0,0.9999999998579546,0.0,0.7698863635270048,0.7505441211245639,0.0677456892554678,0.009123198625362147
-0.6,-0.3999999999999999,9453.580078125,158.0040283203125,1.970075394320282,0.0,0.9,0.4772727272727273,0.0,0.0,0.9999999997282608,0.3616107566760699,0.0,0.9999999998579546,0.0,0.8338068180633798,0.676565003389192,0.06988022107254904,-0.02702348875445113
-0.5,-0.3999999999999999,9143.9755859375,154.46324157714844,1.707269544686388,0.0,0.9,0.5823863636363636,0.0,0.0,0.9999999996598639,0.46596834269235293,0.0,0.9999999998579546,0.0,0.8835227271472269,0.5798424043690207,0.08784782889260177,-0.08784782889260177
-0.3999999999999999,-0.3999999999999999,8884.49609375,151.465576171875,1.4660218170579105,0.0,0.9,0.7102272727272727,1.0,0.0,0.999999999509804,0.6080266614371597,1.0,0.9999999998579546,0.008522727271516659,0.9133522725975353,0.48318581739961564,0.17028444698339237,-0.17028444698339237
-0.29999999999999993,-0.3999999999999999,8678.474609375,149.06689453125,1.277710946345095,0.0,0.9,0.7670454545454546,1.0,0.0,0.999999999390244,0.6666372608164763,1.0,0.9999999998579546,0.017045454543033318,0.9431818180478435,0.4046970692531474,0.17839717644974284,-0.17839717644974284
-0.19999999999999996,-0.3999999999999999,8528.76171875,147.31752014160156,1.120561383637569,0.0,0.9,0.8210227272727273,1.0,0.0,0.9999999992063493,0.7256956180811656,1.0,0.9999999998579546,0.06960227271738605,0.9928977271316907,0.3382425340981155,0.196522954553807,-0.196522954553807
-0.09999999999999998,-0.3999999999999999,8437.697265625,146.2577362060547,1.040680073900811,0.0,0.9,0.8409090909090909,1.0,0.0,0.9999999991071429,0.7491967898501221,1.0,0.9999999998579546,0.08522727271516659,0.997159090767449,0.30252529897896285,0.18870541167571359,-0.18870541167571359
0.0,-0.3999999999999999,8406.6328125,145.9134979248047,1.0254960400381041,0.0,0.9,0.8323863636363636,1.0,0.0,0.9999999991525425,0.7329976957178531,1.0,0.9999999998579546,0.0965909090771888,0.997159090767449,0.2988335769902625,0.17119430615759335,-0.17119430615759335
0.10000000000000009,-0.3999999999999999,8436.82421875,146.2935333251953,1.0652475693703303,0.0,0.9,0.8210227272727273,1.0,0.0,0.9999999992063493,0.7064324101521618,1.0,0.9999999998579546,0.09090909089617769,0.997159090767449,0.3243594817748112,0.16246234448550476,-0.16246234448550476
0.20000000000000018,-0.3999999999999999,8527.35546875,147.38824462890625,1.129721945549364,0.0,0.9,0.8053977272727273,0.9814814814814815,0.0,0.9927007292024083,0.685422663539386,0.7714285714285715,0.9999999998579546,0.07670454544364992,0.9957386362221963,0.35805820219975604,0.15767046170851687,-0.15767046170851687
0.30000000000000004,-0.3999999999999999,8675.9296875,149.17074584960938,1.2958527685616223,0.0,0.9,0.7585227272727273,0.8620689655172413,0.0,0.9529411759100347,0.6288555807633108,0.6071428571428572,0.9999999998579546,0.08238636362466104,0.9886363634959324,0.4349673041900879,0.21587237988810123,-0.1432923903492361
0.40000000000000013,-0.3999999999999999,8881.5,151.60025024414062,1.5140537861251793,0.0,0.9,0.6761363636363636,0.5098039215686274,0.0,0.8903508768024777,0.5403088946560892,0.36111111111111116,0.9999999998579546,0.0724431818078916,0.9673295453171408,0.5298671965986188,0.20050374956069078,-0.10177331973515957
0.5,-0.3999999999999999,9141.2353515625,154.6260528564453,1.7764275996232524,0.0,0.9,0.5568181818181818,0.34146341463414637,0.0,0.9134615381687623,0.42427980263627246,0.4258064516129032,0.9999999998579546,0.05823863635536383,0.9076704544165242,0.629401091156156,0.1264231829852544,-0.018170988337524077
0.6000000000000001,-0.3999999999999999,9451.173828125,158.19210815429688,2.131082883881635,0.0,0.9,0.4588068181818182,0.19444444444444445,0.0,0.9238845141932062,0.3359408779694144,0.35353535353535354,0.9999999998579546,0.05113636362909995,0.825284090791863,0.7544710784501407,0.10969066340400296,0.05789508254651035
0.7000000000000002,-0.3999999999999999,9807.3134765625,162.240966796875,2.451478437332141,0.0,0.9,0.3877840909090909,0.36363636363636365,0.0,0.9675174011676293,0.2797229710695529,0.4526315789473684,0.9999999998579546,0.031249999995561082,0.6960227271738605,0.8439131960253556,0.15972259230986222,0.11933422940779573
0.8,-0.3999999999999999,10204.5830078125,166.71681213378906,2.7080890019188177,0.0,0.9,0.3465909090909091,0.35294117647058826,0.0,0.9760869563095462,0.24920697471536724,0.4222222222222222,0.9999999998579546,0.0241477272692972,0.6321022726374855,0.9069775819376079,0.14700895331791666,0.14700895331791666
0.9000000000000001,-0.3999999999999999,10638.6083984375,171.56756591796875,2.952258625068079,0.0,0.9,0.2840909090909091,0.5714285714285714,0.0,0.9940476188503873,0.20024878156891485,0.5,0.9999999998579546,0.009943181816769436,0.5468749999223189,0.9645818466416209,0.19740699886685534,0.19740699886685534
1.0,-0.3999999999999999,11105.1552734375,176.74571228027344,3.163985158593621,0.0,0.9,0.23011363636363635,0.6,0.0,0.9963099629158101,0.15538263724070858,0.3,0.9999999998579546,0.007102272726263882,0.5042613635647356,1.0088351488399376,0.2467125520704301,0.2467125520704301
-1.0,-0.29999999999999993,10935.2119140625,174.60122680664062,2.5669412379556746,0.0,0.9,0.26704545454545453,0.0,0.0,0.9999999998062016,0.14719400815462647,0.0,0.9999999998579546,0.0,0.5937499999156606,0.8533910861122437,0.11933191635991797,0.09388986207637443
-0.9,-0.29999999999999993,10461.876953125,169.34808349609375,2.3967489328109273,0.0,0.9,0.3039772727272727,0.0,0.0,0.9999999997959184,0.18401181132211158,0.0,0.9999999998579546,0.0,0.6917613635381021,0.814392553753219,0.10148311064554777,0.06607924589516193
-0.8,-0.29999999999999993,10021.224609375,164.42214965820312,2.1992464949341075,0.0,0.9,0.37073863636363635,0.0,0.0,0.9999999997742663,0.24319033047539457,0.0,0.9999999998579546,0.0,0.7457386362577076,0.7591839839893165,0.06246246968508606,0.022768769244444764
-0.7,-0.29999999999999993,9617.923828125,159.87269592285156,1.9969799011925335,0.0,0.9,0.45738636363636365,0.0,0.0,0.9999999997382198,0.3329469649402968,0.0,0.9999999998579546,0.0,0.8110795453393354,0.6963360942463959,0.05778873742443278,-0.03210588330264072
-0.6,-0.29999999999999993,9256.783203125,155.75424194335938,1.6997311177488046,0.0,0.9,0.5852272727272727,1.0,0.0,0.9999999996575342,0.4538625925235833,1.0,0.9999999998579546,0.0014204545452527763,0.8792613635114686,0.5832487609558085,0.1001164149165109,-0.1001164149165109
-0.5,-0.29999999999999993,8942.1943359375,152.12582397460938,1.4622336168006285,0.0,0.9,0.6917613636363636,1.0,0.0,0.9999999995391705,0.5762036636415993,1.0,0.9999999998579546,0.007102272726263882,0.9048295453260186,0.48310174843825443,0.15107746206777042,-0.15107746206777042
-0.3999999999999999,-0.29999999999999993,8678.2607421875,149.04837036132812,1.197201219425579,0.0,0.9,0.8025568181818182,1.0,0.0,0.9999999992805756,0.7113824013365854,1.0,0.9999999998579546,0.021306818178791646,0.9616477271361297,0.364669495884089,0.19732055552581637,-0.19732055552581637
-0.29999999999999993,-0.29999999999999993,8468.7001953125,146.5818328857422,1.0099072635480315,0.0,0.9,0.8551136363636364,1.0,0.0,0.9999999990196079,0.775313000762967,1.0,0.9999999998579546,0.07528409089839715,0.9999999998579546,0.27519845762630657,0.19059556191353044,-0.19059556191353044
-0.19999999999999996,-0.29999999999999993,8316.330078125,144.78054809570312,0.882886000756584,0.0,0.9,0.8778409090909091,1.0,0.0,0.9999999988372094,0.8011915333574012,1.0,0.9999999998579546,0.1576704545230582,0.9999999998579546,0.2121000330874086,0.16788433204610728,-0.16788433204610728
-0.09999999999999998,-0.29999999999999993,8223.755859375,143.6883544921875,0.8202026628577075,0.0,0.9,0.8863636363636364,1.0,0.0,0.9999999987500001,0.8117747685986854,1.0,0.9999999998579546,0.1747159090660915,0.9999999998579546,0.17617384802358294,0.1668140939248898,-0.15501164999041414
0.0,-0.29999999999999993,8191.7412109375,143.33364868164062,0.7868676005702411,0.0,0.9,0.9119318181818182,1.0,0.0,0.9999999983870967,0.846275812172527,1.0,0.9999999998579546,0.20028409088064147,0.9999999998579546,0.15662589396171364,0.16766230620053954,-0.16766230620053954
0.10000000000000009,-0.29999999999999993,8222.201171875,143.72598266601562,0.8163427527948084,0.0,0.9,0.8821022727272727,1.0,0.0,0.9999999987951808,0.8029780436242715,1.0,0.9999999998579546,0.1690340908850804,0.9999999998579546,0.1765162518657765,0.15239758775150816,-0.1428687331887547
0.20000000000000018,-0.29999999999999993,8313.9931640625,144.85476684570312,0.8968154002070071,0.0,0.9,0.8678977272727273,1.0,0.0,0.9999999989247312,0.7894771600593906,1.0,0.9999999998579546,0.11505681816547489,0.9999999998579546,0.22748388893687463,0.14639671564755077,-0.14639671564755077
0.30000000000000004,-0.29999999999999993,8464.9833984375,146.6907501220703,1.0479810792846003,0.0,0.9,0.8352272727272727,0.9076923076923077,0.0,0.9482758612514863,0.7490169097119285,0.7222222222222223,0.9999999998579546,0.09232954544143046,0.9928977271316907,0.31180814156223785,0.15523241006470753,-0.15010520185447415
0.40000000000000013,-0.29999999999999993,8673.7685546875,149.18942260742188,1.2689731764306604,0.0,0.9,0.7855113636363636,0.8059701492537313,0.0,0.9139072841629754,0.6876197146975085,0.5789473684210527,0.9999999998579546,0.09517045453193602,0.9758522725886574,0.4196767758147658,0.22493156949410414,-0.15555989647678553
0.5,-0.29999999999999993,8938.11328125,152.2960662841797,1.572454633289353,0.0,0.9,0.6605113636363636,0.55,0.0,0.887029288331787,0.5649208907170916,0.359375,0.9999999998579546,0.08522727271516659,0.9659090907718879,0.5521155380072131,0.18786806996584826,-0.07931143480801939
0.6000000000000001,-0.29999999999999993,9253.3779296875,155.95054626464844,1.9223801698185168,0.0,0.9,0.5213068181818182,0.3191489361702128,0.0,0.9050445101171974,0.4093811593538909,0.35585585585585583,0.9999999998579546,0.0667613636268805,0.8906249998734909,0.688293448909097,0.1154100966785978,0.021401999596859105
0.7000000000000002,-0.29999999999999993,9615.0537109375,160.09194946289062,2.3211739935967937,0.0,0.9,0.42329545454545453,0.21428571428571427,0.0,0.9187192115963745,0.3207460734782191,0.3763157894736842,0.9999999998579546,0.05965909090061661,0.7670454544364993,0.813046084706735,0.12509298845323696,0.10539452007809164
0.8,-0.29999999999999993,10019.064453125,164.6615753173828,2.615426950086473,0.0,0.9,0.37642045454545453,0.34782608695652173,0.0,0.9658314348597195,0.275126289794323,0.3368421052631579,0.9999999998579546,0.03267045454081386,0.6690340908140577,0.8901980600380467,0.17364885699694013,0.1338664521008078
0.9000000000000001,-0.29999999999999993,10460.1298828125,169.60499572753906,2.8915721240300862,0.0,0.9,0.29829545454545453,0.3125,0.0,0.9777327933243456,0.21767845649793205,0.19166666666666665,0.9999999998579546,0.02272727272404442,0.5866477271893966,0.9609591405353312,0.20579111177596257,0.20311477137778142
1.0,-0.29999999999999993,10933.9375,174.873291015625,3.144272277164386,0.0,0.9,0.234375,0.23529411764705882,0.0,0.9758812614144934,0.1651990569690588,0.26666666666666666,0.9999999998579546,0.0241477272692972,0.5198863635625162,1.012039736676698,0.26354075068436267,0.26340818917702374
-1.0,-0.19999999999999996,10812.814453125,173.2366943359375,2.439821502873349,0.0,0.9,0.2741477272727273,0.0,0.0,0.9999999998043052,0.1406806211835179,0.0,0.9999999998579546,0.0,0.6321022726374855,0.8239894736063476,0.1384278841855969,0.09243557467638473
-0.9,-0.19999999999999996,10334.4521484375,167.91641235351562,2.2392673072117724,0.0,0.9,0.3465909090909091,0.0,0.0,0.9999999997826087,0.2013003616289652,0.0,0.9999999998579546,0.0,0.7031249999001243,0.7685137070840953,0.08567803054710144,0.02831841220729358
-0.8,-0.19999999999999996,9888.7705078125,162.9211883544922,2.017954233637911,0.0,0.9,0.42613636363636365,0.0,0.0,0.9999999997524752,0.28198644959857005,0.0,0.9999999998579546,0.0,0.7769886362532687,0.7045618581568367,0.06413125416803196,-0.027299598379945635
-0.7,-0.19999999999999996,9480.0732421875,158.30136108398438,1.7389270017502776,0.0,0.9,0.5454545454545454,1.0,0.0,0.9999999996875,0.3883694037373452,1.0,0.9999999998579546,0.005681818181011105,0.870738636239952,0.6047937439718912,0.10724421467745034,-0.10443092595431837
-0.6,-0.19999999999999996,9114.017578125,154.1133575439453,1.4740882544457388,0.0,0.9,0.6690340909090909,1.0,0.0,0.9999999995708154,0.5400185577031195,1.0,0.9999999998579546,0.005681818181011105,0.9161931816880408,0.4989776543299082,0.16332342541390968,-0.16332342541390968
-0.5,-0.19999999999999996,8795.466796875,150.41819763183594,1.2019853807763792,0.0,0.9,0.7755681818181818,1.0,0.0,0.9999999993670886,0.6597765492348026,1.0,0.9999999998579546,0.02272727272404442,0.9417613635025908,0.37249699918771795,0.1929883329032091,-0.19144668252409375
-0.3999999999999999,-0.19999999999999996,8528.1279296875,147.2797393798828,0.9641371498457209,0.0,0.9,0.8622159090909091,1.0,0.0,0.9999999989690722,0.7674744447753498,1.0,0.9999999998579546,0.09090909089617769,0.9999999998579546,0.2535663166712972,0.19966292734827762,-0.19966292734827762
-0.29999999999999993,-0.19999999999999996,8315.8974609375,144.7611083984375,0.807137926306764,0.0,0.9,0.9105113636363636,1.0,0.0,0.9999999984126984,0.8381252305165369,1.0,0.9999999998579546,0.1633522727040693,0.9999999998579546,0.1658584854053012,0.1833543733097832,-0.1833543733097832
-0.19999999999999996,-0.19999999999999996,8161.42041015625,142.91986083984375,0.7074421038037491,0.0,0.9,0.9730113636363636,1.0,0.0,0.9999999947368421,0.9323970030781535,1.0,0.9999999998579546,0.24147727269297198,0.9999999998579546,0.10230666043964728,0.20072726682950195,-0.20072726682950195
-0.09999999999999998,-0.19999999999999996,8067.50830078125,141.8026885986328,0.6611932510175587,0.0,0.9,0.9928977272727273,1.0,0.0,0.9999999800000003,0.9814334222653407,1.0,0.9999999998579546,0.3124999999556108,0.9999999998579546,0.06883360809385802,0.18110762141641504,-0.18110762141641504
0.0,-0.19999999999999996,8035.3125,141.43994140625,0.6494916347500078,0.0,0.9,0.9872159090909091,1.0,0.0,0.9999999888888891,0.9668537594168417,1.0,0.9999999998579546,0.3309659090438969,0.9999999998579546,0.05984710160483928,0.16144723063464916,-0.16144723063464916
0.10000000000000009,-0.19999999999999996,8066.24560546875,141.84190368652344,0.6655625044398493,0.0,0.9,0.9857954545454546,1.0,0.0,0.9999999900000002,0.9599416185211088,1.0,0.9999999998579546,0.2826704545053025,0.9999999998579546,0.07088512365979105,0.1705825900661848,-0.1705825900661848
0.20000000000000018,-0.19999999999999996,8158.7900390625,142.99720764160156,0.7206501407566379,0.0,0.9,0.9545454545454546,1.0,0.0,0.999999996875,0.9079735321644866,1.0,0.9999999998579546,0.19460227269963037,0.9999999998579546,0.11012751337548889,0.17170675340608563,-0.17083392019983207
0.30000000000000004,-0.19999999999999996,8311.4580078125,144.8744659423828,0.8345075444737817,0.0,0.9,0.8920454545454546,1.0,0.0,0.9999999986842106,0.8127831176674073,1.0,0.9999999998579546,0.133522727253761,0.9999999998579546,0.1847824404432479,0.14707620072811955,-0.14707620072811955
0.40000000000000013,-0.19999999999999996,8522.4189453125,147.4263916015625,1.0376512313924602,0.0,0.9,0.8366477272727273,0.8769230769230769,0.0,0.930434781799622,0.7428986439512213,0.6239316239316239,0.9999999998579546,0.09232954544143046,0.9914772725864379,0.30444975161414717,0.16820797272689086,-0.15808387583813127
0.5,-0.19999999999999996,8789.806640625,150.59494018554688,1.3326847648844178,0.0,0.9,0.7244318181818182,0.7358490566037735,0.0,0.9278350510681262,0.6250510242520589,0.5657894736842105,0.9999999998579546,0.07528409089839715,0.9801136362244157,0.4491888454702739,0.168092975463244,-0.1058690547008549
0.6000000000000001,-0.19999999999999996,9108.9990234375,154.31687927246094,1.708425246226452,0.0,0.9,0.5838068181818182,0.6052631578947368,0.0,0.9488054604270287,0.4844859136589677,0.5347222222222222,0.9999999998579546,0.05397727271960551,0.940340908957338,0.6066805029043164,0.11948085622092472,-0.01402861943119443
0.7000000000000002,-0.19999999999999996,9475.2294921875,158.5284423828125,2.1112594304187433,0.0,0.9,0.4744318181818182,0.3684210526315789,0.0,0.9351351348823959,0.3734784232943625,0.3333333333333333,0.9999999998579546,0.05397727271960551,0.8025568180678186,0.7433141797422609,0.11754372110362352,0.06319068438654392
0.8,-0.19999999999999996,9883.904296875,163.16876220703125,2.4676915941449757,0.0,0.9,0.4147727272727273,0.34615384615384615,0.0,0.9587378638449665,0.31060465058251074,0.33174603174603173,0.9999999998579546,0.036931818176572186,0.7301136362599271,0.850013119973719,0.17845495133923,0.10281958575093778
0.9000000000000001,-0.19999999999999996,10330.349609375,168.1817626953125,2.7904146330923445,0.0,0.9,0.31676136363636365,0.2,0.0,0.9667359665349821,0.22204863389145685,0.19444444444444442,0.9999999998579546,0.02840909090505553,0.6264204544564744,0.9339066475746325,0.20260466344932557,0.18701467196483232
1.0,-0.19999999999999996,10809.373046875,173.5173797607422,3.0835782117551798,0.0,0.9,0.24289772727272727,0.21052631578947367,0.0,0.971857410699464,0.17412756449523767,0.16666666666666666,0.9999999998579546,0.026988636359802753,0.5468749999223189,1.003612240413274,0.255668477182352,0.255668477182352
-1.0,-0.09999999999999998,10739.275390625,172.4088897705078,2.3229668796209224,0.0,0.9,0.31392045454545453,0.0,0.0,0.9999999997929606,0.17050095854360117,0.0,0.9999999998579546,0.0,0.6519886362710243,0.7928267872676225,0.10070640309925288,0.04759128910226423
-0.9,-0.09999999999999998,10257.2998046875,167.04713439941406,2.0890118777492894,0.0,0.9,0.38636363636363635,1.0,0.0,0.9999999997685185,0.23324094200813617,1.0,0.9999999998579546,0.0028409090905055527,0.7599431817102353,0.7266882297061925,0.06544535060689693,-0.00814538458104243
-0.8,-0.09999999999999998,9808.1474609375,162.0089569091797,1.8479054456392696,0.0,0.9,0.5014204545454546,1.0,0.0,0.9999999997150997,0.3556356117574675,1.0,0.9999999998579546,0.005681818181011105,0.8338068180633798,0.64895527980015,0.09686166285891612,-0.09686166285891612
-0.7,-0.09999999999999998,9396.263671875,157.34547424316406,1.5686173946656787,0.0,0.9,0.6264204545454546,1.0,0.0,0.9999999996197718,0.4582716349029481,1.0,0.9999999998579546,0.005681818181011105,0.8906249998734909,0.5471349700922794,0.17139001548359548,-0.17139001548359548
-0.6,-0.09999999999999998,9027.1064453125,153.11399841308594,1.2665597518740208,0.0,0.9,0.7599431818181818,1.0,0.0,0.9999999994082841,0.609949034152563,1.0,0.9999999998579546,0.021306818178791646,0.9829545453149213,0.41413702788434203,0.2305389741797111,-0.2300044940055458
-0.5,-0.09999999999999998,8706.080078125,149.3771209716797,0.9898160876976586,0.0,0.9,0.8778409090909091,1.0,0.0,0.9999999988372094,0.7445624192931969,1.0,0.9999999998579546,0.06534090908162772,0.9985795453127018,0.27321809636766337,0.26239362155089385,-0.26239362155089385
-0.3999999999999999,-0.09999999999999998,8436.59765625,146.20045471191406,0.8007305300051358,0.0,0.9,0.9289772727272727,1.0,0.0,0.999999998,0.8394129663020664,1.0,0.9999999998579546,0.14914772725154152,0.9999999998579546,0.16223052135561883,0.2204852194372381,-0.2204852194372381
-0.29999999999999993,-0.09999999999999998,8222.814453125,143.64903259277344,0.6776832822400664,0.0,0.9,0.9900568181818182,1.0,0.0,0.9999999857142858,0.9784169590424252,1.0,0.9999999998579546,0.22585227269519145,0.9999999998579546,0.0799786309361264,0.20069682464956093,-0.20069682464956093
-0.19999999999999996,-0.09999999999999998,8067.09033203125,141.7825927734375,0.6259443594642099,0.0,0.9,0.9957386363636364,1.0,0.0,0.9999999666666678,0.9913368294902638,1.0,0.9999999998579546,0.3721590908562274,0.9999999998579546,0.042784170237095985,0.15103001667804014,-0.15103001667804014
-0.09999999999999998,-0.09999999999999998,7972.2275390625,140.6497039794922,0.6052142435020695,0.0,0.9,0.9985795454545454,1.0,0.0,0.9999999000000099,0.995952023988006,1.0,0.9999999998579546,0.5255681817435273,0.9999999998579546,0.026763486640101045,0.12577120493946375,-0.12502216487344978
0.0,-0.09999999999999998,7940.15576171875,140.28199768066406,0.5992496446838483,0.0,0.9,1.0,1.0,0.0,0.0,1.0,1.0,0.9999999998579546,0.5511363635580773,0.9999999998579546,0.022082601496717875,0.11630104799494,-0.11630104799494
0.10000000000000009,-0.09999999999999998,7971.4697265625,140.690185546875,0.6062567612413382,0.0,0.9,0.9985795454545454,1.0,0.0,0.9999999000000099,0.9977576785377803,1.0,0.9999999998579546,0.5056818181099884,0.9999999998579546,0.026597197641847495,0.12322233312875538,-0.12322233312875538
0.20000000000000018,-0.09999999999999998,8064.404296875,141.86241149902344,0.6289406361623933,0.0,0.9,0.9914772727272727,1.0,0.0,0.9999999833333336,0.9778613262291159,1.0,0.9999999998579546,0.3309659090438969,0.9999999998579546,0.0419098321322021,0.14396066687317371,-0.14312130148031776
0.30000000000000004,-0.09999999999999998,8217.732421875,143.76597595214844,0.7019817602757434,0.0,0.9,0.9715909090909091,1.0,0.0,0.9999999949999999,0.9366620538155138,1.0,0.9999999998579546,0.1860795454281137,0.9999999998579546,0.09087704203771366,0.18052730021878816,-0.1785123679573008
0.40000000000000013,-0.09999999999999998,8430.04296875,146.3516082763672,0.8851453689822961,0.0,0.9,0.9005681818181818,1.0,0.0,0.9999999985714286,0.8140801969173682,1.0,0.9999999998579546,0.10085227271294712,0.9957386362221963,0.20696648131732887,0.18453719943988192,-0.18453719943988192
0.5,-0.09999999999999998,8699.048828125,149.5592041015625,1.1803390818277253,0.0,0.9,0.7769886363636364,0.9,0.0,0.9681528656253804,0.6735467444122827,0.7361111111111112,0.9999999998579546,0.07102272726263882,0.9801136362244157,0.37298830863627075,0.14127077472662095,-0.13634516602132357
0.6000000000000001,-0.09999999999999998,9020.5556640625,153.32351684570312,1.6051811050661748,0.0,0.9,0.6306818181818182,0.7142857142857143,0.0,0.9538461534792898,0.5218601859555695,0.5095238095238095,0.9999999998579546,0.05965909090061661,0.9545454544098657,0.5602263009855859,0.1353892633537116,-0.04170835411990249
0.7000000000000002,-0.09999999999999998,9389.4892578125,157.57901000976562,1.953264478786241,0.0,0.9,0.5340909090909091,0.5333333333333333,0.0,0.9573170728788667,0.4257445439478039,0.42666666666666664,0.9999999998579546,0.04261363635758329,0.8494318180611603,0.6872964783622416,0.11009378359928142,0.009567939692137251
0.8,-0.09999999999999998,9801.2978515625,162.26341247558594,2.3872374621027177,0.0,0.9,0.43323863636363635,0.3076923076923077,0.0,0.9548872178057927,0.325416154779112,0.38857142857142857,0.9999999998579546,0.036931818176572186,0.7159090908073993,0.8182079579421462,0.14111783506575284,0.08538107604142352
0.9000000000000001,-0.09999999999999998,10250.9169921875,167.31967163085938,2.715367075770389,0.0,0.9,0.31676136363636365,0.3684210526315789,0.0,0.9750519748492615,0.22388396230211,0.25,0.9999999998579546,0.026988636359802753,0.6392045453637494,0.9106494442855404,0.18339431187789904,0.18339431187789904
1.0,-0.09999999999999998,10733.1650390625,172.69700622558594,3.0106561126977596,0.0,0.9,0.2556818181818182,0.26666666666666666,0.0,0.9790076334009528,0.173798859481398,0.28846153846153844,0.9999999998579546,0.021306818178791646,0.565340909010605,0.9807206442857623,0.23870131016868146,0.2378139886422569
-1.0,0.0,10714.9921875,172.12986755371094,2.2128478846087094,0.0,0.9,0.35795454545454547,0.0,0.0,0.999999999778761,0.19917912639505048,0.0,0.9999999998579546,0.0,0.6960227271738605,0.7581734727636158,0.06250132740842365,0.0005631036229142537
-0.9,0.0,10231.7724609375,166.75421142578125,1.979710712642001,0.0,0.9,0.45454545454545453,1.0,0.0,0.9999999997395833,0.2745399018967033,1.0,0.9999999998579546,0.0028409090905055527,0.7997159089773132,0.6835310351235488,0.10599827423450409,-0.07393006405611013
-0.8,0.0,9781.05078125,161.7015838623047,1.7416395115744732,0.0,0.9,0.5411931818181818,1.0,0.0,0.9999999996904024,0.3913796540763527,1.0,0.9999999998579546,0.0042613636357583294,0.8821022726019742,0.6052909188215992,0.13389458411108757,-0.13164986145402094
-0.7,0.0,9368.23046875,157.0233917236328,1.4508020420830796,0.0,0.9,0.6690340909090909,1.0,0.0,0.9999999995708154,0.5024634221732789,1.0,0.9999999998579546,0.015624999997780541,0.9318181816858213,0.49464400507238326,0.20028778854844007,-0.20028778854844007
-0.6,0.0,8998.416015625,152.77737426757812,1.1573242439916573,0.0,0.9,0.8025568181818182,1.0,0.0,0.9999999992805756,0.653184168804695,1.0,0.9999999998579546,0.04545454544808884,0.9801136362244157,0.3623071506340858,0.25144932299554035,-0.25144932299554035
-0.5,0.0,8675.8359375,149.02645874023438,0.9004374172975622,0.0,0.9,0.90625,1.0,0.0,0.9999999984848486,0.8061402493231171,1.0,0.9999999998579546,0.10511363634870545,0.9999999998579546,0.2231930717084002,0.2565874441615187,-0.2565874441615187
-0.3999999999999999,0.0,8405.447265625,145.83689880371094,0.7371757722075651,0.0,0.9,0.9715909090909091,1.0,0.0,0.9999999949999999,0.9388859035783725,1.0,0.9999999998579546,0.1690340908850804,0.9999999998579546,0.12069690425155664,0.2300915958696359,-0.2300915958696359
-0.29999999999999993,0.0,8191.11669921875,143.27450561523438,0.6523862909483771,0.0,0.9,0.9900568181818182,1.0,0.0,0.9999999857142858,0.9807447351593019,1.0,0.9999999998579546,0.30539772722934694,0.9999999998579546,0.061130414061708604,0.1715408592252595,-0.1715408592252595
-0.19999999999999996,0.0,8034.9267578125,141.39968872070312,0.6145656865777204,0.0,0.9,0.9957386363636364,1.0,0.0,0.9999999666666678,0.9908738021802197,1.0,0.9999999998579546,0.46732954538816346,0.9999999998579546,0.033012894117258856,0.12968715222682142,-0.12943930013035843
-0.09999999999999998,0.0,7939.5791015625,140.2616424560547,0.6002956465855026,0.0,0.9,0.9985795454545454,1.0,0.0,0.9999999000000099,0.9957142857142857,1.0,0.9999999998579546,0.6107954544586939,0.9999999998579546,0.0209602671357279,0.10851815003915552,-0.10772363899964639
0.0,0.0,7907.42626953125,139.89247131347656,0.6037240948846072,0.0,0.9,0.9943181818181818,1.0,0.0,0.9999999750000006,0.991173079498784,1.0,0.9999999998579546,0.6690340908140577,0.9999999998579546,0.022692523455412186,0.10068070604331095,-0.09827512730071722
0.10000000000000009,0.0,7938.5107421875,140.3030242919922,0.6046659999844096,0.0,0.9,0.9971590909090909,1.0,0.0,0.9999999500000026,0.9954568114274758,1.0,0.9999999998579546,0.6321022726374855,0.9999999998579546,0.023193705313353602,0.10425001086052993,-0.10425001086052993
0.20000000000000018,0.0,8031.91455078125,141.4812469482422,0.6223659296244016,0.0,0.9,0.9872159090909091,1.0,0.0,0.9999999888888891,0.9785189478090087,1.0,0.9999999998579546,0.44744318175462455,0.9999999998579546,0.035764284584768526,0.12354954696614903,-0.11584254121761767
0.30000000000000004,0.0,8185.96142578125,143.39402770996094,0.6737597902775821,0.0,0.9,0.9886363636363636,1.0,0.0,0.9999999875000002,0.979482242249212,1.0,0.9999999998579546,0.2769886363242914,0.9999999998579546,0.06841228011712669,0.17128691643101282,-0.17128691643101282
0.40000000000000013,0.0,8397.9130859375,145.9914093017578,0.8132798381043719,0.0,0.9,0.9474431818181818,1.0,0.0,0.9999999972972973,0.8898228906251239,1.0,0.9999999998579546,0.16193181815881652,0.9985795453127018,0.15875330736455928,0.22007665795622258,-0.22007665795622258
0.5,0.0,8667.3203125,149.2124786376953,1.1043860811924264,0.0,0.9,0.8125,1.0,0.0,0.9999999992424243,0.6955452300556101,1.0,0.9999999998579546,0.0724431818078916,0.9900568180411852,0.3267286763872346,0.17011628143821353,-0.17011628143821353
0.6000000000000001,0.0,8989.4794921875,152.99142456054688,1.4819301557201352,0.0,0.9,0.6576704545454546,1.0,0.0,0.9999999995850622,0.533606006285074,1.0,0.9999999998579546,0.04545454544808884,0.9502840907741075,0.506352469344546,0.09230359347800339,-0.06895237165852357
0.7000000000000002,0.0,9359.291015625,157.26197814941406,1.892738509310981,0.0,0.9,0.5525568181818182,0.9230769230769231,0.0,0.9968253965089442,0.43943878040325696,0.7083333333333334,0.9999999998579546,0.018465909088286093,0.8693181816946992,0.6582167213370107,0.10232441484470947,-0.007378548917662491
0.8,0.0,9772.0234375,161.96148681640625,2.275810286033283,0.0,0.9,0.4616477272727273,0.5625,0.0,0.9815303427489366,0.3399598293874775,0.5416666666666667,0.9999999998579546,0.02272727272404442,0.7585227271649826,0.7827506640591791,0.13065516773225858,0.048543357046357996
0.9000000000000001,0.0,10223.1025390625,167.03250122070312,2.6747371257030736,0.0,0.9,0.3380681818181818,0.42857142857142855,0.0,0.9828326178148428,0.24464719505408647,0.3333333333333333,0.9999999998579546,0.01988636363353887,0.6434659089995077,0.8975956494020264,0.1706552888199547,0.15268780947161684
1.0,0.0,10706.7412109375,172.42404174804688,2.9869462088494725,0.0,0.9,0.25,0.5555555555555556,0.0,0.9924242422362833,0.17136358106988855,0.4444444444444444,0.9999999998579546,0.012784090907274987,0.5610795453748467,0.9749755538017716,0.23256776925588887,0.23065738725744098
-1.0,0.10000000000000009,10740.64453125,172.40382385253906,2.1965681656640776,0.0,0.9,0.39204545454545453,0.0,0.0,0.9999999997663551,0.23625010937153085,0.0,0.9999999998579546,0.0,0.7201704544431576,0.7461516309081666,0.06116433326203006,-0.0456509139967259
-0.9,0.10000000000000009,10258.3544921875,167.04241943359375,1.951016397512705,0.0,0.9,0.47301136363636365,1.0,0.0,0.9999999997304582,0.2873164181397641,1.0,0.9999999998579546,0.0014204545452527763,0.8011363635225659,0.6659631634123736,0.12754203057808802,-0.09735530738174897
-0.8,0.10000000000000009,9808.5625,162.00466918945312,1.6947845499982799,0.0,0.9,0.5880681818181818,1.0,0.0,0.9999999996551724,0.4275576161666209,1.0,0.9999999998579546,0.0042613636357583294,0.8693181816946992,0.5773554486349046,0.17279782814704978,-0.17279782814704978
-0.7,0.10000000000000009,9396.5869140625,157.3416290283203,1.4218214946149663,0.0,0.9,0.7372159090909091,1.0,0.0,0.9999999994594595,0.5996268911739205,1.0,0.9999999998579546,0.01136363636202221,0.9218749998690519,0.47105626130823147,0.2544031811898852,-0.2544031811898852
-0.6,0.10000000000000009,9027.7216796875,153.11074829101562,1.131877612531318,0.0,0.9,0.8394886363636364,1.0,0.0,0.9999999991150443,0.7283084621924503,1.0,0.9999999998579546,0.05113636362909995,0.9801136362244157,0.34220999456478357,0.26849816385171854,-0.26849816385171854
-0.5,0.10000000000000009,8706.0234375,149.3744354248047,0.9126975507559972,0.0,0.9,0.8977272727272727,1.0,0.0,0.9999999986111112,0.8129623159387014,1.0,0.9999999998579546,0.11505681816547489,0.9999999998579546,0.22718915736030706,0.24094336206492356,-0.24094336206492356
-0.3999999999999999,0.10000000000000009,8435.470703125,146.1984100341797,0.7566357511313171,0.0,0.9,0.9630681818181818,1.0,0.0,0.9999999961538462,0.9258362734828134,1.0,0.9999999998579546,0.1988636363353887,0.9999999998579546,0.13104791889369796,0.22150842813424448,-0.22150842813424448
-0.29999999999999993,0.10000000000000009,8221.1201171875,143.64767456054688,0.6717253808164154,0.0,0.9,0.9857954545454546,1.0,0.0,0.9999999900000002,0.9703896468891583,1.0,0.9999999998579546,0.36363636358471074,0.9999999998579546,0.07265704676451297,0.17599215686954972,-0.17599215686954972
-0.19999999999999996,0.10000000000000009,8065.36083984375,141.7819366455078,0.6349565925095277,0.0,0.9,0.9914772727272727,1.0,0.0,0.9999999833333336,0.9819046343174856,1.0,0.9999999998579546,0.4801136362954384,0.9999999998579546,0.044988408811433504,0.13927070478272532,-0.13927070478272532
-0.09999999999999998,0.10000000000000009,7970.68896484375,140.64974975585938,0.6214420847318021,0.0,0.9,0.9943181818181818,1.0,0.0,0.9999999750000006,0.983597372564845,1.0,0.9999999998579546,0.5767045453726273,0.9999999998579546,0.033718399824284276,0.11891226431976831,-0.11891226431976831
0.0,0.10000000000000009,7938.51708984375,140.28277587890625,0.62289638386506,0.0,0.9,0.9914772727272727,1.0,0.0,0.9999999833333336,0.9821121503566625,1.0,0.9999999998579546,0.6065340908229355,0.9999999998579546,0.03409219766619811,0.11176315332687639,-0.11141343257795222
0.10000000000000009,0.10000000000000009,7969.3349609375,140.69161987304688,0.6312664744036339,0.0,0.9,0.9900568181818182,1.0,0.0,0.9999999857142858,0.9845040676441211,1.0,0.9999999998579546,0.5681818181011106,0.9999999998579546,0.039729776357213295,0.115488111583844,-0.115488111583844
0.20000000000000018,0.10000000000000009,8062.40576171875,141.86451721191406,0.6600920497967401,0.0,0.9,0.9815340909090909,1.0,0.0,0.9999999923076924,0.9663897101575506,1.0,0.9999999998579546,0.4218749999400746,0.9999999998579546,0.06066706503299202,0.1374750474522442,-0.13544091738668493
0.30000000000000004,0.10000000000000009,8215.9619140625,143.7686309814453,0.7207761829047757,0.0,0.9,0.9630681818181818,1.0,0.0,0.9999999961538462,0.9324129899814293,1.0,0.9999999998579546,0.2911931817768192,0.9999999998579546,0.10449065646505405,0.1704682981561112,-0.1704682981561112
0.40000000000000013,0.10000000000000009,8427.6806640625,146.35484313964844,0.8639854276747757,0.0,0.9,0.8863636363636364,1.0,0.0,0.9999999987500001,0.8019956731475192,1.0,0.9999999998579546,0.1860795454281137,0.9999999998579546,0.19740348065282637,0.16944325754535702,-0.16944325754535702
0.5,0.10000000000000009,8695.7509765625,149.5629425048828,1.1130810549723011,0.0,0.9,0.7684659090909091,1.0,0.0,0.9999999993865031,0.6198871360040237,1.0,0.9999999998579546,0.09374999998668325,0.9900568180411852,0.3276427588502761,0.13367879065749627,-0.13367879065749627
0.6000000000000001,0.10000000000000009,9016.3486328125,153.32769775390625,1.4428803897946987,0.0,0.9,0.6803977272727273,1.0,0.0,0.9999999995555556,0.5399484144154528,1.0,0.9999999998579546,0.025568181814549975,0.9446022725930963,0.47542737929081236,0.1051743387452674,-0.10122370335828919
0.7000000000000002,0.10000000000000009,9385.1259765625,157.58360290527344,1.8293338414261944,0.0,0.9,0.546875,1.0,0.0,0.9999999996865203,0.42447354974914453,1.0,0.9999999998579546,0.01136363636202221,0.8764204544209631,0.6355288587456684,0.0673796813469287,-0.017420733054513814
0.8,0.10000000000000009,9796.9072265625,162.26837158203125,2.25245766325974,0.0,0.9,0.4318181818181818,1.0,0.0,0.99999999975,0.31671107775851104,1.0,0.9999999998579546,0.009943181816769436,0.7556818180744771,0.7782029092125603,0.08454400948490089,0.06421934551539007
0.9000000000000001,0.10000000000000009,10246.6943359375,167.324951171875,2.642840773225096,0.0,0.9,0.3380681818181818,1.0,0.0,0.9999999997854077,0.23741927177499983,1.0,0.9999999998579546,0.008522727271516659,0.6519886362710243,0.8889889898639128,0.14843208216696424,0.14002489270868643
1.0,0.10000000000000009,10729.3681640625,172.7025604248047,2.956028542955394,0.0,0.9,0.2471590909090909,1.0,0.0,0.9999999998113208,0.15190336301153942,1.0,0.9999999998579546,0.0028409090905055527,0.5624999999200995,0.9652063928482989,0.21732989584044635,0.21692418199953664
-1.0,0.20000000000000018,10815.2578125,173.22654724121094,2.1775971778230137,0.0,0.9,0.4147727272727273,0.0,0.0,0.9999999997572815,0.22927188731648368,0.0,0.9999999998579546,0.0,0.7315340908051798,0.7327064579263614,0.07888838081334307,-0.07618364366131496
-0.9,0.20000000000000018,10336.22265625,167.9070587158203,1.957053166717885,0.0,0.9,0.5255681818181818,0.0,0.0,0.9999999997005987,0.33552148864848497,0.0,0.9999999998579546,0.0,0.7982954544320603,0.663795141836624,0.15798692747678805,-0.15798692747678805
-0.8,0.20000000000000018,9889.71484375,162.9126434326172,1.742862598874145,0.0,0.9,0.625,1.0,0.0,0.999999999621212,0.49122200519204023,1.0,0.9999999998579546,0.0014204545452527763,0.8380681816991381,0.5869660352925086,0.20847930901711087,-0.20847930901711087
-0.7,0.20000000000000018,9480.7275390625,158.2938232421875,1.4794618298675524,0.0,0.9,0.7002840909090909,1.0,0.0,0.9999999995260663,0.5684777772724736,1.0,0.9999999998579546,0.007102272726263882,0.8977272725997547,0.48964559799246726,0.21504639570640682,-0.21504639570640682
-0.6,0.20000000000000018,9114.2744140625,154.10684204101562,1.2181507996877872,0.0,0.9,0.7840909090909091,1.0,0.0,0.9999999993421053,0.6654157639377971,1.0,0.9999999998579546,0.03835227272182496,0.9701704544076463,0.3827278300583128,0.2204773629210254,-0.2204773629210254
-0.5,0.20000000000000018,8794.978515625,150.41287231445312,0.9980593287160956,0.0,0.9,0.8494318181818182,1.0,0.0,0.9999999990566039,0.7434011315548318,1.0,0.9999999998579546,0.10085227271294712,0.9928977271316907,0.2729675919263181,0.20857351165024818,-0.20857351165024818
-0.3999999999999999,0.20000000000000018,8526.4326171875,147.27572631835938,0.841760302607366,0.0,0.9,0.9076704545454546,1.0,0.0,0.9999999984615385,0.8296955773468028,1.0,0.9999999998579546,0.21306818178791645,0.9985795453127018,0.1822875516727988,0.19215256276738524,-0.19215256276738524
-0.29999999999999993,0.20000000000000018,8313.45703125,144.7584228515625,0.7448871393110902,0.0,0.9,0.953125,1.0,0.0,0.999999996969697,0.9096240004204482,1.0,0.9999999998579546,0.3309659090438969,0.9999999998579546,0.12135079752287908,0.18353933280259913,-0.18353933280259913
-0.19999999999999996,0.20000000000000018,8159.03955078125,142.91856384277344,0.6966487376864248,0.0,0.9,0.9772727272727273,1.0,0.0,0.9999999937499999,0.9525090575975924,1.0,0.9999999998579546,0.4403409090283607,0.9999999998579546,0.08713222190635121,0.16588202138714642,-0.16588202138714642
-0.09999999999999998,0.20000000000000018,8064.99853515625,141.8028106689453,0.6721736402526757,0.0,0.9,0.984375,1.0,0.0,0.9999999909090911,0.9673450622659164,1.0,0.9999999998579546,0.4943181817479662,0.9999999998579546,0.06987386613830451,0.15092605699155934,-0.15016026031746385
0.0,0.20000000000000018,8032.59130859375,141.44146728515625,0.6753220659331711,0.0,0.9,0.9673295454545454,1.0,0.0,0.9999999956521739,0.9341337542901675,1.0,0.9999999998579546,0.5184659090172634,0.9999999998579546,0.07250583225303374,0.12334492905483599,-0.12334492905483599
0.10000000000000009,0.20000000000000018,8062.92822265625,141.84475708007812,0.6886012166452347,0.0,0.9,0.9403409090909091,1.0,0.0,0.9999999976190476,0.8868343250063474,1.0,0.9999999998579546,0.4588068181166468,0.9999999998579546,0.08365804194088472,0.1127099226528928,-0.10308341952723706
0.20000000000000018,0.20000000000000018,8155.12939453125,143.00132751464844,0.7297094885639204,0.0,0.9,0.9318181818181818,1.0,0.0,0.9999999979166666,0.8737688179936243,1.0,0.9999999998579546,0.37784090903723855,0.9999999998579546,0.11345129366227492,0.11386004009879579,-0.11302528856217813
0.30000000000000004,0.20000000000000018,8307.373046875,144.87982177734375,0.808670101617015,0.0,0.9,0.921875,1.0,0.0,0.9999999981818182,0.8553527901253416,1.0,0.9999999998579546,0.2769886363242914,0.9999999998579546,0.16928067771033503,0.151317130931443,-0.151317130931443
0.40000000000000013,0.20000000000000018,8517.4306640625,147.43283081054688,0.9885487304031332,0.0,0.9,0.8196022727272727,1.0,0.0,0.9999999992125985,0.7082829962948229,1.0,0.9999999998579546,0.17187499997558595,0.9999999998579546,0.28266046526536687,0.11651377995460677,-0.11651377995460677
0.5,0.20000000000000018,8783.0,150.6023406982422,1.2288738160691037,0.0,0.9,0.7059659090909091,1.0,0.0,0.9999999995169082,0.5651313125178931,1.0,0.9999999998579546,0.09801136362244157,0.9701704544076463,0.4002853515801962,0.0682641777947332,-0.059667318719775125
0.6000000000000001,0.20000000000000018,9100.91015625,154.32518005371094,1.489223640081543,0.0,0.9,0.6392045454545454,1.0,0.0,0.9999999996062993,0.4775383350970792,1.0,0.9999999998579546,0.03551136363131941,0.9346590907763269,0.495615515788303,0.08964574200366245,-0.06539144131789648
0.7000000000000002,0.20000000000000018,9467.0029296875,158.5375518798828,1.8549942584895875,0.0,0.9,0.515625,1.0,0.0,0.9999999997067448,0.3619942830983043,1.0,0.9999999998579546,0.008522727271516659,0.8778409089662158,0.640487501465194,0.06713230070664904,0.005134720644412765
0.8,0.20000000000000018,9875.7705078125,163.17857360839844,2.21026200756049,0.0,0.9,0.42045454545454547,1.0,0.0,0.999999999754902,0.28482417923696685,1.0,0.9999999998579546,0.007102272726263882,0.7585227271649826,0.7636563827937116,0.09175990355940378,0.0667791213631776
0.9000000000000001,0.20000000000000018,10322.3037109375,168.1922149658203,2.6183976889039045,0.0,0.9,0.32670454545454547,1.0,0.0,0.9999999997890295,0.21483269987036194,1.0,0.9999999998579546,0.007102272726263882,0.6392045453637494,0.8815891379620938,0.1466237701528168,0.13692039424868963
1.0,0.20000000000000018,10801.8310546875,173.52841186523438,2.9743296612929373,0.0,0.9,0.24431818181818182,1.0,0.0,0.9999999998120301,0.1410275204198797,1.0,0.9999999998579546,0.0028409090905055527,0.5426136362865606,0.9672666682953877,0.2132503449160537,0.21291718110006874
-1.0,0.30000000000000004,10938.7119140625,174.58619689941406,2.208642527702249,0.0,0.9,0.421875,0.0,0.0,0.9999999997542997,0.22853940846342594,0.0,0.9999999998579546,0.0,0.7173295453526521,0.7424134602249106,0.0990817234316418,-0.08608545900161646
-0.9,0.30000000000000004,10464.7216796875,169.334228515625,1.98106170067099,0.0,0.9,0.5042613636363636,0.0,0.0,0.999999999713467,0.3214948180785156,0.0,0.9999999998579546,0.0,0.7997159089773132,0.6753777818400544,0.13094248931356434,-0.13094248931356434
-0.8,0.30000000000000004,10023.05078125,164.4095458984375,1.8005884288609781,0.0,0.9,0.578125,0.0,0.0,0.9999999996632996,0.4453812412659851,0.0,0.9999999998579546,0.0,0.8267045453371159,0.6100277949018348,0.15665358333856,-0.15665358333856
-0.7,0.30000000000000004,9618.802734375,159.8614959716797,1.5816328165014248,0.0,0.9,0.6321022727272727,1.0,0.0,0.9999999996138995,0.4931813315068561,1.0,0.9999999998579546,0.0014204545452527763,0.8835227271472269,0.532651460794677,0.1538616352818642,-0.1538616352818642
-0.6,0.30000000000000004,9256.7861328125,155.74468994140625,1.3356692019328147,0.0,0.9,0.7059659090909091,1.0,0.0,0.9999999995169082,0.5659227306545077,1.0,0.9999999998579546,0.021306818178791646,0.9517045453193602,0.4310716224530017,0.1626703315648224,-0.1626703315648224
-0.5,0.30000000000000004,8941.6328125,152.11795043945312,1.1207503628714135,0.0,0.9,0.7784090909090909,1.0,0.0,0.9999999993589744,0.6467947873589349,1.0,0.9999999998579546,0.07386363635314437,0.9772727271339102,0.32897218202701395,0.15854392863346475,-0.15854392863346475
-0.3999999999999999,0.30000000000000004,8676.6220703125,149.04241943359375,0.9666497998791974,0.0,0.9,0.84375,1.0,0.0,0.9999999990909092,0.7320490382050983,1.0,0.9999999998579546,0.14062499998002487,0.9900568180411852,0.24689005859662513,0.15664348375159093,-0.15664348375159093
-0.29999999999999993,0.30000000000000004,8466.162109375,146.57785034179688,0.8578945157782156,0.0,0.9,0.8920454545454546,1.0,0.0,0.9999999986842106,0.8046880675647051,1.0,0.9999999998579546,0.254261363600247,0.997159090767449,0.1849539272460881,0.16441799577499036,-0.15700954400695613
-0.19999999999999996,0.30000000000000004,8313.4677734375,144.7786102294922,0.8064397337600244,0.0,0.9,0.9105113636363636,1.0,0.0,0.9999999984126984,0.8413861191128681,1.0,0.9999999998579546,0.34801136358693024,0.9985795453127018,0.15303050933097195,0.140174825035918,-0.13746468000085035
-0.09999999999999998,0.30000000000000004,8220.1669921875,143.6885223388672,0.7715393722359253,0.0,0.9,0.9176136363636364,1.0,0.0,0.9999999982758621,0.8513898411938846,1.0,0.9999999998579546,0.41193181812330515,0.9999999998579546,0.13419899520410275,0.11536619852811407,-0.11530459643749456
0.0,0.30000000000000004,8187.7802734375,143.33584594726562,0.7670311532949061,0.0,0.9,0.9190340909090909,1.0,0.0,0.999999998245614,0.8482053173323513,1.0,0.9999999998579546,0.40767045448754685,0.9999999998579546,0.13422926504887764,0.11216846279391837,-0.10524105077248566
0.10000000000000009,0.30000000000000004,8217.3115234375,143.73019409179688,0.7941726373954221,0.0,0.9,0.9190340909090909,1.0,0.0,0.999999998245614,0.8544080462529027,1.0,0.9999999998579546,0.3607954544942052,0.9999999998579546,0.15235920746804735,0.11599133154760446,-0.11599133154760446
0.20000000000000018,0.30000000000000004,8308.3330078125,144.86087036132812,0.8514564610150355,0.0,0.9,0.9105113636363636,1.0,0.0,0.9999999984126984,0.8419265930454602,1.0,0.9999999998579546,0.2911931817768192,0.9999999998579546,0.18937569629924217,0.13605789564107032,-0.13605789564107032
0.30000000000000004,0.30000000000000004,8457.8076171875,146.6986083984375,0.9802451261358998,0.0,0.9,0.8579545454545454,0.9878048780487805,0.0,0.97999999902,0.76606210668691,0.8671679197994987,0.9999999998579546,0.23295454542145533,0.9985795453127018,0.2700929605515528,0.1623486643840673,-0.13168543442846553
0.40000000000000013,0.30000000000000004,8665.1806640625,149.1989288330078,1.137003498144717,0.0,0.9,0.7784090909090909,0.9152542372881356,0.0,0.9358974352975017,0.659095772531508,0.8109375,0.9999999998579546,0.16761363633982762,0.9872159089506796,0.3599372358617228,0.11876722880759218,-0.0997318195309816
0.5,0.30000000000000004,8927.244140625,152.30702209472656,1.3770168569399504,0.0,0.9,0.6619318181818182,0.8266666666666667,0.0,0.9453781508632865,0.5217603810182696,0.7391304347826088,0.9999999998579546,0.10653409089395822,0.9659090907718879,0.4726868432735861,0.08343947430359858,-0.02868394298178458
0.6000000000000001,0.30000000000000004,9241.2939453125,155.96290588378906,1.6469331504914149,0.0,0.9,0.5752840909090909,1.0,0.0,0.9999999996655518,0.4091741078261384,1.0,0.9999999998579546,0.05823863635536383,0.9090909089617769,0.5769120805322533,0.06396643472964275,-0.0009270993081480503
0.7000000000000002,0.30000000000000004,9603.1103515625,160.10549926757812,1.9712394621849547,0.0,0.9,0.4630681818181818,1.0,0.0,0.9999999997354497,0.305180602853383,1.0,0.9999999998579546,0.007102272726263882,0.8366477271538854,0.6806014596000449,0.08893314557319777,0.0459364298813734
0.8,0.30000000000000004,10007.3798828125,164.67616271972656,2.308612542405946,0.0,0.9,0.3806818181818182,1.0,0.0,0.9999999997706421,0.25049135021836955,1.0,0.9999999998579546,0.0014204545452527763,0.7073863635358827,0.7856257224549014,0.10400879541021257,0.09757981610409047
0.9000000000000001,0.30000000000000004,10448.7626953125,169.62051391601562,2.651728540936046,0.0,0.9,0.3096590909090909,1.0,0.0,0.9999999997942386,0.19907355441246688,1.0,0.9999999998579546,0.0042613636357583294,0.6136363635491994,0.8862535895999023,0.15016773619432228,0.14971147066698692
1.0,0.30000000000000004,10922.8955078125,174.88963317871094,2.955949799801757,0.0,0.9,0.2372159090909091,1.0,0.0,0.9999999998137803,0.1288948029313709,1.0,0.9999999998579546,0.0042613636357583294,0.5298295453792856,0.9593266668999114,0.207737689839872,0.20711783920109528
-1.0,0.40000000000000013,11108.9912109375,176.46360778808594,2.2548906814885203,0.0,0.9,0.37642045454545453,0.0,0.0,0.9999999997722095,0.20985241550708933,0.0,0.9999999998579546,0.0,0.7116477271716409,0.7681873778176251,0.05275097487255147,-0.03750852911820498
-0.9,0.40000000000000013,10641.888671875,171.3019256591797,2.0868423770712696,0.0,0.9,0.421875,0.0,0.0,0.9999999997542997,0.25585196403728666,0.0,0.9999999998579546,0.0,0.7599431817102353,0.7158436698509455,0.06426368388926752,-0.047292254321115744
-0.8,0.40000000000000013,10207.09375,166.47012329101562,1.8741864445840062,0.0,0.9,0.5014204545454546,0.0,0.0,0.9999999997150997,0.3456492787272726,0.0,0.9999999998579546,0.0,0.8281249998823687,0.648163015961879,0.0872069728650206,-0.08018275317009843
-0.7,0.40000000000000013,9809.3720703125,162.01583862304688,1.682720212377548,0.0,0.9,0.5710227272727273,0.0,0.0,0.9999999996688741,0.4166973134634258,0.0,0.9999999998579546,0.0,0.870738636239952,0.5794143678986234,0.10371310490036104,-0.10075955123078434
-0.6,0.40000000000000013,9453.51171875,157.99148559570312,1.4651040680948348,0.0,0.9,0.6590909090909091,1.0,0.0,0.9999999995833334,0.5137612431197777,1.0,0.9999999998579546,0.012784090907274987,0.9247159089595575,0.4893822679958888,0.13268985949218448,-0.13268985949218448
-0.5,0.40000000000000013,9143.380859375,154.45298767089844,1.2730559970257849,0.0,0.9,0.7272727272727273,1.0,0.0,0.9999999994791667,0.5842494695828192,1.0,0.9999999998579546,0.0482954545385944,0.9673295453171408,0.3971299011578387,0.15055026349874628,-0.1407796195975301
-0.3999999999999999,0.40000000000000013,8882.978515625,151.45777893066406,1.0971755014725435,0.0,0.9,0.7926136363636364,1.0,0.0,0.9999999993150686,0.676935962405379,1.0,0.9999999998579546,0.09090909089617769,0.9829545453149213,0.3087855184966999,0.17262037825440046,-0.14577384962673096
-0.29999999999999993,0.40000000000000013,8676.1298828125,149.06167602539062,0.9879285711729033,0.0,0.9,0.8536931818181818,1.0,0.0,0.9999999990291263,0.7409787357223575,1.0,0.9999999998579546,0.17329545452083872,0.9914772725864379,0.2516018026998806,0.1519958983725417,-0.15092046612928509
-0.19999999999999996,0.40000000000000013,8525.65625,147.3150177001953,0.9315540109824686,0.0,0.9,0.8707386363636364,1.0,0.0,0.9999999989010989,0.7785713698078013,1.0,0.9999999998579546,0.254261363600247,0.997159090767449,0.22228499588085537,0.13650033781479023,-0.13515167988630397
-0.09999999999999998,0.40000000000000013,8433.2724609375,146.25791931152344,0.8845506067491139,0.0,0.9,0.8934659090909091,0.9950248756218906,0.0,0.9866666653511111,0.818397794869899,0.8966666666666667,0.9999999998579546,0.28551136359580803,0.9985795453127018,0.19895269426306028,0.1322209626384979,-0.13168996586612697
0.0,0.40000000000000013,8400.9951171875,145.9163818359375,0.8950295421122941,0.0,0.9,0.8920454545454546,0.9949748743718593,0.0,0.9868421039646815,0.8241278991936871,0.9518716577540107,0.9999999998579546,0.2826704545053025,0.9985795453127018,0.2110609561822027,0.12892833365559878,-0.12892833365559878
0.10000000000000009,0.40000000000000013,8429.9873046875,146.29901123046875,0.9215713059569485,0.0,0.9,0.8835227272727273,0.9948453608247423,0.0,0.9878048768441404,0.797199630406255,0.9689542483660131,0.9999999998579546,0.27556818177903863,0.9999999998579546,0.22899123120362289,0.1293761188856893,-0.1293761188856893
0.20000000000000018,0.40000000000000013,8518.93359375,147.39617919921875,1.0095103128732483,0.0,0.9,0.8423295454545454,0.9814814814814815,0.0,0.9729729720964208,0.7368820485705105,0.8666666666666666,0.9999999998579546,0.23011363633094978,0.9999999998579546,0.28281773219618866,0.14989245645010896,-0.11973477954476162
0.30000000000000004,0.40000000000000013,8666.05078125,149.1810302734375,1.1353249392468325,0.0,0.9,0.8110795454545454,0.9078947368421053,0.0,0.8947368414325287,0.7020013262473552,0.7037037037037037,0.9999999998579546,0.21590909087842203,0.9943181816769435,0.357203345263812,0.17027090109503815,-0.12958007857631923
0.40000000000000013,0.40000000000000013,8869.55859375,151.61265563964844,1.3364323039371244,0.0,0.9,0.6903409090909091,0.7674418604651163,0.0,0.8623853207053278,0.5601387628316351,0.673469387755102,0.9999999998579546,0.18323863633760815,0.9815340907696685,0.4597867402218598,0.11028175567336168,-0.04496214627955061
0.5,0.40000000000000013,9127.4892578125,154.64041137695312,1.5557049371435439,0.0,0.9,0.6051136363636364,0.6976744186046512,0.0,0.9064748198178147,0.45022593979438574,0.5888888888888889,0.9999999998579546,0.12215909089173878,0.9446022725930963,0.5504919587289903,0.07475926823463862,0.003460131281324226
0.6000000000000001,0.40000000000000013,9436.3701171875,158.2082061767578,1.8465649805392896,0.0,0.9,0.5340909090909091,0.7903225806451613,0.0,0.9603658533657421,0.372182325634058,0.3055555555555555,0.9999999998579546,0.08806818180567214,0.8806818180567214,0.6555803127320083,0.0711285549389502,0.02856585007771654
0.7000000000000002,0.40000000000000013,9792.0009765625,162.25868225097656,2.091159541453104,0.0,0.9,0.4375,0.7368421052631579,0.0,0.9873737371244005,0.2822866195580405,0.6428571428571428,0.9999999998579546,0.026988636359802753,0.7997159089773132,0.7199957459451246,0.08987963851072056,0.0725402308463501
0.8,0.40000000000000013,10189.384765625,166.7359619140625,2.3840085376408826,0.0,0.9,0.3522727272727273,1.0,0.0,0.9999999997807018,0.21769073749757642,1.0,0.9999999998579546,0.0028409090905055527,0.6690340908140577,0.8043783811224918,0.13698903813001242,0.1156780351246868
0.9000000000000001,0.40000000000000013,10623.99609375,171.5879669189453,2.6950209979496496,0.0,0.9,0.30113636363636365,1.0,0.0,0.9999999997967479,0.1813890408936274,1.0,0.9999999998579546,0.0042613636357583294,0.590909090825155,0.8898682504797492,0.14927606746583527,0.148598074530003
1.0,0.40000000000000013,11090.763671875,176.7672882080078,2.9902986991574076,0.0,0.9,0.2315340909090909,1.0,0.0,0.9999999998151572,0.13187417543388394,1.0,0.9999999998579546,0.0028409090905055527,0.5127840908362523,0.9646577644701287,0.20313423466052827,0.20269555166346753
-1.0,0.5,11323.5703125,178.833984375,2.330183094688987,0.0,0.9,0.35795454545454547,0.0,0.0,0.999999999778761,0.19630071180268335,0.0,0.9999999998579546,0.0,0.7102272726263882,0.7997188449830868,0.05209035783430938,-0.015428252026210858
-0.9,0.5,10865.12109375,173.7817840576172,2.160467713395773,0.0,0.9,0.39488636363636365,0.0,0.0,0.9999999997652582,0.21288368134638075,0.0,0.9999999998579546,0.0,0.7627840908007409,0.7501668787353746,0.07177013493366052,-0.015052148023961803
-0.8,0.5,10438.833984375,169.0619354248047,2.005936365965265,0.0,0.9,0.43607954545454547,0.0,0.0,0.9999999997481108,0.27479266582152423,0.0,0.9999999998579546,0.0,0.806818181703577,0.7082694939223768,0.04667973525252493,-0.018867333474753924
-0.7,0.5,10049.591796875,164.72007751464844,1.824697705500046,0.0,0.9,0.5056818181818182,0.0,0.0,0.9999999997126436,0.34711203097315907,0.0,0.9999999998579546,0.0,0.8579545453326769,0.642852576867077,0.05159480007323119,-0.04545738854330231
-0.6,0.5,9701.419921875,160.80589294433594,1.613444779640376,0.0,0.9,0.5852272727272727,0.8888888888888888,0.0,0.9965753421244604,0.43374133750687144,0.5833333333333334,0.9999999998579546,0.012784090907274987,0.9019886362355131,0.5578913153332152,0.09131045359961151,-0.08208316131914076
-0.5,0.5,9397.693359375,157.371826171875,1.4191577739013779,0.0,0.9,0.6988636363636364,0.9545454545454546,0.0,0.9952830183984515,0.5661854248169764,0.6363636363636364,0.9999999998579546,0.031249999995561082,0.9289772725953158,0.46616021682218495,0.15197088133809952,-0.15197088133809952
-0.3999999999999999,0.5,9142.8134765625,154.4712371826172,1.2660382762602256,0.0,0.9,0.7443181818181818,0.926829268292683,0.0,0.983333332787037,0.6067842007772073,0.6416666666666667,0.9999999998579546,0.05823863635536383,0.9659090907718879,0.3894952075102909,0.14083185813624086,-0.13866738448556334
-0.29999999999999993,0.5,8940.0859375,152.1553192138672,1.1199586398006636,0.0,0.9,0.8011363636363636,0.9375,0.0,0.9714285707346939,0.6692161384479967,0.7333333333333334,0.9999999998579546,0.09090909089617769,0.9857954544054268,0.3200512384978466,0.14837186804780153,-0.14522589430990565
-0.19999999999999996,0.5,8792.373046875,150.46983337402344,1.0490873956676148,0.0,0.9,0.8252840909090909,0.9893617021276596,0.0,0.9918699178927888,0.700011996605533,0.8708333333333333,0.9999999998579546,0.133522727253761,0.997159090767449,0.28861586948357015,0.13304593201562537,-0.13304593201562537
-0.09999999999999998,0.5,8701.2900390625,149.45106506347656,1.0170897152944405,0.0,0.9,0.8451704545454546,0.993421052631579,0.0,0.9908256871643801,0.7382755405676156,0.8835978835978836,0.9999999998579546,0.21590909087842203,0.9985795453127018,0.2741961577453493,0.1316726728499219,-0.1316726728499219
0.0,0.5,8669.537109375,149.122314453125,1.0351756283546767,0.0,0.9,0.8579545454545454,0.993421052631579,0.0,0.98999999901,0.7533731019030172,0.8849206349206349,0.9999999998579546,0.21590909087842203,0.9985795453127018,0.28849866915426714,0.14673556830401113,-0.14673556830401113
0.10000000000000009,0.5,8697.814453125,149.49130249023438,1.0921486516848402,0.0,0.9,0.828125,0.9929078014184397,0.0,0.9917355363704665,0.7275145331088879,0.8518518518518519,0.9999999998579546,0.20028409088064147,0.9999999998579546,0.32350294617445435,0.17713191511246762,-0.130063243077219
0.20000000000000018,0.5,8784.837890625,150.54940795898438,1.1683441619431094,0.0,0.9,0.7997159090909091,0.9705882352941176,0.0,0.9716312049846587,0.67164953985527,0.6077586206896551,0.9999999998579546,0.1931818181543776,0.9985795453127018,0.36733893521660566,0.1781217098418471,-0.12136706726344632
0.30000000000000004,0.5,8929.03515625,152.27249145507812,1.3278398609825395,0.0,0.9,0.7230113636363636,0.7986111111111112,0.0,0.8512820508454965,0.5883640188723185,0.5525,0.9999999998579546,0.2045454545163998,0.9857954544054268,0.4544661345506695,0.15807694553019502,-0.08740048180087898
0.40000000000000013,0.5,9128.56640625,154.62359619140625,1.5278744558673123,0.0,0.9,0.6292613636363636,0.6956521739130435,0.0,0.8659003828099998,0.47967990853357967,0.4627329192546584,0.9999999998579546,0.1633522727040693,0.9602272725908768,0.5467079838184128,0.11085189120016434,-0.02045319877735987
0.5,0.5,9381.099609375,157.5565948486328,1.7728696250136242,0.0,0.9,0.5397727272727273,0.6382978723404256,0.0,0.895061728118808,0.3687364167476102,0.3425324675324675,0.9999999998579546,0.133522727253761,0.9190340907785464,0.6410545449706446,0.09060639726463103,0.04277350965917041
0.6000000000000001,0.5,9683.0849609375,161.02003479003906,2.029246095069376,0.0,0.9,0.4772727272727273,0.5625,0.0,0.9048913041019316,0.30701731666240134,0.24551282051282053,0.9999999998579546,0.11363636362022211,0.8281249998823687,0.7185101800314673,0.10362119682447954,0.0706428417557482
0.7000000000000002,0.5,10031.01171875,164.9605712890625,2.2356540086550876,0.0,0.9,0.4190340909090909,0.7916666666666666,0.0,0.9877750608831846,0.24394877162983622,0.3888888888888889,0.9999999998579546,0.034090909086066636,0.7130681817168938,0.7660582125443144,0.0942539338519199,0.0907561234039262
0.8,0.5,10419.9697265625,169.32579040527344,2.5026035731560965,0.0,0.9,0.3338068181818182,0.2,0.0,0.9914712151404113,0.19352626844847587,0.2,0.9999999998579546,0.007102272726263882,0.6505681817257716,0.8279565531792986,0.17284560962873063,0.12521730892753496
0.9000000000000001,0.5,10845.6005859375,174.0662841796875,2.7747402805889645,0.0,0.9,0.2755681818181818,0.0,0.0,0.9999999998039215,0.1577799323923787,0.0,0.9999999998579546,0.0,0.5681818181011106,0.9091978181224474,0.16526816334065175,0.1635056768127931
1.0,0.5,11303.1123046875,179.13658142089844,3.052771237104046,0.0,0.9,0.23579545454545456,1.0,0.0,0.9999999998141265,0.13207766900276757,1.0,0.9999999998579546,0.0028409090905055527,0.49715909083847176,0.9780636383158564,0.18822968059061523,0.1877063894818638
-1.0,0.6000000000000001,11580.2900390625,181.6680145263672,2.422148617486027,0.0,0.9,0.32670454545454547,0.0,0.0,0.9999999997890295,0.1672322188854246,0.0,0.9999999998579546,0.0,0.686079545357091,0.8347276210700275,0.03490106316502535,0.013604000521141905
-0.9,0.6000000000000001,11131.8115234375,176.7406463623047,2.260446961400722,0.0,0.9,0.3778409090909091,0.0,0.0,0.9999999997716894,0.19660109504618903,0.0,0.9999999998579546,0.0,0.749999999893466,0.796730397308373,0.03299767245861177,-0.0022423196484491585
-0.8,0.6000000000000001,10715.583984375,172.1476287841797,2.1233749413358516,0.0,0.9,0.42045454545454547,0.0,0.0,0.999999999754902,0.24428749729216026,0.0,0.9999999998579546,0.0,0.794034090796302,0.7556939414673992,0.03388458881588209,-0.01112727574376366
-0.7,0.6000000000000001,10336.2021484375,167.93223571777344,1.9249095308267947,0.0,0.9,0.4559659090909091,0.0,0.0,0.9999999997389033,0.29437155516519536,0.0,0.9999999998579546,0.0,0.8579545453326769,0.693440143545348,0.030235618826273892,-0.008402247950921874
-0.6,0.6000000000000001,9996.658203125,164.14112854003906,1.75127633626811,0.0,0.9,0.5170454545454546,0.875,0.0,0.9970588232361591,0.3529730084716978,0.6190476190476191,0.9999999998579546,0.01136363636202221,0.8934659089639964,0.6270009447089491,0.04767648043306576,-0.03433220312628096
-0.5,0.6000000000000001,9700.91015625,160.822998046875,1.58642946231589,0.0,0.9,0.609375,0.7647058823529411,0.0,0.9854545450961982,0.44434868196087396,0.4285714285714286,0.9999999998579546,0.0241477272692972,0.8991477271450075,0.5520629932271404,0.10525171222985912,-0.09626539645350589
-0.3999999999999999,0.6000000000000001,9452.7001953125,158.02664184570312,1.4000644881675546,0.0,0.9,0.7102272727272727,0.8260869565217391,0.0,0.9803921563821607,0.5471831233975286,0.45,0.9999999998579546,0.03267045454081386,0.940340908957338,0.46214037572921424,0.15479013014277743,-0.14813024928021168
-0.29999999999999993,0.6000000000000001,9254.822265625,155.79856872558594,1.282687717394434,0.0,0.9,0.7542613636363636,0.8888888888888888,0.0,0.9768786121520934,0.5914114328376079,0.6410256410256411,0.9999999998579546,0.05113636362909995,0.9744318180434046,0.4035162082436477,0.1499081038801351,-0.14475438621852918
-0.19999999999999996,0.6000000000000001,9110.3056640625,154.1798095703125,1.2136435073280556,0.0,0.9,0.7727272727272727,0.95,0.0,0.9812499993867188,0.6133603685508955,0.7366071428571429,0.9999999998579546,0.08522727271516659,0.9857954544054268,0.37319368869971753,0.12797180780246606,-0.12797180780246606
-0.09999999999999998,0.6000000000000001,9021.4755859375,153.20269775390625,1.167770288428429,0.0,0.9,0.8082386363636364,0.98989898989899,0.0,0.9925925918573388,0.6516380933880348,0.8525345622119815,0.9999999998579546,0.14062499998002487,0.9900568180411852,0.3524991744453171,0.1675290641829007,-0.14578057991638255
0.0,0.6000000000000001,8990.4638671875,152.88780212402344,1.211721918621215,0.0,0.9,0.7840909090909091,0.9914529914529915,0.0,0.9934210519780126,0.6415767828613631,0.8487394957983193,0.9999999998579546,0.16619318179457485,0.9985795453127018,0.38220404832664207,0.15984309112198586,-0.12746966976463048
0.10000000000000009,0.6000000000000001,9017.6513671875,153.24197387695312,1.262486511370806,0.0,0.9,0.7713068181818182,0.9841269841269841,0.0,0.9875776391381506,0.6336844507295972,0.7026852846401719,0.9999999998579546,0.17897727270184982,0.9999999998579546,0.4128427818918427,0.1954353604283702,-0.12749459722914283
0.20000000000000018,0.6000000000000001,9102.3720703125,154.2574920654297,1.3694814535834106,0.0,0.9,0.7215909090909091,0.928,0.0,0.9540816321662849,0.585437522510697,0.5150462962962963,0.9999999998579546,0.17755681815659705,0.9857954544054268,0.4668927519145866,0.1699670562335207,-0.09572984150745734
0.30000000000000004,0.6000000000000001,9243.2099609375,155.9130859375,1.5530414656857403,0.0,0.9,0.6193181818181818,0.7583892617449665,0.0,0.8656716414680329,0.4597592169190937,0.40740740740740744,0.9999999998579546,0.21164772724266367,0.9758522725886574,0.5605997822344072,0.11354394588459754,-0.01627943138346006
0.40000000000000013,0.6000000000000001,9437.8662109375,158.17587280273438,1.7182378070857056,0.0,0.9,0.5525568181818182,0.7053571428571429,0.0,0.8952380949538926,0.37338656583466145,0.3965909090909091,0.9999999998579546,0.15909090906831097,0.9346590907763269,0.6237495735750394,0.08976441966028406,0.029193259658101697
0.5,0.6000000000000001,9683.8974609375,161.00436401367188,1.9494311740690862,0.0,0.9,0.4914772727272727,0.6263736263736264,0.0,0.9050279327080927,0.3232828123063919,0.4557823129251701,0.9999999998579546,0.12926136361800267,0.8877840907829853,0.7042157389391642,0.10782663139789668,0.06417926395250424
0.6000000000000001,0.6000000000000001,9978.232421875,164.35183715820312,2.1963480944803595,0.0,0.9,0.42329545454545453,0.547945205479452,0.0,0.9187192115963745,0.24969040298122663,0.2642857142857143,0.9999999998579546,0.10369318180345267,0.7741477271627631,0.7767437632967805,0.1324242898594976,0.11207715582914668
0.7000000000000002,0.6000000000000001,10317.142578125,168.16937255859375,2.40825295426424,0.0,0.9,0.35795454545454547,0.631578947368421,0.0,0.9845132741184704,0.19057875637402746,0.375,0.9999999998579546,0.026988636359802753,0.6803977271760799,0.8247395048278151,0.1436993901773597,0.1436993901773597
0.8,0.6000000000000001,10696.1943359375,172.40841674804688,2.589778009626397,0.0,0.9,0.2940340909090909,0.0,0.0,0.9899396376277787,0.15325759275263431,0.0,0.9999999998579546,0.007102272726263882,0.6321022726374855,0.8557245657523456,0.1674197027391207,0.1591366368165556
0.9000000000000001,0.6000000000000001,11110.97265625,177.0225067138672,2.843051472740559,0.0,0.9,0.24573863636363635,0.0,0.0,0.998116760640656,0.1250480338462538,0.0,0.9999999998579546,0.0014204545452527763,0.5639204544653522,0.9222472999394142,0.17946784244163605,0.17845474835009062
1.0,0.6000000000000001,11557.9375,181.96852111816406,3.0841388422016323,0.0,0.9,0.18892045454545456,0.0,0.0,0.9999999998248688,0.09325403573857759,0.0,0.9999999998579546,0.0,0.5028409090194829,0.9841619836180889,0.22486662656650294,0.22486662656650294
-1.0,0.7000000000000002,11876.7060546875,184.93380737304688,2.522736959931795,0.0,0.9,0.2585227272727273,0.0,0.0,0.9999999998084291,0.11533557294035955,0.0,0.9999999998579546,0.0,0.6818181817213327,0.8713472067544483,0.08602831585310139,0.08602831585310139
-0.9,0.7000000000000002,11439.546875,180.14263916015625,2.360695579048775,0.0,0.9,0.3196022727272727,0.0,0.0,0.9999999997912317,0.15296710436627045,0.0,0.9999999998579546,0.0,0.7343749998956854,0.8329604999613762,0.061241005549874675,0.05040533834699252
-0.8,0.7000000000000002,11034.6484375,175.6870574951172,2.232267229420906,0.0,0.9,0.36079545454545453,0.0,0.0,0.9999999997777778,0.19710934433049232,0.0,0.9999999998579546,0.0,0.7798295453437742,0.8037834999703459,0.08725906939299224,0.04274145335958495
-0.7,0.7000000000000002,10665.3427734375,171.60777282714844,2.066086273484243,0.0,0.9,0.4090909090909091,0.0,0.0,0.9999999997596153,0.25091050608579474,0.0,0.9999999998579546,0.0,0.8281249998823687,0.7557409119899164,0.049771485416354753,0.020751618864443228
-0.6,0.7000000000000002,10335.4951171875,167.94821166992188,1.9112027276295636,0.0,0.9,0.4460227272727273,0.5555555555555556,0.0,0.9897435894898092,0.2765467425401935,0.1851851851851852,0.9999999998579546,0.012784090907274987,0.8749999998757103,0.697652545082959,0.05112761417706333,0.010973479553568241
-0.5,0.7000000000000002,10048.7177734375,164.75302124023438,1.724929100307818,0.0,0.9,0.5482954545454546,0.6923076923076923,0.0,0.9874213833372888,0.36404919718137585,0.23076923076923075,0.9999999998579546,0.018465909088286093,0.8849431816924797,0.6205824764998311,0.10077151045960081,-0.06767650020043224
-0.3999999999999999,0.7000000000000002,9808.0439453125,162.06651306152344,1.5592042499460381,0.0,0.9,0.6363636363636364,0.7368421052631579,0.0,0.9804687496170043,0.43620284664461745,0.24561403508771928,0.9999999998579546,0.026988636359802753,0.9232954544143047,0.5418039322939755,0.14750114738233924,-0.11765670787805725
-0.29999999999999993,0.7000000000000002,9616.361328125,159.9303741455078,1.459561486413599,0.0,0.9,0.703125,0.8387096774193549,0.0,0.9760765545569012,0.49983534855290634,0.5655172413793104,0.9999999998579546,0.04403409090283607,0.9517045453193602,0.4905114672086982,0.15699853331972277,-0.14671771766325775
-0.19999999999999996,0.7000000000000002,9476.2470703125,158.38111877441406,1.3666316905193574,0.0,0.9,0.7471590909090909,0.8947368421052632,0.0,0.9775280893384674,0.5654899355736397,0.46296296296296297,0.9999999998579546,0.05397727271960551,0.971590908952899,0.45001783897158965,0.17497871779874113,-0.15340525107208802
-0.09999999999999998,0.7000000000000002,9389.8740234375,157.44715881347656,1.3715905910126343,0.0,0.9,0.7315340909090909,0.967741935483871,0.0,0.9894179888944878,0.5508094050199314,0.6527777777777778,0.9999999998579546,0.08806818180567214,0.9829545453149213,0.4569800820835142,0.16547921522475176,-0.12265243287072775
0.0,0.7000000000000002,9359.5263671875,157.1466064453125,1.419361242482375,0.0,0.9,0.7230113636363636,0.9891304347826086,0.0,0.9948717943616042,0.5539998286131719,0.7714285714285715,0.9999999998579546,0.13068181816325544,0.9829545453149213,0.48393938059422104,0.18194458838276376,-0.11537739005188614
0.10000000000000009,0.7000000000000002,9385.587890625,157.48533630371094,1.4921133165828167,0.0,0.9,0.6747159090909091,0.9811320754716981,0.0,0.9912663751129841,0.4975231836179168,0.6435185185185185,0.9999999998579546,0.1505681817967943,0.9914772725864379,0.5233967861231951,0.16576413703919995,-0.08031962798788347
0.20000000000000018,0.7000000000000002,9467.79296875,158.45669555664062,1.6178965638205138,0.0,0.9,0.6036931818181818,0.896551724137931,0.0,0.9569892469688209,0.42559186239804847,0.43636363636363634,0.9999999998579546,0.16477272724932207,0.9659090907718879,0.5796336032928662,0.1224195896738467,-0.010430112255187862
0.30000000000000004,0.7000000000000002,9604.11328125,160.0419464111328,1.7700410161796698,0.0,0.9,0.5326704545454546,0.7131147540983607,0.0,0.8936170210049795,0.34959592429821734,0.38460648148148147,0.9999999998579546,0.17329545452083872,0.9488636362288546,0.6449099751102988,0.09929648428848889,0.04600654706032489
0.40000000000000013,0.7000000000000002,9793.1171875,162.21214294433594,1.9632524506948696,0.0,0.9,0.4744318181818182,0.6407766990291263,0.0,0.8999999997567567,0.28762532195924934,0.3732558139534884,0.9999999998579546,0.14630681816103597,0.9105113635070297,0.7122684558286918,0.10243611282242521,0.09688706776750103
0.5,0.7000000000000002,10031.84375,164.9303741455078,2.151093658485541,0.0,0.9,0.43323863636363635,0.5679012345679012,0.0,0.9122807015257441,0.2606227642834116,0.225,0.9999999998579546,0.11505681816547489,0.8210227271561048,0.7674471068398024,0.12600616178154864,0.11358146635824454
0.6000000000000001,0.7000000000000002,10317.28515625,168.15472412109375,2.3532301298701492,0.0,0.9,0.38636363636363635,0.4067796610169492,0.0,0.9189814812687542,0.21350600628698774,0.2635135135135135,0.9999999998579546,0.08380681816991381,0.7073863635358827,0.8205454284227152,0.1454323899791803,0.14158559954285488
0.7000000000000002,0.7000000000000002,10646.478515625,171.84088134765625,2.5175510741160685,0.0,0.9,0.3380681818181818,0.25,0.0,0.9806866950685221,0.1649062751454907,0.3666666666666667,0.9999999998579546,0.017045454543033318,0.6690340908140577,0.85575215800801,0.1591429980205806,0.1591429980205806
0.8,0.7000000000000002,11014.7275390625,175.94403076171875,2.7022431084588896,0.0,0.9,0.26988636363636365,0.0,0.0,0.9863813227652956,0.13667632567833585,0.0,0.9999999998579546,0.009943181816769436,0.6107954544586939,0.8940056822160142,0.18365594711010097,0.18359287366230986
0.9000000000000001,0.7000000000000002,11417.8271484375,180.4210205078125,2.916406518259275,0.0,0.9,0.23011363636363635,0.0,0.0,0.9963099629158101,0.11510166887051221,0.0,0.9999999998579546,0.0028409090905055527,0.55255681810333,0.9364140767770143,0.1913916178992907,0.18891081309942886
1.0,0.7000000000000002,11852.6865234375,185.23126220703125,3.125897314091241,0.0,0.9,0.15482954545454544,0.0,0.0,0.9999999998319329,0.06655553904067894,0.0,0.9999999998579546,0.0,0.49005681811220786,0.994771819764483,0.2547456583060151,0.2547456583060151
-1.0,0.8,12209.8232421875,188.5980224609375,2.600813820343443,0.0,0.9,0.2471590909090909,0.0,0.0,0.9999999998113208,0.09886670313768135,0.0,0.9999999998579546,0.0,0.6647727271782994,0.8950473656451875,0.10451780106423139,0.10451780106423139
-0.9,0.8,11784.8662109375,183.9508056640625,2.462517260793023,0.0,0.9,0.2755681818181818,0.0,0.0,0.9999999998039215,0.11607634702905571,0.0,0.9999999998579546,0.0,0.7102272726263882,0.8680875659783769,0.10011875749221316,0.10011875749221316
-0.8,0.8,11391.55859375,179.639404296875,2.3399529677857616,0.0,0.9,0.29829545454545453,0.0,0.0,0.9999999997975708,0.14013831916397257,0.0,0.9999999998579546,0.0,0.7571022726197298,0.8425618836895773,0.10259120836928777,0.10153259283225191
-0.7,0.8,11033.6865234375,175.7019805908203,2.1924279187035363,0.0,0.9,0.33948863636363635,0.0,0.0,0.9999999997849461,0.1777652750431063,0.0,0.9999999998579546,0.0,0.8053977271583243,0.802429246929612,0.08849590865293858,0.08186312094988152
-0.6,0.8,10714.3603515625,172.17837524414062,2.031429402350442,0.0,0.9,0.3934659090909091,0.2,0.0,0.9906323182691728,0.22062180980563978,0.06666666666666667,0.9999999998579546,0.007102272726263882,0.8693181816946992,0.7563838126684801,0.06507079485496148,0.03708798484297858
-0.5,0.8,10436.59375,169.10934448242188,1.8512754813870254,0.0,0.9,0.47301136363636365,0.8181818181818182,0.0,0.9946091641523964,0.2925658800783945,0.27272727272727276,0.9999999998579546,0.015624999997780541,0.8792613635114686,0.685039546308015,0.09749097523191666,-0.03444818534205211
-0.3999999999999999,0.8,10204.470703125,166.53480529785156,1.7201936847187926,0.0,0.9,0.5866477272727273,0.625,0.0,0.9793814429624118,0.3715121553306932,0.20833333333333334,0.9999999998579546,0.02272727272404442,0.8977272725997547,0.6146356783897295,0.16317933357754721,-0.11982125908168607
-0.29999999999999993,0.8,10019.796875,164.4918670654297,1.6136619139407145,0.0,0.9,0.6420454545454546,0.8,0.0,0.9841269837364576,0.420666754235055,0.4,0.9999999998579546,0.02840909090505553,0.9204545453237991,0.5573213028579188,0.16863316397794018,-0.1343886714990197
-0.19999999999999996,0.8,9884.7294921875,163.01268005371094,1.5734593400097614,0.0,0.9,0.6775568181818182,0.8518518518518519,0.0,0.9823788541927847,0.46255050425726557,0.4523809523809524,0.9999999998579546,0.03835227272182496,0.9460227271383491,0.5448518119399485,0.19129975225706677,-0.13566630184366538
-0.09999999999999998,0.8,9801.548828125,162.1221160888672,1.5849508336505769,0.0,0.9,0.6647727272727273,1.0,0.0,0.9999999995762712,0.45774926380802206,1.0,0.9999999998579546,0.06960227271738605,0.9588068180456241,0.5493476217103331,0.17040753653756094,-0.09764431684939191
0.0,0.8,9771.833984375,161.83583068847656,1.6269747737883942,0.0,0.9,0.640625,0.9696969696969697,0.0,0.9920948612679468,0.43575670247420367,0.7361111111111112,0.9999999998579546,0.09374999998668325,0.9630681816813824,0.5704365189217516,0.15545859608408485,-0.07244230393720573
0.10000000000000009,0.8,9796.634765625,162.15907287597656,1.7266518804331197,0.0,0.9,0.5582386363636364,0.9487179487179487,0.0,0.987138263348187,0.3584386007462699,0.5686274509803921,0.9999999998579546,0.11079545452971656,0.9559659089551186,0.6206009884479076,0.11220833864053037,0.009064172322996894
0.20000000000000018,0.8,9875.7431640625,163.0859832763672,1.8709120580344332,0.0,0.9,0.4928977272727273,0.90625,0.0,0.9747899156933361,0.3039191300691923,0.5896396396396396,0.9999999998579546,0.13636363634426654,0.9389204544120852,0.683604837983608,0.11358639221949525,0.08279217297403553
0.30000000000000004,0.8,10007.3232421875,164.6002655029297,2.0093765943095114,0.0,0.9,0.45738636363636365,0.7954545454545454,0.0,0.9528795809023874,0.271950438099103,0.3897058823529412,0.9999999998579546,0.12499999998224433,0.9076704544165242,0.7271760370893863,0.12303963002803003,0.10972115626004267
0.40000000000000013,0.8,10189.9072265625,166.6765594482422,2.1883284196452344,0.0,0.9,0.40482954545454547,0.6438356164383562,0.0,0.937947493809559,0.226370600790931,0.3660714285714286,0.9999999998579546,0.10369318180345267,0.8423295453348965,0.7864309138596289,0.15463107057656253,0.15463107057656253
0.5,0.8,10420.4072265625,169.2823486328125,2.313309561766877,0.0,0.9,0.3821022727272727,0.4074074074074074,0.0,0.9264367813962214,0.20774263898312748,0.21176470588235294,0.9999999998579546,0.07670454544364992,0.7528409089839715,0.8171620441069504,0.15868617957857373,0.15868617957857373
0.6000000000000001,0.8,10696.3994140625,172.38031005859375,2.494349196906396,0.0,0.9,0.33948863636363635,0.25,0.0,0.941935483668401,0.1651059445625447,0.25892857142857145,0.9999999998579546,0.05113636362909995,0.6718749999045632,0.8621033079031092,0.17806246964888994,0.17806246964888994
0.7000000000000002,0.8,11014.8095703125,175.930419921875,2.6689052772647686,0.0,0.9,0.30113636363636365,0.0,0.0,0.9837398371984268,0.13604523195000087,0.0,0.9999999998579546,0.01136363636202221,0.6534090908162772,0.9007886874933227,0.19146014656711413,0.18985128896966139
0.8,0.8,11371.5234375,179.89193725585938,2.8204907681075104,0.0,0.9,0.25142045454545453,0.0,0.0,0.9886148005714204,0.11978788077974539,0.0,0.9999999998579546,0.008522727271516659,0.6193181817302105,0.9251272775002914,0.2008172995167291,0.20001589025164845
0.9000000000000001,0.8,11762.6669921875,184.2250213623047,2.978754580034338,0.0,0.9,0.21164772727272727,0.0,0.0,0.9963963962168656,0.0964861238809798,0.0,0.9999999998579546,0.0028409090905055527,0.5482954544675717,0.9531505943052997,0.20280788539869488,0.20280788539869488
1.0,0.8,12185.28515625,188.89166259765625,3.181078600141329,0.0,0.9,0.15056818181818182,0.0,0.0,0.999999999832776,0.06034225469034184,0.0,0.9999999998579546,0.0,0.4801136362954384,1.0039774315830674,0.25714355140895745,0.25714355140895745
-1.0,0.9000000000000001,12576.3525390625,192.62716674804688,2.6898870006860305,0.0,0.9,0.24573863636363635,0.0,0.0,0.9999999998116762,0.086960066512468,0.0,0.9999999998579546,0.0,0.6392045453637494,0.9144260257758497,0.12177856322644243,0.12177856322644243
-0.9,0.9000000000000001,12163.88671875,188.12840270996094,2.549373148370123,0.0,0.9,0.2684659090909091,0.0,0.0,0.9999999998058253,0.09830865423448468,0.0,0.9999999998579546,0.0,0.6931818180833549,0.8879869941817086,0.11689652791873244,0.11689652791873244
-0.8,0.9000000000000001,11783.177734375,183.9647216796875,2.443968295507548,0.0,0.9,0.28125,0.0,0.0,0.9999999998023715,0.10973813233199024,0.0,0.9999999998579546,0.0,0.7272727271694215,0.8731550367418471,0.12313189604150766,0.12313189604150766
-0.7,0.9000000000000001,11437.2177734375,180.17135620117188,2.3087561354125086,0.0,0.9,0.32954545454545453,0.0,0.0,0.9999999997881356,0.15529219961730226,0.0,0.9999999998579546,0.0,0.7798295453437742,0.8453680945776393,0.10950006074771432,0.08361978279625958
-0.6,0.9000000000000001,11128.580078125,176.78492736816406,2.1767207511342037,0.0,0.9,0.3522727272727273,0.36363636363636365,0.0,0.9846491225910857,0.17818096546332451,0.12121212121212122,0.9999999998579546,0.015624999997780541,0.850852272606413,0.81015157507607,0.08726729291892742,0.06579590720830596
-0.5,0.9000000000000001,10860.865234375,173.84231567382812,2.0105210576648354,0.0,0.9,0.4446022727272727,0.391304347826087,0.0,0.9641943731549374,0.24968039391879104,0.13043478260869565,0.9999999998579546,0.03267045454081386,0.8622159089684353,0.741102503563008,0.09996616374145383,-0.03232529924150755
-0.3999999999999999,0.9000000000000001,10637.3134765625,171.37924194335938,1.8898890930375851,0.0,0.9,0.5369318181818182,0.5,0.0,0.9662576684152583,0.3127379550785396,0.16666666666666666,0.9999999998579546,0.031249999995561082,0.8792613635114686,0.6827909713876756,0.17717163015315485,-0.11344859267327984
-0.29999999999999993,0.9000000000000001,10460.0458984375,169.428466796875,1.817511086847145,0.0,0.9,0.5653409090909091,0.5714285714285714,0.0,0.9705882349769319,0.3376933823001011,0.19047619047619047,0.9999999998579546,0.029829545450308304,0.8849431816924797,0.644833583293024,0.1454068576488732,-0.10135865788144602
-0.19999999999999996,0.9000000000000001,10330.4521484375,168.0182647705078,1.7987932345115367,0.0,0.9,0.5696022727272727,0.8275862068965517,0.0,0.9834983495103965,0.33614981920732284,0.4342105263157895,0.9999999998579546,0.04119318181233052,0.8948863635092491,0.6358613604760587,0.1084307498517047,-0.06493978565862146
-0.09999999999999998,0.9000000000000001,10250.7880859375,167.1702423095703,1.8221850663037775,0.0,0.9,0.5497159090909091,0.9523809523809523,0.0,0.9936908514215486,0.33695109953168456,0.47214854111405835,0.9999999998579546,0.05965909090061661,0.9090909089617769,0.6481416467530544,0.1209813227733925,-0.02043200824218115
0.0,0.9000000000000001,10222.0751953125,166.8979949951172,1.8913207965920744,0.0,0.9,0.5028409090909091,0.8545454545454545,0.0,0.9771428568636734,0.29794087674558495,0.5773809523809523,0.9999999998579546,0.0781249999889027,0.9034090907807658,0.6814806635924789,0.12177014283740367,0.034807189209659015
0.10000000000000009,0.9000000000000001,10245.5966796875,167.2060546875,2.013199874609227,0.0,0.9,0.43323863636363635,0.8166666666666667,0.0,0.9724310774505185,0.24228950782253741,0.609375,0.9999999998579546,0.08522727271516659,0.9062499998712713,0.7377721561497981,0.12378472528419542,0.11811837314642858
0.20000000000000018,0.9000000000000001,10321.7578125,168.0892791748047,2.128111375622433,0.0,0.9,0.4119318181818182,0.8166666666666667,0.0,0.9734299514556932,0.23174943545579046,0.5341463414634147,0.9999999998579546,0.08522727271516659,0.8735795453304575,0.7753366077838098,0.14318100039372517,0.14307329648788442
0.30000000000000004,0.9000000000000001,10448.24609375,169.5336456298828,2.2513271690655827,0.0,0.9,0.3849431818181818,0.6785714285714286,0.0,0.9584295609795774,0.1993956819799368,0.38302808302808306,0.9999999998579546,0.07954545453415549,0.8181818180655992,0.807501143593619,0.17936588466027079,0.17569352869869462
0.40000000000000013,0.9000000000000001,10623.6953125,171.51699829101562,2.384634733195992,0.0,0.9,0.3664772727272727,0.375,0.0,0.9551569504584849,0.19987190066612331,0.16522366522366522,0.9999999998579546,0.04545454544808884,0.7372159089861909,0.8450066558876577,0.17720457447188814,0.17720457447188814
0.5,0.9000000000000001,10845.9189453125,174.0108184814453,2.531134755792729,0.0,0.9,0.3196022727272727,0.21428571428571427,0.0,0.9770354904014539,0.15245501140076387,0.1818181818181818,0.9999999998579546,0.01988636363353887,0.7002840908096187,0.8842611695904773,0.21670301737732486,0.21670301737732486
0.6000000000000001,0.9000000000000001,11111.740234375,176.98204040527344,2.6010169312965745,0.0,0.9,0.3153409090909091,0.25,0.0,0.9813278006262804,0.14472429303088627,0.275,0.9999999998579546,0.017045454543033318,0.6718749999045632,0.8891129560232901,0.19644571105223976,0.19644571105223976
0.7000000000000002,0.9000000000000001,11418.5869140625,180.39483642578125,2.7612549357380813,0.0,0.9,0.2840909090909091,0.0,0.0,0.9841269839317208,0.1281842581483232,0.0,0.9999999998579546,0.01136363636202221,0.6392045453637494,0.9226128583301888,0.20170755804235616,0.20170755804235616
0.8,0.9000000000000001,11763.099609375,184.21231079101562,2.8753873823767386,0.0,0.9,0.25,0.0,0.0,0.9905303028427026,0.11572983584127601,0.0,0.9999999998579546,0.007102272726263882,0.6193181817302105,0.937776538290204,0.19880107317129814,0.19880107317129814
0.9000000000000001,0.9000000000000001,12142.01953125,188.39791870117188,3.0534240054932758,0.0,0.9,0.21164772727272727,0.0,0.0,0.9963963962168656,0.09564987616229763,0.0,0.9999999998579546,0.0028409090905055527,0.5426136362865606,0.9706105596766544,0.2093055287810039,0.20620747237446213
1.0,0.9000000000000001,12551.865234375,192.91647338867188,3.255031426055667,0.0,0.9,0.14204545454545456,0.0,0.0,0.9999999998344371,0.057413522331787696,0.0,0.9999999998579546,0.0,0.4687499999334162,1.0190150614812319,0.2641900572734026,0.2641900572734026
-1.0,1.0,12973.888671875,196.9887237548828,2.8158377044623997,0.0,0.9,0.23011363636363635,0.0,0.0,0.9999999998154983,0.07872114238238859,0.0,0.9999999998579546,0.0,0.57812499991788,0.9423503416618437,0.15767817961844477,0.15767817961844477
-0.9,1.0,12574.599609375,192.6401824951172,2.670549130003897,0.0,0.9,0.26420454545454547,0.0,0.0,0.9999999998069499,0.09086115767092956,0.0,0.9999999998579546,0.0,0.6321022726374855,0.9165246750900912,0.1467789615738807,0.13870364255018777
-0.8,1.0,12206.5126953125,188.6248016357422,2.5791334654685154,0.0,0.9,0.2599431818181818,0.0,0.0,0.9999999998080615,0.09104730306548793,0.0,0.9999999998579546,0.0,0.6590909089972883,0.9024224174741604,0.14976998575740383,0.14976998575740383
-0.7,1.0,11872.74609375,184.9751739501953,2.4668510819636187,0.0,0.9,0.296875,0.0,0.0,0.9999999997979797,0.12416509934135858,0.0,0.9999999998579546,0.0,0.7031249999001243,0.8884135826665553,0.14031910595266192,0.11496474467424175
-0.6,1.0,11575.59765625,181.7246551513672,2.3068545521917145,0.0,0.9,0.35795454545454547,0.09090909090909091,0.0,0.977876105978346,0.18382946742449835,0.030303030303030304,0.9999999998579546,0.015624999997780541,0.7968749998868075,0.8511752626195874,0.16016526582765483,0.053062829198655743
-0.5,1.0,11317.8876953125,178.90634155273438,2.169164962989336,0.0,0.9,0.4090909090909091,0.23529411764705882,0.0,0.9687499997671274,0.21855742927928495,0.0784313725490196,0.9999999998579546,0.0241477272692972,0.8267045453371159,0.7992689311535962,0.14666076504697584,-0.015076902715396332
-0.3999999999999999,1.0,11103.14453125,176.55218505859375,2.077093354762769,0.0,0.9,0.4928977272727273,0.3888888888888889,0.0,0.9691876747985468,0.2813233330722046,0.19444444444444445,0.9999999998579546,0.025568181814549975,0.8437499998801492,0.7466597518210297,0.15109439159351826,-0.09216027576119779
-0.29999999999999993,1.0,10932.90625,174.6910400390625,2.0401438614303773,0.0,0.9,0.5028409090909091,0.43478260869565216,0.0,0.9628571425820408,0.2812356571554256,0.14492753623188406,0.9999999998579546,0.03267045454081386,0.8437499998801492,0.7240792583523946,0.13889205757795242,-0.06557808138694958
-0.19999999999999996,1.0,10808.8349609375,173.3475799560547,2.0390561850451956,0.0,0.9,0.484375,0.65,0.0,0.9807162531733563,0.2621103129995683,0.375,0.9999999998579546,0.02840909090505553,0.8437499998801492,0.7261949283365392,0.09547622099402048,-0.014646132670203711
-0.09999999999999998,1.0,10732.5126953125,172.5406036376953,2.08031261243503,0.0,0.9,0.4446022727272727,0.8048780487804879,0.0,0.9795396416932123,0.2400164949052726,0.5882352941176471,0.9999999998579546,0.05823863635536383,0.8366477271538854,0.7474360080024461,0.12304135059064471,0.04847129883764455
0.0,1.0,10704.87109375,172.2819061279297,2.140643783095727,0.0,0.9,0.38636363636363635,0.7301587301587301,0.0,0.9606481479257758,0.19650718128177894,0.42410714285714285,0.9999999998579546,0.08948863635092491,0.8366477271538854,0.7767418876263315,0.12964286595852012,0.12964286595852012
0.10000000000000009,1.0,10727.4462890625,172.5752716064453,2.2439239037867047,0.0,0.9,0.37642045454545453,0.6896551724137931,0.0,0.9589977218772214,0.2004951887062041,0.41666666666666663,0.9999999998579546,0.08238636362466104,0.8153409089750937,0.8153353087427014,0.15684387159853402,0.15326888748768208
0.20000000000000018,1.0,10800.455078125,173.41632080078125,2.3314219718007774,0.0,0.9,0.3664772727272727,0.6666666666666666,0.0,0.96188340785608,0.19434511026050202,0.17346938775510204,0.9999999998579546,0.0724431818078916,0.7727272726175104,0.8366876348475916,0.1836489870130424,0.1794795163777544
0.30000000000000004,1.0,10922.0673828125,174.79299926757812,2.4441540019045638,0.0,0.9,0.3380681818181818,0.6904761904761905,0.0,0.9721030040832397,0.17168231914562232,0.26838235294117646,0.9999999998579546,0.05965909090061661,0.6846590908118382,0.8684970993248995,0.20047205339272628,0.19932846017045183
0.40000000000000013,1.0,11090.130859375,176.68588256835938,2.521325565305177,0.0,0.9,0.33238636363636365,0.5,0.0,0.9829787231951108,0.16524592689207668,0.2375,0.9999999998579546,0.02272727272404442,0.6747159089950688,0.883056008186191,0.19829563705296474,0.19464947335339688
0.5,1.0,11303.1416015625,179.07022094726562,2.617515605192496,0.0,0.9,0.3053977272727273,0.0,0.0,0.9877300611477035,0.14554874634376674,0.0,0.9999999998579546,0.008522727271516659,0.6818181817213327,0.9054905995647967,0.21578533386071388,0.21543750248245222
0.6000000000000001,1.0,11559.0283203125,181.91671752929688,2.7108659281076175,0.0,0.9,0.28125,0.0,0.0,0.9901185768794232,0.13278136760659062,0.0,0.9999999998579546,0.007102272726263882,0.6505681817257716,0.9222489970968163,0.21998214623802856,0.21869100231058705
0.7000000000000002,1.0,11854.1708984375,185.1934814453125,2.832039157090549,0.0,0.9,0.26420454545454547,0.0,0.0,0.9884169882261744,0.12109097563857732,0.0,0.9999999998579546,0.008522727271516659,0.6377840908184966,0.9439514813586237,0.20935578518358267,0.20935578518358267
0.8,1.0,12186.544921875,188.8672332763672,2.9736309431416075,0.0,0.9,0.23863636363636365,0.0,0.0,0.992537313247661,0.10785047265665205,0.0,0.9999999998579546,0.005681818181011105,0.6065340908229355,0.9594451943789081,0.20577762209346698,0.20577762209346698
0.9000000000000001,1.0,12552.6015625,192.90464782714844,3.118657235491067,0.0,0.9,0.20454545454545456,0.0,0.0,0.9982142855360332,0.0941210588917608,0.0,0.9999999998579546,0.0014204545452527763,0.5397727271960551,0.9835984107238008,0.21051535667299895,0.21051535667299895
1.0,1.0,12949.5478515625,197.27330017089844,3.284422476127221,0.0,0.9,0.15482954545454544,0.0,0.0,0.9999999998319329,0.06746903272358382,0.0,0.9999999998579546,0.0,0.49147727265746066,1.0223517145297063,0.24200878265565273,0.24200878265565273
