-1.0,-1.0,116976.234375,672.16845703125,1.9647910810600224,0.0,0.9,0.4338942307692308,0.0,0.0,0.9999999997876857,0.05038123698270397,0.0,0.9999999998798077,0.0,0.7079326922226042,0.78005908253009,0.14296599069181903,-0.13632670636118055
-0.9,-1.0,113362.3515625,657.0477905273438,1.951506196195877,0.0,0.9,0.4362980769230769,0.0,0.0,0.9999999997867803,0.05605721820892099,0.0,0.9999999998798077,0.0,0.7475961537562986,0.7787433231230011,0.16899721730606762,-0.1532190047151372
-0.8,-1.0,110035.0546875,643.0818481445312,1.9304673248126567,0.0,0.9,0.44711538461538464,0.0,0.0,0.9999999997826087,0.06495881052843079,0.0,0.9999999998798077,0.0,0.7596153845240847,0.7844867590718065,0.19257686504396904,-0.18289188431572984
-0.7,-1.0,107020.890625,630.3840942382812,1.9533938477715573,0.0,0.9,0.40625,0.0,0.0,0.9999999997975708,0.0748471615720524,0.0,0.9999999998798077,0.0,0.7776442306757639,0.8011438033106634,0.1455991033111984,-0.14490866500127159
-0.6,-1.0,104346.734375,619.070068359375,1.9982882401000017,0.0,0.9,0.1658653846153846,0.0,0.0,0.9999999998559078,0.020296939165710674,0.0,0.9999999998798077,0.0,0.8016826922113363,0.8268059338650915,0.13035449763631135,0.13035449763631135
-0.5,-1.0,102036.296875,609.255126953125,2.089189595877764,0.0,0.9,0.15504807692307693,0.0,0.0,0.9999999998577526,0.017479674796747967,0.0,0.9999999998798077,0.0,0.8112980768255652,0.8730289805705952,0.18758996289058866,0.18758996289058866
-0.3999999999999999,-1.0,100112.171875,601.050048828125,2.1921242948780875,0.0,0.9,0.15384615384615385,0.0,0.0,0.9999999998579546,0.017472017472017473,0.0,0.9999999998798077,0.0,0.8064903845184507,0.9119943282171712,0.21687795278869312,0.21687795278869312
-0.29999999999999993,-1.0,98594.0703125,594.5556640625,2.276193454546108,0.0,0.9,0.15865384615384615,0.0,0.0,0.9999999998571429,0.021446980854197346,0.0,0.9999999998798077,0.0,0.7956730768274431,0.9325659624931476,0.2142682531409516,0.2142682531409516
-0.19999999999999996,-1.0,97499.390625,589.8577270507812,2.3129701069661293,0.0,0.9,0.17307692307692307,0.0,0.0,0.9999999998546513,0.036444715268120466,0.0,0.9999999998798077,0.0,0.7896634614435502,0.9330757615359169,0.189923224664383,0.189923224664383
-0.09999999999999998,-1.0,96840.109375,587.022216796875,2.3367296736039482,0.0,0.9,0.18509615384615385,0.0,0.0,0.9999999998525074,0.04293250385358996,0.0,0.9999999998798077,0.0,0.7872596152899929,0.9307338041407339,0.17482145458017012,0.17482145458017012
0.0,-1.0,96621.5390625,586.0901489257812,2.3294125157681536,0.0,0.9,0.171875,0.0,0.0,0.9999999998548622,0.03440819092769358,0.0,0.9999999998798077,0.0,0.7475961537562986,0.9250631360160575,0.17455877062915415,0.17455877062915415
0.10000000000000009,-1.0,96846.890625,587.0755004882812,2.284185080197102,0.0,0.9,0.17908653846153846,0.0,0.0,0.9999999998535871,0.03372501856849223,0.0,0.9999999998798077,0.0,0.6874999999173678,0.9100546497584872,0.14589970400188587,0.14589970400188587
0.20000000000000018,-1.0,97513.859375,589.9638061523438,2.2443141581217403,0.0,0.9,0.1778846153846154,0.0,0.0,0.9999999998538012,0.0347451636908772,0.0,0.9999999998798077,0.0,0.6706730768424672,0.8952274012211012,0.10722215862692003,0.10722215862692003
0.30000000000000004,-1.0,98614.9140625,594.7127685546875,2.167084475500013,0.0,0.9,0.21033653846153846,0.0,0.0,0.9999999998477931,0.04992536678361158,0.0,0.9999999998798077,0.0,0.7475961537562986,0.8764057469722669,0.05446962272394401,0.023909473484226326
0.40000000000000013,-1.0,100138.5546875,601.2562866210938,2.12502208322197,0.0,0.9,0.18269230769230768,0.0,0.0,0.9999999998529412,0.05105612473676692,0.0,0.9999999998798077,0.0,0.8064903845184507,0.8692766392504271,0.016330408631368296,0.016330408631368296
0.5,-1.0,102066.1796875,609.5079956054688,2.122127883432738,0.0,0.9,0.13341346153846154,0.0,0.0,0.9999999998613038,0.03850671221401598,0.0,0.9999999998798077,0.0,0.7596153845240847,0.8688459824743955,0.0577600061921441,0.0577600061921441
0.6000000000000001,-1.0,104379.4453125,619.3662719726562,2.1143226552594405,0.0,0.9,0.15745192307692307,0.0,0.0,0.9999999998573467,0.03860454965879225,0.0,0.9999999998798077,0.0,0.7055288460690471,0.8656177975841649,0.0415481644090405,0.041210498320935755
0.7000000000000002,-1.0,107055.0234375,630.7207641601562,2.119531211688045,0.0,0.9,0.25,0.0,0.0,0.9999999998397436,0.03502515044743188,0.0,0.9999999998798077,0.0,0.6634615383817956,0.8605782227237482,0.042273596546212995,-0.042273596546212995
0.8,-1.0,110068.8203125,643.455810546875,2.1184274987343112,0.0,0.9,0.34615384615384615,0.0,0.0,0.9999999998161765,0.040557667934093794,0.0,0.9999999998798077,0.0,0.6610576922282383,0.851852311404316,0.14534511508916625,-0.12445466073634541
0.9000000000000001,-1.0,113395.4140625,657.4556884765625,2.106833276681351,0.0,0.9,0.4170673076923077,0.0,0.0,0.9999999997938144,0.04667742803336024,0.0,0.9999999998798077,0.0,0.6814903845334748,0.841834159820662,0.18441480401052687,-0.18222059613422373
1.0,-1.0,117007.5234375,672.6072998046875,2.1276210657928734,0.0,0.9,0.4254807692307692,0.0,0.0,0.9999999997907949,0.04744672295938882,0.0,0.9999999998798077,0.0,0.6658653845353527,0.8408636177255133,0.1799807581241095,-0.17605584349146616
-1.0,-0.9,113368.25,657.0327758789062,1.9907688391210672,0.0,0.9,0.4423076923076923,0.0,0.0,0.9999999997844827,0.07206065539398872,0.0,0.9999999998798077,0.0,0.7271634614510621,0.7954311921887969,0.18301232247701754,-0.17859056627651038
-0.9,-0.9,109640.640625,641.3898315429688,1.9659609459990028,0.0,0.9,0.4495192307692308,0.0,0.0,0.9999999997816593,0.07336106332976217,0.0,0.9999999998798077,0.0,0.7499999999098558,0.7909151932943752,0.2010778430361319,-0.1875471031410894
-0.8,-0.9,106203.71875,626.9080810546875,1.9513574963632245,0.0,0.9,0.4891826923076923,0.0,0.0,0.9999999997647059,0.09213937621832358,0.0,0.9999999998798077,0.0,0.7692307691383137,0.7926306327708463,0.23502169917518875,-0.23502169917518875
-0.7,-0.9,103086.5390625,613.71044921875,1.9841013902482174,0.0,0.9,0.28125,0.0,0.0,0.999999999832776,0.049851389685727034,0.0,0.9999999998798077,0.0,0.7908653845203287,0.8126346051780436,0.021882242507826097,-0.007104243655674202
-0.6,-0.9,100316.796875,601.9234008789062,2.0673864003855504,0.0,0.9,0.15745192307692307,0.0,0.0,0.9999999998573467,0.018070566514814104,0.0,0.9999999998798077,0.0,0.7896634614435502,0.8551395531076954,0.16639716748194144,0.16636389826386222
-0.5,-0.9,97923.609375,591.6753540039062,2.144647462560024,0.0,0.9,0.15384615384615385,0.0,0.0,0.9999999998579546,0.018462618965714942,0.0,0.9999999998798077,0.0,0.8100961537487865,0.8968556885858622,0.21892706053851663,0.21892706053851663
-0.3999999999999999,-0.9,95929.5625,583.09033203125,2.245527268522659,0.0,0.9,0.15144230769230768,0.0,0.0,0.999999999858357,0.0175,0.0,0.9999999998798077,0.0,0.814903846055901,0.92914672005294,0.24280895327897867,0.24280895327897867
-0.29999999999999993,-0.9,94354.765625,576.2826538085938,2.2759894782833103,0.0,0.9,0.16826923076923078,0.0,0.0,0.9999999998554914,0.03318715462221366,0.0,0.9999999998798077,0.0,0.7956730768274431,0.9327146108004338,0.21557274167930074,0.21557274167930074
-0.19999999999999996,-0.9,93218.3125,571.350830078125,2.274738477668497,0.0,0.9,0.21033653846153846,0.0,0.0,0.9999999998477931,0.06743975987590783,0.0,0.9999999998798077,0.0,0.7824519229828784,0.9180996847303456,0.1640261246404774,0.1597204632978595
-0.09999999999999998,-0.9,92533.828125,568.3700561523438,2.2562841461923644,0.0,0.9,0.22596153846153846,0.0,0.0,0.9999999998447205,0.07751431230993246,0.0,0.9999999998798077,0.0,0.7728365383686495,0.9005932313747228,0.13409575950336505,0.12521456999183658
0.0,-0.9,92306.8359375,567.388916015625,2.277859358505039,0.0,0.9,0.21394230769230768,0.0,0.0,0.9999999998470949,0.06133974306754459,0.0,0.9999999998798077,0.0,0.7560096152937489,0.9040398833126208,0.12829599916878998,0.12829599916878998
0.10000000000000009,-0.9,92539.9140625,568.4228515625,2.2264524802090233,0.0,0.9,0.21394230769230768,0.0,0.0,0.9999999998470949,0.05997845688295284,0.0,0.9999999998798077,0.0,0.7752403845222067,0.8890065062731696,0.1038721553330236,0.1038721553330236
0.20000000000000018,-0.9,93229.8984375,571.4552612304688,2.178880766467153,0.0,0.9,0.22956730769230768,0.0,0.0,0.9999999998439938,0.056421535840314764,0.0,0.9999999998798077,0.0,0.7740384614454281,0.8784428226088092,0.050584668653122264,0.050584668653122264
0.30000000000000004,-0.9,94373.0234375,576.4373168945312,2.141959595709526,0.0,0.9,0.22235576923076922,0.0,0.0,0.9999999998454405,0.05725168997837406,0.0,0.9999999998798077,0.0,0.8281249999004657,0.869272015487554,0.03397621051735947,0.017697579049361794
0.40000000000000013,-0.9,95952.3046875,583.2928466796875,2.1362685442701492,0.0,0.9,0.15625,0.0,0.0,0.99999999985755,0.04057501053016492,0.0,0.9999999998798077,0.0,0.8052884614416721,0.8729594518685195,0.062467713534549454,0.06112129539685429
0.5,-0.9,97951.2265625,591.9230346679688,2.131992397047512,0.0,0.9,0.15144230769230768,0.0,0.0,0.999999999858357,0.04399359631341262,0.0,0.9999999998798077,0.0,0.7379807691420697,0.8720037175813083,0.06499073895610685,0.06499073895610685
0.6000000000000001,-0.9,100347.71875,602.213134765625,2.0991770326090107,0.0,0.9,0.1658653846153846,0.0,0.0,0.9999999998559078,0.046257632358118514,0.0,0.9999999998798077,0.0,0.7079326922226042,0.8595150456823812,0.05735941243146915,0.05735941243146915
0.7000000000000002,-0.9,103117.9765625,614.0391235351562,2.11348592526252,0.0,0.9,0.203125,0.0,0.0,0.9999999998491705,0.030069157860932078,0.0,0.9999999998798077,0.0,0.6742788460728031,0.8566274250103645,0.028947433578746656,0.028947433578746656
0.8,-0.9,106235.546875,627.2723388671875,2.1151909298681226,0.0,0.9,0.30408653846153844,0.0,0.0,0.9999999998272885,0.0438957475994513,0.0,0.9999999998798077,0.0,0.6742788460728031,0.8507576468891028,0.08343123088773545,-0.06571513343780062
0.9000000000000001,-0.9,109671.4921875,641.7861328125,2.116940537087565,0.0,0.9,0.4074519230769231,0.0,0.0,0.9999999997971601,0.05550654045277701,0.0,0.9999999998798077,0.0,0.6754807691495817,0.8420318987183497,0.1731761941137144,-0.15762634054161026
1.0,-0.9,113395.9765625,657.458251953125,2.1308249438041402,0.0,0.9,0.4326923076923077,0.0,0.0,0.9999999997881356,0.059631778780714954,0.0,0.9999999998798077,0.0,0.6742788460728031,0.8380807891256058,0.18117852678700042,-0.1684647303333135
-1.0,-0.8,110046.046875,643.0508422851562,2.018395490892549,0.0,0.9,0.3942307692307692,0.0,0.0,0.9999999998015873,0.07054648494486021,0.0,0.9999999998798077,0.0,0.7283653845278407,0.8162151890879586,0.16642088044545095,-0.1568571014607198
-0.9,-0.8,106209.8359375,626.8922119140625,2.003269281016276,0.0,0.9,0.47475961538461536,0.0,0.0,0.999999999771167,0.09195516534153715,0.0,0.9999999998798077,0.0,0.736778846065291,0.8068363126571171,0.23349096598623698,-0.23250074122648928
-0.8,-0.8,102667.7734375,611.8973388671875,2.00190190462592,0.0,0.9,0.4266826923076923,0.0,0.0,0.9999999997903564,0.08090073324513068,0.0,0.9999999998798077,0.0,0.7596153845240847,0.8109873844240867,0.16838416877986181,-0.16838416877986181
-0.7,-0.8,99450.4609375,598.1981201171875,2.040363782079576,0.0,0.9,0.20072115384615385,0.0,0.0,0.9999999998496241,0.030069749025341135,0.0,0.9999999998798077,0.0,0.7860576922132142,0.8325600363633133,0.10585218585048115,0.0980289958703591
-0.6,-0.8,96590.421875,585.93359375,2.1189333037459845,0.0,0.9,0.15745192307692307,0.0,0.0,0.9999999998573467,0.0181379864107143,0.0,0.9999999998798077,0.0,0.7884615383667715,0.8785443367731758,0.20485294597341935,0.20485294597341935
-0.5,-0.8,94117.75,575.2450561523438,2.199154635165429,0.0,0.9,0.15504807692307693,0.0,0.0,0.9999999998577526,0.017717346518335394,0.0,0.9999999998798077,0.0,0.793269230673886,0.9192005027376727,0.2546462361509289,0.2546462361509289
-0.3999999999999999,-0.8,92056.8828125,566.2713012695312,2.2734065797964274,0.0,0.9,0.15504807692307693,0.0,0.0,0.9999999998577526,0.019371069182389938,0.0,0.9999999998798077,0.0,0.783653846059657,0.9500907896970924,0.26746376937233235,0.26746376937233235
-0.29999999999999993,-0.8,90430.6953125,559.1415405273438,2.2753203106964826,0.0,0.9,0.19471153846153846,0.0,0.0,0.9999999998507463,0.05952236317061854,0.0,0.9999999998798077,0.0,0.768028846061535,0.9368131614498688,0.20226930780258037,0.20031810740824896
-0.19999999999999996,-0.8,89255.875,553.9675903320312,2.2332544154993426,0.0,0.9,0.234375,0.0,0.0,0.9999999998430141,0.08006249676607102,0.0,0.9999999998798077,0.0,0.7764423075989854,0.9025383550183581,0.14023374702402205,0.13516045984984718
-0.09999999999999998,-0.8,88547.453125,550.8368530273438,2.177569335912947,0.0,0.9,0.2536057692307692,0.0,0.0,0.9999999998389695,0.08445438054011799,0.0,0.9999999998798077,0.0,0.7776442306757639,0.8720880464544983,0.09029790429966912,0.09029790429966912
0.0,-0.8,88312.4453125,549.8042602539062,2.105181852066017,0.0,0.9,0.2920673076923077,0.0,0.0,0.9999999998302208,0.08593787353016648,0.0,0.9999999998798077,0.0,0.8004807691345577,0.8421343166357113,0.04965512295670046,0.039507672600551665
0.10000000000000009,-0.8,88552.0703125,550.8883666992188,2.114060614903133,0.0,0.9,0.2776442307692308,0.0,0.0,0.9999999998336107,0.06364900436878049,0.0,0.9999999998798077,0.0,0.8161057691326796,0.8446903627576652,0.045905865255070594,0.045905865255070594
0.20000000000000018,-0.8,89264.9453125,554.0699462890625,2.1069547417765238,0.0,0.9,0.26322115384615385,0.0,0.0,0.9999999998368679,0.06385922172937958,0.0,0.9999999998798077,0.0,0.8185096152862369,0.8499790386679408,0.030397605170201448,0.030397605170201448
0.30000000000000004,-0.8,90445.2578125,559.292724609375,2.093833705494633,0.0,0.9,0.24879807692307693,0.0,0.0,0.9999999998400001,0.06426876606657153,0.0,0.9999999998798077,0.0,0.8329326922075803,0.8534482036016856,0.02256102949455014,0.019328440041701506
0.40000000000000013,-0.8,92076.734375,566.4691772460938,2.088178334312339,0.0,0.9,0.20552884615384615,0.0,0.0,0.9999999998487141,0.046407899244052676,0.0,0.9999999998798077,0.0,0.8509615383592595,0.8542572533213072,0.051166208028846666,0.044616619155335005
0.5,-0.8,94142.21875,575.486572265625,2.10189939679365,0.0,0.9,0.20793269230769232,0.0,0.0,0.9999999998482549,0.04823874693524163,0.0,0.9999999998798077,0.0,0.7776442306757639,0.8508794759245092,0.05922941228875624,0.039390234919666096
0.6000000000000001,-0.8,96617.546875,586.2156372070312,2.0922921276538022,0.0,0.9,0.234375,0.0,0.0,0.9999999998430141,0.04599139765380175,0.0,0.9999999998798077,0.0,0.7163461537600546,0.8462610349719607,0.019562352661192644,0.016672602963198842
0.7000000000000002,-0.8,99479.15625,598.51708984375,2.092606271639188,0.0,0.9,0.22716346153846154,0.0,0.0,0.9999999998444791,0.040749512982282736,0.0,0.9999999998798077,0.0,0.7247596152975049,0.8460552639043399,0.02920673481343234,0.02920673481343234
0.8,-0.8,102695.625,612.2499389648438,2.105102467849732,0.0,0.9,0.3004807692307692,0.0,0.0,0.9999999998281788,0.04484880734164584,0.0,0.9999999998798077,0.0,0.6959134614548181,0.8452935587160895,0.07539335756069769,-0.04099570846694013
0.9000000000000001,-0.8,106235.3671875,627.2750854492188,2.1290318251943465,0.0,0.9,0.39903846153846156,0.0,0.0,0.9999999998,0.059875355114051364,0.0,0.9999999998798077,0.0,0.6826923076102533,0.8410190702477528,0.13104016375519045,-0.13104016375519045
1.0,-0.8,110068.6640625,643.4611206054688,2.1330540107824674,0.0,0.9,0.4326923076923077,0.0,0.0,0.9999999997881356,0.06108838900249943,0.0,0.9999999998798077,0.0,0.6887019229941465,0.8321933611627251,0.14691862068066647,-0.14691862068066647
-1.0,-0.7,107035.78125,630.336181640625,2.051154643566487,0.0,0.9,0.35697115384615385,0.0,0.0,0.9999999998130842,0.09889977634587915,0.0,0.9999999998798077,0.0,0.7391826922188482,0.8360105769216547,0.16067786452453586,-0.130910650870975
-0.9,-0.7,103097.46875,613.6773071289062,2.0363881339637486,0.0,0.9,0.3425480769230769,0.0,0.0,0.9999999998171847,0.06939120477689646,0.0,0.9999999998798077,0.0,0.7560096152937489,0.8286044005332738,0.12395224615277614,-0.0981885910533099
-0.8,-0.7,99456.578125,598.180908203125,2.0447101894229447,0.0,0.9,0.27403846153846156,0.0,0.0,0.9999999998344371,0.052808679313265834,0.0,0.9999999998798077,0.0,0.7644230768311991,0.8307415866695878,0.06161869068255195,0.006898986927343483
-0.7,-0.7,96146.46875,583.9885864257812,2.1051322334921094,0.0,0.9,0.1875,0.0,0.0,0.9999999998520711,0.028068029304673545,0.0,0.9999999998798077,0.0,0.7788461537525425,0.8607552451200228,0.1544384836212122,0.1544384836212122
-0.6,-0.7,93203.21875,571.250732421875,2.1841125870469313,0.0,0.9,0.15504807692307693,0.0,0.0,0.9999999998577526,0.018250093707431685,0.0,0.9999999998798077,0.0,0.7896634614435502,0.9089591644453302,0.24487585687642738,0.24487585687642738
-0.5,-0.7,90657.7421875,560.1224975585938,2.2544021066231954,0.0,0.9,0.15745192307692307,0.0,0.0,0.9999999998573467,0.019127752004464333,0.0,0.9999999998798077,0.0,0.7872596152899929,0.9521034822476327,0.291741235724624,0.2898060308287722
-0.3999999999999999,-0.7,88535.7265625,550.7579956054688,2.2635067985721085,0.0,0.9,0.18509615384615385,0.0,0.0,0.9999999998525074,0.02880096005537818,0.0,0.9999999998798077,0.0,0.7728365383686495,0.954123580513375,0.26735862651735665,0.2632551941356232
-0.29999999999999993,-0.7,86862.265625,543.302490234375,2.2444541465063774,0.0,0.9,0.2127403846153846,0.0,0.0,0.9999999998473283,0.05102671058665713,0.0,0.9999999998798077,0.0,0.7788461537525425,0.9309513290500421,0.21249149295479958,0.2040520268397954
-0.19999999999999996,-0.7,85655.015625,537.8826904296875,2.1314399995438738,0.0,0.9,0.27403846153846156,0.0,0.0,0.9999999998344371,0.07061034290315603,0.0,0.9999999998798077,0.0,0.7632211537544206,0.8624960814152227,0.09996684504801807,0.09996684504801807
-0.09999999999999998,-0.7,84926.46875,534.5988159179688,2.1049877243244492,0.0,0.9,0.30288461538461536,0.0,0.0,0.9999999998275863,0.07182757573851964,0.0,0.9999999998798077,0.0,0.7499999999098558,0.8376023545744412,0.06780238831423335,0.062460606676840155
0.0,-0.7,84683.8671875,533.513671875,1.969353202196147,0.0,0.9,0.4206730769230769,0.0,0.0,0.9999999997925311,0.11052609062365366,0.0,0.9999999998798077,0.0,0.8088942306720079,0.7836539994033637,0.0982108314571761,-0.06226120178286265
0.10000000000000009,-0.7,84928.6953125,534.6491088867188,1.9709348893776306,0.0,0.9,0.41225961538461536,0.0,0.0,0.999999999795501,0.1029226423482016,0.0,0.9999999998798077,0.0,0.8257211537469086,0.7637604538750109,0.07987973073869051,-0.050575549692414457
0.20000000000000018,-0.7,85662.3125,537.9826049804688,1.9826877056341998,0.0,0.9,0.35336538461538464,0.0,0.0,0.9999999998141265,0.07855407594808064,0.0,0.9999999998798077,0.0,0.8269230768236872,0.7781054110506971,0.04445028177919086,-0.01172093508335234
0.30000000000000004,-0.7,86875.5625,543.4497680664062,2.01853675389958,0.0,0.9,0.29927884615384615,0.0,0.0,0.9999999998284734,0.07708115887212008,0.0,0.9999999998798077,0.0,0.8100961537487865,0.8094085868223935,0.06390129858209317,0.021682309898061095
0.40000000000000013,-0.7,88553.09375,550.9502563476562,2.0195331876634888,0.0,0.9,0.3125,0.0,0.0,0.9999999998251748,0.06972593646707503,0.0,0.9999999998798077,0.0,0.8449519229753664,0.8050596162310748,0.07332338903893884,-0.014646981408021707
0.5,-0.7,90677.3984375,560.3565673828125,2.022341034078024,0.0,0.9,0.29086538461538464,0.0,0.0,0.9999999998305086,0.056778214979859715,0.0,0.9999999998798077,0.0,0.8293269229772444,0.8130649397431594,0.09086295785428801,-0.006018188920057465
0.6000000000000001,-0.7,93225.9140625,571.5233764648438,2.0426807704932433,0.0,0.9,0.3161057692307692,0.0,0.0,0.9999999998242531,0.061403660646084886,0.0,0.9999999998798077,0.0,0.7788461537525425,0.8214323494758294,0.05296602857428561,-0.03744693138963242
0.7000000000000002,-0.7,96171.375,584.296142578125,2.082298858837358,0.0,0.9,0.3076923076923077,0.0,0.0,0.999999999826389,0.06027401141404906,0.0,0.9999999998798077,0.0,0.7283653845278407,0.8345269966181074,0.07309046864474882,-0.028255510483419392
0.8,-0.7,99479.6640625,598.5199584960938,2.1055335561472677,0.0,0.9,0.33653846153846156,0.0,0.0,0.9999999998188407,0.05837135097930172,0.0,0.9999999998798077,0.0,0.7271634614510621,0.8389925853172265,0.08546516993622208,-0.0545623300558854
0.9000000000000001,-0.7,103118.1640625,614.0447387695312,2.126914814947335,0.0,0.9,0.41586538461538464,0.0,0.0,0.9999999997942386,0.06910865748672716,0.0,0.9999999998798077,0.0,0.6971153845315967,0.8332690716470457,0.1268207464229897,-0.1268207464229897
1.0,-0.7,107054.9140625,630.7288818359375,2.1292185069403473,0.0,0.9,0.42427884615384615,0.0,0.0,0.9999999997912317,0.05217156770829087,0.0,0.9999999998798077,0.0,0.6959134614548181,0.8255794199627159,0.11785630037264228,-0.116857827247878
-1.0,-0.6,104364.0234375,619.0046997070312,2.092804030679086,0.0,0.9,0.20673076923076922,0.0,0.0,0.9999999998484849,0.06803801181975223,0.0,0.9999999998798077,0.0,0.7499999999098558,0.862276691831498,0.07755309591386535,0.03308727406517122
-0.9,-0.6,100331.4375,601.8722534179688,2.0955337399898943,0.0,0.9,0.22235576923076922,0.0,0.0,0.9999999998454405,0.04590922412716958,0.0,0.9999999998798077,0.0,0.7596153845240847,0.8558000211369543,0.05405395566872237,0.05077804419234433
-0.8,-0.6,96599.578125,585.8980712890625,2.112164737886537,0.0,0.9,0.20793269230769232,0.0,0.0,0.9999999998482549,0.0356315289648623,0.0,0.9999999998798077,0.0,0.7848557691364356,0.8600990125922209,0.10986350616527343,0.10986350616527343
-0.7,-0.6,93206.65625,571.2322387695312,2.169800494082519,0.0,0.9,0.18389423076923078,0.0,0.0,0.9999999998527247,0.025848058097924675,0.0,0.9999999998798077,0.0,0.7920673075971073,0.8873917002329943,0.1979536535280635,0.19736017838093006
-0.6,-0.6,90189.2109375,558.0366821289062,2.205004959384366,0.0,0.9,0.16826923076923078,0.0,0.0,0.9999999998554914,0.022618006626286265,0.0,0.9999999998798077,0.0,0.8124999999023438,0.9244782994395988,0.272849556022773,0.272849556022773
-0.5,-0.6,87579.765625,546.4800415039062,2.2425162252906747,0.0,0.9,0.18990384615384615,0.0,0.0,0.9999999998516321,0.027204074464348436,0.0,0.9999999998798077,0.0,0.799278846057779,0.9464303414882054,0.282274190370069,0.282274190370069
-0.3999999999999999,-0.6,85405.6875,536.732177734375,2.1613026599422596,0.0,0.9,0.22716346153846154,0.0,0.0,0.9999999998444791,0.04218381567503035,0.0,0.9999999998798077,0.0,0.814903846055901,0.9179230483121581,0.2382789696777999,0.2382789696777999
-0.29999999999999993,-0.6,83692.8671875,528.9551391601562,2.1227124766142524,0.0,0.9,0.30408653846153844,0.0,0.0,0.9999999998272885,0.07855408714362386,0.0,0.9999999998798077,0.0,0.8052884614416721,0.861695212429301,0.14300292121126842,0.1226343908685649
-0.19999999999999996,-0.6,82457.59375,523.291748046875,1.920478558439345,0.0,0.9,0.41346153846153844,0.0,0.0,0.9999999997950819,0.11896102803233904,0.0,0.9999999998798077,0.0,0.8269230768236872,0.7611574734158589,0.09171381553010359,0.0025287292829757
-0.09999999999999998,-0.6,81712.109375,519.8550415039062,1.8575728071813857,0.0,0.9,0.4795673076923077,0.0,0.0,0.9999999997690531,0.14849836233958807,0.0,0.9999999998798077,0.0,0.8064903845184507,0.7091612760267023,0.08389054280066999,-0.05551848730414505
0.0,-0.6,81464.6875,518.7173461914062,1.7937399194359953,0.0,0.9,0.5324519230769231,0.0,0.0,0.9999999997429305,0.15853873393237816,0.0,0.9999999998798077,0.0,0.8137019229791224,0.6602119037904978,0.09602749724993785,-0.09316529355273334
0.10000000000000009,-0.6,81715.7890625,519.9036254882812,1.8357942788419737,0.0,0.9,0.4567307692307692,0.0,0.0,0.999999999778761,0.11920062740023749,0.0,0.9999999998798077,0.0,0.8293269229772444,0.6842021095681474,0.08142465633588437,-0.012513530991708483
0.20000000000000018,-0.6,82465.1171875,523.3880615234375,1.8132890231692143,0.0,0.9,0.4831730769230769,0.0,0.0,0.9999999997674418,0.14096391423797514,0.0,0.9999999998798077,0.0,0.8749999998948318,0.646999609259308,0.10540091750309948,-0.05009128297370778
0.30000000000000004,-0.6,83704.359375,529.0970458984375,1.8510361400681123,0.0,0.9,0.4675480769230769,0.0,0.0,0.9999999997742663,0.15419947860229408,0.0,0.9999999998798077,0.0,0.8557692306663739,0.6861887438463132,0.08959628054226458,-0.06538389878051606
0.40000000000000013,-0.6,85420.3515625,536.9174194335938,1.8661611578514994,0.0,0.9,0.42427884615384615,0.0,0.0,0.9999999997912317,0.1392143942584325,0.0,0.9999999998798077,0.0,0.8593749998967097,0.718439556235997,0.1325220314914821,-0.06454183685626239
0.5,-0.6,87595.453125,546.7050170898438,1.9062905531744552,0.0,0.9,0.41346153846153844,0.0,0.0,0.9999999997950819,0.11240298163054607,0.0,0.9999999998798077,0.0,0.8605769229734884,0.7440431152376595,0.10830493779174574,-0.08334740247173811
0.6000000000000001,-0.6,90207.8984375,558.2979125976562,1.9747381883719293,0.0,0.9,0.4266826923076923,0.0,0.0,0.9999999997903564,0.09449016176945799,0.0,0.9999999998798077,0.0,0.8040865383648935,0.7830542844450581,0.11514688089154691,-0.10864401587659271
0.7000000000000002,-0.6,93227.2421875,571.5264892578125,2.0398969768451765,0.0,0.9,0.3894230769230769,0.0,0.0,0.9999999998031496,0.07289943264895367,0.0,0.9999999998798077,0.0,0.783653846059657,0.8036791179640053,0.09082279849542088,-0.08986651674180592
0.8,-0.6,96619.359375,586.2216796875,2.0998866855042473,0.0,0.9,0.42788461538461536,0.0,0.0,0.9999999997899159,0.08394927980673073,0.0,0.9999999998798077,0.0,0.7584134614473061,0.8190467776562188,0.14220771823920003,-0.12701719492052338
0.9000000000000001,-0.6,100349.421875,602.22216796875,2.119666890198401,0.0,0.9,0.41947115384615385,0.0,0.0,0.9999999997929606,0.06165989334669305,0.0,0.9999999998798077,0.0,0.7271634614510621,0.8234850027433896,0.11529656202693536,-0.10889647120914223
1.0,-0.6,104379.859375,619.377685546875,2.143549444142309,0.0,0.9,0.4326923076923077,0.0,0.0,0.9999999997881356,0.05164188349609684,0.0,0.9999999998798077,0.0,0.6887019229941465,0.8198090765972249,0.11586227218943641,-0.09669669363451298
-1.0,-0.5,102055.4140625,609.1717529296875,2.1667197867762464,0.0,0.9,0.15625,0.0,0.0,0.99999999985755,0.05171092279020425,0.0,0.9999999998798077,0.0,0.7560096152937489,0.8969542465550542,0.14751100135001016,0.1188790940656763
-0.9,-0.5,97939.078125,591.6054077148438,2.1853197553233086,0.0,0.9,0.15264423076923078,0.0,0.0,0.9999999998581561,0.03079637752179066,0.0,0.9999999998798077,0.0,0.7728365383686495,0.9028696543448154,0.17569972907544867,0.17569972907544867
-0.8,-0.5,94127.53125,575.1902465820312,2.1983978579214005,0.0,0.9,0.16105769230769232,0.0,0.0,0.9999999998567336,0.027309513954573733,0.0,0.9999999998798077,0.0,0.7884615383667715,0.900122672711848,0.20831981255005333,0.206800861457633
-0.7,-0.5,90661.921875,560.0846557617188,2.2187963278361353,0.0,0.9,0.16466346153846154,0.0,0.0,0.9999999998561152,0.02331995782200723,0.0,0.9999999998798077,0.0,0.8197115383630155,0.9180744637155025,0.2564627561751397,0.2564627561751397
-0.6,-0.5,87581.171875,546.4603271484375,2.2051403352865275,0.0,0.9,0.17548076923076922,0.0,0.0,0.9999999998542275,0.026039853759073545,0.0,0.9999999998798077,0.0,0.8293269229772444,0.9252013204405911,0.27980723648860173,0.27980723648860173
-0.5,-0.5,84919.3203125,534.4996337890625,2.2149911673429448,0.0,0.9,0.21754807692307693,0.0,0.0,0.9999999998463902,0.04131900760055048,0.0,0.9999999998798077,0.0,0.8076923075952294,0.9294584290601254,0.26212027403669447,0.26212027403669447
-0.3999999999999999,-0.5,82703.53125,524.3880615234375,2.0496848022075778,0.0,0.9,0.30408653846153844,0.0,0.0,0.9999999998272885,0.0960935681335554,0.0,0.9999999998798077,0.0,0.8197115383630155,0.857586812369071,0.1598711594732765,0.15928592473971642
-0.29999999999999993,-0.5,80959.0703125,516.3037109375,1.8563010641503501,0.0,0.9,0.453125,0.0,0.0,0.9999999997802197,0.18837283986330267,0.0,0.9999999998798077,0.0,0.8449519229753664,0.7426557934031087,0.11316542998208941,0.016730958543215147
-0.19999999999999996,-0.5,79703.15625,510.4060363769531,1.7770484824300152,0.0,0.9,0.5216346153846154,0.0,0.0,0.9999999997487437,0.2348173999040888,0.0,0.9999999998798077,0.0,0.8966346152768468,0.6477478962840162,0.059287933458365895,-0.04176908016029511
-0.09999999999999998,-0.5,78944.625,506.82208251953125,1.7172172762751006,0.0,0.9,0.5552884615384616,0.0,0.0,0.9999999997297296,0.22051661672308082,0.0,0.9999999998798077,0.0,0.8894230768161752,0.5957262948198431,0.05536106819903418,-0.053017116091884094
0.0,-0.5,78692.890625,505.6335144042969,1.5911174156599226,0.0,0.9,0.6033653846153846,0.0,0.0,0.9999999996969696,0.204700480713247,0.0,0.9999999998798077,0.0,0.9146634614285261,0.533045856006066,0.08750515333802995,-0.06202362697626135
0.10000000000000009,-0.5,78948.640625,506.8686218261719,1.789829093663349,0.0,0.9,0.5120192307692307,0.0,0.0,0.9999999997536946,0.15446011938395734,0.0,0.9999999998798077,0.0,0.8665865383573814,0.6219436562565352,0.08872673351889704,0.04606664006421106
0.20000000000000018,-0.5,79709.6875,510.4981994628906,1.6862597335802851,0.0,0.9,0.5733173076923077,0.0,0.0,0.9999999997183098,0.1987801052830546,0.0,0.9999999998798077,0.0,0.8858173075858393,0.5643981002718814,0.07789694587368258,-0.0117570594161183
0.30000000000000004,-0.5,80968.3359375,516.4393920898438,1.666689236364729,0.0,0.9,0.5612980769230769,0.0,0.0,0.9999999997260274,0.2041819401307025,0.0,0.9999999998798077,0.0,0.877403846048389,0.589123311815134,0.07378264600616265,-0.038515482437413505
0.40000000000000013,-0.5,82714.265625,524.5645141601562,1.8565887253337687,0.0,0.9,0.515625,0.0,0.0,0.9999999997518609,0.17719158275300315,0.0,0.9999999998798077,0.0,0.8509615383592595,0.6478464749317313,0.06638909208808348,-0.0530397153326297
0.5,-0.5,84931.4453125,534.7135620117188,1.8010159959169378,0.0,0.9,0.5264423076923077,0.0,0.0,0.9999999997461928,0.17465772923592443,0.0,0.9999999998798077,0.0,0.861778846050267,0.6585443067134226,0.15252333307568125,-0.1311741987874797
0.6000000000000001,-0.5,87597.546875,546.708251953125,1.9061845394370787,0.0,0.9,0.4567307692307692,0.0,0.0,0.999999999778761,0.11871876855312369,0.0,0.9999999998798077,0.0,0.8341346152843588,0.7340060628893218,0.11799343398335621,-0.10216732089223762
0.7000000000000002,-0.5,90679.8515625,560.3632202148438,1.9950226850367847,0.0,0.9,0.4567307692307692,0.0,0.0,0.999999999778761,0.09432076192641765,0.0,0.9999999998798077,0.0,0.8004807691345577,0.7713204473804132,0.12700245868299007,-0.1194365486522033
0.8,-0.5,94144.5859375,575.49609375,2.0801601616697605,0.0,0.9,0.4326923076923077,0.0,0.0,0.9999999997881356,0.07589595344471804,0.0,0.9999999998798077,0.0,0.783653846059657,0.8032420422096161,0.11556737370695494,-0.10467419196625802
0.9000000000000001,-0.5,97954.53125,591.935302734375,2.118807739685272,0.0,0.9,0.43509615384615385,0.0,0.0,0.999999999787234,0.0606692145559938,0.0,0.9999999998798077,0.0,0.7403846152956268,0.8123536300160389,0.13322768845666644,-0.09779922534846706
1.0,-0.5,102069.171875,609.5223999023438,2.127038930156693,0.0,0.9,0.4411057692307692,0.0,0.0,0.9999999997849461,0.052709594260294576,0.0,0.9999999998798077,0.0,0.7043269229922684,0.8044908968889671,0.0905823815908617,-0.07278704476003049
-1.0,-0.3999999999999999,100133.5859375,600.9479370117188,2.2234798957275417,0.0,0.9,0.14302884615384615,0.0,0.0,0.9999999998597476,0.0366136185425084,0.0,0.9999999998798077,0.0,0.7740384614454281,0.9244241905180397,0.16966358605268894,0.16632542798490407
-0.9,-0.3999999999999999,95945.703125,583.0010986328125,2.269491710077913,0.0,0.9,0.1502403846153846,0.0,0.0,0.9999999998585574,0.0337341670675004,0.0,0.9999999998798077,0.0,0.799278846057779,0.9448512717594554,0.22264962772811997,0.22264962772811997
-0.8,-0.3999999999999999,92068.484375,566.196533203125,2.285232856484631,0.0,0.9,0.14302884615384615,0.0,0.0,0.9999999998597476,0.026420937353492734,0.0,0.9999999998798077,0.0,0.8257211537469086,0.9523420033672949,0.27575173948904913,0.27575173948904913
-0.7,-0.3999999999999999,88542.8515625,550.6996459960938,2.2581008040516903,0.0,0.9,0.171875,0.0,0.0,0.9999999998548622,0.03225592837607857,0.0,0.9999999998798077,0.0,0.8329326922075803,0.938504715742965,0.2757408234007718,0.2757408234007718
-0.6,-0.3999999999999999,85410.2734375,536.6915893554688,2.1701708406625233,0.0,0.9,0.21394230769230768,0.0,0.0,0.9999999998470949,0.04851311670791944,0.0,0.9999999998798077,0.0,0.840144230668252,0.9113794292302863,0.25152968890486127,0.2495848190308586
-0.5,-0.3999999999999999,82706.25,524.3670654296875,2.071246938178284,0.0,0.9,0.2860576923076923,0.0,0.0,0.9999999998316499,0.09588913651062786,0.0,0.9999999998798077,0.0,0.830528846054023,0.8631455310152185,0.20044271148536072,0.20044271148536072
-0.3999999999999999,-0.3999999999999999,80459.1484375,513.925048828125,1.8282979127655814,0.0,0.9,0.484375,0.0,0.0,0.9999999997668997,0.23596236992653566,0.0,0.9999999998798077,0.0,0.8822115383555035,0.7075980587443438,0.10840948831526703,0.012027074655949873
-0.29999999999999993,-0.3999999999999999,78691.71875,505.5600891113281,1.8136506124514764,0.0,0.9,0.45552884615384615,0.0,0.0,0.9999999997792494,0.18841523014217643,0.0,0.9999999998798077,0.0,0.8701923075877173,0.6925453127774335,0.06790232929226023,0.06329229081322751
-0.19999999999999996,-0.3999999999999999,77418.890625,499.447509765625,1.4317614738661641,0.0,0.9,0.6646634615384616,0.0,0.0,0.9999999996415769,0.36421377964369406,0.0,0.9999999998798077,0.0,0.9543269229622203,0.45956406291503676,0.10310696183294676,-0.09807104865205205
-0.09999999999999998,-0.3999999999999999,76651.9609375,495.7275085449219,1.4957623550090753,0.0,0.9,0.6622596153846154,1.0,0.0,0.999999999644128,0.30820806245749705,1.0,0.9999999998798077,0.001201923076778615,0.9519230768086632,0.45587530189285447,0.08250222259942874,-0.048681071421157435
0.0,-0.3999999999999999,76396.6953125,494.4918212890625,1.5119376570600251,0.0,0.9,0.7067307692307693,1.0,0.0,0.999999999590164,0.36563105892361913,1.0,0.9999999998798077,0.001201923076778615,0.9543269229622203,0.4071937122075118,0.08823303676663484,-0.05605192942795019
0.10000000000000009,-0.3999999999999999,76655.2578125,495.77166748046875,1.323658777105208,0.0,0.9,0.7475961538461539,1.0,0.0,0.9999999995238096,0.41103413306316594,1.0,0.9999999998798077,0.00961538461422892,0.9855769229584643,0.35018382634021167,0.07705804117197693,-0.06466649200285862
0.20000000000000018,-0.3999999999999999,77424.90625,499.5345153808594,1.550513980015742,0.0,0.9,0.6983173076923077,1.0,0.0,0.9999999996015937,0.33956111660769966,1.0,0.9999999998798077,0.00480769230711446,0.9651442306532279,0.42048264908678495,0.064643735423768,-0.04072818836838424
0.30000000000000004,-0.3999999999999999,78698.9140625,505.6881408691406,1.4949708786921092,0.0,0.9,0.6911057692307693,0.0,0.0,0.9999999996108948,0.33078921819595125,0.0,0.9999999998798077,0.0,0.9591346152693349,0.44933073852253036,0.07596853770167451,-0.055662766201447444
0.40000000000000013,-0.3999999999999999,80466.8203125,514.09130859375,1.7515031423085716,0.0,0.9,0.5913461538461539,0.0,0.0,0.9999999997058823,0.255102708677412,0.0,0.9999999998798077,0.0,0.90264423066074,0.5853711890112671,0.052115396128760226,-0.03999646614889797
0.5,-0.3999999999999999,82715.953125,524.5681762695312,1.7081127585551479,0.0,0.9,0.5913461538461539,0.0,0.0,0.9999999997058823,0.2483425900172451,0.0,0.9999999998798077,0.0,0.90264423066074,0.5953095861937648,0.11926468177903934,-0.11787456231247682
0.6000000000000001,-0.3999999999999999,85423.9296875,536.9244995117188,1.787280802549951,0.0,0.9,0.5144230769230769,0.0,0.0,0.9999999997524752,0.1610477918479313,0.0,0.9999999998798077,0.0,0.8593749998967097,0.6795836252669153,0.12353079473946295,-0.11567181617471882
0.7000000000000002,-0.3999999999999999,88557.578125,550.9603881835938,1.9052884340444733,0.0,0.9,0.47716346153846156,0.0,0.0,0.9999999997701149,0.11948625178705645,0.0,0.9999999998798077,0.0,0.8257211537469086,0.7278250911374216,0.15836241968344894,-0.10866741039627362
0.8,-0.3999999999999999,92083.0703125,566.4822998046875,2.0280387887474003,0.0,0.9,0.44350961538461536,0.0,0.0,0.9999999997840172,0.07806277482729829,0.0,0.9999999998798077,0.0,0.7944711537506646,0.7796360043947075,0.1123968018753807,-0.08586070475609574
0.9000000000000001,-0.3999999999999999,95959.140625,583.3082885742188,2.1045292270604734,0.0,0.9,0.4375,0.0,0.0,0.9999999997863247,0.06328649251868493,0.0,0.9999999998798077,0.0,0.7740384614454281,0.7985847505325336,0.08460549181188988,-0.06293149221251236
1.0,-0.3999999999999999,100145.2734375,601.2741088867188,2.117216130622996,0.0,0.9,0.4411057692307692,0.0,0.0,0.9999999997849461,0.05164705076653655,0.0,0.9999999998798077,0.0,0.721153846067169,0.7941883122354202,0.043462768546707505,-0.03293706681913081
-1.0,-0.29999999999999993,98617.6328125,594.4345092773438,2.2479637046435372,0.0,0.9,0.14423076923076922,0.0,0.0,0.9999999998595506,0.03343057474794002,0.0,0.9999999998798077,0.0,0.7848557691364356,0.9316441819743139,0.18400561200125307,0.18400561200125307
-0.9,-0.29999999999999993,94372.5625,576.1737670898438,2.327907140871286,0.0,0.9,0.1346153846153846,0.0,0.0,0.9999999998611112,0.03172583134492959,0.0,0.9999999998798077,0.0,0.7920673075971073,0.9743567496792984,0.26847140295625616,0.26847140295625616
-0.8,-0.29999999999999993,90442.7421875,559.04638671875,2.3029112638709917,0.0,0.9,0.15865384615384615,0.0,0.0,0.9999999998571429,0.03312644250869085,0.0,0.9999999998798077,0.0,0.820913461439794,0.9745608738614044,0.29225321818628275,0.2912736717530349
-0.7,-0.29999999999999993,86871.265625,543.2229614257812,2.2575999783203042,0.0,0.9,0.16466346153846154,0.0,0.0,0.9999999998561152,0.04080999056564083,0.0,0.9999999998798077,0.0,0.8485576922057022,0.9527599994515817,0.29372504612062145,0.2927318426661361
-0.6,-0.29999999999999993,83699.953125,528.892822265625,2.108207429661269,0.0,0.9,0.23918269230769232,0.0,0.0,0.9999999998420221,0.06552818293440585,0.0,0.9999999998798077,0.0,0.8569711537431526,0.8747367009346899,0.22185709814074783,0.22185709814074783
-0.5,-0.29999999999999993,80964.1328125,516.260498046875,1.8748475719164324,0.0,0.9,0.40865384615384615,0.0,0.0,0.9999999997967479,0.16487652279090986,0.0,0.9999999998798077,0.0,0.9218749998891977,0.7472570614860354,0.10490520958263377,0.08237078403591819
-0.3999999999999999,-0.29999999999999993,78694.1328125,505.5376892089844,1.6826188893365583,0.0,0.9,0.5132211538461539,0.0,0.0,0.9999999997530864,0.23053229080398266,0.0,0.9999999998798077,0.0,0.90264423066074,0.6532614199780501,0.03585025422863068,0.018600693514922714
-0.29999999999999993,-0.29999999999999993,76909.7890625,496.9329833984375,1.4321152320151576,0.0,0.9,0.6730769230769231,0.0,0.0,0.9999999996323529,0.33818463856148484,0.0,0.9999999998798077,0.0,0.9411057691176556,0.4604245514082308,0.07047241131311423,-0.06639609153413625
-0.19999999999999996,-0.29999999999999993,75624.609375,490.635498046875,1.3545371235676171,0.0,0.9,0.7572115384615384,0.0,0.0,0.9999999995049506,0.43784204753360956,0.0,0.9999999998798077,0.0,0.971153846037121,0.35457253024548896,0.0926551476636289,-0.08962821548954833
-0.09999999999999998,-0.29999999999999993,74851.1953125,486.7984619140625,1.3355756620227184,0.0,0.9,0.7872596153846154,1.0,0.0,0.9999999994350283,0.511250455738721,1.0,0.9999999998798077,0.00721153846067169,0.9735576921906782,0.31366812596432075,0.06682601791928855,-0.06013808871756349
0.0,-0.29999999999999993,74593.515625,485.521484375,1.6165049685329416,0.0,0.9,0.7295673076923077,0.8888888888888888,0.0,0.9688888884582716,0.4510966861135167,0.6383333333333334,0.9999999998798077,0.07572115383705275,0.9423076921944342,0.41293933960577267,0.030419205173086113,0.016459314611948602
0.10000000000000009,-0.29999999999999993,74853.4296875,486.83953857421875,1.5990821229365486,0.0,0.9,0.7079326923076923,0.9520958083832335,0.0,0.967078188902437,0.4145737347874005,0.5144424540976266,0.9999999998798077,0.2007211538220287,0.9362980768105411,0.4269182827123113,0.06910472790177188,0.04403992784390989
0.20000000000000018,-0.29999999999999993,75630.234375,490.71649169921875,1.3989246609256538,0.0,0.9,0.8052884615384616,1.0,0.0,0.9999999993827161,0.5366699548830894,1.0,0.9999999998798077,0.2151442307433721,0.9819711537281285,0.2996137914491872,0.05426010211412138,-0.048684648887167954
0.30000000000000004,-0.29999999999999993,76916.1171875,497.052001953125,1.4462236375700481,0.0,0.9,0.7403846153846154,1.0,0.0,0.9999999995370371,0.4152406181844207,1.0,0.9999999998798077,0.09495192306551059,0.9699519229603424,0.37686032639084543,0.04570729645117591,-0.03791914647227475
0.40000000000000013,-0.29999999999999993,78700.9453125,505.69195556640625,1.6760664407474588,0.0,0.9,0.6694711538461539,1.0,0.0,0.9999999996363635,0.3413719240754771,1.0,0.9999999998798077,0.013221153844564766,0.9435096152712128,0.485318947996249,0.0643068329725145,-0.053756745692778066
0.5,-0.29999999999999993,80972.6328125,516.4468994140625,1.5661286361972744,0.0,0.9,0.6658653846153846,0.0,0.0,0.9999999996402877,0.3400625871936953,0.0,0.9999999998798077,0.0,0.9326923075802053,0.503401832980858,0.14279632070711132,-0.14048270109502428
0.6000000000000001,-0.29999999999999993,83711.0859375,529.1080322265625,1.7003177640407827,0.0,0.9,0.5288461538461539,0.0,0.0,0.999999999744898,0.1799749844020922,0.0,0.9999999998798077,0.0,0.8798076922019462,0.6317796901771687,0.09021056948038035,-0.08444059397100999
0.7000000000000002,-0.29999999999999993,86883.90625,543.4636840820312,1.86219938386288,0.0,0.9,0.46875,0.0,0.0,0.9999999997737556,0.12924765497550098,0.0,0.9999999998798077,0.0,0.840144230668252,0.6961741552368191,0.11486796131883326,-0.06940633738633623
0.8,-0.29999999999999993,90455.046875,559.3094482421875,1.9616840468408525,0.0,0.9,0.45913461538461536,0.0,0.0,0.9999999997777778,0.09866657971640995,0.0,0.9999999998798077,0.0,0.820913461439794,0.7478557122000773,0.09629006831169058,-0.07600989419157449
0.9000000000000001,-0.29999999999999993,94383.7734375,576.456298828125,2.0451358032631486,0.0,0.9,0.45552884615384615,0.0,0.0,0.9999999997792494,0.08493325189714704,0.0,0.9999999998798077,0.0,0.8064903845184507,0.7759504695431996,0.07813456878388667,-0.05369124383694759
1.0,-0.29999999999999993,98626.4453125,594.7340087890625,2.101795345424563,0.0,0.9,0.4423076923076923,0.0,0.0,0.9999999997844827,0.05974511982121031,0.0,0.9999999998798077,0.0,0.7427884614491841,0.7891783015154071,0.07118053166941168,0.005780019953570083
-1.0,-0.19999999999999996,97522.3828125,589.7177734375,2.244351149680998,0.0,0.9,0.13942307692307693,0.0,0.0,0.9999999998603353,0.02872269705603039,0.0,0.9999999998798077,0.0,0.7187499999136118,0.9258788769373548,0.18557124321178592,0.18557124321178592
-0.9,-0.19999999999999996,93236.5546875,571.2222900390625,2.3034768660958322,0.0,0.9,0.15264423076923078,0.0,0.0,0.9999999998581561,0.03150066772803349,0.0,0.9999999998798077,0.0,0.7860576922132142,0.963846953082826,0.2524771545679302,0.2524771545679302
-0.8,-0.19999999999999996,89268.9453125,553.8519287109375,2.2843481401640626,0.0,0.9,0.16947115384615385,0.0,0.0,0.9999999998552822,0.03824732561426523,0.0,0.9999999998798077,0.0,0.8329326922075803,0.9739362932365776,0.2886672197977385,0.2886672197977385
-0.7,-0.19999999999999996,85665.1640625,537.781982421875,2.157668060431268,0.0,0.9,0.20793269230769232,0.0,0.0,0.9999999998482549,0.06992074849334862,0.0,0.9999999998798077,0.0,0.8882211537393966,0.9190457294303336,0.2628035902808046,0.2628035902808046
-0.6,-0.19999999999999996,82466.8203125,523.2073364257812,1.9671788889610837,0.0,0.9,0.328125,0.0,0.0,0.9999999998211092,0.11997391815009117,0.0,0.9999999998798077,0.0,0.9074519229678544,0.8146214982585809,0.13894107658065732,0.13438649246774187
-0.5,-0.19999999999999996,79710.359375,510.34002685546875,1.7564035427260576,0.0,0.9,0.49399038461538464,0.0,0.0,0.9999999997624702,0.2099355291563151,0.0,0.9999999998798077,0.0,0.9266826921963122,0.6865593261408478,0.0669823695788846,0.011027664896984488
-0.3999999999999999,-0.19999999999999996,77424.2578125,499.4019775390625,1.4943711184211022,0.0,0.9,0.6394230769230769,0.0,0.0,0.9999999996666666,0.3305929194611046,0.0,0.9999999998798077,0.0,0.9639423075764493,0.48361425734639113,0.09149480462295742,-0.06013940803902829
-0.29999999999999993,-0.19999999999999996,75627.2421875,490.61199951171875,1.5260567593560843,0.0,0.9,0.6935096153846154,0.0,0.0,0.9999999996078431,0.4075455153085058,0.0,0.9999999998798077,0.0,0.9411057691176556,0.44814514476473466,0.05130169659871665,-0.040100595854061116
-0.19999999999999996,-0.19999999999999996,74332.953125,484.17144775390625,1.3868362200868813,0.0,0.9,0.7836538461538461,1.0,0.0,0.9999999994444445,0.5656905350749107,1.0,0.9999999998798077,0.00721153846067169,0.9471153845015486,0.35108249844539313,0.048957975108218144,-0.0396307699632023
-0.09999999999999998,-0.19999999999999996,73555.640625,480.2429504394531,1.4298014851771463,0.0,0.9,0.8076923076923077,0.8842975206611571,0.0,0.9124999994296875,0.588444774948107,0.6311876924682917,0.9999999998798077,0.1454326922902124,0.9567307691157776,0.30202230196526375,0.027385114779282353,-0.014676121896435721
0.0,-0.19999999999999996,73295.375,478.9336853027344,1.4620987889721087,0.0,0.9,0.8497596153846154,0.9741935483870968,0.0,0.9359999992512,0.6563393252934763,0.8865101691188648,0.9999999998798077,0.3725961538013707,0.9843749998816858,0.2314311795424266,0.03445483251135887,-0.026847648296365403
0.10000000000000009,-0.19999999999999996,73557.2578125,480.2805480957031,1.1308771147301704,0.0,0.9,0.8846153846153846,0.979498861047836,0.0,0.9062499990559897,0.7089693218787786,0.880977939540495,0.9999999998798077,0.527644230705812,0.992788461419136,0.18109944483236293,0.05425261807611147,-0.05085782468394126
0.20000000000000018,-0.19999999999999996,74340.03125,484.2453918457031,1.607181752203045,0.0,0.9,0.7331730769230769,0.9389067524115756,0.0,0.9144144140025161,0.46703346205011403,0.5377971701501113,0.9999999998798077,0.3737980768781493,0.9290865383498694,0.40788862521941055,0.08007503876849738,0.05449641999752904
0.30000000000000004,-0.19999999999999996,75634.296875,490.7205810546875,1.6025791961932103,0.0,0.9,0.6802884615384616,0.9195402298850575,0.0,0.947368420696478,0.40662281414391216,0.49318181818181817,0.9999999998798077,0.20913461535947903,0.930288461426648,0.45907888922012674,0.066272201700723,0.06381834473808586
0.40000000000000013,-0.19999999999999996,77430.4296875,499.5425720214844,1.4940056364970689,0.0,0.9,0.734375,0.9444444444444444,0.0,0.9864253389201696,0.44921824638943814,0.524031007751938,0.9999999998798077,0.06490384614604522,0.9579326921925562,0.38724423290702686,0.07461916212494786,-0.0693849279849209
0.5,-0.19999999999999996,79716.578125,510.50970458984375,1.5774932886701614,0.0,0.9,0.6574519230769231,1.0,0.0,0.9999999996491227,0.3630518809348372,1.0,0.9999999998798077,0.008413461537450305,0.9146634614285261,0.5017905929476556,0.07843205796482862,-0.07648998901058979
0.6000000000000001,-0.19999999999999996,82474.140625,523.4029541015625,1.6607710178709425,0.0,0.9,0.6105769230769231,0.0,0.0,0.999999999691358,0.2809818853410737,0.0,0.9999999998798077,0.0,0.90264423066074,0.5628403688335719,0.14609872514087605,-0.13768884758385244
0.7000000000000002,-0.19999999999999996,85674.2734375,538.000244140625,1.7992973372628138,0.0,0.9,0.47716346153846156,0.0,0.0,0.9999999997701149,0.12795187809241268,0.0,0.9999999998798077,0.0,0.8353365383611374,0.6806450044374363,0.09727021602975605,-0.056565479202417605
0.8,-0.19999999999999996,89278.15625,554.0903930664062,1.9252178154084338,0.0,0.9,0.4543269230769231,0.0,0.0,0.9999999997797356,0.0961690404371214,0.0,0.9999999998798077,0.0,0.830528846054023,0.7391894574782456,0.06038628813974046,-0.04564271078513895
0.9000000000000001,-0.19999999999999996,93244.9140625,571.4777221679688,1.9934785671211113,0.0,0.9,0.4651442307692308,0.0,0.0,0.9999999997752809,0.0952251212769012,0.0,0.9999999998798077,0.0,0.8173076922094582,0.7562706661093036,0.06380177565382478,-0.04061323466677214
1.0,-0.19999999999999996,97528.9140625,589.988525390625,2.076202972653781,0.0,0.9,0.44711538461538464,0.0,0.0,0.9999999997826087,0.06858608860409422,0.0,0.9999999998798077,0.0,0.7752403845222067,0.7829698484115932,0.07357824678883343,0.03780235138077148
-1.0,-0.09999999999999998,96861.3515625,586.8638305664062,2.233866546026532,0.0,0.9,0.15264423076923078,0.0,0.0,0.9999999998581561,0.02873074756793092,0.0,0.9999999998798077,0.0,0.6850961537638106,0.9067110442527748,0.155279489540072,0.155279489540072
-0.9,-0.09999999999999998,92552.078125,568.2222900390625,2.231504954999025,0.0,0.9,0.14783653846153846,0.0,0.0,0.9999999998589564,0.026418904453586536,0.0,0.9999999998798077,0.0,0.7824519229828784,0.9280952980024312,0.23503130212977869,0.23503130212977869
-0.8,-0.09999999999999998,88561.8984375,550.7008056640625,2.2595591921489455,0.0,0.9,0.15504807692307693,0.0,0.0,0.9999999998577526,0.04367103793178427,0.0,0.9999999998798077,0.0,0.8413461537450305,0.9615982536828326,0.283296182718741,0.283296182718741
-0.7,-0.09999999999999998,84937.7578125,534.4766845703125,2.240649444510451,0.0,0.9,0.19831730769230768,0.0,0.0,0.999999999850075,0.07001149882066454,0.0,0.9999999998798077,0.0,0.8798076922019462,0.947121931531155,0.2749309841250504,0.2749309841250504
-0.6,-0.09999999999999998,81723.6953125,519.7484130859375,1.944678548378994,0.0,0.9,0.3713942307692308,0.0,0.0,0.9999999998087955,0.1448410882248921,0.0,0.9999999998798077,0.0,0.9290865383498694,0.7983580827288012,0.10747679711952784,0.10502980630844015
-0.5,-0.09999999999999998,78955.2578125,506.73321533203125,1.713361754442435,0.0,0.9,0.5240384615384616,0.0,0.0,0.9999999997474747,0.22451510527210056,0.0,0.9999999998798077,0.0,0.9543269229622203,0.6466135118022875,0.05141889480156908,0.016748064557237173
-0.3999999999999999,-0.09999999999999998,76660.1640625,495.65850830078125,1.1989277371467675,0.0,0.9,0.7451923076923077,0.0,0.0,0.9999999995283019,0.42770592698315885,0.0,0.9999999998798077,0.0,0.9915865383423574,0.3471499036940594,0.1511739971482067,-0.10681595677494532
-0.29999999999999993,-0.09999999999999998,74855.0390625,486.7508850097656,1.3806558053477176,0.0,0.9,0.8052884615384616,1.0,0.0,0.9999999993827161,0.5886542443975357,1.0,0.9999999998798077,0.01682692307490061,0.9759615383442354,0.31033608581230093,0.0942348355512365,-0.09331907361594753
-0.19999999999999996,-0.09999999999999998,73556.609375,480.2187805175781,1.0702389671455759,0.0,0.9,0.9266826923076923,0.9489795918367347,0.0,0.9180327853802741,0.8137011789748807,0.9009433962264151,0.9999999998798077,0.11778846152430428,0.9963942306494719,0.13242994304706662,0.10971108947932222,-0.10772071136933027
-0.09999999999999998,-0.09999999999999998,72773.78125,476.23138427734375,1.4280141757276874,0.0,0.9,0.8052884615384616,0.9773584905660377,0.0,0.9629629623685414,0.6101695175184405,0.902686074429772,0.9999999998798077,0.318509615346333,0.9771634614210141,0.28575816636257384,0.05205248538675791,0.007795817982387935
0.0,-0.09999999999999998,72513.734375,474.90057373046875,1.1770417462186247,0.0,0.9,0.8798076923076923,0.9623352165725048,0.0,0.7999999992000001,0.7103609366465382,0.765048344048323,0.9999999998798077,0.6382211537694445,0.9843749998816858,0.1915680863606428,0.038569920547662395,-0.026321291460797258
0.10000000000000009,-0.09999999999999998,72777.6640625,476.2650451660156,1.2190250843984132,0.0,0.9,0.9098557692307693,0.9865900383141762,0.0,0.9066666654577779,0.78790249238399,0.9465323610815415,0.9999999998798077,0.627403846078437,0.9891826921888002,0.14377002828732838,0.04932068879145865,-0.04545116550208849
0.20000000000000018,-0.09999999999999998,73562.9609375,480.2848815917969,1.4212400620513461,0.0,0.9,0.7776442307692307,0.9099307159353349,0.0,0.7891891887626005,0.5521766029598951,0.49606326782884036,0.9999999998798077,0.5204326922451403,0.924278846042755,0.361889193198215,0.05983861548778559,0.05964880477027426
0.30000000000000004,-0.09999999999999998,74862.1640625,486.8479309082031,1.23170794860004,0.0,0.9,0.8461538461538461,0.9820143884892086,0.0,0.9609374992492676,0.6740445943321497,0.8942356522340116,0.9999999998798077,0.334134615344455,0.9759615383442354,0.24647492051816564,0.050183626996756325,-0.048186629976931517
0.40000000000000013,-0.09999999999999998,76665.1875,495.78387451171875,1.2774857826266588,0.0,0.9,0.7644230769230769,0.9929078014184397,0.0,0.9948979586760724,0.5264721321262078,0.7368421052631579,0.9999999998798077,0.16947115382578473,0.9639423075764493,0.3400706572518049,0.05384848271993194,-0.04613679241238096
0.5,-0.09999999999999998,78959.1796875,506.8843078613281,1.4633251545289288,0.0,0.9,0.6526442307692307,0.7894736842105263,0.0,0.9861591692089414,0.38689237544425564,0.4787878787878788,0.9999999998798077,0.022836538458793687,0.8978365383536254,0.4963750318602918,0.06911225605352211,-0.04773911862579644
0.6000000000000001,-0.09999999999999998,81727.234375,519.9224853515625,1.5913421251689974,0.0,0.9,0.6057692307692307,0.0,0.0,0.9999999996951219,0.28549361569857307,0.0,0.9999999998798077,0.0,0.8918269229697324,0.5538370545450191,0.11933753151672419,-0.11888147393018605
0.7000000000000002,-0.09999999999999998,84943.1484375,534.6707763671875,1.7281578371187003,0.0,0.9,0.5012019230769231,0.0,0.0,0.9999999997590361,0.1522401078214772,0.0,0.9999999998798077,0.0,0.8689903845109387,0.6491995791735039,0.06995700027236347,-0.06901517887392843
0.8,-0.09999999999999998,88567.0625,550.9124755859375,1.903642584755869,0.0,0.9,0.4567307692307692,0.0,0.0,0.999999999778761,0.10461679689288424,0.0,0.9999999998798077,0.0,0.8377403845146947,0.7317737344866632,0.06338230877344175,-0.04565319841051614
0.9000000000000001,-0.09999999999999998,92556.5078125,568.4489135742188,1.9287666392512806,0.0,0.9,0.4639423076923077,0.0,0.0,0.9999999997757847,0.09039252491378172,0.0,0.9999999998798077,0.0,0.8341346152843588,0.7379716161242535,0.06623481158252663,-0.015000254702325688
1.0,-0.09999999999999998,96865.7890625,587.1035766601562,2.0365129552588934,0.0,0.9,0.44591346153846156,0.0,0.0,0.9999999997830802,0.06851066336750325,0.0,0.9999999998798077,0.0,0.7812499999060998,0.7676880515319153,0.06095615623277021,0.05928062600094717
-1.0,0.0,96641.671875,585.9140625,2.246883961926764,0.0,0.9,0.15384615384615385,0.0,0.0,0.9999999998579546,0.026889853667190367,0.0,0.9999999998798077,0.0,0.6249999999248799,0.9012659675514691,0.1457186262696082,0.14276798426767523
-0.9,0.0,92324.4609375,567.22216796875,2.228262297289171,0.0,0.9,0.14903846153846154,0.0,0.0,0.9999999998587571,0.02501830562929356,0.0,0.9999999998798077,0.0,0.7740384614454281,0.9134645977228738,0.20413683875404603,0.20413683875404603
-0.8,0.0,88327.6328125,549.6486206054688,2.2131104299060054,0.0,0.9,0.1778846153846154,0.0,0.0,0.9999999998538012,0.040174403233229364,0.0,0.9999999998798077,0.0,0.8293269229772444,0.9193222660799479,0.22795108616902332,0.22795108616902332
-0.7,0.0,84697.3984375,533.37109375,2.1150977173743564,0.0,0.9,0.25961538461538464,0.0,0.0,0.9999999998376624,0.08145234470159582,0.0,0.9999999998798077,0.0,0.8894230768161752,0.8922105989588005,0.2044458889720011,0.19747091206109021
-0.6,0.0,81476.6953125,518.5892944335938,1.955059779240324,0.0,0.9,0.38822115384615385,0.0,0.0,0.9999999998035363,0.15866508104459578,0.0,0.9999999998798077,0.0,0.9362980768105411,0.7838440085031217,0.14293870340146933,0.11256458841657335
-0.5,0.0,78704.6796875,505.52215576171875,1.8466087621079252,0.0,0.9,0.49278846153846156,1.0,0.0,0.9999999997630331,0.2135099565964319,1.0,0.9999999998798077,0.001201923076778615,0.9206730768124192,0.6878838248527996,0.06354512706861445,0.051736021857986966
-0.3999999999999999,0.0,76406.171875,494.3995666503906,1.3783310591603437,0.0,0.9,0.7247596153846154,1.0,0.0,0.9999999995633188,0.40686767511333605,1.0,0.9999999998798077,0.013221153844564766,0.986778846035243,0.40180864882971523,0.08564412059229425,-0.08564412059229425
-0.29999999999999993,0.0,74598.8828125,485.4500732421875,1.3062214705051094,0.0,0.9,0.8064903846153846,0.9047619047619048,0.0,0.9751552788974192,0.595605250981595,0.30158730158730157,0.9999999998798077,0.050480769224701835,0.961538461422892,0.2939549893045867,0.08127195057853295,-0.0680124616577942
-0.19999999999999996,0.0,73298.2578125,478.8849182128906,1.4362858239976821,0.0,0.9,0.7367788461538461,0.8554216867469879,0.0,0.9452054790204542,0.5179226383535673,0.6502403846153846,0.9999999998798077,0.09975961537262505,0.9218749998891977,0.41670628706314766,0.06617544213059659,0.06458955818989895
-0.09999999999999998,0.0,72515.609375,474.8758239746094,1.3694760418965288,0.0,0.9,0.8341346153846154,0.9366754617414248,0.0,0.8260869559231254,0.6610328489209314,0.8400692818937066,0.9999999998798077,0.4555288460990951,0.9519230768086632,0.2788330536344731,0.04680325791714057,0.013333489928453877
0.0,0.0,72256.21875,473.53607177734375,1.3294056276616109,0.0,0.9,0.8665865384615384,0.9666048237476809,0.0,0.8378378370830291,0.7121123924371868,0.897417966170208,0.9999999998798077,0.6478365383836735,0.9807692306513499,0.2056321357890907,0.0634942302513195,-0.004225898900035781
0.10000000000000009,0.0,72519.484375,474.90496826171875,1.360431394749306,0.0,0.9,0.8677884615384616,0.9541108986615678,0.0,0.7818181811074381,0.7297771826075743,0.8786613683662676,0.9999999998798077,0.6286057691552157,0.9831730768049072,0.21560959164519486,0.04553610469348514,-0.00165593298850358
0.20000000000000018,0.0,73304.578125,478.94232177734375,1.0938222186605326,0.0,0.9,0.9326923076923077,0.9859437751004017,0.0,0.8749999984375,0.8233148956156836,0.9573561751352763,0.9999999998798077,0.5985576922357503,0.9915865383423574,0.11275219689118916,0.07230892866421132,-0.06881907947567475
0.30000000000000004,0.0,74604.6171875,485.53436279296875,1.1373722282364096,0.0,0.9,0.828125,0.9530791788856305,0.0,0.8881118874908309,0.6110481100566342,0.7387479898692714,0.9999999998798077,0.40985576918150773,0.9591346152693349,0.26114651526955585,0.03712803989161184,-0.021937343800478265
0.40000000000000013,0.0,76410.0703125,494.5082092285156,1.281512649471845,0.0,0.9,0.8040865384615384,0.9794520547945206,0.0,0.9815950914223344,0.5820091805715069,0.5694359562006621,0.9999999998798077,0.1754807692096778,0.9771634614210141,0.30448999354648043,0.08526472349173898,-0.08526472349173898
0.5,0.0,78707.5234375,505.6531982421875,1.5604631138855556,0.0,0.9,0.6526442307692307,0.9333333333333333,0.0,0.9965397920427197,0.36248895830974365,0.6363636363636364,0.9999999998798077,0.018028846151679226,0.9122596152749688,0.4919007267016346,0.06529848828853702,-0.053711018882833424
0.6000000000000001,0.0,81479.1796875,518.7401733398438,1.6699421002236792,0.0,0.9,0.5721153846153846,0.0,0.0,0.999999999719101,0.2368689354558534,0.0,0.9999999998798077,0.0,0.9050480768142971,0.5595848736333842,0.10121754262597692,-0.07221579563396162
0.7000000000000002,0.0,84698.921875,533.5390625,1.753410848554578,0.0,0.9,0.515625,0.0,0.0,0.9999999997518609,0.17139107789488975,0.0,0.9999999998798077,0.0,0.8329326922075803,0.6484214269939695,0.08363911378163018,-0.08136051526473337
0.8,0.0,88330.40625,549.831787109375,1.872974775652105,0.0,0.9,0.4651442307692308,0.0,0.0,0.9999999997752809,0.10283137491916144,0.0,0.9999999998798077,0.0,0.8137019229791224,0.7111001312240798,0.06737977043727002,-0.054240957476344324
0.9000000000000001,0.0,92327.7421875,567.41845703125,1.9283598054590094,0.0,0.9,0.4519230769230769,0.0,0.0,0.9999999997807018,0.0759230445071153,0.0,0.9999999998798077,0.0,0.8052884614416721,0.7413209243961552,0.0518028514553209,0.0021856926524023695
1.0,0.0,96645.8046875,586.1212768554688,2.001113793678871,0.0,0.9,0.44471153846153844,0.0,0.0,0.9999999997835497,0.060073361024167146,0.0,0.9999999998798077,0.0,0.7980769229810004,0.7684615054445548,0.08897942758981339,0.08387682968752785
-1.0,0.10000000000000009,96867.578125,586.882568359375,2.2632891957706254,0.0,0.9,0.15745192307692307,0.0,0.0,0.9999999998573467,0.02658684070765032,0.0,0.9999999998798077,0.0,0.6117788460803151,0.90361510047698,0.1458123553153895,0.14185035137329427
-0.9,0.10000000000000009,92559.0859375,568.2384643554688,2.21971669690395,0.0,0.9,0.15384615384615385,0.0,0.0,0.9999999998579546,0.02302982744386408,0.0,0.9999999998798077,0.0,0.7403846152956268,0.905683354468804,0.17896072383904463,0.17896072383904463
-0.8,0.10000000000000009,88569.140625,550.7142944335938,2.168224446417382,0.0,0.9,0.18629807692307693,0.0,0.0,0.9999999998522896,0.03549394196130294,0.0,0.9999999998798077,0.0,0.7980769229810004,0.901489735038387,0.19928903348776056,0.19863794183207897
-0.7,0.10000000000000009,84945.0625,534.4867553710938,2.095413127699633,0.0,0.9,0.23798076923076922,0.0,0.0,0.9999999998422714,0.06534805387385959,0.0,0.9999999998798077,0.0,0.8798076922019462,0.8913532485116828,0.20402053641935383,0.2039093195151987
-0.6,0.10000000000000009,81729.9609375,519.7548828125,1.9177280058429165,0.0,0.9,0.3858173076923077,0.0,0.0,0.9999999998043052,0.1542570734229669,0.0,0.9999999998798077,0.0,0.9435096152712128,0.7955892567721397,0.1276903825855151,0.10189945700987334
-0.5,0.10000000000000009,78960.78125,506.7357177734375,1.9064600045932756,0.0,0.9,0.4266826923076923,1.0,0.0,0.9999999997903564,0.17163171326460178,1.0,0.9999999998798077,0.001201923076778615,0.8882211537393966,0.7588744722556565,0.13279021036312316,0.12363360606990441
-0.3999999999999999,0.10000000000000009,76664.859375,495.65667724609375,1.552619275657659,0.0,0.9,0.6430288461538461,0.7777777777777778,0.0,0.9865319861998209,0.3414554533425048,0.25925925925925924,0.9999999998798077,0.021634615382015072,0.9411057691176556,0.5197326100494634,0.04998769629637205,-0.01374161343748836
-0.29999999999999993,0.10000000000000009,74860.625,486.7446594238281,1.3875716680381898,0.0,0.9,0.8076923076923077,0.8333333333333334,0.0,0.9687499993945313,0.5661876158578562,0.4166666666666667,0.9999999998798077,0.03605769230335845,0.9831730768049072,0.31504236485545384,0.09266324229595062,-0.0826009831070364
-0.19999999999999996,0.10000000000000009,73562.5390625,480.20770263671875,1.3737868881921038,0.0,0.9,0.7908653846153846,0.7843137254901961,0.0,0.9367816086570221,0.5830177225389672,0.4291666666666667,0.9999999998798077,0.06129807691570937,0.939903846040877,0.3369539691922727,0.04087655139687242,0.016896778604744422
-0.09999999999999998,0.10000000000000009,72780.8125,476.2155456542969,1.2697200654550846,0.0,0.9,0.828125,0.8952380952380953,0.0,0.8461538455621302,0.6284680736223602,0.6941506623250044,0.9999999998798077,0.2524038461235092,0.9483173075783273,0.2788111411567973,0.03237984460606289,0.009166370782313492
0.0,0.10000000000000009,72521.2578125,474.8802490234375,1.1064595449139014,0.0,0.9,0.8954326923076923,0.9850746268656716,0.0,0.9195402288281147,0.7510431102607682,0.9362683212634906,0.9999999998798077,0.5637019230091704,0.9795673075745712,0.1697109539596463,0.05637432764851806,-0.041938892639798386
0.10000000000000009,0.10000000000000009,72784.6640625,476.24017333984375,1.2496090114277325,0.0,0.9,0.8774038461538461,0.9802197802197802,0.0,0.9117647049884661,0.7367904590679359,0.9263061002302557,0.9999999998798077,0.5468749999342698,0.9795673075745712,0.1902301907292419,0.05495105095775587,-0.026758287969327343
0.20000000000000018,0.10000000000000009,73567.703125,480.2558288574219,1.4765454829783062,0.0,0.9,0.8377403846153846,0.9774011299435028,0.0,0.9407407400438957,0.6546024537978998,0.7406710684149709,0.9999999998798077,0.42548076917962974,0.9627403844996707,0.25371356699231684,0.05660066546360101,-0.019632551789688927
0.30000000000000004,0.10000000000000009,74864.609375,486.8153381347656,1.1819560711980177,0.0,0.9,0.84375,0.9924528301886792,0.0,0.9846153838579882,0.6286674521424556,0.9654733893557423,0.9999999998798077,0.318509615346333,0.9795673075745712,0.23562721510810566,0.06359660869078576,-0.05702806792012506
0.40000000000000013,0.10000000000000009,76667.5078125,495.7480773925781,1.4783086708867075,0.0,0.9,0.6899038461538461,0.9479166666666666,0.0,0.9806201546586742,0.4185961802595163,0.6353990610328639,0.9999999998798077,0.11538461537074704,0.9134615383517475,0.44561858312380814,0.021186406194325273,0.00039771862777400035
0.5,0.10000000000000009,78962.53125,506.845703125,1.580529916049475,0.0,0.9,0.6225961538461539,0.75,0.0,0.9968152863067467,0.29110649936980126,0.375,0.9999999998798077,0.00480769230711446,0.8762019229716104,0.5236088426929599,0.08399282478261814,-0.037046085686740386
0.6000000000000001,0.10000000000000009,81730.546875,519.8814697265625,1.7300355484736976,0.0,0.9,0.5504807692307693,0.0,0.0,0.9999999997326202,0.22807203873874815,0.0,0.9999999998798077,0.0,0.8437499998985878,0.6165503207192835,0.09716322416414874,-0.08784749094567049
0.7000000000000002,0.10000000000000009,84944.8984375,534.6277465820312,1.7919904956154586,0.0,0.9,0.5012019230769231,0.0,0.0,0.9999999997590361,0.181421631580765,0.0,0.9999999998798077,0.0,0.8161057691326796,0.6678866571053889,0.09934625148803865,-0.09804949649751628
0.8,0.10000000000000009,88569.1171875,550.8677978515625,1.8942467653842217,0.0,0.9,0.4579326923076923,0.0,0.0,0.9999999997782705,0.10723023112307271,0.0,0.9999999998798077,0.0,0.8064903845184507,0.7151820476683313,0.08213233743525045,-0.053241490320634986
0.9000000000000001,0.10000000000000009,92558.6640625,568.4031372070312,1.9442240125313786,0.0,0.9,0.4483173076923077,0.0,0.0,0.999999999782135,0.0853808013027625,0.0,0.9999999998798077,0.0,0.8028846152881148,0.7485131652219885,0.05205498523853311,0.02221132051320975
1.0,0.10000000000000009,96868.84375,587.0565185546875,1.9880221287317108,0.0,0.9,0.4362980769230769,0.0,0.0,0.9999999997867803,0.048477564102564104,0.0,0.9999999998798077,0.0,0.7956730768274431,0.770585784146587,0.11882436484762905,0.11882436484762905
-1.0,0.20000000000000018,97535.1171875,589.7552490234375,2.2766391322265833,0.0,0.9,0.15504807692307693,0.0,0.0,0.9999999998577526,0.023179580292002448,0.0,0.9999999998798077,0.0,0.6310096153087729,0.908972168029622,0.1369160000911558,0.1369160000911558
-0.9,0.20000000000000018,93251.2578125,571.2543334960938,2.2182035642333764,0.0,0.9,0.15745192307692307,0.0,0.0,0.9999999998573467,0.021384116101970572,0.0,0.9999999998798077,0.0,0.7379807691420697,0.8992785035518239,0.15385454840049737,0.15385454840049737
-0.8,0.20000000000000018,89284.4296875,553.8782958984375,2.15168500125441,0.0,0.9,0.19951923076923078,0.0,0.0,0.9999999998498499,0.04001759678230267,0.0,0.9999999998798077,0.0,0.8028846152881148,0.8896702879645146,0.14426255094566015,0.14245317908644128
-0.7,0.20000000000000018,85679.7109375,537.8019409179688,2.134682308795807,0.0,0.9,0.22355769230769232,0.0,0.0,0.9999999998452013,0.05043968018622645,0.0,0.9999999998798077,0.0,0.846153846052145,0.8969091705402814,0.17889574155943613,0.17889574155943613
-0.6,0.20000000000000018,82479.953125,523.2201538085938,2.0445755471164055,0.0,0.9,0.30288461538461536,0.0,0.0,0.9999999998275863,0.09802519603582129,0.0,0.9999999998798077,0.0,0.9062499998910758,0.855170997024435,0.17933352120313809,0.16571750443211203
-0.5,0.20000000000000018,79722.0859375,510.3450927734375,1.9294351190922125,0.0,0.9,0.4050480769230769,0.0,0.0,0.9999999997979797,0.16728051321261936,0.0,0.9999999998798077,0.0,0.9146634614285261,0.7651186875389211,0.12620886324951486,0.11625236455542745
-0.3999999999999999,0.20000000000000018,77435.3125,499.3984375,1.65610086560948,0.0,0.9,0.5901442307692307,1.0,0.0,0.9999999997067448,0.29807967503012556,1.0,0.9999999998798077,0.001201923076778615,0.9218749998891977,0.5959229058623775,0.06001519473019259,0.0006822433945108824
-0.29999999999999993,0.20000000000000018,75638.4609375,490.59967041015625,1.425084061847768,0.0,0.9,0.7836538461538461,0.9411764705882353,0.0,0.9944444438919754,0.5709831121014197,0.47058823529411764,0.9999999998798077,0.020432692305236456,0.9687499998835637,0.34991346906816645,0.11298749553505101,-0.11298749553505101
-0.19999999999999996,0.20000000000000018,74345.953125,484.1497497558594,1.4773415947026112,0.0,0.9,0.7163461538461539,1.0,0.0,0.9999999995762712,0.48928575883073616,1.0,0.9999999998798077,0.013221153844564766,0.9122596152749688,0.43309842326822845,0.046744794788255745,0.043377693730539804
-0.09999999999999998,0.20000000000000018,73566.90625,480.2120056152344,1.411148844464399,0.0,0.9,0.8617788461538461,0.8421052631578947,0.0,0.9478260861323252,0.6845384546449724,0.36756756756756753,0.9999999998798077,0.045673076917587374,0.9747596152674568,0.21927835325065367,0.08253894503960228,-0.05538637001617032
0.0,0.20000000000000018,73307.171875,478.8935852050781,1.13564001181819,0.0,0.9,0.8665865384615384,0.9493670886075949,0.0,0.9279279270919568,0.7140877496431716,0.6638798701298702,0.9999999998798077,0.18990384613102118,0.9591346152693349,0.20955315224215365,0.058295669878525753,-0.027171167408758655
0.10000000000000009,0.20000000000000018,73569.4921875,480.231689453125,1.1372346836421894,0.0,0.9,0.9050480769230769,0.9872881355932204,0.0,0.9620253152379427,0.7534731650948389,0.6502704530087897,0.9999999998798077,0.28365384611975314,0.9795673075745712,0.151996151143064,0.08670110743720122,-0.07197126978583715
0.20000000000000018,0.20000000000000018,74349.9375,484.1884460449219,1.492737955751792,0.0,0.9,0.75,0.9447852760736196,0.0,0.9567307687708025,0.5377250828106835,0.7999986761454652,0.9999999998798077,0.19591346151491426,0.9218749998891977,0.36887524344553685,0.043872428648884715,0.01856666075369757
0.30000000000000004,0.20000000000000018,75640.421875,490.65625,1.411418349156164,0.0,0.9,0.7572115384615384,0.9550561797752809,0.0,0.9801980193167337,0.49249610430723645,0.5587719298245614,0.9999999998798077,0.10697115383329674,0.9507211537318845,0.36017487816065097,0.05523384735214545,-0.042508060935427465
0.40000000000000013,0.20000000000000018,77436.421875,499.4717102050781,1.4812735388592362,0.0,0.9,0.7055288461538461,1.0,0.0,0.9999999995918367,0.39533852651677404,1.0,0.9999999998798077,0.03124999999624399,0.9483173075783273,0.4017362914977971,0.11891400984156607,-0.08202290895808348
0.5,0.20000000000000018,79721.8203125,510.4333801269531,1.7416405727221966,0.0,0.9,0.5120192307692307,0.0,0.0,0.9999999997536946,0.21911243740519348,0.0,0.9999999998798077,0.0,0.8425480768218092,0.6224945132526779,0.07545572171502077,0.0045309710256287
0.6000000000000001,0.20000000000000018,82478.265625,523.3218383789062,1.7264292382438935,0.0,0.9,0.5216346153846154,0.0,0.0,0.9999999997487437,0.2108416846938032,0.0,0.9999999998798077,0.0,0.8389423075914734,0.6194106544144548,0.1338588194663,-0.09953925254048991
0.7000000000000002,0.20000000000000018,85677.234375,537.9154052734375,1.8987547838431968,0.0,0.9,0.4423076923076923,0.0,0.0,0.9999999997844827,0.14953061914578358,0.0,0.9999999998798077,0.0,0.8004807691345577,0.7193032309877614,0.06739300944030885,-0.06114257539818268
0.8,0.20000000000000018,89280.84375,554.0020141601562,1.9237604084953237,0.0,0.9,0.43509615384615385,0.0,0.0,0.999999999787234,0.09544609869039901,0.0,0.9999999998798077,0.0,0.7980769229810004,0.7406880857149382,0.03494764339607972,-0.015773850493206742
0.9000000000000001,0.20000000000000018,93248.3984375,571.3866577148438,1.9612436143690772,0.0,0.9,0.43509615384615385,0.0,0.0,0.999999999787234,0.05611149451729162,0.0,0.9999999998798077,0.0,0.7956730768274431,0.7529085678096059,0.05697161741626718,0.05605092519312021
1.0,0.20000000000000018,97534.5546875,589.8951416015625,1.9924584015388191,0.0,0.9,0.4362980769230769,0.0,0.0,0.9999999997867803,0.048477564102564104,0.0,0.9999999998798077,0.0,0.7920673075971073,0.7769997730147588,0.13752781156379368,0.13752781156379368
-1.0,0.30000000000000004,98636.8671875,594.4898071289062,2.2794761115572713,0.0,0.9,0.1502403846153846,0.0,0.0,0.9999999998585574,0.023046070951695637,0.0,0.9999999998798077,0.0,0.7067307691458257,0.9149292213604715,0.12263869284872453,0.12263869284872453
-0.9,0.30000000000000004,94394.28125,576.221435546875,2.235179150333733,0.0,0.9,0.15264423076923078,0.0,0.0,0.9999999998581561,0.022277120261718002,0.0,0.9999999998798077,0.0,0.7812499999060998,0.9073087991378661,0.13338954878526918,0.13338954878526918
-0.8,0.30000000000000004,90465.515625,559.08544921875,2.1843947646030726,0.0,0.9,0.15985576923076922,0.0,0.0,0.9999999998569385,0.03203038217847886,0.0,0.9999999998798077,0.0,0.7860576922132142,0.9002921033785737,0.13783899231601804,0.13783899231601804
-0.7,0.30000000000000004,86893.125,543.2522583007812,2.141907748838916,0.0,0.9,0.17908653846153846,0.0,0.0,0.9999999998535871,0.04239166879972802,0.0,0.9999999998798077,0.0,0.8185096152862369,0.897433770318436,0.16299517004276537,0.16299517004276537
-0.6,0.30000000000000004,83719.625,528.91162109375,2.114328780782887,0.0,0.9,0.23317307692307693,0.0,0.0,0.9999999998432603,0.06860742026269845,0.0,0.9999999998798077,0.0,0.8786057691251676,0.8835131462982017,0.18840753508010455,0.1864761188399271
-0.5,0.30000000000000004,80983.0390625,516.2678833007812,1.984252611815822,0.0,0.9,0.3293269230769231,0.0,0.0,0.9999999998207886,0.1120995552421693,0.0,0.9999999998798077,0.0,0.9050480768142971,0.8184397594654119,0.14386205759373988,0.1422829956626325
-0.3999999999999999,0.30000000000000004,78710.53125,505.5326232910156,1.868344631861897,0.0,0.9,0.44591346153846156,0.0,0.0,0.9999999997830802,0.19107579745532038,0.0,0.9999999998798077,0.0,0.9062499998910758,0.7251268042235868,0.08990746390678012,0.07963939833714746
-0.29999999999999993,0.30000000000000004,76924.8203125,496.914794921875,1.7935191713432814,0.0,0.9,0.6117788461538461,0.0,0.0,0.9999999996904024,0.3590682964170374,0.0,0.9999999998798077,0.0,0.933894230656984,0.5617342704890137,0.07124410020501512,-0.02592960471033772
-0.19999999999999996,0.30000000000000004,75640.5546875,490.603759765625,1.3547997783102583,0.0,0.9,0.7680288461538461,0.5,0.0,0.9948186523342909,0.5317183810160757,0.25,0.9999999998798077,0.00240384615355723,0.9314903845034267,0.3778127173183451,0.09031208545425842,-0.08594791196840014
-0.09999999999999998,0.30000000000000004,74867.8984375,486.7528991699219,1.283207695516874,0.0,0.9,0.8245192307692307,0.9,0.0,0.9931506842512667,0.6324232314268733,0.45,0.9999999998798077,0.012019230767786151,0.9735576921906782,0.28514344882694675,0.07784420341056535,-0.07564577699954718
0.0,0.30000000000000004,74610.15625,485.46270751953125,1.2981780667580944,0.0,0.9,0.8161057692307693,0.6666666666666666,0.0,0.9934640516382588,0.6182663370911348,0.3333333333333333,0.9999999998798077,0.003605769230335845,0.9663461537300065,0.2712817789943305,0.08563081983161842,-0.05256767087262568
0.10000000000000009,0.30000000000000004,74870.6875,486.7677307128906,1.2297838189820378,0.0,0.9,0.8762019230769231,1.0,0.0,0.9999999990291263,0.685209935264185,1.0,0.9999999998798077,0.00240384615355723,0.9795673075745712,0.2185065794188587,0.11699463608961942,-0.11699463608961942
0.20000000000000018,0.30000000000000004,75646.2109375,490.6329040527344,1.438439908333459,0.0,0.9,0.7512019230769231,0.0,0.0,0.9999999995169082,0.5099762590144995,0.0,0.9999999998798077,0.0,0.9206730768124192,0.38919825832305827,0.06462107290240868,-0.05908921038701929
0.30000000000000004,0.30000000000000004,76927.8828125,496.9575500488281,1.5690577001184594,0.0,0.9,0.6862980769230769,0.0,0.0,0.9999999996168581,0.39930071051712684,0.0,0.9999999998798077,0.0,0.9543269229622203,0.4494301724862173,0.07125471266381946,-0.0689443334205659
0.40000000000000013,0.30000000000000004,78711.359375,505.5879821777344,1.7260155361626077,0.0,0.9,0.5540865384615384,0.0,0.0,0.9999999997304582,0.2724453495045853,0.0,0.9999999998798077,0.0,0.9062499998910758,0.5728663178955169,0.10072983299244463,-0.038076789849775326
0.5,0.30000000000000004,80981.03125,516.3345336914062,1.7904836260175108,0.0,0.9,0.5649038461538461,0.0,0.0,0.9999999997237569,0.25558001085952575,0.0,0.9999999998798077,0.0,0.8641826922038243,0.5933168870323925,0.15491458499427765,-0.13282890028660124
0.6000000000000001,0.30000000000000004,83716.2109375,528.9884643554688,1.8959217475889791,0.0,0.9,0.4411057692307692,0.0,0.0,0.9999999997849461,0.15659177205468205,0.0,0.9999999998798077,0.0,0.8112980768255652,0.6996163214072136,0.15951959105663835,-0.07557027849887665
0.7000000000000002,0.30000000000000004,86888.484375,543.3379516601562,1.9796557365870882,0.0,0.9,0.3701923076923077,0.0,0.0,0.9999999998091603,0.09687941406801408,0.0,0.9999999998798077,0.0,0.7800480768293212,0.7563152635613694,0.07998980909262131,-0.0028525337310215254
0.8,0.30000000000000004,90460.1796875,559.178955078125,1.9990603678324281,0.0,0.9,0.39903846153846156,0.0,0.0,0.9999999998,0.06577448387244127,0.0,0.9999999998798077,0.0,0.7788461537525425,0.7651092409680853,0.07417341907903677,0.015281507574622766
0.9000000000000001,0.30000000000000004,94390.46875,576.321533203125,2.013450799639363,0.0,0.9,0.43149038461538464,0.0,0.0,0.9999999997885834,0.04811687441361748,0.0,0.9999999998798077,0.0,0.7752403845222067,0.774326501144769,0.07994643195757395,0.07263455635366181
1.0,0.30000000000000004,98635.328125,594.5958251953125,2.0280965410627707,0.0,0.9,0.4338942307692308,0.0,0.0,0.9999999997876857,0.04821047008547009,0.0,0.9999999998798077,0.0,0.7728365383686495,0.7852120945852077,0.14940147902384804,0.14940147902384804
-1.0,0.40000000000000013,100160.5234375,601.020263671875,2.3115409893342065,0.0,0.9,0.11298076923076923,0.0,0.0,0.9999999998644987,0.024198582613349173,0.0,0.9999999998798077,0.0,0.752403846063413,0.924613653459147,0.14284696496333837,0.14284696496333837
-0.9,0.40000000000000013,95975.1328125,583.0632934570312,2.2750173173645565,0.0,0.9,0.09014423076923077,0.0,0.0,0.9999999998678997,0.019968429360694553,0.0,0.9999999998798077,0.0,0.7632211537544206,0.9223187551871097,0.18129792619088825,0.18129792619088825
-0.8,0.40000000000000013,92098.4453125,566.24755859375,2.222070566837532,0.0,0.9,0.10096153846153846,0.0,0.0,0.9999999998663102,0.022838914821707634,0.0,0.9999999998798077,0.0,0.783653846059657,0.9117858402146329,0.18524247605268465,0.18358978746757962
-0.7,0.40000000000000013,88572.765625,550.7379760742188,2.1356416317911693,0.0,0.9,0.15625,0.0,0.0,0.99999999985755,0.04089933970301412,0.0,0.9999999998798077,0.0,0.8161057691326796,0.8884468250413563,0.13916219014472236,0.13323630749185725
-0.6,0.40000000000000013,85437.8671875,536.7162475585938,2.1107824419952115,0.0,0.9,0.19951923076923078,0.0,0.0,0.9999999998498499,0.056551256594830984,0.0,0.9999999998798077,0.0,0.8245192306701299,0.8746316840329871,0.1357142071452136,0.1322478378011736
-0.5,0.40000000000000013,82730.703125,524.37646484375,2.1032215561838323,0.0,0.9,0.27884615384615385,0.0,0.0,0.9999999998333334,0.09254127665422868,0.0,0.9999999998798077,0.0,0.8629807691270456,0.8567294836103253,0.11573789004395238,0.11573789004395238
-0.3999999999999999,0.40000000000000013,80479.84375,513.91845703125,1.9985787989861286,0.0,0.9,0.34975961538461536,0.0,0.0,0.9999999998151572,0.13099279493945343,0.0,0.9999999998798077,0.0,0.8569711537431526,0.8143753805755131,0.10270907519292428,0.09801080243332143
-0.29999999999999993,0.40000000000000013,78710.7421875,505.53662109375,1.6099661464825274,0.0,0.9,0.5793269230769231,0.0,0.0,0.9999999997142857,0.2900391172020145,0.0,0.9999999998798077,0.0,0.9507211537318845,0.6084835391209159,0.09116656082610543,-0.07826133819662724
-0.19999999999999996,0.40000000000000013,77438.9765625,499.4064025878906,1.6571946566824214,0.0,0.9,0.6646634615384616,0.0,0.0,0.9999999996415769,0.4053417922649539,0.0,0.9999999998798077,0.0,0.9062499998910758,0.520792291015363,0.12846927656273371,-0.108801205445938
-0.09999999999999998,0.40000000000000013,76673.25,495.6688232421875,1.5133917490379167,0.0,0.9,0.6838942307692307,0.0,0.0,0.9999999996197718,0.43205513946564583,0.0,0.9999999998798077,0.0,0.9002403845071827,0.48783335798994965,0.08881648429659755,-0.07530878303922878
0.0,0.40000000000000013,76417.328125,494.41583251953125,1.407271676975901,0.0,0.9,0.7716346153846154,0.0,0.0,0.9999999994736842,0.5218051009170962,0.0,0.9999999998798077,0.0,0.9591346152693349,0.37012382255117127,0.12521745508746912,-0.12521745508746912
0.10000000000000009,0.40000000000000013,76675.6484375,495.678955078125,1.6262964527035095,0.0,0.9,0.6574519230769231,0.0,0.0,0.9999999996491227,0.3999310297040052,0.0,0.9999999998798077,0.0,0.9158653845053046,0.4877560825425017,0.07050542762549003,-0.05593570244344164
0.20000000000000018,0.40000000000000013,77444.609375,499.4261474609375,1.5130693887815605,0.0,0.9,0.6862980769230769,0.0,0.0,0.9999999996168581,0.4138491783432643,0.0,0.9999999998798077,0.0,0.9603365383461134,0.4559325647853749,0.12192745647734393,-0.12099744084565389
0.30000000000000004,0.40000000000000013,78715.8125,505.5655517578125,1.7665698850897071,0.0,0.9,0.5444711538461539,0.0,0.0,0.9999999997361477,0.2836433049323005,0.0,0.9999999998798077,0.0,0.8569711537431526,0.6123018895097424,0.09885015542077223,-0.05562787547015428
0.40000000000000013,0.40000000000000013,80482.890625,513.9560546875,1.863611903893847,0.0,0.9,0.49399038461538464,0.0,0.0,0.9999999997624702,0.2526943507404409,0.0,0.9999999998798077,0.0,0.8389423075914734,0.664135486309033,0.10035381027624503,-0.07308935408603902
0.5,0.40000000000000013,82730.1171875,524.4219360351562,1.925437683186401,0.0,0.9,0.4387019230769231,0.0,0.0,0.9999999997858672,0.18846790723140006,0.0,0.9999999998798077,0.0,0.8161057691326796,0.7169534257306247,0.14510577400024927,-0.09458718684560381
0.6000000000000001,0.40000000000000013,85435.1328125,536.7686157226562,2.0564414104583806,0.0,0.9,0.34615384615384615,0.0,0.0,0.9999999998161765,0.09076525273253215,0.0,0.9999999998798077,0.0,0.7487980768330772,0.7880783823233845,0.08947773169533271,-0.031130873955676666
0.7000000000000002,0.40000000000000013,88568.5859375,550.7963256835938,2.0768952209928773,0.0,0.9,0.3137019230769231,0.0,0.0,0.9999999998248688,0.05041671939240104,0.0,0.9999999998798077,0.0,0.7463942306795199,0.7946426151646256,0.09702967215956951,0.037510229805287176
0.8,0.40000000000000013,92094.140625,566.3114013671875,2.061415381346844,0.0,0.9,0.38100961538461536,0.0,0.0,0.9999999998058253,0.050880636513119595,0.0,0.9999999998798077,0.0,0.730769230681398,0.7846565440331005,0.0581714273291634,0.02883519675895837
0.9000000000000001,0.40000000000000013,95970.96875,583.1318359375,2.0497539802747666,0.0,0.9,0.4362980769230769,0.0,0.0,0.9999999997867803,0.048477564102564104,0.0,0.9999999998798077,0.0,0.7536057691401916,0.7855376862344869,0.08938298280234469,0.06286558114393512
1.0,0.40000000000000013,100158.53125,601.0927734375,2.0633472503986625,0.0,0.9,0.4338942307692308,0.0,0.0,0.9999999997876857,0.04821047008547009,0.0,0.9999999998798077,0.0,0.7463942306795199,0.7995870367203548,0.16135190425452656,0.14656418875272942
-1.0,0.5,102089.6328125,609.260498046875,2.349914679424109,0.0,0.9,0.055288461538461536,0.0,0.0,0.9999999998727735,0.017500561752386568,0.0,0.9999999998798077,0.0,0.7596153845240847,0.9374945383024317,0.20179275880963193,0.20179275880963193
-0.9,0.5,97975.65625,591.681640625,2.3210350921793594,0.0,0.9,0.038461538461538464,0.0,0.0,0.999999999875,0.014125886698702232,0.0,0.9999999998798077,0.0,0.7632211537544206,0.9382201934963671,0.23318981288702623,0.23318981288702623
-0.8,0.5,94165.9140625,575.2526245117188,2.2675248851946894,0.0,0.9,0.04447115384615385,0.0,0.0,0.9999999998742138,0.014601800316086032,0.0,0.9999999998798077,0.0,0.7644230768311991,0.9290265801179773,0.2450367954535454,0.2450367954535454
-0.7,0.5,90699.734375,560.1312866210938,2.203661094733707,0.0,0.9,0.07572115384615384,0.0,0.0,0.999999999869961,0.02386542899448214,0.0,0.9999999998798077,0.0,0.7812499999060998,0.9092679881165964,0.2097554271064014,0.2097554271064014
-0.6,0.5,87615.828125,546.4903564453125,2.139682643276949,0.0,0.9,0.12139423076923077,0.0,0.0,0.9999999998632011,0.04022308859484374,0.0,0.9999999998798077,0.0,0.7956730768274431,0.885872412267789,0.16524845419533543,0.16107161944406176
-0.5,0.5,84949.6015625,534.511474609375,2.1814017586534535,0.0,0.9,0.171875,0.0,0.0,0.9999999998548622,0.05958818257708773,0.0,0.9999999998798077,0.0,0.8112980768255652,0.8912860572614392,0.15796939739850374,0.15796939739850374
-0.3999999999999999,0.5,82729.7578125,524.380126953125,2.0779737165970924,0.0,0.9,0.2848557692307692,0.0,0.0,0.9999999998319329,0.09896094685898164,0.0,0.9999999998798077,0.0,0.8653846152806028,0.8442991127253369,0.10185315485917863,0.09990567269725589
-0.29999999999999993,0.5,80983.40625,516.2754516601562,1.973525444768822,0.0,0.9,0.34375,0.0,0.0,0.9999999998168498,0.13681569180462447,0.0,0.9999999998798077,0.0,0.8629807691270456,0.8074142140666712,0.07820381663202958,0.07820381663202958
-0.19999999999999996,0.5,79726.046875,510.3565979003906,2.0475876082123152,0.0,0.9,0.4110576923076923,0.0,0.0,0.9999999997959184,0.19101339300293044,0.0,0.9999999998798077,0.0,0.8593749998967097,0.7692562986826594,0.05157578316432773,0.04168599644940682
-0.09999999999999998,0.5,78968.5078125,506.75128173828125,1.8385955137259622,0.0,0.9,0.5204326923076923,0.0,0.0,0.9999999997493734,0.2794497623773077,0.0,0.9999999998798077,0.0,0.8762019229716104,0.6501072543425989,0.05625959339239692,-0.04352773748883267
0.0,0.5,78714.390625,505.5417785644531,1.7869622203110498,0.0,0.9,0.5348557692307693,0.0,0.0,0.999999999741602,0.29300807338001883,0.0,0.9999999998798077,0.0,0.8725961537412745,0.6195743905965834,0.07425689479699218,-0.045131767641061735
0.10000000000000009,0.5,78968.875,506.7568054199219,1.8192676165827213,0.0,0.9,0.49399038461538464,0.0,0.0,0.9999999997624702,0.2547230707211264,0.0,0.9999999998798077,0.0,0.8737980768180531,0.6642227450923123,0.06726266842675308,-0.01716356714926941
0.20000000000000018,0.5,79730.03125,510.3673400878906,1.9051748734421317,0.0,0.9,0.43028846153846156,0.0,0.0,0.9999999997890295,0.2003470580597604,0.0,0.9999999998798077,0.0,0.8449519229753664,0.712910466939396,0.07191713418869614,0.0034562374442103096
0.30000000000000004,0.5,80988.578125,516.2913818359375,2.0102299939091104,0.0,0.9,0.3954326923076923,0.0,0.0,0.9999999998011928,0.1824750988393316,0.0,0.9999999998798077,0.0,0.8076923075952294,0.7518920117846156,0.07887992588311402,-0.020580225268665802
0.40000000000000013,0.5,82735.2265625,524.40087890625,2.1038423156295294,0.0,0.9,0.3473557692307692,0.0,0.0,0.999999999815838,0.13913151717437047,0.0,0.9999999998798077,0.0,0.768028846061535,0.7897737038112324,0.07581772545198398,-0.02878847017674722
0.5,0.5,84952.59375,534.5363159179688,2.1621383537353633,0.0,0.9,0.3125,0.0,0.0,0.9999999998251748,0.09170534386687738,0.0,0.9999999998798077,0.0,0.7223557691439476,0.8297823998367383,0.07277284805491949,-0.03270682466386331
0.6000000000000001,0.5,87616.703125,546.5189819335938,2.203347455095311,0.0,0.9,0.30649038461538464,0.0,0.0,0.9999999998266899,0.06420117255960082,0.0,0.9999999998798077,0.0,0.7007211537619326,0.8336128654724053,0.10082566340503038,-0.025138539019625268
0.7000000000000002,0.5,90698.359375,560.1634521484375,2.1839237778736256,0.0,0.9,0.31971153846153844,0.0,0.0,0.9999999998233217,0.04703299889209869,0.0,0.9999999998798077,0.0,0.6911057691477036,0.823169045351736,0.05559605147726931,0.005723883753224222
0.8,0.5,94163.4921875,575.2875366210938,2.137791011945018,0.0,0.9,0.3870192307692308,0.0,0.0,0.9999999998039215,0.047541418530831124,0.0,0.9999999998798077,0.0,0.6959134614548181,0.8065788336044613,0.07049197133316404,0.024590497922001263
0.9000000000000001,0.5,97973.3046875,591.7192993164062,2.0900252438211417,0.0,0.9,0.4375,0.0,0.0,0.9999999997863247,0.04861111111111111,0.0,0.9999999998798077,0.0,0.7187499999136118,0.7928411723655736,0.10741982562857748,0.05712242731199284
1.0,0.5,102089.46875,609.3002319335938,2.103401901497645,0.0,0.9,0.4326923076923077,0.0,0.0,0.9999999997881356,0.04807692307692308,0.0,0.9999999998798077,0.0,0.7271634614510621,0.8029910354276792,0.15081270457080187,0.1309962101580281
-1.0,0.6000000000000001,104403.40625,619.1089477539062,2.374236473746906,0.0,0.9,0.037259615384615384,0.0,0.0,0.9999999998751561,0.011213958182636768,0.0,0.9999999998798077,0.0,0.7596153845240847,0.9397740584882748,0.2240184201890326,0.2240184201890326
-0.9,0.6000000000000001,100372.8515625,601.9614868164062,2.3730751918767075,0.0,0.9,0.02403846153846154,0.0,0.0,0.9999999998768473,0.011586510289713185,0.0,0.9999999998798077,0.0,0.762019230677642,0.9458169466049701,0.2472839438239814,0.2472839438239814
-0.8,0.6000000000000001,96642.5859375,585.9708251953125,2.3599660581837894,0.0,0.9,0.020432692307692308,0.0,0.0,0.9999999998773007,0.007778053350970018,0.0,0.9999999998798077,0.0,0.7584134614473061,0.9537722326104571,0.2794345565886099,0.2794345565886099
-0.7,0.6000000000000001,93249.0703125,571.2865600585938,2.290430216410049,0.0,0.9,0.03125,0.0,0.0,0.9999999998759306,0.012855907195529835,0.0,0.9999999998798077,0.0,0.7632211537544206,0.9407632098558852,0.27532208339248576,0.27412106759373184
-0.6,0.6000000000000001,90228.6171875,558.0714721679688,2.2075155711926104,0.0,0.9,0.06009615384615385,0.0,0.0,0.9999999998721228,0.024721876425226337,0.0,0.9999999998798077,0.0,0.7728365383686495,0.9153320405396792,0.23505819811519985,0.23505819811519985
-0.5,0.6000000000000001,87614.7421875,546.4935302734375,2.202339907357724,0.0,0.9,0.10216346153846154,0.0,0.0,0.9999999998661312,0.041794240978333445,0.0,0.9999999998798077,0.0,0.7596153845240847,0.9090471270632531,0.20510525422901038,0.20510525422901038
-0.3999999999999999,0.6000000000000001,85436.7890625,536.72314453125,2.220707197713263,0.0,0.9,0.15144230769230768,0.0,0.0,0.999999999858357,0.05658844991269355,0.0,0.9999999998798077,0.0,0.793269230673886,0.9118156525477261,0.20054112884295272,0.20054112884295272
-0.29999999999999993,0.6000000000000001,83719.0546875,528.9225463867188,2.21234193347191,0.0,0.9,0.18509615384615385,0.0,0.0,0.9999999998525074,0.06589024502248869,0.0,0.9999999998798077,0.0,0.8377403845146947,0.9221520332701875,0.21203495948054796,0.21203495948054796
-0.19999999999999996,0.6000000000000001,82482.5390625,523.23486328125,2.1802049340753515,0.0,0.9,0.23798076923076922,0.0,0.0,0.9999999998422714,0.09733272052209418,0.0,0.9999999998798077,0.0,0.8545673075895953,0.8930036080035955,0.17328075654151345,0.17328075654151345
-0.09999999999999998,0.6000000000000001,81736.2265625,519.773681640625,2.2002603930169604,0.0,0.9,0.27283653846153844,0.0,0.0,0.9999999998347108,0.12654523824768665,0.0,0.9999999998798077,0.0,0.7956730768274431,0.8721126184372762,0.1370797803657084,0.1370797803657084
0.0,0.6000000000000001,81485.890625,518.6119384765625,2.1490564181001446,0.0,0.9,0.28966346153846156,0.0,0.0,0.9999999998307953,0.13561329369863886,0.0,0.9999999998798077,0.0,0.7980769229810004,0.8524478190689561,0.13165417300032878,0.1301407401013468
0.10000000000000009,0.6000000000000001,81736.125,519.7750244140625,2.2607126428858755,0.0,0.9,0.26322115384615385,0.0,0.0,0.9999999998368679,0.1093590813114392,0.0,0.9999999998798077,0.0,0.783653846059657,0.8745262986783875,0.15001518115794318,0.15001518115794318
0.20000000000000018,0.6000000000000001,82483.96875,523.2374877929688,2.2788578004869637,0.0,0.9,0.23076923076923078,0.0,0.0,0.9999999998437501,0.08778679367735245,0.0,0.9999999998798077,0.0,0.7740384614454281,0.891111558441127,0.1507222802638445,0.1500939068589323
0.30000000000000004,0.6000000000000001,83724.5234375,528.92626953125,2.3086142912589036,0.0,0.9,0.19831730769230768,0.0,0.0,0.999999999850075,0.07190584331182406,0.0,0.9999999998798077,0.0,0.7235576922207263,0.8970180960236608,0.13808311603050738,0.13808311603050738
0.40000000000000013,0.6000000000000001,85442.984375,536.72802734375,2.3619006598793004,0.0,0.9,0.18389423076923078,0.0,0.0,0.9999999998527247,0.060244567716216446,0.0,0.9999999998798077,0.0,0.7055288460690471,0.902078862617446,0.10896111864772626,0.10896111864772626
0.5,0.6000000000000001,87620.53125,546.4990844726562,2.3400381531810184,0.0,0.9,0.2247596153846154,0.0,0.0,0.9999999998449612,0.06798619007174668,0.0,0.9999999998798077,0.0,0.6814903845334748,0.880579469912187,0.0453351132456595,0.028388045296254535
0.6000000000000001,0.6000000000000001,90233.8046875,558.0777587890625,2.3123946012003866,0.0,0.9,0.3137019230769231,0.0,0.0,0.9999999998248688,0.05729890029729718,0.0,0.9999999998798077,0.0,0.6766826922263602,0.8589887738735302,0.073140154213373,-0.060178661745818124
0.7000000000000002,0.6000000000000001,93252.9140625,571.2938232421875,2.2532374685530243,0.0,0.9,0.3425480769230769,0.0,0.0,0.9999999998171847,0.041994931514190995,0.0,0.9999999998798077,0.0,0.6838942306870319,0.8370138537809304,0.02829311816865657,-0.0138369657275697
0.8,0.6000000000000001,96644.71875,585.9780883789062,2.1898013184901526,0.0,0.9,0.42427884615384615,0.0,0.0,0.9999999997912317,0.04920509442248573,0.0,0.9999999998798077,0.0,0.6802884614566961,0.8127993635841108,0.1459113795927442,-0.013686297229692598
0.9000000000000001,0.6000000000000001,100373.34375,601.9694213867188,2.140429168522155,0.0,0.9,0.4375,0.0,0.0,0.9999999997863247,0.04861111111111111,0.0,0.9999999998798077,0.0,0.7019230768387112,0.7966243020018431,0.09982606928371887,0.05705507841388968
1.0,0.6000000000000001,104406.234375,619.1170654296875,2.11770211938292,0.0,0.9,0.43509615384615385,0.0,0.0,0.999999999787234,0.048344017094017096,0.0,0.9999999998798077,0.0,0.7091346152993829,0.7968998477858484,0.11673515602683854,0.10916407234792369
-1.0,0.7000000000000002,107079.0859375,630.4545288085938,2.363205689811701,0.0,0.9,0.037259615384615384,0.0,0.0,0.9999999998751561,0.01107777856485089,0.0,0.9999999998798077,0.0,0.762019230677642,0.9279486028941196,0.22353201361919153,0.22353201361919153
-0.9,0.7000000000000002,103142.390625,613.7783203125,2.391020059533,0.0,0.9,0.01201923076923077,0.0,0.0,0.9999999998783455,0.006039805341443805,0.0,0.9999999998798077,0.0,0.7572115383705275,0.9418029529789894,0.2444180013801739,0.2444180013801739
-0.8,0.7000000000000002,99502.6171875,598.2630004882812,2.39111159392678,0.0,0.9,0.007211538461538462,0.0,0.0,0.9999999998789346,0.0014085009271145343,0.0,0.9999999998798077,0.0,0.7572115383705275,0.9548652828289372,0.28765828028042245,0.28765828028042245
-0.7,0.7000000000000002,96192.5234375,584.050048828125,2.3625176321375974,0.0,0.9,0.02403846153846154,0.0,0.0,0.9999999998768473,0.006063221208852277,0.0,0.9999999998798077,0.0,0.7608173076008633,0.9624673368758877,0.29999836421039033,0.29999836421039033
-0.6,0.7000000000000002,93246.7421875,571.2899169921875,2.3005428870839775,0.0,0.9,0.03365384615384615,0.0,0.0,0.9999999998756219,0.010477964920746298,0.0,0.9999999998798077,0.0,0.768028846061535,0.9569474339570594,0.31078545589338297,0.30828223764667695
-0.5,0.7000000000000002,90696.4296875,560.137939453125,2.3106108267648326,0.0,0.9,0.030048076923076924,0.0,0.0,0.9999999998760843,0.007986282237289971,0.0,0.9999999998798077,0.0,0.7463942306795199,0.9702356550292099,0.3399037533371825,0.3399037533371825
-0.3999999999999999,0.7000000000000002,88568.7109375,550.7481079101562,2.331204194696538,0.0,0.9,0.05048076923076923,0.0,0.0,0.9999999998734178,0.02053752522058263,0.0,0.9999999998798077,0.0,0.7560096152937489,0.9810096585371301,0.3408252996273613,0.3396755284914651
-0.29999999999999993,0.7000000000000002,86890.328125,543.26611328125,2.440621485642821,0.0,0.9,0.057692307692307696,0.0,0.0,0.999999999872449,0.02278111284085261,0.0,0.9999999998798077,0.0,0.7499999999098558,1.0359596056232074,0.3829535309987047,0.38047168241370455
-0.19999999999999996,0.7000000000000002,85678.9609375,537.8194580078125,2.468427217275667,0.0,0.9,0.07572115384615384,0.0,0.0,0.999999999869961,0.02900893450412609,0.0,0.9999999998798077,0.0,0.762019230677642,1.0261253216992594,0.36251617315247786,0.36251617315247786
-0.09999999999999998,0.7000000000000002,84948.0859375,534.50830078125,2.568192480579193,0.0,0.9,0.10096153846153846,0.0,0.0,0.9999999998663102,0.03867533881200763,0.0,0.9999999998798077,0.0,0.730769230681398,1.0275280586978357,0.33456925263093507,0.33456925263093507
0.0,0.7000000000000002,84705.203125,533.396240234375,2.566574260335716,0.0,0.9,0.1045673076923077,0.0,0.0,0.9999999998657718,0.03875126739667309,0.0,0.9999999998798077,0.0,0.6742788460728031,1.0255916123046258,0.32467843856647616,0.32467843856647616
0.10000000000000009,0.7000000000000002,84949.6796875,534.5055541992188,2.6204570605369835,0.0,0.9,0.09975961538461539,0.0,0.0,0.9999999998664887,0.03398334276631914,0.0,0.9999999998798077,0.0,0.6694711537656886,1.0299952635392928,0.32029188780248596,0.32029188780248596
0.20000000000000018,0.7000000000000002,85682.0390625,537.8143920898438,2.5704762371111674,0.0,0.9,0.10336538461538461,0.0,0.0,0.9999999998659518,0.03621143696405946,0.0,0.9999999998798077,0.0,0.6598557691514597,1.0045460050639772,0.2848263180420711,0.2809433107630575
0.30000000000000004,0.7000000000000002,86895.4296875,543.2584838867188,2.5495559239504657,0.0,0.9,0.08052884615384616,0.0,0.0,0.9999999998692811,0.029378722550938,0.0,0.9999999998798077,0.0,0.6646634614585741,0.9881145408395874,0.2679480128576614,0.2679480128576614
0.40000000000000013,0.7000000000000002,88576.4140625,550.7379760742188,2.535675561179759,0.0,0.9,0.09495192307692307,0.0,0.0,0.9999999998671979,0.03295821462488129,0.0,0.9999999998798077,0.0,0.6814903845334748,0.9617969786514803,0.2176274530881823,0.2172226406107853
0.5,0.7000000000000002,90704.265625,560.1256103515625,2.4596404840093764,0.0,0.9,0.15144230769230768,0.0,0.0,0.999999999858357,0.038859747514735636,0.0,0.9999999998798077,0.0,0.6754807691495817,0.9156391588853838,0.12385923784021771,0.11680828341632707
0.6000000000000001,0.7000000000000002,93255.8046875,571.2753295898438,2.401081103415005,0.0,0.9,0.296875,0.0,0.0,0.9999999998290598,0.04736523808723399,0.0,0.9999999998798077,0.0,0.6814903845334748,0.8781538944807301,0.041418892086923696,-0.03263889014662928
0.7000000000000002,0.7000000000000002,96201.7578125,584.033447265625,2.3010914882302704,0.0,0.9,0.421875,0.0,0.0,0.9999999997920997,0.04744525547445255,0.0,0.9999999998798077,0.0,0.6850961537638106,0.8331006589782634,0.1318775990679887,-0.08328560542928329
0.8,0.7000000000000002,99509.8359375,598.2445678710938,2.232509760922974,0.0,0.9,0.4387019230769231,0.0,0.0,0.9999999997858672,0.04874465811965812,0.0,0.9999999998798077,0.0,0.6826923076102533,0.8092798628368969,0.10241546115116085,-0.017854449568059726
0.9000000000000001,0.7000000000000002,103148.0078125,613.7581176757812,2.1838466494638795,0.0,0.9,0.4362980769230769,0.0,0.0,0.9999999997867803,0.048477564102564104,0.0,0.9999999998798077,0.0,0.6874999999173678,0.7950927378082799,0.06329417290868905,0.05441617744096361
1.0,0.7000000000000002,107084.96875,630.4328002929688,2.14892603981816,0.0,0.9,0.4375,0.0,0.0,0.9999999997863247,0.04861111111111111,0.0,0.9999999998798077,0.0,0.658653846074681,0.7917488212927734,0.0899326193151463,0.0899326193151463
-1.0,0.8,110091.9765625,643.182373046875,2.350796993219014,0.0,0.9,0.03365384615384615,0.0,0.0,0.9999999998756219,0.005495496778665603,0.0,0.9999999998798077,0.0,0.7608173076008633,0.9117325936445055,0.21998263613942223,0.21998263613942223
-0.9,0.8,106257.3515625,627.0040893554688,2.3911349589473527,0.0,0.9,0.009615384615384616,0.0,0.0,0.9999999998786409,0.0030969355299692576,0.0,0.9999999998798077,0.0,0.7596153845240847,0.9312281159105854,0.23077252042394286,0.23077252042394286
-0.8,0.8,102717.3828125,611.9879760742188,2.421868819166965,0.0,0.9,0.02403846153846154,0.0,0.0,0.9999999998768473,0.004611739261803667,0.0,0.9999999998798077,0.0,0.7584134614473061,0.9551637122603795,0.26558366505555464,0.26558366505555464
-0.7,0.8,99501.078125,598.265869140625,2.419860912928889,0.0,0.9,0.025240384615384616,0.0,0.0,0.9999999998766955,0.00475295413459121,0.0,0.9999999998798077,0.0,0.7668269229847564,0.9752578328699105,0.3101850175239004,0.3101850175239004
-0.6,0.8,96639.2890625,585.976806640625,2.412560572772737,0.0,0.9,0.026442307692307692,0.0,0.0,0.9999999998765432,0.005823798445932045,0.0,0.9999999998798077,0.0,0.7656249999079778,0.9927983106458516,0.34456096416102233,0.34456096416102233
-0.5,0.8,94161.125,575.261962890625,2.4341988009493725,0.0,0.9,0.02283653846153846,0.0,0.0,0.9999999998769988,0.002577669244335911,0.0,0.9999999998798077,0.0,0.7536057691401916,1.0179720271356043,0.3874248279233611,0.3874248279233611
-0.3999999999999999,0.8,92092.609375,566.2605590820312,2.4995894056392856,0.0,0.9,0.025240384615384616,0.0,0.0,0.9999999998766955,0.005276367972931747,0.0,0.9999999998798077,0.0,0.7163461537600546,1.0600362731402713,0.42905940778320373,0.42905940778320373
-0.29999999999999993,0.8,90460.9453125,559.1018676757812,2.6402678286587533,0.0,0.9,0.02283653846153846,0.0,0.0,0.9999999998769988,0.0034226392855523824,0.0,0.9999999998798077,0.0,0.7043269229922684,1.1204439880900157,0.4793654644330883,0.4793654644330883
-0.19999999999999996,0.8,89281.3671875,553.8986206054688,2.7044887334687018,0.0,0.9,0.03245192307692308,0.0,0.0,0.9999999998757765,0.009978384613020204,0.0,0.9999999998798077,0.0,0.6874999999173678,1.1356905364148946,0.47920912534099236,0.47920912534099236
-0.09999999999999998,0.8,88570.828125,550.7380981445312,2.7612812490066143,0.0,0.9,0.036057692307692304,0.0,0.0,0.9999999998753117,0.01205371914782348,0.0,0.9999999998798077,0.0,0.6538461537675666,1.1188814410927108,0.45006719023843206,0.45006719023843206
0.0,0.8,88334.8125,549.6761474609375,2.7305102505086203,0.0,0.9,0.036057692307692304,0.0,0.0,0.9999999998753117,0.01235016114444402,0.0,0.9999999998798077,0.0,0.6093749999267578,1.077516107054633,0.4030252081877158,0.4030252081877158
0.10000000000000009,0.8,88573.1015625,550.7318115234375,2.743393014932368,0.0,0.9,0.046875,0.0,0.0,0.9999999998738967,0.015621949136014827,0.0,0.9999999998798077,0.0,0.6141826922338723,1.0734261160983742,0.3770254354352012,0.3770254354352012
0.20000000000000018,0.8,89287.2734375,553.886474609375,2.7647854702356214,0.0,0.9,0.028846153846153848,0.0,0.0,0.9999999998762377,0.00829126326891463,0.0,0.9999999998798077,0.0,0.6093749999267578,1.0781181811450753,0.3877307720761792,0.3877307720761792
0.30000000000000004,0.8,90467.1640625,559.0838012695312,2.6858989619007905,0.0,0.9,0.03365384615384615,0.0,0.0,0.9999999998756219,0.009094884695635916,0.0,0.9999999998798077,0.0,0.6634615383817956,1.0417689003752326,0.3569752014175747,0.3569752014175747
0.40000000000000013,0.8,92100.8984375,566.2366943359375,2.6063042403521313,0.0,0.9,0.051682692307692304,0.0,0.0,0.9999999998732574,0.01094114386714552,0.0,0.9999999998798077,0.0,0.6766826922263602,0.9952648256554427,0.3068722552424272,0.3068722552424272
0.5,0.8,94169.7109375,575.2329711914062,2.5422930705306164,0.0,0.9,0.1201923076923077,0.0,0.0,0.9999999998633881,0.025345573493721643,0.0,0.9999999998798077,0.0,0.6730769229960244,0.9380414203576791,0.19680970856093521,0.19680970856093521
0.6000000000000001,0.8,96649.6640625,585.9426879882812,2.461871293277307,0.0,0.9,0.24759615384615385,0.0,0.0,0.9999999998402557,0.03727128257961878,0.0,0.9999999998798077,0.0,0.6790865383799175,0.8864967336386808,0.05471854088780064,0.05471854088780064
0.7000000000000002,0.8,99513.234375,598.227294921875,2.3798336616264018,0.0,0.9,0.43509615384615385,0.0,0.0,0.999999999787234,0.04851896528615467,0.0,0.9999999998798077,0.0,0.6778846153031389,0.8432942626454111,0.16521688308312082,-0.08038595258011945
0.8,0.8,102729.09375,611.9450073242188,2.2932812440969053,0.0,0.9,0.4362980769230769,0.0,0.0,0.9999999997867803,0.048477564102564104,0.0,0.9999999998798077,0.0,0.6862980768405892,0.8119706888752866,0.06734134177294698,-0.008313318014378977
0.9000000000000001,0.8,106269.515625,626.957275390625,2.2422795123232295,0.0,0.9,0.43509615384615385,0.0,0.0,0.999999999787234,0.048344017094017096,0.0,0.9999999998798077,0.0,0.6550480768443452,0.802648838728295,0.04939110528090237,0.04348565119518318
1.0,0.8,110102.265625,643.1319580078125,2.199246756435707,0.0,0.9,0.4338942307692308,0.0,0.0,0.9999999997876857,0.04821047008547009,0.0,0.9999999998798077,0.0,0.6574519229979024,0.7947223228720431,0.07572353138313388,0.07479693519752299
-1.0,0.9000000000000001,113417.203125,657.1759033203125,2.3476286304058145,0.0,0.9,0.05048076923076923,0.0,0.0,0.9999999998734178,0.012700572461528635,0.0,0.9999999998798077,0.0,0.762019230677642,0.8978592790580981,0.18907622987840558,0.18907622987840558
-0.9,0.9000000000000001,109692.2734375,641.5116577148438,2.3997352855660012,0.0,0.9,0.04326923076923077,0.0,0.0,0.9999999998743719,0.014706976570666743,0.0,0.9999999998798077,0.0,0.762019230677642,0.9237125956900726,0.18973313799721553,0.18973313799721553
-0.8,0.9000000000000001,106257.34375,627.0067749023438,2.445117748231948,0.0,0.9,0.03125,0.0,0.0,0.9999999998759306,0.009476090014064697,0.0,0.9999999998798077,0.0,0.7632211537544206,0.9547736638100258,0.25397430034979773,0.25397430034979773
-0.7,0.9000000000000001,103140.0546875,613.7840576171875,2.491984476580729,0.0,0.9,0.025240384615384616,0.0,0.0,0.9999999998766955,0.004711277882009589,0.0,0.9999999998798077,0.0,0.762019230677642,0.9898368574019346,0.3134419704731785,0.3134419704731785
-0.6,0.9000000000000001,100367.9453125,601.9701538085938,2.5312492285933335,0.0,0.9,0.020432692307692308,0.0,0.0,0.9999999998773007,0.00227303115389758,0.0,0.9999999998798077,0.0,0.762019230677642,1.0231860080911066,0.3687861065811111,0.3687861065811111
-0.5,0.9000000000000001,97968.71875,591.6936645507812,2.6019173201905175,0.0,0.9,0.020432692307692308,0.0,0.0,0.9999999998773007,0.00227303115389758,0.0,0.9999999998798077,0.0,0.7572115383705275,1.068387915460789,0.4265971291982524,0.4265971291982524
-0.3999999999999999,0.9000000000000001,95967.78125,583.078857421875,2.677061097019621,0.0,0.9,0.021634615384615384,0.0,0.0,0.9999999998771499,0.0024067388688327317,0.0,0.9999999998798077,0.0,0.6778846153031389,1.117420999557796,0.4753925817781569,0.4753925817781569
-0.29999999999999993,0.9000000000000001,94387.9140625,576.2402954101562,2.7827932620564226,0.0,0.9,0.02283653846153846,0.0,0.0,0.9999999998769988,0.002537393162393162,0.0,0.9999999998798077,0.0,0.6850961537638106,1.1629503929915617,0.5133382298053567,0.5133382298053567
-0.19999999999999996,0.9000000000000001,93247.578125,571.2767333984375,2.8838522212399833,0.0,0.9,0.021634615384615384,0.0,0.0,0.9999999998771499,0.0024096385542168672,0.0,0.9999999998798077,0.0,0.6814903845334748,1.1844326430494856,0.5233081756213408,0.5233081756213408
-0.09999999999999998,0.9000000000000001,92560.0703125,568.2645874023438,2.8687617741503,0.0,0.9,0.02283653846153846,0.0,0.0,0.9999999998769988,0.0035319730098846563,0.0,0.9999999998798077,0.0,0.6514423076140093,1.150144800318203,0.48409386914992664,0.48409386914992664
0.0,0.9000000000000001,92331.109375,567.2518920898438,2.858832960879226,0.0,0.9,0.026442307692307692,0.0,0.0,0.9999999998765432,0.004924806718171605,0.0,0.9999999998798077,0.0,0.6069711537732007,1.117701961987688,0.44040426603242927,0.44040426603242927
0.10000000000000009,0.9000000000000001,92563.265625,568.255126953125,2.8405146013516984,0.0,0.9,0.021634615384615384,0.0,0.0,0.9999999998771499,0.0033545536690190777,0.0,0.9999999998798077,0.0,0.599759615312529,1.1054835405885652,0.4250009215741276,0.4250009215741276
0.20000000000000018,0.9000000000000001,93254.796875,571.2581176757812,2.8015154292942794,0.0,0.9,0.02403846153846154,0.0,0.0,0.9999999998768473,0.003923326106579158,0.0,0.9999999998798077,0.0,0.6418269229997804,1.091573847407958,0.41781991476760705,0.41781991476760705
0.30000000000000004,0.9000000000000001,94396.8671875,576.2125854492188,2.7314047053110753,0.0,0.9,0.025240384615384616,0.0,0.0,0.9999999998766955,0.0033557345874472813,0.0,0.9999999998798077,0.0,0.6814903845334748,1.0694863390206473,0.4106738599637197,0.4106738599637197
0.40000000000000013,0.9000000000000001,95977.3203125,583.0426025390625,2.6838614000596808,0.0,0.9,0.04567307692307692,0.0,0.0,0.9999999998740554,0.00844133030721753,0.0,0.9999999998798077,0.0,0.6766826922263602,1.0258506166762467,0.36931289658531563,0.36931289658531563
0.5,0.9000000000000001,97979.3828125,591.6494140625,2.612964059830509,0.0,0.9,0.078125,0.0,0.0,0.999999999869622,0.016195792511581986,0.0,0.9999999998798077,0.0,0.6766826922263602,0.9694317317981203,0.292649633599357,0.292649633599357
0.6000000000000001,0.9000000000000001,100380.640625,601.9181518554688,2.525251497504028,0.0,0.9,0.18870192307692307,0.0,0.0,0.999999999851852,0.03136921642359957,0.0,0.9999999998798077,0.0,0.6766826922263602,0.9070671750325454,0.16656606056493492,0.14267478116925716
0.7000000000000002,0.9000000000000001,103153.84375,613.7249755859375,2.4541409927268885,0.0,0.9,0.375,0.0,0.0,0.9999999998076924,0.0429042904290429,0.0,0.9999999998798077,0.0,0.6838942306870319,0.8615225957556538,0.10958284277926143,-0.014831256022139028
0.8,0.9000000000000001,106272.046875,626.941162109375,2.364050865328224,0.0,0.9,0.4338942307692308,0.0,0.0,0.9999999997876857,0.04821047008547009,0.0,0.9999999998798077,0.0,0.6826923076102533,0.825547416430327,0.10711324038280912,-0.01563269313297557
0.9000000000000001,0.9000000000000001,109706.8515625,641.4401245117188,2.291224773828629,0.0,0.9,0.4375,0.0,0.0,0.9999999997863247,0.04861111111111111,0.0,0.9999999998798077,0.0,0.6538461537675666,0.8027845311892834,0.023179167750912593,0.023179167750912593
1.0,0.9000000000000001,113431.1796875,657.0992431640625,2.2369980548296526,0.0,0.9,0.43990384615384615,0.0,0.0,0.9999999997854077,0.04887820512820513,0.0,0.9999999998798077,0.0,0.6598557691514597,0.79531117028663,0.04624562394640343,0.043269681288182774
-1.0,1.0,117028.4765625,672.3226318359375,2.3683893681787622,0.0,0.9,0.06490384615384616,0.0,0.0,0.9999999998714654,0.013454705390189262,0.0,0.9999999998798077,0.0,0.762019230677642,0.8968676819743913,0.16816311038219925,0.16816311038219925
-0.9,1.0,113416.703125,657.1785888671875,2.429614158427641,0.0,0.9,0.09975961538461539,0.0,0.0,0.9999999998664887,0.013477366255144032,0.0,0.9999999998798077,0.0,0.7596153845240847,0.9269776306889417,0.15186123952090053,0.15040784970169663
-0.8,1.0,110090.1171875,643.1875,2.491143500899144,0.0,0.9,0.055288461538461536,0.0,0.0,0.9999999998727735,0.016137200343683676,0.0,0.9999999998798077,0.0,0.762019230677642,0.962372915924297,0.23147179377063026,0.23147179377063026
-0.7,1.0,107075.8359375,630.4627075195312,2.568740164730958,0.0,0.9,0.027644230769230768,0.0,0.0,0.9999999998763907,0.007432458252130385,0.0,0.9999999998798077,0.0,0.7608173076008633,1.0037228787361927,0.311475840163697,0.311475840163697
-0.6,1.0,104397.796875,619.1200561523438,2.632805418889731,0.0,0.9,0.020432692307692308,0.0,0.0,0.9999999998773007,0.0022812667740203974,0.0,0.9999999998798077,0.0,0.7596153845240847,1.0432377419297318,0.3751790941318055,0.3751790941318055
-0.5,1.0,102081.8984375,609.27490234375,2.7025816049292475,0.0,0.9,0.02283653846153846,0.0,0.0,0.9999999998769988,0.002537393162393162,0.0,0.9999999998798077,0.0,0.7536057691401916,1.0888576579308051,0.43536062853777063,0.43536062853777063
-0.3999999999999999,1.0,100152.9921875,601.0380249023438,2.804590368704971,0.0,0.9,0.02283653846153846,0.0,0.0,0.9999999998769988,0.002537393162393162,0.0,0.9999999998798077,0.0,0.6766826922263602,1.1489264902834955,0.49716671436551685,0.49716671436551685
-0.29999999999999993,1.0,98630.2890625,594.5107421875,2.9102936667540327,0.0,0.9,0.021634615384615384,0.0,0.0,0.9999999998771499,0.002403846153846154,0.0,0.9999999998798077,0.0,0.6754807691495817,1.195543806187148,0.5376022978451598,0.5368999709876096
-0.19999999999999996,1.0,97532.171875,589.779541015625,2.962570057601343,0.0,0.9,0.02283653846153846,0.0,0.0,0.9999999998769988,0.002537393162393162,0.0,0.9999999998798077,0.0,0.6778846153031389,1.1994613175049316,0.5335702616713976,0.5335702616713976
-0.09999999999999998,1.0,96869.7890625,586.910400390625,2.97105255042315,0.0,0.9,0.02283653846153846,0.0,0.0,0.9999999998769988,0.002537393162393162,0.0,0.9999999998798077,0.0,0.6634615383817956,1.1766091952960893,0.5050545629305245,0.5050545629305245
0.0,1.0,96649.0859375,585.9452514648438,2.9112787206158495,0.0,0.9,0.020432692307692308,0.0,0.0,0.9999999998773007,0.0022702991452991455,0.0,0.9999999998798077,0.0,0.637019230692666,1.1406590988704677,0.4675590385697058,0.4675590385697058
0.10000000000000009,1.0,96872.703125,586.898193359375,2.8561164196098394,0.0,0.9,0.02283653846153846,0.0,0.0,0.9999999998769988,0.0025435073627844713,0.0,0.9999999998798077,0.0,0.6466346153068949,1.1100090446086948,0.43705120367468525,0.43705120367468525
0.20000000000000018,1.0,97539.1796875,589.755126953125,2.813915506138404,0.0,0.9,0.021634615384615384,0.0,0.0,0.9999999998771499,0.002403846153846154,0.0,0.9999999998798077,0.0,0.6766826922263602,1.099287638057561,0.44017943997597825,0.44017943997597825
0.30000000000000004,1.0,98639.8359375,594.474609375,2.7817028638632344,0.0,0.9,0.02403846153846154,0.0,0.0,0.9999999998768473,0.002845696889018189,0.0,0.9999999998798077,0.0,0.6778846153031389,1.0832473583205442,0.4430341207245224,0.4430341207245224
0.40000000000000013,1.0,100163.96875,600.9906005859375,2.7254307060401533,0.0,0.9,0.028846153846153848,0.0,0.0,0.9999999998762377,0.0040862806656335165,0.0,0.9999999998798077,0.0,0.6802884614566961,1.0458289121478952,0.42546542857594133,0.42546542857594133
0.5,1.0,102094.96875,609.2167358398438,2.6630060834711204,0.0,0.9,0.04447115384615385,0.0,0.0,0.9999999998742138,0.00798769038335282,0.0,0.9999999998798077,0.0,0.6802884614566961,0.9918688144174798,0.3675190570104788,0.3675190570104788
0.6000000000000001,1.0,104412.8125,619.0517578125,2.5879815159306503,0.0,0.9,0.09254807692307693,0.0,0.0,0.9999999998675497,0.017314415234883276,0.0,0.9999999998798077,0.0,0.6850961537638106,0.9350146551714568,0.2708322717267687,0.2708322717267687
0.7000000000000002,1.0,107091.390625,630.385009765625,2.515290956222287,0.0,0.9,0.2848557692307692,0.0,0.0,0.9999999998319329,0.03539426523297491,0.0,0.9999999998798077,0.0,0.7067307691458257,0.8852369756587243,0.0701790246463318,0.0701790246463318
0.8,1.0,110105.9140625,643.1011352539062,2.423985921113429,0.0,0.9,0.4254807692307692,0.0,0.0,0.9999999997907949,0.047619047619047616,0.0,0.9999999998798077,0.0,0.6670673076121314,0.8450530576501707,0.13044280025443616,-0.02873148591031917
0.9000000000000001,1.0,113431.859375,657.084228515625,2.3569250292307413,0.0,0.9,0.4362980769230769,0.0,0.0,0.9999999997867803,0.048477564102564104,0.0,0.9999999998798077,0.0,0.6562499999211239,0.8193277012410327,0.05781388495205323,-0.0046360698475674915
1.0,1.0,117043.5703125,672.2210083007812,2.2998823392457126,0.0,0.9,0.4375,0.0,0.0,0.9999999997863247,0.04861111111111111,0.0,0.9999999998798077,0.0,0.6574519229979024,0.805148670725283,0.02455566876584451,0.0136341228875253
