-1.0,-1.0,23513.8046875,406.6540832519531,3.096302676229402,0.0,0.9,0.14488636363636365,0.0,0.0,0.9999999998338871,0.04970337215820315,0.0,0.9999999998579546,0.0,0.4758522726596801,1.0234770987978727,0.2649138597557631,0.2649138597557631
-0.9,-1.0,23003.015625,399.44921875,2.991253370488284,0.0,0.9,0.13352272727272727,0.0,0.0,0.9999999998360656,0.04356246846308173,0.0,0.9999999998579546,0.0,0.5383522726508022,1.0166899708496133,0.2704868149556862,0.26768559774924433
-0.8,-1.0,22532.01171875,392.7975769042969,2.8951748021228894,0.0,0.9,0.15625,0.0,0.0,0.9999999998316499,0.05928626936407757,0.0,0.9999999998579546,0.0,0.590909090825155,0.9891506349356487,0.227822115593034,0.227822115593034
-0.7,-1.0,22104.3046875,386.7533264160156,2.797788161072354,0.0,0.9,0.2002840909090909,0.0,0.0,0.9999999998223802,0.09375872600586252,0.0,0.9999999998579546,0.0,0.616477272639705,0.9561756394004792,0.18096350108662965,0.1758088259089323
-0.6,-1.0,21723.482421875,381.3722839355469,2.6830644363629,0.0,0.9,0.24857954545454544,0.0,0.0,0.9999999998109641,0.13695045176679313,0.0,0.9999999998579546,0.0,0.6207386362754633,0.9223512450058116,0.1408439212853219,0.11942060304716579
-0.5,-1.0,21392.52734375,376.70965576171875,2.5954755633826396,0.0,0.9,0.2727272727272727,0.0,0.0,0.9999999998046876,0.16681288361474983,0.0,0.9999999998579546,0.0,0.6335227271827383,0.8942309158801267,0.11331368693311551,0.0974272568014325
-0.3999999999999999,-1.0,21115.43359375,372.8181457519531,2.515052945941369,0.0,0.9,0.30823863636363635,0.0,0.0,0.9999999997946611,0.18426569041789342,0.0,0.9999999998579546,0.0,0.6803977271760799,0.8709047305753245,0.07372712514831098,0.06555769384646956
-0.29999999999999993,-1.0,20895.12109375,369.7457275390625,2.443108623142372,0.0,0.9,0.3053977272727273,0.0,0.0,0.999999999795501,0.18575212528865961,0.0,0.9999999998579546,0.0,0.6917613635381021,0.8470019708743558,0.07662338043567753,0.07662338043567753
-0.19999999999999996,-1.0,20735.0,367.5326843261719,2.351653814611541,0.0,0.9,0.3494318181818182,0.0,0.0,0.9999999997816593,0.2139490179549219,0.0,0.9999999998579546,0.0,0.7272727271694215,0.8167479899386241,0.05712390901925266,0.03541491684083108
-0.09999999999999998,-1.0,20636.6953125,366.20965576171875,2.30250737958081,0.0,0.9,0.390625,0.0,0.0,0.9999999997668997,0.2363714196456069,0.0,0.9999999998579546,0.0,0.749999999893466,0.7932864043718028,0.0757424339560054,-0.0015991841477365765
0.0,-1.0,20602.419921875,365.79534912109375,2.3101178197658356,0.0,0.9,0.40767045454545453,0.0,0.0,0.9999999997601918,0.23730943387591744,0.0,0.9999999998579546,0.0,0.7542613635292242,0.7891381420216491,0.08504345900741829,-0.00384983570441344
0.10000000000000009,-1.0,20635.466796875,366.2954406738281,2.2225709734783643,0.0,0.9,0.4446022727272727,0.0,0.0,0.9999999997442455,0.24871377166868328,0.0,0.9999999998579546,0.0,0.788352272615291,0.7636291511319755,0.1117467208295611,-0.03555558974966782
0.20000000000000018,-1.0,20730.986328125,367.70184326171875,2.2772092612194843,0.0,0.9,0.4588068181818182,1.0,0.0,0.9999999997375327,0.2610376914419508,1.0,0.9999999998579546,0.0014204545452527763,0.7727272726175104,0.7803927707453836,0.17884671884932105,-0.04753854008395677
0.30000000000000004,-1.0,20887.466796875,369.9940185546875,2.303049955238664,0.0,0.9,0.453125,0.0,0.0,0.9999999997402597,0.26155528042792026,0.0,0.9999999998579546,0.0,0.7471590908029604,0.7846387099414525,0.14653097091466824,-0.03534891038538367
0.40000000000000013,-1.0,21103.638671875,373.1396789550781,2.306463708283663,0.0,0.9,0.43892045454545453,0.0,0.0,0.9999999997468354,0.23178212577040258,0.0,0.9999999998579546,0.0,0.7201704544431576,0.7837000863479063,0.14663619851118811,-0.0321651531773321
0.5,-1.0,21377.146484375,377.0972900390625,2.377471100261349,0.0,0.9,0.40767045454545453,0.0,0.0,0.9999999997601918,0.21601423867095917,0.0,0.9999999998579546,0.0,0.6846590908118382,0.7974200704038383,0.11715578802844158,-0.008548019938808476
0.6000000000000001,-1.0,21703.96875,381.8183898925781,2.427177688901379,0.0,0.9,0.36363636363636365,1.0,0.0,0.9999999997767857,0.1988917880465502,1.0,0.9999999998579546,0.012784090907274987,0.6661931817235521,0.8139676355802533,0.10698819804306132,0.025195869888355565
0.7000000000000002,-1.0,22083.205078125,387.250244140625,2.4504791817273777,0.0,0.9,0.3125,1.0,0.0,0.9999999997933884,0.1575934790910426,1.0,0.9999999998579546,0.015624999997780541,0.6647727271782994,0.824890006302619,0.10733955850956839,0.06404993747873737
0.8,-1.0,22510.189453125,393.33770751953125,2.493946984767108,0.0,0.9,0.2883522727272727,0.9090909090909091,0.0,0.9980039918167656,0.13600791732590026,0.45454545454545453,0.9999999998579546,0.015624999997780541,0.6335227271827383,0.8362491192182905,0.1260560785010126,0.08304495700305
0.9000000000000001,-1.0,22980.986328125,400.0257873535156,2.5751926448103717,0.0,0.9,0.25,0.9230769230769231,0.0,0.9981060604170254,0.11214567517482549,0.46153846153846156,0.9999999998579546,0.018465909088286093,0.6264204544564744,0.8672147849094408,0.12187088833925115,0.11758511958018285
1.0,-1.0,23492.966796875,407.2608337402344,2.713305492010056,0.0,0.9,0.20738636363636365,0.9090909090909091,0.0,0.9982078851257693,0.09194362570733977,0.45454545454545453,0.9999999998579546,0.015624999997780541,0.5994318180966717,0.9203408364331964,0.16897138364311742,0.16897138364311742
-1.0,-0.9,23001.599609375,399.5450134277344,2.877667682669785,0.0,0.9,0.1534090909090909,0.0,0.0,0.9999999998322148,0.055422384221494675,0.0,0.9999999998579546,0.0,0.5838068180988911,0.9856684809243713,0.24034688209630822,0.24034688209630822
-0.9,-0.9,22475.65234375,392.0876770019531,2.7894377021361487,0.0,0.9,0.16193181818181818,0.0,0.0,0.9999999998305086,0.05801813713536643,0.0,0.9999999998579546,0.0,0.6249999999112216,0.9628162477340844,0.22253322732527434,0.22253322732527434
-0.8,-0.9,21990.021484375,385.1856994628906,2.6757347990754625,0.0,0.9,0.23863636363636365,0.0,0.0,0.9999999998134329,0.09956261522380819,0.0,0.9999999998579546,0.0,0.6292613635469799,0.9238522352787429,0.14161159511279894,0.14050953666703805
-0.7,-0.9,21547.814453125,378.8982849121094,2.568184374090225,0.0,0.9,0.30113636363636365,0.0,0.0,0.9999999997967479,0.15822381656187176,0.0,0.9999999998579546,0.0,0.6590909089972883,0.8830689281745866,0.08593895053824334,0.08422807912748526
-0.6,-0.9,21153.482421875,373.2864990234375,2.4180609526589074,0.0,0.9,0.3678977272727273,0.0,0.0,0.9999999997752809,0.220232810217217,0.0,0.9999999998579546,0.0,0.6874999999023438,0.8321949542966955,0.07680815266550213,0.027824768989594486
-0.5,-0.9,20810.3359375,368.41168212890625,2.3249131338132676,0.0,0.9,0.3963068181818182,0.0,0.0,0.9999999997647059,0.24838460952668331,0.0,0.9999999998579546,0.0,0.7230113635336632,0.799711283633668,0.08302457888835095,0.009354707736276616
-0.3999999999999999,-0.9,20522.462890625,364.333251953125,2.2136777113029367,0.0,0.9,0.39204545454545453,0.0,0.0,0.9999999997663551,0.24918781632974563,0.0,0.9999999998579546,0.0,0.7599431817102353,0.7671857472053719,0.0698413297449773,0.024956535594625316
-0.29999999999999993,-0.9,20293.869140625,361.10565185546875,2.1481073032513205,0.0,0.9,0.42613636363636365,0.0,0.0,0.9999999997524752,0.2779365761271243,0.0,0.9999999998579546,0.0,0.7869318180700381,0.7404092002505777,0.07059672608493867,0.00021917940838001504
-0.19999999999999996,-0.9,20127.005859375,358.77532958984375,2.107323724922795,0.0,0.9,0.4375,0.0,0.0,0.9999999997474747,0.2796977074364647,0.0,0.9999999998579546,0.0,0.8053977271583243,0.726206952393813,0.09655801755532825,-0.003596642304801353
-0.09999999999999998,-0.9,20024.87109375,357.377685546875,2.0632371064666324,0.0,0.9,0.4602272727272727,0.0,0.0,0.9999999997368421,0.29017191515369606,0.0,0.9999999998579546,0.0,0.8153409089750937,0.7044991148174379,0.06706610494525787,-0.016678358550767908
0.0,-0.9,19991.248046875,356.9344787597656,1.9977848239826792,0.0,0.9,0.5113636363636364,1.0,0.0,0.9999999997093023,0.33022678490611956,1.0,0.9999999998579546,0.0014204545452527763,0.8210227271561048,0.6815094226744407,0.09248432932270924,-0.06474717218926926
0.10000000000000009,-0.9,20024.015625,357.45245361328125,2.0091972060047847,0.0,0.9,0.5340909090909091,1.0,0.0,0.9999999996951219,0.3391556381061697,1.0,0.9999999998579546,0.0014204545452527763,0.8110795453393354,0.6813339567455924,0.12692735584159798,-0.08526428499985142
0.20000000000000018,-0.9,20122.853515625,358.9227600097656,2.000549753382176,0.0,0.9,0.5639204545454546,1.0,0.0,0.999999999674267,0.3606330821758481,1.0,0.9999999998579546,0.0028409090905055527,0.8082386362488297,0.6842499133332778,0.16994866454873717,-0.11746269541295147
0.30000000000000004,-0.9,20284.208984375,361.3212890625,2.008461771392607,0.0,0.9,0.546875,1.0,0.0,0.9999999996865203,0.33265823606576356,1.0,0.9999999998579546,0.0014204545452527763,0.8039772726130715,0.689414362514263,0.15175083164332195,-0.10431347887405078
0.40000000000000013,-0.9,20507.8203125,364.6112976074219,2.0713566028250363,0.0,0.9,0.5355113636363636,0.0,0.0,0.9999999996941895,0.3199065643870072,0.0,0.9999999998579546,0.0,0.7755681817080159,0.710142756922499,0.1773755017062838,-0.1089917213519328
0.5,-0.9,20791.626953125,368.7452087402344,2.137298586228804,0.0,0.9,0.4659090909090909,1.0,0.0,0.9999999997340425,0.25628523806948456,1.0,0.9999999998579546,0.012784090907274987,0.7571022726197298,0.7292972910900631,0.11094587967554238,-0.049948563111277995
0.6000000000000001,-0.9,21130.681640625,373.668212890625,2.17563557814408,0.0,0.9,0.43323863636363635,1.0,0.0,0.9999999997493734,0.23302877009883388,1.0,0.9999999998579546,0.015624999997780541,0.7286931817146743,0.7429726565986963,0.08318152808498963,-0.03081584892783631
0.7000000000000002,-0.9,21523.828125,379.32098388671875,2.264981747757257,0.0,0.9,0.37357954545454547,1.0,0.0,0.9999999997732426,0.18665186118856233,1.0,0.9999999998579546,0.015624999997780541,0.7130681817168938,0.7711772279576146,0.08726158273607204,0.015955756016634154
0.8,-0.9,21965.802734375,385.64251708984375,2.2968013944767103,0.0,0.9,0.34375,1.0,0.0,0.9999999997835497,0.16063463838469774,1.0,0.9999999998579546,0.017045454543033318,0.698863636264366,0.7883329840278516,0.08281575106830101,0.04695208279005162
0.9000000000000001,-0.9,22452.958984375,392.5722351074219,2.440292097795385,0.0,0.9,0.3068181818181818,1.0,0.0,0.9999999997950819,0.14305669243137056,1.0,0.9999999998579546,0.017045454543033318,0.6846590908118382,0.8427368670326902,0.10194399969365284,0.0817555453804554
1.0,-0.9,22981.953125,400.0522155761719,2.618386960067942,0.0,0.9,0.2372159090909091,1.0,0.0,0.9999999998137803,0.11134350195722818,1.0,0.9999999998579546,0.017045454543033318,0.6519886362710243,0.89622145626581,0.15385418847276267,0.15185621545169042
-1.0,-0.8,22529.78515625,392.9939880371094,2.6654302614827055,0.0,0.9,0.1747159090909091,0.0,0.0,0.999999999827883,0.07270314958425311,0.0,0.9999999998579546,0.0,0.6590909089972883,0.9413892606110041,0.20409555900034212,0.20356634995604597
-0.9,-0.8,21987.923828125,385.2876892089844,2.556991293810067,0.0,0.9,0.24005681818181818,0.0,0.0,0.9999999998130842,0.10432742287541567,0.0,0.9999999998579546,0.0,0.686079545357091,0.9066206823536898,0.14363464714128385,0.14363464714128385
-0.8,-0.8,21487.38671875,378.13714599609375,2.4323399712779885,0.0,0.9,0.33948863636363635,0.0,0.0,0.9999999997849461,0.18945697328906794,0.0,0.9999999998579546,0.0,0.7059659089906298,0.8575262212883722,0.10874623220935165,0.05066147330014091
-0.7,-0.8,21031.607421875,371.60626220703125,2.276475864002419,0.0,0.9,0.4161931818181818,0.0,0.0,0.999999999756691,0.25700460029024846,0.0,0.9999999998579546,0.0,0.7414772726219493,0.792761254964135,0.05457422723525174,-0.007848064722642177
-0.6,-0.8,20624.39453125,365.7615966796875,2.1581708971976696,0.0,0.9,0.4446022727272727,0.0,0.0,0.9999999997442455,0.2881606714262435,0.0,0.9999999998579546,0.0,0.7727272726175104,0.7476838940758861,0.046893949378289675,-0.013922044198929187
-0.5,-0.8,20269.697265625,360.67120361328125,2.0523971349361214,0.0,0.9,0.47017045454545453,0.0,0.0,0.9999999997319035,0.3091299733360252,0.0,0.9999999998579546,0.0,0.7968749998868075,0.7047828233008301,0.05790407214907799,-0.025179223129715732
-0.3999999999999999,-0.8,19971.916015625,356.4013977050781,1.9260580906467588,0.0,0.9,0.5028409090909091,0.0,0.0,0.9999999997142857,0.3406152177890863,0.0,0.9999999998579546,0.0,0.832386363518127,0.6617827934608832,0.07449047648085519,-0.043878924832346525
-0.29999999999999993,-0.8,19735.09765625,353.0138854980469,1.8324192379047148,0.0,0.9,0.5411931818181818,0.0,0.0,0.9999999996904024,0.3638402502192942,0.0,0.9999999998579546,0.0,0.8565340907874242,0.6257039754449657,0.07618182565148597,-0.06001305289318655
-0.19999999999999996,-0.8,19562.375,350.56182861328125,1.8300002755347655,0.0,0.9,0.5426136363636364,1.0,0.0,0.999999999689441,0.3702736779472652,1.0,0.9999999998579546,0.0014204545452527763,0.845170454425402,0.6187873356334193,0.050016008893190605,-0.0471214777091767
-0.09999999999999998,-0.8,19459.642578125,349.0861511230469,1.7965211054733545,0.0,0.9,0.5539772727272727,1.0,0.0,0.9999999996815286,0.38732614026959966,1.0,0.9999999998579546,0.0014204545452527763,0.8593749998779298,0.6106902454523438,0.06650286583511043,-0.05145178366538753
0.0,-0.8,19424.982421875,348.6123046875,1.749093061498668,0.0,0.9,0.5809659090909091,1.0,0.0,0.9999999996610168,0.3978803719649728,1.0,0.9999999998579546,0.0028409090905055527,0.8579545453326769,0.5915674381700364,0.09001412493534693,-0.0744719661209997
0.10000000000000009,-0.8,19458.208984375,349.1483459472656,1.718739212190206,0.0,0.9,0.6022727272727273,1.0,0.0,0.999999999642857,0.4041559257637061,1.0,0.9999999998579546,0.0028409090905055527,0.8650568180589409,0.5799039502786453,0.13676438840305544,-0.09357509615202768
0.20000000000000018,-0.8,19557.90625,350.6839599609375,1.7264353855280556,0.0,0.9,0.6178977272727273,1.0,0.0,0.9999999996282527,0.4194559120372138,1.0,0.9999999998579546,0.0028409090905055527,0.8565340907874242,0.5798508577299466,0.16468026620613116,-0.1189288756146331
0.30000000000000004,-0.8,19724.314453125,353.19189453125,1.7373843251854333,0.0,0.9,0.6292613636363636,1.0,0.0,0.9999999996168581,0.4180771314072734,1.0,0.9999999998579546,0.0042613636357583294,0.8522727271516658,0.5910755272696802,0.1743178413721685,-0.14730927401408808
0.40000000000000013,-0.8,19955.3203125,356.6295471191406,1.7962788613619813,0.0,0.9,0.6008522727272727,1.0,0.0,0.999999999644128,0.39172507869209433,1.0,0.9999999998579546,0.009943181816769436,0.845170454425402,0.6172925144069825,0.16008529602583357,-0.14338681353669594
0.5,-0.8,20248.083984375,360.94317626953125,1.8593985865357077,0.0,0.9,0.5582386363636364,1.0,0.0,0.9999999996784565,0.330792095321154,1.0,0.9999999998579546,0.01136363636202221,0.8210227271561048,0.6412850784371356,0.12183114173759539,-0.12028800705376778
0.6000000000000001,-0.8,20599.537109375,366.07073974609375,1.928363901727537,0.0,0.9,0.5042613636363636,1.0,0.0,0.999999999713467,0.27643431678973324,1.0,0.9999999998579546,0.015624999997780541,0.8167613635203465,0.6681510639523047,0.09340884652026828,-0.07876481928031101
0.7000000000000002,-0.8,21006.150390625,371.94610595703125,2.0211724075893676,0.0,0.9,0.44176136363636365,1.0,0.0,0.999999999745547,0.22658940901033756,1.0,0.9999999998579546,0.014204545452527764,0.7997159089773132,0.7089850760377862,0.062278433021505944,-0.0242014581498923
0.8,-0.8,21462.4609375,378.5016784667969,2.1685493228748602,0.0,0.9,0.3565340909090909,1.0,0.0,0.9999999997792494,0.16657014464949638,1.0,0.9999999998579546,0.015624999997780541,0.7599431817102353,0.7655464403978445,0.07965032663305872,0.05824305410234126
0.9000000000000001,-0.8,21964.955078125,385.67156982421875,2.2903861791294795,0.0,0.9,0.32954545454545453,1.0,0.0,0.9999999997881356,0.15462114452620213,1.0,0.9999999998579546,0.017045454543033318,0.7144886362621465,0.8140400124447964,0.09462506160920484,0.09267446682974687
1.0,-0.8,22509.935546875,393.3931579589844,2.462799808481106,0.0,0.9,0.3096590909090909,1.0,0.0,0.9999999997942386,0.15878167495221712,1.0,0.9999999998579546,0.015624999997780541,0.6803977271760799,0.8668099486196329,0.132049676765462,0.10426931951328405
-1.0,-0.7,22101.185546875,387.0541687011719,2.475133179791492,0.0,0.9,0.3096590909090909,0.0,0.0,0.9999999997942386,0.16921589125180533,0.0,0.9999999998579546,0.0,0.7286931817146743,0.8956031846097285,0.17912914574247493,0.08889888480274916
-0.9,-0.7,21544.37890625,379.1069030761719,2.337669329632638,0.0,0.9,0.34232954545454547,0.0,0.0,0.9999999997840172,0.18646982586575747,0.0,0.9999999998579546,0.0,0.742897727167202,0.8455999212700288,0.11637279907824227,0.06234382600509974
-0.8,-0.7,21029.29296875,371.71429443359375,2.187755759897855,0.0,0.9,0.4375,0.0,0.0,0.9999999997474747,0.2680966739929385,0.0,0.9999999998579546,0.0,0.768465908981752,0.7797744189007957,0.0880841544738507,-0.018787391473886014
-0.7,-0.7,20560.1171875,364.94439697265625,2.041089006855384,0.0,0.9,0.4815340909090909,0.0,0.0,0.9999999997260274,0.3182522889233186,0.0,0.9999999998579546,0.0,0.8025568180678186,0.7169232231702907,0.07911509941065896,-0.037712509416518256
-0.6,-0.7,20140.84375,358.8694152832031,1.8970148607673276,0.0,0.9,0.5227272727272727,0.0,0.0,0.9999999997023808,0.35897322685089067,0.0,0.9999999998579546,0.0,0.8181818180655992,0.6499736128490821,0.07077575644428756,-0.056965888404209006
-0.5,-0.7,19775.55078125,353.56390380859375,1.7722936924294157,0.0,0.9,0.5568181818181818,0.0,0.0,0.9999999996794872,0.3886856309179661,0.0,0.9999999998579546,0.0,0.8551136362421714,0.603201376879128,0.08970245774857649,-0.07210862121138076
-0.3999999999999999,-0.7,19469.34765625,349.1016845703125,1.6864326930622375,0.0,0.9,0.5923295454545454,0.0,0.0,0.9999999996515678,0.43204312372062226,0.0,0.9999999998579546,0.0,0.8664772726041936,0.5686503642771544,0.08442727415796732,-0.08442727415796732
-0.29999999999999993,-0.7,19225.630859375,345.55230712890625,1.5899592276729837,0.0,0.9,0.6278409090909091,1.0,0.0,0.9999999996183205,0.46507238473015905,1.0,0.9999999998579546,0.0014204545452527763,0.8835227271472269,0.5303206439762566,0.09605296727044504,-0.08917977637006375
-0.19999999999999996,-0.7,19049.787109375,342.9761962890625,1.5139263297213919,0.0,0.9,0.6491477272727273,1.0,0.0,0.9999999995951417,0.4912549810669712,1.0,0.9999999998579546,0.0014204545452527763,0.8991477271450075,0.5004717014767106,0.08856758843341411,-0.08856758843341411
-0.09999999999999998,-0.7,18944.150390625,341.42034912109375,1.48718309134202,0.0,0.9,0.6647727272727273,1.0,0.0,0.9999999995762712,0.501838035082589,1.0,0.9999999998579546,0.01988636363353887,0.9019886362355131,0.48773302452925205,0.09198621863055872,-0.09198621863055872
0.0,-0.7,18908.7734375,340.9144592285156,1.4447600276692072,0.0,0.9,0.6875,1.0,0.0,0.9999999995454546,0.5234482503615173,1.0,0.9999999998579546,0.04403409090283607,0.9446022725930963,0.47339224550662445,0.1096002361411107,-0.1096002361411107
0.10000000000000009,-0.7,18942.5625,341.46783447265625,1.433014141406803,0.0,0.9,0.6846590909090909,1.0,0.0,0.9999999995495495,0.5206967754288401,1.0,0.9999999998579546,0.05539772726485828,0.9460227271383491,0.47150200211886995,0.10969630753864786,-0.10838262490287469
0.20000000000000018,-0.7,19044.513671875,343.0692443847656,1.4264155388250777,0.0,0.9,0.6946022727272727,1.0,0.0,0.9999999995348837,0.5213077238615809,1.0,0.9999999998579546,0.05823863635536383,0.9502840907741075,0.47175045101823987,0.1306919660288424,-0.1306919660288424
0.30000000000000004,-0.7,19213.720703125,345.6871337890625,1.4632168441746967,0.0,0.9,0.6946022727272727,1.0,0.0,0.9999999995348837,0.5096351480634711,1.0,0.9999999998579546,0.06534090908162772,0.940340908957338,0.4896343352930205,0.15360213456456326,-0.15360213456456326
0.40000000000000013,-0.7,19451.35546875,349.2733459472656,1.494302259212065,0.0,0.9,0.6732954545454546,1.0,0.0,0.9999999995652175,0.47251443985913955,1.0,0.9999999998579546,0.062499999991122164,0.9332386362310741,0.5026275006947639,0.161840268899094,-0.161840268899094
0.5,-0.7,19752.833984375,353.76678466796875,1.5799576225566376,0.0,0.9,0.6335227272727273,1.0,0.0,0.999999999612403,0.40732568182337686,1.0,0.9999999998579546,0.06107954544586939,0.9034090907807658,0.5433761173459687,0.15163210277933795,-0.15163210277933795
0.6000000000000001,-0.7,20114.986328125,359.0978088378906,1.6949238406332496,0.0,0.9,0.5809659090909091,1.0,0.0,0.9999999996610168,0.35316352396666,1.0,0.9999999998579546,0.05539772726485828,0.8693181816946992,0.5937128959407689,0.1332761144474206,-0.12471066932188025
0.7000000000000002,-0.7,20534.51171875,365.1930236816406,1.8131283356822374,0.0,0.9,0.4943181818181818,1.0,0.0,0.999999999719101,0.27772517450449113,1.0,0.9999999998579546,0.015624999997780541,0.8423295453348965,0.6440958783905666,0.06301781851609066,-0.04912790243409893
0.8,-0.7,21004.79296875,371.97833251953125,1.9802629767638447,0.0,0.9,0.40625,1.0,0.0,0.9999999997607655,0.204697501507011,1.0,0.9999999998579546,0.015624999997780541,0.8039772726130715,0.7114996235705856,0.05669227318150901,0.032607444107167115
0.9000000000000001,-0.7,21522.021484375,379.3823547363281,2.125862481558294,0.0,0.9,0.37357954545454547,1.0,0.0,0.9999999997732426,0.1882914600505991,1.0,0.9999999998579546,0.015624999997780541,0.7741477271627631,0.7641234033562254,0.07286111108913466,0.0604523198189441
1.0,-0.7,22081.880859375,387.337646484375,2.317756328319691,0.0,0.9,0.328125,1.0,0.0,0.9999999997885834,0.165001973997802,1.0,0.9999999998579546,0.015624999997780541,0.7301136362599271,0.8292928703886234,0.10642528674573565,0.09492250043786955
-1.0,-0.6,21720.154296875,381.7794189453125,2.343518149138738,0.0,0.9,0.37073863636363635,0.0,0.0,0.9999999997742663,0.2205142170922576,0.0,0.9999999998579546,0.0,0.7769886362532687,0.8524709470120477,0.16642491190564723,0.05735233897415345
-0.9,-0.6,21149.615234375,373.6051025390625,2.1930440356551664,0.0,0.9,0.40198863636363635,0.0,0.0,0.9999999997624702,0.24830266818093158,0.0,0.9999999998579546,0.0,0.7656249998912464,0.7997380728240211,0.11794444855716678,0.030835620782984845
-0.8,-0.6,20620.783203125,365.9824523925781,2.01521235497992,0.0,0.9,0.4659090909090909,0.0,0.0,0.9999999997340425,0.3086535694831445,0.0,0.9999999998579546,0.0,0.8153409089750937,0.7268691053353022,0.06768317583319014,-0.020858464250190254
-0.7,-0.6,20139.091796875,358.9837341308594,1.8234751925724002,0.0,0.9,0.5326704545454546,0.0,0.0,0.9999999996960486,0.3694637878310895,0.0,0.9999999998579546,0.0,0.8522727271516658,0.6462700517960371,0.09716157195213121,-0.06435552820110482
-0.6,-0.6,19708.107421875,352.6863098144531,1.6572312832942189,0.0,0.9,0.6079545454545454,0.0,0.0,0.999999999637681,0.44714939405476495,0.0,0.9999999998579546,0.0,0.8735795453304575,0.569675413149177,0.11145484178792583,-0.10833516522549755
-0.5,-0.6,19333.494140625,347.17156982421875,1.501091726701834,0.0,0.9,0.6661931818181818,0.0,0.0,0.9999999995744681,0.503524980203834,0.0,0.9999999998579546,0.0,0.8948863635092491,0.5028659111898596,0.12779185257987027,-0.125349680366243
-0.3999999999999999,-0.6,19020.021484375,342.5207214355469,1.408491631187868,0.0,0.9,0.6974431818181818,1.0,0.0,0.9999999995305164,0.5446774562048579,1.0,0.9999999998579546,0.007102272726263882,0.9232954544143047,0.4614386625109774,0.12485241216993001,-0.1244638469895803
-0.29999999999999993,-0.6,18772.74609375,338.8113098144531,1.3324999579756696,0.0,0.9,0.7173295454545454,1.0,0.0,0.9999999994974874,0.5701788554417084,1.0,0.9999999998579546,0.018465909088286093,0.953124999864613,0.4251677887419509,0.10858744673750374,-0.10510253839827739
-0.19999999999999996,-0.6,18593.65625,336.1116027832031,1.259024814517427,0.0,0.9,0.7329545454545454,1.0,0.0,0.9999999994680852,0.5868911306594006,1.0,0.9999999998579546,0.0724431818078916,0.9687499998623935,0.39264332979773364,0.09782504091007777,-0.09280278011632653
-0.09999999999999998,-0.6,18485.439453125,334.4752197265625,1.1957566737795593,0.0,0.9,0.7684659090909091,1.0,0.0,0.9999999993865031,0.6286388274900437,1.0,0.9999999998579546,0.08522727271516659,0.9730113634981519,0.36448567233040996,0.11274639367443777,-0.11274639367443777
0.0,-0.6,18448.349609375,333.93646240234375,1.168321598875965,0.0,0.9,0.7784090909090909,1.0,0.0,0.9999999993589744,0.6444533486460725,1.0,0.9999999998579546,0.08806818180567214,0.9801136362244157,0.35616523055919036,0.11725423206576163,-0.11725423206576163
0.10000000000000009,-0.6,18482.697265625,334.5062561035156,1.1531504179419965,0.0,0.9,0.7670454545454546,1.0,0.0,0.999999999390244,0.6351035981504869,1.0,0.9999999998579546,0.08664772726041936,0.9829545453149213,0.3530275977833521,0.11658000778000965,-0.11388924842026674
0.20000000000000018,-0.6,18586.94140625,336.1718444824219,1.155110717155965,0.0,0.9,0.78125,1.0,0.0,0.9999999993506494,0.6350676547786143,1.0,0.9999999998579546,0.08522727271516659,0.9829545453149213,0.3543578773991132,0.14770103962332834,-0.14770103962332834
0.30000000000000004,-0.6,18760.38671875,338.8978576660156,1.1767428789667274,0.0,0.9,0.7855113636363636,1.0,0.0,0.9999999993377484,0.6368838925647358,1.0,0.9999999998579546,0.07670454544364992,0.9673295453171408,0.3638735699190753,0.1756028144196812,-0.1756028144196812
0.40000000000000013,-0.6,19002.01953125,342.62945556640625,1.2523970598460674,0.0,0.9,0.7386363636363636,1.0,0.0,0.9999999994565217,0.5546596035433263,1.0,0.9999999998579546,0.0724431818078916,0.9573863635003713,0.40028875219223786,0.16296799170056556,-0.16296799170056556
0.5,-0.6,19311.97265625,347.2981262207031,1.3451202226945635,0.0,0.9,0.703125,1.0,0.0,0.9999999995215312,0.5035568991411377,1.0,0.9999999998579546,0.06534090908162772,0.9446022725930963,0.44349969234671915,0.1639212877927807,-0.1639212877927807
0.6000000000000001,-0.6,19683.87890625,352.8265380859375,1.4810448641951466,0.0,0.9,0.6576704545454546,1.0,0.0,0.9999999995850622,0.4301540942301656,1.0,0.9999999998579546,0.06818181817213327,0.9204545453237991,0.5056943417374489,0.15926999228492644,-0.15926999228492644
0.7000000000000002,-0.6,20113.755859375,359.1335754394531,1.610678343868961,0.0,0.9,0.5553977272727273,1.0,0.0,0.9999999996805111,0.33789523039481734,1.0,0.9999999998579546,0.018465909088286093,0.8948863635092491,0.5734926311058982,0.10243291844623169,-0.08949221892411979
0.8,-0.6,20596.431640625,366.138671875,1.808743601308258,0.0,0.9,0.4588068181818182,1.0,0.0,0.9999999997375327,0.262385325630756,1.0,0.9999999998579546,0.015624999997780541,0.8636363635136881,0.6585664391524694,0.049711998053229574,-0.0026744826205655717
0.9000000000000001,-0.6,21126.998046875,373.764892578125,1.979529211081706,0.0,0.9,0.4147727272727273,1.0,0.0,0.9999999997572815,0.2318920856799497,1.0,0.9999999998579546,0.017045454543033318,0.8366477271538854,0.7287876093484277,0.06130351624089111,0.03254847156149052
1.0,-0.6,21700.654296875,381.94085693359375,2.201183624197281,0.0,0.9,0.3522727272727273,1.0,0.0,0.9999999997807018,0.19000311044380574,1.0,0.9999999998579546,0.017045454543033318,0.781249999889027,0.8108214268042185,0.08180672791074213,0.0792774031923935
-1.0,-0.5,21388.708984375,377.22320556640625,2.2436925944182464,0.0,0.9,0.4090909090909091,0.0,0.0,0.9999999997596153,0.2582945301880934,0.0,0.9999999998579546,0.0,0.7869318180700381,0.8120018859768052,0.13467789672770808,0.043716376472590676
-0.9,-0.5,20806.05078125,368.8414306640625,2.0314051920276754,0.0,0.9,0.4602272727272727,0.0,0.0,0.9999999997368421,0.2994967090666707,0.0,0.9999999998579546,0.0,0.8366477271538854,0.7390689183038681,0.06988864414215894,-0.005328492026542319
-0.8,-0.5,20265.814453125,361.00732421875,1.8334697209918946,0.0,0.9,0.5326704545454546,0.0,0.0,0.9999999996960486,0.3766189034142453,0.0,0.9999999998579546,0.0,0.8593749998779298,0.665742597935459,0.10516676253004215,-0.0682604832426897
-0.7,-0.5,19773.248046875,353.7965393066406,1.6022169119224012,0.0,0.9,0.6363636363636364,0.0,0.0,0.9999999996093749,0.47862851730972616,0.0,0.9999999998579546,0.0,0.896306818054502,0.5657687266782424,0.14591220630573654,-0.14298891974730904
-0.6,-0.5,19332.064453125,347.2916259765625,1.4383098406516235,0.0,0.9,0.6846590909090909,0.0,0.0,0.9999999995495495,0.5360068845287266,0.0,0.9999999998579546,0.0,0.9119318180522824,0.48531821449961604,0.14236248860390166,-0.14236248860390166
-0.5,-0.5,18949.267578125,341.579833984375,1.2744481230965032,0.0,0.9,0.7571022727272727,1.0,0.0,0.9999999994152047,0.6199539774631886,1.0,0.9999999998579546,0.005681818181011105,0.9588068180456241,0.40331865104051096,0.16462398181952279,-0.16405709708565994
-0.3999999999999999,-0.5,18630.892578125,336.7499694824219,1.186282147113566,0.0,0.9,0.7926136363636364,1.0,0.0,0.9999999993150686,0.6723489638635544,1.0,0.9999999998579546,0.009943181816769436,0.9687499998623935,0.36143129632055704,0.1503182757401005,-0.1503182757401005
-0.29999999999999993,-0.5,18379.798828125,332.8875427246094,1.0812273685823868,0.0,0.9,0.8025568181818182,1.0,0.0,0.9999999992805756,0.6746065801865048,1.0,0.9999999998579546,0.07528409089839715,0.9872159089506796,0.3129645201737687,0.12244440178176307,-0.11941627043565044
-0.19999999999999996,-0.5,18198.5078125,330.0686950683594,1.030233856068711,0.0,0.9,0.8181818181818182,1.0,0.0,0.99999999921875,0.6941615028642991,1.0,0.9999999998579546,0.11363636362022211,0.9886363634959324,0.2868210103386288,0.10999029112588858,-0.10864037519988892
-0.09999999999999998,-0.5,18087.634765625,328.35394287109375,0.9466623306911868,0.0,0.9,0.8607954545454546,1.0,0.0,0.9999999989795919,0.7557039212534076,1.0,0.9999999998579546,0.1264204545274971,0.9928977271316907,0.2457029771842642,0.1377917916618356,-0.1377917916618356
0.0,-0.5,18049.8515625,327.78228759765625,0.9182729475031856,0.0,0.9,0.875,1.0,0.0,0.9999999988636364,0.7820373523018463,1.0,0.9999999998579546,0.13494318179901377,0.9943181816769435,0.2299324448400097,0.14191177617115489,-0.14191177617115489
0.10000000000000009,-0.5,18084.36328125,328.3666687011719,0.9039434274946266,0.0,0.9,0.875,1.0,0.0,0.9999999988636364,0.7870473763158377,1.0,0.9999999998579546,0.13068181816325544,0.997159090767449,0.2242435706904061,0.14707343357201755,-0.14707343357201755
0.20000000000000018,-0.5,18190.205078125,330.0928955078125,0.9244530875521633,0.0,0.9,0.8664772727272727,1.0,0.0,0.9999999989361703,0.7778700093948239,1.0,0.9999999998579546,0.13210227270850822,0.997159090767449,0.23813943131633947,0.15472867784809158,-0.15472867784809158
0.30000000000000004,-0.5,18366.802734375,332.92120361328125,0.9685234610334704,0.0,0.9,0.8536931818181818,1.0,0.0,0.9999999990291263,0.7477770164005797,1.0,0.9999999998579546,0.10795454543921101,0.9943181816769435,0.26254634404207583,0.17070707388655978,-0.16964670896015535
0.40000000000000013,-0.5,18614.234375,336.79046630859375,1.047545596916622,0.0,0.9,0.8196022727272727,1.0,0.0,0.9999999992125985,0.6872228857045964,1.0,0.9999999998579546,0.08664772726041936,0.9829545453149213,0.30207908924135096,0.17362863317086372,-0.17362863317086372
0.5,-0.5,18929.306640625,341.62432861328125,1.1688172060741626,0.0,0.9,0.7670454545454546,1.0,0.0,0.999999999390244,0.5968803237700478,1.0,0.9999999998579546,0.07528409089839715,0.9772727271339102,0.36177655078932675,0.16363776340287536,-0.16363776340287536
0.6000000000000001,-0.5,19309.4921875,347.3376159667969,1.3048339313314825,0.0,0.9,0.7258522727272727,1.0,0.0,0.9999999994818654,0.520767938478538,1.0,0.9999999998579546,0.0724431818078916,0.9559659089551186,0.4259029941525432,0.173622328469073,-0.173622328469073
0.7000000000000002,-0.5,19748.669921875,353.84173583984375,1.474186331178523,0.0,0.9,0.6491477272727273,1.0,0.0,0.9999999995951417,0.44549302582328937,1.0,0.9999999998579546,0.03267045454081386,0.9360795453215797,0.5132075006115824,0.14476394882581414,-0.14476394882581414
0.8,-0.5,20242.640625,361.05010986328125,1.6581384009562048,0.0,0.9,0.5482954545454546,1.0,0.0,0.9999999996855345,0.3603610176671558,1.0,0.9999999998579546,0.017045454543033318,0.9062499998712713,0.603178219942753,0.09198100566821085,-0.06867554095344523
0.9000000000000001,-0.5,20784.890625,368.8805236816406,1.863670277992596,0.0,0.9,0.45170454545454547,1.0,0.0,0.9999999997409326,0.279451872668796,1.0,0.9999999998579546,0.017045454543033318,0.8607954544231825,0.6954919510112841,0.0847145013184177,0.008111818693672949
1.0,-0.5,21370.482421875,377.2577209472656,2.0649976976107944,0.0,0.9,0.4005681818181818,1.0,0.0,0.9999999997630331,0.24083809702318232,1.0,0.9999999998579546,0.017045454543033318,0.8139204544298408,0.774644740826309,0.1167745045909862,0.04227756053425854
-1.0,-0.3999999999999999,21111.521484375,373.43603515625,2.137034570166474,0.0,0.9,0.43892045454545453,0.0,0.0,0.9999999997468354,0.29476736875449355,0.0,0.9999999998579546,0.0,0.8011363635225659,0.7630462458650543,0.08104675904182843,0.03394483575616791
-0.9,-0.3999999999999999,20518.119140625,364.87310791015625,1.9353691163550153,0.0,0.9,0.48863636363636365,0.0,0.0,0.9999999997222222,0.33598417842992706,0.0,0.9999999998579546,0.0,0.8494318180611603,0.6915965552536977,0.06739726331238315,-0.009540798794412282
-0.8,-0.3999999999999999,19967.9375,356.85284423828125,1.67283554073598,0.0,0.9,0.5710227272727273,0.0,0.0,0.9999999996688741,0.4068629707414318,0.0,0.9999999998579546,0.0,0.9204545453237991,0.6008866021909616,0.0815557109134202,-0.0795233235130959
-0.7,-0.3999999999999999,19466.267578125,349.4542541503906,1.444113479837394,0.0,0.9,0.6775568181818182,0.0,0.0,0.9999999995594714,0.5320247141648262,0.0,0.9999999998579546,0.0,0.9389204544120852,0.5022267967808405,0.15497722084501733,-0.15492835084173828
-0.6,-0.3999999999999999,19017.970703125,342.7640075683594,1.2360720088601942,0.0,0.9,0.7713068181818182,1.0,0.0,0.9999999993788821,0.636624720844191,1.0,0.9999999998579546,0.0042613636357583294,0.9687499998623935,0.39598954625889154,0.19065623403294968,-0.18959852138610625
-0.5,-0.3999999999999999,18630.041015625,336.875,1.0836603380437313,0.0,0.9,0.8224431818181818,1.0,0.0,0.9999999992,0.708648274634386,1.0,0.9999999998579546,0.01136363636202221,0.9829545453149213,0.31465458228738385,0.1685010138091874,-0.1685010138091874
-0.3999999999999999,-0.3999999999999999,18307.244140625,331.8829040527344,0.9883494612402525,0.0,0.9,0.8451704545454546,1.0,0.0,0.9999999990825689,0.7458815284844424,1.0,0.9999999998579546,0.0482954545385944,0.9914772725864379,0.2615430664872319,0.14013128027716026,-0.14013128027716026
-0.29999999999999993,-0.3999999999999999,18052.283203125,327.8805236816406,0.9077780380953506,0.0,0.9,0.8721590909090909,1.0,0.0,0.9999999988888889,0.7787350856768356,1.0,0.9999999998579546,0.1264204545274971,0.997159090767449,0.21915237439399998,0.12875401091820768,-0.12875401091820768
-0.19999999999999996,-0.3999999999999999,17869.109375,324.9517822265625,0.8464188932285783,0.0,0.9,0.8977272727272727,1.0,0.0,0.9999999986111112,0.8146765848054797,1.0,0.9999999998579546,0.18465909088286092,0.997159090767449,0.18443440971769154,0.126400544850266,-0.126400544850266
-0.09999999999999998,-0.3999999999999999,17757.724609375,323.16400146484375,0.802289521986688,0.0,0.9,0.9161931818181818,0.9943820224719101,0.0,0.9830508457914392,0.8440785630694815,0.9818681318681317,0.9999999998579546,0.2528409090549942,0.9957386362221963,0.15891416837761355,0.1247258402573134,-0.1247258402573134
0.0,-0.3999999999999999,17718.068359375,322.560791015625,0.7564129598083802,0.0,0.9,0.9332386363636364,0.9946524064171123,0.0,0.9787234021729289,0.8740030816217178,0.98989898989899,0.9999999998579546,0.2656249999622692,0.9999999998579546,0.13436741093203544,0.12996298869964604,-0.12996298869964604
0.10000000000000009,-0.3999999999999999,17752.046875,323.1571350097656,0.7575861363464127,0.0,0.9,0.9247159090909091,1.0,0.0,0.9999999981132075,0.8610513824547407,1.0,0.9999999998579546,0.2343749999667081,0.9985795453127018,0.13701755206672026,0.1305627934104234,-0.1305627934104234
0.20000000000000018,-0.3999999999999999,17859.380859375,324.9375305175781,0.7701654093258862,0.0,0.9,0.9176136363636364,1.0,0.0,0.9999999982758621,0.8563434496136527,1.0,0.9999999998579546,0.20738636360690535,0.9999999998579546,0.14719026558336654,0.14388414767571298,-0.14388414767571298
0.30000000000000004,-0.3999999999999999,18039.322265625,327.8580322265625,0.8280652035948207,0.0,0.9,0.8948863636363636,1.0,0.0,0.9999999986486487,0.8153762987473755,1.0,0.9999999998579546,0.1803977272471026,0.997159090767449,0.18117745845799946,0.14585307300552078,-0.14585307300552078
0.40000000000000013,-0.3999999999999999,18291.330078125,331.85125732421875,0.9238806662233605,0.0,0.9,0.8522727272727273,1.0,0.0,0.9999999990384616,0.7399031230340014,1.0,0.9999999998579546,0.14772727270628874,0.9914772725864379,0.23607004530409983,0.15373694384387399,-0.15217520568415352
0.5,-0.3999999999999999,18611.6640625,336.8334045410156,1.0404542264852061,0.0,0.9,0.8238636363636364,1.0,0.0,0.9999999991935484,0.6873795971340617,1.0,0.9999999998579546,0.0965909090771888,0.9900568180411852,0.2984942583979808,0.1670926495135081,-0.1665402440502628
0.6000000000000001,-0.3999999999999999,18996.24609375,342.711669921875,1.1917006319255077,0.0,0.9,0.7599431818181818,1.0,0.0,0.9999999994082841,0.5830585713395691,1.0,0.9999999998579546,0.0781249999889027,0.9758522725886574,0.3782926159426346,0.15497639923850778,-0.15497639923850778
0.7000000000000002,-0.3999999999999999,19444.150390625,349.3909606933594,1.3593905390355865,0.0,0.9,0.7002840909090909,1.0,0.0,0.9999999995260663,0.5038222473430491,1.0,0.9999999998579546,0.017045454543033318,0.9630681816813824,0.4610776960343687,0.15354771345533214,-0.15354771345533214
0.8,-0.3999999999999999,19946.630859375,356.7787780761719,1.561448451499095,0.0,0.9,0.59375,1.0,0.0,0.9999999996503496,0.41630092825279164,1.0,0.9999999998579546,0.012784090907274987,0.9261363635048102,0.5579221250193145,0.10331381338176947,-0.09372961107455477
0.9000000000000001,-0.3999999999999999,20498.263671875,364.788330078125,1.7671591424681867,0.0,0.9,0.5113636363636364,1.0,0.0,0.9999999997093023,0.3410401897003544,1.0,0.9999999998579546,0.014204545452527764,0.8877840907829853,0.6560410227144609,0.12304010728159363,-0.03597338215454138
1.0,-0.3999999999999999,21093.48046875,373.3411560058594,1.9849485737074988,0.0,0.9,0.43892045454545453,1.0,0.0,0.9999999997468354,0.28219803140852545,1.0,0.9999999998579546,0.005681818181011105,0.8480113635159076,0.7447022688220342,0.12477570343004506,0.011503651268595599
-1.0,-0.29999999999999993,20891.873046875,370.46380615234375,2.0334504874643207,0.0,0.9,0.4616477272727273,0.0,0.0,0.9999999997361477,0.30236196086518785,0.0,0.9999999998579546,0.0,0.8096590907940826,0.7039559080343483,0.0770633850257451,0.011276418617892863
-0.9,-0.29999999999999993,20289.00390625,361.751953125,1.8096075218589869,0.0,0.9,0.5553977272727273,0.0,0.0,0.9999999996805111,0.38373671999658415,0.0,0.9999999998579546,0.0,0.8565340907874242,0.6277096285199489,0.08848786209823283,-0.06568004674755568
-0.8,-0.29999999999999993,19730.677734375,353.5780334472656,1.5838865656347672,0.0,0.9,0.6051136363636364,0.0,0.0,0.9999999996402877,0.4215241586551955,0.0,0.9999999998579546,0.0,0.9176136362332936,0.5460793706296785,0.10219256281086707,-0.09225115991462515
-0.7,-0.29999999999999993,19222.337890625,346.02313232421875,1.303871077908534,0.0,0.9,0.7528409090909091,1.0,0.0,0.9999999994252874,0.6052573939781813,1.0,0.9999999998579546,0.007102272726263882,0.9659090907718879,0.4265853396183647,0.1905562028617824,-0.1905562028617824
-0.6,-0.29999999999999993,18770.5078125,339.1777038574219,1.0856169580255692,0.0,0.9,0.8224431818181818,1.0,0.0,0.9999999992,0.7127048655565703,1.0,0.9999999998579546,0.012784090907274987,0.978693181679163,0.3170711338168274,0.19140390364291132,-0.18861302699531968
-0.5,-0.29999999999999993,18378.931640625,333.1393737792969,0.9347757341195593,0.0,0.9,0.8650568181818182,1.0,0.0,0.9999999989473685,0.771834027227218,1.0,0.9999999998579546,0.036931818176572186,0.9900568180411852,0.232266555986858,0.1629809282062318,-0.16180224473727833
-0.3999999999999999,-0.29999999999999993,18052.1640625,328.0093078613281,0.8554884334300247,0.0,0.9,0.890625,1.0,0.0,0.9999999987012987,0.8102628354075141,1.0,0.9999999998579546,0.08806818180567214,0.9957386362221963,0.18687172628286927,0.13914202760671823,-0.1376602941844605
-0.29999999999999993,-0.29999999999999993,17794.59375,323.8869934082031,0.787928070144632,0.0,0.9,0.9204545454545454,0.9866666666666667,0.0,0.9642857125637755,0.8536461424589555,0.9640517241379312,0.9999999998579546,0.21306818178791645,0.9985795453127018,0.1485950603766136,0.13012614427840632,-0.12958901191119543
-0.19999999999999996,-0.29999999999999993,17609.685546875,320.8632507324219,0.7341440253274588,0.0,0.9,0.9375,1.0,0.0,0.9999999977272727,0.880950955131759,1.0,0.9999999998579546,0.30965909086510524,0.9999999998579546,0.11893253345548781,0.11719771817240557,-0.11719771817240557
-0.09999999999999998,-0.29999999999999993,17496.921875,319.0113525390625,0.6979100694932786,0.0,0.9,0.9460227272727273,1.0,0.0,0.999999997368421,0.8935768095565654,1.0,0.9999999998579546,0.41193181812330515,0.9999999998579546,0.09706488647534703,0.10599248748794893,-0.10582090037857994
0.0,-0.29999999999999993,17456.775390625,318.37945556640625,0.6724942482154038,0.0,0.9,0.9573863636363636,1.0,0.0,0.9999999966666666,0.9195687907793054,1.0,0.9999999998579546,0.4147727272138107,0.9999999998579546,0.08104221585068067,0.11200106782985078,-0.11200106782985078
0.10000000000000009,-0.29999999999999993,17490.611328125,318.9842224121094,0.6606075541089038,0.0,0.9,0.9616477272727273,1.0,0.0,0.9999999962962962,0.9231379560186721,1.0,0.9999999998579546,0.374999999946733,0.9999999998579546,0.0736061847521859,0.11928049012010983,-0.11928049012010983
0.20000000000000018,-0.29999999999999993,17599.04296875,320.8093566894531,0.6826572410339182,0.0,0.9,0.9488636363636364,1.0,0.0,0.9999999972222222,0.9047122060935676,1.0,0.9999999998579546,0.3025568181388414,0.9999999998579546,0.08923016598331439,0.12758643166911904,-0.12675190348056553
0.30000000000000004,-0.29999999999999993,17781.103515625,323.8069763183594,0.7357542176984075,0.0,0.9,0.921875,1.0,0.0,0.9999999981818182,0.8589129016343918,1.0,0.9999999998579546,0.254261363600247,0.9999999998579546,0.12524412620410272,0.1323721290914584,-0.12961365594908433
0.40000000000000013,-0.29999999999999993,18035.51953125,327.9039001464844,0.8175540708865463,0.0,0.9,0.8977272727272727,1.0,0.0,0.9999999986111112,0.8130408844227497,1.0,0.9999999998579546,0.19602272724488315,0.9985795453127018,0.1744449747578433,0.1447353723785711,-0.1425869202746046
0.5,-0.29999999999999993,18359.59375,333.010009765625,0.9392318369271022,0.0,0.9,0.8451704545454546,1.0,0.0,0.9999999990825689,0.728418624368281,1.0,0.9999999998579546,0.12499999998224433,0.9943181816769435,0.2446614260594756,0.14037729453686065,-0.14037729453686065
0.6000000000000001,-0.29999999999999993,18749.740234375,339.0259094238281,1.0995100419918422,0.0,0.9,0.8025568181818182,1.0,0.0,0.9999999992805756,0.6552526389617751,1.0,0.9999999998579546,0.08522727271516659,0.9872159089506796,0.33195169537355257,0.15634824843995507,-0.15634824843995507
0.7000000000000002,-0.29999999999999993,19201.31640625,345.8504943847656,1.2889468119226049,0.0,0.9,0.7272727272727273,1.0,0.0,0.9999999994791667,0.5426173576682096,1.0,0.9999999998579546,0.017045454543033318,0.9630681816813824,0.42701505667598316,0.1446686288720476,-0.1446686288720476
0.8,-0.29999999999999993,19711.044921875,353.3862609863281,1.4810302989875377,0.0,0.9,0.6477272727272727,1.0,0.0,0.9999999995967742,0.47042044237471675,1.0,0.9999999998579546,0.007102272726263882,0.9417613635025908,0.520480959790167,0.12246782348174584,-0.12246782348174584
0.9000000000000001,-0.29999999999999993,20270.0390625,361.5429992675781,1.729463583222528,0.0,0.9,0.5355113636363636,1.0,0.0,0.9999999996941895,0.38866305585769667,1.0,0.9999999998579546,0.0028409090905055527,0.8977272725997547,0.6323110761420326,0.10798151008137391,-0.05418277906071312
1.0,-0.29999999999999993,20872.958984375,370.2393798828125,1.9287507141941964,0.0,0.9,0.43892045454545453,1.0,0.0,0.9999999997468354,0.2958048405619755,1.0,0.9999999998579546,0.0028409090905055527,0.8636363635136881,0.7200125572906051,0.12611967104486582,0.020932625489222725
-1.0,-0.19999999999999996,20730.7578125,368.34490966796875,1.9301475544504132,0.0,0.9,0.53125,0.0,0.0,0.9999999996969696,0.35564623285674163,0.0,0.9999999998579546,0.0,0.8267045453371159,0.6486610699853326,0.0811801581081564,-0.0580550806978766
-0.9,-0.19999999999999996,20121.47265625,359.52227783203125,1.7353890217894878,0.0,0.9,0.5752840909090909,1.0,0.0,0.9999999996655518,0.384937075932793,1.0,0.9999999998579546,0.0028409090905055527,0.8579545453326769,0.5768830810419755,0.09991652492426129,-0.06770222402633294
-0.8,-0.19999999999999996,19557.09765625,351.233154296875,1.5029925729924816,0.0,0.9,0.6491477272727273,1.0,0.0,0.9999999995951417,0.4656442921741308,1.0,0.9999999998579546,0.008522727271516659,0.9161931816880408,0.48665030740864607,0.11843850803688905,-0.10440472389383887
-0.7,-0.19999999999999996,19045.03515625,343.56072998046875,1.270961825780868,0.0,0.9,0.7329545454545454,1.0,0.0,0.9999999994680852,0.5727456089995567,1.0,0.9999999998579546,0.01136363636202221,0.9460227271383491,0.3871186231196752,0.1411720565622471,-0.1275932864900108
-0.6,-0.19999999999999996,18589.181640625,336.5978088378906,1.050642822207721,0.0,0.9,0.8338068181818182,1.0,0.0,0.9999999991452992,0.7177623643824371,1.0,0.9999999998579546,0.04261363635758329,0.9772727271339102,0.28866873335286275,0.1685658961555234,-0.1685658961555234
-0.5,-0.19999999999999996,18195.33203125,330.4454650878906,0.8792313961814453,0.0,0.9,0.890625,1.0,0.0,0.9999999987012987,0.8041342115862918,1.0,0.9999999998579546,0.08380681816991381,0.9900568180411852,0.19940445726285397,0.1650598048998041,-0.1650598048998041
-0.3999999999999999,-0.19999999999999996,17867.048828125,325.20916748046875,0.7720924762413923,0.0,0.9,0.9247159090909091,1.0,0.0,0.9999999981132075,0.8596204644468799,1.0,0.9999999998579546,0.18181818179235537,0.9985795453127018,0.13718850540589075,0.14434892048418613,-0.1427107736023397
-0.29999999999999993,-0.19999999999999996,17607.37109375,320.993896484375,0.720345669396685,0.0,0.9,0.9431818181818182,1.0,0.0,0.9999999975,0.8893203714465633,1.0,0.9999999998579546,0.26846590905277473,0.9985795453127018,0.10768312789363434,0.12320865100335862,-0.12175939347497483
-0.19999999999999996,-0.19999999999999996,17421.638671875,317.8955383300781,0.6699716604621523,0.0,0.9,0.9573863636363636,1.0,0.0,0.9999999966666666,0.9176028366094919,1.0,0.9999999998579546,0.40056818176128295,0.9999999998579546,0.07799404554431034,0.10651590962206031,-0.10569850134202172
-0.09999999999999998,-0.19999999999999996,17308.798828125,315.9924621582031,0.6365588303697732,0.0,0.9,0.9744318181818182,1.0,0.0,0.9999999944444444,0.9476601587130057,1.0,0.9999999998579546,0.5454545453770662,0.9999999998579546,0.05532321372509394,0.10843981521130903,-0.10738772890579244
0.0,-0.19999999999999996,17268.166015625,315.3363037109375,0.6302464384524494,0.0,0.9,0.9715909090909091,1.0,0.0,0.9999999949999999,0.9422308500842986,1.0,0.9999999998579546,0.5894886362799022,0.9999999998579546,0.05149372011874757,0.10111490124774314,-0.09781239834106727
0.10000000000000009,-0.19999999999999996,17302.296875,315.9454345703125,0.6250885234706808,0.0,0.9,0.9772727272727273,1.0,0.0,0.9999999937499999,0.9531244620588882,1.0,0.9999999998579546,0.5355113635602967,0.9999999998579546,0.04790094749031268,0.11040755441418952,-0.10591492285491258
0.20000000000000018,-0.19999999999999996,17411.279296875,317.8025817871094,0.6324892094940445,0.0,0.9,0.9829545454545454,1.0,0.0,0.9999999916666668,0.9619348518555971,1.0,0.9999999998579546,0.3920454544897663,0.9999999998579546,0.052734475591135005,0.12700904231623128,-0.1261893259650869
0.30000000000000004,-0.19999999999999996,17594.533203125,320.8570251464844,0.6729463169302909,0.0,0.9,0.9616477272727273,1.0,0.0,0.9999999962962962,0.9269998478553393,1.0,0.9999999998579546,0.3025568181388414,0.9999999998579546,0.08084055914277126,0.13325545563890914,-0.13325545563890914
0.40000000000000013,-0.19999999999999996,17850.455078125,325.03125,0.7511414167002863,0.0,0.9,0.9247159090909091,1.0,0.0,0.9999999981132075,0.8587151573113369,1.0,0.9999999998579546,0.22017045451418035,0.9999999998579546,0.13276520011043452,0.14493074002378592,-0.14029932364127662
0.5,-0.19999999999999996,18176.97265625,330.229736328125,0.8703961347434608,0.0,0.9,0.8664772727272727,1.0,0.0,0.9999999989361703,0.7666867129820475,1.0,0.9999999998579546,0.14062499998002487,0.9957386362221963,0.20726492724045262,0.13592699601746688,-0.13554450097654708
0.6000000000000001,-0.19999999999999996,18570.783203125,336.3480224609375,1.0113886340269795,0.0,0.9,0.8295454545454546,1.0,0.0,0.9999999991666667,0.700111764728441,1.0,0.9999999998579546,0.0482954545385944,0.9928977271316907,0.28852089621898097,0.1524403699177547,-0.1524403699177547
0.7000000000000002,-0.19999999999999996,19027.0234375,343.28057861328125,1.2107081519948828,0.0,0.9,0.7613636363636364,1.0,0.0,0.9999999994047619,0.5896785444619618,1.0,0.9999999998579546,0.012784090907274987,0.9730113634981519,0.3872881500333522,0.15117390607965883,-0.14959828211247989
0.8,-0.19999999999999996,19539.98828125,350.926025390625,1.4095753194804899,0.0,0.9,0.6931818181818182,1.0,0.0,0.9999999995370371,0.5224523625943912,1.0,0.9999999998579546,0.0028409090905055527,0.9517045453193602,0.4853049522019285,0.1546778407994953,-0.1452054207435127
0.9000000000000001,-0.19999999999999996,20105.357421875,359.1913757324219,1.6739056608441327,0.0,0.9,0.5880681818181818,1.0,0.0,0.9999999996551724,0.4322666295845084,1.0,0.9999999998579546,0.0028409090905055527,0.9119318180522824,0.6071056103809634,0.0954428705570737,-0.08986252634117678
1.0,-0.19999999999999996,20714.923828125,367.993408203125,1.9007950740022825,0.0,0.9,0.4602272727272727,1.0,0.0,0.9999999997368421,0.3221903258109516,1.0,0.9999999998579546,0.0028409090905055527,0.870738636239952,0.7093673925071976,0.11285685017689474,0.003454320978992903
-1.0,-0.09999999999999998,20631.6015625,367.1085510253906,1.874741244612532,0.0,0.9,0.5696022727272727,1.0,0.0,0.9999999996699669,0.37670752429560284,1.0,0.9999999998579546,0.0042613636357583294,0.8224431817013576,0.6107247585890561,0.10464045672850628,-0.09101187290823069
-0.9,-0.09999999999999998,20018.482421875,358.21746826171875,1.6767261959580955,0.0,0.9,0.6036931818181818,1.0,0.0,0.9999999996415769,0.4055677275099523,1.0,0.9999999998579546,0.005681818181011105,0.8536931816969187,0.5393010573406172,0.13968289947296994,-0.08143468384501533
-0.8,-0.09999999999999998,19451.638671875,349.8570861816406,1.4739814645976883,0.0,0.9,0.6775568181818182,1.0,0.0,0.9999999995594714,0.5011014226118704,1.0,0.9999999998579546,0.014204545452527764,0.8906249998734909,0.4579877319393708,0.1168541109038655,-0.10305294009859617
-0.7,-0.09999999999999998,18935.88671875,342.111328125,1.2579078559961148,0.0,0.9,0.7556818181818182,1.0,0.0,0.9999999994186047,0.6071369935721596,1.0,0.9999999998579546,0.012784090907274987,0.927556818050063,0.3655131631113682,0.131899483583245,-0.12448431452932908
-0.6,-0.09999999999999998,18477.02734375,335.0746154785156,1.0465877123535612,0.0,0.9,0.8110795454545454,1.0,0.0,0.9999999992481203,0.6869416532079007,1.0,0.9999999998579546,0.06107954544586939,0.971590908952899,0.2786607548475409,0.14346791219215352,-0.12429362468985634
-0.5,-0.09999999999999998,18081.7421875,328.8500671386719,0.8650556453178009,0.0,0.9,0.8849431818181818,1.0,0.0,0.9999999987654322,0.7912259886885618,1.0,0.9999999998579546,0.13778409088951932,0.9928977271316907,0.19214039114930548,0.145015991213535,-0.145015991213535
-0.3999999999999999,-0.09999999999999998,17752.115234375,323.5460205078125,0.7474811713583616,0.0,0.9,0.9360795454545454,1.0,0.0,0.9999999977777777,0.8739146272467707,1.0,0.9999999998579546,0.24573863632873033,0.9957386362221963,0.12343396440440962,0.14392806339450384,-0.14291065494167154
-0.29999999999999993,-0.09999999999999998,17492.44140625,319.2705078125,0.6695923473434582,0.0,0.9,0.9659090909090909,1.0,0.0,0.9999999958333333,0.9295685356406574,1.0,0.9999999998579546,0.35227272722268854,0.9999999998579546,0.07587413728016407,0.12401323743231185,-0.12401323743231185
-0.19999999999999996,-0.09999999999999998,17306.251953125,316.123046875,0.6373022357484659,0.0,0.9,0.9730113636363636,1.0,0.0,0.9999999947368421,0.9442852763681504,1.0,0.9999999998579546,0.48295454538594396,0.9999999998579546,0.055799073738193,0.10508694276100267,-0.10508694276100267
-0.09999999999999998,-0.09999999999999998,17193.322265625,314.1849670410156,0.6138262801287955,0.0,0.9,0.9801136363636364,1.0,0.0,0.9999999928571429,0.9539846814311214,1.0,0.9999999998579546,0.6690340908140577,0.9999999998579546,0.03982542672133737,0.09616677486119496,-0.09402090200223531
0.0,-0.09999999999999998,17153.064453125,313.5105285644531,0.6105263015124301,0.0,0.9,0.9801136363636364,1.0,0.0,0.9999999928571429,0.9548899465519921,1.0,0.9999999998579546,0.7073863635358827,0.9999999998579546,0.03702982694705847,0.09065211419277844,-0.08967077038095414
0.10000000000000009,-0.09999999999999998,17188.19140625,314.11907958984375,0.6092978606319851,0.0,0.9,0.9857954545454546,1.0,0.0,0.9999999900000002,0.9657789647996334,1.0,0.9999999998579546,0.6803977271760799,0.9999999998579546,0.03604515391571894,0.09901059659373519,-0.09901059659373519
0.20000000000000018,-0.09999999999999998,17297.806640625,315.99298095703125,0.6175478803240526,0.0,0.9,0.9829545454545454,1.0,0.0,0.9999999916666668,0.9628925698153277,1.0,0.9999999998579546,0.55255681810333,0.9999999998579546,0.04157427506040343,0.10754351105457682,-0.10665308370537312
0.30000000000000004,-0.09999999999999998,17481.162109375,319.0798034667969,0.6472382811747592,0.0,0.9,0.9744318181818182,1.0,0.0,0.9999999944444444,0.9489152500031138,1.0,0.9999999998579546,0.362215909039458,0.9999999998579546,0.06291017637737913,0.1269056746182022,-0.1269056746182022
0.40000000000000013,-0.09999999999999998,17738.462890625,323.29925537109375,0.7105026234712081,0.0,0.9,0.9460227272727273,1.0,0.0,0.999999997368421,0.893800228238357,1.0,0.9999999998579546,0.21874999996892758,0.9999999998579546,0.10438149268416849,0.14262148354225251,-0.14153690389303492
0.5,-0.09999999999999998,18066.443359375,328.55242919921875,0.8157668798152441,0.0,0.9,0.8991477272727273,1.0,0.0,0.9999999985915494,0.810442773296933,1.0,0.9999999998579546,0.12926136361800267,0.9985795453127018,0.17341231743002447,0.1511301338010621,-0.1511301338010621
0.6000000000000001,-0.09999999999999998,18462.1953125,334.731689453125,0.9702494489723528,0.0,0.9,0.8394886363636364,1.0,0.0,0.9999999991150443,0.7115871448635914,1.0,0.9999999998579546,0.025568181814549975,0.9900568180411852,0.2611926011467799,0.15172472071628293,-0.15123653298609127
0.7000000000000002,-0.09999999999999998,18921.296875,341.72845458984375,1.1496633728590062,0.0,0.9,0.7784090909090909,1.0,0.0,0.9999999993589744,0.6262456166129751,1.0,0.9999999998579546,0.009943181816769436,0.9744318180434046,0.3575183723163613,0.15124955656490552,-0.15072184312760978
0.8,-0.09999999999999998,19438.087890625,349.4394836425781,1.377434349542578,0.0,0.9,0.7088068181818182,1.0,0.0,0.9999999995121952,0.535813695893206,1.0,0.9999999998579546,0.005681818181011105,0.9602272725908768,0.47442201073429374,0.1498854728457521,-0.1498854728457521
0.9000000000000001,-0.09999999999999998,20005.3203125,357.7696533203125,1.6434606597788257,0.0,0.9,0.6264204545454546,1.0,0.0,0.9999999996197718,0.4616115887835703,1.0,0.9999999998579546,0.0028409090905055527,0.9289772725953158,0.5949257947109658,0.1610825319695811,-0.12410063106525394
1.0,-0.09999999999999998,20618.900390625,366.6346130371094,1.9213873406781228,0.0,0.9,0.4630681818181818,0.0,0.0,0.9999999997354497,0.3268266010231419,0.0,0.9999999998579546,0.0,0.8607954544231825,0.7163672614913609,0.10421566978621365,0.006604831455230521
-1.0,0.0,20596.078125,366.7723693847656,1.9018372124392697,0.0,0.9,0.5625,1.0,0.0,0.9999999996753246,0.3734676115044342,1.0,0.9999999998579546,0.007102272726263882,0.8181818180655992,0.6139367683132266,0.10517770275209926,-0.08087880438943945
-0.9,0.0,19983.12890625,357.8583068847656,1.6967385202827516,0.0,0.9,0.6079545454545454,1.0,0.0,0.999999999637681,0.4050970702828066,1.0,0.9999999998579546,0.008522727271516659,0.8423295453348965,0.5331064576142562,0.13679381753410708,-0.07868478167091758
-0.8,0.0,19414.765625,349.47357177734375,1.4933557374616364,0.0,0.9,0.6818181818181818,1.0,0.0,0.9999999995535714,0.5035770903037199,1.0,0.9999999998579546,0.014204545452527764,0.8693181816946992,0.45323146522383556,0.11185546835690256,-0.09337286535697699
-0.7,0.0,18897.048828125,341.702392578125,1.2712901715101386,0.0,0.9,0.7542613636363636,1.0,0.0,0.9999999994219654,0.6009723111222381,1.0,0.9999999998579546,0.02272727272404442,0.9133522725975353,0.3623153260102663,0.1333919447220074,-0.10699867354871158
-0.6,0.0,18436.927734375,334.63970947265625,1.0999628530554801,0.0,0.9,0.7940340909090909,1.0,0.0,0.9999999993103449,0.663927785122512,1.0,0.9999999998579546,0.08806818180567214,0.9673295453171408,0.29921840056518334,0.13070874709170396,-0.09728910244300436
-0.5,0.0,18040.369140625,328.38916015625,0.8843610910734714,0.0,0.9,0.875,1.0,0.0,0.9999999988636364,0.7778045634980376,1.0,0.9999999998579546,0.18181818179235537,0.9928977271316907,0.20341144168835384,0.13165199273019212,-0.13165199273019212
-0.3999999999999999,0.0,17710.65234375,323.0599060058594,0.7505353350033037,0.0,0.9,0.9275568181818182,1.0,0.0,0.9999999980392157,0.85925669158365,1.0,0.9999999998579546,0.2968749999578303,0.997159090767449,0.12654688845252696,0.13153391508143614,-0.13153391508143614
-0.29999999999999993,0.0,17450.599609375,318.7610778808594,0.6576193890609403,0.0,0.9,0.9659090909090909,1.0,0.0,0.9999999958333333,0.92274867738012,1.0,0.9999999998579546,0.40624999994229405,0.9999999998579546,0.068347582795393,0.12199352417065415,-0.12064078547004774
-0.19999999999999996,0.0,17264.4609375,315.59320068359375,0.6271706220658384,0.0,0.9,0.9772727272727273,1.0,0.0,0.9999999937499999,0.9462932744066218,1.0,0.9999999998579546,0.5326704544697911,0.9999999998579546,0.04887428261755798,0.1021671299615068,-0.10214475483781986
-0.09999999999999998,0.0,17152.029296875,313.6387939453125,0.6154250825940916,0.0,0.9,0.9786931818181818,1.0,0.0,0.9999999933333334,0.9522161673082127,1.0,0.9999999998579546,0.6647727271782994,0.9999999998579546,0.040305285888955066,0.09023634389390515,-0.08970464773219718
0.0,0.0,17112.693359375,312.95306396484375,0.6064186257806603,0.0,0.9,0.9829545454545454,1.0,0.0,0.9999999916666668,0.9623331087513751,1.0,0.9999999998579546,0.7542613635292242,0.9999999998579546,0.033462188836941534,0.09022562407984554,-0.08842794075676533
0.10000000000000009,0.0,17148.94921875,313.5559387207031,0.6090143430137823,0.0,0.9,0.984375,1.0,0.0,0.9999999909090911,0.963831980883269,1.0,0.9999999998579546,0.7471590908029604,0.9999999998579546,0.0357328414378095,0.09256147436304352,-0.09256147436304352
0.20000000000000018,0.0,17259.294921875,315.4296875,0.6170716283794186,0.0,0.9,0.9801136363636364,1.0,0.0,0.9999999928571429,0.9533244997740252,1.0,0.9999999998579546,0.642045454454255,0.9999999998579546,0.0417624160902233,0.10076260103141611,-0.09858640156205975
0.30000000000000004,0.0,17443.021484375,318.52154541015625,0.6439488796734434,0.0,0.9,0.9715909090909091,1.0,0.0,0.9999999949999999,0.9393180451051893,1.0,0.9999999998579546,0.40056818176128295,0.9999999998579546,0.060442690725429196,0.11829293296846005,-0.11621190937430351
0.40000000000000013,0.0,17700.248046875,322.7503662109375,0.6976496622212264,0.0,0.9,0.9545454545454546,1.0,0.0,0.999999996875,0.9109192024748858,1.0,0.9999999998579546,0.2173295454236748,0.9999999998579546,0.0946189375721928,0.1389165931227873,-0.1389165931227873
0.5,0.0,18028.017578125,328.01641845703125,0.8029191962855791,0.0,0.9,0.9190340909090909,1.0,0.0,0.999999998245614,0.8417523321543039,1.0,0.9999999998579546,0.05397727271960551,0.9957386362221963,0.16095316106362348,0.16673128211806937,-0.16673128211806937
0.6000000000000001,0.0,18424.048828125,334.2108154296875,0.934899467942384,0.0,0.9,0.8607954545454546,1.0,0.0,0.9999999989795919,0.7405844022194074,1.0,0.9999999998579546,0.0241477272692972,0.9957386362221963,0.2414135231819741,0.17225616760356124,-0.17058766650581766
0.7000000000000002,0.0,18884.216796875,341.224365234375,1.1355316318972222,0.0,0.9,0.7855113636363636,1.0,0.0,0.9999999993377484,0.6311661208767669,1.0,0.9999999998579546,0.008522727271516659,0.9730113634981519,0.3488530125763754,0.1604084873755374,-0.1604084873755374
0.8,0.0,19402.892578125,348.95281982421875,1.3609462094128737,0.0,0.9,0.7073863636363636,1.0,0.0,0.9999999995145631,0.5316501606358438,1.0,0.9999999998579546,0.007102272726263882,0.9588068180456241,0.4623189854518648,0.14961331987942755,-0.1467194988807062
0.9000000000000001,0.0,19972.890625,357.3006591796875,1.6303554300000316,0.0,0.9,0.609375,1.0,0.0,0.9999999996363635,0.43987944329739265,1.0,0.9999999998579546,0.0028409090905055527,0.9346590907763269,0.5965879194667072,0.13840904906773135,-0.10376898075580701
1.0,0.0,20585.892578125,366.1829528808594,1.9241484011943486,0.0,0.9,0.4815340909090909,0.0,0.0,0.9999999997260274,0.3397182365697067,0.0,0.9999999998579546,0.0,0.8721590907852047,0.7258449313585931,0.14141316603483473,-0.019273517204736718
-1.0,0.10000000000000009,20628.890625,367.3414611816406,1.9235613279602723,0.0,0.9,0.5539772727272727,1.0,0.0,0.9999999996815286,0.34602127662638604,1.0,0.9999999998579546,0.007102272726263882,0.8096590907940826,0.6135309434682633,0.10775400581282463,-0.07280135302447452
-0.9,0.10000000000000009,20014.63671875,358.4505615234375,1.7169694961168722,0.0,0.9,0.6107954545454546,1.0,0.0,0.9999999996350364,0.41120415589186704,1.0,0.9999999998579546,0.008522727271516659,0.8409090907896436,0.5359733549826743,0.1312819611507548,-0.08135741313192918
-0.8,0.10000000000000009,19447.09765625,350.0896301269531,1.5281043997475574,0.0,0.9,0.6732954545454546,1.0,0.0,0.9999999995652175,0.4959508493945071,1.0,0.9999999998579546,0.009943181816769436,0.8607954544231825,0.46128435530991374,0.10334559358522402,-0.08707581006812026
-0.7,0.10000000000000009,18929.783203125,342.3422546386719,1.3108842362095074,0.0,0.9,0.7414772727272727,1.0,0.0,0.9999999994505495,0.5819927074284553,1.0,0.9999999998579546,0.03267045454081386,0.8948863635092491,0.3759486022634022,0.10312236934879548,-0.09394203836859716
-0.6,0.10000000000000009,18469.712890625,335.302734375,1.1371751270084856,0.0,0.9,0.7897727272727273,1.0,0.0,0.9999999993243244,0.6557401952300751,1.0,0.9999999998579546,0.08664772726041936,0.9360795453215797,0.30947710610558155,0.1056629279967136,-0.09372400872934303
-0.5,0.10000000000000009,18072.599609375,329.07373046875,0.9412917300829808,0.0,0.9,0.8480113636363636,1.0,0.0,0.9999999990654206,0.7437474982574559,1.0,0.9999999998579546,0.18465909088286092,0.9900568180411852,0.22915866171336294,0.11883799715290393,-0.11100107677790305
-0.3999999999999999,0.10000000000000009,17742.2578125,323.76336669921875,0.7798901291953515,0.0,0.9,0.9204545454545454,1.0,0.0,0.9999999982142856,0.8485785597988829,1.0,0.9999999998579546,0.2784090908695442,0.9985795453127018,0.14630901271891178,0.1384521045800467,-0.1384521045800467
-0.29999999999999993,0.10000000000000009,17483.125,319.479248046875,0.6749705556717099,0.0,0.9,0.9630681818181818,1.0,0.0,0.9999999961538462,0.9201312659626558,1.0,0.9999999998579546,0.4403409090283607,0.9999999998579546,0.08086486012597409,0.1301537886832741,-0.12892992291677147
-0.19999999999999996,0.10000000000000009,17297.48046875,316.3209533691406,0.6380020647136199,0.0,0.9,0.9730113636363636,1.0,0.0,0.9999999947368421,0.9397201373312991,1.0,0.9999999998579546,0.5355113635602967,0.9999999998579546,0.05638137490423074,0.10377074895637092,-0.10377074895637092
-0.09999999999999998,0.10000000000000009,17184.91796875,314.3698425292969,0.6112612159386216,0.0,0.9,0.9815340909090909,1.0,0.0,0.9999999923076924,0.9578817120483809,1.0,0.9999999998579546,0.5866477271893966,0.9999999998579546,0.037493882027147464,0.09652491289625303,-0.09557026929057713
0.0,0.10000000000000009,17146.71875,313.68035888671875,0.6087661926240261,0.0,0.9,0.9829545454545454,1.0,0.0,0.9999999916666668,0.9596444873067134,1.0,0.9999999998579546,0.7173295453526521,0.9999999998579546,0.036306745900610664,0.09195307408821753,-0.09195307408821753
0.10000000000000009,0.10000000000000009,17182.978515625,314.27227783203125,0.6173042490500501,0.0,0.9,0.9815340909090909,1.0,0.0,0.9999999923076924,0.9585987405422494,1.0,0.9999999998579546,0.7002840908096187,0.9999999998579546,0.0426264309460753,0.09510600228131233,-0.09510600228131233
0.20000000000000018,0.10000000000000009,17294.1953125,316.1285095214844,0.6290173365023138,0.0,0.9,0.9758522727272727,1.0,0.0,0.9999999941176471,0.94648627632596,1.0,0.9999999998579546,0.5923295453704077,0.9999999998579546,0.05100563167675008,0.10199231421852359,-0.10199231421852359
0.30000000000000004,0.10000000000000009,17478.6015625,319.1971740722656,0.6541287135132559,0.0,0.9,0.9659090909090909,1.0,0.0,0.9999999958333333,0.9258811530629208,1.0,0.9999999998579546,0.3508522726774358,0.9999999998579546,0.06815266075489546,0.12309876378359624,-0.11885786225747874
0.40000000000000013,0.10000000000000009,17735.373046875,323.3985290527344,0.7081999497621583,0.0,0.9,0.9488636363636364,1.0,0.0,0.9999999972222222,0.896991896026411,1.0,0.9999999998579546,0.15340909088729984,0.9999999998579546,0.10199314381393217,0.14171806120678224,-0.14171806120678224
0.5,0.10000000000000009,18063.83203125,328.6341857910156,0.8182582943395614,0.0,0.9,0.9119318181818182,1.0,0.0,0.9999999983870967,0.8314061061645545,1.0,0.9999999998579546,0.04403409090283607,0.9943181816769435,0.16912391807329885,0.16718275377094652,-0.1666405972999443
0.6000000000000001,0.10000000000000009,18459.349609375,334.7969055175781,0.9524289282998682,0.0,0.9,0.859375,1.0,0.0,0.999999998989899,0.7420280016522439,1.0,0.9999999998579546,0.01988636363353887,0.9886363634959324,0.2456482959538037,0.18106183466405565,-0.18002928614025235
0.7000000000000002,0.10000000000000009,18918.46875,341.7781982421875,1.1381654744282377,0.0,0.9,0.7954545454545454,1.0,0.0,0.9999999993055556,0.6529218837071527,1.0,0.9999999998579546,0.008522727271516659,0.9801136362244157,0.34917710983543604,0.18989744755850474,-0.18933841217984607
0.8,0.10000000000000009,19437.04296875,349.474853515625,1.367676755002516,0.0,0.9,0.6988636363636364,1.0,0.0,0.9999999995283019,0.5341392270626469,1.0,0.9999999998579546,0.005681818181011105,0.9588068180456241,0.4685083994055845,0.15926671577081367,-0.15641451455264443
0.9000000000000001,0.10000000000000009,20005.794921875,357.7919616699219,1.6591493499084458,0.0,0.9,0.5923295454545454,0.0,0.0,0.9999999996515678,0.4206052566264884,0.0,0.9999999998579546,0.0,0.9261363635048102,0.6096154879077407,0.11183163618021909,-0.0970646447819523
1.0,0.10000000000000009,20618.99609375,366.6449890136719,1.9452835252954517,0.0,0.9,0.4460227272727273,0.0,0.0,0.9999999997435897,0.28592605444397007,0.0,0.9999999998579546,0.0,0.8778409089662158,0.7414308843947034,0.12290453429890741,0.005199085518676929
-1.0,0.20000000000000018,20723.375,368.80804443359375,1.9408792080865396,0.0,0.9,0.5383522727272727,1.0,0.0,0.9999999996923076,0.3321866595645294,1.0,0.9999999998579546,0.005681818181011105,0.8096590907940826,0.6226073562200242,0.12480936474812596,-0.06363074692409357
-0.9,0.20000000000000018,20112.669921875,359.9854431152344,1.7391437025622947,0.0,0.9,0.6051136363636364,1.0,0.0,0.9999999996402877,0.39570015061257385,1.0,0.9999999998579546,0.005681818181011105,0.8295454544276214,0.5399474704425883,0.13504565354604692,-0.08664797857211562
-0.8,0.20000000000000018,19546.41015625,351.69488525390625,1.5641492896502287,0.0,0.9,0.6690340909090909,1.0,0.0,0.9999999995708154,0.49564407432734825,1.0,0.9999999998579546,0.008522727271516659,0.8593749998779298,0.47166770190222096,0.1185477422744453,-0.09494967880507167
-0.7,0.20000000000000018,19032.041015625,344.01898193359375,1.379363881922914,0.0,0.9,0.7301136363636364,1.0,0.0,0.9999999994736842,0.5644605195324363,1.0,0.9999999998579546,0.034090909086066636,0.8849431816924797,0.39845035818953434,0.11517900646481329,-0.09777120949005091
-0.6,0.20000000000000018,18573.51171875,337.04998779296875,1.185781847404286,0.0,0.9,0.7826704545454546,1.0,0.0,0.9999999993464053,0.6438256635732159,1.0,0.9999999998579546,0.05823863635536383,0.9218749998690519,0.3249322416891757,0.1128031079059936,-0.09771924920329955
-0.5,0.20000000000000018,18178.033203125,330.8882751464844,1.0095127295706419,0.0,0.9,0.8252840909090909,0.9902912621359223,0.0,0.9918699178927888,0.7104285773298329,0.8947368421052632,0.9999999998579546,0.14630681816103597,0.9673295453171408,0.25901931939477485,0.1156752930330798,-0.09610148779047442
-0.3999999999999999,0.20000000000000018,17848.1328125,325.6391296386719,0.8293648666065209,0.0,0.9,0.8877840909090909,0.9943820224719101,0.0,0.9873417709020991,0.7993397115156653,0.9927398989898991,0.9999999998579546,0.2528409090549942,0.9943181816769435,0.17567727752975362,0.12561496972618896,-0.12561496972618896
-0.29999999999999993,0.20000000000000018,17588.85546875,321.4065246582031,0.7125265154219697,0.0,0.9,0.953125,1.0,0.0,0.999999996969697,0.9052993215177257,1.0,0.9999999998579546,0.37642045449198575,0.9999999998579546,0.10622432809859758,0.14341311114068764,-0.1426602843174645
-0.19999999999999996,0.20000000000000018,17403.71875,318.28656005859375,0.6535404752793151,0.0,0.9,0.9701704545454546,0.996996996996997,0.0,0.952380947845805,0.9393584194101263,0.9957264957264957,0.9999999998579546,0.47301136356917456,0.9999999998579546,0.06666180388366583,0.1250924325963182,-0.1229254519121221
-0.09999999999999998,0.20000000000000018,17292.830078125,316.3575744628906,0.6265473363010884,0.0,0.9,0.9815340909090909,1.0,0.0,0.9999999923076924,0.9576851730471926,1.0,0.9999999998579546,0.5170454544720107,0.9999999998579546,0.04934332837922709,0.11293311107535192,-0.11293311107535192
0.0,0.20000000000000018,17255.337890625,315.6714172363281,0.6347307125822987,0.0,0.9,0.9730113636363636,1.0,0.0,0.9999999947368421,0.9437290490163492,1.0,0.9999999998579546,0.5738636362821217,0.9999999998579546,0.05568735498273841,0.09965028244550775,-0.09965028244550775
0.10000000000000009,0.20000000000000018,17291.841796875,316.2476806640625,0.6402962474701684,0.0,0.9,0.9730113636363636,1.0,0.0,0.9999999947368421,0.9388986169393156,1.0,0.9999999998579546,0.5326704544697911,0.9999999998579546,0.06041844351520498,0.10654574573875097,-0.10654574573875097
0.20000000000000018,0.20000000000000018,17402.7265625,318.0699157714844,0.6641475660462016,0.0,0.9,0.9602272727272727,1.0,0.0,0.9999999964285714,0.912505308281765,1.0,0.9999999998579546,0.43607954539260235,0.9999999998579546,0.07687154236900148,0.11160842925706162,-0.11076679677128902
0.30000000000000004,0.20000000000000018,17587.087890625,321.088623046875,0.700661333173434,0.0,0.9,0.9431818181818182,0.9947643979057592,0.0,0.9749999975625,0.8859582388673944,0.9930555555555555,0.9999999998579546,0.2713068181432803,0.9999999998579546,0.10013809431375299,0.12233108791924066,-0.1189167564272963
0.40000000000000013,0.20000000000000018,17844.267578125,325.2273864746094,0.764667655755718,0.0,0.9,0.9232954545454546,1.0,0.0,0.9999999981481481,0.8532550861737919,1.0,0.9999999998579546,0.12784090907274986,0.9999999998579546,0.13785801943447681,0.13886062689773138,-0.13802149687546617
0.5,0.20000000000000018,18171.96484375,330.3915100097656,0.8612236898330473,0.0,0.9,0.8934659090909091,1.0,0.0,0.9999999986666668,0.8026224026332404,1.0,0.9999999998579546,0.04119318181233052,0.9943181816769435,0.1906255773841911,0.15781476431607105,-0.15781476431607105
0.6000000000000001,0.20000000000000018,18566.984375,336.47711181640625,1.004415486698099,0.0,0.9,0.8565340909090909,1.0,0.0,0.999999999009901,0.7391146821896617,1.0,0.9999999998579546,0.014204545452527764,0.9872159089506796,0.2687865252475203,0.191411577921767,-0.1909465948531893
0.7000000000000002,0.20000000000000018,19025.2734375,343.3789978027344,1.1713588131275288,0.0,0.9,0.7926136363636364,1.0,0.0,0.9999999993150686,0.6377647353203529,1.0,0.9999999998579546,0.008522727271516659,0.9801136362244157,0.3625458658121969,0.2056361846497575,-0.20460139599894464
0.8,0.20000000000000018,19540.150390625,350.9961242675781,1.3937870245717516,0.0,0.9,0.6832386363636364,1.0,0.0,0.9999999995515695,0.5156434326531205,1.0,0.9999999998579546,0.005681818181011105,0.9616477271361297,0.48037946092102607,0.1641001933679567,-0.16314374951550298
0.9000000000000001,0.20000000000000018,20106.2265625,359.235595703125,1.7010089871351313,0.0,0.9,0.5809659090909091,0.0,0.0,0.9999999996610168,0.4019766786527967,0.0,0.9999999998579546,0.0,0.9204545453237991,0.6287882792165261,0.11264474273858355,-0.1067631300397133
1.0,0.20000000000000018,20715.37890625,368.0139465332031,1.9949376293369319,0.0,0.9,0.41761363636363635,0.0,0.0,0.9999999997560975,0.25887408149000557,0.0,0.9999999998579546,0.0,0.8764204544209631,0.7642178694281948,0.1096212455997165,0.022416603388834715
-1.0,0.30000000000000004,20878.310546875,371.15167236328125,2.0025853278432075,0.0,0.9,0.5213068181818182,1.0,0.0,0.999999999703264,0.3151147912784022,1.0,0.9999999998579546,0.0042613636357583294,0.788352272615291,0.6466000643423659,0.1481171808971571,-0.05652854017301027
-0.9,0.30000000000000004,20273.611328125,362.43927001953125,1.807559072794801,0.0,0.9,0.5980113636363636,0.75,0.0,0.996466430743298,0.3985048628667082,0.5,0.9999999998579546,0.005681818181011105,0.8082386362488297,0.5651282165977292,0.13059289633761811,-0.09630705912461192
-0.8,0.30000000000000004,19713.19921875,354.2623596191406,1.6357300999798574,0.0,0.9,0.6434659090909091,0.9,0.0,0.996015935858161,0.4503491150896186,0.5,0.9999999998579546,0.014204545452527764,0.8494318180611603,0.5025701702927592,0.1315231085644408,-0.09775664683900277
-0.7,0.30000000000000004,19202.4140625,346.7015686035156,1.4432409003574391,0.0,0.9,0.7073863636363636,0.9545454545454546,0.0,0.9951456305848808,0.5379675952145239,0.7,0.9999999998579546,0.031249999995561082,0.8735795453304575,0.4221592634714499,0.13766722768745154,-0.10340105394271824
-0.6,0.30000000000000004,18748.2421875,339.84619140625,1.2700678428150294,0.0,0.9,0.7556818181818182,1.0,0.0,0.9999999994186047,0.6050242446975213,1.0,0.9999999998579546,0.049715909083847175,0.8977272725997547,0.3567967614874376,0.12110119712663696,-0.1008952167266723
-0.5,0.30000000000000004,18355.8671875,333.7931823730469,1.0756769678555484,0.0,0.9,0.8167613636363636,0.9705882352941176,0.0,0.9844961232678325,0.7024248567458514,0.8618421052631579,0.9999999998579546,0.0965909090771888,0.953124999864613,0.2850597367119082,0.12142320123019446,-0.11400704952715073
-0.3999999999999999,0.30000000000000004,18027.4765625,328.6429748535156,0.913647724645536,0.0,0.9,0.8536931818181818,0.991869918699187,0.0,0.9902912611744745,0.754353481740618,0.9126984126984127,0.9999999998579546,0.1747159090660915,0.9943181816769435,0.21923121306894375,0.13205606166050346,-0.11788817870925339
-0.29999999999999993,0.30000000000000004,17769.529296875,324.4944152832031,0.7720577484082203,0.0,0.9,0.9360795454545454,1.0,0.0,0.9999999977777777,0.8802875981975185,1.0,0.9999999998579546,0.26420454541701643,0.9999999998579546,0.1437960010825973,0.16051788753479435,-0.16051788753479435
-0.19999999999999996,0.30000000000000004,17585.767578125,321.43804931640625,0.6974602820106843,0.0,0.9,0.9545454545454546,1.0,0.0,0.999999996875,0.9141229900467652,1.0,0.9999999998579546,0.3380681817701608,0.9999999998579546,0.0973610290741441,0.13771143284192888,-0.13771143284192888
-0.09999999999999998,0.30000000000000004,17476.271484375,319.5474548339844,0.6666528521968133,0.0,0.9,0.9588068181818182,1.0,0.0,0.9999999965517241,0.9124531294731736,1.0,0.9999999998579546,0.3551136363131941,0.9999999998579546,0.07658949300907379,0.12534049510668852,-0.12016995958025067
0.0,0.30000000000000004,17438.970703125,318.871337890625,0.6732026602493273,0.0,0.9,0.953125,1.0,0.0,0.999999996969697,0.9025971513409771,1.0,0.9999999998579546,0.35795454540369964,0.9999999998579546,0.08307698932052654,0.10977559994485617,-0.10903414558511848
0.10000000000000009,0.30000000000000004,17475.525390625,319.4278869628906,0.6948091378770292,0.0,0.9,0.9360795454545454,1.0,0.0,0.9999999977777777,0.8667578202879599,1.0,0.9999999998579546,0.35227272722268854,0.9999999998579546,0.09836335433481078,0.10291389122821243,-0.09724988208048649
0.20000000000000018,0.30000000000000004,17586.03125,321.2019348144531,0.7066498605470131,0.0,0.9,0.9417613636363636,1.0,0.0,0.9999999975609756,0.8808911000064783,1.0,0.9999999998579546,0.2656249999622692,0.9999999998579546,0.10427278660095426,0.1203939371785498,-0.11814894069367933
0.30000000000000004,0.30000000000000004,17769.890625,324.147216796875,0.7723626857681191,0.0,0.9,0.9190340909090909,1.0,0.0,0.999999998245614,0.8413035121790909,1.0,0.9999999998579546,0.1860795454281137,0.9999999998579546,0.14227039727107874,0.12314222333226343,-0.12314222333226343
0.40000000000000013,0.30000000000000004,18026.421875,328.1923828125,0.8342242273439278,0.0,0.9,0.9005681818181818,1.0,0.0,0.9999999985714286,0.8183020624807121,1.0,0.9999999998579546,0.0724431818078916,0.9999999998579546,0.17739937974302972,0.1427935591387918,-0.1427935591387918
0.5,0.30000000000000004,18353.0390625,333.2481689453125,0.9483779853522007,0.0,0.9,0.8650568181818182,1.0,0.0,0.9999999989473685,0.7625518428459792,1.0,0.9999999998579546,0.01988636363353887,0.9872159089506796,0.2394987076960034,0.16298075185761013,-0.1625130534336724
0.6000000000000001,0.30000000000000004,18745.013671875,339.2160949707031,1.0876958054583141,0.0,0.9,0.84375,1.0,0.0,0.9999999990909092,0.7235653556290736,1.0,0.9999999998579546,0.012784090907274987,0.978693181679163,0.311759520754298,0.2087282546037757,-0.2087282546037757
0.7000000000000002,0.30000000000000004,19199.306640625,345.9957580566406,1.2589332509466762,0.0,0.9,0.7684659090909091,1.0,0.0,0.9999999993865031,0.6203711454332532,1.0,0.9999999998579546,0.005681818181011105,0.9630681816813824,0.4026824011522987,0.20741408581726822,-0.20741408581726822
0.8,0.30000000000000004,19710.11328125,353.489990234375,1.4915754225988371,0.0,0.9,0.6676136363636364,1.0,0.0,0.9999999995726496,0.489383553045463,1.0,0.9999999998579546,0.0028409090905055527,0.9460227271383491,0.5265276972529201,0.17318505624423988,-0.17318505624423988
0.9000000000000001,0.30000000000000004,20270.888671875,361.6084899902344,1.7611047627999377,0.0,0.9,0.5227272727272727,0.0,0.0,0.9999999997023808,0.32859043271934213,0.0,0.9999999998579546,0.0,0.9019886362355131,0.653878117374478,0.08673155047488156,-0.07451078724332545
1.0,0.30000000000000004,20874.037109375,370.2698669433594,2.084004350703526,0.0,0.9,0.3494318181818182,0.0,0.0,0.997816593668599,0.20320263725161206,0.0,0.9999999998579546,0.0014204545452527763,0.8593749998779298,0.7949091178587018,0.1026127264802403,0.07981804061010477
-1.0,0.40000000000000013,21095.1328125,374.3409118652344,2.0676712693464934,0.0,0.9,0.4928977272727273,0.5,0.0,0.9971988792724933,0.28599267764617836,0.5,0.9999999998579546,0.0028409090905055527,0.7755681817080159,0.6773248790820376,0.08147860344615751,-0.03892025255713238
-0.9,0.40000000000000013,20498.4921875,365.7760009765625,1.8904598345991412,0.0,0.9,0.5724431818181818,1.0,0.0,0.999999999667774,0.38294081260613194,1.0,0.9999999998579546,0.0042613636357583294,0.7997159089773132,0.6063222945593446,0.09575325101477838,-0.08968309485425868
-0.8,0.40000000000000013,19945.32421875,357.75042724609375,1.696372363534621,0.0,0.9,0.6321022727272727,0.9166666666666666,0.0,0.9961389957543864,0.4484085407892554,0.5833333333333334,0.9999999998579546,0.017045454543033318,0.8338068180633798,0.5323720216242168,0.14019967640051068,-0.11149860296984343
-0.7,0.40000000000000013,19440.884765625,350.34228515625,1.4918189238263433,0.0,0.9,0.6860795454545454,0.9090909090909091,0.0,0.9909502257959502,0.5007230020567839,0.6785714285714286,0.9999999998579546,0.031249999995561082,0.8721590907852047,0.4556425403548819,0.14305158912660726,-0.11700035478201098
-0.6,0.40000000000000013,18991.072265625,343.6375427246094,1.3477898171749112,0.0,0.9,0.7272727272727273,0.9333333333333333,0.0,0.9895833328179254,0.5701994474491422,0.76,0.9999999998579546,0.04261363635758329,0.8934659089639964,0.39567919232619186,0.14687734929357213,-0.10904785811875027
-0.5,0.40000000000000013,18603.31640625,337.727783203125,1.1579649018008995,0.0,0.9,0.7883522727272727,0.975609756097561,0.0,0.9932885899373902,0.646112642336314,0.8181818181818182,0.9999999998579546,0.05823863635536383,0.9289772725953158,0.3245527283466125,0.140206763199794,-0.12646715490267865
-0.3999999999999999,0.40000000000000013,18279.341796875,332.7077941894531,1.002184511957458,0.0,0.9,0.8267045454545454,0.9811320754716981,0.0,0.9918032778755711,0.7036680604435791,0.8653846153846154,0.9999999998579546,0.07528409089839715,0.9815340907696685,0.2639521439168809,0.14503798340402654,-0.13330307222925347
-0.29999999999999993,0.40000000000000013,18024.255859375,328.6698303222656,0.872560043422131,0.0,0.9,0.890625,0.9897959183673469,0.0,0.987012985731152,0.8025558165852726,0.9102564102564102,0.9999999998579546,0.1392045454347721,0.9985795453127018,0.20086671996073588,0.16134794842429517,-0.16134794842429517
-0.19999999999999996,0.40000000000000013,17841.380859375,325.69769287109375,0.7917870211146193,0.0,0.9,0.9161931818181818,0.9919354838709677,0.0,0.9830508457914392,0.8393166704023145,0.9188034188034189,0.9999999998579546,0.17613636361134427,0.9985795453127018,0.15514505110869067,0.1429984385897573,-0.1429984385897573
-0.09999999999999998,0.40000000000000013,17732.1875,323.85888671875,0.7643546338386196,0.0,0.9,0.921875,0.9927536231884058,0.0,0.9818181800330579,0.8484035360112813,0.9195804195804196,0.9999999998579546,0.19602272724488315,0.9985795453127018,0.13839974869311292,0.12260889435358902,-0.12113813178295207
0.0,0.40000000000000013,17695.765625,323.19793701171875,0.7764280259466709,0.0,0.9,0.9190340909090909,0.9834710743801653,0.0,0.9649122790089258,0.8406348570128489,0.826388888888889,0.9999999998579546,0.17187499997558595,0.9985795453127018,0.1438771762401744,0.11446601729195674,-0.11446601729195674
0.10000000000000009,0.40000000000000013,17732.525390625,323.7315979003906,0.798866828245054,0.0,0.9,0.9019886363636364,0.9906542056074766,0.0,0.9855072449485404,0.8088835676567062,0.9926470588235294,0.9999999998579546,0.15198863634204707,0.997159090767449,0.15593850163308376,0.09938633932549219,-0.09938633932549219
0.20000000000000018,0.40000000000000013,17842.06640625,325.44610595703125,0.8360471378529379,0.0,0.9,0.8863636363636364,0.9876543209876543,0.0,0.9874999987656251,0.7876478683135774,0.9903846153846154,0.9999999998579546,0.11505681816547489,0.9957386362221963,0.17667938538219377,0.10389147070214612,-0.10232497065284128
0.30000000000000004,0.40000000000000013,18024.228515625,328.2994079589844,0.8894155703230787,0.0,0.9,0.8721590909090909,1.0,0.0,0.9999999988888889,0.7737170314814313,1.0,0.9999999998579546,0.06960227271738605,0.9914772725864379,0.20423852062316653,0.12729031403977742,-0.11669601276666033
0.40000000000000013,0.40000000000000013,18279.203125,332.2258605957031,0.9604978257339221,0.0,0.9,0.8622159090909091,1.0,0.0,0.9999999989690722,0.7650138692675107,1.0,0.9999999998579546,0.029829545450308304,0.9886363634959324,0.24089488101985332,0.14479775838673808,-0.1435340971875832
0.5,0.40000000000000013,18602.76171875,337.1430969238281,1.0877753722397618,0.0,0.9,0.8309659090909091,1.0,0.0,0.9999999991596639,0.7144589410656629,1.0,0.9999999998579546,0.012784090907274987,0.9801136362244157,0.3071256423230335,0.1680859805899454,-0.16765532450171522
0.6000000000000001,0.40000000000000013,18990.86328125,342.9595642089844,1.214713323994383,0.0,0.9,0.7883522727272727,1.0,0.0,0.9999999993288591,0.6582625837632807,1.0,0.9999999998579546,0.008522727271516659,0.9644886362266352,0.374690258831135,0.19133227813642814,-0.19133227813642814
0.7000000000000002,0.40000000000000013,19439.931640625,349.5806884765625,1.401526850183596,0.0,0.9,0.7244318181818182,1.0,0.0,0.9999999994845361,0.5682449076016501,1.0,0.9999999998579546,0.0028409090905055527,0.9417613635025908,0.4709044990728866,0.19776783889570373,-0.19776783889570373
0.8,0.40000000000000013,19944.341796875,356.91436767578125,1.6011519069764444,0.0,0.9,0.6264204545454546,0.0,0.0,0.9999999996197718,0.42796436068105,0.0,0.9999999998579546,0.0,0.9105113635070297,0.5705704260994473,0.163339262362316,-0.163339262362316
0.9000000000000001,0.40000000000000013,20496.865234375,364.8742370605469,1.8917708224932457,0.0,0.9,0.4744318181818182,0.0,0.0,0.9999999997297296,0.2892307544863019,0.0,0.9999999998579546,0.0,0.8749999998757103,0.7044017734341411,0.08433860091175921,-0.04689909902113301
1.0,0.40000000000000013,21091.66015625,373.3812255859375,2.1923762468955896,0.0,0.9,0.2940340909090909,0.0,0.0,0.9999999997987927,0.1597636813750835,0.0,0.9999999998579546,0.0,0.8366477271538854,0.8287696405182711,0.1255648684400338,0.1255648684400338
-1.0,0.5,21369.27734375,378.3350830078125,2.1420811653472303,0.0,0.9,0.45738636363636365,0.5,0.0,0.9973821986917847,0.2689494131890544,0.5,0.9999999998579546,0.0028409090905055527,0.7656249998912464,0.7135497999159444,0.08338574772335663,-0.009115571704445574
-0.9,0.5,20783.25390625,369.9488525390625,1.9529906442134242,0.0,0.9,0.5227272727272727,0.6666666666666666,0.0,0.9970238092270762,0.3261791254649292,0.5,0.9999999998579546,0.0042613636357583294,0.8025568180678186,0.6465780833551859,0.1012787836907504,-0.06153845043473679
-0.8,0.5,20239.494140625,362.1061706542969,1.8122661815964194,0.0,0.9,0.5724431818181818,0.5,0.0,0.9966777405326651,0.3803262612179241,0.5,0.9999999998579546,0.0028409090905055527,0.8224431817013576,0.5903840063795869,0.11147159684048698,-0.0815745925453872
-0.7,0.5,19743.57421875,354.88140869140625,1.6239295941889191,0.0,0.9,0.6448863636363636,0.8571428571428571,0.0,0.9919999996032001,0.45621607222487437,0.65,0.9999999998579546,0.01988636363353887,0.8579545453326769,0.517935201855436,0.13315141880820658,-0.11381451339907765
-0.6,0.5,19301.80859375,348.3563232421875,1.4572292000335731,0.0,0.9,0.6889204545454546,0.8823529411764706,0.0,0.9908675794562248,0.5156650168921424,0.6875,0.9999999998579546,0.0241477272692972,0.8863636362377325,0.45431099437733363,0.1343400883513265,-0.11973287919745834
-0.5,0.5,18917.994140625,342.61688232421875,1.2937507836897069,0.0,0.9,0.7372159090909091,0.9615384615384616,0.0,0.9945945940569759,0.5782724148068286,0.775,0.9999999998579546,0.036931818176572186,0.9090909089617769,0.3944294992894975,0.14317224844224025,-0.13064775731060824
-0.3999999999999999,0.5,18599.19921875,337.7508850097656,1.1523041295287526,0.0,0.9,0.7897727272727273,0.9393939393939394,0.0,0.9864864858199416,0.6520760848872371,0.8076923076923076,0.9999999998579546,0.046874999993341625,0.9616477271361297,0.34033555305195634,0.15047742680044926,-0.15040422693038974
-0.29999999999999993,0.5,18349.052734375,333.84332275390625,1.0202659221577528,0.0,0.9,0.8409090909090909,0.9302325581395349,0.0,0.9732142848453444,0.7156023581193742,0.826530612244898,0.9999999998579546,0.06107954544586939,0.9801136362244157,0.2799118668138157,0.16632841373503565,-0.16632841373503565
-0.19999999999999996,0.5,18169.05078125,330.9703063964844,0.9183033296159325,0.0,0.9,0.8835227272727273,0.9642857142857143,0.0,0.975609754907793,0.7896525731420291,0.8717948717948718,0.9999999998579546,0.07954545453415549,0.9843749998601741,0.2181231546214177,0.16355724791409346,-0.16253375658653982
-0.09999999999999998,0.5,18060.81640625,329.19281005859375,0.8985509140517589,0.0,0.9,0.8835227272727273,0.9666666666666667,0.0,0.975609754907793,0.7911091425854918,0.859375,0.9999999998579546,0.08522727271516659,0.9886363634959324,0.20702400396637563,0.1374425920903435,-0.13637020802338792
0.0,0.5,18024.859375,328.551025390625,0.8920649317360109,0.0,0.9,0.8821022727272727,0.9636363636363636,0.0,0.9759036132820439,0.7809457045607208,0.85625,0.9999999998579546,0.0781249999889027,0.9872159089506796,0.20215283116407398,0.12609296173172235,-0.1244047709260838
0.10000000000000009,0.5,18061.619140625,329.05975341796875,0.9297425824953794,0.0,0.9,0.8735795454545454,0.9787234042553191,0.0,0.9887640438328494,0.7695074867904109,0.989010989010989,0.9999999998579546,0.0667613636268805,0.9843749998601741,0.2214860383142532,0.12238676342073654,-0.12093867492060625
0.20000000000000018,0.5,18170.001953125,330.706787109375,0.9613765336550248,0.0,0.9,0.8579545454545454,0.9705882352941176,0.0,0.98999999901,0.7531573985505762,0.9857142857142858,0.9999999998579546,0.0482954545385944,0.9815340907696685,0.2400476247913215,0.1271768224360884,-0.12549593135515524
0.30000000000000004,0.5,18350.65625,333.45458984375,1.044561647542587,0.0,0.9,0.8465909090909091,0.95,0.0,0.9907407398233883,0.7313845013951746,0.9714285714285715,0.9999999998579546,0.02840909090505553,0.978693181679163,0.27952941112994933,0.15324466316879296,-0.14795951731850251
0.40000000000000013,0.5,18601.830078125,337.2439270019531,1.1376360551409475,0.0,0.9,0.8110795454545454,1.0,0.0,0.9999999992481203,0.6884734614744512,1.0,0.9999999998579546,0.015624999997780541,0.9701704544076463,0.32897791060549875,0.15636798462072796,-0.15585334864438394
0.5,0.5,18920.265625,342.0,1.2637151039721635,0.0,0.9,0.765625,1.0,0.0,0.9999999993939395,0.6369751220234158,1.0,0.9999999998579546,0.008522727271516659,0.9559659089551186,0.39462868178969723,0.1600516239440633,-0.1595203142896715
0.6000000000000001,0.5,19302.501953125,347.6388244628906,1.4125155082084495,0.0,0.9,0.7116477272727273,1.0,0.0,0.9999999995073892,0.5593849416392916,1.0,0.9999999998579546,0.0028409090905055527,0.9389204544120852,0.4646679109061437,0.1565154280047185,-0.15542524712624556
0.7000000000000002,0.5,19744.419921875,354.0728454589844,1.5953811262054587,0.0,0.9,0.6590909090909091,1.0,0.0,0.9999999995833334,0.4716884001724036,1.0,0.9999999998579546,0.0014204545452527763,0.9019886362355131,0.5514310994029615,0.17339183868141783,-0.17339183868141783
0.8,0.5,20238.83984375,361.2157897949219,1.7726164244849203,0.0,0.9,0.5639204545454546,0.0,0.0,0.999999999674267,0.36265510093036685,0.0,0.9999999998579546,0.0,0.8821022726019742,0.6379714806166474,0.13423078577042036,-0.13423078577042036
0.9000000000000001,0.5,20781.833984375,368.9854431152344,2.0399414982446005,0.0,0.9,0.3934659090909091,0.0,0.0,0.9999999997658079,0.22167500985983268,0.0,0.9999999998579546,0.0,0.8465909089706547,0.7564629529885412,0.03251618895135836,0.009026156763767577
1.0,0.5,21366.869140625,377.3068542480469,2.302871574794285,0.0,0.9,0.2684659090909091,0.0,0.0,0.9999999998058253,0.13715307081111858,0.0,0.9999999998579546,0.0,0.7968749998868075,0.8609579905461819,0.13794375912016577,0.13794375912016577
-1.0,0.6000000000000001,21698.560546875,383.0865173339844,2.23047134149015,0.0,0.9,0.3849431818181818,0.0,0.0,0.9999999997690531,0.22276253542169355,0.0,0.9999999998579546,0.0,0.7627840908007409,0.76643707892521,0.055809621381311764,0.05002594044149161
-0.9,0.6000000000000001,21124.978515625,374.90423583984375,2.0716976280877164,0.0,0.9,0.4559659090909091,0.5,0.0,0.9973890336821438,0.27735474249969777,0.5,0.9999999998579546,0.0028409090905055527,0.7755681817080159,0.703538890153118,0.0861647580341304,-0.012884185921554955
-0.8,0.6000000000000001,20592.890625,367.2685241699219,1.90652288524338,0.0,0.9,0.5440340909090909,0.5,0.0,0.9968847348919362,0.3601350319794073,0.5,0.9999999998579546,0.0028409090905055527,0.8139204544298408,0.6442340777485404,0.09963399875544388,-0.08499795752120429
-0.7,0.6000000000000001,20107.587890625,360.25054931640625,1.723825991738384,0.0,0.9,0.5980113636363636,0.5,0.0,0.996466430743298,0.39731102831493853,0.5,0.9999999998579546,0.0028409090905055527,0.8465909089706547,0.5728056896247226,0.13426728763384946,-0.10931975554304747
-0.6,0.6000000000000001,19674.677734375,353.92645263671875,1.580540458442369,0.0,0.9,0.6491477272727273,0.7142857142857143,0.0,0.9919028336065171,0.4581667349803327,0.5333333333333333,0.9999999998579546,0.009943181816769436,0.870738636239952,0.5173970541273669,0.15312756266622315,-0.12811243354694435
-0.5,0.6000000000000001,19299.16015625,348.3763122558594,1.457970627621798,0.0,0.9,0.6647727272727273,0.75,0.0,0.9915254233086757,0.4769243557553235,0.5555555555555555,0.9999999998579546,0.01136363636202221,0.8863636362377325,0.47564219438094046,0.14066042783156027,-0.11419632081511341
-0.3999999999999999,0.6000000000000001,18985.224609375,343.6807556152344,1.3262017411264653,0.0,0.9,0.6974431818181818,0.8461538461538461,0.0,0.9906103281734224,0.5167648862082111,0.5555555555555555,0.9999999998579546,0.018465909088286093,0.9488636362288546,0.4268384969231661,0.13481042149353514,-0.11331516683121554
-0.29999999999999993,0.6000000000000001,18740.91015625,339.916748046875,1.1822523313029774,0.0,0.9,0.7613636363636364,0.8823529411764706,0.0,0.9880952375070862,0.5997991236996041,0.6785714285714286,0.9999999998579546,0.0241477272692972,0.971590908952899,0.36410860556329194,0.1561776233709463,-0.1493895831341216
-0.19999999999999996,0.6000000000000001,18565.783203125,337.1524658203125,1.0927407858950722,0.0,0.9,0.8224431818181818,0.9130434782608695,0.0,0.9839999992128,0.69154032616139,0.7560439560439561,0.9999999998579546,0.03267045454081386,0.9758522725886574,0.3155639158287018,0.17623574830230182,-0.1757680553816333
-0.09999999999999998,0.6000000000000001,18458.705078125,335.4424743652344,1.0537798363081479,0.0,0.9,0.8352272727272727,0.8888888888888888,0.0,0.9741379301947087,0.7098092476110099,0.7811447811447811,0.9999999998579546,0.03835227272182496,0.9772727271339102,0.2900744970622011,0.15976401229615111,-0.1578391355857553
0.0,0.6000000000000001,18422.923828125,334.8222961425781,1.0668987426434915,0.0,0.9,0.8380681818181818,0.9333333333333333,0.0,0.9824561394890736,0.7235854979019558,0.798611111111111,0.9999999998579546,0.04261363635758329,0.9687499998623935,0.29080339012788936,0.14743406245432475,-0.14743406245432475
0.10000000000000009,0.6000000000000001,18458.455078125,335.3049621582031,1.099987339727052,0.0,0.9,0.8252840909090909,0.9333333333333333,0.0,0.9837398365985855,0.7027440543001687,0.7973484848484849,0.9999999998579546,0.04261363635758329,0.971590908952899,0.30576381117408263,0.14300570305116211,-0.14300570305116211
0.20000000000000018,0.6000000000000001,18565.015625,336.8798828125,1.174473513416596,0.0,0.9,0.8068181818181818,0.9565217391304348,0.0,0.992647058093642,0.6792857824561807,0.975,0.9999999998579546,0.03267045454081386,0.9616477271361297,0.34227224217734553,0.14353604917277055,-0.14353604917277055
0.30000000000000004,0.6000000000000001,18742.94921875,339.5137023925781,1.2403928795671793,0.0,0.9,0.7855113636363636,1.0,0.0,0.9999999993377484,0.6470404714795956,1.0,0.9999999998579546,0.008522727271516659,0.953124999864613,0.3754274451938245,0.14937362741855462,-0.14937362741855462
0.40000000000000013,0.6000000000000001,18989.875,343.15399169921875,1.3655244529736592,0.0,0.9,0.7329545454545454,1.0,0.0,0.9999999994680852,0.5850868595916284,1.0,0.9999999998579546,0.007102272726263882,0.927556818050063,0.43494767380568994,0.1357573730605059,-0.1357573730605059
0.5,0.6000000000000001,19302.515625,347.7336730957031,1.4795248915811514,0.0,0.9,0.7002840909090909,1.0,0.0,0.9999999995260663,0.5415396175859205,1.0,0.9999999998579546,0.0042613636357583294,0.9161931816880408,0.4861899318127971,0.14983750662031087,-0.14983750662031087
0.6000000000000001,0.6000000000000001,19675.5,353.1766357421875,1.6449001227742734,0.0,0.9,0.6519886363636364,1.0,0.0,0.9999999995918367,0.46803917653763716,1.0,0.9999999998579546,0.0014204545452527763,0.8792613635114686,0.5579621168655898,0.15531470711251338,-0.15531470711251338
0.7000000000000002,0.6000000000000001,20107.84375,359.4027404785156,1.7869292118442617,0.0,0.9,0.5809659090909091,0.0,0.0,0.9999999996610168,0.37689026886366095,0.0,0.9999999998579546,0.0,0.8565340907874242,0.6293445912502346,0.14720193778946297,-0.14553391200509116
0.8,0.6000000000000001,20592.015625,366.3320007324219,2.002859010695112,0.0,0.9,0.4446022727272727,0.0,0.0,0.9999999997442455,0.26412093874277764,0.0,0.9999999998579546,0.0,0.8167613635203465,0.7227958987405049,0.07057398472133446,-0.05638326061523895
0.9000000000000001,0.6000000000000001,21122.720703125,373.88775634765625,2.226326943878928,0.0,0.9,0.32670454545454547,0.0,0.0,0.9999999997890295,0.16767363172833746,0.0,0.9999999998579546,0.0,0.7741477271627631,0.8075626298493966,0.05475609467309045,0.05475609467309045
1.0,0.6000000000000001,21695.3828125,381.99847412109375,2.4463229823965977,0.0,0.9,0.2585227272727273,0.0,0.0,0.9999999998084291,0.12229414812126957,0.0,0.9999999998579546,0.0,0.7144886362621465,0.8870038645942221,0.13555536715442007,0.13093566574047755
-1.0,0.7000000000000002,22079.935546875,388.54339599609375,2.3505846806893205,0.0,0.9,0.35511363636363635,0.0,0.0,0.9999999997797356,0.20070061751446736,0.0,0.9999999998579546,0.0,0.742897727167202,0.8196069480169619,0.08206381147832159,0.07836932990840878
-0.9,0.7000000000000002,21519.416015625,380.5836486816406,2.152989812265106,0.0,0.9,0.40482954545454547,0.0,0.0,0.9999999997613365,0.2450251437757099,0.0,0.9999999998579546,0.0,0.7897727271605437,0.755763347669618,0.09594710003656286,0.025084972802006594
-0.8,0.7000000000000002,21000.650390625,373.1726379394531,2.0361849968208423,0.0,0.9,0.453125,0.0,0.0,0.9999999997402597,0.2891642515385861,0.0,0.9999999998579546,0.0,0.7954545453415548,0.7095050673458887,0.08755968108730125,-0.02402526248026295
-0.7,0.7000000000000002,20527.6875,366.37713623046875,1.8565000343610472,0.0,0.9,0.5411931818181818,0.0,0.0,0.9969040244591628,0.34733820469784693,0.0,0.9999999998579546,0.0014204545452527763,0.8110795453393354,0.6426225531573193,0.14230036712180255,-0.09641894684298383
-0.6,0.7000000000000002,20106.48046875,360.2681884765625,1.7479879913945784,0.0,0.9,0.5653409090909091,0.0,0.0,0.9967320258180613,0.36491185385984143,0.0,0.9999999998579546,0.0014204545452527763,0.8366477271538854,0.5979174036677466,0.13555376310120426,-0.09118389070804057
-0.5,0.7000000000000002,19741.169921875,354.91925048828125,1.615495883820532,0.0,0.9,0.6164772727272727,0.0,0.0,0.9962962959272976,0.4268917587194777,0.0,0.9999999998579546,0.0014204545452527763,0.8622159089684353,0.5509694041721742,0.12839349472640424,-0.1162203847588651
-0.3999999999999999,0.7000000000000002,19436.43359375,350.403564453125,1.4869846295511386,0.0,0.9,0.6434659090909091,0.6666666666666666,0.0,0.996015935858161,0.4549769098906326,0.5,0.9999999998579546,0.0042613636357583294,0.927556818050063,0.5031381646531413,0.11194902608241224,-0.10492247221152061
-0.29999999999999993,0.7000000000000002,19196.470703125,346.7901611328125,1.3848431851463898,0.0,0.9,0.6860795454545454,0.5,0.0,0.9909502257959502,0.5027918932190854,0.3333333333333333,0.9999999998579546,0.005681818181011105,0.9545454544098657,0.4684134066586241,0.13361955717957927,-0.12902510374199314
-0.19999999999999996,0.7000000000000002,19025.41796875,344.1397399902344,1.2968102467293818,0.0,0.9,0.7301136363636364,1.0,0.0,0.9999999994736842,0.5658287857321932,1.0,0.9999999998579546,0.005681818181011105,0.9673295453171408,0.4229248390737101,0.14572043943924473,-0.14572043943924473
-0.09999999999999998,0.7000000000000002,18920.828125,342.5003662109375,1.235711346576541,0.0,0.9,0.7443181818181818,0.875,0.0,0.9944444438919754,0.5834453994826453,0.875,0.9999999998579546,0.01136363636202221,0.9588068180456241,0.3864343253601657,0.12997339571219732,-0.12915153326272835
0.0,0.7000000000000002,18884.7734375,341.9030456542969,1.2793072562525414,0.0,0.9,0.7414772727272727,1.0,0.0,0.9999999994505495,0.5826053636783879,1.0,0.9999999998579546,0.014204545452527764,0.9446022725930963,0.396650601152233,0.12371827858736183,-0.1226544760648412
0.10000000000000009,0.7000000000000002,18919.28125,342.3594970703125,1.306257517817148,0.0,0.9,0.7613636363636364,1.0,0.0,0.9999999994047619,0.6180312966085574,1.0,0.9999999998579546,0.017045454543033318,0.9431818180478435,0.40724641821583246,0.15165686384568455,-0.15113821831439414
0.20000000000000018,0.7000000000000002,19024.25,343.8602294921875,1.3811102871617482,0.0,0.9,0.7485795454545454,1.0,0.0,0.9999999994350283,0.5951707010111537,1.0,0.9999999998579546,0.008522727271516659,0.9247159089595575,0.43694835221229755,0.1540742593612612,-0.1540742593612612
0.30000000000000004,0.7000000000000002,19197.767578125,346.3761291503906,1.4897221733259123,0.0,0.9,0.6903409090909091,1.0,0.0,0.9999999995412844,0.5207541297855636,1.0,0.9999999998579546,0.0042613636357583294,0.9005681816902602,0.4838251191201001,0.12512730677715347,-0.12473709431382923
0.40000000000000013,0.7000000000000002,19438.84765625,349.8612365722656,1.5863470886975595,0.0,0.9,0.6619318181818182,1.0,0.0,0.999999999579832,0.4854267023244438,1.0,0.9999999998579546,0.0028409090905055527,0.8792613635114686,0.5243505931977931,0.13078980681866198,-0.13078980681866198
0.5,0.7000000000000002,19742.8671875,354.25579833984375,1.7231843098129818,0.0,0.9,0.609375,0.0,0.0,0.9999999996363635,0.419157333052045,0.0,0.9999999998579546,0.0,0.8394886362443909,0.5797746318210398,0.11908178732294307,-0.11908178732294307
0.6000000000000001,0.7000000000000002,20106.404296875,359.4917907714844,1.8374637848531514,0.0,0.9,0.5738636363636364,0.0,0.0,0.9999999996666666,0.37173465208121975,0.0,0.9999999998579546,0.0,0.8181818180655992,0.6348081490352432,0.13862759297086627,-0.13764894198840952
0.7000000000000002,0.7000000000000002,20526.50390625,365.4967346191406,2.045000317796029,0.0,0.9,0.4474431818181818,0.0,0.0,0.9999999997429305,0.2674389443701956,0.0,0.9999999998579546,0.0,0.7670454544364993,0.722828869726109,0.07166675955735105,-0.06376674928534318
0.8,0.7000000000000002,20997.775390625,372.1971130371094,2.238177582594271,0.0,0.9,0.3366477272727273,0.0,0.0,0.9999999997858672,0.17638073343238336,0.0,0.9999999998579546,0.0,0.7017045453548716,0.791392087259395,0.0895545007899649,0.03224274623226997
0.9000000000000001,0.7000000000000002,21515.388671875,379.5216979980469,2.4132468914511183,0.0,0.9,0.2911931818181818,0.0,0.0,0.9999999997995992,0.14213862476193112,0.0,0.9999999998579546,0.0,0.6661931817235521,0.8524042259822653,0.081399680736283,0.081399680736283
1.0,0.7000000000000002,22074.029296875,387.4032287597656,2.6237624103267474,0.0,0.9,0.2585227272727273,0.0,0.0,0.9999999998084291,0.11340854155752655,0.0,0.9999999998579546,0.0,0.590909090825155,0.9146582571684315,0.11580937439411264,0.11275627879255715
-1.0,0.8,22507.912109375,394.6513671875,2.47404694475498,0.0,0.9,0.30113636363636365,0.0,0.0,0.9999999997967479,0.16388835097054727,0.0,0.9999999998579546,0.0,0.7187499998979049,0.8731577035618323,0.13253659291509545,0.12469004366280566
-0.9,0.8,21962.390625,386.9271240234375,2.28946950305,0.0,0.9,0.35511363636363635,0.0,0.0,0.9999999997797356,0.2152818496393546,0.0,0.9999999998579546,0.0,0.7585227271649826,0.8123363081782974,0.10618648053917346,0.06152834647456944
-0.8,0.8,21458.1328125,379.75201416015625,2.1253813095212086,0.0,0.9,0.4090909090909091,0.0,0.0,0.9999999997596153,0.26421767130890866,0.0,0.9999999998579546,0.0,0.7585227271649826,0.7565545484045907,0.08594755703318645,0.00440069914778808
-0.7,0.8,20999.513671875,373.1884765625,2.0107729794029905,0.0,0.9,0.47017045454545453,0.0,0.0,0.9999999997319035,0.29696908294684915,0.0,0.9999999998579546,0.0,0.7528409089839715,0.7085725298142428,0.09115735504737534,-0.052758477386945134
-0.6,0.8,20591.546875,367.3021545410156,1.8878247024403687,0.0,0.9,0.5127840909090909,0.0,0.0,0.9999999997084548,0.32644360123794763,0.0,0.9999999998579546,0.0,0.7826704544342798,0.6652038297906705,0.11959836664360148,-0.08449464611496547
-0.5,0.8,20238.310546875,362.1600341796875,1.759454212666239,0.0,0.9,0.5639204545454546,0.0,0.0,0.999999999674267,0.37952801011288223,0.0,0.9999999998579546,0.0,0.8409090907896436,0.6209834789942883,0.11352031686015177,-0.11194254081614916
-0.3999999999999999,0.8,19943.326171875,357.8280029296875,1.6685734727198334,0.0,0.9,0.5866477272727273,0.0,0.0,0.9999999996563573,0.4002751984874973,0.0,0.9999999998579546,0.0,0.8991477271450075,0.5891027068740506,0.10736232836660814,-0.10562343110463204
-0.29999999999999993,0.8,19710.30078125,354.3675231933594,1.5721604356026242,0.0,0.9,0.6335227272727273,0.0,0.0,0.999999999612403,0.46073004094413367,0.0,0.9999999998579546,0.0,0.9289772725953158,0.5570372686744651,0.13588718739591063,-0.13520711647706585
-0.19999999999999996,0.8,19541.638671875,351.8321533203125,1.4893496768110768,0.0,0.9,0.6676136363636364,0.0,0.0,0.9999999995726496,0.4811925076038736,0.0,0.9999999998579546,0.0,0.9431818180478435,0.5137972289620965,0.14428121037966238,-0.14428121037966238
-0.09999999999999998,0.8,19440.193359375,350.2640380859375,1.4696147199890595,0.0,0.9,0.6605113636363636,0.0,0.0,0.99999999958159,0.4679342994725409,0.0,0.9999999998579546,0.0,0.9374999998668324,0.49886284038746026,0.11582477847091849,-0.1134253145795735
0.0,0.8,19405.34765625,349.690185546875,1.4808352400799814,0.0,0.9,0.6690340909090909,0.0,0.0,0.9999999995708154,0.47280710561707784,0.0,0.9999999998579546,0.0,0.9303977271405686,0.4935323071499067,0.12025305606547264,-0.11263164423439179
0.10000000000000009,0.8,19438.298828125,350.1205749511719,1.5390364116859727,0.0,0.9,0.6619318181818182,0.0,0.0,0.999999999579832,0.45981308926849096,0.0,0.9999999998579546,0.0,0.9048295453260186,0.512561754514246,0.12716261145808214,-0.11692656742146225
0.20000000000000018,0.8,19540.330078125,351.5472412109375,1.618148008721515,0.0,0.9,0.671875,0.0,0.0,0.9999999995670996,0.4821497116925162,0.0,0.9999999998579546,0.0,0.8806818180567214,0.5364843783013661,0.1451179966217616,-0.1451179966217616
0.30000000000000004,0.8,19709.982421875,353.94488525390625,1.731037622667447,0.0,0.9,0.625,1.0,0.0,0.999999999621212,0.4353977572564688,1.0,0.9999999998579546,0.0014204545452527763,0.850852272606413,0.5785548014905966,0.12258745439242681,-0.12245982663462544
0.40000000000000013,0.8,19942.865234375,357.27325439453125,1.8200831681295264,0.0,0.9,0.5909090909090909,0.0,0.0,0.9999999996527777,0.39669822559124207,0.0,0.9999999998579546,0.0,0.8366477271538854,0.6122666229270495,0.12520857100536337,-0.12344073470333033
0.5,0.8,20237.240234375,361.4798889160156,1.9455164602451163,0.0,0.9,0.546875,0.0,0.0,0.9999999996865203,0.3513101812250772,0.0,0.9999999998579546,0.0,0.7784090907985215,0.665032406843698,0.12509098785298603,-0.12310141123744095
0.6000000000000001,0.8,20589.845703125,366.5042724609375,2.110709344575716,0.0,0.9,0.4460227272727273,0.0,0.0,0.9999999997435897,0.2623795726679592,0.0,0.9999999998579546,0.0,0.7386363635314437,0.7336581244596155,0.06346874724950886,-0.06256078146497278
0.7000000000000002,0.8,20997.0546875,372.281005859375,2.3052141456847433,0.0,0.9,0.3664772727272727,0.0,0.0,0.9999999997757847,0.19787921472637018,0.0,0.9999999998579546,0.0,0.6846590908118382,0.8000868463988053,0.09664928709123538,-0.00205040762361923
0.8,0.8,21453.744140625,378.7435302734375,2.4641305742798876,0.0,0.9,0.2840909090909091,0.0,0.0,0.9999999998015873,0.14535261355212975,0.0,0.9999999998579546,0.0,0.6292613635469799,0.8480697799353651,0.08837868162065743,0.07586386344648592
0.9000000000000001,0.8,21956.236328125,385.82611083984375,2.6353714876748233,0.0,0.9,0.25,0.0,0.0,0.9999999998106062,0.11635847741653697,0.0,0.9999999998579546,0.0,0.5951704544609133,0.9027587396127337,0.11781916831821299,0.11283840057314178
1.0,0.8,22499.888671875,393.46612548828125,2.7966877943165547,0.0,0.9,0.22017045454545456,0.0,0.0,0.9999999998178507,0.09125667097937197,0.0,0.9999999998579546,0.0,0.5440340908318133,0.951625580538342,0.1574144404081452,0.13261696018819202
-1.0,0.9000000000000001,22980.248046875,401.35626220703125,2.5452951720069934,0.0,0.9,0.2627840909090909,0.0,0.0,0.9999999998073218,0.13206652608620212,0.0,0.9999999998579546,0.0,0.6874999999023438,0.9037711389196245,0.1416332462269578,0.1416332462269578
-0.9,0.9000000000000001,22450.63671875,393.874755859375,2.4035866042020695,0.0,0.9,0.31392045454545453,0.0,0.0,0.9999999997929606,0.18193593910159636,0.0,0.9999999998579546,0.0,0.7045454544453771,0.8615578438768441,0.10768720712007991,0.08252160709765267
-0.8,0.9000000000000001,21961.431640625,386.9413757324219,2.2286299806344476,0.0,0.9,0.37357954545454547,0.0,0.0,0.9999999997732426,0.2337680444616089,0.0,0.9999999998579546,0.0,0.7230113635336632,0.8067896760101338,0.10618284054259518,0.014305362080917988
-0.7,0.9000000000000001,21517.8515625,380.6138610839844,2.122689455415542,0.0,0.9,0.4119318181818182,0.0,0.0,0.9999999997584541,0.2595985860882276,0.0,0.9999999998579546,0.0,0.7343749998956854,0.7650756559601368,0.06646514740753258,-0.026432933042892005
-0.6,0.9000000000000001,21124.095703125,374.9524230957031,2.0176851349250082,0.0,0.9,0.45170454545454547,0.0,0.0,0.9999999997409326,0.278562444542874,0.0,0.9999999998579546,0.0,0.7556818180744771,0.7230533654800897,0.061469041030983176,-0.06042537474929739
-0.5,0.9000000000000001,20783.80078125,370.0176086425781,1.919200034467289,0.0,0.9,0.5056818181818182,0.0,0.0,0.9999999997126436,0.31052462057248587,0.0,0.9999999998579546,0.0,0.8181818180655992,0.6809127764004566,0.1054357506952953,-0.09972626212251023
-0.3999999999999999,0.9000000000000001,20498.734375,365.8685302734375,1.8393173700795258,0.0,0.9,0.4914772727272727,0.0,0.0,0.9999999997206703,0.31688293081505864,0.0,0.9999999998579546,0.0,0.850852272606413,0.6590823367839316,0.07048678500029981,-0.06870937301991023
-0.29999999999999993,0.9000000000000001,20272.732421875,362.5596008300781,1.7647773192101988,0.0,0.9,0.5397727272727273,0.0,0.0,0.999999999691358,0.35657707494055957,0.0,0.9999999998579546,0.0,0.8821022726019742,0.631226476727703,0.09376761211076333,-0.0912617699893281
-0.19999999999999996,0.9000000000000001,20109.271484375,360.1378173828125,1.7041147033787314,0.0,0.9,0.6036931818181818,0.0,0.0,0.9999999996415769,0.41134685445203795,0.0,0.9999999998579546,0.0,0.8977272725997547,0.6061824671314793,0.14015113134634272,-0.14015113134634272
-0.09999999999999998,0.9000000000000001,20009.01171875,358.639892578125,1.6788292753880234,0.0,0.9,0.6036931818181818,0.0,0.0,0.9999999996415769,0.4103820085488695,0.0,0.9999999998579546,0.0,0.8934659089639964,0.588689812364821,0.13293968351960367,-0.12300485990768907
0.0,0.9000000000000001,19974.947265625,358.0892028808594,1.7324942951492663,0.0,0.9,0.59375,0.0,0.0,0.9999999996503496,0.4020829817116179,0.0,0.9999999998579546,0.0,0.8721590907852047,0.597365324937099,0.11309015390666764,-0.10920931894799846
0.10000000000000009,0.9000000000000001,20007.474609375,358.4945068359375,1.752874596873004,0.0,0.9,0.6122159090909091,0.0,0.0,0.9999999996336996,0.4080414978268135,0.0,0.9999999998579546,0.0,0.8607954544231825,0.6001214513295422,0.14757185475113224,-0.13832706744246434
0.20000000000000018,0.9000000000000001,20106.625,359.84881591796875,1.8453306117060455,0.0,0.9,0.59375,0.0,0.0,0.9965034961550686,0.3911018816693463,0.0,0.9999999998579546,0.0014204545452527763,0.8224431817013576,0.6230686897424328,0.13606555816495744,-0.13160585328580135
0.30000000000000004,0.9000000000000001,20270.359375,362.13031005859375,1.9183717900054358,0.0,0.9,0.5738636363636364,0.0,0.0,0.9999999996666666,0.3734515180254878,0.0,0.9999999998579546,0.0,0.8110795453393354,0.6528752523888148,0.13654502349884498,-0.1357118188722484
0.40000000000000013,0.9000000000000001,20495.93359375,365.303955078125,2.0185433659415146,0.0,0.9,0.5142045454545454,0.0,0.0,0.9999999997076022,0.31471972569883955,0.0,0.9999999998579546,0.0,0.7869318180700381,0.6929186985438394,0.11679288904632519,-0.10548885766001144
0.5,0.9000000000000001,20780.529296875,369.32403564453125,2.152873680743723,0.0,0.9,0.42045454545454547,0.0,0.0,0.999999999754902,0.237371422432004,0.0,0.9999999998579546,0.0,0.7514204544387187,0.7459963268017774,0.06868911518861022,-0.04057543461258008
0.6000000000000001,0.9000000000000001,21121.037109375,374.1368103027344,2.3455352353228487,0.0,0.9,0.3522727272727273,0.0,0.0,0.9999999997807018,0.18457888352844465,0.0,0.9999999998579546,0.0,0.660511363542541,0.808604782834751,0.0795576206775784,0.015880762584321518
0.7000000000000002,0.9000000000000001,21514.05859375,379.6839599609375,2.5614980334721884,0.0,0.9,0.2897727272727273,0.0,0.0,0.9999999998,0.14798617929366373,0.0,0.9999999998579546,0.0,0.6051136362776828,0.8629697264730055,0.0961048463833453,0.06899785819606234
0.8,0.9000000000000001,21955.90234375,385.90521240234375,2.6874451176210714,0.0,0.9,0.2741477272727273,0.0,0.0,0.9999999998043052,0.1335042666918045,0.0,0.9999999998579546,0.0,0.5738636362821217,0.8963912045542407,0.08468310107639901,0.07928496892874728
0.9000000000000001,0.9000000000000001,22442.525390625,392.740478515625,2.820016726953317,0.0,0.9,0.2215909090909091,0.0,0.0,0.9999999998175183,0.0846024746487111,0.0,0.9999999998579546,0.0,0.5539772726485828,0.9431061092587271,0.14993424354622822,0.1343445807074395
1.0,0.9000000000000001,22969.76171875,400.1318359375,2.942017160026129,0.0,0.9,0.18039772727272727,0.0,0.0,0.9999999998266899,0.06712214123862424,0.0,0.9999999998579546,0.0,0.5355113635602967,0.982630393373555,0.17629162974747714,0.17448176879206553
-1.0,1.0,23492.306640625,408.6049499511719,2.6246976613808117,0.0,0.9,0.2059659090909091,0.0,0.0,0.9999999998211092,0.09216403032546575,0.0,0.9999999998579546,0.0,0.6235795453659688,0.9276184640021311,0.1835683987256305,0.1835683987256305
-0.9,1.0,22979.33203125,401.36932373046875,2.470243713290143,0.0,0.9,0.23295454545454544,0.0,0.0,0.9999999998148149,0.12291155339414916,0.0,0.9999999998579546,0.0,0.6647727271782994,0.8952124795787475,0.13716936594705045,0.13716936594705045
-0.8,1.0,22506.552734375,394.67889404296875,2.3167852061070064,0.0,0.9,0.3125,0.0,0.0,0.9999999997933884,0.1973192211325517,0.0,0.9999999998579546,0.0,0.7088068180811354,0.8468165998973283,0.11705513680720278,0.046648079296172464
-0.7,1.0,22078.380859375,388.58685302734375,2.212897519021544,0.0,0.9,0.3721590909090909,0.0,0.0,0.9999999997737556,0.2414176863743623,0.0,0.9999999998579546,0.0,0.7372159089861909,0.8053809005259007,0.08939536878726508,-0.015976945501905454
-0.6,1.0,21698.734375,383.1483459472656,2.118844684932278,0.0,0.9,0.38636363636363635,0.0,0.0,0.9999999997685185,0.23643865217333956,0.0,0.9999999998579546,0.0,0.7755681817080159,0.7655728004248772,0.030073586203091678,-0.026968891107857867
-0.5,1.0,21370.853515625,378.4176025390625,2.021092439831222,0.0,0.9,0.4005681818181818,0.0,0.0,0.9999999997630331,0.23570591928994872,0.0,0.9999999998579546,0.0,0.8267045453371159,0.7292447087655732,0.04900230429261505,-0.028539115488757587
-0.3999999999999999,1.0,21095.76953125,374.44757080078125,1.9636101544207272,0.0,0.9,0.43892045454545453,0.0,0.0,0.9999999997468354,0.26056218359469696,0.0,0.9999999998579546,0.0,0.8281249998823687,0.7069847647250272,0.0718954205798666,-0.051192019057419914
-0.29999999999999993,1.0,20877.7265625,371.2860412597656,1.9414866010856955,0.0,0.9,0.46875,0.0,0.0,0.9999999997326202,0.2845209965292582,0.0,0.9999999998579546,0.0,0.8295454544276214,0.6973031746493054,0.07304630969024396,-0.06470582592600112
-0.19999999999999996,1.0,20719.845703125,368.9743957519531,1.8937373964506707,0.0,0.9,0.5426136363636364,0.0,0.0,0.999999999689441,0.3443582141129859,0.0,0.9999999998579546,0.0,0.8465909089706547,0.676923759010435,0.1347939396532468,-0.12623399419701856
-0.09999999999999998,1.0,20623.48828125,367.5442810058594,1.897107594756547,0.0,0.9,0.5454545454545454,0.0,0.0,0.9999999996875,0.3459032905198884,0.0,0.9999999998579546,0.0,0.8267045453371159,0.6734369921872047,0.12191660050344227,-0.12191660050344227
0.0,1.0,20588.923828125,367.0161437988281,1.9068461049732464,0.0,0.9,0.5411931818181818,0.0,0.0,0.9999999996904024,0.347120651318466,0.0,0.9999999998579546,0.0,0.8238636362466103,0.6696023428912399,0.12700269315893742,-0.11380676203683589
0.10000000000000009,1.0,20621.115234375,367.3973388671875,1.945498470479766,0.0,0.9,0.5411931818181818,0.0,0.0,0.9999999996904024,0.34525668133112525,0.0,0.9999999998579546,0.0,0.7997159089773132,0.6738297320288067,0.14418464860729574,-0.12438871804699042
0.20000000000000018,1.0,20716.283203125,368.68212890625,2.0339154253637584,0.0,0.9,0.5241477272727273,0.0,0.0,0.9999999997014924,0.3260690446006498,0.0,0.9999999998579546,0.0,0.7784090907985215,0.7017350262524732,0.14790184786339608,-0.1214075709961613
0.30000000000000004,1.0,20873.814453125,370.8514709472656,2.1099323817823197,0.0,0.9,0.484375,0.0,0.0,0.9999999997245178,0.2996885473320184,0.0,0.9999999998579546,0.0,0.7642045453459937,0.7323400788852074,0.11702768883627301,-0.09853705874140292
0.40000000000000013,1.0,21091.5,373.87506103515625,2.2159893528016417,0.0,0.9,0.40482954545454547,0.0,0.0,0.9999999997613365,0.23260754692694158,0.0,0.9999999998579546,0.0,0.7414772726219493,0.7724685693386023,0.06254525753729825,-0.03627509053147885
0.5,1.0,21365.560546875,377.7130432128906,2.387188586294446,0.0,0.9,0.33948863636363635,0.0,0.0,0.9999999997849461,0.1824615227763245,0.0,0.9999999998579546,0.0,0.6803977271760799,0.8250524709305753,0.06043894519418055,0.023622038289132768
0.6000000000000001,1.0,21693.681640625,382.31793212890625,2.591374373719883,0.0,0.9,0.2784090909090909,0.0,0.0,0.9999999998031496,0.13736004814533515,0.0,0.9999999998579546,0.0,0.6079545453681883,0.8734893994373202,0.10604451346037799,0.08539469173766283
0.7000000000000002,1.0,22072.814453125,387.6380310058594,2.7666658886904334,0.0,0.9,0.2684659090909091,0.0,0.0,0.9999999998058253,0.13253548324253378,0.0,0.9999999998579546,0.0,0.5596590908295939,0.9076204593165703,0.09389845120913627,0.08868939523793014
0.8,1.0,22499.365234375,393.619140625,2.9147800050530144,0.0,0.9,0.2215909090909091,0.0,0.0,0.9999999998175183,0.10322529374830341,0.0,0.9999999998579546,0.0,0.5241477271982745,0.9473577200600187,0.14726201889368515,0.1456568558671465
0.9000000000000001,1.0,22969.990234375,400.2065124511719,3.0160376534674844,0.0,0.9,0.16193181818181818,0.0,0.0,0.9999999998305086,0.05344586819845325,0.0,0.9999999998579546,0.0,0.5284090908340329,0.9894124250156003,0.2168352911304539,0.21505206320635067
1.0,1.0,23480.763671875,407.3465576171875,3.120758873572325,0.0,0.9,0.15056818181818182,0.0,0.0,0.999999999832776,0.05236153553059468,0.0,0.9999999998579546,0.0,0.5071022726552412,1.0206529990843398,0.2331722838205714,0.23085528803457853
