-1.0,-1.0,16824.96875,104.67924499511719,5.16236363856481,0.0,0.9,0.07421875,0.0,0.0,0.9662447253306985,0.017171500179018976,0.0,0.9999999996093749,0.031249999987792966,0.2656249998962402,1.292151885656902,0.501951204783343,0.501951204783343
-0.9,-1.0,16286.056640625,102.2929916381836,4.972095484408856,0.0,0.9,0.10546875,0.18181818181818182,0.0,0.9606986895368128,0.01838235294117647,0.06802721088435373,0.9999999996093749,0.04296874998321533,0.27734374989166255,1.2398011742272255,0.4779125776210803,0.4779125776210803
-0.8,-1.0,15787.7138671875,100.08880615234375,4.757373452461537,0.0,0.9,0.09765625,0.125,0.0,0.9696969692771875,0.021196581196581195,0.03333333333333333,0.9999999996093749,0.031249999987792966,0.31640624987640376,1.2644631946676288,0.5097887131987073,0.5097887131987073
-0.7,-1.0,15334.09375,98.08454895019531,4.607988719181385,0.0,0.9,0.09765625,0.2857142857142857,0.0,0.9783549779314481,0.022546529275501236,0.09999999999999999,0.9999999996093749,0.027343749989318846,0.31249999987792965,1.224375375608091,0.47778058124531625,0.47778058124531625
-0.6,-1.0,14929.2724609375,96.29852294921875,4.56122601550121,0.0,0.9,0.09765625,0.3333333333333333,0.0,0.9653679649500572,0.015330726621049201,0.21212121212121213,0.9999999996093749,0.04687499998168945,0.34765624986419674,1.2255181168213272,0.48454605372027654,0.48454605372027654
-0.5,-1.0,14577.486328125,94.74900817871094,4.504287845537945,0.0,0.9,0.09765625,0.3,0.0,0.9696969692771875,0.017478064224332884,0.049999999999999996,0.9999999996093749,0.039062499984741206,0.37109374985504145,1.2270690250207101,0.47592199971612437,0.47401981197675963
-0.3999999999999999,-1.0,14281.2548828125,93.45349884033203,4.459839232528677,0.0,0.9,0.109375,0.21428571428571427,0.0,0.9517543855474762,0.022961371162810013,0.1923076923076923,0.9999999996093749,0.05468749997863769,0.41015624983978266,1.2075272306266236,0.4678434838782989,0.4678434838782989
-0.29999999999999993,-1.0,14045.0810546875,92.42794799804688,4.333882819547521,0.0,0.9,0.1484375,0.23076923076923078,0.0,0.9541284399292989,0.04967142691280622,0.046153846153846156,0.9999999996093749,0.05078124998016357,0.41015624983978266,1.191965835490236,0.44328636571556734,0.41039121545986645
-0.19999999999999996,-1.0,13872.56640625,91.6859359741211,4.312167179068684,0.0,0.9,0.13671875,0.3,0.0,0.9683257914170472,0.041706454465075156,0.049999999999999996,0.9999999996093749,0.039062499984741206,0.34765624986419674,1.191683013190041,0.4315263976393674,0.4315263976393674
-0.09999999999999998,-1.0,13765.2431640625,91.23786163330078,4.174229994368615,0.0,0.9,0.12890625,0.125,0.0,0.9686098650364978,0.03217338217338217,0.020833333333333332,0.9999999996093749,0.031249999987792966,0.35156249986267085,1.1669452321509157,0.4119971386375369,0.4119971386375369
0.0,-1.0,13725.3916015625,91.09020233154297,4.0075285028887215,0.0,0.9,0.140625,0.14285714285714285,0.0,0.972727272285124,0.032402566700439034,0.023809523809523808,0.9999999996093749,0.027343749989318846,0.42187499983520504,1.1448267896546611,0.4035328857139421,0.4035328857139421
0.10000000000000009,-1.0,13766.744140625,91.24514770507812,4.0152778217715275,0.0,0.9,0.1484375,0.0,0.0,0.9816513756964902,0.04406880253034099,0.0,0.9999999996093749,0.015624999993896483,0.3945312498458862,1.14534803808139,0.37064038795182386,0.37064038795182386
0.20000000000000018,-1.0,13875.2265625,91.70033264160156,3.749060894699686,0.0,0.9,0.17578125,0.0,0.0,0.9952606630354215,0.0792277753072061,0.0,0.9999999996093749,0.0039062499984741208,0.3945312498458862,1.060138785420002,0.2812173881825434,0.2812173881825434
0.30000000000000004,-1.0,14049.1328125,92.4491195678711,3.6575253287507703,0.0,0.9,0.1640625,0.0,0.0,0.9999999995327103,0.06419628838080006,0.0,0.9999999996093749,0.0,0.44531249982604976,1.0778342873821523,0.2875743646665839,0.28681996763797235
0.40000000000000013,-1.0,14286.474609375,93.48099517822266,3.4923749885077333,0.0,0.9,0.18359375,0.0,0.0,0.9999999995215312,0.07950861338121197,0.0,0.9999999996093749,0.0,0.43359374983062743,1.01991326742922,0.198631068673631,0.19401698544442997
0.5,-1.0,14584.404296875,94.78230285644531,3.3167733912971262,0.0,0.9,0.20703125,0.0,0.0,0.9999999995073892,0.10993192450398741,0.0,0.9999999996093749,0.0,0.5351562497909546,0.9657481332649416,0.14741626336126706,0.14741626336126706
0.6000000000000001,-1.0,14939.765625,96.33702087402344,3.264053561148447,0.0,0.9,0.171875,0.0,0.0,0.9999999995283019,0.08949700687012957,0.0,0.9999999996093749,0.0,0.5195312497970581,0.9477770711452136,0.15451034122713259,0.15188977256414246
0.7000000000000002,-1.0,15347.6083984375,98.1276626586914,3.148173432323954,0.0,0.9,0.1484375,0.0,0.0,0.9999999995412844,0.07381262535189603,0.0,0.9999999996093749,0.0,0.49999999980468746,0.9598453041545093,0.16514300524928646,0.16514300524928646
0.8,-1.0,15803.83984375,100.13597106933594,3.2450034999219706,0.0,0.9,0.1171875,0.0,0.0,0.9999999995575222,0.059719429884078794,0.0,0.9999999996093749,0.0,0.5156249997985839,0.9899820234191536,0.22225470802252992,0.22225470802252992
0.9000000000000001,-1.0,16303.8056640625,102.34369659423828,3.0788768952265637,0.0,0.9,0.14453125,0.0,0.0,0.999999999543379,0.0850438195189905,0.0,0.9999999996093749,0.0,0.550781249784851,0.9676108777781657,0.2419819563923201,0.2419819563923201
1.0,-1.0,16843.92578125,104.73299407958984,3.505004854792023,0.0,0.9,0.10546875,0.5,0.0,0.9912663751129841,0.03592174491081998,0.25,0.9999999996093749,0.015624999993896483,0.5156249997985839,1.0360919787056393,0.3271754621989009,0.3271754621989009
-1.0,-0.9,16285.3251953125,102.29843139648438,4.633274081746578,0.0,0.9,0.11328125,0.2,0.0,0.9823788541927847,0.026338571455013234,0.5,0.9999999996093749,0.019531249992370603,0.3203124998748779,1.2012697325521462,0.43301928758742797,0.43301928758742797
-0.9,-0.9,15727.8642578125,99.83040618896484,4.604338292408022,0.0,0.9,0.08203125,0.5,0.0,0.987234042133092,0.01691919191919192,0.3333333333333333,0.9999999996093749,0.023437499990844726,0.26953124989471433,1.2213791280401967,0.46695654477342563,0.46695654477342563
-0.8,-0.9,15210.3017578125,97.54544067382812,4.43388141037794,0.0,0.9,0.08984375,1.0,0.0,0.9999999995708154,0.016089818041037554,1.0,0.9999999996093749,0.0078124999969482415,0.32421874987335203,1.2059447504600989,0.4697100056738849,0.46861630069431226
-0.7,-0.9,14737.9951171875,95.4629135131836,4.173859015068808,0.0,0.9,0.10546875,0.4,0.0,0.9868995628878168,0.019569341858498488,0.25,0.9999999996093749,0.019531249992370603,0.33593749986877436,1.1686814522771654,0.4262059657446672,0.4262059657446672
-0.6,-0.9,14315.0341796875,93.60293579101562,4.280669939789587,0.0,0.9,0.09765625,0.14285714285714285,0.0,0.9740259736043178,0.01654276935276043,0.03571428571428571,0.9999999996093749,0.027343749989318846,0.3593749998596191,1.1888055269107713,0.4491611960419504,0.4491611960419504
-0.5,-0.9,13946.1064453125,91.98577117919922,4.168944016183504,0.0,0.9,0.12109375,0.2,0.0,0.9822222217856791,0.02779106508737501,0.04,0.9999999996093749,0.019531249992370603,0.42578124983367915,1.1776209933875654,0.43048162129002804,0.43048162129002804
-0.3999999999999999,-0.9,13635.521484375,90.63105773925781,4.235763384305958,0.0,0.9,0.1171875,0.6666666666666666,0.0,0.991150442039314,0.03329375848032565,0.2222222222222222,0.9999999996093749,0.023437499990844726,0.40234374984283444,1.1916917209079092,0.44483531523531245,0.4443542038829819
-0.29999999999999993,-0.9,13387.1015625,89.55690002441406,4.094198661015547,0.0,0.9,0.1640625,0.2,0.0,0.9626168219800856,0.06232247284878863,0.04,0.9999999996093749,0.039062499984741206,0.43749999982910154,1.1480519506237916,0.40270466435627733,0.3910930089889505
-0.19999999999999996,-0.9,13205.6025390625,88.77880096435547,3.98704632089803,0.0,0.9,0.1640625,0.6666666666666666,0.0,0.9906542051445542,0.06337528604118994,0.2222222222222222,0.9999999996093749,0.023437499990844726,0.39843749984436033,1.1264331716491007,0.3705815583391866,0.36262311556175486
-0.09999999999999998,-0.9,13092.5712890625,88.30870819091797,4.00992496717665,0.0,0.9,0.12890625,0.14285714285714285,0.0,0.9730941699672224,0.037682522363373425,0.02857142857142857,0.9999999996093749,0.027343749989318846,0.41015624983978266,1.145313934637466,0.390952335064522,0.3846688450432366
0.0,-0.9,13056.96484375,88.1541519165039,3.8004455212341313,0.0,0.9,0.16015625,0.5,0.0,0.9953488367463494,0.07169663334220296,0.25,0.9999999996093749,0.0078124999969482415,0.40624999984130855,1.1086344048340184,0.34644010758257104,0.34644010758257104
0.10000000000000009,-0.9,13094.12109375,88.317626953125,3.69979735900119,0.0,0.9,0.17578125,0.0,0.0,0.9952606630354215,0.08442826498255848,0.0,0.9999999996093749,0.0039062499984741208,0.38281249985046384,1.0463483695812006,0.27833490691034724,0.27833490691034724
0.20000000000000018,-0.9,13208.171875,88.79637908935547,3.5475356884035874,0.0,0.9,0.21875,0.0,0.0,0.9999999995000001,0.10701844893021363,0.0,0.9999999996093749,0.0,0.44531249982604976,0.9963050843232093,0.20290442485509774,0.20290442485509774
0.30000000000000004,-0.9,13390.9111328125,89.5827407836914,3.352495169273711,0.0,0.9,0.2109375,0.0,0.0,0.9999999995049506,0.10944763676221478,0.0,0.9999999996093749,0.0,0.49609374980621335,0.9765668260591758,0.1701570002975884,0.1701570002975884
0.40000000000000013,-0.9,13639.732421875,90.66458892822266,3.18485573912708,0.0,0.9,0.2265625,0.0,0.0,0.9999999994949496,0.12065406203337238,0.0,0.9999999996093749,0.0,0.5585937497817993,0.9312184116365461,0.1120291223693377,0.10733190333393912
0.5,-0.9,13952.1962890625,92.02629852294922,3.1796383658863907,0.0,0.9,0.16796875,0.0,0.0,0.9999999995305164,0.11129832404342208,0.0,0.9999999996093749,0.0,0.49999999980468746,0.9442310526137496,0.15437423458236108,0.14782630949406106
0.6000000000000001,-0.9,14324.0224609375,93.64973449707031,3.058827085318263,0.0,0.9,0.18359375,0.0,0.0,0.9999999995215312,0.10774501730099452,0.0,0.9999999996093749,0.0,0.5351562497909546,0.9371525050294758,0.1180874564942441,0.1180874564942441
0.7000000000000002,-0.9,14749.6611328125,95.51525115966797,2.9463760116219717,0.0,0.9,0.18359375,0.0,0.0,0.9999999995215312,0.12767067729070816,0.0,0.9999999996093749,0.0,0.5546874997833251,0.916051337524365,0.14073194112509496,0.13388274947588846
0.8,-0.9,15224.3515625,97.60264587402344,2.8801185960764113,0.0,0.9,0.16015625,0.0,0.0,0.9999999995348837,0.09978023253885322,0.0,0.9999999996093749,0.0,0.5546874997833251,0.9439888198882381,0.21429603090329996,0.21429603090329996
0.9000000000000001,-0.9,15743.3203125,99.89181518554688,3.292247391887388,0.0,0.9,0.1171875,0.0,0.0,0.9999999995575222,0.06676435869104708,0.0,0.9999999996093749,0.0,0.5234374997955322,1.01440408381166,0.3044475397961418,0.3044475397961418
1.0,-0.9,16302.853515625,102.36347198486328,3.256775655389385,0.0,0.9,0.10546875,0.6,0.0,0.9912663751129841,0.03752290537965771,0.25,0.9999999996093749,0.019531249992370603,0.49218749980773924,1.0435316207235255,0.33546142702130327,0.33546142702130327
-1.0,-0.8,15786.3193359375,100.10004425048828,4.363994966125956,0.0,0.9,0.10546875,0.75,0.0,0.9956331873381514,0.026154618473895584,0.5,0.9999999996093749,0.015624999993896483,0.3046874998809814,1.1530836037397676,0.3966021495282282,0.3966021495282282
-0.9,-0.8,15209.255859375,97.55126953125,4.167590096711279,0.0,0.9,0.1015625,0.2,0.0,0.9826086952249528,0.022973054413159315,0.16666666666666666,0.9999999996093749,0.019531249992370603,0.34374999986572263,1.130898473018576,0.3897315554829145,0.3897315554829145
-0.8,-0.8,14672.7958984375,95.18598175048828,4.018020946664802,0.0,0.9,0.11328125,0.0,0.0,0.991189426876128,0.02733493443407764,0.0,0.9999999996093749,0.0078124999969482415,0.33203124987030025,1.1425978473718366,0.38970030275161444,0.38970030275161444
-0.7,-0.8,14181.5849609375,93.02507781982422,4.1232154530643275,0.0,0.9,0.08203125,0.6666666666666666,0.0,0.9957446804273428,0.014943971730134373,0.5,0.9999999996093749,0.011718749995422363,0.3203124998748779,1.181305369079833,0.430461742562869,0.430461742562869
-0.6,-0.8,13740.5966796875,91.09051513671875,3.9955604865634715,0.0,0.9,0.11328125,0.6666666666666666,0.0,0.9955947132177997,0.02893859596624573,0.3333333333333333,0.9999999996093749,0.011718749995422363,0.35546874986114496,1.1408956303041242,0.4088947262000818,0.4088947262000818
-0.5,-0.8,13354.1298828125,89.40467071533203,4.06630172100481,0.0,0.9,0.078125,0.0,0.0,0.9915254233086757,0.016438362313229756,0.0,0.9999999996093749,0.0078124999969482415,0.34765624986419674,1.188450298562312,0.44143240618797713,0.44143240618797713
-0.3999999999999999,-0.8,13028.234375,87.98947143554688,3.8928825478080933,0.0,0.9,0.15234375,0.3333333333333333,0.0,0.9815668198241628,0.06764335664335665,0.24,0.9999999996093749,0.023437499990844726,0.41015624983978266,1.1413309481359541,0.40158339296250134,0.37345373894807443
-0.29999999999999993,-0.8,12767.35546875,86.86537170410156,3.8541369070683604,0.0,0.9,0.16015625,0.5,0.0,0.9860465111692808,0.06776512605042016,0.27999999999999997,0.9999999996093749,0.023437499990844726,0.47265624981536863,1.1021492853621715,0.35284736854741305,0.35284736854741305
-0.19999999999999996,-0.8,12575.908203125,86.05004119873047,3.7844625361371853,0.0,0.9,0.1796875,0.0,0.0,0.9952380947641724,0.08045549307236999,0.0,0.9999999996093749,0.0039062499984741208,0.44140624982757565,1.0884597284740924,0.32974219648992514,0.3279808775728216
-0.09999999999999998,-0.8,12463.4580078125,85.55720520019531,3.6005787545328025,0.0,0.9,0.1875,1.0,0.0,0.9999999995192308,0.08122700932224743,1.0,0.9999999996093749,0.0039062499984741208,0.3749999998535156,1.069594659741181,0.3086966384596182,0.3082547619483151
0.0,-0.8,12425.650390625,85.3955078125,3.51793167140916,0.0,0.9,0.17578125,0.0,0.0,0.9952606630354215,0.06975604857856108,0.0,0.9999999996093749,0.0039062499984741208,0.45312499982299803,1.04112281771651,0.2917334239014322,0.2917334239014322
0.10000000000000009,-0.8,12464.7705078125,85.56784057617188,3.51699385195171,0.0,0.9,0.1875,0.0,0.0,0.9951923072138499,0.10501971158833905,0.0,0.9999999996093749,0.0039062499984741208,0.42187499983520504,1.0201775961473702,0.23823732061506903,0.23823732061506903
0.20000000000000018,-0.8,12578.697265625,86.07103729248047,3.319911575766096,0.0,0.9,0.203125,0.0,0.0,0.999999999509804,0.099328098801783,0.0,0.9999999996093749,0.0,0.46484374981842036,0.9653922249898176,0.1998959825137811,0.19648172550416476
0.30000000000000004,-0.8,12770.7724609375,86.89618682861328,3.096458000019275,0.0,0.9,0.21875,0.0,0.0,0.9999999995000001,0.13845504383374227,0.0,0.9999999996093749,0.0,0.49999999980468746,0.9292214001871243,0.1381641327544125,0.1260425248786456
0.40000000000000013,-0.8,13032.0615234375,88.02938079833984,3.0480842424357415,0.0,0.9,0.203125,0.0,0.0,0.999999999509804,0.125682518901004,0.0,0.9999999996093749,0.0,0.5273437497940063,0.9053612578683644,0.1621636294342406,0.11326494522772541
0.5,-0.8,13359.734375,89.45282745361328,2.905112909168442,0.0,0.9,0.25,0.0,0.0,0.9999999994791667,0.16104322866074022,0.0,0.9999999996093749,0.0,0.5664062497787475,0.8822410009469274,0.09783925919947953,0.051843718881813494
0.6000000000000001,-0.8,13748.7158203125,91.14604949951172,2.769585659405683,0.0,0.9,0.26171875,0.0,0.0,0.9999999994708995,0.18057277057277057,0.0,0.9999999996093749,0.0,0.6093749997619629,0.867050753998307,0.08374080733455742,0.052755722362728526
0.7000000000000002,-0.8,14192.3955078125,93.08708190917969,2.7803420325422303,0.0,0.9,0.19140625,0.0,0.0,0.9999999995169082,0.12608097282903716,0.0,0.9999999996093749,0.0,0.5976562497665405,0.8980664186087248,0.16617630107086984,0.16617630107086984
0.8,-0.8,14685.6435546875,95.25362396240234,2.8292469271020786,0.0,0.9,0.15625,0.0,0.0,0.9999999995370371,0.09053679653679654,0.0,0.9999999996093749,0.0,0.5624999997802734,0.9544458500908551,0.23882633510059872,0.23823977631091844
0.9000000000000001,-0.8,15224.0166015625,97.623779296875,3.1040772615704317,0.0,0.9,0.1171875,0.75,0.0,0.9955752207984181,0.04617379729639174,0.375,0.9999999996093749,0.015624999993896483,0.5156249997985839,1.0142147308024247,0.31500790575672966,0.31500790575672966
1.0,-0.8,15802.5244140625,100.1767578125,3.1920042432055697,0.0,0.9,0.1171875,0.5,0.0,0.9955752207984181,0.043295549649599516,0.25,0.9999999996093749,0.0078124999969482415,0.47265624981536863,1.0264518229059965,0.3170889143209157,0.3170889143209157
-1.0,-0.7,15331.9228515625,98.1019287109375,4.075745361477643,0.0,0.9,0.125,0.0,0.0,0.9955357138412787,0.034062097637023454,0.0,0.9999999996093749,0.0039062499984741208,0.37109374985504145,1.1075400709481225,0.3443352319668524,0.3443352319668524
-0.9,-0.7,14735.7421875,95.47496032714844,3.778029108964189,0.0,0.9,0.12890625,1.0,0.0,0.9999999995515695,0.03267634971538952,1.0,0.9999999996093749,0.0078124999969482415,0.36718749985656735,1.0874574034342954,0.35204829181198505,0.3508727473309533
-0.8,-0.7,14180.3984375,93.03133392333984,3.8505966296757883,0.0,0.9,0.11328125,0.25,0.0,0.9867841405344564,0.02689765083061362,0.25,0.9999999996093749,0.015624999993896483,0.34374999986572263,1.1077937160850553,0.36400004542263253,0.36400004542263253
-0.7,-0.7,13670.396484375,90.79344177246094,3.8190808533526295,0.0,0.9,0.11328125,0.6666666666666666,0.0,0.9955947132177997,0.035484309438594396,0.6666666666666666,0.9999999996093749,0.011718749995422363,0.3593749998596191,1.1073058702721454,0.3605199646253701,0.3605199646253701
-0.6,-0.7,13210.7255859375,88.78506469726562,3.664093641231521,0.0,0.9,0.140625,0.8,0.0,0.9954545450020661,0.08238793416285314,0.5555555555555555,0.9999999996093749,0.019531249992370603,0.40234374984283444,1.0996502636494374,0.36017337233873775,0.36017337233873775
-0.5,-0.7,12807.3544921875,87.03076934814453,3.6100182822852482,0.0,0.9,0.1640625,0.5,0.0,0.9906542051445542,0.09696581196581196,0.16666666666666666,0.9999999996093749,0.015624999993896483,0.46874999981689447,1.0995123231399424,0.37676890652623096,0.3410732702252202
-0.3999999999999999,-0.7,12465.568359375,85.5549087524414,3.5862391290558744,0.0,0.9,0.171875,0.4,0.0,0.9858490561387505,0.12042959651156374,0.25,0.9999999996093749,0.019531249992370603,0.44531249982604976,1.0949976642265373,0.3730890373631483,0.3447318530976033
-0.29999999999999993,-0.7,12191.5771484375,84.38041687011719,3.589130907929503,0.0,0.9,0.18359375,0.5,0.0,0.9952153105286051,0.16105951164358243,0.25,0.9999999996093749,0.0078124999969482415,0.42187499983520504,1.0787320025653202,0.3214915727714782,0.31419068904112735
-0.19999999999999996,-0.7,11996.671875,83.52737426757812,3.6135810902329824,0.0,0.9,0.21875,0.0,0.0,0.9999999995000001,0.12695466863759547,0.0,0.9999999996093749,0.0,0.42968749983215326,1.0376523270360032,0.28443775355318285,0.28443775355318285
-0.09999999999999998,-0.7,11878.01171875,83.01139831542969,3.3102802998762013,0.0,0.9,0.2421875,1.0,0.0,0.9999999994845361,0.1594674029137554,1.0,0.9999999996093749,0.0039062499984741208,0.48437499981079096,0.9876752628903435,0.22616136621473465,0.22366208882036642
0.0,-0.7,11838.294921875,82.84245300292969,3.356739198689552,0.0,0.9,0.19140625,0.0,0.0,0.9951690816448459,0.11057814551349035,0.0,0.9999999996093749,0.0039062499984741208,0.48046874981231685,1.0093779214448844,0.25884823841348,0.2538826536643477
0.10000000000000009,-0.7,11879.30859375,83.02384185791016,3.2029396686905462,0.0,0.9,0.234375,0.0,0.0,0.9999999994897959,0.12380765226749015,0.0,0.9999999996093749,0.0,0.5156249997985839,0.9482695563029302,0.1754148465249622,0.16894185118088745
0.20000000000000018,-0.7,11999.2177734375,83.55191040039062,2.994684204097891,0.0,0.9,0.26953125,0.0,0.0,0.9999999994652407,0.1528069860953649,0.0,0.9999999996093749,0.0,0.5664062497787475,0.8826162698940138,0.15643556274756662,0.11320845795686217
0.30000000000000004,-0.7,12194.76953125,84.41641235351562,2.9845922439200447,0.0,0.9,0.2421875,0.0,0.0,0.9999999994845361,0.15894324194324191,0.0,0.9999999996093749,0.0,0.5624999997802734,0.8772270619197787,0.155535428175755,0.09909822583820502
0.40000000000000013,-0.7,12469.5048828125,85.60147094726562,2.8430762772278415,0.0,0.9,0.25,0.0,0.0,0.9999999994791667,0.14486078750062223,0.0,0.9999999996093749,0.0,0.5937499997680663,0.8701388188528538,0.09529679364389787,0.05873542140648097
0.5,-0.7,12812.9853515625,87.08686065673828,2.6867477222142413,0.0,0.9,0.3359375,0.0,0.0,0.9999999994117648,0.22768254698179127,0.0,0.9999999996093749,0.0,0.6367187497512817,0.8247826320057904,0.13642335231106273,-0.01466078303085736
0.6000000000000001,-0.7,13218.849609375,88.84962463378906,2.595002645944178,0.0,0.9,0.3125,0.0,0.0,0.9999999994318182,0.19558363597661974,0.0,0.9999999996093749,0.0,0.6289062497543334,0.8259927924776816,0.09197682142304006,0.02881450081008452
0.7000000000000002,-0.7,13680.2470703125,90.86540985107422,2.9497796751721337,0.0,0.9,0.1484375,0.0,0.0,0.9999999995412844,0.07425637556072338,0.0,0.9999999996093749,0.0,0.49218749980773924,0.9901695910245626,0.22610981528248714,0.22610981528248714
0.8,-0.7,14191.953125,93.10973358154297,2.945062504097894,0.0,0.9,0.15625,0.0,0.0,0.9953703699095507,0.06601782159982007,0.0,0.9999999996093749,0.0039062499984741208,0.5234374997955322,1.0097779096657744,0.268065093387254,0.268065093387254
0.9000000000000001,-0.7,14749.31640625,95.55889129638672,2.983730658801356,0.0,0.9,0.15234375,1.0,0.0,0.9999999995391705,0.07999451725588656,1.0,0.9999999996093749,0.0039062499984741208,0.49999999980468746,0.9823540621908442,0.2722321967369106,0.26423052979160017
1.0,-0.7,15346.54296875,98.19059753417969,3.254792966535144,0.0,0.9,0.1328125,0.5,0.0,0.9954954950470741,0.05259646687419748,0.25,0.9999999996093749,0.0078124999969482415,0.42578124983367915,1.0069647482281712,0.26796643139713744,0.26796643139713744
-1.0,-0.6,14926.212890625,96.32240295410156,3.900317690616142,0.0,0.9,0.10546875,0.0,0.0,0.9999999995633188,0.025995399125833908,0.0,0.9999999996093749,0.0,0.37890624985198973,1.1164443781141178,0.36383248215780656,0.36383248215780656
-0.9,-0.6,14312.3740234375,93.6216049194336,3.5349878977131013,0.0,0.9,0.109375,1.0,0.0,0.9999999995614035,0.041214497920380275,1.0,0.9999999996093749,0.0039062499984741208,0.38671874984893795,1.0725341996375932,0.3491286163361434,0.3486468070451561
-0.8,-0.6,13738.5927734375,91.10347747802734,3.7154144907976514,0.0,0.9,0.09375,0.0,0.0,0.9999999995689656,0.020869759848325255,0.0,0.9999999996093749,0.0,0.38281249985046384,1.1039416694603577,0.3822519891243333,0.3822519891243333
-0.7,-0.6,13209.955078125,88.79181671142578,3.5911568101501263,0.0,0.9,0.1484375,1.0,0.0,0.9999999995412844,0.07736291224123173,1.0,0.9999999996093749,0.0039062499984741208,0.39062499984741206,1.066831825824755,0.3204475597614629,0.3197725187507705
-0.6,-0.6,12732.3232421875,86.71220397949219,3.4354296063826313,0.0,0.9,0.1484375,1.0,0.0,0.9999999995412844,0.08990696730170414,1.0,0.9999999996093749,0.0078124999969482415,0.49218749980773924,1.0514584231469493,0.3313584038382454,0.33007904343806876
-0.5,-0.6,12311.5478515625,84.891357421875,3.4056183440435013,0.0,0.9,0.16015625,1.0,0.0,0.9999999995348837,0.08432707971341598,1.0,0.9999999996093749,0.0039062499984741208,0.48437499981079096,1.057326310308161,0.3445526841179584,0.32642692744988844
-0.3999999999999999,-0.6,11954.490234375,83.35610961914062,3.42108938485927,0.0,0.9,0.21875,0.5,0.0,0.9949999995025001,0.165947723283465,0.25,0.9999999996093749,0.0078124999969482415,0.5195312497970581,1.0381496549415663,0.3431405406525952,0.27549168973457056
-0.29999999999999993,-0.6,11672.990234375,82.13204193115234,3.3274068596592192,0.0,0.9,0.24609375,0.0,0.0,0.9948186523342909,0.1946052248829025,0.0,0.9999999996093749,0.0039062499984741208,0.5117187498001098,1.0034947520006783,0.2353033469809901,0.2331571540138401
-0.19999999999999996,-0.6,11468.177734375,81.24166870117188,3.274481572305136,0.0,0.9,0.234375,0.0,0.0,0.9999999994897959,0.1365885343743969,0.0,0.9999999996093749,0.0,0.5273437497940063,0.9989330734457397,0.22421019662231115,0.22421019662231115
-0.09999999999999998,-0.6,11343.2646484375,80.7027587890625,3.2664770859444263,0.0,0.9,0.265625,1.0,0.0,0.9999999994680852,0.15906362356834058,1.0,0.9999999996093749,0.0078124999969482415,0.5312499997924804,0.9489262481026955,0.19886762813607997,0.192687801872814
0.0,-0.6,11301.6103515625,80.52664184570312,3.138106804119504,0.0,0.9,0.2734375,0.0,0.0,0.9999999994623656,0.1582273010089102,0.0,0.9999999996093749,0.0,0.550781249784851,0.9367801212990808,0.16664963974151398,0.1591756042926285
0.10000000000000009,-0.6,11344.2861328125,80.7170639038086,3.115795892068176,0.0,0.9,0.28125,0.0,0.0,0.9999999994565217,0.16546355062748505,0.0,0.9999999996093749,0.0,0.5742187497756958,0.9027682667396459,0.13705785858235947,0.12716672153329864
0.20000000000000018,-0.6,11470.431640625,81.2698745727539,2.8024965420095773,0.0,0.9,0.28515625,0.0,0.0,0.9999999994535519,0.18613042949402292,0.0,0.9999999996093749,0.0,0.6015624997650146,0.8466493422461482,0.14577889321753243,0.10653759484629186
0.30000000000000004,-0.6,11676.4609375,82.17335510253906,2.700414530477765,0.0,0.9,0.2890625,0.0,0.0,0.9999999994505495,0.2091192865105909,0.0,0.9999999996093749,0.0,0.6249999997558593,0.8267026589998749,0.11732013335883917,0.056588081449776485
0.40000000000000013,-0.6,11958.4443359375,83.40946960449219,2.519351717430788,0.0,0.9,0.38671875,0.0,0.0,0.9999999993630574,0.27274402312138163,0.0,0.9999999996093749,0.0,0.6718749997375487,0.7683029012268366,0.14908656966578826,-0.04774409686240341
0.5,-0.6,12317.09375,84.95553588867188,2.639054411238453,0.0,0.9,0.41015625,0.0,0.0,0.9999999993377484,0.28906948733324445,0.0,0.9999999996093749,0.0,0.6562499997436523,0.7529819917282138,0.08666471716694034,-0.06268663206080427
0.6000000000000001,-0.6,12739.52734375,86.78595733642578,2.540793355364443,0.0,0.9,0.35546875,1.0,0.0,0.9999999993939395,0.24752640720132982,1.0,0.9999999996093749,0.0078124999969482415,0.64453124974823,0.7948210032737107,0.06508073171328456,0.008103335896049063
0.7000000000000002,-0.6,13218.435546875,88.8739013671875,2.704660944079338,0.0,0.9,0.27734375,0.0,0.0,0.9999999994594595,0.1670555406225961,0.0,0.9999999996093749,0.0,0.5859374997711181,0.8495245447875254,0.11043005842088992,0.0938337278052786
0.8,-0.6,13748.390625,91.19276428222656,2.5513629871535777,0.0,0.9,0.265625,0.0,0.0,0.9999999994680852,0.15404637410519764,0.0,0.9999999996093749,0.0,0.5937499997680663,0.8816399526247983,0.1496965321417528,0.13749263275434856
0.9000000000000001,-0.6,14323.6162109375,93.71707153320312,2.9493980862458216,0.0,0.9,0.203125,0.0,0.0,0.999999999509804,0.10194952177868023,0.0,0.9999999996093749,0.0,0.550781249784851,0.9191073315685437,0.20080564141491752,0.19573378747697423
1.0,-0.6,14938.8662109375,96.42315673828125,2.9973038281702786,0.0,0.9,0.15234375,0.0,0.0,0.9999999995391705,0.06626166257361032,0.0,0.9999999996093749,0.0,0.5273437497940063,0.9819039816245271,0.26095639040090063,0.2607172810947356
-1.0,-0.5,14573.6787109375,94.77967834472656,3.6134370854148052,0.0,0.9,0.1171875,1.0,0.0,0.9999999995575222,0.0456978576978577,1.0,0.9999999996093749,0.0078124999969482415,0.41796874983673094,1.0715630556248483,0.3371606690866791,0.33601240909607966
-0.9,-0.5,13943.1728515625,92.01140594482422,3.765502895154572,0.0,0.9,0.11328125,0.3333333333333333,0.0,0.991189426876128,0.04182195421325856,0.3333333333333333,0.9999999996093749,0.011718749995422363,0.35546874986114496,1.1064657998473222,0.3450850946236299,0.33654561525938126
-0.8,-0.5,13352.2255859375,89.42472839355469,3.43042466409061,0.0,0.9,0.12890625,0.3333333333333333,0.0,0.9910313896901205,0.051766935061865936,0.1111111111111111,0.9999999996093749,0.011718749995422363,0.39062499984741206,1.061651664596202,0.3224674063269848,0.3224674063269848
-0.7,-0.5,12806.1103515625,87.04471588134766,3.357927059625584,0.0,0.9,0.171875,0.75,0.0,0.9952830183984515,0.10254587574190932,0.5,0.9999999996093749,0.015624999993896483,0.46093749981994625,1.0347614219419472,0.2961589862222845,0.2961589862222845
-0.6,-0.5,12311.0791015625,84.89862060546875,3.1589800521747904,0.0,0.9,0.21484375,0.0,0.0,0.9999999995024876,0.13399848828420258,0.0,0.9999999996093749,0.0,0.5468749997863769,0.9668646106374273,0.24736154413989206,0.24736154413989206
-0.5,-0.5,11874.0439453125,83.01522827148438,3.1256467514639334,0.0,0.9,0.203125,0.6666666666666666,0.0,0.9950980387278932,0.15796651740244252,0.5,0.9999999996093749,0.011718749995422363,0.5546874997833251,0.9730941637303144,0.28461734559519525,0.28461734559519525
-0.3999999999999999,-0.5,11508.1591796875,81.42382049560547,3.3520816322585976,0.0,0.9,0.22265625,0.0,0.0,0.984924622620641,0.14453352887887994,0.0,0.9999999996093749,0.011718749995422363,0.49999999980468746,0.9940983021942565,0.27736357804077066,0.2528389189541895
-0.29999999999999993,-0.5,11214.021484375,80.15251922607422,3.1667147679199905,0.0,0.9,0.19921875,0.3333333333333333,0.0,0.9902439019559787,0.12161707513495003,0.5,0.9999999996093749,0.011718749995422363,0.5156249997985839,0.9994131703112576,0.27197061763740454,0.27197061763740454
-0.19999999999999996,-0.5,10998.6259765625,79.22644805908203,3.037578685638139,0.0,0.9,0.23046875,0.25,0.0,0.9847715731041768,0.14493310013809754,0.3333333333333333,0.9999999996093749,0.015624999993896483,0.550781249784851,0.9626354349252024,0.23558290827889575,0.23558290827889575
-0.09999999999999998,-0.5,10866.7177734375,78.66552734375,2.99963794600133,0.0,0.9,0.3125,0.0,0.0,0.9943181812532284,0.20032558620601051,0.0,0.9999999996093749,0.0039062499984741208,0.6367187497512817,0.8698066135771174,0.1449163983980176,0.1449163983980176
0.0,-0.5,10822.69140625,78.48253631591797,2.8706250069125057,0.0,0.9,0.33203125,1.0,0.0,0.9999999994152047,0.21105892255892256,1.0,0.9999999996093749,0.0039062499984741208,0.6210937497573852,0.8583705333030719,0.13580296714774315,0.11668518819639753
0.10000000000000009,-0.5,10867.5595703125,78.68170928955078,2.609992021637559,0.0,0.9,0.3203125,0.0,0.0,0.9999999994252874,0.20160645995311946,0.0,0.9999999996093749,0.0,0.6718749997375487,0.8132852549850105,0.15825557566964757,0.10766063522774477
0.20000000000000018,-0.5,10999.7373046875,79.25830841064453,2.613555544841012,0.0,0.9,0.3125,0.0,0.0,0.9999999994318182,0.19188710295367495,0.0,0.9999999996093749,0.0,0.7187499997192383,0.8128673368064151,0.10291295136551863,0.0877131573221337
0.30000000000000004,-0.5,11215.8369140625,80.19913482666016,2.3780959250065252,0.0,0.9,0.4453125,1.0,0.0,0.9999999992957747,0.3139827110122013,1.0,0.9999999996093749,0.0078124999969482415,0.746093749708557,0.7022288986241632,0.15243731172357514,-0.05732399088891256
0.40000000000000013,-0.5,11510.8095703125,81.48394775390625,2.389681041103311,0.0,0.9,0.44921875,0.0,0.0,0.9999999992907802,0.34715293576866474,0.0,0.9999999996093749,0.0,0.7109374997222899,0.6904894131075126,0.1744955333471626,-0.062189452038624096
0.5,-0.5,11878.3486328125,83.08748626708984,2.5085317461398557,0.0,0.9,0.4296875,0.5,0.0,0.9931506842512667,0.2855679425244642,0.5,0.9999999996093749,0.0078124999969482415,0.6835937497329712,0.751289716578994,0.10345463196719504,-0.06389674711098152
0.6000000000000001,-0.5,12316.76953125,84.9815444946289,2.763052811687687,0.0,0.9,0.22265625,0.0,0.0,0.9999999994974874,0.12672505265417142,0.0,0.9999999996093749,0.0,0.5078124998016357,0.9184619746207833,0.1431048910716345,0.1431048910716345
0.7000000000000002,-0.5,12812.658203125,87.13690185546875,2.5921252317895815,0.0,0.9,0.37109375,0.0,0.0,0.9999999993788821,0.2533064133773125,0.0,0.9999999996093749,0.0,0.6015624997650146,0.8153069474653777,0.05957804394834338,0.0038492438313578194
0.8,-0.5,13359.8564453125,89.52488708496094,2.7570018675106525,0.0,0.9,0.2578125,0.0,0.0,0.9999999994736842,0.1404787917592796,0.0,0.9999999996093749,0.0,0.5937499997680663,0.8749036656048119,0.14414199633173005,0.13190898812598376
0.9000000000000001,-0.5,13951.7568359375,92.11837768554688,2.963217243977583,0.0,0.9,0.17578125,0.0,0.0,0.9999999995260663,0.08596397661492233,0.0,0.9999999996093749,0.0,0.5624999997802734,0.9356821596244425,0.2114968127428393,0.2053960088784275
1.0,-0.5,14583.6396484375,94.89248657226562,3.0235574085609973,0.0,0.9,0.1796875,1.0,0.0,0.9999999995238096,0.08174348088840841,1.0,0.9999999996093749,0.0039062499984741208,0.5351562497909546,0.9304734681691119,0.22843135207983697,0.2229921484011639
-1.0,-0.3999999999999999,14277.3740234375,93.49122619628906,3.475286575696418,0.0,0.9,0.1484375,0.3333333333333333,0.0,0.9908256876188873,0.07819966759922994,0.1111111111111111,0.9999999996093749,0.011718749995422363,0.5234374997955322,1.0133837479331098,0.2856991728239941,0.2856991728239941
-0.9,-0.3999999999999999,13632.556640625,90.66397094726562,3.2607779283720615,0.0,0.9,0.1953125,1.0,0.0,0.9999999995145631,0.13005638477495815,1.0,0.9999999996093749,0.0039062499984741208,0.5351562497909546,0.9870012727653282,0.2592126969084696,0.25870298473028674
-0.8,-0.3999999999999999,13026.1689453125,88.01702117919922,3.2634660977842276,0.0,0.9,0.13671875,1.0,0.0,0.9999999995475113,0.07058149385735592,1.0,0.9999999996093749,0.011718749995422363,0.45703124982147214,1.046633184283753,0.321895894435044,0.3202332705726287
-0.7,-0.3999999999999999,12464.283203125,85.57649993896484,2.9456560471357287,0.0,0.9,0.23828125,1.0,0.0,0.9999999994871795,0.1800682642919801,1.0,0.9999999996093749,0.015624999993896483,0.5976562497665405,0.9460347612274144,0.2495652458683244,0.23346178031893539
-0.6,-0.3999999999999999,11953.7333984375,83.37113952636719,3.2538171193152774,0.0,0.9,0.20703125,0.6666666666666666,0.0,0.9950738911354317,0.13817584492160762,0.5,0.9999999996093749,0.011718749995422363,0.46484374981842036,1.0167634935764942,0.27874617076564934,0.27661413926523126
-0.5,-0.3999999999999999,11507.9384765625,81.43162536621094,2.8899291031286642,0.0,0.9,0.35546875,1.0,0.0,0.9999999993939395,0.26683570623697617,1.0,0.9999999996093749,0.015624999993896483,0.6171874997589111,0.8714317357408988,0.1870104487406818,0.11531753726749504
-0.3999999999999999,-0.3999999999999999,11127.7666015625,79.78947448730469,2.8342269546532064,0.0,0.9,0.3359375,0.75,0.0,0.9941176464740484,0.22715725912976092,0.6666666666666666,0.9999999996093749,0.015624999993896483,0.6171874997589111,0.868048746313866,0.15744014266024775,0.14112445285795427
-0.29999999999999993,-0.3999999999999999,10821.0625,78.47528839111328,2.909199641930653,0.0,0.9,0.33203125,0.625,0.0,0.9824561397763415,0.24058980308796374,0.6666666666666666,0.9999999996093749,0.031249999987792966,0.6210937497573852,0.847951198098951,0.15624252537039518,0.15624252537039518
-0.19999999999999996,-0.3999999999999999,10595.8955078125,77.51667022705078,2.7740461728859365,0.0,0.9,0.328125,0.25,0.0,0.982558138963629,0.2188103334573923,0.5,0.9999999996093749,0.015624999993896483,0.6679687497390746,0.8165133543993164,0.18336418129969395,0.15280592130066012
-0.09999999999999998,-0.3999999999999999,10457.66015625,76.93561553955078,2.765017857567516,0.0,0.9,0.35546875,1.0,0.0,0.9999999993939395,0.22524739126602392,1.0,0.9999999996093749,0.0078124999969482415,0.679687499734497,0.8072106150828855,0.14402195820608923,0.11030043586724853
0.0,-0.3999999999999999,10410.6787109375,76.74634552001953,2.5738487792283045,0.0,0.9,0.41015625,0.6666666666666666,0.0,0.9933774827858428,0.2580242174117736,0.6666666666666666,0.9999999996093749,0.011718749995422363,0.7148437497207641,0.7454196718349334,0.09873405245066803,0.06997700007014804
0.10000000000000009,-0.3999999999999999,10457.4609375,76.95361328125,2.3581070608459838,0.0,0.9,0.37890625,1.0,0.0,0.9999999993710692,0.25296284622244686,1.0,0.9999999996093749,0.0039062499984741208,0.7343749997131347,0.7350296954723488,0.12131920153069793,0.0538318857151994
0.20000000000000018,-0.3999999999999999,10595.296875,77.55207824707031,2.0485330605973577,0.0,0.9,0.48828125,1.0,0.0,0.9999999992366413,0.3463552903096546,1.0,0.9999999996093749,0.023437499990844726,0.7890624996917724,0.6218824310086141,0.16675208674310638,-0.04718250325945783
0.30000000000000004,-0.3999999999999999,10821.2275390625,78.52706146240234,2.405870615893884,0.0,0.9,0.52734375,0.0,0.0,0.9999999991735538,0.4096168726603509,0.0,0.9999999996093749,0.0,0.7539062497055053,0.6293442228112515,0.12249851369636852,-0.08660214618129297
0.40000000000000013,-0.3999999999999999,11128.7802734375,79.85618591308594,2.39886373244784,0.0,0.9,0.3984375,0.4,0.0,0.9805194798827795,0.2551994224381715,0.3125,0.9999999996093749,0.019531249992370603,0.6484374997467041,0.7791780235709223,0.07963705848662418,0.05122237179070663
0.5,-0.3999999999999999,11510.2734375,81.51172637939453,2.4489182813673747,0.0,0.9,0.38671875,1.0,0.0,0.9999999993630574,0.2618692418459591,1.0,0.9999999996093749,0.011718749995422363,0.7148437497207641,0.7723004353728202,0.08136141296911867,-0.019424506994375874
0.6000000000000001,-0.3999999999999999,11957.4970703125,83.46297454833984,2.6975448053221522,0.0,0.9,0.19921875,0.0,0.0,0.9999999995121952,0.1133963571110114,0.0,0.9999999996093749,0.0,0.49999999980468746,0.9433932849185163,0.16782370407013902,0.16782370407013902
0.7000000000000002,-0.3999999999999999,12468.9189453125,85.67851257324219,2.4612140040214077,0.0,0.9,0.3359375,0.0,0.0,0.9999999994117648,0.21413873254686716,0.0,0.9999999996093749,0.0,0.64453124974823,0.8090425655743649,0.14623948650948285,0.03142435854540614
0.8,-0.3999999999999999,13031.419921875,88.12779235839844,2.5721957636560737,0.0,0.9,0.3359375,1.0,0.0,0.9999999994117648,0.21268471168689926,1.0,0.9999999996093749,0.0039062499984741208,0.6562499997436523,0.797251776310535,0.14909398659959963,0.03708681644646721
0.9000000000000001,-0.3999999999999999,13638.5166015625,90.78221130371094,2.938314662431568,0.0,0.9,0.234375,0.0,0.0,0.9999999994897959,0.12984729280381455,0.0,0.9999999996093749,0.0,0.6171874997589111,0.8971831313892796,0.15396565525624342,0.14581486548207157
1.0,-0.3999999999999999,14284.5517578125,93.6158447265625,3.1661395235076446,0.0,0.9,0.12109375,0.0,0.0,0.9999999995555556,0.055083203460098304,0.0,0.9999999996093749,0.0,0.47656249981384274,1.0169932771361598,0.27706567413246946,0.26678422789328027
-1.0,-0.29999999999999993,14041.0498046875,92.47293853759766,3.2109263928675564,0.0,0.9,0.1875,1.0,0.0,0.9999999995192308,0.0978751916079105,1.0,0.9999999996093749,0.0078124999969482415,0.550781249784851,0.9882558547649571,0.26724611593632513,0.2619215399415358
-0.9,-0.29999999999999993,13383.787109375,89.59732055664062,2.9745910020092787,0.0,0.9,0.25,1.0,0.0,0.9999999994791667,0.15018132450763347,1.0,0.9999999996093749,0.0039062499984741208,0.5546874997833251,0.9362024588755335,0.18985650004157975,0.18696875972410817
-0.8,-0.29999999999999993,12764.7314453125,86.90068054199219,2.927723632575494,0.0,0.9,0.22265625,0.4,0.0,0.984924622620641,0.12441149603607936,0.25,0.9999999996093749,0.019531249992370603,0.5078124998016357,0.9801272430393657,0.2436676416801369,0.2436676416801369
-0.7,-0.29999999999999993,12190.2578125,84.40999603271484,2.828941989747031,0.0,0.9,0.3359375,0.8,0.0,0.9941176464740484,0.2279550343788501,0.5555555555555555,0.9999999996093749,0.019531249992370603,0.6289062497543334,0.8749215566109872,0.16752469619845212,0.14516551920192386
-0.6,-0.29999999999999993,11673.1630859375,82.15522766113281,2.7693833612463727,0.0,0.9,0.3359375,1.0,0.0,0.9999999994117648,0.2288142665112219,1.0,0.9999999996093749,0.011718749995422363,0.6679687497390746,0.86267789882173,0.15774408522751232,0.14455654133204707
-0.5,-0.29999999999999993,11214.2705078125,80.16864776611328,2.6744081305427505,0.0,0.9,0.375,0.875,0.0,0.9937499993789063,0.2490332439296201,0.6666666666666666,0.9999999996093749,0.031249999987792966,0.6757812497360229,0.827114292120978,0.153843979099634,0.12311831430662983
-0.3999999999999999,-0.29999999999999993,10821.24609375,78.48368072509766,2.7460536866320133,0.0,0.9,0.3515625,0.9333333333333333,0.0,0.9939759030156772,0.22425407390624782,0.7,0.9999999996093749,0.05859374997711181,0.6171874997589111,0.856779276369357,0.15964454890250743,0.15955717474963596
-0.29999999999999993,-0.29999999999999993,10503.2734375,77.13314819335938,2.6861239000176176,0.0,0.9,0.33203125,0.3333333333333333,0.0,0.9883040929892959,0.2132688495224092,0.5,0.9999999996093749,0.011718749995422363,0.6757812497360229,0.8546330260821975,0.1453833933871088,0.1453833933871088
-0.19999999999999996,-0.29999999999999993,10268.5908203125,76.14678955078125,2.3261893406108305,0.0,0.9,0.45703125,0.7777777777777778,0.0,0.985611510082294,0.33119079519564104,0.6666666666666667,0.9999999996093749,0.03515624998626709,0.746093749708557,0.7044941272021441,0.10209558807754096,0.04449144613757639
-0.09999999999999998,-0.29999999999999993,10123.6865234375,75.548583984375,2.331099749938601,0.0,0.9,0.4765625,1.0,0.0,0.9999999992537314,0.3214722911752746,1.0,0.9999999996093749,0.023437499990844726,0.7578124997039795,0.6780642521320689,0.093488706929281,0.03287951080213313
0.0,-0.29999999999999993,10074.3505859375,75.35400390625,1.9839327435420926,0.0,0.9,0.57421875,1.0,0.0,0.9999999990825689,0.41161836751142494,1.0,0.9999999996093749,0.019531249992370603,0.8203124996795653,0.5690733940217138,0.10288040799779331,-0.06258340475334927
0.10000000000000009,-0.29999999999999993,10122.79296875,75.5682373046875,1.9427502265662844,0.0,0.9,0.65234375,1.0,0.0,0.9999999988764046,0.4929639517848107,1.0,0.9999999996093749,0.039062499984741206,0.8476562496688842,0.49236635918949107,0.15959537578230057,-0.13576890414693282
0.20000000000000018,-0.29999999999999993,10266.6689453125,76.18548583984375,2.0835906938361357,0.0,0.9,0.515625,0.75,0.0,0.9919354830710199,0.3581782813131875,0.5,0.9999999996093749,0.015624999993896483,0.8046874996856689,0.6372580721855062,0.05598013243117325,-0.017604194297474507
0.30000000000000004,-0.29999999999999993,10501.615234375,77.18971252441406,2.2260454038577606,0.0,0.9,0.51171875,1.0,0.0,0.9999999992,0.3579988553053336,1.0,0.9999999996093749,0.023437499990844726,0.7539062497055053,0.6462598845497062,0.05530660287855806,-0.01996121672419114
0.40000000000000013,-0.29999999999999993,10820.3203125,78.55656433105469,1.8645066450815935,0.0,0.9,0.58984375,1.0,0.0,0.9999999990476192,0.46908353497834554,1.0,0.9999999996093749,0.015624999993896483,0.8203124996795653,0.5794822904208133,0.1181236228628597,-0.1181236228628597
0.5,-0.29999999999999993,11213.7939453125,80.256103515625,2.191046570599583,0.0,0.9,0.4609375,1.0,0.0,0.9999999992753623,0.3379530297700238,1.0,0.9999999996093749,0.0078124999969482415,0.6953124997283935,0.7255025604295205,0.07378747041648584,-0.045359349156831326
0.6000000000000001,-0.29999999999999993,11674.244140625,82.25550079345703,2.393285035859555,0.0,0.9,0.43359375,1.0,0.0,0.9999999993103449,0.3144915672999768,1.0,0.9999999996093749,0.0078124999969482415,0.7226562497177124,0.716518872047852,0.08253592965823525,-0.022774803048982536
0.7000000000000002,-0.29999999999999993,12192.66796875,84.52136993408203,2.4288418281835256,0.0,0.9,0.34765625,0.0,0.0,0.9999999994011977,0.24224810657714277,0.0,0.9999999996093749,0.0,0.6484374997467041,0.7879120459537743,0.12116359910163074,0.02921073721890754
0.8,-0.29999999999999993,12768.0146484375,87.02159118652344,2.835295725511955,0.0,0.9,0.234375,0.0,0.0,0.9999999994897959,0.13193725504648357,0.0,0.9999999996093749,0.0,0.550781249784851,0.9151436693850189,0.15017240774077922,0.12794135885025634
0.9000000000000001,-0.29999999999999993,13387.8564453125,89.72638702392578,2.961958930353187,0.0,0.9,0.19921875,0.5,0.0,0.9951219507340869,0.098025463184848,0.25,0.9999999996093749,0.0078124999969482415,0.550781249784851,0.940037332405485,0.17659082753867508,0.17360784684061017
1.0,-0.29999999999999993,14046.15234375,92.60896301269531,3.0759872621200937,0.0,0.9,0.19140625,1.0,0.0,0.9999999995169082,0.09271150694626264,1.0,0.9999999996093749,0.0039062499984741208,0.5429687497879028,0.9333853758143494,0.23032097729562767,0.2108006740023437
-1.0,-0.19999999999999996,13867.8125,91.73832702636719,2.929162548269044,0.0,0.9,0.23828125,1.0,0.0,0.9999999994871795,0.1333565412673427,1.0,0.9999999996093749,0.0039062499984741208,0.5312499997924804,0.9344165009912571,0.18194404581515514,0.18120864532880013
-0.9,-0.19999999999999996,13201.71484375,88.826904296875,2.8260718473589153,0.0,0.9,0.31640625,1.0,0.0,0.9999999994285714,0.21960542312067713,1.0,0.9999999996093749,0.011718749995422363,0.5624999997802734,0.8823378586730679,0.1507704773598501,0.1444436128333856
-0.8,-0.19999999999999996,12572.9033203125,86.09333801269531,2.9025677909001604,0.0,0.9,0.328125,1.0,0.0,0.9999999994186047,0.23434426479828607,1.0,0.9999999996093749,0.011718749995422363,0.6835937497329712,0.8707770640565415,0.14225097162662237,0.13731727771072166
-0.7,-0.19999999999999996,11994.892578125,83.56520080566406,2.8845261806334275,0.0,0.9,0.21484375,0.6666666666666666,0.0,0.9950248751268533,0.12682677440348286,0.5,0.9999999996093749,0.011718749995422363,0.582031249772644,0.9849162642094402,0.2594060248041477,0.2462985735251039
-0.6,-0.19999999999999996,11468.068359375,81.27334594726562,2.518141087521021,0.0,0.9,0.39453125,0.875,0.0,0.9935483864557753,0.259367989442307,0.6785714285714286,0.9999999996093749,0.031249999987792966,0.7343749997131347,0.8040578315526348,0.11169580463173198,0.11169580463173198
-0.5,-0.19999999999999996,10998.671875,79.25127410888672,2.4668095091190994,0.0,0.9,0.43359375,1.0,0.0,0.9999999993103449,0.2851364262977166,1.0,0.9999999996093749,0.03515624998626709,0.8007812496871948,0.7496074318984021,0.13403445149970586,0.08679036551970902
-0.3999999999999999,-0.19999999999999996,10595.76953125,77.53389739990234,2.419264554100448,0.0,0.9,0.43359375,0.9166666666666666,0.0,0.9931034475909631,0.3099416543194723,0.8666666666666667,0.9999999996093749,0.04687499998168945,0.7421874997100829,0.746394061047784,0.12016265197251874,0.11129801579418246
-0.29999999999999993,-0.19999999999999996,10268.0068359375,76.15571594238281,2.5223315621648705,0.0,0.9,0.40625,0.8,0.0,0.9868421046139197,0.2527713886876846,0.6666666666666667,0.9999999996093749,0.039062499984741206,0.7109374997222899,0.8203497798651187,0.16951995583973503,0.14244144604524633
-0.19999999999999996,-0.19999999999999996,10024.853515625,75.14823913574219,2.317273648265897,0.0,0.9,0.4296875,0.6470588235294118,0.0,0.9589041089322575,0.26055148119854,0.40816326530612246,0.9999999996093749,0.06640624997406006,0.7226562497177124,0.7979867931031488,0.17038557085486708,0.15912721803883462
-0.09999999999999998,-0.19999999999999996,9874.00390625,74.53693389892578,2.1911190200434967,0.0,0.9,0.56640625,0.9473684210526315,0.0,0.9909909900982063,0.4162563023440606,0.9523809523809523,0.9999999996093749,0.07421874997100829,0.8749999996582031,0.5497286126648736,0.0822765581017882,0.012257958687130378
0.0,-0.19999999999999996,9823.1298828125,74.33836364746094,2.0530937992852953,0.0,0.9,0.53515625,0.8285714285714286,0.0,0.9495798311348069,0.38014811518832753,0.643939393939394,0.9999999996093749,0.13671874994659422,0.8007812496871948,0.6412012360217088,0.14266521438575044,0.09352386842230523
0.10000000000000009,-0.19999999999999996,9873.7998046875,74.5580825805664,1.716541903020748,0.0,0.9,0.80859375,1.0,0.0,0.9999999979591837,0.6604162250556112,1.0,0.9999999996093749,0.10937499995727538,0.9570312496261596,0.2775911683464179,0.1492375072451379,-0.13771669673553616
0.20000000000000018,-0.19999999999999996,10022.7392578125,75.18984985351562,2.1940846490701555,0.0,0.9,0.7109375,1.0,0.0,0.9999999986486487,0.5603950231196607,1.0,0.9999999996093749,0.09765624996185301,0.9062499996459961,0.4315449949044417,0.08922114193272639,-0.08922114193272639
0.30000000000000004,-0.19999999999999996,10264.8671875,76.21656036376953,2.17324716380084,0.0,0.9,0.48828125,0.9375,0.0,0.9923664114562089,0.34744710039305154,0.7291666666666666,0.9999999996093749,0.06249999997558593,0.746093749708557,0.7173032250326467,0.08454375854980352,0.07480097801271074
0.40000000000000013,-0.19999999999999996,10592.0888671875,77.61231231689453,2.3966781493878555,0.0,0.9,0.47265625,1.0,0.0,0.9999999992592593,0.3758988791827667,1.0,0.9999999996093749,0.031249999987792966,0.7656249997009277,0.7070096428589452,0.09598064646728524,0.03847600890414859
0.5,-0.19999999999999996,10995.595703125,79.3454360961914,2.458973703898887,0.0,0.9,0.43359375,0.5,0.0,0.9931034475909631,0.3119313640734518,0.25,0.9999999996093749,0.0078124999969482415,0.7265624997161865,0.7352336325091358,0.07308926673068844,0.0340489195954257
0.6000000000000001,-0.19999999999999996,11466.244140625,81.38135528564453,2.567138130859388,0.0,0.9,0.3125,0.0,0.0,0.9999999994318182,0.20783337201489166,0.0,0.9999999996093749,0.0,0.5703124997772216,0.8644270503797846,0.13027224652810476,0.11750660624072409
0.7000000000000002,-0.19999999999999996,11994.9814453125,83.6852035522461,2.7163721239966723,0.0,0.9,0.30859375,0.0,0.0,0.9999999994350283,0.1994080476336078,0.0,0.9999999996093749,0.0,0.613281249760437,0.8565129349120526,0.10246027266302137,0.08624615418086924
0.8,-0.19999999999999996,12574.3447265625,86.22369384765625,2.8664998887600186,0.0,0.9,0.27734375,0.0,0.0,0.9999999994594595,0.1701611295814819,0.0,0.9999999996093749,0.0,0.5234374997955322,0.889538068007177,0.10006302966710287,0.10006302966710287
0.9000000000000001,-0.19999999999999996,13203.6259765625,88.96614837646484,2.840956557298687,0.0,0.9,0.2578125,1.0,0.0,0.9999999994736842,0.1476038152237957,1.0,0.9999999996093749,0.0039062499984741208,0.5546874997833251,0.8787052195240843,0.14194326621907194,0.12342738464048998
1.0,-0.19999999999999996,13871.0791015625,91.88511657714844,3.092959326667716,0.0,0.9,0.19140625,0.0,0.0,0.9999999995169082,0.10874714884433555,0.0,0.9999999996093749,0.0,0.5468749997863769,0.9594417500399619,0.19791122531012956,0.19654681474230012
-1.0,-0.09999999999999998,13759.640625,91.29765319824219,3.1283657960813214,0.0,0.9,0.23046875,0.0,0.0,0.9999999994923858,0.1312680747299557,0.0,0.9999999996093749,0.0,0.5429687497879028,0.972542062574706,0.204668761260677,0.204668761260677
-0.9,-0.09999999999999998,13088.025390625,88.36456298828125,2.8696790812235684,0.0,0.9,0.359375,0.0,0.0,0.999999999390244,0.2640743416266391,0.0,0.9999999996093749,0.0,0.6874999997314453,0.8541902211047304,0.13662764286308487,0.09254055001365093
-0.8,-0.09999999999999998,12460.07421875,85.6085433959961,2.972209140858956,0.0,0.9,0.3125,1.0,0.0,0.9999999994318182,0.22129323701134693,1.0,0.9999999996093749,0.011718749995422363,0.6210937497573852,0.8811216580835783,0.18957056165174707,0.17062016329922347
-0.7,-0.09999999999999998,11876.0341796875,83.05760192871094,2.8073522938794553,0.0,0.9,0.375,1.0,0.0,0.9999999993750001,0.26381302073332363,1.0,0.9999999996093749,0.023437499990844726,0.7304687497146606,0.8103958435204356,0.13620815294856994,0.1213448139057532
-0.6,-0.09999999999999998,11342.63671875,80.74311065673828,2.4621607045707075,0.0,0.9,0.46484375,0.7777777777777778,0.0,0.9854014591347435,0.35860670787331844,0.625,0.9999999996093749,0.03515624998626709,0.8046874996856689,0.7428509267848251,0.12147094799336795,0.05960304549013977
-0.5,-0.09999999999999998,10866.95703125,78.69928741455078,2.4811436211665234,0.0,0.9,0.4375,1.0,0.0,0.9999999993055556,0.3297569820558326,1.0,0.9999999996093749,0.05468749997863769,0.7929687496902466,0.7655469031499272,0.1283623520728311,0.11615876322632963
-0.3999999999999999,-0.09999999999999998,10457.56640625,76.96198272705078,2.714843920547481,0.0,0.9,0.48828125,0.8260869565217391,0.0,0.9694656481149118,0.36372041092701113,0.5944444444444443,0.9999999996093749,0.08984374996490478,0.7656249997009277,0.7285299393484407,0.16532965559442375,0.1300228142023414
-0.29999999999999993,-0.09999999999999998,10123.8134765625,75.5667953491211,1.8989873649780136,0.0,0.9,0.6953125,1.0,0.0,0.9999999987179488,0.599267059111137,1.0,0.9999999996093749,0.11328124995574951,0.9140624996429443,0.46355592982385924,0.13561260179591528,-0.03365255096087134
-0.19999999999999996,-0.09999999999999998,9874.8720703125,74.54631805419922,1.6906865114494967,0.0,0.9,0.68359375,1.0,0.0,0.9999999987654322,0.5535720133069362,1.0,0.9999999996093749,0.10546874995880126,0.9492187496292114,0.4136848790360573,0.09423818424485343,-0.036973189746387136
-0.09999999999999998,-0.09999999999999998,9719.60546875,73.92698669433594,2.107839650863884,0.0,0.9,0.5390625,0.5531914893617021,0.0,0.8220338976084459,0.3657232484561766,0.35178932178932176,0.9999999996093749,0.18359374992828367,0.7929687496902466,0.7143000889111886,0.16729087662257713,0.14906160973024196
0.0,-0.09999999999999998,9666.455078125,73.72608184814453,1.9864985148192722,0.0,0.9,0.6484375,0.7108433734939759,0.0,0.7333333325185186,0.47635838255422785,0.5231481481481481,0.9999999996093749,0.32421874987335203,0.8242187496780394,0.5801296479890233,0.14973281136477612,0.11629304551974454
0.10000000000000009,-0.09999999999999998,9717.9697265625,73.9493637084961,1.3631552266032252,0.0,0.9,0.83984375,0.9777777777777777,0.0,0.9512195098750743,0.719956158977898,0.9574898785425101,0.9999999996093749,0.35156249986267085,0.9843749996154785,0.22622862027186738,0.08641577427139403,-0.04658074956769068
0.20000000000000018,-0.09999999999999998,9871.0595703125,74.59037780761719,2.1747728936573347,0.0,0.9,0.5234375,0.8571428571428571,0.0,0.9754098352660575,0.36017467576162426,0.7311688311688311,0.9999999996093749,0.08203124996795653,0.8242187496780394,0.6665709611514749,0.08199289667101319,0.07599562232815044
0.30000000000000004,-0.09999999999999998,10118.50390625,75.63127899169922,2.095902628953142,0.0,0.9,0.52734375,0.8888888888888888,0.0,0.9917355363704665,0.3784580680986425,0.6666666666666666,0.9999999996093749,0.03515624998626709,0.8554687496658324,0.6262524633236797,0.07563471415251771,0.059836280493791194
0.40000000000000013,-0.09999999999999998,10451.61328125,77.0451889038086,2.5443087776207656,0.0,0.9,0.3828125,1.0,0.0,0.9999999993670886,0.2690688438750454,1.0,0.9999999996093749,0.019531249992370603,0.6757812497360229,0.8182029823969856,0.17776050636514956,0.16127369212374323
0.5,-0.09999999999999998,10861.572265625,78.79930114746094,2.4621855597069575,0.0,0.9,0.4765625,1.0,0.0,0.9999999992537314,0.38417557214658665,1.0,0.9999999996093749,0.0039062499984741208,0.7851562496932982,0.674534152185282,0.11314960261678389,0.025944115053634455
0.6000000000000001,-0.09999999999999998,11338.345703125,80.85794830322266,2.5768751453864707,0.0,0.9,0.390625,0.0,0.0,0.9999999993589744,0.295897657464909,0.0,0.9999999996093749,0.0,0.679687499734497,0.783697950548208,0.10559218550580396,0.06953658818821251
0.7000000000000002,-0.09999999999999998,11873.3837890625,83.18538665771484,2.5813010285689755,0.0,0.9,0.3359375,0.0,0.0,0.9999999994117648,0.22014498166008084,0.0,0.9999999996093749,0.0,0.6406249997497558,0.8518630366901879,0.09623889289084174,0.08098764582063207
0.8,-0.09999999999999998,12458.7392578125,85.74751281738281,2.7628511095748096,0.0,0.9,0.33203125,0.0,0.0,0.9999999994152047,0.2307260236548459,0.0,0.9999999996093749,0.0,0.6601562497421264,0.8417889518575428,0.119655989613514,0.06799688736982089
0.9000000000000001,-0.09999999999999998,13088.0810546875,88.51313781738281,2.977190300898306,0.0,0.9,0.23046875,0.0,0.0,0.9999999994923858,0.1266231730061965,0.0,0.9999999996093749,0.0,0.5351562497909546,0.9575371148509176,0.1798735707087211,0.1678277289121781
1.0,-0.09999999999999998,13761.3046875,91.45446014404297,3.064832610757114,0.0,0.9,0.1640625,1.0,0.0,0.9999999995327103,0.0895181984463112,1.0,0.9999999996093749,0.0039062499984741208,0.6054687497634887,0.9863605210719131,0.2487165001018087,0.24656246046785488
-1.0,0.0,13717.705078125,91.15733337402344,2.96646986936166,0.0,0.9,0.26953125,0.0,0.0,0.9893048123051846,0.18404030230240492,0.0,0.9999999996093749,0.0078124999969482415,0.6289062497543334,0.929361775150793,0.16658649638537082,0.16658649638537082
-0.9,0.0,13050.9267578125,88.2176742553711,2.7540923860579687,0.0,0.9,0.34765625,0.6666666666666666,0.0,0.9940119754526875,0.25275940911003403,0.5,0.9999999996093749,0.011718749995422363,0.6914062497299194,0.8656483189004507,0.15130854692778753,0.11525644630758687
-0.8,0.0,12421.787109375,85.45486450195312,2.8666451452757045,0.0,0.9,0.35546875,1.0,0.0,0.9999999993939395,0.26631810993855004,1.0,0.9999999996093749,0.011718749995422363,0.7382812497116088,0.8594362801742966,0.1694849723361685,0.14264380780366526
-0.7,0.0,11835.3583984375,82.89701080322266,2.694412104480365,0.0,0.9,0.32421875,0.8333333333333334,0.0,0.9942196526044973,0.21592613621593187,0.5,0.9999999996093749,0.023437499990844726,0.64453124974823,0.8919621273242774,0.19590309917028043,0.18148915432004614
-0.6,0.0,11299.3876953125,80.57566833496094,2.393048435228034,0.0,0.9,0.5390625,1.0,0.0,0.9999999991525425,0.44655089091252076,1.0,0.9999999996093749,0.04296874998321533,0.8671874996612549,0.6697973764632926,0.11520898036794529,0.019366261644995303
-0.5,0.0,10821.580078125,78.5252685546875,2.091954119358709,0.0,0.9,0.484375,0.8888888888888888,0.0,0.992424241672406,0.358924237147846,0.8833333333333332,0.9999999996093749,0.03515624998626709,0.839843749671936,0.6940479429167942,0.1014803290786474,0.059179647494702
-0.3999999999999999,0.0,10410.1708984375,76.78196716308594,2.00616727224305,0.0,0.9,0.61328125,1.0,0.0,0.999999998989899,0.5181356030412634,1.0,0.9999999996093749,0.08203124996795653,0.9296874996368407,0.5253656815412995,0.10467153039282237,0.03120732305178059
-0.29999999999999993,0.0,10074.7236328125,75.3816909790039,1.9475318600622373,0.0,0.9,0.640625,1.0,0.0,0.9999999989130436,0.5064359359500025,1.0,0.9999999996093749,0.10156249996032714,0.9140624996429443,0.5027981902804788,0.06347417272031891,-0.009292514780408942
-0.19999999999999996,0.0,9824.3232421875,74.35736846923828,1.7474894086748252,0.0,0.9,0.7421875,1.0,0.0,0.9999999984848486,0.6117691100895436,1.0,0.9999999996093749,0.1328124999481201,0.9648437496231078,0.34348030269442853,0.0693837778037047,-0.0400277275971196
-0.09999999999999998,0.0,9667.3271484375,73.73578643798828,0.8340324848998439,0.0,0.9,0.94921875,0.9913793103448276,0.0,0.9230769159763315,0.8972402911098564,0.9865689865689866,0.9999999996093749,0.45312499982299803,0.9921874996124267,0.11020824265819404,0.12161243913472831,-0.12161243913472831
0.0,0.0,9612.7919921875,73.53440856933594,1.4511786485511993,0.0,0.9,0.8984375,1.0,0.0,0.9999999961538462,0.8221555481555481,1.0,0.9999999996093749,0.5117187498001098,0.9843749996154785,0.14453654333341165,0.08749241257096341,-0.06751047591401595
0.10000000000000009,0.0,9663.9716796875,73.75912475585938,1.7166865336876798,0.0,0.9,0.828125,1.0,0.0,0.9999999977272727,0.7183095150363961,1.0,0.9999999996093749,0.3593749998596191,0.9648437496231078,0.23925792307970525,0.1046121119580736,-0.06061137560604912
0.20000000000000018,0.0,9818.4140625,74.40337371826172,2.5484708506520897,0.0,0.9,0.484375,0.7333333333333333,0.0,0.9393939386822774,0.35183060885211426,0.39610389610389607,0.9999999996093749,0.11718749995422362,0.7343749997131347,0.7236105993049856,0.17886342473677896,0.17886342473677896
0.30000000000000004,0.0,10068.0126953125,75.44910430908203,2.429397641482161,0.0,0.9,0.37109375,0.8,0.0,0.9937888192585163,0.25299080426215154,0.75,0.9999999996093749,0.019531249992370603,0.6718749997375487,0.8526673660653296,0.20699405648030922,0.1886501698445384
0.40000000000000013,0.0,10403.0576171875,76.86909484863281,2.973917886772658,0.0,0.9,0.18359375,0.0,0.0,0.9952153105286051,0.1071636640764005,0.0,0.9999999996093749,0.0039062499984741208,0.5585937497817993,1.0570734405097058,0.3250019231490096,0.3204332096446741
0.5,0.0,10814.6513671875,78.63018035888672,2.4995300740969837,0.0,0.9,0.359375,0.0,0.0,0.999999999390244,0.2829480694991007,0.0,0.9999999996093749,0.0,0.7382812497116088,0.8099959384236868,0.15116555516133795,0.14579628826240232
0.6000000000000001,0.0,11293.11328125,80.69637298583984,2.602112347399889,0.0,0.9,0.328125,0.0,0.0,0.9999999994186047,0.2383553355715947,0.0,0.9999999996093749,0.0,0.6640624997406005,0.8608230224223716,0.1449751985407629,0.11730308710691409
0.7000000000000002,0.0,11830.2041015625,83.03154754638672,2.554299231091097,0.0,0.9,0.32421875,0.0,0.0,0.9999999994219654,0.21870739439508577,0.0,0.9999999996093749,0.0,0.6757812497360229,0.8758752417936383,0.15235345980559492,0.09995624938905037
0.8,0.0,12418.34375,85.60143280029297,2.911607669519378,0.0,0.9,0.23046875,0.0,0.0,0.9999999994923858,0.13444576893852256,0.0,0.9999999996093749,0.0,0.5703124997772216,0.9503669276532241,0.19340382923355667,0.19340382923355667
0.9000000000000001,0.0,13050.3095703125,88.37462615966797,2.982619330227302,0.0,0.9,0.19921875,0.0,0.0,0.9999999995121952,0.12443481017843835,0.0,0.9999999996093749,0.0,0.5664062497787475,0.9749214224889634,0.20795846086459413,0.20795846086459413
1.0,0.0,13719.4794921875,91.32323455810547,2.9900939909138486,0.0,0.9,0.19140625,0.0,0.0,0.9999999995169082,0.10044695757042009,0.0,0.9999999996093749,0.0,0.5898437497695922,0.9906254792463096,0.22937668275215253,0.22937668275215253
-1.0,0.10000000000000009,13756.8193359375,91.31941223144531,2.788367678551306,0.0,0.9,0.3359375,1.0,0.0,0.9999999994117648,0.2545980254202264,1.0,0.9999999996093749,0.011718749995422363,0.7265624997161865,0.8661632071040241,0.1450625470810183,0.0984473971243152
-0.9,0.10000000000000009,13085.5380859375,88.38861846923828,2.6249440252196,0.0,0.9,0.35546875,1.0,0.0,0.9999999993939395,0.24240188085135816,1.0,0.9999999996093749,0.011718749995422363,0.7109374997222899,0.8275626950792673,0.12966986420536689,0.10815591115604394
-0.8,0.10000000000000009,12458.55859375,85.635009765625,2.4827994083546665,0.0,0.9,0.44921875,0.5,0.0,0.9929078007142498,0.35699204372828663,0.5,0.9999999996093749,0.0078124999969482415,0.7929687496902466,0.7543577964957201,0.10057651523185275,0.04935416927068026
-0.7,0.10000000000000009,11874.7236328125,83.0865707397461,2.4974177451435966,0.0,0.9,0.5234375,1.0,0.0,0.9999999991803279,0.41238560306196226,1.0,0.9999999996093749,0.019531249992370603,0.8828124996551513,0.6621009178267724,0.0453362172802608,0.0012701997023542957
-0.6,0.10000000000000009,11341.37890625,80.77460479736328,2.1914854395880927,0.0,0.9,0.5390625,1.0,0.0,0.9999999991525425,0.4115668563393999,1.0,0.9999999996093749,0.023437499990844726,0.8476562496688842,0.6550981303897039,0.06313943980657963,0.0017366191421042774
-0.5,0.10000000000000009,10865.74609375,78.7332763671875,2.36847335139455,0.0,0.9,0.44140625,0.6,0.0,0.9720279713482323,0.3080919135903656,0.4375,0.9999999996093749,0.039062499984741206,0.7031249997253417,0.7780444197925139,0.15079169696408212,0.15079169696408212
-0.3999999999999999,0.10000000000000009,10456.55859375,76.99835968017578,1.937050383540522,0.0,0.9,0.50390625,0.8823529411764706,0.0,0.9842519677289355,0.3575768456707133,0.6904761904761905,0.9999999996093749,0.06640624997406006,0.7929687496902466,0.6942833035687018,0.12987922272726737,0.12347492190297718
-0.29999999999999993,0.10000000000000009,10122.7978515625,75.60533142089844,1.6653965891290927,0.0,0.9,0.625,0.9642857142857143,0.0,0.9895833323025174,0.4653910833901859,0.9541666666666666,0.9999999996093749,0.10937499995727538,0.9218749996398925,0.49821853780011033,0.0967252950568612,0.039114180506696135
-0.19999999999999996,0.10000000000000009,9873.7900390625,74.58670806884766,1.433393233942467,0.0,0.9,0.84375,1.0,0.0,0.9999999975,0.7635743121612685,1.0,0.9999999996093749,0.25390624990081784,0.9921874996124267,0.23756270897898926,0.11771946258174457,-0.11771946258174457
-0.09999999999999998,0.10000000000000009,9718.5087890625,73.96884155273438,1.1363372518650061,0.0,0.9,0.90234375,0.9904761904761905,0.0,0.95999999616,0.8543970280926803,0.9912016088486677,0.9999999996093749,0.41015624983978266,0.9882812496139526,0.15857148112965266,0.09460315964774892,-0.09347070752637744
0.0,0.10000000000000009,9665.0205078125,73.76897430419922,1.3428624830700546,0.0,0.9,0.796875,1.0,0.0,0.9999999980769231,0.6811421610731174,1.0,0.9999999996093749,0.21484374991607663,0.9882812496139526,0.26558161426936316,0.12115703562630487,-0.06340799497310437
0.10000000000000009,0.10000000000000009,9715.140625,73.99288940429688,2.079919792867804,0.0,0.9,0.62890625,1.0,0.0,0.9999999989473685,0.5211759894732031,1.0,0.9999999996093749,0.08593749996643066,0.8828124996551513,0.5156463612649773,0.12816606122102692,-0.005825975697712562
0.20000000000000018,0.10000000000000009,9868.0322265625,74.63414764404297,2.316569240591552,0.0,0.9,0.50390625,1.0,0.0,0.9999999992125985,0.40503256471670795,1.0,0.9999999996093749,0.031249999987792966,0.8164062496810912,0.6786699019538674,0.15166053782456074,0.0449666828134259
0.30000000000000004,0.10000000000000009,10115.5908203125,75.67496490478516,2.4798706149975582,0.0,0.9,0.3515625,1.0,0.0,0.9999999993975904,0.25611192262012866,1.0,0.9999999996093749,0.011718749995422363,0.7617187497024536,0.7941520747227406,0.19327220800035755,0.16920191797979842
0.40000000000000013,0.10000000000000009,10448.3291015625,77.08853912353516,2.913024412285626,0.0,0.9,0.2421875,1.0,0.0,0.9999999994845361,0.15368685730326967,1.0,0.9999999996093749,0.0078124999969482415,0.6718749997375487,0.9170961320985744,0.2245765354463218,0.22316189486106366
0.5,0.10000000000000009,10856.759765625,78.84212493896484,2.7773688933305176,0.0,0.9,0.30078125,1.0,0.0,0.9999999994413408,0.22612016069431198,1.0,0.9999999996093749,0.0039062499984741208,0.7343749997131347,0.883045972800982,0.18839665992191043,0.17084801881928435
0.6000000000000001,0.10000000000000009,11332.8515625,80.9001235961914,2.763989439052272,0.0,0.9,0.2734375,0.0,0.0,0.9999999994623656,0.19769906692620742,0.0,0.9999999996093749,0.0,0.7109374997222899,0.9104207882750913,0.19652817706600784,0.17883024577852608
0.7000000000000002,0.10000000000000009,11868.0888671875,83.22681427001953,2.9370950322206646,0.0,0.9,0.18359375,0.0,0.0,0.9999999995215312,0.11185839570128392,0.0,0.9999999996093749,0.0,0.6015624997650146,0.9917971951492596,0.2296655534294162,0.22344326586703256
0.8,0.10000000000000009,12454.4501953125,85.78812408447266,2.7399037987471253,0.0,0.9,0.234375,0.0,0.0,0.9999999994897959,0.13022577701152657,0.0,0.9999999996093749,0.0,0.6874999997314453,0.9515159332640203,0.19813096047494944,0.18996420013613324
0.9000000000000001,0.10000000000000009,13084.2822265625,88.55293273925781,3.117364149837655,0.0,0.9,0.1484375,0.0,0.0,0.9999999995412844,0.06450079858218744,0.0,0.9999999996093749,0.0,0.5898437497695922,1.0305056986199852,0.2768072080590592,0.269334895152563
1.0,0.10000000000000009,13757.4951171875,91.49343872070312,3.1411846686894687,0.0,0.9,0.1484375,0.0,0.0,0.9999999995412844,0.07014366918087732,0.0,0.9999999996093749,0.0,0.5937499997680663,1.0344015587749031,0.27427807352730615,0.27427807352730615
-1.0,0.20000000000000018,13862.5205078125,91.78144836425781,2.976760074583073,0.0,0.9,0.25,1.0,0.0,0.9999999994791667,0.17675467946002335,1.0,0.9999999996093749,0.0039062499984741208,0.6367187497512817,0.9201174843216577,0.1918878468472201,0.16941057859206662
-0.9,0.20000000000000018,13196.7158203125,88.8745346069336,2.6903030199769216,0.0,0.9,0.4375,1.0,0.0,0.9999999993055556,0.33704857126435667,1.0,0.9999999996093749,0.0039062499984741208,0.7578124997039795,0.7871651555881862,0.1509638746768067,0.01496591879310721
-0.8,0.20000000000000018,12569.4052734375,86.14567565917969,2.2954340897336696,0.0,0.9,0.43359375,0.3333333333333333,0.0,0.9862068958715815,0.3209132106977635,0.5,0.9999999996093749,0.011718749995422363,0.808593749684143,0.7476386994752449,0.0655942635521898,0.039650741297765725
-0.7,0.20000000000000018,11992.4091796875,83.62242889404297,2.371174037781806,0.0,0.9,0.50390625,0.6666666666666666,0.0,0.992125983470767,0.41581993328732464,0.5,0.9999999996093749,0.011718749995422363,0.8515624996673583,0.710073381630281,0.10984221671093357,0.012486508042789682
-0.6,0.20000000000000018,11465.8828125,81.3355484008789,2.124277329982132,0.0,0.9,0.5390625,0.8,0.0,0.9915254228885378,0.43390454628385666,0.6666666666666666,0.9999999996093749,0.019531249992370603,0.8632812496627806,0.639998057398569,0.06396449618637744,0.020612193171921894
-0.5,0.20000000000000018,10996.958984375,79.31835174560547,1.9984439111823957,0.0,0.9,0.58203125,0.875,0.0,0.9906542046816317,0.47957395247631707,0.75,0.9999999996093749,0.031249999987792966,0.8906249996520995,0.5955154041926274,0.06547982683381574,-0.007829162706312627
-0.3999999999999999,0.20000000000000018,10594.4873046875,77.60562133789062,2.140420651569516,0.0,0.9,0.59765625,1.0,0.0,0.9999999990291263,0.4793881077007675,1.0,0.9999999996093749,0.039062499984741206,0.8749999996582031,0.5679417524297273,0.07704096706337984,0.0009452466463252228
-0.29999999999999993,0.20000000000000018,10266.01171875,76.23167419433594,1.7849373967255946,0.0,0.9,0.75390625,0.9230769230769231,0.0,0.9682539667170572,0.621661096672591,0.6875,0.9999999996093749,0.10156249996032714,0.9531249996276855,0.3835570533747676,0.11479310178218978,-0.11066311432016403
-0.19999999999999996,0.20000000000000018,10021.93359375,75.22782135009766,1.8332625765248503,0.0,0.9,0.65625,0.7727272727272727,0.0,0.886363635356405,0.5078525889315363,0.43333333333333335,0.9999999996093749,0.17187499993286132,0.8281249996765137,0.5510581605039526,0.1036878353329578,0.07595067286399704
-0.09999999999999998,0.20000000000000018,9870.9560546875,74.61940002441406,2.3602526789926452,0.0,0.9,0.48046875,0.8,0.0,0.9699248113008084,0.33717366078553906,0.5375,0.9999999996093749,0.07812499996948241,0.7617187497024536,0.7410994382444412,0.1611692386093109,0.1611692386093109
0.0,0.20000000000000018,9819.12109375,74.42292785644531,2.465418157930891,0.0,0.9,0.46484375,1.0,0.0,0.999999999270073,0.3416021025789196,1.0,0.9999999996093749,0.03515624998626709,0.7734374996978759,0.6964922508811894,0.11951906770650417,0.0780732458873831
0.10000000000000009,0.20000000000000018,9868.2412109375,74.64392852783203,2.5554220037566617,0.0,0.9,0.40625,1.0,0.0,0.9999999993421053,0.32023010868705665,1.0,0.9999999996093749,0.0078124999969482415,0.7695312496994018,0.7315501196269423,0.17318555876454492,0.10985554982848726
0.20000000000000018,0.20000000000000018,10016.9912109375,75.2762680053711,2.8441424850869286,0.0,0.9,0.23828125,0.3333333333333333,0.0,0.989743589236029,0.17266897034217296,0.16666666666666666,0.9999999996093749,0.011718749995422363,0.6484374997467041,0.9284681929166436,0.24546526166078675,0.24285929703248138
0.30000000000000004,0.20000000000000018,10259.1103515625,76.30288696289062,2.7987705961531715,0.0,0.9,0.26171875,0.6666666666666666,0.0,0.9947089941826937,0.17586023188641237,0.3333333333333333,0.9999999996093749,0.011718749995422363,0.613281249760437,0.9260100644173935,0.2330835184962356,0.23193133164338273
0.40000000000000013,0.20000000000000018,10585.5947265625,77.69806671142578,2.6904559654915916,0.0,0.9,0.2890625,1.0,0.0,0.9999999994505495,0.1896504440012859,1.0,0.9999999996093749,0.0039062499984741208,0.7265624997161865,0.8787757721782884,0.17387797061551033,0.1732019559071639
0.5,0.20000000000000018,10987.3388671875,79.43022155761719,3.03019378954438,0.0,0.9,0.19140625,0.0,0.0,0.9999999995169082,0.1101225778197259,0.0,0.9999999996093749,0.0,0.6171874997589111,1.0007170085180692,0.25967016236859647,0.25967016236859647
0.6000000000000001,0.20000000000000018,11457.158203125,81.46491241455078,2.9685773107342976,0.0,0.9,0.1953125,0.0,0.0,0.9999999995145631,0.12008788780519937,0.0,0.9999999996093749,0.0,0.6874999997314453,0.9995790185646384,0.25390226171984204,0.24733797085337617
0.7000000000000002,0.20000000000000018,11985.9453125,83.76736450195312,3.0504671764696436,0.0,0.9,0.1875,0.0,0.0,0.9999999995192308,0.09142065824674521,0.0,0.9999999996093749,0.0,0.550781249784851,1.019449186138484,0.23214060428874533,0.2317099699083026
0.8,0.20000000000000018,12565.4052734375,86.3043212890625,3.0514839720794473,0.0,0.9,0.18359375,0.0,0.0,0.9999999995215312,0.0899968683798471,0.0,0.9999999996093749,0.0,0.6328124997528075,1.0080993983829505,0.23957016282882468,0.2216677842410469
0.9000000000000001,0.20000000000000018,13195.3173828125,89.0451889038086,3.046079559468128,0.0,0.9,0.16796875,0.0,0.0,0.9953051638519694,0.09616664694987992,0.0,0.9999999996093749,0.0039062499984741208,0.6171874997589111,1.0352016004955635,0.2853363029096776,0.25833501463842495
1.0,0.20000000000000018,13862.9150390625,91.96257019042969,3.153047780842537,0.0,0.9,0.18359375,0.0,0.0,0.9999999995215312,0.10670442873433733,0.0,0.9999999996093749,0.0,0.6171874997589111,1.057240911414508,0.27896656460331937,0.25614919114537604
-1.0,0.30000000000000004,14033.9091796875,92.53666687011719,2.932312713271314,0.0,0.9,0.30078125,0.0,0.0,0.9999999994413408,0.1818670341257594,0.0,0.9999999996093749,0.0,0.6210937497573852,0.9218109158788381,0.13552362541622526,0.11035054563599521
-0.9,0.30000000000000004,13377.0625,89.6676025390625,2.5562758998763666,0.0,0.9,0.42578125,1.0,0.0,0.9999999993197279,0.33229121508066556,1.0,0.9999999996093749,0.0039062499984741208,0.7499999997070312,0.7996624478356761,0.06420246512526352,0.015375728949717565
-0.8,0.30000000000000004,12759.3056640625,86.97783660888672,2.4531280977179706,0.0,0.9,0.46484375,0.8,0.0,0.9927007292024083,0.35508228164749894,0.625,0.9999999996093749,0.019531249992370603,0.8046874996856689,0.7486007210642617,0.08587012301186644,0.009372114373022194
-0.7,0.30000000000000004,12186.462890625,84.4942398071289,2.539500173023726,0.0,0.9,0.35546875,0.0,0.0,0.9757575751662075,0.23230592255013127,0.0,0.9999999996093749,0.015624999993896483,0.7421874997100829,0.8560462230050955,0.1509243360560238,0.14601329759791815
-0.6,0.30000000000000004,11669.9169921875,82.24662780761719,2.4469295128395183,0.0,0.9,0.390625,0.375,0.0,0.9679487173282381,0.26833449162927253,0.19444444444444445,0.9999999996093749,0.031249999987792966,0.7656249997009277,0.7949029827985387,0.10615443752561457,0.07727941139352856
-0.5,0.30000000000000004,11211.1748046875,80.26708984375,2.1041362057603186,0.0,0.9,0.48046875,0.6666666666666666,0.0,0.9849624052744644,0.32640044173708527,0.6,0.9999999996093749,0.023437499990844726,0.7812499996948241,0.7464896570029674,0.13807342072987744,0.09401334730801136
-0.3999999999999999,0.30000000000000004,10818.4169921875,78.58882904052734,1.7752589437605397,0.0,0.9,0.6015625,0.8888888888888888,0.0,0.9901960774605921,0.4739836301765514,0.7999999999999999,0.9999999996093749,0.03515624998626709,0.8984374996490477,0.5638177782538762,0.08570277216235452,-0.009669940402408029
-0.29999999999999993,0.30000000000000004,10499.181640625,77.2444076538086,2.11675576044132,0.0,0.9,0.625,1.0,0.0,0.9999999989583334,0.5203391552087204,1.0,0.9999999996093749,0.04296874998321533,0.941406249632263,0.4999580406035324,0.06946178669486566,-0.0022923432684588373
-0.19999999999999996,0.30000000000000004,10262.73828125,76.26334381103516,2.215338860203,0.0,0.9,0.44140625,0.8333333333333334,0.0,0.9930069923125826,0.33976782648928777,0.75,0.9999999996093749,0.023437499990844726,0.8203124996795653,0.7683497760450607,0.1452629189495593,0.1452629189495593
-0.09999999999999998,0.30000000000000004,10116.75390625,75.66938018798828,2.2860296989184405,0.0,0.9,0.4609375,1.0,0.0,0.9999999992753623,0.36042188409055126,1.0,0.9999999996093749,0.011718749995422363,0.808593749684143,0.735429841903729,0.1359884146301194,0.06464885683351429
0.0,0.30000000000000004,10067.2421875,75.47794342041016,2.70393925105844,0.0,0.9,0.36328125,1.0,0.0,0.9999999993865031,0.2840732893878252,1.0,0.9999999996093749,0.015624999993896483,0.7148437497207641,0.8282038560708065,0.14629521392016215,0.13454960973704505
0.10000000000000009,0.30000000000000004,10115.248046875,75.69418334960938,2.516589101819159,0.0,0.9,0.28515625,1.0,0.0,0.9999999994535519,0.20044674131495835,1.0,0.9999999996093749,0.0039062499984741208,0.7148437497207641,0.8386191007354497,0.19326561433967068,0.17120247908373964
0.20000000000000018,0.30000000000000004,10258.4541015625,76.3124008178711,2.8253567108487787,0.0,0.9,0.265625,1.0,0.0,0.9999999994680852,0.16988136553368172,1.0,0.9999999996093749,0.0039062499984741208,0.6757812497360229,0.8722509987166452,0.2066262941967685,0.1873706485402593
0.30000000000000004,0.30000000000000004,10492.736328125,77.3166732788086,3.1015049039801688,0.0,0.9,0.140625,0.0,0.0,0.9954545450020661,0.08193579779271752,0.0,0.9999999996093749,0.0039062499984741208,0.550781249784851,1.0345175319426023,0.29416721383265015,0.29416721383265015
0.40000000000000013,0.30000000000000004,10810.1318359375,78.68287658691406,2.705131045900929,0.0,0.9,0.265625,1.0,0.0,0.9999999994680852,0.16712783593218375,1.0,0.9999999996093749,0.0078124999969482415,0.7148437497207641,0.9071412290563161,0.19143684531875246,0.18007734806040857
0.5,0.30000000000000004,11202.6162109375,80.38118743896484,3.0346591310007396,0.0,0.9,0.1796875,0.0,0.0,0.9999999995238096,0.11743113280900287,0.0,0.9999999996093749,0.0,0.6249999997558593,1.010866003886372,0.2562003822216931,0.2562003822216931
0.6000000000000001,0.30000000000000004,11661.849609375,82.37893676757812,3.0239428717891235,0.0,0.9,0.12109375,0.0,0.0,0.9999999995555556,0.04086384079519091,0.0,0.9999999996093749,0.0,0.5546874997833251,1.0568494708599978,0.3142963479688285,0.3142963479688285
0.7000000000000002,0.30000000000000004,12180.216796875,84.64288330078125,3.0763731425807226,0.0,0.9,0.15625,0.0,0.0,0.9999999995370371,0.08070386403719737,0.0,0.9999999996093749,0.0,0.6562499997436523,1.056361413713814,0.2893809632791979,0.2882744573921769
0.8,0.30000000000000004,12756.1513671875,87.14099884033203,3.077460390878889,0.0,0.9,0.1484375,0.0,0.0,0.9999999995412844,0.07115894571189048,0.0,0.9999999996093749,0.0,0.6210937497573852,1.0316648028603184,0.2695628938667356,0.2668858794142337
0.9000000000000001,0.30000000000000004,13376.6318359375,89.84358215332031,3.1084304270881282,0.0,0.9,0.171875,0.0,0.0,0.9999999995283019,0.08527558750660708,0.0,0.9999999996093749,0.0,0.5742187497756958,1.0657297800398118,0.2548091373658528,0.23840617735832254
1.0,0.30000000000000004,14035.3076171875,92.72390747070312,3.4575800031295914,0.0,0.9,0.140625,0.0,0.0,0.9999999995454546,0.059541459049468205,0.0,0.9999999996093749,0.0,0.5351562497909546,1.0842437307206896,0.3064227615823998,0.3064227615823998
-1.0,0.40000000000000013,14268.5673828125,93.57451629638672,3.040989442140852,0.0,0.9,0.31640625,0.0,0.0,0.994285713717551,0.21553990949458107,0.0,0.9999999996093749,0.0039062499984741208,0.6601562497421264,0.8749901345946262,0.11765654975878996,0.10950182740402883
-0.9,0.40000000000000013,13624.19921875,90.75565338134766,2.785649408794281,0.0,0.9,0.30859375,0.0,0.0,0.9943502819240959,0.18266728395317747,0.0,0.9999999996093749,0.0039062499984741208,0.6289062497543334,0.8961426490090724,0.12817994936684837,0.12817994936684837
-0.8,0.40000000000000013,13019.1416015625,88.11746978759766,2.982839748198171,0.0,0.9,0.2890625,0.0,0.0,0.994505493959063,0.16944466119469623,0.0,0.9999999996093749,0.0039062499984741208,0.6328124997528075,0.9404170740399217,0.16250250643762973,0.156124697937186
-0.7,0.40000000000000013,12458.5224609375,85.68597412109375,2.5903109856572644,0.0,0.9,0.47265625,0.4,0.0,0.977777777053498,0.36490152263760195,0.25,0.9999999996093749,0.019531249992370603,0.8007812496871948,0.7616333273974376,0.10976704681036112,0.00442022257622607
-0.6,0.40000000000000013,11948.6689453125,83.48971557617188,2.4020743365584014,0.0,0.9,0.46875,0.8,0.0,0.992647058093642,0.32120582187910673,0.5555555555555555,0.9999999996093749,0.019531249992370603,0.8164062496810912,0.7388585239022604,0.07510351938558923,0.026133810547054954
-0.5,0.40000000000000013,11503.046875,81.55913543701172,2.104357994637983,0.0,0.9,0.56640625,0.625,0.0,0.9729729720964208,0.4197171254882925,0.39999999999999997,0.9999999996093749,0.031249999987792966,0.8671874996612549,0.6289174827578968,0.06364680125999916,-0.03728473017504187
-0.3999999999999999,0.40000000000000013,11122.48828125,79.92548370361328,2.557642872765471,0.0,0.9,0.36328125,1.0,0.0,0.9999999993865031,0.22569737477896137,1.0,0.9999999996093749,0.0078124999969482415,0.7070312497238158,0.8537801081765352,0.1505370046119994,0.1474252537993402
-0.29999999999999993,0.40000000000000013,10814.7490234375,78.61907958984375,2.096266157672539,0.0,0.9,0.48828125,1.0,0.0,0.9999999992366413,0.3998257006151743,1.0,0.9999999996093749,0.011718749995422363,0.8593749996643065,0.6928257081194678,0.10553247365897972,0.04707284686709648
-0.19999999999999996,0.40000000000000013,10587.7890625,77.66719818115234,2.7230020676785798,0.0,0.9,0.2265625,1.0,0.0,0.9999999994949496,0.13433711216338878,1.0,0.9999999996093749,0.0039062499984741208,0.5624999997802734,0.9958821006668863,0.2764569433908582,0.2760152335862793
-0.09999999999999998,0.40000000000000013,10448.33984375,77.09168243408203,2.6095510664865342,0.0,0.9,0.3359375,1.0,0.0,0.9999999994117648,0.24325673674501427,1.0,0.9999999996093749,0.0039062499984741208,0.6718749997375487,0.840557825581496,0.12311201048678407,0.11545373566458157
0.0,0.40000000000000013,10400.9765625,76.90658569335938,2.6592226555729614,0.0,0.9,0.296875,0.0,0.0,0.9999999994444445,0.2000299198919174,0.0,0.9999999996093749,0.0,0.6171874997589111,0.864067969044021,0.12760522902891566,0.10966807932339152
0.10000000000000009,0.40000000000000013,10446.990234375,77.11662292480469,2.8232176790151997,0.0,0.9,0.1875,0.0,0.0,0.9999999995192308,0.11470179224269508,0.0,0.9999999996093749,0.0,0.5937499997680663,0.9500332337391172,0.2223452026593062,0.2160974758122908
0.20000000000000018,0.40000000000000013,10583.796875,77.71659851074219,2.849092412293197,0.0,0.9,0.2265625,0.0,0.0,0.9999999994949496,0.1529518498359078,0.0,0.9999999996093749,0.0,0.6289062497543334,0.9096485052711424,0.1833018889071171,0.17508161142333112
0.30000000000000004,0.40000000000000013,10808.9765625,78.69196319580078,3.0063996159448982,0.0,0.9,0.1796875,0.0,0.0,0.9999999995238096,0.08953207143228135,0.0,0.9999999996093749,0.0,0.5859374997711181,0.9779360036822421,0.22480500043316945,0.2169197426280914
0.40000000000000013,0.40000000000000013,11115.755859375,80.02054595947266,2.8645667313643473,0.0,0.9,0.19921875,0.0,0.0,0.9999999995121952,0.11974162606046664,0.0,0.9999999996093749,0.0,0.6523437497451782,0.9715327077561784,0.2450074592750156,0.2450074592750156
0.5,0.40000000000000013,11496.431640625,81.67477416992188,3.001875206287043,0.0,0.9,0.13671875,0.0,0.0,0.9999999995475113,0.07843947262823191,0.0,0.9999999996093749,0.0,0.6093749997619629,1.0321358961129345,0.3037036007889446,0.3037036007889446
0.6000000000000001,0.40000000000000013,11942.625,83.62419891357422,3.027074142119472,0.0,0.9,0.12890625,1.0,0.0,0.9999999995515695,0.05506614425065046,1.0,0.9999999996093749,0.0039062499984741208,0.6210937497573852,1.0249960593632679,0.2908547805227358,0.2875315062843988
0.7000000000000002,0.40000000000000013,12454.0986328125,85.83748626708984,2.9787638634810376,0.0,0.9,0.13671875,0.0,0.0,0.9999999995475113,0.07167130108065299,0.0,0.9999999996093749,0.0,0.6015624997650146,1.031780266992467,0.2769802642173239,0.2760765589418528
0.8,0.40000000000000013,13016.71484375,88.28425598144531,2.9700238558221876,0.0,0.9,0.15625,0.0,0.0,0.9999999995370371,0.06996028532870639,0.0,0.9999999996093749,0.0,0.5976562497665405,1.0396586141315465,0.26753300321778395,0.23615273620610933
0.9000000000000001,0.40000000000000013,13624.6533203125,90.9360122680664,3.4448132845843187,0.0,0.9,0.12890625,0.0,0.0,0.995515694620845,0.04757542678244433,0.0,0.9999999996093749,0.0039062499984741208,0.47265624981536863,1.1160002702097993,0.30611799569333453,0.30611799569333453
1.0,0.40000000000000013,14271.2158203125,93.76691436767578,3.5506085461835166,0.0,0.9,0.10546875,0.0,0.0,0.9999999995633188,0.03438660541929209,0.0,0.9999999996093749,0.0,0.42968749983215326,1.1402923711855124,0.35249530958881786,0.35249530958881786
-1.0,0.5,14564.5361328125,94.8812255859375,3.1023827611664743,0.0,0.9,0.25,0.0,0.0,0.9947916661485461,0.12869823978897962,0.0,0.9999999996093749,0.0039062499984741208,0.5312499997924804,0.9629835231157936,0.16935233399221641,0.16935233399221641
-0.9,0.5,13934.7880859375,92.12297058105469,2.9246361716579603,0.0,0.9,0.32421875,0.0,0.0,0.9942196526044973,0.2173638842924557,0.0,0.9999999996093749,0.0039062499984741208,0.6953124997283935,0.8400737279043954,0.12666460267859125,0.09582088807181502
-0.8,0.5,13344.216796875,89.54671478271484,2.693721823106478,0.0,0.9,0.359375,0.0,0.0,0.9939024384183522,0.22773482403204173,0.0,0.9999999996093749,0.0039062499984741208,0.6914062497299194,0.8568387698105457,0.10168825588948968,0.08389628971871659
-0.7,0.5,12798.2431640625,87.1773681640625,2.6999822776046605,0.0,0.9,0.38671875,0.5,0.0,0.993630572615522,0.2506885910619109,0.5,0.9999999996093749,0.0078124999969482415,0.7187499997192383,0.8185401681463801,0.08783845495633026,0.06119947267218624
-0.6,0.5,12303.306640625,85.04199981689453,2.5618006542624787,0.0,0.9,0.41796875,0.0,0.0,0.9999999993288591,0.28170359721538624,0.0,0.9999999996093749,0.0,0.7617187497024536,0.7758423740789065,0.07812861389631974,0.041237652337547795
-0.5,0.5,11865.6162109375,83.16912078857422,2.5272251331809135,0.0,0.9,0.49609375,0.5,0.0,0.9922480612463194,0.38878055412528423,0.5,0.9999999996093749,0.0078124999969482415,0.808593749684143,0.711828678594329,0.0693379044058263,-0.025811586007311465
-0.3999999999999999,0.5,11499.126953125,81.58770751953125,2.566344316220115,0.0,0.9,0.3671875,1.0,0.0,0.9999999993827161,0.2642492025169699,1.0,0.9999999996093749,0.0039062499984741208,0.7343749997131347,0.8277463823896887,0.1365432686556262,0.11006683031536568
-0.29999999999999993,0.5,11204.7958984375,80.32559204101562,2.603810424082443,0.0,0.9,0.32421875,1.0,0.0,0.9999999994219654,0.27301192374605354,1.0,0.9999999996093749,0.0039062499984741208,0.6679687497390746,0.8556815057213446,0.13974308657095502,0.13544966373055647
-0.19999999999999996,0.5,10988.5869140625,79.40758514404297,2.7163121021208836,0.0,0.9,0.27734375,1.0,0.0,0.9999999994594595,0.17794974289227164,1.0,0.9999999996093749,0.0039062499984741208,0.5859374997711181,0.8932566690782424,0.14487243247674295,0.14276554057773452
-0.09999999999999998,0.5,10855.517578125,78.85334777832031,2.7766298553584234,0.0,0.9,0.23828125,0.0,0.0,0.9999999994871795,0.16907191078764078,0.0,0.9999999996093749,0.0,0.6015624997650146,0.9035976212510638,0.14336589409735936,0.14050467345171785
0.0,0.5,10810.01171875,78.67552185058594,2.8144754659845486,0.0,0.9,0.234375,0.0,0.0,0.9999999994897959,0.150035285234941,0.0,0.9999999996093749,0.0,0.5937499997680663,0.908334897333449,0.14763520589288553,0.1393646590665047
0.10000000000000009,0.5,10853.708984375,78.87833404541016,2.9189671740350978,0.0,0.9,0.1953125,0.0,0.0,0.9999999995145631,0.1347618293108489,0.0,0.9999999996093749,0.0,0.6093749997619629,0.9325244108916273,0.18575562134497667,0.1843637758794984
0.20000000000000018,0.5,10985.4375,79.45709991455078,2.987406894385262,0.0,0.9,0.16015625,1.0,0.0,0.9999999995348837,0.10137508278087987,1.0,0.9999999996093749,0.0039062499984741208,0.5781249997741699,0.9683814713041143,0.22904270513434855,0.21681823671351125
0.30000000000000004,0.5,11200.7099609375,80.39878845214844,3.0408323839057956,0.0,0.9,0.140625,0.0,0.0,0.9999999995454546,0.08887951817829867,0.0,0.9999999996093749,0.0,0.5703124997772216,0.9857368581209355,0.23633383920347706,0.23633383920347706
0.40000000000000013,0.5,11494.564453125,81.68336486816406,3.0581797192875415,0.0,0.9,0.12890625,0.0,0.0,0.9999999995515695,0.06359939704333296,0.0,0.9999999996093749,0.0,0.613281249760437,1.0098805451696442,0.2902909434007961,0.2902909434007961
0.5,0.5,11861.39453125,83.28577423095703,2.8982523551216635,0.0,0.9,0.12890625,0.0,0.0,0.9999999995515695,0.063998151998152,0.0,0.9999999996093749,0.0,0.613281249760437,1.0237288542679395,0.30404233229377914,0.2895462054851209
0.6000000000000001,0.5,12299.537109375,85.1780014038086,3.038546784254378,0.0,0.9,0.15625,0.0,0.0,0.9999999995370371,0.07725858620393923,0.0,0.9999999996093749,0.0,0.5703124997772216,1.0103954910939954,0.24785058930924048,0.2460083090491172
0.7000000000000002,0.5,12795.560546875,87.33103942871094,3.279648877645466,0.0,0.9,0.10546875,0.0,0.0,0.9999999995633188,0.04485638790194433,0.0,0.9999999996093749,0.0,0.46484374981842036,1.0984769932480358,0.30363393500785146,0.30363393500785146
0.8,0.5,13342.6416015625,89.71632385253906,3.2176680356509806,0.0,0.9,0.14453125,0.0,0.0,0.999999999543379,0.0587025012025012,0.0,0.9999999996093749,0.0,0.48046874981231685,1.0662205246785312,0.250126124491809,0.24781360429478724
0.9000000000000001,0.5,13935.330078125,92.30690002441406,3.454110476448599,0.0,0.9,0.11328125,0.0,0.0,0.9999999995594714,0.04046727305154272,0.0,0.9999999996093749,0.0,0.44531249982604976,1.1293161814902808,0.33561104032042743,0.3330098674099904
1.0,0.5,14567.53125,95.07793426513672,3.6370805188714184,0.0,0.9,0.1171875,0.0,0.0,0.9999999995575222,0.03517084888795415,0.0,0.9999999996093749,0.0,0.44140624982757565,1.1358301720949937,0.3659591839291782,0.3659591839291782
-1.0,0.6000000000000001,14917.1220703125,96.4407958984375,3.4261541702131497,0.0,0.9,0.1953125,0.0,0.0,0.985436892725516,0.0935578278209857,0.0,0.9999999996093749,0.011718749995422363,0.5234374997955322,1.008866956390522,0.2530155426145238,0.24593001937253442
-0.9,0.6000000000000001,14303.4150390625,93.75137329101562,2.9170732960993515,0.0,0.9,0.265625,0.0,0.0,0.9946808505347443,0.15551947802233387,0.0,0.9999999996093749,0.0039062499984741208,0.6289062497543334,0.921946871809704,0.15597342338354758,0.15597342338354758
-0.8,0.6000000000000001,13729.2880859375,91.24503326416016,2.806372333939202,0.0,0.9,0.35546875,0.0,0.0,0.9999999993939395,0.2201249030907255,0.0,0.9999999996093749,0.0,0.6718749997375487,0.8300504102830888,0.07562880843314077,0.06993919241940502
-0.7,0.6000000000000001,13199.9580078125,88.9454116821289,2.4973296494808213,0.0,0.9,0.41796875,1.0,0.0,0.9999999993288591,0.3015552056552524,1.0,0.9999999996093749,0.0039062499984741208,0.7734374996978759,0.7544096008580937,0.04822267594477717,0.0221881064779552
-0.6,0.6000000000000001,12721.302734375,86.87783813476562,2.5648989036204473,0.0,0.9,0.42578125,1.0,0.0,0.9999999993197279,0.32468435415068625,1.0,0.9999999996093749,0.0078124999969482415,0.746093749708557,0.7372998622578548,0.0841527920362284,0.005076109363263483
-0.5,0.6000000000000001,12299.9375,85.06880950927734,2.828395772795965,0.0,0.9,0.27734375,1.0,0.0,0.9999999994594595,0.16492498805542286,1.0,0.9999999996093749,0.0078124999969482415,0.6249999997558593,0.9170438300565713,0.18773419313800596,0.16301592532104764
-0.3999999999999999,0.6000000000000001,11942.505859375,83.54480743408203,2.844014871545655,0.0,0.9,0.26953125,1.0,0.0,0.9999999994652407,0.18491707969968843,1.0,0.9999999996093749,0.0039062499984741208,0.6054687497634887,0.906359467152128,0.16345184822804518,0.15556683262323345
-0.29999999999999993,0.6000000000000001,11661.9814453125,82.3310775756836,2.917370544455415,0.0,0.9,0.1875,0.0,0.0,0.9999999995192308,0.10712554628514331,0.0,0.9999999996093749,0.0,0.5585937497817993,0.9435330778737666,0.1939451801145601,0.1894917527537506
-0.19999999999999996,0.6000000000000001,11456.1767578125,81.44988250732422,2.8629281401157916,0.0,0.9,0.19140625,0.0,0.0,0.9999999995169082,0.09372065947083977,0.0,0.9999999996093749,0.0,0.6054687497634887,0.9243785788594661,0.1684430186511935,0.16578145501366415
-0.09999999999999998,0.6000000000000001,11329.4853515625,80.91868591308594,3.0417162015564294,0.0,0.9,0.13671875,0.0,0.0,0.9999999995475113,0.06564742433147513,0.0,0.9999999996093749,0.0,0.5117187498001098,0.9923928463926673,0.2094617221485034,0.2094617221485034
0.0,0.6000000000000001,11286.41015625,80.74870300292969,2.9586748933220983,0.0,0.9,0.171875,0.0,0.0,0.9999999995283019,0.09732865770695386,0.0,0.9999999996093749,0.0,0.5976562497665405,0.9472688102182376,0.1717747395183005,0.1717747395183005
0.10000000000000009,0.6000000000000001,11328.169921875,80.94364166259766,2.9276196820776046,0.0,0.9,0.16015625,0.0,0.0,0.9999999995348837,0.09285571492828226,0.0,0.9999999996093749,0.0,0.6015624997650146,0.9577515627964234,0.1994845733545819,0.1994845733545819
0.20000000000000018,0.6000000000000001,11453.4423828125,81.49935913085938,3.073457104617277,0.0,0.9,0.140625,0.0,0.0,0.9999999995454546,0.06492309407779533,0.0,0.9999999996093749,0.0,0.5078124998016357,1.0034466614773268,0.21490165018170307,0.21490165018170307
0.30000000000000004,0.6000000000000001,11659.142578125,82.40434265136719,3.0344647602589863,0.0,0.9,0.12109375,0.0,0.0,0.9999999995555556,0.06107179857179856,0.0,0.9999999996093749,0.0,0.550781249784851,0.995985084962111,0.2531500666527918,0.24906953861509695
0.40000000000000013,0.6000000000000001,11940.1328125,83.6407241821289,3.0774662917385744,0.0,0.9,0.15625,0.0,0.0,0.9999999995370371,0.07437687222544792,0.0,0.9999999996093749,0.0,0.5624999997802734,0.9906145348459355,0.21430978816472937,0.21430978816472937
0.5,0.6000000000000001,12297.3974609375,85.18602752685547,3.160339634088128,0.0,0.9,0.11328125,0.0,0.0,0.9999999995594714,0.03856204799341833,0.0,0.9999999996093749,0.0,0.5585937497817993,1.022393795945625,0.25974353246530646,0.25974353246530646
0.6000000000000001,0.6000000000000001,12719.2587890625,87.0148696899414,3.1478372621358246,0.0,0.9,0.1015625,0.0,0.0,0.9999999995652175,0.03821646834516453,0.0,0.9999999996093749,0.0,0.5742187497756958,1.0355563117766522,0.27454438965471367,0.2702708724599274
0.7000000000000002,0.6000000000000001,13198.748046875,89.10062408447266,3.1546074555433825,0.0,0.9,0.1171875,0.0,0.0,0.9999999995575222,0.04626760563380282,0.0,0.9999999996093749,0.0,0.5234374997955322,1.0519587870151152,0.26524196851619986,0.26524196851619986
0.8,0.6000000000000001,13729.5205078125,91.41682434082031,3.2963871727821235,0.0,0.9,0.1171875,0.0,0.0,0.9999999995575222,0.04651154968269806,0.0,0.9999999996093749,0.0,0.47656249981384274,1.085537875446078,0.28722597862521543,0.28722597862521543
0.9000000000000001,0.6000000000000001,14304.740234375,93.93814086914062,3.473125311330894,0.0,0.9,0.08984375,0.0,0.0,0.9999999995708154,0.024666013487863157,0.0,0.9999999996093749,0.0,0.44140624982757565,1.1100741758150034,0.344793541871517,0.344793541871517
1.0,0.6000000000000001,14920.3154296875,96.64102935791016,3.7285460493644735,0.0,0.9,0.09375,0.0,0.0,0.9999999995689656,0.02368210405946255,0.0,0.9999999996093749,0.0,0.44921874982452387,1.1416814641337347,0.3888737849978925,0.3888737849978925
-1.0,0.7000000000000002,15322.0361328125,98.2356948852539,3.4551715583083635,0.0,0.9,0.18359375,0.0,0.0,0.9952153105286051,0.103586285338341,0.0,0.9999999996093749,0.0039062499984741208,0.5429687497879028,0.9977682729186996,0.2604194558863186,0.2604194558863186
-0.9,0.7000000000000002,14725.58203125,95.6212387084961,3.230658808050363,0.0,0.9,0.2421875,0.0,0.0,0.9896907211393348,0.1354545540688598,0.0,0.9999999996093749,0.0078124999969482415,0.5117187498001098,0.9788323369767625,0.19897618312440277,0.19897618312440277
-0.8,0.7000000000000002,14169.0087890625,93.19051361083984,2.8130364310817124,0.0,0.9,0.296875,1.0,0.0,0.9999999994444445,0.17454080432716246,1.0,0.9999999996093749,0.0039062499984741208,0.679687499734497,0.8557614934269294,0.12066189862741059,0.11815703602795677
-0.7,0.7000000000000002,13657.748046875,90.96573638916016,2.7691572808343916,0.0,0.9,0.375,1.0,0.0,0.9999999993750001,0.27269829993188904,1.0,0.9999999996093749,0.0078124999969482415,0.7148437497207641,0.8026456993118726,0.05423828737960055,0.03677941363473616
-0.6,0.7000000000000002,13197.748046875,88.97046661376953,2.9436884382562387,0.0,0.9,0.265625,1.0,0.0,0.9999999994680852,0.13115232719635633,1.0,0.9999999996093749,0.0078124999969482415,0.6601562497421264,0.8681859607050307,0.18866198999989414,0.15923932368472088
-0.5,0.7000000000000002,12793.689453125,87.22898864746094,3.0056611144145937,0.0,0.9,0.2421875,0.0,0.0,0.9999999994845361,0.11011826744860012,0.0,0.9999999996093749,0.0,0.5703124997772216,0.9267584705299071,0.17632261686538694,0.17632261686538694
-0.3999999999999999,0.7000000000000002,12451.623046875,85.7653579711914,2.9805515259424493,0.0,0.9,0.2109375,0.0,0.0,0.9999999995049506,0.10883099954846615,0.0,0.9999999996093749,0.0,0.5781249997741699,0.9529935502297008,0.1776683909886172,0.17471222064965175
-0.29999999999999993,0.7000000000000002,12177.9794921875,84.6021957397461,2.9912130084868864,0.0,0.9,0.1875,0.0,0.0,0.9999999995192308,0.08396243704041242,0.0,0.9999999996093749,0.0,0.5585937497817993,0.9537537397183006,0.16202544489376722,0.16202544489376722
-0.19999999999999996,0.7000000000000002,11982.66796875,83.75923919677734,3.0149882278098032,0.0,0.9,0.15625,0.0,0.0,0.9999999995370371,0.060862760896355526,0.0,0.9999999996093749,0.0,0.5273437497940063,0.9669856701847476,0.18074247646025,0.18074247646025
-0.09999999999999998,0.7000000000000002,11862.5341796875,83.2519302368164,3.072231275523472,0.0,0.9,0.16015625,0.0,0.0,0.9999999995348837,0.06923875731510938,0.0,0.9999999996093749,0.0,0.5624999997802734,0.9703559357226442,0.16901206118138426,0.16691918553564414
0.0,0.7000000000000002,11821.8115234375,83.09001922607422,3.0050904595597805,0.0,0.9,0.1796875,0.0,0.0,0.9999999995238096,0.07308609908609907,0.0,0.9999999996093749,0.0,0.5273437497940063,0.9516367020792589,0.149343914642194,0.14627319353209056
0.10000000000000009,0.7000000000000002,11861.6787109375,83.27677917480469,3.054810447616555,0.0,0.9,0.140625,0.0,0.0,0.9999999995454546,0.05659681497119921,0.0,0.9999999996093749,0.0,0.5195312497970581,0.9850298955746333,0.1957368473691302,0.19343211634802998
0.20000000000000018,0.7000000000000002,11980.3740234375,83.80858612060547,3.128359120361273,0.0,0.9,0.109375,0.0,0.0,0.9999999995614035,0.039334706827548256,0.0,0.9999999996093749,0.0,0.5039062498031616,0.9974688256650622,0.23353504624701482,0.23353504624701482
0.30000000000000004,0.7000000000000002,12176.1455078125,84.67533874511719,3.2175597936187748,0.0,0.9,0.09375,0.0,0.0,0.9999999995689656,0.025906375761995122,0.0,0.9999999996093749,0.0,0.44921874982452387,1.0316697247299076,0.2639178659492451,0.2639178659492451
0.40000000000000013,0.7000000000000002,12450.0771484375,85.86129760742188,3.1621421381057178,0.0,0.9,0.12109375,0.0,0.0,0.9999999995555556,0.0510302293949292,0.0,0.9999999996093749,0.0,0.49999999980468746,1.0146931743665895,0.23631303425919004,0.23402733667563647
0.5,0.7000000000000002,12792.0283203125,87.34647369384766,3.2450532101944702,0.0,0.9,0.08984375,0.0,0.0,0.9999999995708154,0.02785188697053104,0.0,0.9999999996093749,0.0,0.46484374981842036,1.035048459651397,0.2664088552738883,0.26028570772558474
0.6000000000000001,0.7000000000000002,13196.3681640625,89.10809326171875,3.311297512718508,0.0,0.9,0.09375,0.0,0.0,0.9999999995689656,0.032085346215781,0.0,0.9999999996093749,0.0,0.5234374997955322,1.042888509719842,0.2682510969375615,0.2596776643476177
0.7000000000000002,0.7000000000000002,13658.087890625,91.12200927734375,3.4576673835366476,0.0,0.9,0.06640625,0.0,0.0,0.99999999958159,0.028485450395966727,0.0,0.9999999996093749,0.0,0.44921874982452387,1.0804977230027994,0.3130649265740897,0.3130649265740897
0.8,0.7000000000000002,14170.5908203125,93.3638916015625,3.5043797808978905,0.0,0.9,0.09375,0.0,0.0,0.9999999995689656,0.03291726229908301,0.0,0.9999999996093749,0.0,0.43359374983062743,1.091336329779724,0.3197881878915244,0.3197881878915244
0.9000000000000001,0.7000000000000002,14728.3173828125,95.8102035522461,3.706394818152507,0.0,0.9,0.08203125,0.0,0.0,0.9999999995744681,0.026281179138321998,0.0,0.9999999996093749,0.0,0.44140624982757565,1.1207967463539759,0.36611656101690127,0.36611656101690127
1.0,0.7000000000000002,15325.67578125,98.43878173828125,4.043623048304412,0.0,0.9,0.08984375,0.0,0.0,0.9999999995708154,0.026533395682331855,0.0,0.9999999996093749,0.0,0.42578124983367915,1.1633653831019533,0.3888425244186207,0.3888425244186207
-1.0,0.8,15775.6083984375,100.2477035522461,3.639034895520099,0.0,0.9,0.2421875,0.0,0.0,0.9999999994845361,0.12852477122638412,0.0,0.9999999996093749,0.0,0.48828124980926507,0.980507535174458,0.22322818844799072,0.22322818844799072
-0.9,0.8,15196.9658203125,97.71234130859375,3.055768413443436,0.0,0.9,0.30859375,0.0,0.0,0.9999999994350283,0.18566713116323794,0.0,0.9999999996093749,0.0,0.5703124997772216,0.8668369008216394,0.1644116222174354,0.12795464049109395
-0.8,0.8,14659.3203125,95.36084747314453,3.2038730177997503,0.0,0.9,0.28125,1.0,0.0,0.9999999994565217,0.15789918247261142,1.0,0.9999999996093749,0.0039062499984741208,0.6289062497543334,0.8988218810881645,0.11944622282026163,0.11895660718423759
-0.7,0.8,14167.2451171875,93.21391296386719,3.0896771373805687,0.0,0.9,0.1875,1.0,0.0,0.9999999995192308,0.07233655239516161,1.0,0.9999999996093749,0.0039062499984741208,0.5039062498031616,0.9687984401714581,0.23900074804803925,0.21785474210824904
-0.6,0.8,13725.744140625,91.29327392578125,3.0569085310601967,0.0,0.9,0.19921875,0.0,0.0,0.9951219507340869,0.09566549046750122,0.0,0.9999999996093749,0.0039062499984741208,0.5195312497970581,0.9600396298599259,0.19905014671172053,0.19905014671172053
-0.5,0.8,13338.3369140625,89.62104034423828,3.1455775308995935,0.0,0.9,0.171875,0.0,0.0,0.9999999995283019,0.06032346714873993,0.0,0.9999999996093749,0.0,0.48828124980926507,0.9853336603983297,0.2047484914462602,0.2047484914462602
-0.3999999999999999,0.8,13012.0390625,88.21885681152344,3.1717309158849494,0.0,0.9,0.125,0.0,0.0,0.9999999995535714,0.03042397235945623,0.0,0.9999999996093749,0.0,0.5156249997985839,0.9698536938315266,0.24663689437250869,0.23851715410680988
-0.29999999999999993,0.8,12751.3544921875,87.10684204101562,3.0674022265337855,0.0,0.9,0.16796875,0.0,0.0,0.9999999995305164,0.0549343907216411,0.0,0.9999999996093749,0.0,0.5234374997955322,0.9667856489263738,0.17008574410274704,0.17008574410274704
-0.19999999999999996,0.8,12560.1455078125,86.30241394042969,3.0607533881799567,0.0,0.9,0.171875,0.0,0.0,0.9999999995283019,0.06793650793650793,0.0,0.9999999996093749,0.0,0.5234374997955322,0.9687991197148829,0.16019885018565044,0.16019885018565044
-0.09999999999999998,0.8,12446.6494140625,85.81904602050781,3.1940776503268915,0.0,0.9,0.13671875,0.0,0.0,0.9999999995475113,0.05272192070437685,0.0,0.9999999996093749,0.0,0.46093749981994625,0.9861498826821492,0.18892274878661952,0.17699131289121997
0.0,0.8,12408.3193359375,85.66522216796875,3.1936688816832413,0.0,0.9,0.16015625,0.0,0.0,0.9999999995348837,0.05732987213241144,0.0,0.9999999996093749,0.0,0.47265624981536863,0.9896592489668069,0.15882086342726137,0.15786508883213046
0.10000000000000009,0.8,12446.1328125,85.8437728881836,3.198373535782391,0.0,0.9,0.1328125,0.0,0.0,0.9999999995495495,0.04794807154739243,0.0,0.9999999996093749,0.0,0.44531249982604976,0.9910747068768592,0.19207934481636232,0.19207934481636232
0.20000000000000018,0.8,12559.2822265625,86.35154724121094,3.1028169809928077,0.0,0.9,0.1171875,0.0,0.0,0.9999999995575222,0.042886830941154794,0.0,0.9999999996093749,0.0,0.45703124982147214,0.9958927405541782,0.2024744308208012,0.2024744308208012
0.30000000000000004,0.8,12750.724609375,87.17975616455078,3.2364485646805217,0.0,0.9,0.109375,0.0,0.0,0.9999999995614035,0.033156513156513155,0.0,0.9999999996093749,0.0,0.5234374997955322,1.0164019430324438,0.22330313576527083,0.22198648857299846
0.40000000000000013,0.8,13011.4873046875,88.31460571289062,3.262420691945647,0.0,0.9,0.07421875,0.0,0.0,0.9999999995780591,0.026060906127008173,0.0,0.9999999996093749,0.0,0.49999999980468746,1.0269695269174153,0.2713195436070607,0.2713195436070607
0.5,0.8,13337.9072265625,89.73851776123047,3.3807802547215213,0.0,0.9,0.05078125,0.0,0.0,0.9999999995884774,0.027537459330911427,0.0,0.9999999996093749,0.0,0.49609374980621335,1.0412078861368623,0.30698136196959647,0.3057630889375694
0.6000000000000001,0.8,13725.45703125,91.43118286132812,3.483211787881558,0.0,0.9,0.04296875,0.0,0.0,0.9999999995918367,0.02141936607453849,0.0,0.9999999996093749,0.0,0.42578124983367915,1.0685636920154522,0.3317126161737566,0.3317126161737566
0.7000000000000002,0.8,14168.57421875,93.37084197998047,3.708930697701079,0.0,0.9,0.046875,0.0,0.0,0.999999999590164,0.01739951128846451,0.0,0.9999999996093749,0.0,0.39062499984741206,1.1018525714443173,0.34443691457385384,0.34443691457385384
0.8,0.8,14661.7255859375,95.53534698486328,3.771755779863057,0.0,0.9,0.0546875,0.0,0.0,0.9999999995867769,0.026515151515151512,0.0,0.9999999996093749,0.0,0.37109374985504145,1.0976843365459052,0.359136191239621,0.354639482638318
0.9000000000000001,0.8,15200.48046875,97.9029769897461,4.057001370094436,0.0,0.9,0.046875,0.0,0.0,0.999999999590164,0.019110568443901778,0.0,0.9999999996093749,0.0,0.36328124985809324,1.14573541239712,0.39621479021777817,0.39480632297431817
1.0,0.8,15779.4140625,100.45304107666016,4.400415072103271,0.0,0.9,0.06640625,0.0,0.0,0.99999999958159,0.019427609427609425,0.0,0.9999999996093749,0.0,0.38281249985046384,1.1828439930213521,0.4086105912864824,0.4086105912864824
-1.0,0.9000000000000001,16273.4052734375,102.45856475830078,3.9627177320668525,0.0,0.9,0.14453125,0.3333333333333333,0.0,0.9908675794562248,0.049307039842144997,0.16666666666666666,0.9999999996093749,0.011718749995422363,0.42187499983520504,1.0861273667710583,0.32613189033300605,0.32613189033300605
-0.9,0.9000000000000001,15713.59765625,100.00466918945312,3.459841045667975,0.0,0.9,0.22265625,1.0,0.0,0.9999999994974874,0.09860744368073245,1.0,0.9999999996093749,0.0078124999969482415,0.5156249997985839,0.9659324994677894,0.21214670579083256,0.2046028289862231
-0.8,0.9000000000000001,15195.3486328125,97.73418426513672,3.4162389974072878,0.0,0.9,0.203125,1.0,0.0,0.999999999509804,0.09310401770059144,1.0,0.9999999996093749,0.0039062499984741208,0.46093749981994625,0.9801814989613413,0.22983698862624,0.21935601830280324
-0.7,0.9000000000000001,14722.138671875,95.66627502441406,3.4002571447985637,0.0,0.9,0.17578125,1.0,0.0,0.9999999995260663,0.0841325420843684,1.0,0.9999999996093749,0.011718749995422363,0.45312499982299803,0.9863167065960192,0.24912135232764382,0.23741724227119515
-0.6,0.9000000000000001,14298.52734375,93.82085418701172,3.247949697834918,0.0,0.9,0.16796875,1.0,0.0,0.9999999995305164,0.0634004543311474,1.0,0.9999999996093749,0.0039062499984741208,0.5351562497909546,0.9727906315630558,0.2419489410817056,0.2324174799519372
-0.5,0.9000000000000001,13928.3291015625,92.2178955078125,3.256146051542363,0.0,0.9,0.171875,1.0,0.0,0.9999999995283019,0.05238978454495695,1.0,0.9999999996093749,0.0039062499984741208,0.5312499997924804,0.9748751362306081,0.2315236191014443,0.2246271059976374
-0.3999999999999999,0.9000000000000001,13617.3466796875,90.87680053710938,3.2432179832277166,0.0,0.9,0.171875,0.0,0.0,0.9999999995283019,0.042690720763625824,0.0,0.9999999996093749,0.0,0.49218749980773924,0.9769967045968884,0.2103255363348138,0.19431078362933188
-0.29999999999999993,0.9000000000000001,13368.9404296875,89.81535339355469,3.2203718214796875,0.0,0.9,0.17578125,0.0,0.0,0.9999999995260663,0.059356410193474665,0.0,0.9999999996093749,0.0,0.49609374980621335,0.9653207089750294,0.18389654482961576,0.171062956907635
-0.19999999999999996,0.9000000000000001,13187.3466796875,89.04882049560547,3.2156849891688797,0.0,0.9,0.1640625,0.0,0.0,0.9999999995327103,0.04469223727288243,0.0,0.9999999996093749,0.0,0.46484374981842036,0.9830888681594349,0.17568966842762668,0.1732991504988231
-0.09999999999999998,0.9000000000000001,13074.0966796875,88.58890533447266,3.362523829320388,0.0,0.9,0.13671875,0.0,0.0,0.9999999995475113,0.039214162107197664,0.0,0.9999999996093749,0.0,0.43749999982910154,1.0109703976415076,0.2042571858717222,0.20097672395610994
0.0,0.9000000000000001,13038.62890625,88.4429931640625,3.4213949182607504,0.0,0.9,0.12109375,0.0,0.0,0.9999999995555556,0.032402952319815805,0.0,0.9999999996093749,0.0,0.40234374984283444,1.0398654275612083,0.22961106656739608,0.2233113623381298
0.10000000000000009,0.9000000000000001,13074.6318359375,88.61349487304688,3.4190917948442077,0.0,0.9,0.13671875,0.0,0.0,0.9999999995475113,0.03679852901502386,0.0,0.9999999996093749,0.0,0.42187499983520504,1.019298267835091,0.22338799527970232,0.20848016998010538
0.20000000000000018,0.9000000000000001,13187.90234375,89.09768676757812,3.3358841300504674,0.0,0.9,0.13671875,0.0,0.0,0.9999999995475113,0.04324746995799627,0.0,0.9999999996093749,0.0,0.46484374981842036,1.0250589900360028,0.21325209998645117,0.21132148397546413
0.30000000000000004,0.9000000000000001,13369.49609375,89.88792419433594,3.394252513429362,0.0,0.9,0.11328125,0.0,0.0,0.9999999995594714,0.04079685536832662,0.0,0.9999999996093749,0.0,0.46093749981994625,1.0256264961023733,0.2577257000033101,0.25066895847981446
0.40000000000000013,0.9000000000000001,13617.8291015625,90.97225952148438,3.4190085867621813,0.0,0.9,0.08203125,0.0,0.0,0.9999999995744681,0.030748784814260563,0.0,0.9999999996093749,0.0,0.44531249982604976,1.0537351356835083,0.30666890270621305,0.30167707172454045
0.5,0.9000000000000001,13929.287109375,92.33519744873047,3.5294930648579186,0.0,0.9,0.08984375,0.0,0.0,0.9999999995708154,0.03674063456672152,0.0,0.9999999996093749,0.0,0.42968749983215326,1.065170130466973,0.3296610711180792,0.3179268967696544
0.6000000000000001,0.9000000000000001,14299.7626953125,93.95877838134766,3.6819347414782424,0.0,0.9,0.078125,0.0,0.0,0.9999999995762712,0.015469698727617278,0.0,0.9999999996093749,0.0,0.36328124985809324,1.1000354650328124,0.34853951801827243,0.346573733172285
0.7000000000000002,0.9000000000000001,14724.890625,95.82353973388672,3.8812131507457024,0.0,0.9,0.0859375,0.0,0.0,0.9999999995726496,0.014299698077228666,0.0,0.9999999996093749,0.0,0.31249999987792965,1.1278392525888825,0.3680750697279844,0.36661090753750847
0.8,0.9000000000000001,15198.7685546875,97.90943145751953,4.102904217190578,0.0,0.9,0.0703125,0.0,0.0,0.999999999579832,0.010718954248366013,0.0,0.9999999996093749,0.0,0.34765624986419674,1.1566941891673248,0.39391454910164714,0.39391454910164714
0.9000000000000001,0.9000000000000001,15717.669921875,100.19651794433594,4.344973336314326,0.0,0.9,0.05859375,0.0,0.0,0.9999999995850622,0.017291994014216234,0.0,0.9999999996093749,0.0,0.31249999987792965,1.1836214036592894,0.42037889638919035,0.4167925905951104
1.0,0.9000000000000001,16277.4072265625,102.66565704345703,4.637599352291217,0.0,0.9,0.08203125,0.0,0.0,0.9999999995744681,0.017027491274982917,0.0,0.9999999996093749,0.0,0.33593749986877436,1.1968268237687318,0.4245596808339656,0.4195397676180114
-1.0,1.0,16811.9921875,104.8504867553711,4.1434111155347475,0.0,0.9,0.1484375,0.0,0.0,0.9954128435800859,0.04885014361250507,0.0,0.9999999996093749,0.0039062499984741208,0.46484374981842036,1.0777399942205947,0.32531216936991353,0.32531216936991353
-0.9,1.0,16271.5341796875,102.47895050048828,3.8790598137977352,0.0,0.9,0.125,1.0,0.0,0.9999999995535714,0.03534888534888535,1.0,0.9999999996093749,0.0078124999969482415,0.44531249982604976,1.0580994978972127,0.31356667939716804,0.3129223496443965
-0.8,1.0,15772.3408203125,100.28976440429688,3.5000766832805534,0.0,0.9,0.1796875,1.0,0.0,0.9999999995238096,0.0443899018232819,1.0,0.9999999996093749,0.011718749995422363,0.44140624982757565,1.0044580856704872,0.2745978418667995,0.269451573489613
-0.7,1.0,15317.7158203125,98.30061340332031,3.5580732528946344,0.0,0.9,0.1640625,1.0,0.0,0.9999999995327103,0.03570822813886077,1.0,0.9999999996093749,0.011718749995422363,0.45703124982147214,1.0079429812819376,0.2819706098308011,0.2801706647876961
-0.6,1.0,14911.767578125,96.52961730957031,3.4626901476170113,0.0,0.9,0.171875,1.0,0.0,0.9999999995283019,0.03504419191919192,1.0,0.9999999996093749,0.0078124999969482415,0.5117187498001098,0.9760985492147312,0.2604807727806124,0.25138252478526923
-0.5,1.0,14558.5048828125,94.99478149414062,3.5186799481009636,0.0,0.9,0.16015625,0.0,0.0,0.9999999995348837,0.03453217452892831,0.0,0.9999999996093749,0.0,0.49609374980621335,1.0004706043723748,0.23826320728394373,0.23826320728394373
-0.3999999999999999,1.0,14262.1298828125,93.71334075927734,3.491131158811656,0.0,0.9,0.13671875,0.0,0.0,0.9999999995475113,0.031202139681979664,0.0,0.9999999996093749,0.0,0.48046874981231685,0.9946632417862614,0.23381102054463307,0.23137688167741313
-0.29999999999999993,1.0,14025.4677734375,92.70101165771484,3.5393793890164305,0.0,0.9,0.12890625,0.0,0.0,0.9999999995515695,0.03158576796257955,0.0,0.9999999996093749,0.0,0.39843749984436033,1.0354672593507936,0.22126781174160914,0.22126781174160914
-0.19999999999999996,1.0,13852.783203125,91.97111511230469,3.41238311342852,0.0,0.9,0.13671875,0.0,0.0,0.9999999995475113,0.04083502215255843,0.0,0.9999999996093749,0.0,0.42187499983520504,1.012195078650749,0.21104058491299052,0.21104058491299052
-0.09999999999999998,1.0,13745.7509765625,91.53382873535156,3.5593072478245698,0.0,0.9,0.11328125,0.0,0.0,0.9999999995594714,0.026625323701785473,0.0,0.9999999996093749,0.0,0.39843749984436033,1.0375846185571806,0.25571881463053825,0.25571881463053825
0.0,1.0,13706.455078125,91.39551544189453,3.531581730767921,0.0,0.9,0.10546875,0.0,0.0,0.9999999995633188,0.025210339692309233,0.0,0.9999999996093749,0.0,0.40624999984130855,1.0486627414443224,0.2677548559724636,0.26300315316710443
0.10000000000000009,1.0,13747.3759765625,91.55824279785156,3.6461459082779624,0.0,0.9,0.10546875,0.0,0.0,0.9999999995633188,0.02477267935522205,0.0,0.9999999996093749,0.0,0.35546874986114496,1.0642970766412319,0.28148167143559977,0.28148167143559977
0.20000000000000018,1.0,13854.7021484375,92.01966857910156,3.7264590523844827,0.0,0.9,0.09765625,0.0,0.0,0.9999999995670996,0.024322653436577486,0.0,0.9999999996093749,0.0,0.38671874984893795,1.0795396516979523,0.2943402308955175,0.2930521291665011
0.30000000000000004,1.0,14027.0595703125,92.77318572998047,3.731972124260511,0.0,0.9,0.125,0.0,0.0,0.9999999995535714,0.039871717487909394,0.0,0.9999999996093749,0.0,0.42187499983520504,1.093153429868249,0.30980347019293786,0.3016491992254576
0.40000000000000013,1.0,14263.2138671875,93.80838012695312,3.844400667401641,0.0,0.9,0.1171875,0.0,0.0,0.9999999995575222,0.02121443265608025,0.0,0.9999999996093749,0.0,0.3749999998535156,1.1164989289453318,0.33807963002969366,0.33807963002969366
0.5,1.0,14560.2333984375,95.11173248291016,3.9125902866685798,0.0,0.9,0.09765625,0.0,0.0,0.9999999995670996,0.02014426028238183,0.0,0.9999999996093749,0.0,0.38671874984893795,1.1493696551879018,0.4029658505584755,0.3963755618407383
0.6000000000000001,1.0,14914.0322265625,96.6673812866211,3.9898563818057142,0.0,0.9,0.11328125,0.0,0.0,0.9999999995594714,0.019877991473927086,0.0,0.9999999996093749,0.0,0.36328124985809324,1.173039605457629,0.41075768237843296,0.41075768237843296
0.7000000000000002,1.0,15321.3857421875,98.45797729492188,4.268617165661585,0.0,0.9,0.09765625,0.0,0.0,0.9999999995670996,0.016898148148148148,0.0,0.9999999996093749,0.0,0.33593749986877436,1.2048000166896393,0.44049552986134,0.44049552986134
0.8,1.0,15776.4501953125,100.46543884277344,4.433485873965099,0.0,0.9,0.07421875,0.0,0.0,0.9999999995780591,0.008351101634683724,0.0,0.9999999996093749,0.0,0.33203124987030025,1.2271235781253351,0.4626550859464965,0.4626550859464965
0.9000000000000001,1.0,16276.0732421875,102.6716537475586,4.6424829991341525,0.0,0.9,0.109375,0.0,0.0,0.9956140346510465,0.023943467943467946,0.0,0.9999999996093749,0.0039062499984741208,0.3398437498672485,1.226811351486944,0.4612022809951235,0.4612022809951235
1.0,1.0,16816.06640625,105.05890655517578,5.116206756478986,0.0,0.9,0.09765625,0.0,0.0,0.9870129865857087,0.01810324499827683,0.0,0.9999999996093749,0.011718749995422363,0.3046874998809814,1.277222523600856,0.49572727954531076,0.49572727954531076
