-1.0,-1.0,36174.34375,501.8120422363281,2.312529947247134,0.0,0.9,0.4099702380952381,0.0,0.0,0.9999999999369482,0.21348092267258617,0.0,0.9999999999627976,0.0,0.7496279761625882,0.7555733946951464,0.04422438387897263,-0.03740525303035942
-0.9,-1.0,35380.0234375,492.5833740234375,2.0309819729449887,0.0,0.9,0.5193452380952381,0.0,0.0,0.9999999999226006,0.30310976405765644,0.0,0.9999999999627976,0.0,0.8430059523495906,0.6528926688598659,0.1113243995379633,-0.1113243995379633
-0.8,-1.0,34648.8046875,484.0335693359375,2.1013454347487395,0.0,0.9,0.48474702380952384,1.0,0.0,0.9999999999277978,0.2769156728201843,1.0,0.9999999999627976,0.0007440476190199388,0.8225446428265423,0.6742001641769737,0.07914769194096577,-0.07178759032396147
-0.7,-1.0,33986.2421875,476.22930908203125,1.9462939255786234,0.0,0.9,0.5394345238095238,1.0,0.0,0.9999999999192245,0.32904503855312695,1.0,0.9999999999627976,0.0011160714285299081,0.8649553571106788,0.6106433611668095,0.10463404411831369,-0.0940322037472705
-0.6,-1.0,33398.43359375,469.2396240234375,2.159409424204361,0.0,0.9,0.4739583333333333,1.0,0.0,0.9999999999292786,0.2628537035473808,1.0,0.9999999999627976,0.0003720238095099694,0.8132440475887931,0.6731809497121902,0.06670136626909919,-0.04109768269925716
-0.5,-1.0,32890.6953125,463.1329345703125,2.1017001107674727,0.0,0.9,0.5252976190476191,0.0,0.0,0.9992163008621303,0.3181927273434908,0.0,0.9999999999627976,0.0003720238095099694,0.8537946428253798,0.618967543543937,0.08506462735556884,-0.06633788337579091
-0.3999999999999999,-1.0,32468.693359375,457.975830078125,1.9588450203532313,0.0,0.9,0.5851934523809523,0.7,0.0,0.9973094169509139,0.37872583697308126,0.2333333333333333,0.9999999999627976,0.0037202380950996936,0.8612351190155791,0.5947642884009712,0.1149683851357842,-0.09611474323135011
-0.29999999999999993,-1.0,32134.90234375,453.8292541503906,1.88833895017972,0.0,0.9,0.6123511904761905,1.0,0.0,0.9999999999040307,0.43366371616033683,1.0,0.9999999999627976,0.0037202380950996936,0.8895089285383367,0.570928199717716,0.12559706626959533,-0.11294773030183697
-0.19999999999999996,-1.0,31893.408203125,450.74591064453125,1.9551717081520759,0.0,0.9,0.5922619047619048,1.0,0.0,0.9999999999087591,0.418160758226535,1.0,0.9999999999627976,0.004836309523629602,0.8906249999668667,0.5719031641017651,0.08076090301982101,-0.07904179390112832
-0.09999999999999998,-1.0,31747.0859375,448.7669982910156,1.8649082366500627,0.0,0.9,0.6517857142857143,0.9375,0.0,0.9989316238249005,0.5023416792637447,0.6190476190476191,0.9999999999627976,0.00595238095215951,0.9252232142512938,0.5209831210335121,0.11234825072341846,-0.11010506914020153
0.0,-1.0,31698.734375,447.91998291015625,1.8672768145334568,0.0,0.9,0.6290922619047619,0.8888888888888888,0.0,0.9979939818457378,0.4671063637613452,0.4375,0.9999999999627976,0.006696428571179448,0.9122023809184449,0.5424715003072651,0.08210843689526252,-0.08125065976469702
0.10000000000000009,-1.0,31752.21875,448.2164611816406,1.876820386664098,0.0,0.9,0.6272321428571429,0.875,0.0,0.9980039919163669,0.4882562339581196,0.42727272727272725,0.9999999999627976,0.00595238095215951,0.9233630952037439,0.5409387905855918,0.09061038285669024,-0.07340909344279428
0.20000000000000018,-1.0,31901.818359375,449.65167236328125,1.9922567076023814,0.0,0.9,0.5598958333333334,0.875,0.0,0.9991546913779243,0.40400102780647823,0.5,0.9999999999627976,0.002976190476079755,0.9066220237757954,0.6069586258559619,0.10519553333456605,-0.01757903044551796
0.30000000000000004,-1.0,32144.822265625,452.2046813964844,1.9819187730194443,0.0,0.9,0.5509672619047619,1.0,0.0,0.9999999999171499,0.3752878373531135,1.0,0.9999999999627976,0.0011160714285299081,0.9166666666325646,0.6144463793210632,0.10088013581646607,-0.015530918908067242
0.40000000000000013,-1.0,32479.466796875,455.8402404785156,1.967406248335668,0.0,0.9,0.5249255952380952,1.0,0.0,0.9999999999216914,0.335222410713787,1.0,0.9999999999627976,0.0003720238095099694,0.9188988094896243,0.6292142195822253,0.07822280152839682,-0.006874458399024165
0.5,-1.0,32903.5625,460.5105285644531,2.0753046565371136,0.0,0.9,0.5022321428571429,0.0,0.0,0.9992526157698615,0.30039003362514594,0.0,0.9999999999627976,0.0003720238095099694,0.8950892856809863,0.6664438052720107,0.07678615011732644,0.0036274178131870823
0.6000000000000001,-1.0,33412.265625,466.1585388183594,2.1160434036735527,0.0,0.9,0.48214285714285715,0.0,0.0,0.9971264367099765,0.2872136288112062,0.0,0.9999999999627976,0.0014880952380398776,0.8816964285386274,0.6979435720036471,0.07796093205933069,-0.0009491438034679969
0.7000000000000002,-1.0,33998.6953125,472.72064208984375,2.252087224411999,0.0,0.9,0.4427083333333333,0.0,0.0,0.9973297729641302,0.25446891539734806,0.0,0.9999999999627976,0.0014880952380398776,0.8404017856830208,0.7382277186745142,0.04894813447951675,-0.0045943299272956355
0.8,-1.0,34659.05859375,480.1297302246094,2.368596792258186,0.0,0.9,0.3976934523809524,0.0,0.0,0.9969116738111852,0.22845182970534075,0.0,0.9999999999627976,0.0018601190475498468,0.8087797618746734,0.7763025355741616,0.09083718590401871,0.017770317515243165
0.9000000000000001,-1.0,35388.6328125,488.3175048828125,2.4676458237568215,0.0,0.9,0.3709077380952381,0.0,0.0,0.9964518036075427,0.20596227511284354,0.0,0.9999999999627976,0.0022321428570598162,0.8054315475890836,0.799046820273549,0.09231494871645815,0.018506252417318562
1.0,-1.0,36180.24609375,497.21649169921875,2.37140797720273,0.0,0.9,0.37983630952380953,0.0,0.0,0.9982003598681343,0.21927698330639384,0.0,0.9999999999627976,0.0011160714285299081,0.8218005952075224,0.7947896718899188,0.07909658992934275,-0.0013933764056005336
-1.0,-0.9,35385.1953125,492.644287109375,2.2164991956116635,0.0,0.9,0.43191964285714285,0.0,0.0,0.999999999934512,0.2242350302417783,0.0,0.9999999999627976,0.0,0.7626488094954372,0.735427560190667,0.062498642070885554,-0.05523527570704201
-0.9,-0.9,34564.11328125,483.1126708984375,2.130145096248402,0.0,0.9,0.48251488095238093,1.0,0.0,0.9999999999281092,0.2615401810007405,1.0,0.9999999999627976,0.0003720238095099694,0.8065476190176136,0.6789261669638287,0.08672584102278115,-0.06745867694733666
-0.8,-0.9,33806.5546875,474.2637939453125,2.147763448665044,0.0,0.9,0.4888392857142857,1.0,0.0,0.9999999999272198,0.27678737879317433,1.0,0.9999999999627976,0.0007440476190199388,0.8050595237795737,0.6702300641732313,0.09006210941164636,-0.06176063012317716
-0.7,-0.9,33120.0078125,466.1700439453125,2.007093614953835,0.0,0.9,0.5546875,1.0,0.0,0.9999999999164577,0.3291365904178514,1.0,0.9999999999627976,0.0007440476190199388,0.862723214253619,0.5919261569302253,0.10784973520721,-0.10642015001709357
-0.6,-0.9,32509.67578125,458.90679931640625,1.9428082629903562,0.0,0.9,0.5881696428571429,1.0,0.0,0.9999999999096657,0.3728331035595952,1.0,0.9999999999627976,0.0003720238095099694,0.8831845237766673,0.5655435981365027,0.11104624643033333,-0.10864068911054399
-0.5,-0.9,31981.23828125,452.5504150390625,1.8266458865225268,0.0,0.9,0.6421130952380952,1.0,0.0,0.9999999998960499,0.43574117295266157,1.0,0.9999999999627976,0.0007440476190199388,0.8939732142524563,0.5379068226369422,0.14128582428830957,-0.1396789096929801
-0.3999999999999999,-0.9,31541.81640625,447.17523193359375,1.9575427894305446,0.0,0.9,0.6209077380952381,1.0,0.0,0.9999999999018646,0.42097174239146007,1.0,0.9999999999627976,0.0011160714285299081,0.886532738062257,0.5675458534602354,0.12818082493366795,-0.11985299986936938
-0.29999999999999993,-0.9,31194.390625,442.8502197265625,1.7391846876515267,0.0,0.9,0.7473958333333334,1.0,0.0,0.9999999998527247,0.5947330480992112,1.0,0.9999999999627976,0.00595238095215951,0.9654017856783705,0.424101772473926,0.18844635734665474,-0.18844635734665474
-0.19999999999999996,-0.9,30942.560546875,439.6357116699219,1.9481726696541033,0.0,0.9,0.6127232142857143,0.9411764705882353,0.0,0.9990393851105629,0.42422632894531587,0.6111111111111112,0.9999999999627976,0.00632440476166948,0.874255952348428,0.5588362748556381,0.08501579832127734,-0.06791622244712689
-0.09999999999999998,-0.9,30790.248046875,437.5789489746094,1.8759169221672751,0.0,0.9,0.6462053571428571,0.9615384615384616,0.0,0.9989484751841274,0.4776517379742141,0.6363636363636364,0.9999999999627976,0.009672619047259204,0.9095982142518751,0.5112587509282669,0.09040955701661506,-0.09040955701661506
0.0,-0.9,30743.2578125,436.71148681640625,1.9048213572789374,0.0,0.9,0.6510416666666666,0.8461538461538461,0.0,0.995735607569751,0.4921080544455725,0.4083333333333333,0.9999999999627976,0.009672619047259204,0.922991071394234,0.4989552872627456,0.08630077522760114,-0.08507718067980864
0.10000000000000009,-0.9,30798.16015625,437.0465087890625,1.781621588143472,0.0,0.9,0.6633184523809523,1.0,0.0,0.9999999998895028,0.5075890172555316,1.0,0.9999999999627976,0.012276785713828989,0.9408482142507125,0.4843661225644313,0.08900169285084424,-0.08900169285084424
0.20000000000000018,-0.9,30953.537109375,438.57818603515625,1.8614428396409708,0.0,0.9,0.5855654761904762,0.8695652173913043,0.0,0.9973070017058072,0.4227184379373446,0.4222222222222222,0.9999999999627976,0.008556547618729296,0.8913690475858866,0.5729575014514454,0.05926363486555064,-0.010940829968753611
0.30000000000000004,-0.9,31205.953125,441.2821044921875,1.8516756025005008,0.0,0.9,0.6104910714285714,0.9090909090909091,0.0,0.9980897802294088,0.4759969100119474,0.6,0.9999999999627976,0.008184523809219326,0.9393601190126727,0.5496861924584204,0.09532927438897083,-0.04496647207368583
0.40000000000000013,-0.9,31553.484375,445.1171875,1.8759653268153502,0.0,0.9,0.5948660714285714,1.0,0.0,0.9999999999081726,0.4346104637805953,1.0,0.9999999999627976,0.006696428571179448,0.9583333332976811,0.5593659902769262,0.08567575685642094,-0.02650086167587106
0.5,-0.9,31993.591796875,450.02825927734375,2.0938280089797567,0.0,0.9,0.5081845238095238,0.8888888888888888,0.0,0.9992435702723719,0.31761302797268975,0.5,0.9999999999627976,0.003348214285589724,0.8727678571103882,0.670878659055088,0.05935431398776511,0.01648525792123298
0.6000000000000001,-0.9,32520.833984375,455.9501647949219,2.163853256999959,0.0,0.9,0.47061011904761907,0.2857142857142857,0.0,0.9964862964865434,0.2658767249532448,0.2916666666666667,0.9999999999627976,0.0026041666665697857,0.8385416666354709,0.7002257625165631,0.04598602722506581,0.01719576422952888
0.7000000000000002,-0.9,33128.7578125,462.81109619140625,2.124111275497409,0.0,0.9,0.4914434523809524,0.0,0.0,0.9978054132408335,0.2991883750051767,0.0,0.9999999999627976,0.0011160714285299081,0.8906249999668667,0.6716725748137965,0.04135101155104633,-0.03076606052486493
0.8,-0.9,33812.94921875,470.5359802246094,2.240842620873011,0.0,0.9,0.46279761904761907,0.0,0.0,0.9965373960528713,0.279155467740638,0.0,0.9999999999627976,0.0018601190475498468,0.8537946428253798,0.7128022469090749,0.046429749762181956,-0.03347351199579771
0.9000000000000001,-0.9,34566.12109375,479.04937744140625,2.2716409964062185,0.0,0.9,0.4720982142857143,0.0,0.0,0.9964763917550051,0.30858733965047536,0.0,0.9999999999627976,0.0018601190475498468,0.8924851190144165,0.7220372391680276,0.10245208018274396,-0.0721585185432047
1.0,-0.9,35382.9765625,488.2779541015625,2.4035722215508777,0.0,0.9,0.40476190476190477,0.0,0.0,0.9974999999376561,0.2417894426134396,0.0,0.9999999999627976,0.0014880952380398776,0.7972470237798643,0.7835561225574326,0.0906780211855083,-0.033882450110813124
-1.0,-0.8,34657.60546875,484.1594543457031,2.1248778735385714,0.0,0.9,0.5130208333333334,0.0,0.0,0.9999999999236058,0.27529971591249347,0.0,0.9999999999627976,0.0,0.7961309523513345,0.6671023422142436,0.10830315119805155,-0.10747695997035832
-0.9,-0.8,33811.50390625,474.3292541503906,2.154010387242082,0.0,0.9,0.48400297619047616,0.0,0.0,0.9999999999279019,0.25820817042163,0.0,0.9999999999627976,0.0,0.7797619047328959,0.682705088525757,0.08116542529187244,-0.0645139528893204
-0.8,-0.8,33029.42578125,465.18341064453125,2.017640668174994,0.0,0.9,0.5558035714285714,1.0,0.0,0.9999999999162479,0.316303697158017,1.0,0.9999999999627976,0.0014880952380398776,0.8448660713971404,0.6057930061281858,0.1238269819181734,-0.11614710499504376
-0.7,-0.8,32318.021484375,456.8001403808594,2.061801000068403,0.0,0.9,0.5543154761904762,0.5,0.0,0.9991652753756957,0.3250773737294951,0.25,0.9999999999627976,0.0007440476190199388,0.8124999999697731,0.6226043034145122,0.09019171297914584,-0.08239490145967275
-0.6,-0.8,31685.65234375,449.26177978515625,1.9053802700316655,0.0,0.9,0.6476934523809523,1.0,0.0,0.9999999998944035,0.4298191703955225,1.0,0.9999999999627976,0.0018601190475498468,0.8783482142530377,0.5473492281998565,0.1544949451243071,-0.15428390616107038
-0.5,-0.8,31136.98828125,442.65234375,1.9676301631173412,0.0,0.9,0.6238839285714286,0.5,0.0,0.9990108802177042,0.4125520841879642,0.25,0.9999999999627976,0.0007440476190199388,0.8601190475870492,0.5695757916193851,0.11086988700593661,-0.1015597521406573
-0.3999999999999999,-0.8,30680.267578125,437.0550537109375,1.7790022364902063,0.0,0.9,0.6774553571428571,0.5,0.0,0.9988465973473072,0.48117317141150706,0.25,0.9999999999627976,0.0007440476190199388,0.9122023809184449,0.49526114750380834,0.13274729018773485,-0.12493681927326289
-0.29999999999999993,-0.8,30320.50390625,432.5477294921875,1.7420800939589378,0.0,0.9,0.7198660714285714,0.6923076923076923,0.0,0.9946879148745434,0.5470714880412937,0.40909090909090906,0.9999999999627976,0.004836309523629602,0.922619047584724,0.4462866208640595,0.1327255234809105,-0.1306700391015681
-0.19999999999999996,-0.8,30059.578125,429.1988525390625,1.8098280117108885,0.0,0.9,0.6934523809523809,0.8947368421052632,0.0,0.997572815412916,0.5241876599308016,0.5854700854700855,0.9999999999627976,0.007068452380689418,0.9136904761564848,0.4671475369445925,0.10302723387195271,-0.10282211754878544
-0.09999999999999998,-0.8,29904.77734375,427.0626220703125,1.7355876026950665,0.0,0.9,0.7061011904761905,0.8484848484848485,0.0,0.9936708859501683,0.537766795767214,0.32842105263157895,0.9999999999627976,0.012276785713828989,0.9207589285371742,0.43630149353463793,0.10425312488481578,-0.10270653666983648
0.0,-0.8,29855.8984375,426.1752624511719,1.7209524059760015,0.0,0.9,0.6875,1.0,0.0,0.9999999998809525,0.526573751770422,1.0,0.9999999999627976,0.011160714285299082,0.935639880917573,0.4532207001543863,0.08659837171888925,-0.08659837171888925
0.10000000000000009,-0.8,29911.8984375,426.55169677734375,1.7824976600486113,0.0,0.9,0.6837797619047619,0.9285714285714286,0.0,0.9952941175299654,0.5282627313485643,0.36952380952380953,0.9999999999627976,0.020833333332558285,0.9300595237749234,0.4442882215072441,0.07402873095815676,-0.06327260929147713
0.20000000000000018,-0.8,30070.486328125,428.18524169921875,1.9768806123780986,0.0,0.9,0.5922619047619048,0.8928571428571429,0.0,0.994525547354514,0.4256150463628501,0.25555555555555554,0.9999999999627976,0.020833333332558285,0.8645833333011689,0.5750966212251694,0.05913093986297737,0.022269746108802703
0.30000000000000004,-0.8,30332.751953125,431.046630859375,1.9554892589921518,0.0,0.9,0.6049107142857143,0.8837209302325582,0.0,0.9952919019778443,0.45550061901672245,0.37435897435897436,0.9999999999627976,0.015997023808928684,0.9066220237757954,0.5523560953838107,0.06320376518151093,-0.010910451646527285
0.40000000000000013,-0.8,30693.5,435.08843994140625,1.954757282734572,0.0,0.9,0.5636160714285714,0.8636363636363636,0.0,0.994884910401118,0.4050308048168927,0.3031135531135531,0.9999999999627976,0.016369047618438652,0.8712797618723482,0.6094632142848238,0.0678811979679054,0.018226431619616054
0.5,-0.8,31149.369140625,440.2473449707031,2.0028833443773917,0.0,0.9,0.5472470238095238,0.8461538461538461,0.0,0.9967132291703604,0.38359542115419776,0.16923076923076924,0.9999999999627976,0.009672619047259204,0.8727678571103882,0.6195774772648597,0.05206778242542202,0.005735494893913723
0.6000000000000001,-0.8,31694.75390625,446.4493408203125,1.9252544283440554,0.0,0.9,0.5457589285714286,0.8571428571428571,0.0,0.9983619982802324,0.36106281516094213,0.3076923076923077,0.9999999999627976,0.005208333333139571,0.9025297618711857,0.5989985214791274,0.05908641544465828,-0.012287320214966837
0.7000000000000002,-0.8,32323.671875,453.6133728027344,1.9771581897889985,0.0,0.9,0.5621279761904762,0.8333333333333334,0.0,0.9983007645710874,0.3697453248513549,0.5,0.9999999999627976,0.0044642857141196325,0.936011904727083,0.5845219269542131,0.08990529922408233,-0.0734145531875431
0.8,-0.8,33030.32421875,461.656005859375,2.190679070956154,0.0,0.9,0.4758184523809524,0.2857142857142857,0.0,0.996451383889535,0.31010393429225264,0.3333333333333333,0.9999999999627976,0.0026041666665697857,0.84933035711126,0.6971343860693011,0.06421125327659072,-0.03802076113892541
0.9000000000000001,-0.8,33807.34375,470.49462890625,2.2336363881153436,0.0,0.9,0.48288690476190477,0.5,0.0,0.9992805754676776,0.30197477099321873,0.5,0.9999999999627976,0.0007440476190199388,0.8433779761591006,0.7166390201844283,0.09163819841034256,-0.06511199965236648
1.0,-0.8,34649.53515625,480.0494689941406,2.3468839158083457,0.0,0.9,0.4304315476190476,0.0,0.0,0.9999999999346831,0.2613931686057759,0.0,0.9999999999627976,0.0,0.814360119017323,0.7541880062388187,0.08255374245573352,-0.05032501178190238
-1.0,-0.7,33996.30078125,476.4245910644531,2.1476006598656006,0.0,0.9,0.5424107142857143,1.0,0.0,0.9999999999186991,0.2933831873790193,1.0,0.9999999999627976,0.0003720238095099694,0.8165922618743827,0.6450266805271556,0.12478192512868432,-0.11547174036471552
-0.9,-0.7,33127.48046875,466.3055725097656,1.9836392071587778,0.0,0.9,0.5758928571428571,1.0,0.0,0.9999999999122806,0.3279943446347686,1.0,0.9999999999627976,0.0011160714285299081,0.813616071398303,0.6190964918604738,0.11761009812847985,-0.11681117221180622
-0.8,-0.7,32322.42578125,456.8707275390625,2.0753137505028945,0.0,0.9,0.5892857142857143,1.0,0.0,0.9999999999094202,0.341399558267411,1.0,0.9999999999627976,0.0011160714285299081,0.8247767856836021,0.5980205793400277,0.12402793221002444,-0.12172703684521739
-0.7,-0.7,31589.009765625,448.2036437988281,1.8714672481165031,0.0,0.9,0.6670386904761905,1.0,0.0,0.9999999998882682,0.4356796614037944,1.0,0.9999999999627976,0.0014880952380398776,0.8798363094910776,0.526254852924005,0.16148790042667047,-0.15878374991567204
-0.6,-0.7,30935.251953125,440.3935546875,1.9227717955539967,0.0,0.9,0.6573660714285714,0.6666666666666666,0.0,0.9989142235614643,0.427765772261664,0.3333333333333333,0.9999999999627976,0.0011160714285299081,0.8720238094913683,0.5314633308275087,0.12911269026727498,-0.12605229346223049
-0.5,-0.7,30367.748046875,433.532958984375,1.9556393151041747,0.0,0.9,0.6201636904761905,0.4,0.0,0.9970617041139019,0.4144593143903944,0.13333333333333333,0.9999999999627976,0.0018601190475498468,0.8619791666345991,0.5613014520096218,0.06952756391034486,-0.06060639733836827
-0.3999999999999999,-0.7,29895.333984375,427.7137756347656,1.8075434025802006,0.0,0.9,0.6681547619047619,0.5,0.0,0.9988789236548342,0.4735098757851408,0.25,0.9999999999627976,0.0007440476190199388,0.9077380952043252,0.4868103461754977,0.08086487597885664,-0.08024331073998031
-0.29999999999999993,-0.7,29522.65625,423.02362060546875,1.834818419844885,0.0,0.9,0.6149553571428571,0.5833333333333334,0.0,0.9951690820294522,0.42009138708521254,0.40740740740740744,0.9999999999627976,0.0044642857141196325,0.8508184523493,0.5561655409443433,0.0439514232106131,-0.006303547384006363
-0.19999999999999996,-0.7,29256.166015625,419.53973388671875,1.7768489193617476,0.0,0.9,0.7034970238095238,0.7142857142857143,0.0,0.9924717690097276,0.5296107816389253,0.3680555555555556,0.9999999999627976,0.007812499999709357,0.9233630952037439,0.4291949251812561,0.08260407218408257,-0.07870387116716111
-0.09999999999999998,-0.7,29095.662109375,417.3242492675781,1.7195353041306825,0.0,0.9,0.7198660714285714,0.7058823529411765,0.0,0.9867197873855619,0.564137299022833,0.19017094017094016,0.9999999999627976,0.01264880952333896,0.9144345237755047,0.4249849162375817,0.07381939506350457,-0.06854440433646761
0.0,-0.7,29045.177734375,416.4183349609375,1.881563095596945,0.0,0.9,0.6670386904761905,0.9166666666666666,0.0,0.9955307261457508,0.4982301842167746,0.3674725274725275,0.9999999999627976,0.01785714285647853,0.8824404761576473,0.4848184549430048,0.0315697865431431,-0.02575790913268066
0.10000000000000009,-0.7,29102.001953125,416.8391418457031,1.7346315981231575,0.0,0.9,0.7220982142857143,0.890625,0.0,0.9906291832676535,0.5850974744805344,0.2744113029827316,0.9999999999627976,0.02380952380863804,0.923735119013254,0.414997008191163,0.06625584954629657,-0.06503335897105739
0.20000000000000018,-0.7,29265.595703125,418.57794189453125,1.9648171843568254,0.0,0.9,0.6462053571428571,0.9365079365079365,0.0,0.9957939010519671,0.48039386117815197,0.5594285714285714,0.9999999999627976,0.02343749999912807,0.8805803571100975,0.5138781050717571,0.03300411887147975,-0.01860534333926064
0.30000000000000004,-0.7,29535.310546875,421.60150146484375,1.8725122055247367,0.0,0.9,0.6588541666666666,0.8648648648648649,0.0,0.9890948744831958,0.49518083312919836,0.3971717171717171,0.9999999999627976,0.027529761903737734,0.9058779761567755,0.5017714106980916,0.04586943271117102,-0.025446582575435337
0.40000000000000013,-0.7,29908.935546875,425.8544616699219,1.8580782127985813,0.0,0.9,0.6320684523809523,0.9682539682539683,0.0,0.9979777552074846,0.45931979301796017,0.5918367346938775,0.9999999999627976,0.02343749999912807,0.9006696428236358,0.5158490429483554,0.0362946769424797,-0.02792183885864551
0.5,-0.7,30380.525390625,431.2644348144531,1.9546634905687668,0.0,0.9,0.5677083333333334,0.8909090909090909,0.0,0.9948364887267782,0.3915526746028761,0.24285714285714288,0.9999999999627976,0.020461309523048317,0.8608630952060691,0.5978428612027687,0.0388869899106645,0.010204974731678307
0.6000000000000001,-0.7,30943.849609375,437.74774169921875,1.823896829485906,0.0,0.9,0.6000744047619048,0.9545454545454546,0.0,0.9981395347908707,0.4350163799146793,0.36904761904761907,0.9999999999627976,0.016369047618438652,0.9021577380616758,0.541809476600003,0.05256290327115765,-0.05214363863119952
0.7000000000000002,-0.7,31592.00390625,445.21356201171875,2.033795016986782,0.0,0.9,0.5442708333333334,0.8333333333333334,0.0,0.9967346937961848,0.36043833577932544,0.2777777777777778,0.9999999999627976,0.008928571428239265,0.8656994047296988,0.6110741382617692,0.06840087046933115,-0.04067262906757426
0.8,-0.7,32320.111328125,453.5701904296875,2.0457371169155874,0.0,0.9,0.5509672619047619,0.6956521739130435,0.0,0.9942004970178789,0.36604221121446406,0.16,0.9999999999627976,0.008556547618729296,0.8794642856815676,0.6229765822084097,0.09538381685802834,-0.08008683728187671
0.9000000000000001,-0.7,33120.7734375,462.7271423339844,2.1669932892838952,0.0,0.9,0.5215773809523809,0.9090909090909091,0.0,0.999222394945628,0.3474431895921905,0.5,0.9999999999627976,0.004092261904609663,0.8779761904435277,0.6561054317930186,0.10844880055130691,-0.09124361991658012
1.0,-0.7,33985.71484375,472.5989990234375,2.203498068740174,0.0,0.9,0.48921130952380953,1.0,0.0,0.9999999999271667,0.3169320839682483,1.0,0.9999999999627976,0.0014880952380398776,0.8541666666348897,0.7105902956691761,0.11453345870221211,-0.09557545733542273
-1.0,-0.6,33410.18359375,469.50823974609375,1.9773213929826379,0.0,0.9,0.6049107142857143,0.0,0.0,0.999999999905838,0.3458557851584021,0.0,0.9999999999627976,0.0,0.8340773809213513,0.6010797309249997,0.15606857543446698,-0.15606857543446698
-0.9,-0.6,32518.673828125,459.1171569824219,2.0119349199030134,0.0,0.9,0.5952380952380952,1.0,0.0,0.9999999999080882,0.34338694604109843,1.0,0.9999999999627976,0.0003720238095099694,0.8273809523501718,0.6060625031474977,0.12992323259087482,-0.12493611407777433
-0.8,-0.6,31692.384765625,449.4079895019531,1.8978057884261867,0.0,0.9,0.6592261904761905,1.0,0.0,0.9999999998908298,0.4210504173443631,1.0,0.9999999999627976,0.0014880952380398776,0.8913690475858866,0.5269334150565804,0.16281074902320378,-0.15971825456466252
-0.7,-0.6,30938.64453125,440.46978759765625,1.8824884420941392,0.0,0.9,0.6733630952380952,0.75,0.0,0.9988610477222254,0.44162239485191235,0.375,0.9999999999627976,0.0014880952380398776,0.886532738062257,0.5120418922543052,0.14080099636541565,-0.1400937726781167
-0.6,-0.6,30266.62109375,432.3985595703125,1.9958869284837832,0.0,0.9,0.6227678571428571,0.5625,0.0,0.9930966468448623,0.40601723612315194,0.3833333333333333,0.9999999999627976,0.00595238095215951,0.8511904761588099,0.5573484268237158,0.08229084481191717,-0.06929282296189766
-0.5,-0.6,29683.0625,425.2945556640625,1.8060714119529653,0.0,0.9,0.7261904761904762,0.8,0.0,0.9986413042121411,0.5457257893511094,0.5833333333333334,0.9999999999627976,0.0018601190475498468,0.922619047584724,0.43282118614968124,0.1220351428042239,-0.11710059508309495
-0.3999999999999999,-0.6,29195.392578125,419.2595520019531,1.8324128104472748,0.0,0.9,0.6975446428571429,0.4444444444444444,0.0,0.9938499383771403,0.519258370778326,0.2222222222222222,0.9999999999627976,0.003348214285589724,0.9151785713945246,0.4393843412487288,0.09238000171057291,-0.06766348734593274
-0.29999999999999993,-0.6,28814.01953125,414.3907165527344,1.7440627189959064,0.0,0.9,0.7395833333333334,0.6363636363636364,0.0,0.9942857141436735,0.5664278156979431,0.625,0.9999999999627976,0.004092261904609663,0.9334077380605131,0.3924036289849882,0.08299946351475064,-0.08039451654853984
-0.19999999999999996,-0.6,28539.431640625,410.7751159667969,1.764228226230423,0.0,0.9,0.7399553571428571,0.7727272727272727,0.0,0.9928469240353581,0.5734883708409402,0.2852941176470588,0.9999999999627976,0.008184523809219326,0.9207589285371742,0.38959193773176715,0.07207529900620503,-0.06417443872616839
-0.09999999999999998,-0.6,28374.150390625,408.4828796386719,1.8000006434180906,0.0,0.9,0.7016369047619048,0.7586206896551724,0.0,0.982543640775244,0.5466743815863724,0.29766483516483516,0.9999999999627976,0.021577380951578223,0.8973214285380461,0.449374381957137,0.028185402319763606,-0.008624964871930828
0.0,-0.6,28320.578125,407.56085205078125,1.9675256605645584,0.0,0.9,0.6629464285714286,0.7368421052631579,0.0,0.9779249447044234,0.4987899574449123,0.2506390977443609,0.9999999999627976,0.02827380952275767,0.8575148809204794,0.508339225994894,0.037893104168764576,0.03636361662082976
0.10000000000000009,-0.6,28378.193359375,408.0283508300781,1.714450129616303,0.0,0.9,0.7555803571428571,0.9491525423728814,0.0,0.9908675797578589,0.6110390727200853,0.4511111111111111,0.9999999999627976,0.04389880952217639,0.9274553571083537,0.3796314699043756,0.05435681010704189,-0.05089896188925864
0.20000000000000018,-0.6,28547.109375,409.874755859375,1.8488237444817857,0.0,0.9,0.7380952380952381,0.9298245614035088,0.0,0.9886363634959324,0.6075051037810574,0.379488416988417,0.9999999999627976,0.04241071428413651,0.9259672618703138,0.3949004465564898,0.04541982428048401,-0.03436511195711947
0.30000000000000004,-0.6,28825.02734375,413.0614929199219,1.8370717620819879,0.0,0.9,0.6729910714285714,0.9326923076923077,0.0,0.9920364048928286,0.5043755403499427,0.32118975017386187,0.9999999999627976,0.038690476189036815,0.8917410713953966,0.4740985419526125,0.0362019760765752,-0.007056595576746547
0.40000000000000013,-0.6,29207.96875,417.5251770019531,1.905518358382541,0.0,0.9,0.6577380952380952,0.9512195121951219,0.0,0.9956521738048204,0.49064703430439505,0.3181216931216931,0.9999999999627976,0.03050595237981749,0.8950892856809863,0.4952338914988662,0.0276857897059739,-0.01830362173896556
0.5,-0.6,29694.7265625,423.18377685546875,1.7435050281383933,0.0,0.9,0.671875,0.9714285714285714,0.0,0.9977324261907333,0.4950023677422142,0.4910714285714286,0.9999999999627976,0.026041666665697856,0.9092261904423652,0.47111708585012757,0.07016641685635953,-0.06860444853764851
0.6000000000000001,-0.6,30274.3125,429.9430236816406,1.8773461351087204,0.0,0.9,0.6361607142857143,0.9375,0.0,0.9969325152354875,0.4486418352967953,0.34090909090909094,0.9999999999627976,0.01785714285647853,0.8790922618720576,0.5311612814400616,0.07187966332156848,-0.07012311088026182
0.7000000000000002,-0.6,30941.09375,437.7026672363281,2.027336995656565,0.0,0.9,0.5803571428571429,0.8620689655172413,0.0,0.9964539006208817,0.39049570488970026,0.21551724137931033,0.9999999999627976,0.010788690475789111,0.85044642853979,0.5897463850841907,0.0660103905061451,-0.05774919242883084
0.8,-0.6,31689.416015625,446.36187744140625,1.9611310287739097,0.0,0.9,0.6030505952380952,1.0,0.0,0.9999999999062792,0.4135193003603437,1.0,0.9999999999627976,0.009300595237749234,0.9025297618711857,0.5634942184653834,0.11726634464694392,-0.11125019142412106
0.9000000000000001,-0.6,32510.294921875,455.8231506347656,2.237386278093271,0.0,0.9,0.4791666666666667,0.85,0.0,0.9978571427858672,0.2981989372832927,0.2236842105263158,0.9999999999627976,0.007440476190199387,0.802455357113004,0.7076651108295151,0.06969254055901855,-0.03569411128173624
1.0,-0.6,33396.01953125,465.99566650390625,2.0914711732113553,0.0,0.9,0.515625,0.9444444444444444,0.0,0.9992319507681081,0.3375416123996055,0.4722222222222222,0.9999999999627976,0.006696428571179448,0.8523065475873398,0.687196078667752,0.11636616624857102,-0.10018580377171342
-1.0,-0.5,32901.53515625,463.4788513183594,2.0597443304520597,0.0,0.9,0.5896577380952381,1.0,0.0,0.9999999999093381,0.34147559448399634,1.0,0.9999999999627976,0.0003720238095099694,0.8203124999694825,0.6119801893463291,0.13640266527535078,-0.12942790295636042
-0.9,-0.5,31991.91796875,452.8397521972656,1.955226740268971,0.0,0.9,0.6119791666666666,0.6666666666666666,0.0,0.9980824543625999,0.3758072627217247,0.3333333333333333,0.9999999999627976,0.0022321428570598162,0.8761160713959779,0.5783093011948557,0.13847781382736624,-0.1346366592366951
-0.8,-0.5,31146.5,442.8790588378906,1.9073599474770413,0.0,0.9,0.6473214285714286,1.0,0.0,0.9999999998945148,0.4125217866055313,1.0,0.9999999999627976,0.0018601190475498468,0.8805803571100975,0.5356808456474809,0.1158387131156233,-0.11192420864694538
-0.7,-0.5,30375.822265625,433.6907653808594,1.9491681239858107,0.0,0.9,0.6350446428571429,0.5,0.0,0.9959225279310987,0.4138179282864669,0.4761904761904762,0.9999999999627976,0.002976190476079755,0.873883928538918,0.5386076000610284,0.08160079799396631,-0.07455701035964023
-0.6,-0.5,29687.26171875,425.37689208984375,1.8599615081144265,0.0,0.9,0.6529017857142857,0.6428571428571429,0.0,0.9946409430873911,0.4535546566844373,0.27,0.9999999999627976,0.005208333333139571,0.8783482142530377,0.509633849256988,0.07524735547346706,-0.06341644246667784
-0.5,-0.5,29088.712890625,418.045654296875,1.917430968203835,0.0,0.9,0.6622023809523809,0.6538461538461539,0.0,0.9900881056178318,0.4707563463863378,0.3244949494949495,0.9999999999627976,0.009672619047259204,0.8828124999671573,0.49818297159404257,0.04769930524408777,-0.025633987061740186
-0.3999999999999999,-0.5,28591.42578125,411.8079833984375,1.7563525282958141,0.0,0.9,0.7663690476190477,0.8636363636363636,0.0,0.9952229297778308,0.6098175885588133,0.5666666666666667,0.9999999999627976,0.008184523809219326,0.9453124999648321,0.35112407733913215,0.09308058962713661,-0.0880023771049897
-0.29999999999999993,-0.5,28200.380859375,406.7711181640625,1.778758057548516,0.0,0.9,0.7760416666666666,0.7,0.0,0.9850498337234137,0.6300995542217059,0.5110294117647058,0.9999999999627976,0.011160714285299082,0.9304315475844334,0.3492765188256547,0.0864829358682744,-0.08080869623673534
-0.19999999999999996,-0.5,27919.365234375,403.0317687988281,1.7391660370743893,0.0,0.9,0.7042410714285714,0.696969696969697,0.0,0.9748427671729758,0.5388364350538263,0.4106074481074481,0.9999999999627976,0.024553571427657978,0.8686755952057785,0.44712595356273005,0.028999094647413442,0.02616956950339693
-0.09999999999999998,-0.5,27748.6640625,400.6686096191406,1.7956715580783613,0.0,0.9,0.7105654761904762,0.8431372549019608,0.0,0.9794344471748799,0.5442545944207694,0.3676524644945698,0.9999999999627976,0.03794642857001688,0.8898809523478467,0.43042640232444157,0.024895339809874732,0.024848494753332846
0.0,-0.5,27693.03515625,399.7341613769531,1.910910316583691,0.0,0.9,0.7094494047619048,0.875,0.0,0.9807938539077089,0.5409081585379574,0.37835160430814657,0.9999999999627976,0.04464285714119633,0.9006696428236358,0.4272945495903133,0.031027477621560797,0.027887914298721287
0.10000000000000009,-0.5,27752.4296875,400.2497253417969,1.7022410207477545,0.0,0.9,0.7440476190476191,0.8859060402684564,0.0,0.9752906975326613,0.581567816923946,0.33847680097680094,0.9999999999627976,0.05543154761698544,0.8995535713951059,0.39029993292852916,0.026557510355098905,0.007604773270517601
0.20000000000000018,-0.5,27924.5078125,402.2031555175781,1.6881592971480157,0.0,0.9,0.7619047619047619,0.9470198675496688,0.0,0.9874999998457031,0.6075455642161818,0.3481680045022363,0.9999999999627976,0.05617559523600538,0.9330357142510032,0.35641375043196066,0.04204293583296802,-0.0218915796316514
0.30000000000000004,-0.5,28208.771484375,405.54986572265625,1.8108207526121067,0.0,0.9,0.6748511904761905,0.9166666666666666,0.0,0.9897025170492332,0.4946871544787015,0.3746031746031746,0.9999999999627976,0.04017857142707669,0.8675595237772485,0.4763333750692627,0.027501299424470264,0.017524608979011796
0.40000000000000013,-0.5,28602.3671875,410.2179260253906,1.7196794977001584,0.0,0.9,0.7380952380952381,0.9824561403508771,0.0,0.997159090767449,0.5841007724667638,0.6900000000000001,0.9999999999627976,0.04241071428413651,0.9222470237752141,0.3955041271984783,0.061025368527204464,-0.05253283507092788
0.5,-0.5,29099.0546875,416.1152648925781,1.851891716169518,0.0,0.9,0.6867559523809523,0.9387755102040817,0.0,0.9928741091457395,0.5121927753989306,0.30811965811965814,0.9999999999627976,0.036458333331977,0.8939732142524563,0.46818863440385483,0.046712346251185775,-0.032798214239322734
0.6000000000000001,-0.5,29694.275390625,423.1371154785156,1.849464491573279,0.0,0.9,0.7064732142857143,0.984375,0.0,0.9987325727504776,0.5399826123446515,0.6611111111111111,0.9999999999627976,0.02380952380863804,0.9151785713945246,0.44858726211689065,0.09489479439931327,-0.09480260383301886
0.7000000000000002,-0.5,30377.21484375,431.1735534667969,1.8340058538502861,0.0,0.9,0.6737351190476191,0.9137931034482759,0.0,0.9942987456106843,0.4889261068638931,0.15229885057471265,0.9999999999627976,0.021577380951578223,0.8906249999668667,0.4959032839818935,0.10823770607123094,-0.10716467005129222
0.8,-0.5,31142.583984375,440.11553955078125,2.002002311095166,0.0,0.9,0.6197916666666666,0.967741935483871,0.0,0.9990215263210351,0.42866180998448145,0.6555555555555556,0.9999999999627976,0.01153273809480905,0.885788690443237,0.5531682164611439,0.1089231324707026,-0.09899680652706533
0.9000000000000001,-0.5,31981.177734375,449.8589172363281,2.0186009614430005,0.0,0.9,0.5695684523809523,0.9375,0.0,0.9982713914435374,0.38037627470384683,0.40804597701149425,0.9999999999627976,0.01190476190431902,0.8668154761582286,0.6191332959670176,0.11211910591053514,-0.09674247271909675
1.0,-0.5,32886.015625,460.30743408203125,2.1346408532044245,0.0,0.9,0.5431547619047619,1.0,0.0,0.9999999999185667,0.3549994760006361,1.0,0.9999999999627976,0.010416666666279143,0.8549107142539096,0.6532907779013055,0.12776546643972397,-0.11878332208131598
-1.0,-0.3999999999999999,32477.017578125,458.4023742675781,2.0624218079871084,0.0,0.9,0.6078869047619048,0.0,0.0,0.9999999999051232,0.3728259614399921,0.0,0.9999999999627976,0.0,0.8452380952066504,0.5962014088641276,0.13550144766009498,-0.13550144766009498
-0.9,-0.3999999999999999,31550.953125,447.54742431640625,2.0235916186017318,0.0,0.9,0.6034226190476191,0.5,0.0,0.9962476546907835,0.37638078505194267,0.25,0.9999999999627976,0.002976190476079755,0.8489583333017501,0.5884790193424284,0.10952183495466562,-0.09873466417322939
-0.8,-0.3999999999999999,30691.353515625,437.3668212890625,2.021283391840187,0.0,0.9,0.6130952380952381,0.4,0.0,0.9971153845195081,0.39704569690381286,0.13333333333333333,0.9999999999627976,0.0018601190475498468,0.8307291666357616,0.573495178075484,0.07551331649384652,-0.05876973405393141
-0.7,-0.3999999999999999,29906.060546875,427.9583435058594,1.6821496985892754,0.0,0.9,0.7191220238095238,0.6666666666666666,0.0,0.9947019866232183,0.5296036950916322,0.425,0.9999999999627976,0.0044642857141196325,0.9088541666328552,0.4406950587058696,0.1102533746470887,-0.1055788832766342
-0.6,-0.3999999999999999,29203.888671875,419.4298095703125,1.8305329239494394,0.0,0.9,0.7146577380952381,0.8125,0.0,0.9882659711879705,0.5320060526633308,0.5721153846153846,0.9999999999627976,0.01785714285647853,0.9222470237752141,0.42237946554951017,0.09704331710246025,-0.07871283608375912
-0.5,-0.3999999999999999,28596.119140625,411.8966369628906,1.9604548580744472,0.0,0.9,0.6305803571428571,0.7636363636363637,0.0,0.9869083584101804,0.43324868831850993,0.3161695447409733,0.9999999999627976,0.020461309523048317,0.8604910713965591,0.5222084556466702,0.042717581541968114,0.013588943195151297
-0.3999999999999999,-0.3999999999999999,28088.431640625,405.4783020019531,1.6068895378341088,0.0,0.9,0.8125,0.9583333333333334,0.0,0.9940476188503873,0.6797790193272487,0.7255639097744362,0.9999999999627976,0.026785714284717793,0.9549851190120914,0.28880366091980614,0.0903182458839958,-0.08847587936398568
-0.29999999999999993,-0.3999999999999999,27689.078125,400.2913818359375,1.8526517605380872,0.0,0.9,0.7161458333333334,0.7191011235955056,0.0,0.9672346001353559,0.5498949494978724,0.29332332617179163,0.9999999999627976,0.033110119046387276,0.8749999999674479,0.43880728992371804,0.034932220466408606,0.018128504647142003
-0.19999999999999996,-0.3999999999999999,27402.71484375,396.44232177734375,1.845167828321914,0.0,0.9,0.7135416666666666,0.8805970149253731,0.0,0.9792207790936077,0.5533342574693324,0.4539975316729297,0.9999999999627976,0.049851190474335894,0.8883928571098069,0.4216581151711346,0.04781446247147928,0.030797672665834656
-0.09999999999999998,-0.3999999999999999,27229.646484375,394.017822265625,1.8165084279043398,0.0,0.9,0.7418154761904762,0.8657407407407407,0.0,0.9582132563460788,0.5822738755756054,0.5143008813049299,0.9999999999627976,0.08035714285415338,0.9021577380616758,0.3943200844971192,0.034517664129268155,0.03252371059335192
0.0,-0.3999999999999999,27171.9140625,393.0760803222656,1.7702033931727799,0.0,0.9,0.7358630952380952,0.8842592592592593,0.0,0.9647887322584805,0.564201635425748,0.5028697366463324,0.9999999999627976,0.08035714285415338,0.9069940475853053,0.3942735207429115,0.04730776609666642,0.032026350621747655
0.10000000000000009,-0.3999999999999999,27231.59765625,393.6404113769531,1.7541061186465454,0.0,0.9,0.7533482142857143,0.8590909090909091,0.0,0.9532428354519996,0.6092717296209521,0.42929898565674424,0.9999999999627976,0.08184523809219327,0.9058779761567755,0.3748824200110441,0.03722477654841559,0.030799180775363075
0.20000000000000018,-0.3999999999999999,27406.908203125,395.69647216796875,1.661771939215219,0.0,0.9,0.7715773809523809,0.9408602150537635,0.0,0.9820846903937973,0.6281292275578969,0.5441042537233473,0.9999999999627976,0.0691964285688543,0.9334077380605131,0.34294717710369044,0.03758487531718024,0.00015061251914910917
0.30000000000000004,-0.3999999999999999,27695.55078125,399.19403076171875,1.7346103675164022,0.0,0.9,0.6968005952380952,0.8070175438596491,0.0,0.9595092023362566,0.5247437054527135,0.1783316063971347,0.9999999999627976,0.06361607142620476,0.8642113094916588,0.47405427484170964,0.06892951336196355,0.06892951336196355
0.40000000000000013,-0.3999999999999999,28095.6953125,404.05242919921875,1.7386024198122096,0.0,0.9,0.7131696428571429,0.8391608391608392,0.0,0.970168612066126,0.5418651099833662,0.212468671679198,0.9999999999627976,0.05319940475992562,0.8835565475861773,0.4429047095148155,0.02671175699834711,0.021065961190477232
0.5,-0.3999999999999999,28603.099609375,410.1697998046875,1.7958331931021836,0.0,0.9,0.6878720238095238,0.8877551020408163,0.0,0.9868891536368428,0.5010850641219808,0.23133805061515908,0.9999999999627976,0.036458333331977,0.8731398809198981,0.4644998621439565,0.025115820382927923,-0.005145291283991454
0.6000000000000001,-0.3999999999999999,29208.28125,417.4312438964844,1.8656714414839555,0.0,0.9,0.6666666666666666,0.9838709677419355,0.0,0.998883928459946,0.479198473766628,0.6612021857923497,0.9999999999627976,0.0230654761896181,0.8776041666340177,0.4852486294481745,0.042756107224342824,-0.03282788136496932
0.7000000000000002,-0.3999999999999999,29905.71875,425.7178955078125,1.8258043044192573,0.0,0.9,0.7038690476190477,0.9365079365079365,0.0,0.9949748742468625,0.5276178361135613,0.23412698412698413,0.9999999999627976,0.02343749999912807,0.9040178571092256,0.4600845922539587,0.10268251429483102,-0.10257004922430801
0.8,-0.3999999999999999,30685.330078125,434.9130554199219,1.797426892156286,0.0,0.9,0.7057291666666666,1.0,0.0,0.9999999998735778,0.5227353335040251,1.0,0.9999999999627976,0.015624999999418713,0.9140624999659948,0.4730065473469448,0.14768934886427626,-0.14768934886427626
0.9000000000000001,-0.3999999999999999,31539.845703125,444.9068298339844,1.9418768779749973,0.0,0.9,0.6142113095238095,0.975609756097561,0.0,0.9990356797493697,0.416001495544001,0.6574074074074074,0.9999999999627976,0.015252976189908745,0.8764880952054879,0.5698619701130961,0.11870380932227782,-0.11579160751083285
1.0,-0.3999999999999999,32460.826171875,455.5989074707031,1.9947283504312963,0.0,0.9,0.5684523809523809,1.0,0.0,0.9999999999137931,0.37536284415214705,1.0,0.9999999999627976,0.01264880952333896,0.8727678571103882,0.6110006317403651,0.1268761142626955,-0.12004886717383265
-1.0,-0.29999999999999993,32143.392578125,454.33917236328125,1.9626511657624268,0.0,0.9,0.65625,1.0,0.0,0.9999999998917749,0.4280957494945633,1.0,0.9999999999627976,0.0003720238095099694,0.8709077380628383,0.5438214052955703,0.163660758567336,-0.163660758567336
-0.9,-0.29999999999999993,31203.521484375,443.3086853027344,1.9156130279616723,0.0,0.9,0.6696428571428571,0.5,0.0,0.9988738737613881,0.4495480172064853,0.25,0.9999999999627976,0.0007440476190199388,0.8887648809193168,0.5200305796321276,0.13820107559429956,-0.1375986210050007
-0.8,-0.29999999999999993,30330.98046875,432.9482727050781,1.906338653112727,0.0,0.9,0.6696428571428571,0.75,0.0,0.9988738737613881,0.4592121257276281,0.375,0.9999999999627976,0.0014880952380398776,0.8924851190144165,0.49345900941482324,0.10142601985914698,-0.0993801620542847
-0.7,-0.29999999999999993,29533.787109375,423.3592529296875,1.6780065300702653,0.0,0.9,0.7492559523809523,0.9393939393939394,0.0,0.9970326408016272,0.5686241230717579,0.7,0.9999999999627976,0.012276785713828989,0.9423363094887525,0.3953819360563455,0.11911225275809628,-0.11000381343837837
-0.6,-0.29999999999999993,28825.091796875,414.6539001464844,1.8004942862466287,0.0,0.9,0.7176339285714286,0.9080459770114943,0.0,0.9894598154164085,0.5371950926314322,0.4136747913921827,0.9999999999627976,0.03236607142736733,0.9270833332988436,0.4066994341531169,0.08614315389218913,-0.05004349726708237
-0.5,-0.29999999999999993,28209.193359375,406.95416259765625,1.7166087657497162,0.0,0.9,0.7083333333333334,0.8735632183908046,0.0,0.9859693876293407,0.522253819028687,0.41395502645502646,0.9999999999627976,0.03236607142736733,0.9122023809184449,0.41743077522490163,0.06865786270572571,-0.01904905845277187
-0.3999999999999999,-0.29999999999999993,27693.607421875,400.3864440917969,1.98987362308381,0.0,0.9,0.6904761904761905,0.8,0.0,0.9735576921906782,0.5115919714076876,0.3019282713085234,0.9999999999627976,0.040922619046096634,0.8549107142539096,0.468995166462923,0.04703915217644839,0.04642612282732477
-0.29999999999999993,-0.29999999999999993,27288.677734375,395.0762023925781,1.6903471963236274,0.0,0.9,0.7957589285714286,0.9796954314720813,0.0,0.9927140253200886,0.6671746074554096,0.9400305576776165,0.9999999999627976,0.07328869047346397,0.9427083332982624,0.30401111979641604,0.06206926653073733,-0.02989530756363885
-0.19999999999999996,-0.29999999999999993,26997.158203125,391.13812255859375,1.68285338960466,0.0,0.9,0.7901785714285714,0.9769736842105263,0.0,0.9875886523071652,0.6544543402469194,0.8560500271717408,0.9999999999627976,0.11309523809103068,0.9460565475838522,0.30851453741631246,0.05988197793695445,-0.00814802094976273
-0.09999999999999998,-0.29999999999999993,26821.69921875,388.66619873046875,1.6608515200353144,0.0,0.9,0.7600446428571429,0.8378995433789954,0.0,0.8899224804821826,0.6074228266958355,0.4378533160208728,0.9999999999627976,0.1629464285653666,0.8898809523478467,0.3771750490270912,0.0535325083628431,0.05168506743312143
0.0,-0.29999999999999993,26761.939453125,387.7238464355469,1.6727900933559792,0.0,0.9,0.7645089285714286,0.9233954451345756,0.0,0.9415481831056006,0.6159255367412375,0.5773085666755907,0.9999999999627976,0.1796874999933152,0.9170386904420745,0.34931254330004097,0.043833658623241664,0.030421396630436182
0.10000000000000009,-0.29999999999999993,26822.240234375,388.3360595703125,1.8095239599036639,0.0,0.9,0.7860863095238095,0.9357142857142857,0.0,0.9530434780951229,0.6428376346025786,0.656505696771495,0.9999999999627976,0.15624999999418715,0.9274553571083537,0.3195425212428223,0.051154213081154,0.017685804262195823
0.20000000000000018,-0.29999999999999993,26999.76953125,390.486328125,1.81733038021131,0.0,0.9,0.7273065476190477,0.8621908127208481,0.0,0.9467939971423202,0.5509251575344,0.44971244846852987,0.9999999999627976,0.10528273809132133,0.8850446428242171,0.4263461362798635,0.06578599719276437,0.06505823107647195
0.30000000000000004,-0.29999999999999993,27291.974609375,394.1186218261719,1.8035139682381005,0.0,0.9,0.7548363095238095,0.949238578680203,0.0,0.9848254930220296,0.6042182769722007,0.6345446152630904,0.9999999999627976,0.07328869047346397,0.924107142822764,0.3734736987201976,0.03866290270873866,0.014352023032542984
0.40000000000000013,-0.29999999999999993,27696.224609375,399.1446838378906,1.7626673693355135,0.0,0.9,0.7317708333333334,0.948905109489051,0.0,0.9902912619985726,0.5601923108671354,0.542156862745098,0.9999999999627976,0.0509672619028658,0.9129464285374649,0.39557626260146417,0.048538422173037415,0.004277484410806193
0.5,-0.29999999999999993,28209.705078125,405.4533386230469,1.8758314831666676,0.0,0.9,0.6863839285714286,0.967391304347826,0.0,0.9964412810205883,0.4934096193379257,0.5850267379679145,0.9999999999627976,0.034226190474917186,0.8984374999665761,0.4389630010889044,0.057118189372010145,0.009933750786063558
0.6000000000000001,-0.29999999999999993,28824.26953125,412.9209289550781,1.554904650210345,0.0,0.9,0.7771577380952381,0.956989247311828,0.0,0.993322203506958,0.6256691414033843,0.239247311827957,0.9999999999627976,0.03459821428442715,0.9300595237749234,0.35424053037590664,0.08546357895161238,-0.0754129527281793
0.7000000000000002,-0.29999999999999993,29531.408203125,421.4207763671875,1.9463588364557876,0.0,0.9,0.6465773809523809,0.8571428571428571,0.0,0.9915789472640444,0.4551694318579541,0.12244897959183673,0.9999999999627976,0.020833333332558285,0.8709077380628383,0.5189102016245385,0.030279668974998796,-0.022398735669380835
0.8,-0.29999999999999993,30323.578125,430.82977294921875,1.7883536545998149,0.0,0.9,0.7165178571428571,0.9814814814814815,0.0,0.9986876639109334,0.558835816978619,0.49074074074074076,0.9999999999627976,0.020089285713538345,0.924107142822764,0.45396431862440884,0.12752376534171017,-0.12752376534171017
0.9000000000000001,-0.29999999999999993,31190.599609375,441.0332946777344,1.858737478485499,0.0,0.9,0.6674107142857143,1.0,0.0,0.9999999998881433,0.4854805971236502,1.0,0.9999999999627976,0.01785714285647853,0.9114583332994249,0.5073682876063406,0.127573935426182,-0.12723480368632778
1.0,-0.29999999999999993,32124.583984375,451.9277038574219,1.9947852302921751,0.0,0.9,0.5669642857142857,0.9333333333333333,0.0,0.9982817868558177,0.37186609083797617,0.3111111111111111,0.9999999999627976,0.011160714285299082,0.8690476190152885,0.6081793639732548,0.09444570227648269,-0.08818590493236575
-1.0,-0.19999999999999996,31902.908203125,451.34100341796875,1.9435307110197437,0.0,0.9,0.6607142857142857,0.0,0.0,0.9999999998903509,0.4502904497126885,0.0,0.9999999999627976,0.0,0.8656994047296988,0.5410865734197617,0.1511268353999618,-0.1507020333352566
-0.9,-0.19999999999999996,30953.53125,440.18255615234375,2.013096290858849,0.0,0.9,0.6257440476190477,0.0,0.0,0.9999999999005964,0.411840332606473,0.0,0.9999999999627976,0.0,0.8541666666348897,0.559184194985421,0.09161162701378046,-0.08534872960644994
-0.8,-0.19999999999999996,30071.490234375,429.69085693359375,2.031444329011727,0.0,0.9,0.6514136904761905,0.4,0.0,0.9967982923162435,0.44048842145339817,0.13333333333333333,0.9999999999627976,0.0018601190475498468,0.8690476190152885,0.5156925755602098,0.07443838008211584,-0.06604793961146292
-0.7,-0.19999999999999996,29268.81640625,419.9697265625,1.8268372259467496,0.0,0.9,0.7325148809523809,0.984375,0.0,0.9986091792769668,0.5446090819816491,0.7410714285714286,0.9999999999627976,0.02380952380863804,0.9270833332988436,0.4045579665396469,0.10230566371815193,-0.08950972096111022
-0.6,-0.19999999999999996,28551.71484375,411.13525390625,1.7973868619607818,0.0,0.9,0.7075892857142857,0.8854166666666666,0.0,0.9860050889330783,0.521088135516363,0.3078403390416883,0.9999999999627976,0.03571428571295706,0.8958333333000063,0.4337367700196913,0.054681630115932044,-0.02702978918616733
-0.5,-0.19999999999999996,27928.984375,403.313720703125,1.853905666285558,0.0,0.9,0.7154017857142857,0.9166666666666666,0.0,0.9869281044461532,0.5427308924171108,0.4440058479532164,0.9999999999627976,0.04464285714119633,0.9140624999659948,0.40671234229385433,0.05436749948649763,-0.007282077879386127
-0.3999999999999999,-0.19999999999999996,27409.955078125,396.6377868652344,1.6975834825946141,0.0,0.9,0.7730654761904762,0.9408602150537635,0.0,0.9819672129537759,0.6186979669649398,0.4913025863208977,0.9999999999627976,0.0691964285688543,0.9114583332994249,0.34530036237360817,0.033438391598217126,-0.022890789596783985
-0.29999999999999993,-0.19999999999999996,27001.478515625,391.2391662597656,1.7494810636055722,0.0,0.9,0.7808779761904762,0.9241379310344827,0.0,0.9626485567126234,0.6230733240485692,0.6801962181435016,0.9999999999627976,0.10788690475789112,0.9289434523463935,0.32814519354447,0.037289340482625825,0.00013571870395770154
-0.19999999999999996,-0.19999999999999996,26707.583984375,387.23944091796875,1.4803774548660271,0.0,0.9,0.8604910714285714,0.96415770609319,0.0,0.9466666664142221,0.7474434606141398,0.775146023650879,0.9999999999627976,0.2075892857065629,0.9520089285360116,0.22046352422522877,0.05746419783384482,-0.02960851320180266
-0.09999999999999998,-0.19999999999999996,26528.75390625,384.7385559082031,1.9546832963406835,0.0,0.9,0.7180059523809523,0.8773841961852861,0.0,0.8812664906489095,0.5531549401042312,0.626306439024571,0.9999999999627976,0.2730654761803175,0.8831845237766673,0.43254568318160674,0.09400106494164337,0.09400106494164337
0.0,-0.19999999999999996,26468.48046875,383.8037414550781,1.959022290243004,0.0,0.9,0.6871279761904762,0.8725490196078431,0.0,0.8763376931181525,0.5081288190961433,0.7257556930951801,0.9999999999627976,0.303571428560135,0.8694196428247984,0.4768447453475626,0.1132464060711354,0.11199748000460297
0.10000000000000009,-0.19999999999999996,26528.087890625,384.46112060546875,1.6986139674274674,0.0,0.9,0.8177083333333334,0.9665513264129181,0.0,0.9408163263386089,0.6812039891177448,0.7896746842827682,0.9999999999627976,0.32254464284514345,0.9434523809172823,0.27202193799502833,0.04715372494658822,0.002917514684981786
0.20000000000000018,-0.19999999999999996,26706.501953125,386.6922607421875,1.9171579363566675,0.0,0.9,0.7574404761904762,0.9438596491228071,0.0,0.9509202452529264,0.6030615229204215,0.779530236489383,0.9999999999627976,0.21205357142068254,0.9188988094896243,0.3558860995396017,0.05529189415416715,0.040430688517966294
0.30000000000000004,-0.19999999999999996,27002.0703125,390.43621826171875,1.9040326728786219,0.0,0.9,0.7209821428571429,0.8774373259052924,0.0,0.9413333332078223,0.5534175209502904,0.44159562229995664,0.9999999999627976,0.133556547614079,0.887276785681277,0.432686505279122,0.0737682258034321,0.0737682258034321
0.40000000000000013,-0.19999999999999996,27408.978515625,395.5982360839844,1.7298925619717465,0.0,0.9,0.7488839285714286,0.9072164948453608,0.0,0.9733333331891358,0.5911913117271075,0.5068421052631579,0.9999999999627976,0.07217261904493406,0.9118303571089349,0.38719840060303073,0.027487166908834723,0.027487166908834723
0.5,-0.19999999999999996,27925.91796875,402.0596008300781,1.6981579450638007,0.0,0.9,0.7492559523809523,0.9523809523809523,0.0,0.99258160222662,0.5891312538845013,0.34739454094292804,0.9999999999627976,0.03906249999854679,0.9151785713945246,0.38571877373376373,0.016036929234647394,0.006212959623126404
0.6000000000000001,-0.19999999999999996,28546.19140625,409.68975830078125,1.752934400608233,0.0,0.9,0.7291666666666666,1.0,0.0,0.9999999998626374,0.5653173871333903,1.0,0.9999999999627976,0.027157738094227765,0.922991071394234,0.39468952223390324,0.04698800939467623,-0.028048790078051045
0.7000000000000002,-0.19999999999999996,29261.51953125,418.3558349609375,1.8018940459786759,0.0,0.9,0.7154017857142857,0.9516129032258065,0.0,0.9960784312423427,0.5473532890700317,0.23790322580645162,0.9999999999627976,0.0230654761896181,0.911086309489915,0.43674253928351675,0.05652084670551732,-0.0558600766863077
0.8,-0.19999999999999996,30061.447265625,427.92987060546875,1.8583026654412143,0.0,0.9,0.6674107142857143,0.8823529411764706,0.0,0.9932885904929207,0.4916872925508095,0.12605042016806722,0.9999999999627976,0.01897321428500844,0.8932291666334364,0.5005254976054926,0.051004820838860127,-0.04947459547451434
0.9000000000000001,-0.19999999999999996,30937.986328125,438.2939453125,1.98601373415337,0.0,0.9,0.6045386904761905,0.9032258064516129,0.0,0.9971777985891648,0.4093800747158543,0.22580645161290322,0.9999999999627976,0.01153273809480905,0.8660714285392087,0.5732447669318811,0.06552012068152128,-0.06518681849462545
1.0,-0.19999999999999996,31881.84375,449.34222412109375,2.057445810732641,0.0,0.9,0.5643601190476191,0.9166666666666666,0.0,0.9982920579847743,0.35848476670683993,0.3055555555555555,0.9999999999627976,0.008928571428239265,0.8630952380631289,0.5983101672585673,0.07612368178482963,-0.07129210495118811
-1.0,-0.09999999999999998,31759.615234375,449.4482421875,2.0624819944866064,0.0,0.9,0.6551339285714286,0.0,0.0,0.9999999998921252,0.44054749894392975,0.0,0.9999999999627976,0.0,0.8325892856833115,0.5491498010471011,0.15045225014267583,-0.13996078179265675
-0.9,-0.09999999999999998,30804.1015625,438.21533203125,1.9331032559372001,0.0,0.9,0.6737351190476191,0.0,0.0,0.999999999885975,0.4543515703242867,0.0,0.9999999999627976,0.0,0.8489583333017501,0.5101403806282981,0.11936379724647588,-0.11802485524309071
-0.8,-0.09999999999999998,29919.041015625,427.6475524902344,1.9714249850632146,0.0,0.9,0.6882440476190477,1.0,0.0,0.9999999998806683,0.48764440691239797,1.0,0.9999999999627976,0.0014880952380398776,0.8779761904435277,0.4704272182455725,0.09425135360093505,-0.09425135360093505
-0.7,-0.09999999999999998,29110.642578125,417.8504333496094,1.9292772777920817,0.0,0.9,0.6904761904761905,0.9393939393939394,0.0,0.9951923075726933,0.5066849424359754,0.4799671592775041,0.9999999999627976,0.024553571427657978,0.8805803571100975,0.46710726184031964,0.05358923603733872,-0.03292144533903543
-0.6,-0.09999999999999998,28388.40625,408.9421691894531,1.7230043398614134,0.0,0.9,0.7388392857142857,0.9117647058823529,0.0,0.9871794870388634,0.566979632082649,0.29583333333333334,0.9999999999627976,0.03794642857001688,0.9170386904420745,0.3933443966594493,0.06007332328286059,-0.029214378436107906
-0.5,-0.09999999999999998,27762.361328125,401.0522155761719,1.909200124509127,0.0,0.9,0.7154017857142857,0.8616352201257862,0.0,0.9712418299383998,0.5370228472341751,0.41498634845409044,0.9999999999627976,0.05915178571208513,0.8917410713953966,0.4209077625861332,0.04974019827924861,0.012049705518995583
-0.3999999999999999,-0.09999999999999998,27241.08203125,394.3171081542969,1.5767049212607998,0.0,0.9,0.7931547619047619,0.9583333333333334,0.0,0.9802158271618318,0.6656086631261202,0.6041641482207519,0.9999999999627976,0.09821428571063191,0.9311755952034534,0.3105704951720268,0.043679614838354315,-0.017826166782238518
-0.29999999999999993,-0.09999999999999998,26830.525390625,388.8724365234375,1.6798338977803877,0.0,0.9,0.8005952380952381,0.9560185185185185,0.0,0.9645522386260165,0.6707016093954166,0.8105440461265859,0.9999999999627976,0.16071428570830676,0.9337797618700231,0.2995537713428376,0.04368848293852762,-0.0019717280103742256
-0.19999999999999996,-0.09999999999999998,26533.837890625,384.84442138671875,1.7076510150305386,0.0,0.9,0.7671130952380952,0.9382093316519546,0.0,0.921725239469373,0.6048195223425679,0.7953627849860485,0.9999999999627976,0.2950148809414057,0.9114583332994249,0.35240032025170853,0.05509937039512769,0.04024811681213528
-0.09999999999999998,-0.09999999999999998,26353.419921875,382.33660888671875,1.9731433770338902,0.0,0.9,0.6878720238095238,0.8418647166361974,0.0,0.793802145316591,0.5032522969904711,0.6964168409423359,0.9999999999627976,0.4069940476039065,0.8601190475870492,0.48693776135008077,0.12536462087074554,0.1250160406657774
0.0,-0.09999999999999998,26292.263671875,381.41845703125,1.8900711917153237,0.0,0.9,0.7414434523809523,0.9038901601830663,0.0,0.8187050358534238,0.5686488541068322,0.8080360322888476,0.9999999999627976,0.48772321426756987,0.8958333333000063,0.39907467854024514,0.08418056095549785,0.08418056095549785
0.10000000000000009,-0.09999999999999998,26351.4609375,382.11669921875,2.032675917077257,0.0,0.9,0.6848958333333334,0.8566243194192378,0.0,0.8134592679086825,0.5041529132264222,0.6816128182179706,0.9999999999627976,0.4099702380799862,0.8705357142533283,0.4915503123903799,0.12551264866865647,0.12478373347001911
0.20000000000000018,-0.09999999999999998,26530.64453125,384.4108581542969,1.8713282004146805,0.0,0.9,0.7526041666666666,0.8898395721925134,0.0,0.8451127818278026,0.5991253788006219,0.7054164334295985,0.9999999999627976,0.3478422618918214,0.8969494047285361,0.3925760986694298,0.07391675308899817,0.07391675308899817
0.30000000000000004,-0.09999999999999998,26826.765625,388.2368469238281,1.9123320420464436,0.0,0.9,0.7217261904761905,0.9208400646203554,0.0,0.9344919784846937,0.5530847449753411,0.5797101904456837,0.9999999999627976,0.23028273808667105,0.9051339285377555,0.414100920600399,0.08172456405327719,0.07741251704903926
0.40000000000000013,-0.09999999999999998,27235.56640625,393.4949951171875,1.742985451612807,0.0,0.9,0.7700892857142857,0.9580838323353293,0.0,0.9773462781590055,0.621212644785374,0.7314675577833473,0.9999999999627976,0.12425595237632978,0.9326636904414932,0.3411309302344988,0.05034569273638259,0.012342273648163881
0.5,-0.09999999999999998,27755.55078125,400.0617980957031,1.7582555711980896,0.0,0.9,0.7336309523809523,0.9452054794520548,0.0,0.9888268155043538,0.5843547799383426,0.6849921104245623,0.9999999999627976,0.05431547618845553,0.9103422618708951,0.40385167591480353,0.022261725733414423,0.014879948773920963
0.6000000000000001,-0.09999999999999998,28379.623046875,407.8019104003906,1.8874690544510915,0.0,0.9,0.6525297619047619,0.8088235294117647,0.0,0.9860813703441027,0.47269481127637963,0.16780045351473924,0.9999999999627976,0.02529761904667792,0.862351190444109,0.5228423289375176,0.06264984743850091,0.06218297250207828
0.7000000000000002,-0.09999999999999998,29099.359375,416.5787658691406,1.8463637699716369,0.0,0.9,0.7079613095238095,0.9310344827586207,0.0,0.9949044584719867,0.5510702278610996,0.23275862068965517,0.9999999999627976,0.021577380951578223,0.8936011904429464,0.4465154939423211,0.03638655004113076,-0.024204739104349664
0.8,-0.09999999999999998,29904.517578125,426.2616271972656,1.9385709290669328,0.0,0.9,0.6599702380952381,0.851063829787234,0.0,0.9923413565653894,0.4877241710044393,0.12158054711246201,0.9999999999627976,0.01748511904696856,0.8772321428245078,0.527506603027806,0.0746373283651258,-0.026320651057437375
0.9000000000000001,-0.09999999999999998,30785.783203125,436.7304382324219,1.9467298029915625,0.0,0.9,0.5944940476190477,0.9117647058823529,0.0,0.9972477063305276,0.40718050548962004,0.22794117647058823,0.9999999999627976,0.01264880952333896,0.8530505952063597,0.5876490073116778,0.05983754406888346,-0.0185205317377188
1.0,-0.09999999999999998,31735.875,447.878173828125,1.9440980393806309,0.0,0.9,0.6186755952380952,1.0,0.0,0.9999999999024389,0.42858312365564954,1.0,0.9999999999627976,0.004836309523629602,0.9151785713945246,0.5359922117661469,0.08673219245574756,-0.08673219245574756
-1.0,0.0,31712.87890625,448.6871643066406,2.0002315876656604,0.0,0.9,0.6268601190476191,0.0,0.0,0.9999999999002991,0.4097967067321057,0.0,0.9999999999627976,0.0,0.8095238094936934,0.5678482305507354,0.13573171093582803,-0.12794324009548685
-0.9,0.0,30758.345703125,437.4372863769531,1.94360346558431,0.0,0.9,0.6685267857142857,0.0,0.0,0.9999999998877666,0.4568449974360847,0.0,0.9999999999627976,0.0,0.8307291666357616,0.510843704259352,0.11865965830048182,-0.11481181838836393
-0.8,0.0,29871.642578125,426.8531188964844,2.025688206300081,0.0,0.9,0.6428571428571429,1.0,0.0,0.9999999998958333,0.4324575979324625,1.0,0.9999999999627976,0.0037202380950996936,0.8177083333029127,0.5270134204329171,0.05921368900345239,-0.03942484276562513
-0.7,0.0,29061.00390625,417.0407409667969,1.8715802258820895,0.0,0.9,0.6800595238095238,0.8387096774193549,0.0,0.9883720929083288,0.49153407875949157,0.20849673202614377,0.9999999999627976,0.0230654761896181,0.8426339285400807,0.4918768899658215,0.050808867969051694,-0.012420873679883659
-0.6,0.0,28337.263671875,408.1197204589844,1.910395880249125,0.0,0.9,0.6655505952380952,0.8677685950413223,0.0,0.9822024470542601,0.4694771022780748,0.28214611040928284,0.9999999999627976,0.04501488095070629,0.8593749999680292,0.49111322309443806,0.04722077386514552,0.02837633654433109
-0.5,0.0,27710.59375,400.2201843261719,1.8486250523988998,0.0,0.9,0.7087053571428571,0.8716577540106952,0.0,0.9693486588800322,0.5192731790652292,0.3957771639299583,0.9999999999627976,0.06956845237836427,0.8820684523481374,0.4364244646395698,0.04187066656401376,0.016689351685209446
-0.3999999999999999,0.0,27187.927734375,393.48016357421875,1.74589564554872,0.0,0.9,0.7459077380952381,0.8792569659442725,0.0,0.9428989749717571,0.5783748318635347,0.44441204792419253,0.9999999999627976,0.12016369047172011,0.8947172618714764,0.3927764310611386,0.028994593376971207,0.028146348325355012
-0.29999999999999993,0.0,26775.97265625,388.03692626953125,1.7117002267613914,0.0,0.9,0.8065476190476191,0.9432739059967585,0.0,0.9326923075129439,0.677909326958174,0.7514589557981242,0.9999999999627976,0.2295386904676511,0.9308035713939433,0.29901728793402765,0.035025690244888386,0.008590431625230044
-0.19999999999999996,0.0,26478.134765625,384.01776123046875,1.8616308837798403,0.0,0.9,0.7671130952380952,0.9076923076923077,0.0,0.8466453672768938,0.6218085437300158,0.7590617274678008,0.9999999999627976,0.38690476189036815,0.9174107142515845,0.35723214122457725,0.05950839217679252,0.05950839217679252
-0.09999999999999998,0.0,26297.330078125,381.5272521972656,1.7138737413494316,0.0,0.9,0.8203125,0.939622641509434,0.0,0.8343685298479568,0.6923767828807628,0.8716112760949989,0.9999999999627976,0.4929315476007094,0.9456845237743422,0.28279925039884957,0.04397978184974597,0.019883436874470008
0.0,0.0,26236.638671875,380.6353454589844,1.8752756641788277,0.0,0.9,0.7805059523809523,0.9446467589220685,0.0,0.8711864405303075,0.6313329891946577,0.8692618148936784,0.9999999999627976,0.510788690457188,0.9319196428224733,0.33318336433236995,0.08047417064733084,0.05020425968852454
0.10000000000000009,0.0,26295.4375,381.36822509765625,2.025342063679638,0.0,0.9,0.6685267857142857,0.8100470957613815,0.0,0.7283950616466448,0.47490903752792674,0.6380149549853567,0.9999999999627976,0.473958333315701,0.8452380952066504,0.5216964649257331,0.1583033277399006,0.1583033277399006
0.20000000000000018,0.0,26474.19140625,383.70428466796875,1.975672396429056,0.0,0.9,0.7090773809523809,0.8561224489795919,0.0,0.8196930945243359,0.5300394706362488,0.6469590237109466,0.9999999999627976,0.36458333331977,0.8772321428245078,0.4585391831880738,0.11138705414145689,0.11138705414145689
0.30000000000000004,0.0,26770.318359375,387.5776062011719,1.7468892109808556,0.0,0.9,0.7682291666666666,0.9221260815822002,0.0,0.8988764043501002,0.6159205649830626,0.7420613440023379,0.9999999999627976,0.3009672618935652,0.9200148809181543,0.3487678346286558,0.050651801297116945,0.0455178356888321
0.40000000000000013,0.0,27179.52734375,392.88641357421875,1.8287735268215723,0.0,0.9,0.6956845238095238,0.8414179104477612,0.0,0.896088019450356,0.5224257843552484,0.33025170332111864,0.9999999999627976,0.19940476189734357,0.8720238094913683,0.4762964995819809,0.10330176915883123,0.10217975165948916
0.5,0.0,27700.00390625,399.50518798828125,1.6897767855511179,0.0,0.9,0.7808779761904762,0.9416909620991254,0.0,0.9660441424505868,0.6498755389713269,0.6111752203619674,0.9999999999627976,0.12760416666191948,0.934523809489043,0.33860164210530197,0.03144847844231747,0.00616649821785017
0.6000000000000001,0.0,28325.390625,407.2970886230469,1.8103805808264377,0.0,0.9,0.7332589285714286,0.9101123595505618,0.0,0.9888423987463261,0.5858171045708067,0.3873626373626374,0.9999999999627976,0.033110119046387276,0.9200148809181543,0.41844066698126764,0.047995396887638084,0.002800642792863774
0.7000000000000002,0.0,29046.12109375,416.1239318847656,1.7645587751405034,0.0,0.9,0.6692708333333334,0.8837209302325582,0.0,0.9943757029252671,0.4896103828208778,0.15079365079365079,0.9999999999627976,0.015997023808928684,0.898809523776086,0.49494611158055546,0.04862226431872724,0.020926078894829534
0.8,0.0,29853.28515625,425.8542785644531,1.9148639167879187,0.0,0.9,0.6767113095238095,0.8571428571428571,0.0,0.9953970079406909,0.5049761003668503,0.21428571428571427,0.9999999999627976,0.010416666666279143,0.9036458332997156,0.5020862353638997,0.07198691199508303,-0.027511089125648272
0.9000000000000001,0.0,30736.54296875,436.36761474609375,1.865426984387257,0.0,0.9,0.6383928571428571,1.0,0.0,0.9999999998971194,0.45681414794897435,1.0,0.9999999999627976,0.00632440476166948,0.9010416666331458,0.5313051357371066,0.06365332780017194,-0.03337066055612081
1.0,0.0,31686.69921875,447.5564880371094,1.8947514335614366,0.0,0.9,0.6209077380952381,1.0,0.0,0.9999999999018646,0.43347489832920993,1.0,0.9999999999627976,0.0022321428570598162,0.9118303571089349,0.5366988629251677,0.07477292195397993,-0.07477292195397993
-1.0,0.10000000000000009,31767.845703125,449.06793212890625,1.988873414572114,0.0,0.9,0.6469494047619048,0.0,0.0,0.999999999894626,0.42941351034633246,0.0,0.9999999999627976,0.0,0.813616071398303,0.5610707124513726,0.16418298746155763,-0.15630222539274458
-0.9,0.10000000000000009,30814.396484375,437.86004638671875,1.9778778988430492,0.0,0.9,0.6361607142857143,0.0,0.0,0.9999999998977506,0.4240463094850192,0.0,0.9999999999627976,0.0,0.8028273809225139,0.5519068521090066,0.09886561453183967,-0.09309864483452364
-0.8,0.10000000000000009,29929.873046875,427.3208312988281,1.8938663500016921,0.0,0.9,0.6640625,1.0,0.0,0.999999999889258,0.45531625907620754,1.0,0.9999999999627976,0.002976190476079755,0.8478422618732202,0.4982321827799455,0.09004123384790469,-0.08888540179953515
-0.7,0.10000000000000009,29121.166015625,417.5561218261719,1.875541039667476,0.0,0.9,0.6484375,0.8113207547169812,0.0,0.9894179893132892,0.4527835008069996,0.28167641325536064,0.9999999999627976,0.019717261904028376,0.8411458333020407,0.49834809692153936,0.04874586871556711,-0.01780554852373635
-0.6,0.10000000000000009,28399.720703125,408.68487548828125,1.7012391702700147,0.0,0.9,0.7139136904761905,0.8775510204081632,0.0,0.9765929777663729,0.543207665765982,0.25678456159225393,0.9999999999627976,0.054687499997965495,0.873883928538918,0.4270724999490299,0.05152876847805875,-0.010860176791840696
-0.5,0.10000000000000009,27772.486328125,400.8365783691406,1.8206295384473608,0.0,0.9,0.7206101190476191,0.9469026548672567,0.0,0.9840213047957362,0.5378090518696342,0.38794719190901145,0.9999999999627976,0.08407738094925307,0.9047619047282455,0.40818556400097744,0.054034845598201826,0.00979773257607313
-0.3999999999999999,0.10000000000000009,27249.6875,394.1479187011719,1.964034114146371,0.0,0.9,0.6841517857142857,0.8688524590163934,0.0,0.9528857478265153,0.5047916744816326,0.507024688150121,0.9999999999627976,0.11346726190054066,0.873883928538918,0.4643686628822508,0.06673067211753654,0.06673067211753654
-0.29999999999999993,0.10000000000000009,26838.076171875,388.7547302246094,1.7538791413214647,0.0,0.9,0.7615327380952381,0.9350180505415162,0.0,0.9438377533628959,0.5866726118808505,0.6704033286294315,0.9999999999627976,0.20610119046852304,0.8936011904429464,0.36086315560476573,0.04220047435410801,0.03393049808269839
-0.19999999999999996,0.10000000000000009,26541.1953125,384.7825622558594,1.738937047382973,0.0,0.9,0.7845982142857143,0.9333333333333333,0.0,0.8929188254070952,0.6316161192461627,0.7870502157092749,0.9999999999627976,0.34598214284427153,0.9289434523463935,0.32820444202502447,0.047643669204139046,0.029719392915076505
-0.09999999999999998,0.10000000000000009,26361.751953125,382.3340148925781,1.730823258695376,0.0,0.9,0.7793898809523809,0.9260204081632653,0.0,0.853288364105685,0.625419818454217,0.840600851685172,0.9999999999627976,0.43749999998372396,0.9192708332991343,0.3378177381071361,0.059269004115253106,0.04923697945825622
0.0,0.10000000000000009,26301.220703125,381.4774169921875,1.663422454268081,0.0,0.9,0.7864583333333334,0.8918380889183809,0.0,0.7160278744397165,0.6423337650374668,0.77690809642193,0.9999999999627976,0.5606398809315238,0.9069940475853053,0.3442949705417157,0.059558350439076896,0.059558350439076896
0.10000000000000009,0.10000000000000009,26359.685546875,382.2376403808594,1.835818994499398,0.0,0.9,0.7849702380952381,0.9035294117647059,0.0,0.7871972316977168,0.6357798789789018,0.7876083847591199,0.9999999999627976,0.47433035712521093,0.922991071394234,0.3423608216409856,0.05773881537997214,0.05773881537997214
0.20000000000000018,0.10000000000000009,26536.279296875,384.59246826171875,1.7478523610143297,0.0,0.9,0.7585565476190477,0.9,0.0,0.8551617872334112,0.6106691348553479,0.7048449317877048,0.9999999999627976,0.3497023809393712,0.9095982142518751,0.3712012247347085,0.06820382873554327,0.06820382873554327
0.30000000000000004,0.10000000000000009,26830.888671875,388.4762878417969,1.9841797389744276,0.0,0.9,0.7302827380952381,0.8821292775665399,0.0,0.8717241378107967,0.5622345132899209,0.46050614870735734,0.9999999999627976,0.2935267857033658,0.9036458332997156,0.4112823306375621,0.07624323944359031,0.07624323944359031
0.40000000000000013,0.10000000000000009,27239.865234375,393.7879333496094,1.840653686171338,0.0,0.9,0.7012648809523809,0.827639751552795,0.0,0.8617683685103651,0.5308206252594466,0.40193151603513444,0.9999999999627976,0.23958333332442028,0.8787202380625476,0.4650346804060718,0.09065485077893949,0.09005247889607253
0.5,0.10000000000000009,27759.0078125,400.4031066894531,1.970389333075335,0.0,0.9,0.7116815476190477,0.8401015228426396,0.0,0.9187096773008117,0.5506928095754171,0.5502742157588494,0.9999999999627976,0.14657738094692793,0.9047619047282455,0.44156170240526,0.05116730260618798,0.05116730260618798
0.6000000000000001,0.10000000000000009,28382.017578125,408.1859436035156,1.7070747076556851,0.0,0.9,0.7860863095238095,0.8444444444444444,0.0,0.9391304346192817,0.6651081608764542,0.6658653846153846,0.9999999999627976,0.08370535713974311,0.947916666631402,0.3468657144682106,0.04678842117465294,-0.033472777543810214
0.7000000000000002,0.10000000000000009,29100.916015625,417.0000305175781,1.945721278212782,0.0,0.9,0.6480654761904762,0.8181818181818182,0.0,0.9957716700850135,0.46241202442278306,0.29833333333333334,0.9999999999627976,0.008184523809219326,0.8727678571103882,0.5341059467927521,0.07108638628363446,0.03934159078510026
0.8,0.10000000000000009,29906.05859375,426.7149353027344,1.8824652714981172,0.0,0.9,0.6372767857142857,0.75,0.0,0.9979487178463643,0.4629524506662014,0.25,0.9999999999627976,0.002976190476079755,0.8790922618720576,0.5523323786427954,0.08368652571633159,0.011147189129909951
0.9000000000000001,0.10000000000000009,30788.080078125,437.2110900878906,1.8730465214274459,0.0,0.9,0.6305803571428571,0.0,0.0,0.9999999998992951,0.45733941117259647,0.0,0.9999999999627976,0.0,0.9129464285374649,0.529454733153115,0.04735555882373094,-0.0327219947709156
1.0,0.10000000000000009,31741.021484375,448.38189697265625,2.010115229838783,0.0,0.9,0.5811011904761905,0.0,0.0,0.9999999999111899,0.3772285065092596,0.0,0.9999999999627976,0.0,0.8850446428242171,0.5816775037782335,0.08112278980755062,-0.01758530890573956
-1.0,0.20000000000000018,31920.57421875,450.5846252441406,2.139754554217894,0.0,0.9,0.5747767857142857,0.0,0.0,0.9999999999125109,0.3444566489435961,0.0,0.9999999999627976,0.0,0.7994791666369242,0.6116469906301,0.13864143715739669,-0.12737986458190115
-0.9,0.20000000000000018,30973.291015625,439.4764404296875,1.9444432950271957,0.0,0.9,0.6912202380952381,0.0,0.0,0.9999999998795182,0.4796310919566819,0.0,0.9999999999627976,0.0,0.8642113094916588,0.4736594813626126,0.15960937794363475,-0.15960937794363475
-0.8,0.20000000000000018,30092.919921875,429.04205322265625,1.8285513874068144,0.0,0.9,0.6863839285714286,0.7142857142857143,0.0,0.9976275206408509,0.48948126243040013,0.5,0.9999999999627976,0.0026041666665697857,0.8649553571106788,0.4655303952235441,0.10794528234943594,-0.10373028439491493
-0.7,0.20000000000000018,29289.61328125,419.3858642578125,1.757813530381064,0.0,0.9,0.7578125,0.9722222222222222,0.0,0.9969278032262784,0.5891596718357544,0.7,0.9999999999627976,0.026785714284717793,0.8928571428239265,0.37170105764293215,0.10940011205685463,-0.10940011205685463
-0.6,0.20000000000000018,28570.642578125,410.6251220703125,1.869694092249833,0.0,0.9,0.7001488095238095,0.9323308270676691,0.0,0.988833746775579,0.5173350229433752,0.3416891891891892,0.9999999999627976,0.04947916666482593,0.8630952380631289,0.4586302291417624,0.045700376899648926,-0.012996173886241939
-0.5,0.20000000000000018,27946.572265625,402.8866271972656,1.7777937509011044,0.0,0.9,0.7354910714285714,0.9583333333333334,0.0,0.9873417720130322,0.5692892762916312,0.46802316924268145,0.9999999999627976,0.08035714285415338,0.8909970237763767,0.3935979435478313,0.04860125617846426,-0.017444042739821603
-0.3999999999999999,0.20000000000000018,27427.21484375,396.30316162109375,1.885061412818931,0.0,0.9,0.7206101190476191,0.8819444444444444,0.0,0.9547270304987049,0.5457570084474948,0.3639103869169732,0.9999999999627976,0.10714285713887117,0.8850446428242171,0.41872491089815234,0.03336240404557075,0.03270266193051338
-0.29999999999999993,0.20000000000000018,27017.4765625,391.0066223144531,1.7854473548340177,0.0,0.9,0.7366071428571429,0.8787878787878788,0.0,0.9322033896988414,0.5580338167311553,0.5589150165108506,0.9999999999627976,0.14732142856594788,0.899181547585596,0.39383650306373513,0.043476699411235206,0.04342685469163155
-0.19999999999999996,0.20000000000000018,26722.625,387.1172790527344,1.6865747346344406,0.0,0.9,0.7689732142857143,0.9107391910739191,0.0,0.8969404185351143,0.606083210257673,0.6017661542225524,0.9999999999627976,0.26674107141864806,0.9021577380616758,0.35682559410465814,0.049198699662684364,0.049198699662684364
-0.09999999999999998,0.20000000000000018,26544.064453125,384.7334289550781,1.7034920243166949,0.0,0.9,0.7745535714285714,0.8949152542372881,0.0,0.8465346533256544,0.6268597894088284,0.721397836024543,0.9999999999627976,0.3292410714163229,0.9125744047279549,0.34941054107218333,0.0487326870778734,0.0487326870778734
0.0,0.20000000000000018,26483.548828125,383.9199523925781,1.7530933846445274,0.0,0.9,0.7920386904761905,0.9104339796860572,0.0,0.8264758495838147,0.6445968165602781,0.789783439740654,0.9999999999627976,0.40290178569929685,0.9192708332991343,0.32654494403346895,0.04309508194792186,0.04188646404985941
0.10000000000000009,0.20000000000000018,26540.373046875,384.6995849609375,1.857021362844585,0.0,0.9,0.7518601190476191,0.8494167550371156,0.0,0.7871064466586047,0.5931542218181057,0.6462766198790725,0.9999999999627976,0.3508184523679011,0.9029017856806957,0.3967028460449456,0.08160809422897812,0.07937010092783578
0.20000000000000018,0.20000000000000018,26715.267578125,387.05047607421875,1.793763427493919,0.0,0.9,0.7537202380952381,0.870049504950495,0.0,0.8413897279695787,0.5871657038269004,0.4318244957665627,0.9999999999627976,0.30059523808405525,0.8980654761570661,0.3897602850813694,0.06913358113860317,0.06913358113860317
0.30000000000000004,0.20000000000000018,27007.931640625,390.9087829589844,1.8931988730653968,0.0,0.9,0.7023809523809523,0.845821325648415,0.0,0.8662499998917188,0.5249379473758491,0.3994020577767704,0.9999999999627976,0.25818452379991874,0.8902529761573567,0.4622586506847501,0.08884523973756966,0.08836346672293288
0.40000000000000013,0.20000000000000018,27414.849609375,396.1766662597656,1.6416705240035823,0.0,0.9,0.7570684523809523,0.8376327769347496,0.0,0.8361408880802235,0.6080793494411614,0.39912477714700895,0.9999999999627976,0.24516369046706982,0.9051339285377555,0.38642230110298736,0.050722795111712765,0.050722795111712765
0.5,0.20000000000000018,27930.166015625,402.7341003417969,2.0004213291177435,0.0,0.9,0.6875,0.8173302107728337,0.0,0.907142857034864,0.5163398289680647,0.2767030456803783,0.9999999999627976,0.1588541666607569,0.8820684523481374,0.4827705449424911,0.06035674148144066,0.05960984013743344
0.6000000000000001,0.20000000000000018,28548.224609375,410.4494934082031,1.9700539916679942,0.0,0.9,0.7224702380952381,0.8145695364238411,0.0,0.924932975747328,0.5694646153720835,0.30804504922492193,0.9999999999627976,0.11235119047201075,0.9177827380610944,0.4389967906103866,0.06308340842090315,0.00684246820803088
0.7000000000000002,0.20000000000000018,29261.87109375,419.19000244140625,2.084786025544447,0.0,0.9,0.6320684523809523,0.5555555555555556,0.0,0.9959555105160813,0.4437220133289376,0.36666666666666664,0.9999999999627976,0.003348214285589724,0.8716517856818582,0.5586660195242362,0.08899362207176689,0.03802199958562602
0.8,0.20000000000000018,30062.5234375,428.828369140625,1.9364987934644649,0.0,0.9,0.6179315476190477,0.0,0.0,0.9999999999026289,0.4394548666126117,0.0,0.9999999999627976,0.0,0.8820684523481374,0.5683907222016059,0.08577021809150302,0.02005255281450168
0.9000000000000001,0.20000000000000018,30943.333984375,439.24749755859375,2.027615689944973,0.0,0.9,0.5918898809523809,0.0,0.0,0.9999999999088423,0.3992230928374658,0.0,0.9999999999627976,0.0,0.8839285713956873,0.5752314996677035,0.05335943116534787,0.011309729206731773
1.0,0.20000000000000018,31890.462890625,450.3425598144531,2.057764704096379,0.0,0.9,0.5911458333333334,0.0,0.0,0.9999999999090081,0.3933973555790399,0.0,0.9999999999627976,0.0,0.8939732142524563,0.5681419867737068,0.0700809880620484,-0.03639852930670261
-1.0,0.30000000000000004,32168.38671875,453.2152404785156,2.1672717309621423,0.0,0.9,0.5383184523809523,0.0,0.0,0.9999999999194198,0.31763248681331424,0.0,0.9999999999627976,0.0,0.7935267856847646,0.6283814007769499,0.10680884431924656,-0.09420118539233777
-0.9,0.30000000000000004,31231.279296875,442.260498046875,2.096047075707879,0.0,0.9,0.546875,0.0,0.0,0.9999999999178981,0.3248917930403393,0.0,0.9999999999627976,0.0,0.7819940475899556,0.6256409402627777,0.08341178106348629,-0.05226849124643358
-0.8,0.30000000000000004,30360.548828125,431.9861755371094,2.068084822567204,0.0,0.9,0.5636160714285714,1.0,0.0,0.9999999999147484,0.34779831460725585,1.0,0.9999999999627976,0.0003720238095099694,0.7946428571132946,0.5963924601181968,0.045409316917873616,-0.020834042701530265
-0.7,0.30000000000000004,29564.03515625,422.4947509765625,1.9769248148987273,0.0,0.9,0.6287202380952381,0.7948717948717948,0.0,0.9919839678364746,0.4323806676444931,0.3058905380333952,0.9999999999627976,0.014508928570888806,0.8307291666357616,0.5288786214150099,0.038221280830644425,-0.026887564060200743
-0.6,0.30000000000000004,28852.38671875,413.8998107910156,1.859292999450116,0.0,0.9,0.6733630952380952,0.9191919191919192,0.0,0.9908883825750697,0.4770654769640794,0.30957994579945797,0.9999999999627976,0.03683035714148697,0.8537946428253798,0.47766948331698905,0.0422433278034685,-0.01902177141042532
-0.5,0.30000000000000004,28233.662109375,406.32366943359375,1.8118256940164181,0.0,0.9,0.7265625,0.8947368421052632,0.0,0.9755102039489102,0.5638087943427281,0.3376688453159041,0.9999999999627976,0.06361607142620476,0.8772321428245078,0.41729016120147705,0.033106909172528495,-0.016834605230736426
-0.3999999999999999,0.30000000000000004,27718.421875,399.8934631347656,1.863382635902454,0.0,0.9,0.6789434523809523,0.8287937743190662,0.0,0.9490150636212034,0.49011899229375955,0.3179768948999718,0.9999999999627976,0.09561011904406212,0.84970238092077,0.47957787318113476,0.05764673159203028,0.05764673159203028
-0.29999999999999993,0.30000000000000004,27312.662109375,394.7339782714844,1.7607716209064146,0.0,0.9,0.7503720238095238,0.8840125391849529,0.0,0.9448584201274429,0.5899475063061379,0.4200354252372886,0.9999999999627976,0.11867559523368024,0.9058779761567755,0.3753804751328516,0.02712305948478257,0.001760220828822664
-0.19999999999999996,0.30000000000000004,27020.626953125,390.95855712890625,1.805196742176133,0.0,0.9,0.7447916666666666,0.8826530612244898,0.0,0.9329446062779965,0.5766700321121881,0.4442696733341575,0.9999999999627976,0.145833333327908,0.9017857142521658,0.3843804057564536,0.05065247359753414,0.035373092840790904
-0.09999999999999998,0.30000000000000004,26842.84375,388.6585998535156,1.9694629321435937,0.0,0.9,0.6882440476190477,0.8132387706855791,0.0,0.905727923519603,0.5029576506364296,0.40478316994482105,0.9999999999627976,0.15736607142271705,0.8638392856821488,0.46954567541372744,0.09245976462205033,0.09214357712343282
0.0,0.30000000000000004,26782.068359375,387.8941345214844,1.8495496070058157,0.0,0.9,0.7752976190476191,0.897119341563786,0.0,0.9172185428945003,0.6019596990005522,0.6027333579234387,0.9999999999627976,0.1808035714218451,0.9144345237755047,0.3394573480033618,0.06684175279572767,0.02315559836508289
0.10000000000000009,0.30000000000000004,26837.83984375,388.6855163574219,1.6822387308984594,0.0,0.9,0.7894345238095238,0.8723404255319149,0.0,0.8833922259923336,0.625416404405986,0.48656905808344186,0.9999999999627976,0.19233630951665417,0.9122023809184449,0.3352163697828533,0.02860837157490414,0.0216556138740737
0.20000000000000018,0.30000000000000004,27010.8359375,391.0115661621094,1.955443985007078,0.0,0.9,0.6737351190476191,0.8250539956803455,0.0,0.9076396806262669,0.47769177303453214,0.3566673076995717,0.9999999999627976,0.17224702380311582,0.8649553571106788,0.4989910888563082,0.10235735722413031,0.10235735722413031
0.30000000000000004,0.30000000000000004,27301.10546875,394.8118591308594,1.8170508159789225,0.0,0.9,0.7217261904761905,0.8265993265993266,0.0,0.862299465125361,0.5465977473414612,0.3336331697848552,0.9999999999627976,0.22098214284892181,0.8790922618720576,0.44113383322906874,0.07503316682945177,0.07503316682945177
0.40000000000000013,0.30000000000000004,27703.15234375,399.9944763183594,1.6995123995892936,0.0,0.9,0.7961309523809523,0.886654478976234,0.0,0.8868613137067772,0.6660229450547686,0.6648738872403561,0.9999999999627976,0.20349702380195325,0.9468005952028721,0.3246683045276297,0.0390944987925929,-0.023289927111247263
0.5,0.30000000000000004,28212.953125,406.4456787109375,1.6654546817226505,0.0,0.9,0.7496279761904762,0.8739130434782608,0.0,0.9138187220038902,0.5932631715316803,0.5442622950819672,0.9999999999627976,0.17113095237458592,0.9289434523463935,0.3936573997893492,0.0420613214683643,-0.015076169107453822
0.6000000000000001,0.30000000000000004,28824.37109375,414.0404968261719,1.9091412592459185,0.0,0.9,0.6681547619047619,0.8255451713395638,0.0,0.9372197308366346,0.49155286623625194,0.15106951871657753,0.9999999999627976,0.11941964285270017,0.8980654761570661,0.5126199462462054,0.08736477002082627,0.03365760870056889
0.7000000000000002,0.30000000000000004,29529.505859375,422.6521911621094,2.0600655001455594,0.0,0.9,0.6138392857142857,1.0,0.0,0.9999999999036608,0.4170491470333817,1.0,0.9999999999627976,0.004836309523629602,0.8727678571103882,0.5775689353257705,0.09399885872304437,0.04686620705850602
0.8,0.30000000000000004,30325.1171875,432.1581115722656,1.9028262138474374,0.0,0.9,0.6216517857142857,0.0,0.0,0.9999999999016717,0.4508064501594016,0.0,0.9999999999627976,0.0,0.8995535713951059,0.5569024151731238,0.08010260592193412,0.01851963261692098
0.9000000000000001,0.30000000000000004,31196.130859375,442.4450378417969,2.142268033830709,0.0,0.9,0.5517113095238095,0.0,0.0,0.9999999999170124,0.3626573025696911,0.0,0.9999999999627976,0.0,0.8716517856818582,0.6116786545834422,0.06263146744376676,0.04457259559942163
1.0,0.30000000000000004,32132.48046875,453.41082763671875,2.1721995506338474,0.0,0.9,0.5074404761904762,0.0,0.0,0.9999999999244712,0.2942284182399003,0.0,0.9999999999627976,0.0,0.8311011904452715,0.6438431670557136,0.04484559132035274,0.026215853368487863
-1.0,0.40000000000000013,32510.615234375,456.9229431152344,2.189076304900276,0.0,0.9,0.4914434523809524,0.0,0.0,0.9999999999268471,0.26744673368219435,0.0,0.9999999999627976,0.0,0.789434523780155,0.6570890466684794,0.09572861786691889,-0.06824149517537435
-0.9,0.40000000000000013,31586.439453125,446.16986083984375,2.1172056034177804,0.0,0.9,0.5316220238095238,0.0,0.0,0.9999999999205719,0.31178510720704633,0.0,0.9999999999627976,0.0,0.8028273809225139,0.6159611409807465,0.07568778946545061,-0.056913668514242975
-0.8,0.40000000000000013,30727.654296875,436.10455322265625,2.117494509968635,0.0,0.9,0.5327380952380952,0.0,0.0,0.9984076432326108,0.32004994290729555,0.0,0.9999999999627976,0.0007440476190199388,0.7808779761614257,0.6192340278487517,0.06253725151747086,-0.02494043341777094
-0.7,0.40000000000000013,29941.94921875,426.826171875,1.922288137922593,0.0,0.9,0.6436011904761905,1.0,0.0,0.9999999998956159,0.4384398591658184,1.0,0.9999999999627976,0.002976190476079755,0.8511904761588099,0.49865385768022413,0.08465619703372423,-0.061688441116702165
-0.6,0.40000000000000013,29239.2578125,418.4439392089844,2.1682295378649723,0.0,0.9,0.578125,0.8813559322033898,0.0,0.993827160406188,0.3795292184307019,0.2955396256471525,0.9999999999627976,0.021949404761088195,0.7983630952083943,0.5846475536381904,0.0386957151762163,0.024848923462474762
-0.5,0.40000000000000013,28629.7578125,411.07427978515625,1.8513840222555866,0.0,0.9,0.7098214285714286,0.9583333333333334,0.0,0.9948717947442473,0.5335588864596436,0.7261904761904762,0.9999999999627976,0.03571428571295706,0.8895089285383367,0.4265688964948167,0.06878044974290608,-0.04568709113713815
-0.3999999999999999,0.40000000000000013,28121.5,404.8363952636719,1.9950496677172498,0.0,0.9,0.6755952380952381,0.8782051282051282,0.0,0.9782110090621318,0.48654643704476197,0.28254238123398384,0.9999999999627976,0.05803571428355522,0.8656994047296988,0.4812135230144911,0.024889868864157623,0.0124496813084099
-0.29999999999999993,0.40000000000000013,27719.560546875,399.8466796875,1.863257876285445,0.0,0.9,0.6938244047619048,0.8608247422680413,0.0,0.967193195508239,0.493582137359847,0.36094015383931355,0.9999999999627976,0.07217261904493406,0.8813244047291174,0.44303804287655457,0.03803740448666756,0.01649727444234196
-0.19999999999999996,0.40000000000000013,27430.115234375,396.2093505859375,1.8592259044884734,0.0,0.9,0.7280505952380952,0.8937007874015748,0.0,0.96306429535389,0.5397766946496636,0.34553310937028475,0.9999999999627976,0.09449404761553222,0.8898809523478467,0.4063461810568188,0.03357749644375415,0.0036828683090656547
-0.09999999999999998,0.40000000000000013,27255.05859375,394.00787353515625,1.654142590115197,0.0,0.9,0.7901785714285714,0.8722826086956522,0.0,0.9166666665041372,0.6376390785772927,0.2901731816339765,0.9999999999627976,0.13690476189966874,0.9114583332994249,0.3302737463833081,0.03879926551700186,-0.0060003642184964
0.0,0.40000000000000013,27193.72265625,393.29620361328125,1.9811158899412822,0.0,0.9,0.71875,0.8144654088050315,0.0,0.92195767183572,0.5281164721425955,0.25370146256051085,0.9999999999627976,0.11830357142417026,0.8664434523487187,0.43967372945080585,0.044367010904015305,0.043307687429189085
0.10000000000000009,0.40000000000000013,27249.75,394.0921325683594,1.8231976272679253,0.0,0.9,0.7321428571428571,0.838006230529595,0.0,0.9277777776489198,0.5430812314863857,0.21784397750784307,0.9999999999627976,0.11941964285270017,0.8850446428242171,0.40095182176810346,0.06048496859751349,0.02161783310009078
0.20000000000000018,0.40000000000000013,27421.2265625,396.37591552734375,1.7606846023827243,0.0,0.9,0.7730654761904762,0.8770949720670391,0.0,0.9278688523069067,0.6026559943182381,0.2892047419680863,0.9999999999627976,0.13318452380456902,0.9185267856801144,0.35466850471455846,0.037510505575268395,-0.006232473380408649
0.30000000000000004,0.40000000000000013,27706.103515625,400.091552734375,1.8484966867008907,0.0,0.9,0.7012648809523809,0.8075801749271136,0.0,0.9178082190637848,0.5118175010311095,0.22096043835282517,0.9999999999627976,0.12760416666191948,0.885788690443237,0.4571359364546774,0.04431042730746228,0.04407131995835348
0.40000000000000013,0.40000000000000013,28101.09375,405.1542663574219,1.7768776942135236,0.0,0.9,0.7284226190476191,0.8816568047337278,0.0,0.9452054793225746,0.5615358258170009,0.3585507719069363,0.9999999999627976,0.12574404761436964,0.9010416666331458,0.4303026972716413,0.04665426774128224,-0.016180519619851855
0.5,0.40000000000000013,28603.525390625,411.4588317871094,1.9860253300950674,0.0,0.9,0.6908482142857143,0.8219584569732937,0.0,0.9277978338233698,0.5246191362374326,0.21383265856950068,0.9999999999627976,0.12537202380485968,0.8969494047285361,0.48439316113728803,0.07456632745073614,-0.0009474814990056129
0.6000000000000001,0.40000000000000013,29206.431640625,418.88848876953125,2.027681357233461,0.0,0.9,0.6201636904761905,0.8768472906403941,0.0,0.9755142016674325,0.43317352591100555,0.22030269839689337,0.9999999999627976,0.07552083333052378,0.8764880952054879,0.5543687096852448,0.0684163600056843,0.026681066388618144
0.7000000000000002,0.40000000000000013,29903.919921875,427.3240966796875,2.01447721694235,0.0,0.9,0.6023065476190477,1.0,0.0,0.9999999999064546,0.4187144435455539,1.0,0.9999999999627976,0.004092261904609663,0.8839285713956873,0.5703293017485478,0.07807253853900196,0.03200852181639901
0.8,0.40000000000000013,30686.56640625,436.64935302734375,1.984466738176654,0.0,0.9,0.5334821428571429,0.0,0.0,0.9999999999202551,0.3360200610010068,0.0,0.9999999999627976,0.0,0.8467261904446903,0.6345104008157101,0.08340378177606614,0.06621462422392671
0.9000000000000001,0.40000000000000013,31544.271484375,446.7558288574219,1.9419949519376998,0.0,0.9,0.5535714285714286,1.0,0.0,0.9999999999166665,0.3415134997577557,1.0,0.9999999999627976,0.0011160714285299081,0.8790922618720576,0.57625799280079,0.06538477085820332,0.03125277195285702
1.0,0.40000000000000013,32466.818359375,457.5447998046875,2.133644428168505,0.0,0.9,0.47433035714285715,1.0,0.0,0.9999999999292285,0.24533572487954447,1.0,0.9999999999627976,0.0018601190475498468,0.8199404761599725,0.653486211203998,0.055236542759061674,0.031115080871129776
-1.0,0.5,32940.86328125,461.6595458984375,2.353265172032907,0.0,0.9,0.44717261904761907,0.0,0.0,0.9999999999327052,0.2295199385129291,0.0,0.9999999999627976,0.0,0.7455357142579786,0.7143821711739432,0.07507603991063844,-0.036489027328097966
-0.9,0.5,32031.3828125,451.14862060546875,2.2073798496050934,0.0,0.9,0.49181547619047616,0.0,0.0,0.9999999999267934,0.26366325565052345,0.0,0.9999999999627976,0.0,0.7879464285421152,0.658986605251455,0.08843940818328255,-0.0366338199772229
-0.8,0.5,31187.38671875,441.3326110839844,2.2661262923735537,0.0,0.9,0.5070684523809523,0.0,0.0,0.9992452829434532,0.2836318023925376,0.0,0.9999999999627976,0.0003720238095099694,0.7752976190187761,0.6457794227135746,0.07264699128109073,-0.005732154728513224
-0.7,0.5,30416.56640625,432.30670166015625,2.144891157606485,0.0,0.9,0.5483630952380952,0.0,0.0,0.9999999999176276,0.3217893024903632,0.0,0.9999999999627976,0.0,0.7868303571135852,0.6108716105542547,0.06154428771042491,-0.0016485951627406917
-0.6,0.5,29727.890625,424.1744384765625,2.1170419262253004,0.0,0.9,0.5985863095238095,1.0,0.0,0.9999999999073215,0.39267714840863244,1.0,0.9999999999627976,0.0003720238095099694,0.8154761904458528,0.5574175013536049,0.06933280991850574,-0.01674669675020994
-0.5,0.5,29128.849609375,417.0449523925781,2.08296713162797,0.0,0.9,0.6268601190476191,0.9393939393939394,0.0,0.9980059819543364,0.41594268610749324,0.5777777777777777,0.9999999999627976,0.012276785713828989,0.8333333333023314,0.5272920236745008,0.03558961358274212,-0.011633946089340964
-0.3999999999999999,0.5,28629.974609375,411.02886962890625,1.9986274450263233,0.0,0.9,0.6305803571428571,0.9361702127659575,0.0,0.9969788518633456,0.4341551786260341,0.3739130434782608,0.9999999999627976,0.01748511904696856,0.8229166666360522,0.5394038224481728,0.030900770729721912,0.0071620391339078555
-0.29999999999999993,0.5,28233.78515625,406.2323303222656,1.7967938567704815,0.0,0.9,0.6986607142857143,0.8728813559322034,0.0,0.981481481360311,0.5073323689282319,0.30703296703296706,0.9999999999627976,0.04389880952217639,0.8608630952060691,0.45158894120097315,0.02580335486362185,-0.01733374226487681
-0.19999999999999996,0.5,27947.703125,402.7499694824219,1.6102009703694795,0.0,0.9,0.7619047619047619,0.9056603773584906,0.0,0.9765624998474122,0.5752495414648137,0.35006401385711733,0.9999999999627976,0.05915178571208513,0.9136904761564848,0.3709098920938757,0.06426188943172846,-0.0633239932512533
-0.09999999999999998,0.5,27774.5703125,400.6563720703125,1.734454738370106,0.0,0.9,0.7302827380952381,0.8742857142857143,0.0,0.9696551722800476,0.5347505583977803,0.38841783216783216,0.9999999999627976,0.06510416666424464,0.887276785681277,0.41715600315202966,0.04579602680761634,-0.025799771311725832
0.0,0.5,27714.58984375,399.99920654296875,1.8697467160552534,0.0,0.9,0.7433035714285714,0.8582995951417004,0.0,0.9492753621812645,0.5588203975965318,0.29097884926614204,0.9999999999627976,0.09188988094896243,0.8783482142530377,0.40546920563758815,0.0384148397520779,-0.021683360290223483
0.10000000000000009,0.5,27770.021484375,400.7939453125,1.802118112610277,0.0,0.9,0.7202380952380952,0.8650793650793651,0.0,0.9547872339155868,0.5208399321304318,0.23604481500781657,0.9999999999627976,0.09374999999651228,0.8776041666340177,0.4255942509025699,0.05997560286702486,-0.006255087455525458
0.20000000000000018,0.5,27938.705078125,403.02191162109375,1.8513386531869132,0.0,0.9,0.7072172619047619,0.8327137546468402,0.0,0.9428208385079008,0.5158610929766428,0.2095905172413793,0.9999999999627976,0.10007440475818176,0.8768601190149978,0.4459459921895207,0.04903323149591116,-0.006036425858866544
0.30000000000000004,0.5,28217.89453125,406.6328430175781,1.678423190661943,0.0,0.9,0.7637648809523809,0.8669527896995708,0.0,0.9511811022124125,0.5939202028322408,0.2670807453416149,0.9999999999627976,0.08668154761582286,0.9304315475844334,0.37479186693938826,0.07183881039376032,-0.06319744020058705
0.40000000000000013,0.5,28606.173828125,411.5495300292969,2.0047198912027877,0.0,0.9,0.6662946428571429,0.7792792792792793,0.0,0.9453734670072048,0.48240239819580594,0.07792792792792794,0.9999999999627976,0.0825892857112132,0.8705357142533283,0.5091965148575616,0.05595228600417121,-0.005001569162852274
0.5,0.5,29098.79296875,417.6763000488281,1.8391515001149628,0.0,0.9,0.6871279761904762,0.87248322147651,0.0,0.9774078476840181,0.5129295498962294,0.174496644295302,0.9999999999627976,0.05543154761698544,0.9259672618703138,0.4647140670563071,0.05809696535257561,-0.04907503229661738
0.6000000000000001,0.5,29693.322265625,424.9059753417969,1.865136723959474,0.0,0.9,0.6443452380952381,0.9180327868852459,0.0,0.9947698743729321,0.46490118038144906,0.15300546448087432,0.9999999999627976,0.022693452380108132,0.9148065475850147,0.5184484411428867,0.06784027950267249,-0.03904222383275745
0.7000000000000002,0.5,30377.12890625,433.1279602050781,1.938013191377199,0.0,0.9,0.5651041666666666,0.875,0.0,0.9991445679213734,0.37536757661448056,0.4375,0.9999999999627976,0.002976190476079755,0.8906249999668667,0.5865272981956069,0.059952014027652184,0.02459042661655712
0.8,0.5,31144.166015625,442.23321533203125,2.0250387427388894,0.0,0.9,0.5197172619047619,0.0,0.0,0.9999999999225406,0.3047879385441731,0.0,0.9999999999627976,0.0,0.8816964285386274,0.5825694821741817,0.09359883082947683,0.04738370562908832
0.9000000000000001,0.5,31984.822265625,452.11920166015625,2.1401779146554603,0.0,0.9,0.4851190476190476,0.5,0.0,0.9992774565751966,0.2588409266370161,0.25,0.9999999999627976,0.0007440476190199388,0.8433779761591006,0.639158119924789,0.06441274947705826,0.04084877052097517
1.0,0.5,32890.859375,462.69140625,2.0920847774830094,0.0,0.9,0.5100446428571429,1.0,0.0,0.9999999999240698,0.2831930691898814,1.0,0.9999999999627976,0.0007440476190199388,0.8441220237781205,0.6178654245826111,0.06497032015856362,-0.015971778654097307
-1.0,0.6000000000000001,33453.70703125,467.36724853515625,2.489623557702565,0.0,0.9,0.3943452380952381,0.0,0.0,0.9999999999385749,0.19504436731080657,0.0,0.9999999999627976,0.0,0.6882440475934434,0.7709756146797792,0.060824993575683495,-0.00045435298455420063
-0.9,0.6000000000000001,32563.4375,457.13104248046875,2.388773909625982,0.0,0.9,0.4401041666666667,0.0,0.0,0.9999999999335548,0.224930161719169,0.0,0.9999999999627976,0.0,0.72879464283003,0.7281319205861398,0.05783269648614279,-0.007303441734445171
-0.8,0.6000000000000001,31737.822265625,447.595703125,2.3556935816262476,0.0,0.9,0.4635416666666667,0.0,0.0,0.9999999999306518,0.2373682297513905,0.0,0.9999999999627976,0.0,0.7325148809251297,0.7128759783009108,0.06650657546493986,0.011672369864373748
-0.7,0.6000000000000001,30984.46484375,438.851806640625,2.3211165526166027,0.0,0.9,0.47470238095238093,0.0,0.0,0.9999999999291784,0.2581648134076834,0.0,0.9999999999627976,0.0,0.7511160714006282,0.6992499310066892,0.06327439854664832,0.024209450918806955
-0.6,0.6000000000000001,30310.7578125,430.9964599609375,2.218017416736603,0.0,0.9,0.5431547619047619,0.0,0.0,0.9999999999185667,0.322092338627554,0.0,0.9999999999627976,0.0,0.7886904761611351,0.6169803076150289,0.08483247996635314,-0.0011756074440534329
-0.5,0.6000000000000001,29725.623046875,424.1306457519531,2.1500920971131667,0.0,0.9,0.5892857142857143,0.0,0.0,0.9981884057066858,0.3599509375051696,0.0,0.9999999999627976,0.0007440476190199388,0.7920386904467248,0.5750740317543545,0.05700316561800842,-0.00999545750583301
-0.3999999999999999,0.6000000000000001,29236.998046875,418.3555908203125,2.2544539659046756,0.0,0.9,0.5725446428571429,0.8571428571428571,0.0,0.9991296778938964,0.3569216555250011,0.5,0.9999999999627976,0.0026041666665697857,0.7790178571138758,0.6031170767746539,0.02843190985054982,0.01054293327374923
-0.29999999999999993,0.6000000000000001,28849.9375,413.76708984375,2.130807230054053,0.0,0.9,0.6019345238095238,0.8181818181818182,0.0,0.996261682149882,0.370794859546051,0.20454545454545456,0.9999999999627976,0.008184523809219326,0.7968749999703544,0.5641864825596757,0.04355715487865774,-0.012134952670501336
-0.19999999999999996,0.6000000000000001,28568.447265625,410.4495544433594,1.7894338709936655,0.0,0.9,0.7228422619047619,0.9375,0.0,0.9959731542287285,0.505383937946257,0.45714285714285713,0.9999999999627976,0.01785714285647853,0.8794642856815676,0.42823564042214407,0.0946128063843976,-0.0946128063843976
-0.09999999999999998,0.6000000000000001,28398.81640625,408.4686279296875,1.8470317819305755,0.0,0.9,0.7005208333333334,0.8118811881188119,0.0,0.9763975154066588,0.4925036238085026,0.19930555555555557,0.9999999999627976,0.037574404760506906,0.8649553571106788,0.4604599339129351,0.08604681739780018,-0.07272296627612147
0.0,0.6000000000000001,28339.2734375,407.8659362792969,1.8662208898706107,0.0,0.9,0.7217261904761905,0.9461538461538461,0.0,0.9906417110975079,0.524432150713438,0.36381886087768445,0.9999999999627976,0.04836309523629602,0.8642113094916588,0.44592827482923747,0.11234599204012014,-0.08095086107978487
0.10000000000000009,0.6000000000000001,28393.71875,408.65447998046875,1.927722266409821,0.0,0.9,0.6878720238095238,0.7942857142857143,0.0,0.9570917758096434,0.4876044593674884,0.10833333333333334,0.9999999999627976,0.06510416666424464,0.8400297618735109,0.49353267026524134,0.10082742400682444,-0.04023679971145911
0.20000000000000018,0.6000000000000001,28558.478515625,410.8175048828125,1.9483344721385938,0.0,0.9,0.6733630952380952,0.8098159509202454,0.0,0.9646924828058437,0.4704295868826832,0.11896745230078563,0.9999999999627976,0.06063988095012501,0.8523065475873398,0.5066012817644305,0.09770049830142744,-0.04795428221882395
0.30000000000000004,0.6000000000000001,28832.302734375,414.3099060058594,2.0905895169186772,0.0,0.9,0.6034226190476191,0.9051724137931034,0.0,0.9896810505638197,0.3802499420926628,0.6347826086956522,0.9999999999627976,0.043154761903156445,0.8337053571118413,0.5728471979123703,0.05911243912376197,-0.03204341408523261
0.40000000000000013,0.6000000000000001,29211.921875,419.0628967285156,1.8393076160325235,0.0,0.9,0.6796875,0.88125,0.0,0.9779326363556409,0.48810723655165456,0.09791666666666667,0.9999999999627976,0.0595238095215951,0.9084821428233452,0.48041382141255756,0.11347559790634013,-0.07391652841715943
0.5,0.6000000000000001,29695.62890625,424.99029541015625,1.918100412093403,0.0,0.9,0.6116071428571429,0.9278350515463918,0.0,0.9932950190619448,0.4108024921740888,0.1325478645066274,0.9999999999627976,0.03608630952246703,0.9029017856806957,0.549061683316274,0.06484440261261244,-0.023510841647619116
0.6000000000000001,0.6000000000000001,30276.173828125,431.9949951171875,2.000267146093659,0.0,0.9,0.5524553571428571,0.9583333333333334,0.0,0.9991687447215986,0.33533489969216973,0.4791666666666667,0.9999999999627976,0.008928571428239265,0.8906249999668667,0.5863945875640396,0.03370199387513801,-0.009911641168424402
0.7000000000000002,0.6000000000000001,30943.943359375,439.9756774902344,2.022690972553105,0.0,0.9,0.5096726190476191,0.0,0.0,0.9999999999241274,0.29202063591339744,0.0,0.9999999999627976,0.0,0.8813244047291174,0.6148122598332786,0.05266891975012518,0.0204125191631219
0.8,0.6000000000000001,31692.9609375,448.83135986328125,2.0328309601112142,0.0,0.9,0.48549107142857145,0.0,0.0,0.9999999999276934,0.2601673379220201,0.0,0.9999999999627976,0.0,0.8809523809196075,0.6244324824351533,0.07105568463679217,0.013411295927869207
0.9000000000000001,0.6000000000000001,32514.001953125,458.46575927734375,2.0392631243789254,0.0,0.9,0.49032738095238093,1.0,0.0,0.9999999999270073,0.25043779084306966,1.0,0.9999999999627976,0.0003720238095099694,0.8593749999680292,0.6197730061144996,0.10640741155601766,0.012394535421559025
1.0,0.6000000000000001,33400.30859375,468.7892150878906,2.222394336222809,0.0,0.9,0.41369047619047616,1.0,0.0,0.9999999999365482,0.1850165827186333,1.0,0.9999999999627976,0.0007440476190199388,0.7883184523516251,0.7127711688271073,0.06858554927101536,0.027907960254726125
-1.0,0.7000000000000002,34044.796875,473.9819641113281,2.6521770153022737,0.0,0.9,0.33407738095238093,0.0,0.0,0.999999999944134,0.15904007928759797,0.0,0.9999999999627976,0.0,0.6227678571196887,0.8241554984910687,0.056171813629891,0.03606172866170041
-0.9,0.7000000000000002,33175.62109375,464.04473876953125,2.553528552560423,0.0,0.9,0.40029761904761907,0.0,0.0,0.9999999999379652,0.2054625679150225,0.0,0.9999999999627976,0.0,0.6651785714038252,0.776656486167927,0.03533851942612766,-0.002342813452177175
-0.8,0.7000000000000002,32370.42578125,454.81280517578125,2.4514893433694094,0.0,0.9,0.45498511904761907,0.0,0.0,0.9999999999317406,0.24088468473528724,0.0,0.9999999999627976,0.0,0.6994047618787425,0.7321908542744694,0.042153102131234604,-0.034587077316789006
-0.7,0.7000000000000002,31636.630859375,446.3710021972656,2.446086769864882,0.0,0.9,0.4680059523809524,0.0,0.0,0.9999999999300698,0.2529636409650361,0.0,0.9999999999627976,0.0,0.6949404761646227,0.7205693203081485,0.08732682004784577,-0.01723547741955261
-0.6,0.7000000000000002,30980.900390625,438.809814453125,2.502545725449813,0.0,0.9,0.43452380952380953,0.0,0.0,0.9999999999342105,0.23265401403108354,0.0,0.9999999999627976,0.0,0.6867559523554034,0.7513142095490621,0.05384986279382412,0.03295402819186347
-0.5,0.7000000000000002,30411.9140625,432.2216491699219,2.2904850189986736,0.0,0.9,0.5301339285714286,0.0,0.0,0.9999999999208233,0.3036603687614559,0.0,0.9999999999627976,0.0,0.7552083333052378,0.6467608053897751,0.08321407674085983,-0.03134723335140044
-0.3999999999999999,0.7000000000000002,29935.955078125,426.6979064941406,2.3214063078240645,0.0,0.9,0.5539434523809523,0.0,0.0,0.999999999916597,0.32786465773799023,0.0,0.9999999999627976,0.0,0.7633928571144571,0.6193426716064091,0.08008478187104581,-0.034093243616770054
-0.29999999999999993,0.7000000000000002,29558.39453125,422.3244323730469,2.2167079963584473,0.0,0.9,0.5744047619047619,0.5,0.0,0.9991258740385379,0.3506358133496471,0.25,0.9999999999627976,0.0007440476190199388,0.7537202380671979,0.6124651514352824,0.08488892760119073,-0.04856617164795463
-0.19999999999999996,0.7000000000000002,29283.888671875,419.1751708984375,2.1899093308987245,0.0,0.9,0.5837053571428571,0.5,0.0,0.9964253797143497,0.36223337953678375,0.26666666666666666,0.9999999999627976,0.002976190476079755,0.7752976190187761,0.5971824192286775,0.08261350978239636,-0.04966122888626846
-0.09999999999999998,0.7000000000000002,29117.9453125,417.3078918457031,2.0877558056759367,0.0,0.9,0.6220238095238095,0.6875,0.0,0.9950787400595396,0.39834198804141985,0.3333333333333333,0.9999999999627976,0.00595238095215951,0.8080357142556535,0.5731597136076194,0.10406187397591353,-0.08006914730865432
0.0,0.7000000000000002,29060.904296875,416.7583923339844,2.098191156954736,0.0,0.9,0.6283482142857143,0.5862068965517241,0.0,0.9879879878890904,0.41383012421340837,0.16999999999999998,0.9999999999627976,0.010788690475789111,0.8035714285415338,0.5934129894835111,0.1385162929360274,-0.08229296093213435
0.10000000000000009,0.7000000000000002,29112.701171875,417.53729248046875,2.066002420774277,0.0,0.9,0.6153273809523809,0.8979591836734694,0.0,0.9951644099617829,0.4041294708484951,0.18333333333333332,0.9999999999627976,0.0182291666659885,0.7912946428277049,0.6026653091214107,0.13099560701866836,-0.08624433922336966
0.20000000000000018,0.7000000000000002,29273.806640625,419.62969970703125,1.9028337410625598,0.0,0.9,0.6793154761904762,0.9313725490196079,0.0,0.9918793502329607,0.4789144415449429,0.1330532212885154,0.9999999999627976,0.03794642857001688,0.8954613094904963,0.5106798426364235,0.1701550602598323,-0.13198006944905577
0.30000000000000004,0.7000000000000002,29540.9765625,422.9956970214844,2.259259760677234,0.0,0.9,0.5241815476190477,0.851063829787234,0.0,0.9890539483198549,0.3121519160977657,0.14184397163120568,0.9999999999627976,0.03497023809393712,0.7931547618752547,0.6689048836363175,0.10471159631529871,-0.0261696576790111
0.40000000000000013,0.7000000000000002,29913.18359375,427.5745849609375,2.0187363264292797,0.0,0.9,0.6268601190476191,0.9493670886075949,0.0,0.9960119640083737,0.4195725578330286,0.18987341772151897,0.9999999999627976,0.02938988095128758,0.8794642856815676,0.5784353524290256,0.1388589026962794,-0.10955228977750045
0.5,0.7000000000000002,30383.673828125,433.2896423339844,2.1440863898862257,0.0,0.9,0.5398065476190477,0.9166666666666666,0.0,0.9991915924818762,0.31094855949812417,0.4583333333333333,0.9999999999627976,0.0044642857141196325,0.8232886904455622,0.6505763262706548,0.07860641841686351,-0.041593518999717714
0.6000000000000001,0.7000000000000002,30947.11328125,440.0537109375,2.17544076889784,0.0,0.9,0.49962797619047616,0.0,0.0,0.9999999999256505,0.26788509804197064,0.0,0.9999999999627976,0.0,0.838169642825961,0.6591971592554826,0.035694693893356694,-0.022815015830935773
0.7000000000000002,0.7000000000000002,31597.556640625,447.7747802734375,2.0927445923841526,0.0,0.9,0.47767857142857145,0.0,0.0,0.9999999999287749,0.2483755364876516,0.0,0.9999999999627976,0.0,0.8482142856827302,0.6659558296371785,0.05537553604436282,0.0006957153709704829
0.8,0.7000000000000002,32325.361328125,456.3601989746094,2.1511899749308854,0.0,0.9,0.43861607142857145,0.0,0.0,0.9999999999337309,0.20464018769291473,0.0,0.9999999999627976,0.0,0.8511904761588099,0.6853245115937685,0.05344797491736564,0.017308687969552046
0.9000000000000001,0.7000000000000002,33125.6015625,465.7205810546875,2.2159731250181283,0.0,0.9,0.4088541666666667,0.0,0.0,0.9999999999370673,0.1751627308982811,0.0,0.9999999999627976,0.0,0.8050595237795737,0.7199848089135864,0.060425558710391764,0.02361928408284479
1.0,0.7000000000000002,33989.63671875,475.77166748046875,2.3305463252890566,0.0,0.9,0.40327380952380953,0.0,0.0,0.9999999999376558,0.17390722540415238,0.0,0.9999999999627976,0.0,0.7927827380657447,0.7319458645285553,0.08132702060482183,0.013647208037521983
-1.0,0.8,34707.66796875,481.4366455078125,2.769621899232049,0.0,0.9,0.27827380952380953,0.0,0.0,0.9999999999484536,0.14146922840574877,0.0,0.9999999999627976,0.0,0.6123511904534096,0.8574943551924172,0.10394515093129755,0.0712182775849044
-0.9,0.8,33861.359375,471.81500244140625,2.7459079756525737,0.0,0.9,0.31361607142857145,0.0,0.0,0.9999999999457995,0.15687499290918888,0.0,0.9999999999627976,0.0,0.6052827380727202,0.8386418155339103,0.07848851683392664,0.046094940626499534
-0.8,0.8,33079.04296875,462.9005126953125,2.6708428114923257,0.0,0.9,0.37016369047619047,0.0,0.0,0.9999999999409332,0.19456335562255062,0.0,0.9999999999627976,0.0,0.644345238071267,0.7932872208311607,0.05810555717312023,0.004963493314245818
-0.7,0.8,32366.3046875,454.77252197265625,2.6642636706858975,0.0,0.9,0.39025297619047616,0.0,0.0,0.9999999999389871,0.20050645926699073,0.0,0.9999999999627976,0.0,0.6335565475954779,0.7875577700536678,0.06380581621652823,0.0022972015449066584
-0.6,0.8,31731.142578125,447.5140380859375,2.641774710541449,0.0,0.9,0.40401785714285715,0.0,0.0,0.9999999999375779,0.2174938901856016,0.0,0.9999999999627976,0.0,0.6424851190237171,0.7771025855199681,0.041909740386317236,0.002368435747887011
-0.5,0.8,31179.6953125,441.209228515625,2.556829278966291,0.0,0.9,0.44382440476190477,0.0,0.0,0.9999999999331103,0.255437691943035,0.0,0.9999999999627976,0.0,0.6845238094983437,0.7436450559289354,0.06657688221299296,-0.01858850833813471
-0.3999999999999999,0.8,30718.1796875,435.93988037109375,2.6287583504257817,0.0,0.9,0.43117559523809523,0.0,0.0,0.9999999999345978,0.23206503097826203,0.0,0.9999999999627976,0.0,0.667782738070395,0.7606084473627786,0.053319793593466884,-0.005634543317906084
-0.29999999999999993,0.8,30351.359375,431.78192138671875,2.38698074646693,0.0,0.9,0.5026041666666666,0.0,0.0,0.9999999999252056,0.2933598670068319,0.0,0.9999999999627976,0.0,0.7194940475922807,0.705095248993252,0.0900214427120989,-0.07074036383458666
-0.19999999999999996,0.8,30084.208984375,428.800048828125,2.5377562014011423,0.0,0.9,0.46316964285714285,0.0,0.0,0.9979209978518419,0.25155147778560344,0.0,0.9999999999627976,0.0011160714285299081,0.6830357142603037,0.7522746420181593,0.053834572778882386,-0.023495760118620316
-0.09999999999999998,0.8,29923.310546875,427.0445251464844,2.385973970091059,0.0,0.9,0.47879464285714285,0.0,0.0,0.9999999999286223,0.2795664874950696,0.0,0.9999999999627976,0.0,0.7239583333064004,0.7398896566423104,0.09561907276013051,-0.03569293719344623
0.0,0.8,29868.458984375,426.5456237792969,2.212804017020877,0.0,0.9,0.5595238095238095,0.0,0.0,0.9999999999155404,0.3654429508514786,0.0,0.9999999999627976,0.0,0.8162202380648728,0.6818588907313246,0.16209431447372374,-0.10546194984919353
0.10000000000000009,0.8,29918.501953125,427.31256103515625,2.353516612807135,0.0,0.9,0.4947916666666667,0.0,0.0,0.9992636229013796,0.2949373312348669,0.0,0.9999999999627976,0.0003720238095099694,0.7663690475905369,0.7304557669485392,0.13579987993163642,-0.04052346712297773
0.20000000000000018,0.8,30074.09375,429.33154296875,2.361299520501632,0.0,0.9,0.4133184523809524,0.0,0.0,0.9993658845276242,0.20661873925574287,0.0,0.9999999999627976,0.0003720238095099694,0.741443452353369,0.7496481546889221,0.05917320755282687,0.04055909517968012
0.30000000000000004,0.8,30336.71875,432.56805419921875,2.337417420998165,0.0,0.9,0.3794642857142857,0.0,0.0,0.999999999940048,0.18425698122075462,0.0,0.9999999999627976,0.0,0.7507440475911182,0.7585120587127392,0.06734026507267228,0.06592694989648144
0.40000000000000013,0.8,30697.154296875,436.9686279296875,2.337096756524986,0.0,0.9,0.37686011904761907,0.0,0.0,0.9999999999402984,0.1695218333145959,0.0,0.9999999999627976,0.0,0.7823660713994656,0.7395587214882071,0.08017178057672716,0.06558068120300233
0.5,0.8,31152.7578125,442.465576171875,2.4915972094022,0.0,0.9,0.32217261904761907,0.0,0.0,0.9999999999451152,0.11407604026278133,0.0,0.9999999999627976,0.0,0.7395833333058192,0.7992408494462812,0.10384043773674671,0.10384043773674671
0.6000000000000001,0.8,31698.7109375,448.9811706542969,2.364161582267845,0.0,0.9,0.35342261904761907,0.0,0.0,0.9999999999424626,0.12817798914273362,0.0,0.9999999999627976,0.0,0.7641369047334771,0.7753631398572437,0.07860605560421878,0.07627273801458552
0.7000000000000002,0.8,32329.095703125,456.4325866699219,2.3482094776919316,0.0,0.9,0.33630952380952384,0.0,0.0,0.9999999999439462,0.11612890749658211,0.0,0.9999999999627976,0.0,0.7522321428291581,0.7726106988955717,0.08314479493690513,0.07514035915053409
0.8,0.8,33035.3828125,464.73541259765625,2.384234431243962,0.0,0.9,0.3366815476190476,0.0,0.0,0.9999999999439148,0.11864944467322025,0.0,0.9999999999627976,0.0,0.7220982142588506,0.7893610935077605,0.08501697426542934,0.06928620801243282
0.9000000000000001,0.8,33811.6875,473.8072814941406,2.38375304994232,0.0,0.9,0.34486607142857145,0.0,0.0,0.9999999999432141,0.1146686760833904,0.0,0.9999999999627976,0.0,0.764880952352497,0.7839324927053014,0.131603283777201,0.056224554210869325
1.0,0.8,34652.72265625,483.5696716308594,2.440365144050897,0.0,0.9,0.32217261904761907,0.0,0.0,0.9999999999451152,0.10993800101476256,0.0,0.9999999999627976,0.0,0.7473958333055285,0.8067570386573161,0.12450660922806843,0.06362701100825774
-1.0,0.9000000000000001,35438.6953125,489.6630554199219,2.9757019324069938,0.0,0.9,0.21205357142857142,0.0,0.0,0.9999999999527858,0.10421981310314374,0.0,0.9999999999627976,0.0,0.4892113095056097,0.9157654725192187,0.1485295566929589,0.12961984497925624
-0.9,0.9000000000000001,34616.9140625,480.3664245605469,2.9593818628149107,0.0,0.9,0.22730654761904762,0.0,0.0,0.9999999999518537,0.1153442998404267,0.0,0.9999999999627976,0.0,0.5070684523620883,0.9105545861803004,0.12148233102566795,0.10927108273474286
-0.8,0.9000000000000001,33857.73046875,471.77655029296875,2.9381521643210005,0.0,0.9,0.2663690476190476,0.0,0.0,0.99999999994929,0.14777982210600946,0.0,0.9999999999627976,0.0,0.5502232142652447,0.8699304627416681,0.12432159224246701,0.08283813871130817
-0.7,0.9000000000000001,33167.51171875,463.9665832519531,2.91156979844002,0.0,0.9,0.25967261904761907,0.0,0.0,0.9999999999497488,0.14358389775582175,0.0,0.9999999999627976,0.0,0.5598958333125039,0.8808185604287384,0.10729370057826751,0.09158332575069113
-0.6,0.9000000000000001,32552.8046875,457.0124816894531,2.937593725567113,0.0,0.9,0.27566964285714285,0.0,0.0,0.9999999999486389,0.150636188848606,0.0,0.9999999999627976,0.0,0.5531994047413245,0.8895500243763165,0.08922519982594751,0.08526693062988872
-0.5,0.9000000000000001,32019.6171875,450.9901428222656,2.838251845096128,0.0,0.9,0.2857142857142857,0.0,0.0,0.9999999999479167,0.1543601520605767,0.0,0.9999999999627976,0.0,0.5840773809306519,0.8697843959453638,0.08487202797468896,0.08487202797468896
-0.3999999999999999,0.9000000000000001,31573.7734375,445.9722900390625,2.8824921153329393,0.0,0.9,0.30691964285714285,0.0,0.0,0.999999999946323,0.16466101542377687,0.0,0.9999999999627976,0.0,0.571428571407313,0.8670167414467167,0.0761275778928899,0.05763717338964696
-0.29999999999999993,0.9000000000000001,31220.310546875,442.02581787109375,2.864754641614839,0.0,0.9,0.3288690476190476,0.0,0.0,0.9999999999445676,0.1640528191000233,0.0,0.9999999999627976,0.0,0.5416666666465154,0.8695531269042377,0.04509051441264252,0.03265066082366959
-0.19999999999999996,0.9000000000000001,30962.57421875,439.20709228515625,2.897564790275399,0.0,0.9,0.3009672619047619,0.0,0.0,0.9999999999467801,0.13386355162023145,0.0,0.9999999999627976,0.0,0.534598214265826,0.8865154273226661,0.0579130274606437,0.057632010457014805
-0.09999999999999998,0.9000000000000001,30805.884765625,437.5591735839844,2.8512938408856203,0.0,0.9,0.32217261904761907,0.0,0.0,0.9999999999451152,0.14310646783462228,0.0,0.9999999999627976,0.0,0.5639880952171136,0.8560098111115557,0.056603053231533015,0.05301160636372709
0.0,0.9000000000000001,30752.97265625,437.1080627441406,2.9047853253094624,0.0,0.9,0.3236607142857143,0.0,0.0,0.9988998899340539,0.13514359100237872,0.0,0.9999999999627976,0.0007440476190199388,0.5279017856946465,0.868378255022757,0.07818510600250034,0.06577224579356718
0.10000000000000009,0.9000000000000001,30801.6171875,437.8612060546875,2.970548418329226,0.0,0.9,0.2931547619047619,0.0,0.0,0.9999999999473684,0.10708633151901954,0.0,0.9999999999627976,0.0,0.5011160714099288,0.8846301707126001,0.12148729574588651,0.12148729574588651
0.20000000000000018,0.9000000000000001,30954.3125,439.80670166015625,2.9895945773015313,0.0,0.9,0.28087797619047616,0.0,0.0,0.9994826693740567,0.09455041115488352,0.0,0.9999999999627976,0.0003720238095099694,0.48772321426756987,0.8967416206992622,0.12995364804304066,0.12995364804304066
0.30000000000000004,0.9000000000000001,31207.58203125,442.9141540527344,2.923278449682327,0.0,0.9,0.2927827380952381,0.0,0.0,0.9999999999473961,0.07955548229358839,0.0,0.9999999999627976,0.0,0.5193452380759173,0.8800584442915285,0.1099005008274691,0.1099005008274691
0.40000000000000013,0.9000000000000001,31556.083984375,447.1368713378906,2.868293414779791,0.0,0.9,0.2883184523809524,0.0,0.0,0.999999999947726,0.08583241493549185,0.0,0.9999999999627976,0.0,0.5364583333133759,0.8812622469435918,0.0978576415025144,0.09567626447358425
0.5,0.9000000000000001,31995.423828125,452.4154357910156,2.79908402094375,0.0,0.9,0.27976190476190477,0.0,0.0,0.9999999999483471,0.08248257397596928,0.0,0.9999999999627976,0.0,0.5803571428355522,0.8839921892348204,0.0919186695833187,0.0919186695833187
0.6000000000000001,0.9000000000000001,32522.640625,458.6809387207031,2.707332332159579,0.0,0.9,0.26339285714285715,0.0,0.0,0.999999999949495,0.08016469954053153,0.0,0.9999999999627976,0.0,0.6607142856897056,0.8725505611515176,0.08930770701758724,0.08781689335454104
0.7000000000000002,0.9000000000000001,33130.63671875,465.859375,2.6195078344645886,0.0,0.9,0.2760416666666667,0.0,0.0,0.9999999999486126,0.09820745150739507,0.0,0.9999999999627976,0.0,0.6871279761649134,0.8565189598358419,0.11572065565754068,0.0847374424687233
0.8,0.9000000000000001,33814.203125,473.8742980957031,2.578580589058654,0.0,0.9,0.3117559523809524,0.0,0.0,0.9999999999459459,0.119348897827559,0.0,0.9999999999627976,0.0,0.6994047618787425,0.8424322622608856,0.0713466168592153,0.05544169616098041
0.9000000000000001,0.9000000000000001,34566.17578125,482.6502380371094,2.569366783881922,0.0,0.9,0.2760416666666667,0.0,0.0,0.9999999999486126,0.10102592703634285,0.0,0.9999999999627976,0.0,0.6945684523551128,0.8593155518041148,0.09564642816265251,0.0893829222848013
1.0,0.9000000000000001,35381.74609375,492.1142883300781,2.6373536751032653,0.0,0.9,0.2340029761904762,0.0,0.0,0.9999999999514328,0.07427832327902509,0.0,0.9999999999627976,0.0,0.6915922618790331,0.8899960021828095,0.14407210908742427,0.13062122298112375
-1.0,1.0,36232.59765625,498.59423828125,3.118647959640731,0.0,0.9,0.17038690476190477,0.0,0.0,0.999999999955157,0.08748681400697247,0.0,0.9999999999627976,0.0,0.4274553571269548,0.9524425118952342,0.17799378270806573,0.15992113654080697
-0.9,1.0,35435.171875,489.62628173828125,3.117850585734723,0.0,0.9,0.18898809523809523,0.0,0.0,0.9999999999541285,0.10607355809874158,0.0,0.9999999999627976,0.0,0.42299107141283515,0.9485229863580791,0.16661471543261197,0.14617644828007817
-0.8,1.0,34700.78515625,481.3618469238281,3.1493281107804663,0.0,0.9,0.19196428571428573,0.0,0.0,0.9999999999539596,0.10749479787091777,0.0,0.9999999999627976,0.0,0.42447916665087504,0.952496624370498,0.15970367457197598,0.1452283855825997
-0.7,1.0,34033.80859375,473.8684997558594,3.141442597947708,0.0,0.9,0.19159226190476192,0.0,0.0,0.9999999999539807,0.10113720457081272,0.0,0.9999999999627976,0.0,0.45275297617363275,0.9415342071878325,0.17044761710091122,0.14529472696032697
-0.6,1.0,33439.265625,467.2149963378906,3.2061156979927428,0.0,0.9,0.19308035714285715,0.0,0.0,0.9999999999538959,0.10736546733356925,0.0,0.9999999999627976,0.0,0.4430803571263735,0.9427796217952291,0.15700793174896754,0.13544590551707344
-0.5,1.0,32924.25390625,461.46929931640625,3.21883887705304,0.0,0.9,0.21316964285714285,0.0,0.0,0.9999999999527187,0.11692684335525186,0.0,0.9999999999627976,0.0,0.4520089285546128,0.9460315118745591,0.10728662578395659,0.10265829182299838
-0.3999999999999999,1.0,32495.673828125,456.69610595703125,3.2291243226505864,0.0,0.9,0.203125,0.0,0.0,0.9999999999533147,0.1049945593549694,0.0,0.9999999999627976,0.0,0.43229166665058444,0.9520954808307334,0.10122104126231313,0.10122104126231313
-0.29999999999999993,1.0,32156.564453125,452.9538269042969,3.2442161051391256,0.0,0.9,0.18303571428571427,0.0,0.0,0.9999999999544628,0.0849815163698277,0.0,0.9999999999627976,0.0,0.4118303571275361,0.9543222311107875,0.10867831406258206,0.10867831406258206
-0.19999999999999996,1.0,31909.037109375,450.2913513183594,3.2374986900720972,0.0,0.9,0.1956845238095238,0.0,0.0,0.9999999999537466,0.0895151218336974,0.0,0.9999999999627976,0.0,0.437872023793234,0.944480920748757,0.09410457990904257,0.09410457990904257
-0.09999999999999998,1.0,31757.841796875,448.7457275390625,3.2767465150108386,0.0,0.9,0.2109375,0.0,0.0,0.9995285242338743,0.08072992046214364,0.0,0.9999999999627976,0.0003720238095099694,0.4092261904609663,0.9501904941558769,0.08369557899203833,0.08369557899203833
0.0,1.0,31705.376953125,448.3392639160156,3.317668997721835,0.0,0.9,0.24590773809523808,0.0,0.0,0.9995066600394915,0.11211580008911448,0.0,0.9999999999627976,0.0003720238095099694,0.41406249998459593,0.9471484279190502,0.08750854216390046,0.04622622241002034
0.10000000000000009,1.0,31755.029296875,449.0778503417969,3.3751441500548065,0.0,0.9,0.20721726190476192,0.0,0.0,0.9999999999530738,0.06533535376869579,0.0,0.9999999999627976,0.0,0.35267857141545095,0.9651697750415991,0.0943177854397804,0.0943177854397804
0.20000000000000018,1.0,31901.869140625,450.9510192871094,3.3978013286979927,0.0,0.9,0.19791666666666666,0.0,0.0,0.9999999999536179,0.04705600544596432,0.0,0.9999999999627976,0.0,0.36011904760565033,0.9689941827651587,0.11832051511600296,0.11832051511600296
0.30000000000000004,1.0,32144.7109375,453.93231201171875,3.3502105167639815,0.0,0.9,0.2105654761904762,0.0,0.0,0.9999999999528747,0.04598104307416122,0.0,0.9999999999627976,0.0,0.36495535712927996,0.9670835824379801,0.13921907667054828,0.1302633237646371
0.40000000000000013,1.0,32479.8125,457.98114013671875,3.310359367935627,0.0,0.9,0.21205357142857142,0.0,0.0,0.9999999999527858,0.05675897684000906,0.0,0.9999999999627976,0.0,0.3932291666520376,0.9605192432999052,0.13389378742039856,0.13389378742039856
0.5,1.0,32902.5234375,463.0452880859375,3.1939583032492047,0.0,0.9,0.20535714285714285,0.0,0.0,0.9999999999531836,0.060013220920266314,0.0,0.9999999999627976,0.0,0.41406249998459593,0.9479570785865946,0.1412168303365008,0.1412168303365008
0.6000000000000001,1.0,33410.01171875,469.06427001953125,3.0422325743039176,0.0,0.9,0.20052083333333334,0.0,0.0,0.9999999999534668,0.05860620228432484,0.0,0.9999999999627976,0.0,0.46614583331599163,0.9396855025488818,0.13371551798970294,0.13166883369454285
0.7000000000000002,1.0,33997.0625,475.97149658203125,2.965136640164577,0.0,0.9,0.1644345238095238,0.0,0.0,0.9999999999554765,0.048679640644988434,0.0,0.9999999999627976,0.0,0.5680803571217232,0.945407795074064,0.15057160637714956,0.15057160637714956
0.8,1.0,34656.38671875,483.6985778808594,2.8629204591070136,0.0,0.9,0.20870535714285715,0.0,0.0,0.9999999999529855,0.07184457471306419,0.0,0.9999999999627976,0.0,0.619791666643609,0.921789320477492,0.10842445397199399,0.10165982594381559
0.9000000000000001,1.0,35384.03515625,492.1765441894531,2.840332240199352,0.0,0.9,0.19903273809523808,0.0,0.0,0.9999999999535533,0.05787921953742716,0.0,0.9999999999627976,0.0,0.6380208333095975,0.933087545078887,0.13545740577605767,0.13545740577605767
1.0,1.0,36173.49609375,501.3383483886719,2.82820891092938,0.0,0.9,0.1875,0.0,0.0,0.9999999999542125,0.05239143440209416,0.0,0.9999999999627976,0.0,0.6372767856905776,0.9293585256379837,0.18631443252402083,0.174316518527276
