-1.0,-1.0,47608.75,469.4235534667969,2.468243249833469,0.0,0.9,0.11899038461538461,0.0,0.0,0.9999999998635744,0.052552046619330245,0.0,0.9999999998798077,0.0,0.6802884614566961,0.9796146346900266,0.2402608306015977,0.2402608306015977
-0.9,-1.0,46191.13671875,460.0469055175781,2.4847983022433073,0.0,0.9,0.1201923076923077,0.0,0.0,0.9999999998633881,0.07157872401574535,0.0,0.9999999998798077,0.0,0.6706730768424672,0.991411042256578,0.2502843280639019,0.2502843280639019
-0.8,-1.0,44887.46484375,451.38641357421875,2.4797220039354695,0.0,0.9,0.10697115384615384,0.0,0.0,0.9999999998654105,0.052444766954364584,0.0,0.9999999998798077,0.0,0.658653846074681,0.9898110588928195,0.25028117183061316,0.25028117183061316
-0.7,-1.0,43708.13671875,443.51202392578125,2.492612049295769,0.0,0.9,0.109375,0.0,0.0,0.9999999998650473,0.06545801775791373,0.0,0.9999999998798077,0.0,0.6550480768443452,0.9785778696543368,0.23782471557014123,0.23782471557014123
-0.6,-1.0,42662.8515625,436.49554443359375,2.435976046383887,0.0,0.9,0.11298076923076923,0.0,0.0,0.9999999998644987,0.06219343559317782,0.0,0.9999999998798077,0.0,0.6454326922301163,0.9665761011814866,0.2325977905129728,0.2272548791138128
-0.5,-1.0,41760.4140625,430.40863037109375,2.4153685750763416,0.0,0.9,0.125,0.0,0.0,0.9999999998626374,0.05572954651444056,0.0,0.9999999998798077,0.0,0.6634615383817956,0.9512698842108132,0.2094490439685444,0.2094490439685444
-0.3999999999999999,-1.0,41010.08203125,425.31951904296875,2.330101417077223,0.0,0.9,0.13822115384615385,0.0,0.0,0.99999999986053,0.05246168094173514,0.0,0.9999999998798077,0.0,0.7103365383761615,0.938606546043623,0.19332041355310342,0.19180271820585648
-0.29999999999999993,-1.0,40418.65625,421.2908935546875,2.326555307538179,0.0,0.9,0.13942307692307693,0.0,0.0,0.9999999998603353,0.055034423814983274,0.0,0.9999999998798077,0.0,0.7283653845278407,0.9437537523603547,0.2020739434896981,0.2020739434896981
-0.19999999999999996,-1.0,39991.05078125,418.3759460449219,2.348197625510409,0.0,0.9,0.12379807692307693,0.0,0.0,0.9999999998628258,0.07062811967521375,0.0,0.9999999998798077,0.0,0.7379807691420697,0.9638036106984447,0.24371469634614185,0.24371469634614185
-0.09999999999999998,-1.0,39732.40234375,416.6154479980469,2.378024779880673,0.0,0.9,0.12980769230769232,0.0,0.0,0.9999999998618785,0.08771501098327127,0.0,0.9999999998798077,0.0,0.7331730768349551,0.968317185203414,0.2481724977119548,0.2481724977119548
0.0,-1.0,39645.87109375,416.0350036621094,2.4373296220065974,0.0,0.9,0.1466346153846154,0.0,0.0,0.999999999859155,0.1004718560639523,0.0,0.9999999998798077,0.0,0.6838942306870319,0.9713241887395643,0.2278605719731569,0.2278605719731569
0.10000000000000009,-1.0,39728.87109375,416.64312744140625,2.4726034671144292,0.0,0.9,0.15625,0.0,0.0,0.99999999985755,0.08206408221128539,0.0,0.9999999998798077,0.0,0.6790865383799175,0.9642403104070503,0.21693463024073356,0.21386307694277268
0.20000000000000018,-1.0,39983.74609375,418.4307556152344,2.5033204362948367,0.0,0.9,0.17668269230769232,0.0,0.0,0.9999999998540147,0.08998769181926175,0.0,0.9999999998798077,0.0,0.6730769229960244,0.9612209571739743,0.20336486968969653,0.18924667619632493
0.30000000000000004,-1.0,40409.5859375,421.3720703125,2.5236812910940345,0.0,0.9,0.16346153846153846,0.0,0.0,0.9999999998563219,0.07193704413049898,0.0,0.9999999998798077,0.0,0.6598557691514597,0.9606576002298601,0.20183191674713072,0.20172034740961764
0.40000000000000013,-1.0,41002.55859375,425.42584228515625,2.5712507306894756,0.0,0.9,0.17548076923076922,0.0,0.0,0.9999999998542275,0.07184856872933937,0.0,0.9999999998798077,0.0,0.6430288460765591,0.9502738729790173,0.17335275939999029,0.17335275939999029
0.5,-1.0,41752.08984375,430.5386962890625,2.5448277901250007,0.0,0.9,0.17427884615384615,0.0,0.0,0.9999999998544397,0.051422805144629935,0.0,0.9999999998798077,0.0,0.6574519229979024,0.9375317881505342,0.17239013983704915,0.17239013983704915
0.6000000000000001,-1.0,42652.921875,436.6478576660156,2.5493127003218716,0.0,0.9,0.17067307692307693,0.0,0.0,0.9999999998550725,0.052505590532079226,0.0,0.9999999998798077,0.0,0.6550480768443452,0.9458743068357516,0.18383896866930313,0.1767704300173371
0.7000000000000002,-1.0,43696.37890625,443.6846618652344,2.571351214949849,0.0,0.9,0.17307692307692307,0.0,0.0,0.9999999998546513,0.051338984598537606,0.0,0.9999999998798077,0.0,0.6382211537694445,0.9455211898007675,0.17120513290381234,0.17120513290381234
0.8,-1.0,44872.94140625,451.57769775390625,2.585275244999977,0.0,0.9,0.15985576923076922,0.0,0.0,0.9999999998569385,0.04820464807165901,0.0,0.9999999998798077,0.0,0.6418269229997804,0.9513358507007851,0.18503993244572742,0.1818121131433813
0.9000000000000001,-1.0,46174.23046875,460.2552490234375,2.6356472949711987,0.0,0.9,0.11177884615384616,0.0,0.0,0.999999999864682,0.03331728834080159,0.0,0.9999999998798077,0.0,0.627403846078437,0.9728866735413106,0.22540029538261014,0.22540029538261014
1.0,-1.0,47590.39453125,469.6473693847656,2.602391149603001,0.0,0.9,0.12620192307692307,0.0,0.0,0.9999999998624485,0.04017464558506715,0.0,0.9999999998798077,0.0,0.6442307691533377,0.9712853793094475,0.2163398512546441,0.2163398512546441
-1.0,-0.9,46193.953125,460.0324401855469,2.451865654204681,0.0,0.9,0.0985576923076923,0.0,0.0,0.9999999998666668,0.04666149450997248,0.0,0.9999999998798077,0.0,0.6778846153031389,0.9750050956983507,0.2500228713584944,0.24714366060335824
-0.9,-0.9,44733.97265625,450.33197021484375,2.488540245133741,0.0,0.9,0.09375,0.0,0.0,0.9999999998673741,0.04841449636731784,0.0,0.9999999998798077,0.0,0.6406249999230018,0.9920527931314606,0.25919832677408944,0.25919832677408944
-0.8,-0.9,43390.37109375,441.3514404296875,2.51884588724869,0.0,0.9,0.09495192307692307,0.0,0.0,0.9999999998671979,0.056908413635128094,0.0,0.9999999998798077,0.0,0.6562499999211239,0.9956978396903075,0.26348023839224305,0.26348023839224305
-0.7,-0.9,42173.109375,433.16680908203125,2.505370432581745,0.0,0.9,0.08653846153846154,0.0,0.0,0.9999999998684211,0.05771781066638082,0.0,0.9999999998798077,0.0,0.637019230692666,0.990908413334988,0.2652212030616804,0.2652212030616804
-0.6,-0.9,41093.6015625,425.8569641113281,2.4760041963410115,0.0,0.9,0.10336538461538461,0.0,0.0,0.9999999998659518,0.07474334050576198,0.0,0.9999999998798077,0.0,0.621394230694544,0.9733220626038651,0.23568027151577653,0.23568027151577653
-0.5,-0.9,40162.4453125,419.50115966796875,2.4380826762528423,0.0,0.9,0.11778846153846154,0.0,0.0,0.9999999998637603,0.06606857885912813,0.0,0.9999999998798077,0.0,0.6286057691552157,0.958962903057532,0.2096255869112978,0.2096255869112978
-0.3999999999999999,-0.9,39387.66796875,414.1763000488281,2.354064263061998,0.0,0.9,0.12980769230769232,0.0,0.0,0.9999999998618785,0.06099298226275169,0.0,0.9999999998798077,0.0,0.7031249999154898,0.94504520372292,0.2052494488800559,0.2052494488800559
-0.29999999999999993,-0.9,38776.2421875,409.9532470703125,2.3542749517247405,0.0,0.9,0.13701923076923078,0.0,0.0,0.9999999998607243,0.059413672548022226,0.0,0.9999999998798077,0.0,0.7403846152956268,0.9541137827462572,0.22752519537398977,0.2253055521366308
-0.19999999999999996,-0.9,38334.765625,406.8929443359375,2.3369288448154193,0.0,0.9,0.13581730769230768,0.0,0.0,0.999999999860918,0.08557108540757856,0.0,0.9999999998798077,0.0,0.7319711537581766,0.9549552534519428,0.2450490125785188,0.2345443501172202
-0.09999999999999998,-0.9,38068.52734375,405.0423278808594,2.3563290928269156,0.0,0.9,0.12740384615384615,0.0,0.0,0.999999999862259,0.13410941937035106,0.0,0.9999999998798077,0.0,0.7475961537562986,0.9726571550884444,0.2562972936208356,0.25346530690093905
0.0,-0.9,37977.953125,404.4310302734375,2.3736550808762935,0.0,0.9,0.140625,0.0,0.0,0.9999999998601399,0.1310177918494731,0.0,0.9999999998798077,0.0,0.7415865383724055,0.9649077146426323,0.24036874942690334,0.23804550572366925
0.10000000000000009,-0.9,38063.640625,405.06903076171875,2.3754130510858307,0.0,0.9,0.15504807692307693,0.0,0.0,0.9999999998577526,0.09675523228921483,0.0,0.9999999998798077,0.0,0.7331730768349551,0.9527090448561052,0.22088202786448188,0.2126555674383464
0.20000000000000018,-0.9,38326.99609375,406.94573974609375,2.43650529894564,0.0,0.9,0.140625,0.0,0.0,0.9999999998601399,0.0737864159563568,0.0,0.9999999998798077,0.0,0.6971153845315967,0.9567273926839093,0.21986498708555227,0.21986498708555227
0.30000000000000004,-0.9,38766.125,410.0313415527344,2.4523561362377917,0.0,0.9,0.18509615384615385,0.0,0.0,0.9999999998525074,0.0760335181387813,0.0,0.9999999998798077,0.0,0.6862980768405892,0.9425619248971855,0.17046871638699995,0.17046871638699995
0.40000000000000013,-0.9,39376.9765625,414.2784423828125,2.503966734038137,0.0,0.9,0.16346153846153846,0.0,0.0,0.9999999998563219,0.06064972294315063,0.0,0.9999999998798077,0.0,0.6514423076140093,0.9396621330493828,0.1866247814921359,0.1866247814921359
0.5,-0.9,40151.109375,419.6258850097656,2.4922795837597147,0.0,0.9,0.18990384615384615,0.0,0.0,0.9999999998516321,0.056833119647689605,0.0,0.9999999998798077,0.0,0.6430288460765591,0.9261319212571067,0.14844262657380664,0.14844262657380664
0.6000000000000001,-0.9,41081.80859375,426.002685546875,2.5467289215202418,0.0,0.9,0.16105769230769232,0.0,0.0,0.9999999998567336,0.05047645161249283,0.0,0.9999999998798077,0.0,0.6394230768462232,0.9464644586806714,0.178123266153475,0.17802302800275138
0.7000000000000002,-0.9,42158.90234375,433.3316955566406,2.5450441458139257,0.0,0.9,0.13822115384615385,0.0,0.0,0.99999999986053,0.04013273865572341,0.0,0.9999999998798077,0.0,0.6478365383836735,0.9490003879644912,0.1913622407761002,0.1913622407761002
0.8,-0.9,43373.625,441.53369140625,2.5520045377586755,0.0,0.9,0.14783653846153846,0.0,0.0,0.9999999998589564,0.042328174806459284,0.0,0.9999999998798077,0.0,0.6430288460765591,0.9431937921319304,0.17400149223260775,0.17400149223260775
0.9000000000000001,-0.9,44715.3359375,450.52984619140625,2.5435830617527584,0.0,0.9,0.13942307692307693,0.0,0.0,0.9999999998603353,0.04114340202578896,0.0,0.9999999998798077,0.0,0.6382211537694445,0.9403318753978792,0.18140557723319561,0.18140557723319561
1.0,-0.9,46172.80859375,460.2445068359375,2.5067854101580473,0.0,0.9,0.14903846153846154,0.0,0.0,0.9999999998587571,0.04726226940884304,0.0,0.9999999998798077,0.0,0.658653846074681,0.9425002621794442,0.17620089085794371,0.17620089085794371
-1.0,-0.8,44892.80078125,451.3565979003906,2.4593956281305225,0.0,0.9,0.0733173076923077,0.0,0.0,0.9999999998702983,0.03400960380501442,0.0,0.9999999998798077,0.0,0.6850961537638106,0.9801218742872883,0.26909307660243253,0.26909307660243253
-0.9,-0.8,43392.27734375,441.33599853515625,2.5085734027684294,0.0,0.9,0.07211538461538461,0.0,0.0,0.9999999998704664,0.04709259525678442,0.0,0.9999999998798077,0.0,0.6382211537694445,1.000935147390623,0.27850255814359487,0.27850255814359487
-0.8,-0.8,42010.15625,432.036865234375,2.5476622385507914,0.0,0.9,0.0673076923076923,0.0,0.0,0.9999999998711341,0.053729733859288115,0.0,0.9999999998798077,0.0,0.6490384614604522,1.0134231617767164,0.29804837530131806,0.294118401712727
-0.7,-0.8,40757.50390625,423.54119873046875,2.5194374770984527,0.0,0.9,0.08052884615384616,0.0,0.0,0.9999999998692811,0.05175665135863404,0.0,0.9999999998798077,0.0,0.6406249999230018,0.9973570105552895,0.26884177640647977,0.26884177640647977
-0.6,-0.8,39645.81640625,415.9350280761719,2.4998740224008715,0.0,0.9,0.09615384615384616,0.0,0.0,0.9999999998670214,0.068689406628608,0.0,0.9999999998798077,0.0,0.6322115383855516,0.9834557555213364,0.24166594193525878,0.24166594193525878
-0.5,-0.8,38687.78125,409.3058776855469,2.459983788420751,0.0,0.9,0.10336538461538461,0.0,0.0,0.9999999998659518,0.07536839464056798,0.0,0.9999999998798077,0.0,0.6394230768462232,0.9727349510233327,0.23173165770308582,0.23173165770308582
-0.3999999999999999,-0.8,37890.44921875,403.7397155761719,2.3838161505214077,0.0,0.9,0.13221153846153846,0.0,0.0,0.9999999998614959,0.07119656793845941,0.0,0.9999999998798077,0.0,0.6983173076083754,0.9552774717662971,0.21550760919376413,0.21550760919376413
-0.29999999999999993,-0.8,37261.3671875,399.3166809082031,2.378054087025786,0.0,0.9,0.1466346153846154,0.0,0.0,0.999999999859155,0.08926753323529431,0.0,0.9999999998798077,0.0,0.730769230681398,0.9606255176699172,0.22843854130746905,0.22808503424564297
-0.19999999999999996,-0.8,36809.1171875,396.1061706542969,2.3466015048350553,0.0,0.9,0.12980769230769232,0.0,0.0,0.9999999998618785,0.1035746398033567,0.0,0.9999999998798077,0.0,0.7800480768293212,0.9658379635086232,0.2524879161352351,0.2524879161352351
-0.09999999999999998,-0.8,36535.65625,394.162109375,2.3658827269568237,0.0,0.9,0.13942307692307693,0.0,0.0,0.9999999998603353,0.13424100058490596,0.0,0.9999999998798077,0.0,0.793269230673886,0.9723112578177477,0.2637607030375012,0.26070035086421584
0.0,-0.8,36442.390625,393.5186767578125,2.358277962957282,0.0,0.9,0.1466346153846154,0.0,0.0,0.999999999859155,0.14671834607485984,0.0,0.9999999998798077,0.0,0.7499999999098558,0.9685612488389844,0.2537460068882249,0.24735170924478597
0.10000000000000009,-0.8,36530.77734375,394.18743896484375,2.3237618487677874,0.0,0.9,0.140625,0.0,0.0,0.9999999998601399,0.11923610583193055,0.0,0.9999999998798077,0.0,0.7584134614473061,0.9501240097306829,0.24044419010668386,0.23953301661582738
0.20000000000000018,-0.8,36800.97265625,396.15655517578125,2.3136162396504147,0.0,0.9,0.16947115384615385,0.0,0.0,0.9999999998552822,0.07975865106395412,0.0,0.9999999998798077,0.0,0.7439903845259628,0.9223094341448599,0.19101398501041925,0.19101398501041925
0.30000000000000004,-0.8,37251.375,399.3911437988281,2.3798187329554867,0.0,0.9,0.18509615384615385,0.0,0.0,0.9999999998525074,0.07307349083773518,0.0,0.9999999998798077,0.0,0.7043269229922684,0.9265552292022242,0.1760801783189242,0.1760801783189242
0.40000000000000013,-0.8,37877.703125,403.8370361328125,2.435859606418728,0.0,0.9,0.15144230769230768,0.0,0.0,0.999999999858357,0.053639316744397154,0.0,0.9999999998798077,0.0,0.6874999999173678,0.9436850458825132,0.20286018515959264,0.1980493015595326
0.5,-0.8,38673.65625,409.4244384765625,2.4518247745886246,0.0,0.9,0.16105769230769232,0.0,0.0,0.9999999998567336,0.052880916000170704,0.0,0.9999999998798077,0.0,0.6742788460728031,0.9395388250764,0.18034809069559313,0.18034809069559313
0.6000000000000001,-0.8,39630.72265625,416.0731201171875,2.4884016505807858,0.0,0.9,0.13942307692307693,0.0,0.0,0.9999999998603353,0.047098907058755905,0.0,0.9999999998798077,0.0,0.6634615383817956,0.9439309192776792,0.19557449953046258,0.19557449953046258
0.7000000000000002,-0.8,40740.16015625,423.6970520019531,2.4793913173687994,0.0,0.9,0.14543269230769232,0.0,0.0,0.9999999998593531,0.043319980872976976,0.0,0.9999999998798077,0.0,0.6610576922282383,0.9456115277079244,0.1791279051738888,0.1791279051738888
0.8,-0.8,41991.0859375,432.208740234375,2.4947409621317536,0.0,0.9,0.1502403846153846,0.0,0.0,0.9999999998585574,0.04303120206076064,0.0,0.9999999998798077,0.0,0.6622596153050169,0.937473671315439,0.1666480540724317,0.1666480540724317
0.9000000000000001,-0.8,43371.28515625,441.5221862792969,2.449379186862357,0.0,0.9,0.18028846153846154,0.0,0.0,0.9999999998533725,0.05192115956016713,0.0,0.9999999998798077,0.0,0.6874999999173678,0.9204854938660985,0.1378169967059502,0.1378169967059502
1.0,-0.8,44868.93359375,451.5555725097656,2.4471500832042485,0.0,0.9,0.1814903846153846,0.0,0.0,0.9999999998531571,0.05216619725217323,0.0,0.9999999998798077,0.0,0.6742788460728031,0.9253535694938698,0.1474593051708781,0.13945936761121047
-1.0,-0.7,43717.0859375,443.4659423828125,2.4690957246264347,0.0,0.9,0.09014423076923077,0.0,0.0,0.9999999998678997,0.04702226913277281,0.0,0.9999999998798077,0.0,0.6478365383836735,0.9755350766057125,0.24542357024383682,0.24542357024383682
-0.9,-0.7,42178.453125,433.1349182128906,2.503870174514344,0.0,0.9,0.07091346153846154,0.0,0.0,0.9999999998706339,0.042552382765469764,0.0,0.9999999998798077,0.0,0.6406249999230018,0.9897137372050687,0.2691555809487967,0.2691555809487967
-0.8,-0.7,40759.89453125,423.5246887207031,2.579880272753785,0.0,0.9,0.0625,0.0,0.0,0.9999999998717949,0.042797618580711606,0.0,0.9999999998798077,0.0,0.605769230696422,1.0075689448498817,0.28043925554202853,0.28043925554202853
-0.7,-0.7,39474.6640625,414.72296142578125,2.5428725560526106,0.0,0.9,0.0733173076923077,0.0,0.0,0.9999999998702983,0.057745453349190644,0.0,0.9999999998798077,0.0,0.6153846153106509,0.9919667970994899,0.26605639205953696,0.26605639205953696
-0.6,-0.7,38334.875,406.8228759765625,2.5510064809144524,0.0,0.9,0.08653846153846154,0.0,0.0,0.9999999998684211,0.07747823125974386,0.0,0.9999999998798077,0.0,0.6153846153106509,0.994556222942415,0.25734456635797415,0.25734456635797415
-0.5,-0.7,37352.1328125,399.9208984375,2.496869544849708,0.0,0.9,0.11298076923076923,0.0,0.0,0.9999999998644987,0.08714116254579153,0.0,0.9999999998798077,0.0,0.6394230768462232,0.9740562497822325,0.22610353267050065,0.22610353267050065
-0.3999999999999999,-0.7,36535.49609375,394.1121826171875,2.4255422992459414,0.0,0.9,0.14302884615384615,0.0,0.0,0.9999999998597476,0.08930321185055809,0.0,0.9999999998798077,0.0,0.689903846070925,0.9508343452139888,0.20599364728555836,0.20599364728555836
-0.29999999999999993,-0.7,35892.86328125,389.48687744140625,2.3634134257520634,0.0,0.9,0.13942307692307693,0.0,0.0,0.9999999998603353,0.09265366682614513,0.0,0.9999999998798077,0.0,0.7512019229866345,0.9546703550497005,0.23283084377655594,0.23283084377655594
-0.19999999999999996,-0.7,35431.3125,386.1236572265625,2.2871082936931986,0.0,0.9,0.18629807692307693,0.0,0.0,0.9999999998522896,0.1413364506713344,0.0,0.9999999998798077,0.0,0.8088942306720079,0.9411287158997637,0.20647152149382023,0.20647152149382023
-0.09999999999999998,-0.7,35152.671875,384.084228515625,2.206456515872388,0.0,0.9,0.21634615384615385,0.0,0.0,0.9999999998466258,0.18531477037026947,0.0,0.9999999998798077,0.0,0.8786057691251676,0.9104872766572503,0.19823786054607453,0.1918213395388703
0.0,-0.7,35058.390625,383.40802001953125,2.216435864711898,0.0,0.9,0.1971153846153846,0.0,0.0,0.9999999998502994,0.17915578074624797,0.0,0.9999999998798077,0.0,0.840144230668252,0.9237060438939514,0.2127251664884104,0.20739281385093095
0.10000000000000009,-0.7,35148.54296875,384.1083068847656,2.146575104267068,0.0,0.9,0.21754807692307693,0.0,0.0,0.9999999998463902,0.1734496759215841,0.0,0.9999999998798077,0.0,0.8629807691270456,0.8972789249240988,0.1955754877484096,0.17212105480407314
0.20000000000000018,-0.7,35423.58203125,386.1712646484375,2.180950762404716,0.0,0.9,0.19591346153846154,0.0,0.0,0.9999999998505232,0.12894495456571742,0.0,0.9999999998798077,0.0,0.8100961537487865,0.8975790137727679,0.19205995093861483,0.1839519109898477
0.30000000000000004,-0.7,35882.3515625,389.55706787109375,2.2405097495640627,0.0,0.9,0.23197115384615385,0.0,0.0,0.9999999998435055,0.09419851198254091,0.0,0.9999999998798077,0.0,0.8088942306720079,0.8928670989390818,0.16124139046020441,0.14559605547320914
0.40000000000000013,-0.7,36522.1640625,394.2037353515625,2.3459277155958067,0.0,0.9,0.22956730769230768,0.0,0.0,0.9999999998439938,0.09037036989192515,0.0,0.9999999998798077,0.0,0.7427884614491841,0.9052221400190917,0.14401427831401634,0.1373812335930217
0.5,-0.7,37335.80078125,400.0321350097656,2.376247772864735,0.0,0.9,0.18990384615384615,0.0,0.0,0.9999999998516321,0.07419514877392262,0.0,0.9999999998798077,0.0,0.7331730768349551,0.9231295747645181,0.17798387891862044,0.17010600715828375
0.6000000000000001,-0.7,38316.24609375,406.95220947265625,2.4184864665107226,0.0,0.9,0.18629807692307693,0.0,0.0,0.9999999998522896,0.06292853775151892,0.0,0.9999999998798077,0.0,0.7055288460690471,0.9271307877096698,0.15086479830339472,0.15086479830339472
0.7000000000000002,-0.7,39454.22265625,414.8684997558594,2.4290885188243285,0.0,0.9,0.15625,0.0,0.0,0.99999999985755,0.049924104861290765,0.0,0.9999999998798077,0.0,0.6850961537638106,0.9339489256238817,0.17135630144513,0.17135630144513
0.8,-0.7,40737.3515625,423.68475341796875,2.412592594221653,0.0,0.9,0.18389423076923078,0.0,0.0,0.9999999998527247,0.054139041582687286,0.0,0.9999999998798077,0.0,0.6838942306870319,0.9128105232887581,0.14529395678284077,0.14529395678284077
0.9000000000000001,-0.7,42152.83984375,433.3078918457031,2.4264028802705337,0.0,0.9,0.18509615384615385,0.0,0.0,0.9999999998525074,0.049881450549169655,0.0,0.9999999998798077,0.0,0.6778846153031389,0.9137609036702118,0.14283731407677475,0.14283731407677475
1.0,-0.7,43687.76171875,443.6504821777344,2.3754289150911645,0.0,0.9,0.22115384615384615,0.0,0.0,0.9999999998456791,0.06264860376920353,0.0,0.9999999998798077,0.0,0.6778846153031389,0.8922578474898366,0.10719360525858052,0.10647290011302409
-1.0,-0.6,42675.08203125,436.4325256347656,2.580818064717631,0.0,0.9,0.09254807692307693,0.0,0.0,0.9999999998675497,0.04387153878225142,0.0,0.9999999998798077,0.0,0.5661057691627277,0.9906799857487629,0.24290746390207107,0.24290746390207107
-0.9,-0.6,41103.09375,425.8076477050781,2.5830109104121046,0.0,0.9,0.07932692307692307,0.0,0.0,0.9999999998694518,0.04073690963326927,0.0,0.9999999998798077,0.0,0.5877403845447428,0.9927509851965504,0.25618392500128245,0.25618392500128245
-0.8,-0.6,39652.69140625,415.90081787109375,2.607531692547467,0.0,0.9,0.06610576923076923,0.0,0.0,0.9999999998713,0.043964677988901836,0.0,0.9999999998798077,0.0,0.5985576922357503,0.9984360392887495,0.27235588792071963,0.27235588792071963
-0.7,-0.6,38338.62109375,406.8050842285156,2.6236130439240553,0.0,0.9,0.08533653846153846,0.0,0.0,0.999999999868594,0.07346039638773647,0.0,0.9999999998798077,0.0,0.5889423076215213,0.9996956538804415,0.25523048698737627,0.25523048698737627
-0.6,-0.6,37173.7890625,398.62091064453125,2.570880228220402,0.0,0.9,0.1045673076923077,0.0,0.0,0.9999999998657718,0.10951172759039153,0.0,0.9999999998798077,0.0,0.6105769230035365,0.9846701912881815,0.23503345289149472,0.23503345289149472
-0.5,-0.6,36170.953125,391.45294189453125,2.5042433729473297,0.0,0.9,0.12620192307692307,0.0,0.0,0.9999999998624485,0.10198652495192612,0.0,0.9999999998798077,0.0,0.6382211537694445,0.9597178113998743,0.2084200422992074,0.2084200422992074
-0.3999999999999999,-0.6,35340.25,385.4061279296875,2.381774627263937,0.0,0.9,0.1502403846153846,0.0,0.0,0.9999999998585574,0.10513076712607698,0.0,0.9999999998798077,0.0,0.6754807691495817,0.9361266870637074,0.18820382901555743,0.18820382901555743
-0.29999999999999993,-0.6,34688.2578125,380.5811462402344,2.1662174663437797,0.0,0.9,0.23197115384615385,0.0,0.0,0.9999999998435055,0.15635421808134142,0.0,0.9999999998798077,0.0,0.830528846054023,0.8852206762409771,0.14294047254119227,0.1348106936067499
-0.19999999999999996,-0.6,34219.203125,377.0663146972656,2.1999861566334307,0.0,0.9,0.2608173076923077,0.0,0.0,0.9999999998373984,0.1803381872932216,0.0,0.9999999998798077,0.0,0.8269230768236872,0.8821582261643555,0.14596723727099187,0.13130066558706138
-0.09999999999999998,-0.6,33937.27734375,374.9319152832031,2.0794047782574143,0.0,0.9,0.3004807692307692,0.0,0.0,0.9999999998281788,0.2414908902111367,0.0,0.9999999998798077,0.0,0.90264423066074,0.8382020198293687,0.13608583282694905,0.12295122142530882
0.0,-0.6,33842.62109375,374.22271728515625,1.9751923941015146,0.0,0.9,0.32091346153846156,0.0,0.0,0.9999999998230089,0.25247370387922036,0.0,0.9999999998798077,0.0,0.9170673075820833,0.8150771451424358,0.11169125244658758,0.10328514667108486
0.10000000000000009,-0.6,33934.703125,374.9543151855469,2.047891170080849,0.0,0.9,0.2848557692307692,0.0,0.0,0.9999999998319329,0.2001587678202026,0.0,0.9999999998798077,0.0,0.8665865383573814,0.8235836682909732,0.1363350024505715,0.12796295790278225
0.20000000000000018,-0.6,34212.23828125,377.1105651855469,1.9837803229541453,0.0,0.9,0.29927884615384615,0.0,0.0,0.9999999998284734,0.19349418345179856,0.0,0.9999999998798077,0.0,0.9182692306588619,0.8088977144570741,0.14323746096647944,0.11503656516760088
0.30000000000000004,-0.6,34677.203125,380.64630126953125,2.1428518772349503,0.0,0.9,0.25721153846153844,0.0,0.0,0.9999999998381878,0.1333924307079177,0.0,0.9999999998798077,0.0,0.8653846152806028,0.8680870047409152,0.15508484920337595,0.14951001990410634
0.40000000000000013,-0.6,35325.3515625,385.4909973144531,2.2334784739423026,0.0,0.9,0.23317307692307693,0.0,0.0,0.9999999998432603,0.09908776906929642,0.0,0.9999999998798077,0.0,0.8124999999023438,0.8827885369415382,0.16109044805740208,0.15821946711325682
0.5,-0.6,36151.50390625,391.5557556152344,2.3165299714230927,0.0,0.9,0.23317307692307693,0.0,0.0,0.9999999998432603,0.08490005499012822,0.0,0.9999999998798077,0.0,0.7692307691383137,0.8928233276218883,0.14431253231873886,0.14027905213059735
0.6000000000000001,-0.6,37150.6640625,398.7401428222656,2.354969208281853,0.0,0.9,0.21634615384615385,0.0,0.0,0.9999999998466258,0.09093146245065686,0.0,0.9999999998798077,0.0,0.7247596152975049,0.9141130424845146,0.1397914033503278,0.1373467794079493
0.7000000000000002,-0.6,38311.671875,406.9390563964844,2.4000541062234797,0.0,0.9,0.16826923076923078,0.0,0.0,0.9999999998554914,0.060059026597732545,0.0,0.9999999998798077,0.0,0.6947115383780396,0.927969147206396,0.17760918817150578,0.17760918817150578
0.8,-0.6,39623.08984375,416.0477294921875,2.388048612124733,0.0,0.9,0.19471153846153846,0.0,0.0,0.9999999998507463,0.05687444310248695,0.0,0.9999999998798077,0.0,0.6862980768405892,0.9070727002494436,0.1500152789501143,0.1500152789501143
0.9000000000000001,-0.6,41070.7734375,425.96600341796875,2.393975496216809,0.0,0.9,0.21394230769230768,0.0,0.0,0.9999999998470949,0.05699968777279453,0.0,0.9999999998798077,0.0,0.6670673076121314,0.8996355948540464,0.12794621637007192,0.12516307984751368
1.0,-0.6,42640.7734375,436.60101318359375,2.351743698369672,0.0,0.9,0.22235576923076922,0.0,0.0,0.9999999998454405,0.05859149512176461,0.0,0.9999999998798077,0.0,0.6790865383799175,0.8881539018546114,0.1108768676258212,0.1108768676258212
-1.0,-0.5,41774.8203125,430.3277587890625,2.5964054311420117,0.0,0.9,0.13221153846153846,0.0,0.0,0.9999999998614959,0.06611076003963438,0.0,0.9999999998798077,0.0,0.5252403845522547,0.9756524476599081,0.20281107377373836,0.20281107377373836
-0.9,-0.5,40173.64453125,419.4335632324219,2.645215876111912,0.0,0.9,0.09495192307692307,0.0,0.0,0.9999999998671979,0.05221134438633132,0.0,0.9999999998798077,0.0,0.5300480768593693,0.9896578853623065,0.2338507091014953,0.2338507091014953
-0.8,-0.5,38696.5078125,409.2529296875,2.667651137592353,0.0,0.9,0.07091346153846154,0.0,0.0,0.9999999998706339,0.05038213745711713,0.0,0.9999999998798077,0.0,0.5444711537807126,1.0075634197711612,0.2645216850195291,0.2645216850195291
-0.7,-0.5,37358.953125,399.8841552734375,2.655196261155238,0.0,0.9,0.08413461538461539,0.0,0.0,0.9999999998687664,0.07775981172989577,0.0,0.9999999998798077,0.0,0.5396634614735981,0.99640050814635,0.25769127794678204,0.25769127794678204
-0.6,-0.5,36174.23046875,391.43377685546875,2.599822519550973,0.0,0.9,0.109375,0.0,0.0,0.9999999998650473,0.09972548465345946,0.0,0.9999999998798077,0.0,0.5853365383911855,0.9744545289713833,0.2316238957773485,0.2316238957773485
-0.5,-0.5,35156.8984375,384.0148010253906,2.473974869110763,0.0,0.9,0.15504807692307693,0.0,0.0,0.9999999998577526,0.11891471251664713,0.0,0.9999999998798077,0.0,0.6406249999230018,0.9406592434016356,0.18921117493415418,0.18921117493415418
-0.3999999999999999,-0.5,34316.0546875,377.741943359375,2.3292858788238435,0.0,0.9,0.22956730769230768,0.0,0.0,0.9999999998439938,0.1546706804953476,0.0,0.9999999998798077,0.0,0.7127403845297188,0.8862285628388203,0.11481867331894738,0.11481867331894738
-0.29999999999999993,-0.5,33658.58203125,372.7259521484375,2.0702945384916074,0.0,0.9,0.3317307692307692,0.0,0.0,0.999999999820144,0.2077850036291424,0.0,0.9999999998798077,0.0,0.8581730768199312,0.8072715348506205,0.06170874615895952,0.036065967200186524
-0.19999999999999996,-0.5,33186.265625,369.0655212402344,1.8341582689046543,0.0,0.9,0.4254807692307692,0.0,0.0,0.9999999997907949,0.2820908943713762,0.0,0.9999999998798077,0.0,0.9447115383479915,0.7162574644293085,0.023394130818036478,-0.01860297809102734
-0.09999999999999998,-0.5,32902.796875,366.8393859863281,1.876464627576859,0.0,0.9,0.45552884615384615,0.0,0.0,0.9999999997792494,0.29207881982280726,0.0,0.9999999998798077,0.0,0.9062499998910758,0.7063541274326658,0.03387576071576701,-0.018783076159628622
0.0,-0.5,32808.0390625,366.09832763671875,1.681173550071436,0.0,0.9,0.53125,0.0,0.0,0.9999999997435897,0.3741424248713364,0.0,0.9999999998798077,0.0,0.9675480768067851,0.6130440266704977,0.06473628484352915,-0.06388204246650461
0.10000000000000009,-0.5,32900.87890625,366.8597412109375,1.8535467151965759,0.0,0.9,0.4483173076923077,0.0,0.0,0.999999999782135,0.3290633182986699,0.0,0.9999999998798077,0.0,0.9230769229659763,0.6884876351046934,0.06438106666669824,0.005721990735599009
0.20000000000000018,-0.5,33180.75,369.1059875488281,1.925018094000246,0.0,0.9,0.39302884615384615,0.0,0.0,0.9999999998019802,0.25785364161951513,0.0,0.9999999998798077,0.0,0.8689903845109387,0.7732520856426996,0.0918790329307569,0.058264671355891993
0.30000000000000004,-0.5,33646.6328125,372.7853698730469,1.9659301074730278,0.0,0.9,0.3894230769230769,0.0,0.0,0.9999999998031496,0.21074969391816675,0.0,0.9999999998798077,0.0,0.9014423075839613,0.7630412676225402,0.07488875578757982,0.052056810475790485
0.40000000000000013,-0.5,34298.3984375,377.8191223144531,2.0899190375149144,0.0,0.9,0.33533653846153844,0.0,0.0,0.9999999998191682,0.16050874474938778,0.0,0.9999999998798077,0.0,0.8437499998985878,0.8156786019480989,0.09044282862080276,0.07624389270783667
0.5,-0.5,35134.1796875,384.1081237792969,2.219508630845558,0.0,0.9,0.2620192307692308,0.0,0.0,0.9999999998371336,0.11635864847212884,0.0,0.9999999998798077,0.0,0.7716346152918708,0.8780112313739924,0.13558652440522267,0.13006439645445342
0.6000000000000001,-0.5,36147.015625,391.5415954589844,2.3218794240609166,0.0,0.9,0.2283653846153846,0.0,0.0,0.9999999998442368,0.09660311613523102,0.0,0.9999999998798077,0.0,0.7199519229903905,0.9009375311798618,0.14597561080971572,0.14597561080971572
0.7000000000000002,-0.5,37326.09375,400.0049133300781,2.32672592354005,0.0,0.9,0.18870192307692307,0.0,0.0,0.999999999851852,0.08008924558763361,0.0,0.9999999998798077,0.0,0.7199519229903905,0.9090020014629999,0.1729898633514395,0.16931334465337833
0.8,-0.5,38661.09375,409.3852844238281,2.360719112430034,0.0,0.9,0.18389423076923078,0.0,0.0,0.9999999998527247,0.061794846453244984,0.0,0.9999999998798077,0.0,0.6790865383799175,0.9118145576954806,0.17142293949307924,0.17142293949307924
0.9000000000000001,-0.5,40136.859375,419.57586669921875,2.3391878791749203,0.0,0.9,0.18990384615384615,0.0,0.0,0.9999999998516321,0.05065305526495299,0.0,0.9999999998798077,0.0,0.7019230768387112,0.8958933728194288,0.1550673164678632,0.1550673164678632
1.0,-0.5,41736.90625,430.4788818359375,2.3003818078251976,0.0,0.9,0.265625,0.0,0.0,0.9999999998363339,0.07556686406877512,0.0,0.9999999998798077,0.0,0.7151442306832759,0.8733041506906963,0.07951952820286999,0.07951952820286999
-1.0,-0.3999999999999999,41025.40234375,425.2203369140625,2.673538114082572,0.0,0.9,0.12379807692307693,0.0,0.0,0.9999999998628258,0.06193035922727118,0.0,0.9999999998798077,0.0,0.4855769230185605,0.9806214059485313,0.20731546693052316,0.20731546693052316
-0.9,-0.3999999999999999,39398.59765625,414.0897521972656,2.701295134966093,0.0,0.9,0.11057692307692307,0.0,0.0,0.9999999998648649,0.060014557375061846,0.0,0.9999999998798077,0.0,0.5168269230148045,0.9889055750437814,0.21681781275231413,0.21681781275231413
-0.8,-0.3999999999999999,37899.68359375,403.6673583984375,2.7089863348698393,0.0,0.9,0.10336538461538461,0.0,0.0,0.9999999998659518,0.06913982592216728,0.0,0.9999999998798077,0.0,0.5084134614773542,0.9944252652145605,0.2282310356484082,0.2282310356484082
-0.7,-0.3999999999999999,36544.1328125,394.05548095703125,2.683267756142175,0.0,0.9,0.125,0.0,0.0,0.9999999998626374,0.0978439863980587,0.0,0.9999999998798077,0.0,0.5576923076252774,0.9861852688601628,0.2269525291525119,0.21986523814168124
-0.6,-0.3999999999999999,35346.17578125,385.36669921875,2.6141540619693227,0.0,0.9,0.15144230769230768,0.0,0.0,0.999999999858357,0.11722827551931123,0.0,0.9999999998798077,0.0,0.5709134614698421,0.9736073849258837,0.20610868827844486,0.20610868827844486
-0.5,-0.3999999999999999,34319.19921875,377.7215270996094,2.458440670029113,0.0,0.9,0.21033653846153846,0.0,0.0,0.9999999998477931,0.16063763007171786,0.0,0.9999999998798077,0.0,0.6442307691533377,0.9128259653998296,0.14519057822121217,0.14519057822121217
-0.3999999999999999,-0.3999999999999999,33472.8828125,371.243408203125,2.1939140114381823,0.0,0.9,0.33533653846153844,0.0,0.0,0.9999999998191682,0.22912122954137557,0.0,0.9999999998798077,0.0,0.7788461537525425,0.812348899471697,0.04835754190540898,0.03022471100985224
-0.29999999999999993,-0.3999999999999999,32811.8828125,366.052978515625,2.02024691201443,0.0,0.9,0.4651442307692308,0.0,0.0,0.9999999997752809,0.27266179770987325,0.0,0.9999999998798077,0.0,0.8485576922057022,0.7232919534277132,0.07764634070236591,-0.0630909908660684
-0.19999999999999996,-0.3999999999999999,32339.7421875,362.2586669921875,1.5739559089190236,0.0,0.9,0.6358173076923077,0.0,0.0,0.9999999996699669,0.4033513262629953,0.0,0.9999999998798077,0.0,0.9687499998835637,0.5427459924437446,0.17452186191435698,-0.17452186191435698
-0.09999999999999998,-0.3999999999999999,32056.7109375,359.9478454589844,1.6646991565002767,0.0,0.9,0.6766826923076923,0.0,0.0,0.9999999996282527,0.4739438029620994,0.0,0.9999999998798077,0.0,0.9591346152693349,0.4973741290802587,0.1559782403087979,-0.15426845018948854
0.0,-0.3999999999999999,31961.982421875,359.17718505859375,1.7750809331211146,0.0,0.9,0.5997596153846154,1.0,0.0,0.9999999996996997,0.40037864794645583,1.0,0.9999999998798077,0.00240384615355723,0.8918269229697324,0.571257986304391,0.08937833983656591,-0.04940739799960548
0.10000000000000009,-0.3999999999999999,32054.314453125,359.96600341796875,1.3903097449240653,0.0,0.9,0.7163461538461539,0.0,0.0,0.9999999995762712,0.5136730564956395,0.0,0.9999999998798077,0.0,0.9747596152674568,0.4313240976956335,0.16551123811699514,-0.16551123811699514
0.20000000000000018,-0.3999999999999999,32333.650390625,362.29461669921875,1.7440786410933349,0.0,0.9,0.5564903846153846,0.0,0.0,0.9999999997289972,0.3766958558136193,0.0,0.9999999998798077,0.0,0.9170673075820833,0.6052624511799765,0.0523406394825046,-0.036871491643014585
0.30000000000000004,-0.3999999999999999,32800.59375,366.10565185546875,1.8150058386643368,0.0,0.9,0.5192307692307693,0.0,0.0,0.99999999975,0.37837318936128383,0.0,0.9999999998798077,0.0,0.9567307691157776,0.6304681261268922,0.07626529126089687,-0.029975543207263502
0.40000000000000013,-0.3999999999999999,33453.16796875,371.31170654296875,2.071440662442259,0.0,0.9,0.3629807692307692,0.0,0.0,0.9999999998113208,0.24279338656062574,0.0,0.9999999998798077,0.0,0.852163461436038,0.7865541850161386,0.09366652098644256,0.08497416750654113
0.5,-0.3999999999999999,34293.0078125,377.8040466308594,2.1988451586821904,0.0,0.9,0.2980769230769231,0.0,0.0,0.9999999998287672,0.19730817646048113,0.0,0.9999999998798077,0.0,0.7704326922150923,0.8592607319758919,0.11932505935857812,0.11314404676848341
0.6000000000000001,-0.3999999999999999,35315.33203125,385.4619445800781,2.2069009097605243,0.0,0.9,0.2644230769230769,0.0,0.0,0.9999999998366014,0.15438319964320885,0.0,0.9999999998798077,0.0,0.7427884614491841,0.8615652089618006,0.1268007433217672,0.12389982690664664
0.7000000000000002,-0.3999999999999999,36508.84765625,394.1619567871094,2.289712062975538,0.0,0.9,0.2091346153846154,0.0,0.0,0.9999999998480243,0.10088273071686256,0.0,0.9999999998798077,0.0,0.7343749999117338,0.8942655591691484,0.15705680667768454,0.15705680667768454
0.8,-0.3999999999999999,37862.44140625,403.7836608886719,2.292573654439356,0.0,0.9,0.19230769230769232,0.0,0.0,0.9999999998511905,0.06484310780039415,0.0,0.9999999998798077,0.0,0.7271634614510621,0.89439504038049,0.1613543181655853,0.1606785179513514
0.9000000000000001,-0.3999999999999999,39359.8046875,414.21466064453125,2.297781963279438,0.0,0.9,0.21634615384615385,0.0,0.0,0.9999999998466258,0.056508904860660306,0.0,0.9999999998798077,0.0,0.7019230768387112,0.8858844182495004,0.137358914898137,0.137358914898137
1.0,-0.3999999999999999,40984.4609375,425.35272216796875,2.308422942010756,0.0,0.9,0.21995192307692307,0.0,0.0,0.9999999998459168,0.05609178734269027,0.0,0.9999999998798077,0.0,0.7115384614529401,0.8903519753201435,0.1454372397526485,0.1427541829026899
-1.0,-0.29999999999999993,40433.74609375,421.173095703125,2.6920522519418175,0.0,0.9,0.15865384615384615,0.0,0.0,0.9999999998571429,0.09035457772895894,0.0,0.9999999998798077,0.0,0.49038461532567496,0.9706855027305884,0.1662096765526621,0.1662096765526621
-0.9,-0.29999999999999993,38788.0,409.8472900390625,2.7132266826261056,0.0,0.9,0.1346153846153846,0.0,0.0,0.9999999998611112,0.07592392525943392,0.0,0.9999999998798077,0.0,0.47956730763466743,0.9861156358589167,0.19755435760986256,0.19755435760986256
-0.8,-0.29999999999999993,37272.78125,399.22418212890625,2.7505099561829294,0.0,0.9,0.12620192307692307,0.0,0.0,0.9999999998624485,0.08079515881230614,0.0,0.9999999998798077,0.0,0.49519230763278943,0.9940468873997476,0.2153255582628183,0.2153255582628183
-0.7,-0.29999999999999993,35903.80078125,389.40948486328125,2.6867586992904173,0.0,0.9,0.16826923076923078,0.0,0.0,0.9999999998554914,0.11706426325797291,0.0,0.9999999998798077,0.0,0.5216346153219189,0.9798101120925908,0.18218434275550838,0.18218434275550838
-0.6,-0.29999999999999993,34695.80859375,380.5204162597656,2.6195569937280174,0.0,0.9,0.18269230769230768,0.0,0.0,0.9999999998529412,0.1281767310082221,0.0,0.9999999998798077,0.0,0.5336538460897051,0.9642851909061364,0.17732762861734125,0.17732762861734125
-0.5,-0.29999999999999993,33663.72265625,372.68389892578125,2.3836556948189065,0.0,0.9,0.265625,0.0,0.0,0.9999999998363339,0.18902771496781623,0.0,0.9999999998798077,0.0,0.6562499999211239,0.8761388181772405,0.10408430315798323,0.10408430315798323
-0.3999999999999999,-0.29999999999999993,32815.7890625,366.0311584472656,2.183127808283473,0.0,0.9,0.3858173076923077,0.0,0.0,0.9999999998043052,0.229161347266827,0.0,0.9999999998798077,0.0,0.768028846061535,0.794549913738589,0.05517969281399626,0.019139204715349415
-0.29999999999999993,-0.29999999999999993,32154.91796875,360.69134521484375,1.912247688916008,0.0,0.9,0.5637019230769231,0.0,0.0,0.9999999997245178,0.36521704158740975,0.0,0.9999999998798077,0.0,0.8870192306626179,0.6177048626652081,0.1020257332786506,-0.1020257332786506
-0.19999999999999996,-0.29999999999999993,31682.43359375,356.7820129394531,1.4457460530649728,0.0,0.9,0.7295673076923077,0.0,0.0,0.9999999995555556,0.4858170738900791,0.0,0.9999999998798077,0.0,0.9350961537337625,0.4369244885923671,0.1648939683945096,-0.16441371329472076
-0.09999999999999998,-0.29999999999999993,31399.21875,354.39801025390625,1.440764636180942,0.0,0.9,0.7632211538461539,0.5,0.0,0.9949238573629828,0.5746202066132705,0.5,0.9999999998798077,0.00240384615355723,0.9374999998873198,0.37851849864008735,0.12493099696952135,-0.12298261419535612
0.0,-0.29999999999999993,31304.197265625,353.60137939453125,1.2560272532826935,0.0,0.9,0.8425480769230769,0.875,0.0,0.9923664114562089,0.6758532674965525,0.7916666666666666,0.9999999998798077,0.00961538461422892,0.9591346152693349,0.28721555681980193,0.1533249669632227,-0.152725353481351
0.10000000000000009,-0.29999999999999993,31396.1484375,354.4136657714844,1.4315069299401224,0.0,0.9,0.703125,0.9333333333333333,0.0,0.9959514166008294,0.48583486196126496,0.8214285714285714,0.9999999998798077,0.018028846151679226,0.9170673075820833,0.4442740381340275,0.059376031208074546,-0.05679448065356639
0.20000000000000018,-0.29999999999999993,31675.4296875,356.81280517578125,1.3347456306708245,0.0,0.9,0.7692307692307693,1.0,0.0,0.9999999994791667,0.5653503489992011,1.0,0.9999999998798077,0.01682692307490061,0.9819711537281285,0.3588174633844043,0.14638592451782217,-0.14638592451782217
0.30000000000000004,-0.29999999999999993,32142.447265625,360.7366027832031,1.5398996216355707,0.0,0.9,0.6346153846153846,1.0,0.0,0.9999999996710526,0.47096177623445773,1.0,0.9999999998798077,0.00240384615355723,0.9627403844996707,0.49438504110854176,0.09424983860533033,-0.08288051226852972
0.40000000000000013,-0.29999999999999993,32795.33984375,366.08966064453125,1.8037886297415993,0.0,0.9,0.4735576923076923,0.0,0.0,0.9999999997716894,0.3691754857722695,0.0,0.9999999998798077,0.0,0.8858173075858393,0.6632823831080213,0.04684225132238745,0.017729477632038627
0.5,-0.29999999999999993,33635.88671875,372.75445556640625,1.9817568828287662,0.0,0.9,0.421875,0.0,0.0,0.9999999997920997,0.33965050998644386,0.0,0.9999999998798077,0.0,0.8497596152824809,0.7340621398579878,0.06675394783759563,0.010789274899005111
0.6000000000000001,-0.29999999999999993,34662.6796875,380.601806640625,2.146188838662059,0.0,0.9,0.28725961538461536,0.0,0.0,0.999999999831366,0.17210969981829205,0.0,0.9999999998798077,0.0,0.7704326922150923,0.847079256479978,0.10095649671236501,0.09896857307704779
0.7000000000000002,-0.29999999999999993,35866.02734375,389.500244140625,2.205116236670333,0.0,0.9,0.25721153846153844,0.0,0.0,0.9999999998381878,0.14059184490451473,0.0,0.9999999998798077,0.0,0.7463942306795199,0.8559281719029722,0.10882427049926546,0.10815517179504677
0.8,-0.29999999999999993,37233.1484375,399.3232421875,2.2404996626242553,0.0,0.9,0.20072115384615385,0.0,0.0,0.9999999998496241,0.08453855011500061,0.0,0.9999999998798077,0.0,0.752403846063413,0.8823193609273903,0.14342351635546344,0.14342351635546344
0.9000000000000001,-0.29999999999999993,38747.09765625,409.9534606933594,2.266790225858675,0.0,0.9,0.22716346153846154,0.0,0.0,0.9999999998444791,0.062007972581115865,0.0,0.9999999998798077,0.0,0.7355769229885124,0.8819782133062616,0.12990062755399223,0.12990062755399223
1.0,-0.29999999999999993,40391.109375,421.2854309082031,2.2943250773079638,0.0,0.9,0.23197115384615385,0.0,0.0,0.9999999998435055,0.053541978721047906,0.0,0.9999999998798077,0.0,0.689903846070925,0.88638384817161,0.13051071988710308,0.13051071988710308
-1.0,-0.19999999999999996,40005.78515625,418.2395324707031,2.711943733921938,0.0,0.9,0.140625,0.0,0.0,0.9999999998601399,0.08311317806599497,0.0,0.9999999998798077,0.0,0.4783653845578888,0.9840825771708859,0.18688862582093826,0.18688862582093826
-0.9,-0.19999999999999996,38345.79296875,406.7675476074219,2.8087760452474804,0.0,0.9,0.11778846153846154,0.0,0.0,0.9999999998637603,0.06591535575211152,0.0,0.9999999998798077,0.0,0.46153846148298816,1.0039001446785298,0.2132295188416797,0.2132295188416797
-0.8,-0.19999999999999996,36819.13671875,395.993408203125,2.7712304012163185,0.0,0.9,0.15264423076923078,0.0,0.0,0.9999999998581561,0.09466158255832824,0.0,0.9999999998798077,0.0,0.44951923071520206,0.9906227619913409,0.18848193353987364,0.18848193353987364
-0.7,-0.19999999999999996,35441.33984375,386.0251770019531,2.6923040402993026,0.0,0.9,0.18870192307692307,0.0,0.0,0.999999999851852,0.12740874096763855,0.0,0.9999999998798077,0.0,0.48317307686500327,0.9663792876664569,0.15924967635324583,0.15924967635324583
-0.6,-0.19999999999999996,34227.6640625,376.98388671875,2.55819153651855,0.0,0.9,0.2668269230769231,0.0,0.0,0.9999999998360656,0.19922991281344238,0.0,0.9999999998798077,0.0,0.543269230703934,0.9210074125413135,0.10268012857258767,0.10268012857258767
-0.5,-0.19999999999999996,33193.25,369.0010681152344,2.290150808177382,0.0,0.9,0.3329326923076923,0.0,0.0,0.9999999998198199,0.21456028099787108,0.0,0.9999999998798077,0.0,0.6778846153031389,0.835298119324868,0.07172348941911899,0.05838610689242753
-0.3999999999999999,-0.19999999999999996,32346.294921875,362.2140808105469,2.0324575102792437,0.0,0.9,0.49158653846153844,0.0,0.0,0.9999999997635933,0.3040073427134467,0.0,0.9999999998798077,0.0,0.8509615383592595,0.6943286868137759,0.07941212919296246,-0.055424062685482854
-0.29999999999999993,-0.19999999999999996,31685.638671875,356.7589416503906,1.810094186723993,0.0,0.9,0.5949519230769231,0.0,0.0,0.999999999703264,0.35096683008709717,0.0,0.9999999998798077,0.0,0.8978365383536254,0.5726850423783717,0.07624467051088973,-0.05867506781509457
-0.19999999999999996,-0.19999999999999996,31214.3828125,352.76019287109375,1.2526453591237152,0.0,0.9,0.8449519230769231,0.0,0.0,0.9999999992248062,0.6486859103478417,0.0,0.9999999998798077,0.0,0.9819711537281285,0.2677400514279587,0.1794306501018139,-0.17908182122002844
-0.09999999999999998,-0.19999999999999996,30929.9609375,350.319091796875,1.3900929123979857,0.0,0.9,0.8737980769230769,0.9545454545454546,0.0,0.9904761895328799,0.710359234011245,0.9166666666666666,0.9999999998798077,0.026442307689129533,0.9807692306513499,0.22219205698673983,0.1216092478528236,-0.1216092478528236
0.0,-0.19999999999999996,30834.408203125,349.5019836425781,1.4484835018095967,0.0,0.9,0.7896634615384616,0.9310344827586207,0.0,0.9657142851624491,0.6034065033198259,0.6970139996455786,0.9999999998798077,0.10456730767973951,0.9387019229640984,0.32596125039213325,0.03698624928709743,-0.020991061883300882
0.10000000000000009,-0.19999999999999996,30925.8125,350.33197021484375,1.2792676130338132,0.0,0.9,0.8365384615384616,0.9294117647058824,0.0,0.9558823522383219,0.6648044791899861,0.7417671614100184,0.9999999998798077,0.10216346152618228,0.9350961537337625,0.2803777194062367,0.06290431455101152,-0.05953860003316411
0.20000000000000018,-0.19999999999999996,31206.0390625,352.7854919433594,1.2362391532656545,0.0,0.9,0.8786057692307693,0.9767441860465116,0.0,0.9900990089206941,0.7399449865050438,0.7916666666666666,0.9999999998798077,0.05168269230148045,0.986778846035243,0.22597351132000973,0.16162636068797648,-0.16162636068797648
0.30000000000000004,-0.19999999999999996,31673.498046875,356.79595947265625,1.3893033067498566,0.0,0.9,0.7295673076923077,0.8333333333333334,0.0,0.9955555551130865,0.5040998343452365,0.4166666666666667,0.9999999998798077,0.00721153846067169,0.9146634614285261,0.4328529251340895,0.09875594855377062,-0.09769044167065277
0.40000000000000013,-0.19999999999999996,32326.224609375,362.2619323730469,1.7239609365631687,0.0,0.9,0.5516826923076923,0.0,0.0,0.9999999997319035,0.3839116537532156,0.0,0.9999999998798077,0.0,0.8870192306626179,0.5963800107183921,0.042153701637041435,-0.026040577989499394
0.5,-0.19999999999999996,33166.15234375,369.0587158203125,1.7880230270908208,0.0,0.9,0.4795673076923077,0.0,0.0,0.9999999997690531,0.3737515041978308,0.0,0.9999999998798077,0.0,0.8689903845109387,0.6616762113065582,0.07095036812930412,-0.017861491459124655
0.6000000000000001,-0.19999999999999996,34193.7109375,377.0502014160156,2.0708206457621294,0.0,0.9,0.3317307692307692,0.0,0.0,0.999999999820144,0.2182029127678432,0.0,0.9999999998798077,0.0,0.7920673075971073,0.7892810278103389,0.09951614983708412,0.06228702106299508
0.7000000000000002,-0.19999999999999996,35402.66796875,386.09912109375,2.1333511995390317,0.0,0.9,0.27884615384615385,0.0,0.0,0.9999999998333334,0.14886018323920341,0.0,0.9999999998798077,0.0,0.7968749999042218,0.8145263835830736,0.08659783497889184,0.0710515446087357
0.8,-0.19999999999999996,36777.94140625,396.07391357421875,2.1908944034773072,0.0,0.9,0.21394230769230768,0.0,0.0,0.9999999998470949,0.06018364804686154,0.0,0.9999999998798077,0.0,0.7728365383686495,0.8659439411577751,0.13736366374409237,0.13421809133906992
0.9000000000000001,-0.19999999999999996,38304.61328125,406.85382080078125,2.2268665949378463,0.0,0.9,0.23197115384615385,0.0,0.0,0.9999999998435055,0.055121099405360516,0.0,0.9999999998798077,0.0,0.7584134614473061,0.8757232796543776,0.1299048575264215,0.12922570827654462
1.0,-0.19999999999999996,39962.69140625,418.3306884765625,2.2762191854125624,0.0,0.9,0.22235576923076922,0.0,0.0,0.9999999998454405,0.04556265914200398,0.0,0.9999999998798077,0.0,0.7247596152975049,0.8874744184740947,0.1504733292544845,0.1504733292544845
-1.0,-0.09999999999999998,39747.109375,416.4604797363281,2.8100828724891556,0.0,0.9,0.10336538461538461,0.0,0.0,0.9999999998659518,0.06579652002972824,0.0,0.9999999998798077,0.0,0.48317307686500327,1.0132085543247025,0.23541775532860731,0.23541775532860731
-0.9,-0.09999999999999998,38079.6796875,404.8974914550781,2.7933499048010044,0.0,0.9,0.109375,0.0,0.0,0.9999999998650473,0.06397726315323704,0.0,0.9999999998798077,0.0,0.43509615379385863,1.0131857289771515,0.23406745241898913,0.23406745241898913
-0.8,-0.09999999999999998,36545.00390625,394.029052734375,2.7778160358373847,0.0,0.9,0.14783653846153846,0.0,0.0,0.9999999998589564,0.09657125212086776,0.0,0.9999999998798077,0.0,0.4471153845616448,0.9990043422937266,0.19683350799335553,0.19683350799335553
-0.7,-0.09999999999999998,35161.4453125,383.964599609375,2.661710590281811,0.0,0.9,0.21153846153846154,0.0,0.0,0.999999999847561,0.1543985602009861,0.0,0.9999999998798077,0.0,0.4759615384043316,0.9575115815501238,0.14195678105417775,0.14195678105417775
-0.6,-0.09999999999999998,33945.796875,374.82745361328125,2.5513690605508046,0.0,0.9,0.25240384615384615,0.0,0.0,0.9999999998392284,0.17059969817072468,0.0,0.9999999998798077,0.0,0.496394230709568,0.9173766258531062,0.09927692142968958,0.09927692142968958
-0.5,-0.09999999999999998,32911.73046875,366.752197265625,2.225452717754978,0.0,0.9,0.3545673076923077,0.0,0.0,0.9999999998137803,0.21959056052835113,0.0,0.9999999998798077,0.0,0.6574519229979024,0.8007022256802133,0.07444778059814348,0.025325325113928713
-0.3999999999999999,-0.09999999999999998,32065.34765625,359.87994384765625,1.9113937102520169,0.0,0.9,0.5024038461538461,0.0,0.0,0.9999999997584541,0.29284533608800944,0.0,0.9999999998798077,0.0,0.8365384614379161,0.6759078962432076,0.0711759311765957,-0.045766571599502676
-0.29999999999999993,-0.09999999999999998,31404.994140625,354.3511962890625,1.452609426988665,0.0,0.9,0.7644230769230769,1.0,0.0,0.9999999994897959,0.5257102278707555,1.0,0.9999999998798077,0.001201923076778615,0.9435096152712128,0.40292023844636166,0.16633522822508146,-0.16633522822508146
-0.19999999999999996,-0.09999999999999998,30932.65625,350.2950744628906,1.3394524352035693,0.0,0.9,0.7860576923076923,0.9545454545454546,0.0,0.9943820219132685,0.5943607901539885,0.8809523809523809,0.9999999998798077,0.026442307689129533,0.9314903845034267,0.33007930755977427,0.07049748045793973,-0.0591727529570575
-0.09999999999999998,-0.09999999999999998,30648.953125,347.8169860839844,1.0989789557283625,0.0,0.9,0.8737980769230769,0.976,0.0,0.9714285705034014,0.7297124543345578,0.9572649572649572,0.9999999998798077,0.1502403845973269,0.9759615383442354,0.19226133592020195,0.083278818043177,-0.06217772961123913
0.0,-0.09999999999999998,30552.798828125,346.9861145019531,1.0795574838785167,0.0,0.9,0.9350961538461539,0.9967213114754099,0.0,0.9814814796639232,0.8554207772906619,0.987037037037037,0.9999999998798077,0.36658653841747757,0.9891826921888002,0.10803720951476868,0.09563341745747284,-0.08525200936762035
0.10000000000000009,-0.09999999999999998,30643.982421875,347.8266906738281,1.1250227832451463,0.0,0.9,0.9290865384615384,0.9914163090128756,0.0,0.9661016932777937,0.8457236411892765,0.9888104838709677,0.9999999998798077,0.2800480768894173,0.992788461419136,0.12126616701038742,0.096887891701193,-0.09564281903019312
0.20000000000000018,-0.09999999999999998,30924.427734375,350.3143615722656,1.4458475872840804,0.0,0.9,0.8485576923076923,0.9405940594059405,0.0,0.9523809516250945,0.6968518798732636,0.8837678661208074,0.9999999998798077,0.12139423075464012,0.9567307691157776,0.25367263733599976,0.06299930683848354,-0.06273925135957725
0.30000000000000004,-0.09999999999999998,31391.650390625,354.37939453125,1.346653290623384,0.0,0.9,0.7776442307692307,0.8461538461538461,0.0,0.9891891886544923,0.5795935529733982,0.7916666666666666,0.9999999998798077,0.015624999998121995,0.9435096152712128,0.357905373198117,0.09234881131832473,-0.08865431663144209
0.40000000000000013,-0.09999999999999998,32044.46875,359.9164733886719,1.5077264376349395,0.0,0.9,0.6778846153846154,1.0,0.0,0.9999999996268656,0.47155348225297483,1.0,0.9999999998798077,0.001201923076778615,0.9543269229622203,0.46143657030284885,0.12629290669373294,-0.10444771948429991
0.5,-0.09999999999999998,32884.2578125,366.7961120605469,1.7665414215795596,0.0,0.9,0.5048076923076923,0.0,0.0,0.9999999997572815,0.33324745351734064,0.0,0.9999999998798077,0.0,0.8798076922019462,0.6357235966961552,0.06110310603234308,-0.027231294441085113
0.6000000000000001,-0.09999999999999998,33911.9140625,374.8780212402344,1.9746138164041032,0.0,0.9,0.3918269230769231,0.0,0.0,0.9999999998023715,0.24932397674234272,0.0,0.9999999998798077,0.0,0.8245192306701299,0.7454569299611811,0.05359624672196412,0.011052449443433823
0.7000000000000002,-0.09999999999999998,35122.16015625,384.02099609375,2.079342092511484,0.0,0.9,0.3161057692307692,0.0,0.0,0.9999999998242531,0.16831046350552242,0.0,0.9999999998798077,0.0,0.8004807691345577,0.8047757807065797,0.05132811696323228,0.0404573307430139
0.8,-0.09999999999999998,36503.17578125,394.0904235839844,2.1304171471676145,0.0,0.9,0.27403846153846156,0.0,0.0,0.9999999998344371,0.09312700071484471,0.0,0.9999999998798077,0.0,0.7896634614435502,0.8413240932893016,0.08189452078990794,0.07760550157652463
0.9000000000000001,-0.09999999999999998,38036.36328125,404.9632873535156,2.1873593528922703,0.0,0.9,0.2704326923076923,0.0,0.0,0.9999999998352554,0.062386869952659435,0.0,0.9999999998798077,0.0,0.7487980768330772,0.8472296213947673,0.0994354313593662,0.09040231286373616
1.0,-0.09999999999999998,39703.671875,416.5299072265625,2.236535990456963,0.0,0.9,0.2439903846153846,0.0,0.0,0.9999999998410175,0.05246992261310611,0.0,0.9999999998798077,0.0,0.7199519229903905,0.8776620995509572,0.139540080164507,0.1346212172377726
-1.0,0.0,39660.37109375,415.8620300292969,2.8925844666914236,0.0,0.9,0.06129807692307692,0.0,0.0,0.9999999998719591,0.03702568373202978,0.0,0.9999999998798077,0.0,0.44350961533130895,1.0528478417727742,0.30003269985395564,0.30003269985395564
-0.9,0.0,37991.1640625,404.267333984375,2.89556049907233,0.0,0.9,0.08413461538461539,0.0,0.0,0.9999999998687664,0.04971638041076181,0.0,0.9999999998798077,0.0,0.4074519230279505,1.0542091528479227,0.28418974549448484,0.28418974549448484
-0.8,0.0,36454.5546875,393.36578369140625,2.84607918090578,0.0,0.9,0.11177884615384616,0.0,0.0,0.999999999864682,0.06959956350672758,0.0,0.9999999998798077,0.0,0.4194711537957367,1.0308244066877752,0.24893074307824664,0.24893074307824664
-0.7,0.0,35069.41796875,383.2676086425781,2.6858799617741713,0.0,0.9,0.16346153846153846,0.0,0.0,0.9999999998563219,0.10007143980806675,0.0,0.9999999998798077,0.0,0.4759615384043316,0.9789374228231723,0.1891985633883837,0.1891985633883837
-0.6,0.0,33853.00390625,374.0966796875,2.5038761349787757,0.0,0.9,0.23076923076923078,0.0,0.0,0.9999999998437501,0.151265939171434,0.0,0.9999999998798077,0.0,0.5300480768593693,0.9301917629742651,0.12666774010121512,0.1253188674982409
-0.5,0.0,32819.27734375,365.98858642578125,2.134206361125964,0.0,0.9,0.38100961538461536,0.0,0.0,0.9999999998058253,0.24605286981261473,0.0,0.9999999998798077,0.0,0.7127403845297188,0.775385528475128,0.08058051447376563,-0.006359861862228228
-0.3999999999999999,0.0,31971.984375,359.0859375,1.7773398391013815,0.0,0.9,0.5637019230769231,0.0,0.0,0.9999999997245178,0.3337100422327619,0.0,0.9999999998798077,0.0,0.861778846050267,0.6198163467284602,0.10989058285490502,-0.10771254366348111
-0.29999999999999993,0.0,31311.36328125,353.5306091308594,1.3118491209428238,0.0,0.9,0.8028846153846154,1.0,0.0,0.999999999390244,0.5869646905040932,1.0,0.9999999998798077,0.00721153846067169,0.9651442306532279,0.34436458719060464,0.19523741474489628,-0.19523741474489628
-0.19999999999999996,0.0,30838.341796875,349.45355224609375,1.4108416100327812,0.0,0.9,0.8305288461538461,0.9354838709677419,0.0,0.9858156021377195,0.6740611842048472,0.8933333333333333,0.9999999998798077,0.037259615380137064,0.9579326921925562,0.2687067322939754,0.09161094259574985,-0.08929960097674185
-0.09999999999999998,0.0,30553.810546875,346.96148681640625,1.4220105162687589,0.0,0.9,0.765625,0.9097744360902256,0.0,0.9384615379802762,0.5630514412630567,0.7485449735449736,0.9999999998798077,0.1598557692115558,0.8966346152768468,0.37563720762234937,0.04704447447660383,0.04122213935669664
0.0,0.0,30458.900390625,346.1249084472656,1.4602908884105243,0.0,0.9,0.8245192307692307,0.9315068493150684,0.0,0.8287671227200225,0.6417223278207751,0.8390003494370344,0.9999999998798077,0.4387019230241945,0.924278846042755,0.2860729835344392,0.036052178150064826,0.019782192402217284
0.10000000000000009,0.0,30550.427734375,346.9681091308594,1.3287121184550386,0.0,0.9,0.8401442307692307,0.9432835820895522,0.0,0.8571428564983888,0.6621295244432664,0.8532401605866519,0.9999999998798077,0.40264423072083605,0.9507211537318845,0.2513161604541975,0.05883542592959156,-0.010134928074029327
0.20000000000000018,0.0,30830.369140625,349.46661376953125,1.0841237681697982,0.0,0.9,0.8629807692307693,0.946236559139785,0.0,0.9122807009541398,0.7147263536353736,0.8037419125258799,0.9999999998798077,0.2235576922808224,0.9459134614247701,0.22952556478743377,0.04744433936480044,-0.04270576274123434
0.30000000000000004,0.0,31297.37109375,353.5498046875,1.0435655678656812,0.0,0.9,0.8978365384615384,1.0,0.0,0.9999999988235295,0.7992456104983564,1.0,0.9999999998798077,0.043269230764030144,0.9939903844959147,0.1875465407675623,0.16689200169531343,-0.16689200169531343
0.40000000000000013,0.0,31950.0703125,359.11065673828125,1.3044906800133806,0.0,0.9,0.7307692307692307,1.0,0.0,0.9999999995535714,0.5568489757017367,1.0,0.9999999998798077,0.001201923076778615,0.9675480768067851,0.40239509966188614,0.13400912670116014,-0.13400912670116014
0.5,0.0,32788.33984375,366.0184020996094,1.7653666690597454,0.0,0.9,0.5276442307692307,0.0,0.0,0.999999999745547,0.3247222884579773,0.0,0.9999999998798077,0.0,0.8786057691251676,0.6234164966595377,0.046793109166665806,-0.041853347196411095
0.6000000000000001,0.0,33816.1953125,374.1308898925781,1.854497106665236,0.0,0.9,0.44350961538461536,0.0,0.0,0.9999999997840172,0.2662625625961519,0.0,0.9999999998798077,0.0,0.8557692306663739,0.6902726768794155,0.09758327084074767,-0.03046364528249569
0.7000000000000002,0.0,35028.375,383.30584716796875,1.942714694558041,0.0,0.9,0.38461538461538464,0.0,0.0,0.9999999998046876,0.18147645102757057,0.0,0.9999999998798077,0.0,0.8064903845184507,0.7494403410068938,0.06976406047274443,-0.017440396273203734
0.8,0.0,36411.28515625,393.4074401855469,2.069841313946167,0.0,0.9,0.3125,0.0,0.0,0.9999999998251748,0.10437660977913721,0.0,0.9999999998798077,0.0,0.7980769229810004,0.8054004695218628,0.06326463940343005,0.042102116116259886
0.9000000000000001,0.0,37946.9609375,404.31195068359375,2.145146747740603,0.0,0.9,0.27163461538461536,0.0,0.0,0.9999999998349836,0.05675106495645063,0.0,0.9999999998798077,0.0,0.7728365383686495,0.8389743987186964,0.10195734062102949,0.10105222644938741
1.0,0.0,39617.01171875,415.90911865234375,2.2028013206642987,0.0,0.9,0.29086538461538464,0.0,0.0,0.9999999998305086,0.05808932275972949,0.0,0.9999999998798077,0.0,0.7223557691439476,0.850328711534543,0.09401894023404264,0.0908309505888344
-1.0,0.10000000000000009,39746.90625,416.452880859375,2.9753883206299947,0.0,0.9,0.046875,0.0,0.0,0.9999999998738967,0.02682619735223968,0.0,0.9999999998798077,0.0,0.4158653845654008,1.0971947452958755,0.3543754854270251,0.3543754854270251
-0.9,0.10000000000000009,38081.22265625,404.8871765136719,2.9404386881074656,0.0,0.9,0.06971153846153846,0.0,0.0,0.9999999998708011,0.04307178953279168,0.0,0.9999999998798077,0.0,0.42788461533318695,1.0715675802744062,0.3237082542926982,0.3226468209666158
-0.8,0.10000000000000009,36547.02734375,394.0155944824219,2.846091230213877,0.0,0.9,0.1045673076923077,0.0,0.0,0.9999999998657718,0.05588400219936086,0.0,0.9999999998798077,0.0,0.44110576917775174,1.044292671842229,0.26555899775921804,0.26555899775921804
-0.7,0.10000000000000009,35163.09765625,383.9479675292969,2.724044063594765,0.0,0.9,0.12139423076923077,0.0,0.0,0.9999999998632011,0.07219733171688641,0.0,0.9999999998798077,0.0,0.47235576917399574,1.0068700943558968,0.23631358722056364,0.23631358722056364
-0.6,0.10000000000000009,33947.9375,374.8072509765625,2.474006890559679,0.0,0.9,0.21754807692307693,0.0,0.0,0.9999999998463902,0.1533391363346747,0.0,0.9999999998798077,0.0,0.6069711537732007,0.9139526601798357,0.14712523738425573,0.14517584280075835
-0.5,0.10000000000000009,32913.6796875,366.728271484375,2.223385362761655,0.0,0.9,0.31490384615384615,0.0,0.0,0.9999999998245614,0.21360560685129337,0.0,0.9999999998798077,0.0,0.7235576922207263,0.8209753437181956,0.056667006032117787,0.048276010756457245
-0.3999999999999999,0.10000000000000009,32064.990234375,359.85211181640625,1.7708834731989207,0.0,0.9,0.546875,0.0,0.0,0.999999999734748,0.33082974294380707,0.0,0.9999999998798077,0.0,0.8653846152806028,0.649331029239046,0.13240519506528178,-0.12158889996945035
-0.29999999999999993,0.10000000000000009,31404.40625,354.31939697265625,1.2944557429655865,0.0,0.9,0.8112980769230769,1.0,0.0,0.9999999993630574,0.6192726056197729,1.0,0.9999999998798077,0.003605769230335845,0.9591346152693349,0.36261983111357704,0.22867612539003732,-0.22775581481967025
-0.19999999999999996,0.10000000000000009,30932.015625,350.2594299316406,1.0859207473265544,0.0,0.9,0.8689903846153846,0.85,0.0,0.9724770633280028,0.7115182266318077,0.861111111111111,0.9999999998798077,0.024038461535572302,0.955528846038999,0.24032113151902573,0.12453640021764138,-0.12181796927717951
-0.09999999999999998,0.10000000000000009,30648.21875,347.77764892578125,1.286166337096558,0.0,0.9,0.8040865384615384,0.9043478260869565,0.0,0.9325153368512176,0.6210051028930484,0.843224121557455,0.9999999998798077,0.13822115382954073,0.9062499998910758,0.3206220252883859,0.02723663150610021,0.008358730459198545
0.0,0.10000000000000009,30553.140625,346.94342041015625,1.3174907005274177,0.0,0.9,0.7716346153846154,0.8782894736842105,0.0,0.8052631574709141,0.5882131272280379,0.7383497976270242,0.9999999998798077,0.365384615340699,0.8870192306626179,0.37606146356472997,0.06501316096066545,0.05886888226421837
0.10000000000000009,0.10000000000000009,30645.33984375,347.78094482421875,1.4018501990028787,0.0,0.9,0.7692307692307693,0.8954248366013072,0.0,0.8333333328993056,0.5618321001400922,0.6705560376720346,0.9999999998798077,0.3677884614942562,0.9014423075839613,0.3694673910269155,0.05750253808952775,0.05711231830538217
0.20000000000000018,0.10000000000000009,30924.123046875,350.2662048339844,1.5424850189325423,0.0,0.9,0.6790865384615384,0.8675496688741722,0.0,0.9250936326123244,0.43546688620258744,0.399791181041181,0.9999999998798077,0.18149038459357086,0.8725961537412745,0.5076640415147483,0.1041394546022088,0.09953753555174762
0.30000000000000004,0.10000000000000009,31390.412109375,354.3293762207031,1.2444280702893376,0.0,0.9,0.8353365384615384,0.9365079365079365,0.0,0.970802918999414,0.6488048978321558,0.4862068965517241,0.9999999998798077,0.07572115383705275,0.9567307691157776,0.28329458456204143,0.11216937600947627,-0.11216937600947627
0.40000000000000013,0.10000000000000009,32041.998046875,359.864990234375,1.3803317440665117,0.0,0.9,0.8088942307692307,1.0,0.0,0.9999999993710692,0.6666573852654311,1.0,0.9999999998798077,0.003605769230335845,0.9747596152674568,0.3339726750785344,0.2076365270230698,-0.20671111753350246
0.5,0.10000000000000009,32880.80859375,366.7436828613281,1.7470154719581714,0.0,0.9,0.5649038461538461,0.0,0.0,0.9999999997237569,0.3493293229385492,0.0,0.9999999998798077,0.0,0.8653846152806028,0.6097128507386296,0.08078307259923241,-0.08078307259923241
0.6000000000000001,0.10000000000000009,33907.9453125,374.8251953125,1.8252014790031545,0.0,0.9,0.4483173076923077,0.0,0.0,0.999999999782135,0.2691588999488825,0.0,0.9999999998798077,0.0,0.8569711537431526,0.6850883702170468,0.08469254656451033,-0.03693555260551935
0.7000000000000002,0.10000000000000009,35120.55859375,383.9678649902344,1.9104386879609905,0.0,0.9,0.38100961538461536,0.0,0.0,0.9999999998058253,0.18818128932495864,0.0,0.9999999998798077,0.0,0.814903846055901,0.7453615839896754,0.0684166918445363,-0.009551938787581461
0.8,0.10000000000000009,36501.89453125,394.03741455078125,2.03462651411599,0.0,0.9,0.36658653846153844,0.0,0.0,0.9999999998102468,0.13204993913304536,0.0,0.9999999998798077,0.0,0.7884615383667715,0.7746331142685146,0.026045521257992,-0.0014865146858455713
0.9000000000000001,0.10000000000000009,38034.73046875,404.9105224609375,2.1101001797265244,0.0,0.9,0.3125,0.0,0.0,0.9999999998251748,0.07353395015710593,0.0,0.9999999998798077,0.0,0.730769230681398,0.8207149778340088,0.06651557505747985,0.06296327359834303
1.0,0.10000000000000009,39702.80859375,416.4775390625,2.178217119187383,0.0,0.9,0.3137019230769231,0.0,0.0,0.9999999998248688,0.05676901091480727,0.0,0.9999999998798077,0.0,0.7163461537600546,0.8486299499675092,0.08272001360554525,0.08217104896393915
-1.0,0.20000000000000018,40006.58203125,418.2242126464844,3.0419880743044656,0.0,0.9,0.054086538461538464,0.0,0.0,0.9999999998729352,0.026737594814738447,0.0,0.9999999998798077,0.0,0.4062499999511719,1.116368881493113,0.35906641868341027,0.35906641868341027
-0.9,0.20000000000000018,38347.6796875,406.7469482421875,2.978833799189541,0.0,0.9,0.04567307692307692,0.0,0.0,0.9999999998740554,0.027540272293560233,0.0,0.9999999998798077,0.0,0.4242788461028511,1.1083377278499993,0.36484814448255465,0.36484814448255465
-0.8,0.20000000000000018,36820.75,395.9668273925781,2.880205444041661,0.0,0.9,0.0829326923076923,0.0,0.0,0.9999999998689384,0.05039898244692408,0.0,0.9999999998798077,0.0,0.4555288460990951,1.0706117259584573,0.3039031964081591,0.303307595696403
-0.7,0.20000000000000018,35441.84375,385.9921569824219,2.732067343896864,0.0,0.9,0.0985576923076923,0.0,0.0,0.9999999998666668,0.05806298651781342,0.0,0.9999999998798077,0.0,0.5120192307076901,1.024699697561262,0.26379922054039945,0.26379922054039945
-0.6,0.20000000000000018,34228.51953125,376.9439697265625,2.4774796772162677,0.0,0.9,0.15384615384615385,0.0,0.0,0.9999999998579546,0.09548657947596056,0.0,0.9999999998798077,0.0,0.652644230690788,0.9474741660220508,0.19460507541564265,0.19350916921960165
-0.5,0.20000000000000018,33194.52734375,368.9537658691406,2.254930488040147,0.0,0.9,0.25721153846153844,0.0,0.0,0.9999999998381878,0.1910432150631928,0.0,0.9999999998798077,0.0,0.7860576922132142,0.8407579697855467,0.09875957103993398,0.09626129132054158
-0.3999999999999999,0.20000000000000018,32345.736328125,362.15924072265625,1.6758963749423048,0.0,0.9,0.5540865384615384,0.0,0.0,0.9999999997304582,0.3736308087875697,0.0,0.9999999998798077,0.0,0.9110576921981902,0.6316114888156982,0.17258357852876233,-0.16791569099016387
-0.29999999999999993,0.20000000000000018,31684.373046875,356.6962890625,1.3967386560103592,0.0,0.9,0.8028846153846154,0.0,0.0,0.999999999390244,0.6166205744512647,0.0,0.9999999998798077,0.0,0.9675480768067851,0.4005019147632467,0.28206909291364723,-0.28066952668432543
-0.19999999999999996,0.20000000000000018,31212.345703125,352.6899719238281,1.5519993965267085,0.0,0.9,0.7115384615384616,0.0,0.0,0.9916666662534722,0.5033251903090584,0.0,0.9999999998798077,0.00240384615355723,0.8822115383555035,0.4631427768016769,0.06603842782946603,-0.06170094159408044
-0.09999999999999998,0.20000000000000018,30929.275390625,350.2414855957031,1.2717908660553465,0.0,0.9,0.8737980769230769,0.95,0.0,0.9904761895328799,0.7489761853427059,0.8285714285714285,0.9999999998798077,0.024038461535572302,0.9759615383442354,0.21798375092180616,0.11986889578140887,-0.11986889578140887
0.0,0.20000000000000018,30834.615234375,349.4177551269531,1.1009098298411177,0.0,0.9,0.9050480769230769,0.9395973154362416,0.0,0.8860759482454735,0.7863992067319604,0.8370383036935705,0.9999999998798077,0.17908653844001365,0.9567307691157776,0.17514002569853307,0.08241499631260533,-0.08176118185365322
0.10000000000000009,0.20000000000000018,30927.404296875,350.2418518066406,1.1475092542850005,0.0,0.9,0.8918269230769231,0.9902439024390244,0.0,0.9777777766913581,0.7588842905939818,0.8037341555327168,0.9999999998798077,0.24639423073961608,0.9855769229584643,0.18558639720344106,0.09358097006265934,-0.09143721908301966
0.20000000000000018,0.20000000000000018,31205.2578125,352.6904602050781,1.4497226273452735,0.0,0.9,0.8028846153846154,0.911504424778761,0.0,0.9390243896713266,0.5859064470354792,0.49353135313531354,0.9999999998798077,0.1358173076759835,0.9218749998891977,0.32486024358112975,0.0496067482049505,-0.048171581770826165
0.30000000000000004,0.20000000000000018,31670.77734375,356.6971740722656,1.296907873447811,0.0,0.9,0.8125,1.0,0.0,0.9999999993589744,0.6277416976022352,1.0,0.9999999998798077,0.07451923076027413,0.9663461537300065,0.30549080766655773,0.12966711982600365,-0.12966711982600365
0.40000000000000013,0.20000000000000018,32321.921875,362.1603698730469,1.3243462112230326,0.0,0.9,0.7512019230769231,1.0,0.0,0.9999999995169082,0.5687114168480482,1.0,0.9999999998798077,0.008413461537450305,0.9447115383479915,0.40969270254090545,0.17596979180607522,-0.1750380727496615
0.5,0.20000000000000018,33161.37109375,368.9552001953125,1.663583971944998,0.0,0.9,0.5841346153846154,0.0,0.0,0.9999999997109826,0.36236879311094167,0.0,0.9999999998798077,0.0,0.8858173075858393,0.5633965071937634,0.1185596598549085,-0.10039302069580916
0.6000000000000001,0.20000000000000018,34188.3515625,376.9456481933594,1.736412190871898,0.0,0.9,0.49158653846153844,0.0,0.0,0.9999999997635933,0.29536804780570586,0.0,0.9999999998798077,0.0,0.840144230668252,0.6535166908969319,0.10447795941906249,-0.07573444298431789
0.7000000000000002,0.20000000000000018,35396.2734375,385.9941101074219,1.902676558530507,0.0,0.9,0.4651442307692308,0.0,0.0,0.9999999997752809,0.24377434466035483,0.0,0.9999999998798077,0.0,0.8124999999023438,0.7019883384585281,0.09622952822775942,-0.0878103389224714
0.8,0.20000000000000018,36772.08203125,395.9689025878906,2.008345065807178,0.0,0.9,0.3786057692307692,0.0,0.0,0.9999999998065765,0.14830153376879343,0.0,0.9999999998798077,0.0,0.7776442306757639,0.7783858175542894,0.045031659948936736,-0.010147924107142724
0.9000000000000001,0.20000000000000018,38299.41796875,406.7492980957031,2.109363438812932,0.0,0.9,0.3581730769230769,0.0,0.0,0.9999999998127341,0.10668411107177521,0.0,0.9999999998798077,0.0,0.7451923076027414,0.8084101780055244,0.04610659597682191,0.020100448812493107
1.0,0.20000000000000018,39960.22265625,418.22674560546875,2.161753326072967,0.0,0.9,0.3401442307692308,0.0,0.0,0.9999999998178507,0.06677918824293592,0.0,0.9999999998798077,0.0,0.7235576922207263,0.8411494286629464,0.08327201853595338,0.05480342899856304
-1.0,0.30000000000000004,40432.74609375,421.150634765625,3.0929525394205255,0.0,0.9,0.039663461538461536,0.0,0.0,0.9999999998748436,0.015527651487816025,0.0,0.9999999998798077,0.0,0.44350961533130895,1.1367328430437347,0.38558005081477814,0.38558005081477814
-0.9,0.30000000000000004,38788.13671875,409.8168029785156,3.0170643280937397,0.0,0.9,0.04326923076923077,0.0,0.0,0.9999999998743719,0.025442900029684714,0.0,0.9999999998798077,0.0,0.46634615379010264,1.1207049865530156,0.37093771276385046,0.37093771276385046
-0.8,0.30000000000000004,37272.85546875,399.1849670410156,2.8956379667700514,0.0,0.9,0.06971153846153846,0.0,0.0,0.9999999998708011,0.049692756541360725,0.0,0.9999999998798077,0.0,0.5264423076290334,1.0836528798738079,0.32687884664307554,0.32534482743273496
-0.7,0.30000000000000004,35903.203125,389.3607177734375,2.779543011631877,0.0,0.9,0.09254807692307693,0.0,0.0,0.9999999998675497,0.04826926646159234,0.0,0.9999999998798077,0.0,0.5576923076252774,1.052800916863036,0.2899418790042053,0.2899418790042053
-0.6,0.30000000000000004,34695.203125,380.46160888671875,2.490851694900459,0.0,0.9,0.13221153846153846,0.0,0.0,0.9999999998614959,0.0791399885813669,0.0,0.9999999998798077,0.0,0.7103365383761615,0.9678667651335504,0.23137282136403586,0.23137282136403586
-0.5,0.30000000000000004,33663.88671875,372.6143493652344,2.283546448528055,0.0,0.9,0.19230769230769232,0.0,0.0,0.9999999998511905,0.12258055318092446,0.0,0.9999999998798077,0.0,0.7391826922188482,0.8958425128339693,0.16013954287608145,0.16013954287608145
-0.3999999999999999,0.30000000000000004,32814.90234375,365.950439453125,1.913833713481609,0.0,0.9,0.40384615384615385,0.0,0.0,0.999999999798387,0.28783712506530396,0.0,0.9999999998798077,0.0,0.8605769229734884,0.7391557671929585,0.046749077609768014,-0.04392148838859081
-0.29999999999999993,0.30000000000000004,32152.87109375,360.5993957519531,1.4669448391239228,0.0,0.9,0.7259615384615384,0.0,0.0,0.9999999995614035,0.5654016245888095,0.0,0.9999999998798077,0.0,0.9747596152674568,0.4775258033466337,0.2673982371606665,-0.2673982371606665
-0.19999999999999996,0.30000000000000004,31679.708984375,356.67889404296875,1.3267395715259607,0.0,0.9,0.796875,0.0,0.0,0.9999999994082841,0.6265705254151438,0.0,0.9999999998798077,0.0,0.9471153845015486,0.3825687363030088,0.21578068161551367,-0.21578068161551367
-0.09999999999999998,0.30000000000000004,31396.05078125,354.2843017578125,1.2841685774029339,0.0,0.9,0.8401442307692307,1.0,0.0,0.9999999992481203,0.659678494686931,1.0,0.9999999998798077,0.001201923076778615,0.961538461422892,0.2940226663326797,0.16820331664519525,-0.16820331664519525
0.0,0.30000000000000004,31301.029296875,353.4779357910156,1.3399157466888172,0.0,0.9,0.8329326923076923,1.0,0.0,0.9999999992805756,0.6309319024987744,1.0,0.9999999998798077,0.013221153844564766,0.9374999998873198,0.2896616127252678,0.0938726886653738,-0.0938726886653738
0.10000000000000009,0.30000000000000004,31393.66015625,354.28155517578125,1.3055231929269917,0.0,0.9,0.8317307692307693,1.0,0.0,0.9999999992857144,0.6257097361160535,1.0,0.9999999998798077,0.05889423076215214,0.9591346152693349,0.27507245552267506,0.10490517908253755,-0.10490517908253755
0.20000000000000018,0.30000000000000004,31672.40625,356.673583984375,1.3608397507524939,0.0,0.9,0.7235576923076923,1.0,0.0,0.9999999995652175,0.4828608598240122,1.0,0.9999999998798077,0.07692307691383136,0.9290865383498694,0.41020064971842324,0.05278951019965646,-0.034243881289332805
0.30000000000000004,0.30000000000000004,32138.0234375,360.5915832519531,1.3861113404975078,0.0,0.9,0.7836538461538461,0.9428571428571428,0.0,0.9888888883395062,0.5887099172617266,0.3142857142857143,0.9999999998798077,0.042067307687251525,0.9038461537375185,0.3973229258405383,0.14176678993907696,-0.141305430942594
0.40000000000000013,0.30000000000000004,32789.6015625,365.94036865234375,1.499856428383215,0.0,0.9,0.6971153846153846,1.0,0.0,0.9999999996031746,0.4522120240336197,1.0,0.9999999998798077,0.001201923076778615,0.9326923075802053,0.4570218148800398,0.14807423638734069,-0.14714914766674403
0.5,0.30000000000000004,33629.64453125,372.6022033691406,1.5727941135318892,0.0,0.9,0.5841346153846154,0.0,0.0,0.9999999997109826,0.34806629150420143,0.0,0.9999999998798077,0.0,0.871394230664496,0.5677091037737454,0.13284872623719268,-0.116080407486215
0.6000000000000001,0.30000000000000004,34653.9921875,380.4476013183594,1.7375759027775957,0.0,0.9,0.5685096153846154,0.0,0.0,0.9999999997214484,0.3442033455288873,0.0,0.9999999998798077,0.0,0.861778846050267,0.6073039855754746,0.17005524118151447,-0.16150058719185126
0.7000000000000002,0.30000000000000004,35855.58203125,389.34515380859375,1.913303369696368,0.0,0.9,0.49158653846153844,0.0,0.0,0.9999999997635933,0.27951188152348694,0.0,0.9999999998798077,0.0,0.8124999999023438,0.69619789903665,0.11654671461536302,-0.11062203766562205
0.8,0.30000000000000004,37223.203125,399.1679992675781,2.0370668841433934,0.0,0.9,0.4338942307692308,0.0,0.0,0.9999999997876857,0.17560237150437186,0.0,0.9999999998798077,0.0,0.7656249999079778,0.7790383592976134,0.10383467675933981,-0.05530649261361676
0.9000000000000001,0.30000000000000004,38739.20703125,409.7986145019531,2.1072474831096275,0.0,0.9,0.3870192307692308,0.0,0.0,0.9999999998039215,0.1384181075768432,0.0,0.9999999998798077,0.0,0.7295673076046193,0.8071639566962798,0.07047205781392575,-0.0031800967422410667
1.0,0.30000000000000004,40386.3203125,421.1313781738281,2.2249491318700625,0.0,0.9,0.32572115384615385,0.0,0.0,0.9982174686277688,0.06945949276672125,0.0,0.9999999998798077,0.001201923076778615,0.7079326922226042,0.8699691192652719,0.11469398995755876,0.07982509268945918
-1.0,0.40000000000000013,41022.7109375,425.19073486328125,3.065018153455408,0.0,0.9,0.03245192307692308,0.0,0.0,0.9999999998757765,0.013162176419271192,0.0,0.9999999998798077,0.0,0.4471153845616448,1.124176371800975,0.37107215120314874,0.37107215120314874
-0.9,0.40000000000000013,39398.015625,414.0497131347656,2.962999651197798,0.0,0.9,0.04326923076923077,0.0,0.0,0.9999999998743719,0.02439665802008667,0.0,0.9999999998798077,0.0,0.4867788460953391,1.1035040849279203,0.35053544325921254,0.35053544325921254
-0.8,0.40000000000000013,37899.046875,403.6159362792969,2.8577442132761885,0.0,0.9,0.056490384615384616,0.0,0.0,0.9999999998726115,0.04856779202565334,0.0,0.9999999998798077,0.0,0.543269230703934,1.0784931354641054,0.33176895643814014,0.33176895643814014
-0.7,0.40000000000000013,36543.40234375,393.9918518066406,2.715108116978886,0.0,0.9,0.08413461538461539,0.0,0.0,0.9999999998687664,0.06252224347693046,0.0,0.9999999998798077,0.0,0.6069711537732007,1.047565693636613,0.2954249498212893,0.2954249498212893
-0.6,0.40000000000000013,35345.3125,385.2901306152344,2.6059586067746556,0.0,0.9,0.09615384615384616,0.0,0.0,0.9999999998670214,0.05865207148024286,0.0,0.9999999998798077,0.0,0.621394230694544,1.0145486424562555,0.27669914504638515,0.27541116023332535
-0.5,0.40000000000000013,34318.4375,377.6310119628906,2.341880835345048,0.0,0.9,0.1622596153846154,0.0,0.0,0.999999999856528,0.10204076911131232,0.0,0.9999999998798077,0.0,0.7415865383724055,0.9262263228112704,0.21397465117396122,0.21397465117396122
-0.3999999999999999,0.40000000000000013,33471.828125,371.1387023925781,2.05429147093787,0.0,0.9,0.29447115384615385,0.0,0.0,0.9999999998296423,0.20382292294165186,0.0,0.9999999998798077,0.0,0.8389423075914734,0.8192940811828536,0.0746778183487955,0.07330766385588959
-0.29999999999999993,0.40000000000000013,32809.7421875,365.9337463378906,1.8222696732683312,0.0,0.9,0.4795673076923077,0.0,0.0,0.9999999997690531,0.3486355409174217,0.0,0.9999999998798077,0.0,0.8762019229716104,0.6963372624245114,0.08099079538037626,-0.08099079538037626
-0.19999999999999996,0.40000000000000013,32335.1328125,362.1252136230469,1.4149193563193507,0.0,0.9,0.7427884615384616,0.0,0.0,0.9999999995327103,0.5730678210238359,0.0,0.9999999998798077,0.0,0.9795673075745712,0.47414756188862517,0.26874789194505183,-0.26874789194505183
-0.09999999999999998,0.40000000000000013,32050.9453125,359.8009338378906,1.6279783673868984,0.0,0.9,0.6526442307692307,0.0,0.0,0.9999999996539791,0.39790652712396485,0.0,0.9999999998798077,0.0,0.8629807691270456,0.5377951241948543,0.09692473497787127,-0.09245513421368572
0.0,0.40000000000000013,31955.498046875,359.01763916015625,1.4751965198380717,0.0,0.9,0.7728365384615384,0.0,0.0,0.9999999994708995,0.5353927644539898,0.0,0.9999999998798077,0.0,0.9218749998891977,0.3781525622541423,0.1543415069518445,-0.146814599397954
0.10000000000000009,0.40000000000000013,32046.267578125,359.79534912109375,1.4268740489212486,0.0,0.9,0.765625,0.0,0.0,0.9999999994871795,0.5198931478738499,0.0,0.9999999998798077,0.0,0.924278846042755,0.37515821008181827,0.1295282672583371,-0.12323479965858038
0.20000000000000018,0.40000000000000013,32326.361328125,362.1144104003906,1.4198683528618454,0.0,0.9,0.7932692307692307,0.6666666666666666,0.0,0.9941860459336128,0.5504168218146713,0.3333333333333333,0.9999999998798077,0.003605769230335845,0.933894230656984,0.3732586073707326,0.17040831267470938,-0.16864532255564604
0.30000000000000004,0.40000000000000013,32793.125,365.9178466796875,1.4348611125244661,0.0,0.9,0.7896634615384616,0.0,0.0,0.9999999994285714,0.5582758127617519,0.0,0.9999999998798077,0.0,0.9483173075783273,0.3906693207500763,0.22712764756590126,-0.22532847714595983
0.40000000000000013,0.40000000000000013,33445.98046875,371.11810302734375,1.6592966282191746,0.0,0.9,0.6694711538461539,0.0,0.0,0.9999999996363635,0.4020626818336251,0.0,0.9999999998798077,0.0,0.9254807691195336,0.517111726977725,0.17817954321192003,-0.17817954321192003
0.5,0.40000000000000013,34283.7578125,377.6060791015625,1.7569909419108278,0.0,0.9,0.5649038461538461,0.0,0.0,0.9999999997237569,0.30373485069454026,0.0,0.9999999998798077,0.0,0.8317307691308016,0.6331981127916013,0.12838363803538302,-0.1241511894391023
0.6000000000000001,0.40000000000000013,35302.86328125,385.2613525390625,1.837231080888041,0.0,0.9,0.49278846153846156,0.0,0.0,0.9999999997630331,0.2192477974756194,0.0,0.9999999998798077,0.0,0.846153846052145,0.6759542850655419,0.1098021582441077,-0.09598999311188387
0.7000000000000002,0.40000000000000013,36494.96484375,393.95965576171875,1.9429328750660766,0.0,0.9,0.4543269230769231,0.0,0.0,0.9999999997797356,0.21032681161397815,0.0,0.9999999998798077,0.0,0.7668269229847564,0.7437958059036268,0.08410171551994637,-0.08124198003506818
0.8,0.40000000000000013,37849.56640625,403.5807800292969,2.0455791609474683,0.0,0.9,0.390625,0.0,0.0,0.9999999998027613,0.1421255960838969,0.0,0.9999999998798077,0.0,0.7596153845240847,0.7870487367130816,0.08668508885070067,-0.015091821973162056
0.9000000000000001,0.40000000000000013,39348.52734375,414.0118713378906,2.0957362674013376,0.0,0.9,0.390625,0.0,0.0,0.9999999998027613,0.11955008912761084,0.0,0.9999999998798077,0.0,0.7331730768349551,0.815050170514024,0.08955243558794995,0.0003362832841224588
1.0,0.40000000000000013,40976.60546875,425.150634765625,2.174216290401818,0.0,0.9,0.36899038461538464,0.0,0.0,0.9999999998095239,0.08904032219635588,0.0,0.9999999998798077,0.0,0.7127403845297188,0.8495907390039942,0.10453303921380341,0.030433084851023667
-1.0,0.5,41772.203125,430.2913513183594,3.0153041937771166,0.0,0.9,0.03485576923076923,0.0,0.0,0.9999999998754671,0.013895899011505949,0.0,0.9999999998798077,0.0,0.47716346148111016,1.1004862686105994,0.3518321793088055,0.3518321793088055
-0.9,0.5,40171.453125,419.3844909667969,2.9584675891423,0.0,0.9,0.03125,0.0,0.0,0.9999999998759306,0.011615165461319308,0.0,0.9999999998798077,0.0,0.46634615379010264,1.0988548662174222,0.35404270127150667,0.35404270127150667
-0.8,0.5,38695.375,409.190185546875,2.8353074479247216,0.0,0.9,0.04447115384615385,0.0,0.0,0.9999999998742138,0.03977137049954418,0.0,0.9999999998798077,0.0,0.5108173076309114,1.0735035008648965,0.3325980725422084,0.3325980725422084
-0.7,0.5,37358.6640625,399.8065490722656,2.770109173667101,0.0,0.9,0.0673076923076923,0.0,0.0,0.9999999998711341,0.05451075917844419,0.0,0.9999999998798077,0.0,0.5612980768556133,1.056125002575981,0.30986681805182575,0.30986681805182575
-0.6,0.5,36174.5703125,391.340576171875,2.6407701215813844,0.0,0.9,0.09134615384615384,0.0,0.0,0.9999999998677249,0.056694069522635004,0.0,0.9999999998798077,0.0,0.5841346153144069,1.0318064365218313,0.28498882432872386,0.28498882432872386
-0.5,0.5,35156.29296875,383.905029296875,2.5138027841427637,0.0,0.9,0.13341346153846154,0.0,0.0,0.9999999998613038,0.08343847825293912,0.0,0.9999999998798077,0.0,0.6418269229997804,0.9795575159993254,0.2500730723332654,0.2500730723332654
-0.3999999999999999,0.5,34314.6796875,377.6152648925781,2.2711917995928457,0.0,0.9,0.18509615384615385,0.0,0.0,0.9999999998525074,0.13174132397597094,0.0,0.9999999998798077,0.0,0.762019230677642,0.9176157003796919,0.20191013615144343,0.20191013615144343
-0.29999999999999993,0.5,33654.76953125,372.58203125,2.0331610651608694,0.0,0.9,0.3293269230769231,0.0,0.0,0.9999999998207886,0.27802994443015683,0.0,0.9999999998798077,0.0,0.8942307691232896,0.7820489736008012,0.06466957400800181,0.06466957400800181
-0.19999999999999996,0.5,33180.49609375,368.9046630859375,1.8194621019521546,0.0,0.9,0.43990384615384615,0.0,0.0,0.9999999997854077,0.3253806316987669,0.0,0.9999999998798077,0.0,0.9050480768142971,0.7030411971955706,0.03514605148478496,-0.0317156438796995
-0.09999999999999998,0.5,32894.46875,366.6622619628906,1.5059051672931376,0.0,0.9,0.6766826923076923,0.0,0.0,0.9999999996282527,0.47967926253336945,0.0,0.9999999998798077,0.0,0.9507211537318845,0.5209876213796716,0.21183154883139463,-0.21183154883139463
0.0,0.5,32796.40625,365.90618896484375,1.6622742194907787,0.0,0.9,0.6899038461538461,0.0,0.0,0.999999999612403,0.45120842577699694,0.0,0.9999999998798077,0.0,0.8966346152768468,0.5122495111654664,0.17628738227191454,-0.1758559448757533
0.10000000000000009,0.5,32887.83203125,366.65423583984375,1.6161249109808864,0.0,0.9,0.6430288461538461,0.0,0.0,0.9999999996632996,0.37955772222389256,0.0,0.9999999998798077,0.0,0.8377403845146947,0.557233343609101,0.1285900103043796,-0.11011955342826321
0.20000000000000018,0.5,33168.3125,368.8887939453125,1.5247894866733724,0.0,0.9,0.7451923076923077,0.0,0.0,0.9999999995283019,0.4757810669259929,0.0,0.9999999998798077,0.0,0.9326923075802053,0.44850483874893937,0.22526862840136166,-0.22478683451175877
0.30000000000000004,0.5,33635.93359375,372.5586853027344,1.6364506907393903,0.0,0.9,0.7007211538461539,0.0,0.0,0.9999999995983936,0.41151754785398215,0.0,0.9999999998798077,0.0,0.9350961537337625,0.507430106237645,0.22696539066408228,-0.22612073779863687
0.40000000000000013,0.5,34288.52734375,377.5848693847656,1.8423049124805986,0.0,0.9,0.49759615384615385,0.0,0.0,0.9999999997607655,0.2422382558668716,0.0,0.9999999998798077,0.0,0.830528846054023,0.6935143723300502,0.08214608260481482,-0.07562349724629945
0.5,0.5,35122.6640625,383.8682861328125,1.8651545454483305,0.0,0.9,0.4543269230769231,0.0,0.0,0.9999999997797356,0.19087725595856192,0.0,0.9999999998798077,0.0,0.8028846152881148,0.7335108972246891,0.06694824231759397,-0.05953221057914167
0.6000000000000001,0.5,36132.8203125,391.2978820800781,1.9615099187499399,0.0,0.9,0.41346153846153844,0.0,0.0,0.9999999997950819,0.17770840471974061,0.0,0.9999999998798077,0.0,0.7944711537506646,0.7462026532527137,0.061230210282351726,-0.05458998779583878
0.7000000000000002,0.5,37310.7734375,399.7586975097656,2.022002360489015,0.0,0.9,0.38341346153846156,0.0,0.0,0.9999999998050683,0.15414061427898182,0.0,0.9999999998798077,0.0,0.7656249999079778,0.7777697452469015,0.06349481903760582,-0.035498381106569624
0.8,0.5,38646.2734375,409.13775634765625,2.1317856331213494,0.0,0.9,0.36177884615384615,0.0,0.0,0.9999999998116762,0.12039008625929326,0.0,0.9999999998798077,0.0,0.7235576922207263,0.8231776599713949,0.055251132388018265,-0.013332637344613875
0.9000000000000001,0.5,40123.6640625,419.32806396484375,2.182357019363057,0.0,0.9,0.35096153846153844,0.0,0.0,0.9999999998148149,0.09774913913633135,0.0,0.9999999998798077,0.0,0.7127403845297188,0.8477806617840012,0.08492714731034795,0.014993518573143292
1.0,0.5,41725.66015625,430.23138427734375,2.238762233092144,0.0,0.9,0.30649038461538464,0.0,0.0,0.9999999998266899,0.08157898879698997,0.0,0.9999999998798077,0.0,0.6923076922244823,0.8827839782086354,0.09417170780245479,0.07438932274263808
-1.0,0.6000000000000001,42674.796875,436.38983154296875,2.9715592265796245,0.0,0.9,0.036057692307692304,0.0,0.0,0.9999999998753117,0.013896948063180573,0.0,0.9999999998798077,0.0,0.47716346148111016,1.0906677715729778,0.3367010852094009,0.3367010852094009
-0.9,0.6000000000000001,41102.921875,425.7501525878906,2.879984099902504,0.0,0.9,0.04567307692307692,0.0,0.0,0.9999999998740554,0.024008071687833137,0.0,0.9999999998798077,0.0,0.4939903845560108,1.0722654785423946,0.3251926081271732,0.3251926081271732
-0.8,0.6000000000000001,39653.7109375,415.82733154296875,2.844567680485466,0.0,0.9,0.04567307692307692,0.0,0.0,0.9999999998740554,0.04171277990197373,0.0,0.9999999998798077,0.0,0.5216346153219189,1.075402304156452,0.3273445557790987,0.3273445557790987
-0.7,0.6000000000000001,38340.171875,406.7147216796875,2.7456199361435,0.0,0.9,0.06971153846153846,0.0,0.0,0.9999999998708011,0.059438314986595325,0.0,0.9999999998798077,0.0,0.5564903845484988,1.064688259334862,0.30989369525001836,0.30989369525001836
-0.6,0.6000000000000001,37174.87109375,398.5125427246094,2.6806172568186915,0.0,0.9,0.08774038461538461,0.0,0.0,0.9999999998682477,0.055261591216747515,0.0,0.9999999998798077,0.0,0.5637019230091704,1.0445087974222282,0.2833000668674239,0.28149550425047143
-0.5,0.6000000000000001,36170.5390625,391.3257141113281,2.545829478267555,0.0,0.9,0.13942307692307693,0.0,0.0,0.9999999998603353,0.10037028996858394,0.0,0.9999999998798077,0.0,0.627403846078437,0.996649385874149,0.24376673005150004,0.24376673005150004
-0.3999999999999999,0.6000000000000001,35338.3203125,385.2596435546875,2.4224200429176075,0.0,0.9,0.15144230769230768,0.0,0.0,0.999999999858357,0.11931276685533791,0.0,0.9999999998798077,0.0,0.6790865383799175,0.9624254122057911,0.23119161461974308,0.23119161461974308
-0.29999999999999993,0.6000000000000001,34683.453125,380.41497802734375,2.22849618591347,0.0,0.9,0.21754807692307693,0.0,0.0,0.9999999998463902,0.19697764552192787,0.0,0.9999999998798077,0.0,0.8173076922094582,0.8815621285568912,0.17861514744821766,0.1769805162772441
-0.19999999999999996,0.6000000000000001,34212.1484375,376.88092041015625,1.983316497951962,0.0,0.9,0.3004807692307692,0.0,0.0,0.9999999998281788,0.2366781495718044,0.0,0.9999999998798077,0.0,0.871394230664496,0.7924735248719549,0.10119262593387796,0.09422591157344545
-0.09999999999999998,0.6000000000000001,33925.99609375,374.72808837890625,1.7430450140313725,0.0,0.9,0.5,0.0,0.0,0.9999999997596153,0.37522361185274505,0.0,0.9999999998798077,0.0,0.90264423066074,0.6637242823737003,0.0895190511035675,-0.08922465589178602
0.0,0.6000000000000001,33827.671875,374.001708984375,1.6633392444453783,0.0,0.9,0.6033653846153846,0.0,0.0,0.9999999996969696,0.4036830132193808,0.0,0.9999999998798077,0.0,0.9098557691214116,0.6170069891011696,0.16340173639825872,-0.16213292255266415
0.10000000000000009,0.6000000000000001,33918.50390625,374.71771240234375,1.7514434001150754,0.0,0.9,0.5865384615384616,0.0,0.0,0.9999999997093023,0.35878503797682243,0.0,0.9999999998798077,0.0,0.8810096152787248,0.6259724939041648,0.15320549881105966,-0.14519294531895732
0.20000000000000018,0.6000000000000001,34197.30859375,376.8604736328125,1.7791802746288172,0.0,0.9,0.5444711538461539,0.0,0.0,0.9999999997361477,0.2833181995130516,0.0,0.9999999998798077,0.0,0.852163461436038,0.6753873881377931,0.14365152631974293,-0.1265497326816134
0.30000000000000004,0.6000000000000001,34662.60546875,380.3849182128906,1.7763687235563894,0.0,0.9,0.5697115384615384,0.0,0.0,0.9999999997206703,0.2834182578504791,0.0,0.9999999998798077,0.0,0.9110576921981902,0.645099793418275,0.16643134089967343,-0.16509140721698923
0.40000000000000013,0.6000000000000001,35310.453125,385.2203674316406,2.0785502218868706,0.0,0.9,0.36899038461538464,0.0,0.0,0.9999999998095239,0.14167230387700686,0.0,0.9999999998798077,0.0,0.8112980768255652,0.8074348206827423,0.057797995104777684,0.01565000255127437
0.5,0.6000000000000001,36137.3671875,391.2780456542969,2.06988946532883,0.0,0.9,0.39903846153846156,0.0,0.0,0.9999999998,0.17774243554203062,0.0,0.9999999998798077,0.0,0.7956730768274431,0.804491636305758,0.08310450855730639,-0.03626696421506348
0.6000000000000001,0.6000000000000001,37135.90234375,398.4572448730469,2.1007451115916993,0.0,0.9,0.3112980769230769,0.0,0.0,0.9999999998254799,0.11658737248546418,0.0,0.9999999998798077,0.0,0.7487980768330772,0.8374284444521203,0.0408149552546253,0.03349430636366304
0.7000000000000002,0.6000000000000001,38295.70703125,406.6525573730469,2.1374389410659558,0.0,0.9,0.32572115384615385,0.0,0.0,0.9999999998217469,0.11105745692833867,0.0,0.9999999998798077,0.0,0.730769230681398,0.8353011098789028,0.034249626896022435,0.007973610469898596
0.8,0.6000000000000001,39606.90234375,415.75897216796875,2.208146445087951,0.0,0.9,0.31490384615384615,0.0,0.0,0.9999999998245614,0.10588229813606426,0.0,0.9999999998798077,0.0,0.6838942306870319,0.8644253205360988,0.057196760941610164,0.015244076202285909
0.9000000000000001,0.6000000000000001,41056.1875,425.6763000488281,2.271920296725632,0.0,0.9,0.24639423076923078,0.0,0.0,0.9984051035090263,0.06787080026430986,0.0,0.9999999998798077,0.001201923076778615,0.6814903845334748,0.9005991116672446,0.10096920618853791,0.10096920618853791
1.0,0.6000000000000001,42628.3828125,436.3110656738281,2.292161171960793,0.0,0.9,0.28966346153846156,0.0,0.0,0.9999999998307953,0.07930643974632823,0.0,0.9999999998798077,0.0,0.699519230685154,0.8952642603181385,0.09487300143130521,0.06852019183721317
-1.0,0.7000000000000002,43720.02734375,443.4173583984375,2.9635198255137243,0.0,0.9,0.030048076923076924,0.0,0.0,0.9999999998760843,0.015284625850989435,0.0,0.9999999998798077,0.0,0.4783653845578888,1.0904796786717332,0.3372304484957094,0.3372304484957094
-0.9,0.7000000000000002,42182.0078125,433.069580078125,2.8765126703978163,0.0,0.9,0.039663461538461536,0.0,0.0,0.9999999998748436,0.024831360247737473,0.0,0.9999999998798077,0.0,0.5240384614754762,1.0755455862178152,0.32976381148886724,0.32976381148886724
-0.8,0.7000000000000002,40764.0859375,423.4414978027344,2.8419991237930002,0.0,0.9,0.04447115384615385,0.0,0.0,0.9999999998742138,0.02707008848146825,0.0,0.9999999998798077,0.0,0.5492788460878271,1.0722255334417456,0.3290781447103761,0.3290781447103761
-0.7,0.7000000000000002,39478.52734375,414.6208190917969,2.7772173484499754,0.0,0.9,0.055288461538461536,0.0,0.0,0.9999999998727735,0.04024026074299187,0.0,0.9999999998798077,0.0,0.5552884614717202,1.0678565122834487,0.31881816818024944,0.31881816818024944
-0.6,0.7000000000000002,38336.9140625,406.70086669921875,2.731547169580938,0.0,0.9,0.06971153846153846,0.0,0.0,0.9999999998708011,0.03432093792304304,0.0,0.9999999998798077,0.0,0.5096153845541328,1.0604388793079582,0.3001462610537158,0.3001462610537158
-0.5,0.7000000000000002,37351.4453125,399.7779541015625,2.6006959018191758,0.0,0.9,0.11177884615384616,0.0,0.0,0.999999999864682,0.08132781835435764,0.0,0.9999999998798077,0.0,0.6009615383893075,1.0253974563382682,0.26908010173645136,0.26908010173645136
-0.3999999999999999,0.7000000000000002,36532.5,393.9479064941406,2.4408956853465695,0.0,0.9,0.15985576923076922,0.0,0.0,0.9999999998569385,0.1563164991127348,0.0,0.9999999998798077,0.0,0.6947115383780396,0.9809646995298829,0.2270606185169584,0.2270606185169584
-0.29999999999999993,0.7000000000000002,35887.51953125,389.30108642578125,2.2950441110572215,0.0,0.9,0.1778846153846154,0.0,0.0,0.9999999998538012,0.17064905657046295,0.0,0.9999999998798077,0.0,0.7656249999079778,0.9317847740482329,0.2097575268433467,0.2097575268433467
-0.19999999999999996,0.7000000000000002,35422.91796875,385.9167785644531,2.092501266595792,0.0,0.9,0.22596153846153846,0.0,0.0,0.9999999998447205,0.20547026839986246,0.0,0.9999999998798077,0.0,0.8281249999004657,0.8493692736000563,0.14495625215182953,0.14495625215182953
-0.09999999999999998,0.7000000000000002,35139.328125,383.85699462890625,1.9548719787609994,0.0,0.9,0.35096153846153844,0.0,0.0,0.9999999998148149,0.2649154391207625,0.0,0.9999999998798077,0.0,0.877403846048389,0.760364162056469,0.02949507055374204,0.02348518023774502
0.0,0.7000000000000002,35041.9765625,383.16162109375,1.8604926736474554,0.0,0.9,0.41466346153846156,0.0,0.0,0.9999999997946611,0.28732700254716353,0.0,0.9999999998798077,0.0,0.9002403845071827,0.7274646785352248,0.052300793813879184,-0.023266915414431787
0.10000000000000009,0.7000000000000002,35132.234375,383.8445739746094,1.9605165752575902,0.0,0.9,0.4074519230769231,0.0,0.0,0.9999999997971601,0.2584243137274091,0.0,0.9999999998798077,0.0,0.8557692306663739,0.7543357645359235,0.05442602401078088,-0.01595541451762143
0.20000000000000018,0.7000000000000002,35406.625,385.8922424316406,2.0474878025278933,0.0,0.9,0.3894230769230769,0.0,0.0,0.9999999998031496,0.19825576423389626,0.0,0.9999999998798077,0.0,0.8437499998985878,0.7872315059690113,0.07761928110586781,-0.015429182362612603
0.30000000000000004,0.7000000000000002,35866.08203125,389.2649841308594,2.091277940875832,0.0,0.9,0.359375,0.0,0.0,0.9999999998123829,0.15686604253924166,0.0,0.9999999998798077,0.0,0.8004807691345577,0.8197626095200984,0.08557475061143532,-0.005436305622553414
0.40000000000000013,0.7000000000000002,36505.3671875,393.9007568359375,2.0955199575621393,0.0,0.9,0.3545673076923077,0.0,0.0,0.9999999998137803,0.15117660532296368,0.0,0.9999999998798077,0.0,0.8185096152862369,0.8206438565801554,0.05597257295545999,-0.010579942619488594
0.5,0.7000000000000002,37319.57421875,399.7205505371094,2.249075670548023,0.0,0.9,0.328125,0.0,0.0,0.9999999998211092,0.12355423676833276,0.0,0.9999999998798077,0.0,0.7644230768311991,0.8524819205017552,0.07881269368269089,0.007596257804268834
0.6000000000000001,0.7000000000000002,38301.27734375,406.6340026855469,2.23888610071298,0.0,0.9,0.2548076923076923,0.0,0.0,0.9999999998387097,0.10253316738582004,0.0,0.9999999998798077,0.0,0.7031249999154898,0.8804682747473511,0.07300641287006115,0.06810918295152926
0.7000000000000002,0.7000000000000002,39438.0078125,414.5454406738281,2.2885070954860276,0.0,0.9,0.20192307692307693,0.0,0.0,0.9999999998493977,0.06774746977144956,0.0,0.9999999998798077,0.0,0.6826923076102533,0.9053314153654445,0.11382702793037976,0.11186200309047147
0.8,0.7000000000000002,40720.3515625,423.3583679199219,2.3078183583485314,0.0,0.9,0.20552884615384615,0.0,0.0,0.9999999998487141,0.07030031148959198,0.0,0.9999999998798077,0.0,0.6959134614548181,0.8975623818927568,0.11511229332634385,0.11511229332634385
0.9000000000000001,0.7000000000000002,42136.68359375,432.9794921875,2.3626921361962667,0.0,0.9,0.19230769230769232,0.0,0.0,0.9999999998511905,0.06166267288662297,0.0,0.9999999998798077,0.0,0.6490384614604522,0.9196278364007386,0.14341221877026453,0.14341221877026453
1.0,0.7000000000000002,43674.08203125,443.32110595703125,2.328796570543728,0.0,0.9,0.20552884615384615,0.0,0.0,0.9999999998487141,0.06683969932307925,0.0,0.9999999998798077,0.0,0.6862980768405892,0.9192382481104879,0.13356017404312862,0.13356017404312862
-1.0,0.8,44898.109375,451.30242919921875,2.9313185356308114,0.0,0.9,0.04807692307692308,0.0,0.0,0.9999999998737374,0.026573545379834838,0.0,0.9999999998798077,0.0,0.48317307686500327,1.0785732955804161,0.319636429563528,0.319636429563528
-0.9,0.8,43397.8828125,441.263427734375,2.907495219533409,0.0,0.9,0.036057692307692304,0.0,0.0,0.9999999998753117,0.022015388774000094,0.0,0.9999999998798077,0.0,0.5012019230166824,1.082863421207692,0.33595712192355953,0.33595712192355953
-0.8,0.8,42015.76953125,431.9448547363281,2.8496085094449626,0.0,0.9,0.042067307692307696,0.0,0.0,0.9999999998745295,0.028018870359287226,0.0,0.9999999998798077,0.0,0.527644230705812,1.0859245124597245,0.3357027209132639,0.3357027209132639
-0.7,0.8,40762.27734375,423.428466796875,2.8069492821084565,0.0,0.9,0.04326923076923077,0.0,0.0,0.9999999998743719,0.02383647664062488,0.0,0.9999999998798077,0.0,0.543269230703934,1.0711655090182701,0.32748669807816433,0.32748669807816433
-0.6,0.8,39649.72265625,415.8006286621094,2.6927174581122846,0.0,0.9,0.0733173076923077,0.0,0.0,0.9999999998702983,0.04117663141167513,0.0,0.9999999998798077,0.0,0.5817307691608496,1.050261912693538,0.30091309242354214,0.30091309242354214
-0.5,0.8,38687.21484375,409.1490478515625,2.634591229053137,0.0,0.9,0.09495192307692307,0.0,0.0,0.9999999998671979,0.066854555205447,0.0,0.9999999998798077,0.0,0.6045673076196434,1.0301799779258278,0.27571686095665837,0.27571686095665837
-0.3999999999999999,0.8,37886.7578125,403.5598449707031,2.4868845931736323,0.0,0.9,0.11177884615384616,0.0,0.0,0.999999999864682,0.0978917065226056,0.0,0.9999999998798077,0.0,0.6887019229941465,1.0025295952295623,0.26306803537137435,0.26306803537137435
-0.29999999999999993,0.8,37255.8984375,399.1136779785156,2.3197320246152486,0.0,0.9,0.1466346153846154,0.0,0.0,0.999999999859155,0.14140345479909433,0.0,0.9999999998798077,0.0,0.7427884614491841,0.9553312584093915,0.22759072822416543,0.22759072822416543
-0.19999999999999996,0.8,36800.0390625,395.8804016113281,2.1407530326495374,0.0,0.9,0.17668269230769232,0.0,0.0,0.9999999998540147,0.16089773035798627,0.0,0.9999999998798077,0.0,0.7944711537506646,0.8903019384256304,0.1910653638815404,0.1910653638815404
-0.09999999999999998,0.8,36522.265625,393.9143981933594,1.9836194912838878,0.0,0.9,0.2764423076923077,0.0,0.0,0.9999999998338871,0.23130090550400004,0.0,0.9999999998798077,0.0,0.8870192306626179,0.8178087204228771,0.08894238035001814,0.08844312879180258
0.0,0.8,36427.5703125,393.2503662109375,2.0180813010574368,0.0,0.9,0.3112980769230769,0.0,0.0,0.9999999998254799,0.21311658924937973,0.0,0.9999999998798077,0.0,0.8653846152806028,0.8226005872689046,0.08978246526373691,0.07039930726835157
0.10000000000000009,0.8,36515.140625,393.9002685546875,2.074090675758643,0.0,0.9,0.32572115384615385,0.0,0.0,0.9999999998217469,0.2207963464072029,0.0,0.9999999998798077,0.0,0.8605769229734884,0.8258478532810166,0.07378431160387312,0.049095062163188034
0.20000000000000018,0.8,36784.3828125,395.85235595703125,2.165571232790096,0.0,0.9,0.25240384615384615,0.0,0.0,0.9999999998392284,0.13829943926390445,0.0,0.9999999998798077,0.0,0.7944711537506646,0.8705167511177216,0.09864527474737478,0.09833924865981997
0.30000000000000004,0.8,37233.51953125,399.0721740722656,2.2307301313026864,0.0,0.9,0.23677884615384615,0.0,0.0,0.9999999998425197,0.11091316613330347,0.0,0.9999999998798077,0.0,0.793269230673886,0.8710926374610638,0.09762790364227242,0.09762790364227242
0.40000000000000013,0.8,37859.3984375,403.5055236816406,2.2538381183087237,0.0,0.9,0.22716346153846154,0.0,0.0,0.9999999998444791,0.08707459751588732,0.0,0.9999999998798077,0.0,0.7632211537544206,0.87961530979985,0.0971776639247613,0.09648210061763159
0.5,0.8,38656.02734375,409.08270263671875,2.3899690370848425,0.0,0.9,0.17668269230769232,0.0,0.0,0.9999999998540147,0.06955939241355276,0.0,0.9999999998798077,0.0,0.6742788460728031,0.9138290681805682,0.15278827750276736,0.1505816033719065
0.6000000000000001,0.8,39615.046875,415.72332763671875,2.3782904698752017,0.0,0.9,0.17067307692307693,0.0,0.0,0.9999999998550725,0.0684289949380087,0.0,0.9999999998798077,0.0,0.6718749999192458,0.9172052071906589,0.15024161102251515,0.15024161102251515
0.7000000000000002,0.8,40725.1640625,423.3410949707031,2.417893061011794,0.0,0.9,0.12620192307692307,0.0,0.0,0.9999999998624485,0.04596627765532871,0.0,0.9999999998798077,0.0,0.6081730768499792,0.9494246122459689,0.1953801040879625,0.1953801040879625
0.8,0.8,41975.9296875,431.84814453125,2.4102024113047644,0.0,0.9,0.14543269230769232,0.0,0.0,0.9999999998593531,0.06030433700113721,0.0,0.9999999998798077,0.0,0.6346153845391087,0.9424168604237814,0.17879561267812003,0.17834046311206864
0.9000000000000001,0.8,43355.79296875,441.1584777832031,2.4532945334180263,0.0,0.9,0.13221153846153846,0.0,0.0,0.9999999998614959,0.046845570099305706,0.0,0.9999999998798077,0.0,0.621394230694544,0.9562502925748748,0.19895224728342137,0.19895224728342137
1.0,0.8,44854.19921875,451.18994140625,2.4572345471264976,0.0,0.9,0.13942307692307693,0.0,0.0,0.9986033518158376,0.05346808709140905,0.0,0.9999999998798077,0.001201923076778615,0.6418269229997804,0.9611892657835844,0.20132965894699778,0.20132965894699778
-1.0,0.9000000000000001,46201.1796875,459.97314453125,2.9591264130308526,0.0,0.9,0.038461538461538464,0.0,0.0,0.999999999875,0.016909849316010434,0.0,0.9999999998798077,0.0,0.4627403845597668,1.0807921455587857,0.3282124630374799,0.3282124630374799
-0.9,0.9000000000000001,44742.6953125,450.2528381347656,2.9056706755211423,0.0,0.9,0.05048076923076923,0.0,0.0,0.9999999998734178,0.022802928467622677,0.0,0.9999999998798077,0.0,0.4711538460972171,1.0795767848873346,0.31739420286329906,0.31739420286329906
-0.8,0.9000000000000001,43399.90625,441.2513427734375,2.854767172201301,0.0,0.9,0.04807692307692308,0.0,0.0,0.9999999998737374,0.02613413348439835,0.0,0.9999999998798077,0.0,0.49278846147923216,1.0766961822880505,0.3237913830702668,0.3237913830702668
-0.7,0.9000000000000001,42181.60546875,433.0446472167969,2.8026779766169265,0.0,0.9,0.055288461538461536,0.0,0.0,0.9999999998727735,0.03888552318331273,0.0,0.9999999998798077,0.0,0.5240384614754762,1.0781074649718498,0.3234688501929547,0.3234688501929547
-0.6,0.9000000000000001,41099.77734375,425.7116394042969,2.7340844017403287,0.0,0.9,0.06129807692307692,0.0,0.0,0.9999999998719591,0.03566175332609991,0.0,0.9999999998798077,0.0,0.5396634614735981,1.0657540542519792,0.3124429344224823,0.3124429344224823
-0.5,0.9000000000000001,40164.0078125,419.3318786621094,2.6242934171840147,0.0,0.9,0.08774038461538461,0.0,0.0,0.9999999998682477,0.05860173642102234,0.0,0.9999999998798077,0.0,0.6105769230035365,1.0401881940884354,0.2881037120653876,0.2881037120653876
-0.3999999999999999,0.9000000000000001,39384.65625,413.982666015625,2.5328908321972734,0.0,0.9,0.09495192307692307,0.0,0.0,0.9999999998671979,0.07649720126034602,0.0,0.9999999998798077,0.0,0.6862980768405892,1.015341704239684,0.287957082668961,0.287957082668961
-0.29999999999999993,0.9000000000000001,38770.390625,409.7352294921875,2.378965396187665,0.0,0.9,0.13341346153846154,0.0,0.0,0.9999999998613038,0.10404300247340725,0.0,0.9999999998798077,0.0,0.7331730768349551,0.9762085022005961,0.24548699438473703,0.24405454041347419
-0.19999999999999996,0.9000000000000001,38326.30859375,406.6508483886719,2.2573602025911352,0.0,0.9,0.12259615384615384,0.0,0.0,0.9999999998630138,0.09461264672538142,0.0,0.9999999998798077,0.0,0.8004807691345577,0.9313288855998321,0.2353334475300278,0.2353334475300278
-0.09999999999999998,0.9000000000000001,38057.24609375,404.7770080566406,2.1596031206240434,0.0,0.9,0.18629807692307693,0.0,0.0,0.9999999998522896,0.1242347619623338,0.0,0.9999999998798077,0.0,0.8161057691326796,0.8810773489627887,0.1738135184349695,0.1738135184349695
0.0,0.9000000000000001,37964.9140625,404.1437072753906,2.183174437455219,0.0,0.9,0.25721153846153844,0.0,0.0,0.9999999998381878,0.17206523363051987,0.0,0.9999999998798077,0.0,0.8269230768236872,0.8663294903376997,0.10338354106551001,0.10082969171973666
0.10000000000000009,0.9000000000000001,38049.83203125,404.76123046875,2.265441602006416,0.0,0.9,0.22235576923076922,0.0,0.0,0.9999999998454405,0.14641674871135224,0.0,0.9999999998798077,0.0,0.7608173076008633,0.8950394194467555,0.14808558163729138,0.1431346448159819
0.20000000000000018,0.9000000000000001,38312.18359375,406.6195983886719,2.3076634046131983,0.0,0.9,0.1971153846153846,0.0,0.0,0.9999999998502994,0.11094986356743124,0.0,0.9999999998798077,0.0,0.7163461537600546,0.9052071904841286,0.1459458948900811,0.13907649059138713
0.30000000000000004,0.9000000000000001,38749.76953125,409.6889953613281,2.4025102393868183,0.0,0.9,0.15384615384615385,0.0,0.0,0.9999999998579546,0.0702755239026076,0.0,0.9999999998798077,0.0,0.6201923076177653,0.945894151477476,0.16971216487399657,0.16624462120654585
0.40000000000000013,0.9000000000000001,39358.69921875,413.9220886230469,2.380269527465428,0.0,0.9,0.13942307692307693,0.0,0.0,0.9999999998603353,0.06598518697256929,0.0,0.9999999998798077,0.0,0.6790865383799175,0.9250168078578079,0.1870465710196378,0.17601678686028066
0.5,0.9000000000000001,40132.71484375,419.25775146484375,2.430709141593469,0.0,0.9,0.11899038461538461,0.0,0.0,0.9999999998635744,0.05302894696730681,0.0,0.9999999998798077,0.0,0.6442307691533377,0.9450197311540043,0.2046427086576019,0.20402905458958726
0.6000000000000001,0.9000000000000001,41064.9609375,425.6249084472656,2.4854949796659738,0.0,0.9,0.11298076923076923,0.0,0.0,0.9999999998644987,0.048436495216071344,0.0,0.9999999998798077,0.0,0.6081730768499792,0.9564475571968701,0.2131802276830485,0.2131802276830485
0.7000000000000002,0.9000000000000001,42144.06640625,432.9462585449219,2.5040893728863054,0.0,0.9,0.08774038461538461,0.0,0.0,0.9999999998682477,0.036205474629910556,0.0,0.9999999998798077,0.0,0.6165865383874295,0.9733639223215172,0.2460668254895711,0.2460668254895711
0.8,0.9000000000000001,43360.09375,441.14239501953125,2.5006282870798935,0.0,0.9,0.09975961538461539,0.0,0.0,0.9999999998664887,0.048953223316118316,0.0,0.9999999998798077,0.0,0.6189903845409868,0.974142194202465,0.23343821264863812,0.2315990937742043
0.9000000000000001,0.9000000000000001,44701.796875,450.13427734375,2.528291811201344,0.0,0.9,0.1201923076923077,0.0,0.0,0.9999999998633881,0.0444519179330101,0.0,0.9999999998798077,0.0,0.5853365383911855,0.9779234675260009,0.2111394270097581,0.2111394270097581
1.0,0.9000000000000001,46158.0859375,459.845947265625,2.5235389735432965,0.0,0.9,0.11298076923076923,0.0,0.0,0.9986449863145468,0.04115600857045801,0.0,0.9999999998798077,0.001201923076778615,0.6237980768481012,0.9820381106868835,0.22794529340638717,0.2278943924992862
-1.0,1.0,47621.04296875,469.3597106933594,3.0110513748952705,0.0,0.9,0.03365384615384615,0.0,0.0,0.9999999998756219,0.018077571428018233,0.0,0.9999999998798077,0.0,0.4399038461009731,1.0985050223480988,0.3363876996124944,0.3363876996124944
-0.9,1.0,46205.2890625,459.9617919921875,2.9883111943943947,0.0,0.9,0.04807692307692308,0.0,0.0,0.9999999998737374,0.02800024511809483,0.0,0.9999999998798077,0.0,0.4194711537957367,1.0988005657042117,0.3281365601665408,0.3281365601665408
-0.8,1.0,44902.4453125,451.2790222167969,2.9337116345902987,0.0,0.9,0.04927884615384615,0.0,0.0,0.9999999998735778,0.025353110311525134,0.0,0.9999999998798077,0.0,0.4531249999455379,1.09162244445265,0.33072870287255113,0.33072870287255113
-0.7,1.0,43721.24609375,443.3813171386719,2.8576534124780304,0.0,0.9,0.06610576923076923,0.0,0.0,0.9999999998713,0.03463810338325047,0.0,0.9999999998798077,0.0,0.47716346148111016,1.0817542344272384,0.32066109325293,0.32066109325293
-0.6,1.0,42673.08203125,436.340576171875,2.7455073658952482,0.0,0.9,0.06370192307692307,0.0,0.0,0.9999999998716304,0.03564896865105309,0.0,0.9999999998798077,0.0,0.5468749999342698,1.0700996037033208,0.31908292809119376,0.31908292809119376
-0.5,1.0,41766.6015625,430.2284851074219,2.6717673059496434,0.0,0.9,0.08173076923076923,0.0,0.0,0.99999999986911,0.04823799210968937,0.0,0.9999999998798077,0.0,0.6093749999267578,1.0587139936767898,0.31064069622315754,0.31064069622315754
-0.3999999999999999,1.0,41011.19921875,425.1139831542969,2.5819445558154395,0.0,0.9,0.08052884615384616,0.0,0.0,0.9999999998692811,0.047327057862679635,0.0,0.9999999998798077,0.0,0.6598557691514597,1.040064224060773,0.30454625428694987,0.30337931393497775
-0.29999999999999993,1.0,40415.1015625,421.05987548828125,2.496694490594322,0.0,0.9,0.10096153846153846,0.0,0.0,0.9999999998663102,0.05557336963590789,0.0,0.9999999998798077,0.0,0.7127403845297188,1.011148448568385,0.27784926778060925,0.27784926778060925
-0.19999999999999996,1.0,39984.1640625,418.1197204589844,2.3482338284543727,0.0,0.9,0.11899038461538461,0.0,0.0,0.9999999998635744,0.06948805763184512,0.0,0.9999999998798077,0.0,0.7415865383724055,0.9653798262046859,0.24819387975670437,0.24819387975670437
-0.09999999999999998,1.0,39723.61328125,416.33489990234375,2.321781305646426,0.0,0.9,0.13822115384615385,0.0,0.0,0.99999999986053,0.08033256091774332,0.0,0.9999999998798077,0.0,0.7632211537544206,0.9331359179088844,0.21827435770147183,0.21827435770147183
0.0,1.0,39634.88671875,415.73126220703125,2.2900297832395826,0.0,0.9,0.19110576923076922,0.0,0.0,0.9999999998514116,0.13724493989382483,0.0,0.9999999998798077,0.0,0.7548076922169703,0.9110644841903577,0.17529231732773912,0.1748567978838579
0.10000000000000009,1.0,39717.40625,416.31781005859375,2.3700711728228074,0.0,0.9,0.16706730769230768,0.0,0.0,0.9999999998556999,0.13881260959206707,0.0,0.9999999998798077,0.0,0.6935096153012609,0.9246641797816253,0.18689064023416938,0.18689064023416938
0.20000000000000018,1.0,39971.80078125,418.0857238769531,2.4911229785616085,0.0,0.9,0.1346153846153846,0.0,0.0,0.9999999998611112,0.07276012644288929,0.0,0.9999999998798077,0.0,0.5769230768537352,0.9634308064607552,0.20090894428826395,0.20090894428826395
0.30000000000000004,1.0,40395.609375,421.0093688964844,2.4999100052661483,0.0,0.9,0.13341346153846154,0.0,0.0,0.9999999998613038,0.06658509934064437,0.0,0.9999999998798077,0.0,0.5456730768574912,0.9628627573971092,0.1844379879272386,0.1844379879272386
0.40000000000000013,1.0,40985.2421875,425.0477600097656,2.514486256844228,0.0,0.9,0.1201923076923077,0.0,0.0,0.9999999998633881,0.0540752900422806,0.0,0.9999999998798077,0.0,0.5456730768574912,0.9592306762886316,0.19153244968912067,0.19016674906710412
0.5,1.0,41734.55078125,430.1473388671875,2.498728531176444,0.0,0.9,0.10336538461538461,0.0,0.0,0.9999999998659518,0.050622933187478306,0.0,0.9999999998798077,0.0,0.6237980768481012,0.9659443696451561,0.22508176176185551,0.2243643287103771
0.6000000000000001,1.0,42637.31640625,436.2454528808594,2.539591696350722,0.0,0.9,0.07932692307692307,0.0,0.0,0.9999999998694518,0.04182124858953052,0.0,0.9999999998798077,0.0,0.5973557691589717,0.9891915364770503,0.2582623307948554,0.2582623307948554
0.7000000000000002,1.0,43682.69140625,443.2731628417969,2.6008866917006612,0.0,0.9,0.0673076923076923,0.0,0.0,0.9999999998711341,0.030211273823845506,0.0,0.9999999998798077,0.0,0.5697115383930635,1.0013247517267918,0.2736417593311911,0.2736417593311911
0.8,1.0,44860.265625,451.15899658203125,2.622928966006203,0.0,0.9,0.0829326923076923,0.0,0.0,0.9999999998689384,0.041330646308187224,0.0,0.9999999998798077,0.0,0.5769230768537352,1.00763889107806,0.26008137786857144,0.26008137786857144
0.9000000000000001,1.0,46162.37890625,459.83087158203125,2.5774833590970614,0.0,0.9,0.0985576923076923,0.0,0.0,0.9999999998666668,0.04574449137494299,0.0,0.9999999998798077,0.0,0.5901442306983,0.993563678013413,0.23990286084957962,0.23990286084957962
1.0,1.0,47576.93359375,469.21868896484375,2.6346140071972113,0.0,0.9,0.08052884615384616,0.0,0.0,0.9999999998692811,0.0329410380827646,0.0,0.9999999998798077,0.0,0.5853365383911855,1.009209511418749,0.26271718186392434,0.26271718186392434
