-1.0,-1.0,3438.2431640625,92.88111114501953,inf,0.0,0.9,0.128125,0.20540540540540542,0.0,0.473118279400316,0.029304524840239127,0.04587897659063626,0.9999999996875,0.5781249998193358,0.31562499990136716,1.5277723715599207,0.5538648567794234,0.5538648567794234
-0.9,-1.0,3334.8955078125,91.0242919921875,inf,0.0,0.9,0.165625,0.26785714285714285,0.0,0.5393258424946344,0.03930631716347636,0.0546723266696502,0.9999999996875,0.5249999998359375,0.3187499999003906,1.4239317286999895,0.5416135323682127,0.5416135323682127
-0.8,-1.0,3240.005615234375,89.2926025390625,inf,0.0,0.9,0.184375,0.29936305732484075,0.0,0.5785440610810175,0.0462352764948999,0.07196196660482375,0.9999999996875,0.4906249998466797,0.31562499990136716,1.378629080013626,0.5667614762711579,0.5667614762711579
-0.7,-1.0,3154.0546875,87.69831848144531,inf,0.0,0.9,0.2,0.3333333333333333,0.0,0.6171874997589111,0.05058786100935244,0.11006664989939638,0.9999999996875,0.45937499985644525,0.31562499990136716,1.3199457488221806,0.5731633107891154,0.5731633107891154
-0.6,-1.0,3077.750732421875,86.25407409667969,inf,0.0,0.9,0.215625,0.37404580152671757,0.0,0.6733067726401168,0.06170835337502004,0.15795972062763106,0.9999999996875,0.40937499987207027,0.3249999998984375,1.2847114855034205,0.5563699538644871,0.5563699538644871
-0.5,-1.0,3011.696044921875,84.97248077392578,inf,0.0,0.9,0.190625,0.30952380952380953,0.0,0.6640926638362576,0.06586020698364665,0.10899995449684889,0.9999999996875,0.3937499998769531,0.32187499989941404,1.3387302674923396,0.586810142886555,0.586810142886555
-0.3999999999999999,-1.0,2956.4560546875,83.86559295654297,inf,0.0,0.9,0.1875,0.3064516129032258,0.0,0.6692307689733727,0.07383403180081351,0.10799319727891156,0.9999999996875,0.3874999998789062,0.3374999998945312,1.3561567372036254,0.6130916434953251,0.6130916434953251
-0.29999999999999993,-1.0,2912.415771484375,82.94441986083984,inf,0.0,0.9,0.125,0.16129032258064516,0.0,0.5357142855229592,0.07405932557433297,0.08316447146234382,0.9999999996875,0.4843749998486328,0.3968749998759765,1.5079231533861504,0.7040164663586066,0.7040164663586066
-0.19999999999999996,-1.0,2880.69482421875,82.21835327148438,inf,0.0,0.9,0.125,0.10232558139534884,0.0,0.3107142856033163,0.03351029003202916,0.016045548654244308,0.9999999996875,0.6718749997900391,0.43437499986425776,1.6156646712945382,0.7704189340660211,0.7704189340660211
-0.09999999999999998,-1.0,2861.7138671875,81.6945571899414,inf,0.0,0.9,0.11875,0.12692307692307692,0.0,0.19503546092374627,0.015624185051895898,0.014749583242733927,0.9999999996875,0.8124999997460937,0.44062499986230463,1.673803974150396,0.5736650597699934,0.5736650597699934
0.0,-1.0,2855.1484375,81.37757873535156,inf,0.0,0.9,0.125,0.12631578947368421,0.0,0.1107142856747449,0.017478036764391795,0.016030983429748014,0.9999999996875,0.8906249997216796,0.3187499999003906,1.7051185938044986,0.28998066879786943,0.28998066879786943
0.10000000000000009,-1.0,2861.740966796875,81.52567291259766,inf,0.0,0.9,0.115625,0.1174496644295302,0.0,0.07067137806690056,0.01685381469661035,0.0164510248543862,0.9999999996875,0.9312499997089843,0.33124999989648435,1.7300393245138568,0.23744706953078393,0.23744706953078393
0.20000000000000018,-1.0,2880.751953125,81.88068389892578,inf,0.0,0.9,0.121875,0.12040133779264214,0.0,0.06405693947898329,0.017508160288908954,0.016139486647653616,0.9999999996875,0.9343749997080077,0.3437499998925781,1.7327944595837794,0.22229935534117676,0.22229935534117676
0.30000000000000004,-1.0,2911.875,82.43818664550781,inf,0.0,0.9,0.1375,0.14189189189189189,0.0,0.07971014489865574,0.022029069138384965,0.022449812918225683,0.9999999996875,0.9249999997109374,0.3281249998974609,1.6947315942301373,0.1815019669874689,0.1815019669874689
0.40000000000000013,-1.0,2954.692138671875,83.19119262695312,inf,0.0,0.9,0.128125,0.13029315960912052,0.0,0.043010752672755996,0.020392770945868288,0.02110996013435038,0.9999999996875,0.9593749997001952,0.33124999989648435,1.7256316264862512,0.1285491789304786,0.1285491789304786
0.5,-1.0,3009.269287109375,84.13050079345703,inf,0.0,0.9,0.121875,0.1270358306188925,0.0,0.04626334517926571,0.021854163711164703,0.022431553266467875,0.9999999996875,0.9593749997001952,0.3437499998925781,1.7380086216623671,0.13678318646970117,0.13678318646970117
0.6000000000000001,-1.0,3074.8681640625,85.24527740478516,inf,0.0,0.9,0.115625,0.11858974358974358,0.0,0.028268551226760228,0.02315724142966668,0.02388133193820397,0.9999999996875,0.9749999996953125,0.34062499989355466,1.7585327934104558,0.08098317031565318,0.08098317031565318
0.7000000000000002,-1.0,3150.680419921875,86.52368927001953,inf,0.0,0.9,0.121875,0.1262135922330097,0.0,0.039145907459378675,0.024848364777957266,0.025912598912370965,0.9999999996875,0.9656249996982421,0.3593749998876953,1.7386527053920005,0.03792209037660155,0.011365655087217147
0.8,-1.0,3236.0830078125,87.9532470703125,inf,0.0,0.9,0.134375,0.13522012578616352,0.0,0.007220216603891618,0.02523744618247117,0.025265918905602407,0.9999999996875,0.9937499996894531,0.34687499989160153,1.727485853206731,0.04515563173677396,-0.03711991389323113
0.9000000000000001,-1.0,3330.423583984375,89.52137756347656,inf,0.0,0.9,0.1375,0.1414790996784566,0.0,0.03260869564035917,0.025548946994351552,0.02640894819466248,0.9999999996875,0.971874999696289,0.3687499998847656,1.7126671178688695,0.09653007782258277,-0.05539539135939659
1.0,-1.0,3432.9404296875,91.21576690673828,inf,0.0,0.9,0.140625,0.14150943396226415,0.0,0.007272727270082644,0.026344911027827784,0.026409499970200846,0.9999999996875,0.9937499996894531,0.37499999988281246,1.716022845652489,0.08923385729655166,-0.08005464606438338
-1.0,-0.9,3336.900390625,91.30582427978516,inf,0.0,0.9,0.1625,0.2345679012345679,0.0,0.5373134326353307,0.03970240657322701,0.05235412668606371,0.9999999996875,0.5062499998417969,0.31562499990136716,1.455863152967944,0.559675317754069,0.559675317754069
-0.9,-0.9,3230.30078125,89.39277648925781,inf,0.0,0.9,0.19375,0.3,0.0,0.5930232555840994,0.05317017651383373,0.08356606497023954,0.9999999996875,0.4687499998535156,0.3187499999003906,1.354714709687453,0.5097580119647116,0.5097580119647116
-0.8,-0.9,3131.971435546875,87.60546112060547,inf,0.0,0.9,0.2,0.34057971014492755,0.0,0.64453124974823,0.05203149613592826,0.10248538011695905,0.9999999996875,0.4312499998652343,0.3187499999003906,1.3145743433838881,0.5590704846109871,0.5590704846109871
-0.7,-0.9,3042.8369140625,85.95726776123047,inf,0.0,0.9,0.215625,0.4015748031496063,0.0,0.6972111551007127,0.05908684149924043,0.15321979855772097,0.9999999996875,0.3968749998759765,0.32187499989941404,1.255054552994089,0.534873782458106,0.534873782458106
-0.6,-0.9,2963.30810546875,84.46206665039062,inf,0.0,0.9,0.234375,0.4224137931034483,0.0,0.7265306119483549,0.06296529407984516,0.18560606060606058,0.9999999996875,0.3624999998867187,0.32187499989941404,1.220364687111388,0.5144243302711113,0.5144243302711113
-0.5,-0.9,2894.527587890625,83.13386535644531,inf,0.0,0.9,0.21875,0.4205607476635514,0.0,0.7519999996992001,0.06025744431074446,0.20056861128289696,0.9999999996875,0.3343749998955078,0.3249999998984375,1.2257077454044356,0.5193259620985743,0.5193259620985743
-0.3999999999999999,-0.9,2836.949462890625,81.98619842529297,inf,0.0,0.9,0.20625,0.3368421052631579,0.0,0.7519685036409574,0.0623786310383566,0.16411179241091264,0.9999999996875,0.29687499990722654,0.3843749998798828,1.2677115530336327,0.5286496840212098,0.5286496840212098
-0.29999999999999993,-0.9,2791.263916015625,81.0315933227539,inf,0.0,0.9,0.190625,0.30612244897959184,0.0,0.737451737167007,0.07850013294282124,0.12768740487062405,0.9999999996875,0.30624999990429685,0.4031249998740234,1.3082183895310517,0.5733694883439235,0.5733694883439235
-0.19999999999999996,-0.9,2758.276123046875,80.28081512451172,inf,0.0,0.9,0.20625,0.23703703703703705,0.0,0.5944881887423275,0.10321285515251033,0.0844381313131313,0.9999999996875,0.421874999868164,0.421874999868164,1.3380103307606988,0.5983175696354319,0.5983175696354319
-0.09999999999999998,-0.9,2738.434326171875,79.74214172363281,inf,0.0,0.9,0.165625,0.20710059171597633,0.0,0.49812734063740544,0.03884577897735792,0.025960384153661465,0.9999999996875,0.5281249998349609,0.4531249998583984,1.4557342597049217,0.6841578774288968,0.6841578774288968
0.0,-0.9,2731.517578125,79.42086029052734,inf,0.0,0.9,0.140625,0.16593886462882096,0.0,0.30545454534347105,0.02370679436726566,0.02787196383255497,0.9999999996875,0.7156249997763672,0.44062499986230463,1.586594040008902,0.5493243918540538,0.5493243918540538
0.10000000000000009,-0.9,2737.7734375,79.31880950927734,inf,0.0,0.9,0.1375,0.14960629921259844,0.0,0.21739130426906111,0.02138605442176871,0.02194135229849516,0.9999999996875,0.793749999751953,0.34687499989160153,1.6348792767787474,0.3861149502139974,0.3861149502139974
0.20000000000000018,-0.9,2757.5185546875,79.69095611572266,inf,0.0,0.9,0.13125,0.15384615384615385,0.0,0.24820143875963974,0.0187012987012987,0.021248196248196245,0.9999999996875,0.771874999758789,0.3343749998955078,1.641191851435544,0.3637493600541425,0.3637493600541425
0.30000000000000004,-0.9,2789.72705078125,80.27549743652344,inf,0.0,0.9,0.13125,0.1391941391941392,0.0,0.1546762589371668,0.020346320346320345,0.02170807453416149,0.9999999996875,0.8531249997333984,0.3281249998974609,1.6822487553363108,0.33292658193086166,0.33292658193086166
0.40000000000000013,-0.9,2834.391845703125,81.06431579589844,inf,0.0,0.9,0.121875,0.13043478260869565,0.0,0.14590747325768416,0.021886313004734058,0.023262554006294806,0.9999999996875,0.8624999997304686,0.31249999990234373,1.6991464678771278,0.325244147477759,0.325244147477759
0.5,-0.9,2891.003662109375,82.04683685302734,inf,0.0,0.9,0.1,0.10847457627118644,0.0,0.08680555552541473,0.019012437975036097,0.02155195705819839,0.9999999996875,0.921874999711914,0.3343749998955078,1.7578358474269358,0.2888669832028645,0.2888669832028645
0.6000000000000001,-0.9,2958.973388671875,83.2107162475586,inf,0.0,0.9,0.1,0.10491803278688525,0.0,0.052083333315248836,0.020059861904251575,0.021779321307623195,0.9999999996875,0.9531249997021484,0.3343749998955078,1.7764496237140495,0.2968627199643245,0.2968627199643245
0.7000000000000002,-0.9,3037.53466796875,84.54247283935547,inf,0.0,0.9,0.09375,0.09771986970684039,0.0,0.04482758619143876,0.024733061722857642,0.026414082204558712,0.9999999996875,0.9593749997001952,0.34062499989355466,1.7914203442873833,0.1496574876217368,0.1496574876217368
0.8,-0.9,3126.218994140625,86.02821350097656,inf,0.0,0.9,0.115625,0.1167192429022082,0.0,0.010600706710035086,0.02373261966285222,0.023957360722066605,0.9999999996875,0.9906249996904296,0.3593749998876953,1.7641334649466023,0.04416952785180721,0.04416952785180721
0.9000000000000001,-0.9,3223.9951171875,87.65402221679688,inf,0.0,0.9,0.121875,0.12101910828025478,0.0,0.01779359429971758,0.02414965986394558,0.02411600617120416,0.9999999996875,0.9812499996933594,0.371874999883789,1.7486577750130141,0.013111154722898526,0.013111154722898526
1.0,-0.9,3330.156494140625,89.40646362304688,inf,0.0,0.9,0.1375,0.1414790996784566,0.0,0.03260869564035917,0.02762951334379906,0.028195488721804513,0.9999999996875,0.971874999696289,0.3781249998818359,1.712936570903377,0.07756088918702109,-0.03638697619609121
-1.0,-0.8,3243.51513671875,89.85704803466797,inf,0.0,0.9,0.18125,0.2962962962962963,0.0,0.564885495967601,0.049871111402750704,0.07725547778793215,0.9999999996875,0.5062499998417969,0.32187499989941404,1.4073900568065867,0.5498475454229033,0.5498475454229033
-0.9,-0.8,3133.531982421875,87.88858795166016,inf,0.0,0.9,0.178125,0.3233082706766917,0.0,0.6577946765559716,0.05030145061341885,0.09064760026298488,0.9999999996875,0.41562499987011714,0.3281249998974609,1.353454214081594,0.5716839152458318,0.5716839152458318
-0.8,-0.8,3031.88134765625,86.04613494873047,inf,0.0,0.9,0.21875,0.40476190476190477,0.0,0.69999999972,0.06042572987653079,0.1508331757113052,0.9999999996875,0.3937499998769531,0.32187499989941404,1.2607843786782926,0.5310435906866643,0.5310435906866643
-0.7,-0.8,2939.767333984375,84.34408569335938,inf,0.0,0.9,0.25,0.4722222222222222,0.0,0.7624999996822917,0.0756019428391186,0.22740924638640622,0.9999999996875,0.3374999998945312,0.32187499989941404,1.187213882740167,0.48504509282764685,0.48504509282764685
-0.6,-0.8,2857.616455078125,82.7976303100586,inf,0.0,0.9,0.234375,0.4897959183673469,0.0,0.7959183670220742,0.0635422299665525,0.23671965435721853,0.9999999996875,0.30624999990429685,0.32187499989941404,1.173748323195613,0.48127478069508384,0.48127478069508384
-0.5,-0.8,2786.18017578125,81.42222595214844,inf,0.0,0.9,0.25,0.4578313253012048,0.0,0.8124999996614584,0.07009925558312655,0.217988767988768,0.9999999996875,0.2593749999189453,0.3687499998847656,1.1590687589738011,0.447963842646174,0.447963842646174
-0.3999999999999999,-0.8,2726.319091796875,80.2330322265625,6.992126515736083,0.0,0.9,0.234375,0.5652173913043478,0.0,0.8775510200499792,0.06578424386707746,0.3009897828863346,0.9999999996875,0.21562499993261716,0.43437499986425776,1.155085436961645,0.45552897240379875,0.45552897240379875
-0.29999999999999993,-0.8,2678.90673828125,79.24421691894531,6.249379795971876,0.0,0.9,0.271875,0.6491228070175439,0.0,0.9141630897364107,0.114464986602874,0.3330743330743331,0.9999999996875,0.17812499994433592,0.45937499985644525,1.0649503558731666,0.4004004526290735,0.4004004526290735
-0.19999999999999996,-0.8,2644.763427734375,78.46806335449219,6.322201316274479,0.0,0.9,0.253125,0.5730337078651685,0.0,0.8410041837485338,0.11188226467107765,0.28848360655737704,0.9999999996875,0.2781249999130859,0.4468749998603515,1.1244492814918248,0.4664026568807847,0.4664026568807847
-0.09999999999999998,-0.8,2624.060791015625,77.91411590576172,6.764093263765986,0.0,0.9,0.240625,0.36363636363636365,0.0,0.7119341560856238,0.09694029065756814,0.1280830280830281,0.9999999996875,0.3437499998925781,0.4906249998466797,1.2212055511137412,0.5072995957022765,0.5072995957022765
0.0,-0.8,2616.706787109375,77.58848571777344,inf,0.0,0.9,0.178125,0.2765957446808511,0.0,0.6121673001474649,0.04108926751128585,0.060725117176730084,0.9999999996875,0.44062499986230463,0.48124999984960937,1.3591565593021877,0.6091767323699661,0.6091767323699661
0.10000000000000009,-0.8,2623.052978515625,77.4933090209961,inf,0.0,0.9,0.15625,0.2,0.0,0.5111111109218106,0.023520999548396808,0.027126719434411743,0.9999999996875,0.5156249998388671,0.4468749998603515,1.4598027299612866,0.5810880833560923,0.5810880833560923
0.20000000000000018,-0.8,2642.97412109375,77.62664031982422,inf,0.0,0.9,0.159375,0.20540540540540542,0.0,0.45353159834441203,0.0256265664160401,0.032560944095098625,0.9999999996875,0.5781249998193358,0.34062499989355466,1.492723502436886,0.4208022989119829,0.4208022989119829
0.30000000000000004,-0.8,2676.29736328125,78.23915100097656,inf,0.0,0.9,0.134375,0.17,0.0,0.4007220215159848,0.020422182967057317,0.026313309332177258,0.9999999996875,0.6249999998046875,0.35624999988867184,1.559157692699118,0.4189989381261381,0.4189989381261381
0.40000000000000013,-0.8,2722.6376953125,79.06478118896484,inf,0.0,0.9,0.1125,0.1261682242990654,0.0,0.341549295654384,0.020235548321522745,0.02449551249071057,0.9999999996875,0.6687499997910156,0.35624999988867184,1.636207949141761,0.4323901780838162,0.4323901780838162
0.5,-0.8,2781.396240234375,80.09140014648438,inf,0.0,0.9,0.096875,0.10330578512396695,0.0,0.24913494801067992,0.01858937544867193,0.0223292836196062,0.9999999996875,0.7562499997636718,0.34062499989355466,1.7015919585194856,0.4383464179773927,0.4383464179773927
0.6000000000000001,-0.8,2851.813232421875,81.3049545288086,inf,0.0,0.9,0.084375,0.08550185873605948,0.0,0.16040955625924588,0.01920043478498055,0.019703071941877908,0.9999999996875,0.8406249997373046,0.3343749998955078,1.760477995692396,0.3826228428845358,0.3826228428845358
0.7000000000000002,-0.8,2933.298583984375,82.6902847290039,inf,0.0,0.9,0.0875,0.09183673469387756,0.0,0.08561643832684368,0.021386029098953457,0.0233843537414966,0.9999999996875,0.9187499997128905,0.3343749998955078,1.7891308614522001,0.3494909146887696,0.3494909146887696
0.8,-0.8,3025.072998046875,84.23192596435547,inf,0.0,0.9,0.121875,0.12292358803986711,0.0,0.060498220619039776,0.024752628324056898,0.02529100529100529,0.9999999996875,0.9406249997060546,0.3531249998896484,1.73139355170578,0.19615144577342888,0.19615144577342888
0.9000000000000001,-0.8,3126.08837890625,85.91471099853516,inf,0.0,0.9,0.11875,0.12459016393442623,0.0,0.05319148934283989,0.02569118863761721,0.02677460109494174,0.9999999996875,0.9531249997021484,0.35624999988867184,1.739085079253777,0.12380814317097677,0.12380814317097677
1.0,-0.8,3235.66455078125,87.72406005859375,inf,0.0,0.9,0.134375,0.14006514657980457,0.0,0.046931407925295515,0.027789551525426785,0.027960344127312336,0.9999999996875,0.9593749997001952,0.36562499988574215,1.7118325355273938,0.043457594339909054,0.015008038039027033
-1.0,-0.7,3159.164306640625,88.54694366455078,inf,0.0,0.9,0.16875,0.2911392405063291,0.0,0.5789473682034032,0.04819331410702409,0.08178603006189214,0.9999999996875,0.4937499998457031,0.33124999989648435,1.4037158719554594,0.5773259483432366,0.5773259483432366
-0.9,-0.7,3045.80126953125,86.52501678466797,inf,0.0,0.9,0.18125,0.31451612903225806,0.0,0.6755725188261174,0.053048132883846896,0.10356125356125355,0.9999999996875,0.3874999998789062,0.3249999998984375,1.3210400905660837,0.5556082955617873,0.5556082955617873
-0.8,-0.7,2940.962646484375,84.62895202636719,inf,0.0,0.9,0.23125,0.4722222222222222,0.0,0.7682926826145152,0.07137448092113079,0.19849336308963636,0.9999999996875,0.3374999998945312,0.3374999998945312,1.201531804658978,0.5046121431532267,0.5046121431532267
-0.7,-0.7,2845.88623046875,82.87419891357422,inf,0.0,0.9,0.24375,0.4339622641509434,0.0,0.7520661153917082,0.07716588827996848,0.19002488551642546,0.9999999996875,0.33124999989648435,0.34687499989160153,1.1802939282950515,0.46707252685187167,0.46707252685187167
-0.6,-0.7,2761.1884765625,81.2771987915039,inf,0.0,0.9,0.2625,0.5609756097560976,0.0,0.8474576267595518,0.07919204926097821,0.2599717364423247,0.9999999996875,0.25624999991992187,0.36562499988574215,1.1011010875773652,0.416489004883274,0.416489004883274
-0.5,-0.7,2687.326171875,79.85493469238281,5.85876052583016,0.0,0.9,0.24375,0.6212121212121212,0.0,0.8966942145054982,0.07320041231668893,0.30308123249299723,0.9999999996875,0.20624999993554685,0.4562499998574218,1.083482543897017,0.4009939494124911,0.4009939494124911
-0.3999999999999999,-0.7,2625.16455078125,78.624267578125,4.886051557094643,0.0,0.9,0.278125,0.7317073170731707,0.0,0.9523809519686662,0.10304404207947827,0.4338624338624339,0.9999999996875,0.12812499995996093,0.49999999984375,1.0090096035659515,0.35000031857064723,0.35000031857064723
-0.29999999999999993,-0.7,2576.1484375,77.60110473632812,4.386594779974403,0.0,0.9,0.33125,0.8387096774193549,0.0,0.9532710275919295,0.1548600209314495,0.49444444444444446,0.9999999996875,0.1937499999394531,0.5374999998320312,0.9340922216834904,0.3110200353509174,0.3110200353509174
-0.19999999999999996,-0.7,2540.8828125,76.79939270019531,4.075432743579846,0.0,0.9,0.290625,0.7333333333333333,0.0,0.9118942727260377,0.11576443590017339,0.29653679653679654,0.9999999996875,0.2343749999267578,0.5906249998154296,0.9585103635802004,0.34188883160614975,0.34188883160614975
-0.09999999999999998,-0.7,2519.515625,76.23006439208984,3.8842740712555583,0.0,0.9,0.31875,0.8,0.0,0.9357798160845047,0.1573070176602785,0.4425925925925926,0.9999999996875,0.2187499999316406,0.6187499998066406,0.9489531802741751,0.3347783812562464,0.3320678791031943
0.0,-0.7,2512.00634765625,75.900146484375,4.274613724093297,0.0,0.9,0.265625,0.5416666666666666,0.0,0.85957446771933,0.11142298823138853,0.18782654127481715,0.9999999996875,0.22499999992968747,0.5937499998144531,1.0572014741627813,0.4026609507643725,0.4026609507643725
0.10000000000000009,-0.7,2518.512451171875,75.8121337890625,5.038082117408523,0.0,0.9,0.178125,0.367816091954023,0.0,0.7908745244141161,0.037336637163826104,0.05952757288373727,0.9999999996875,0.27187499991503905,0.5749999998203125,1.1985612359552247,0.49173367964461034,0.49173367964461034
0.20000000000000018,-0.7,2538.973388671875,75.96366882324219,inf,0.0,0.9,0.1875,0.2605042016806723,0.0,0.6615384612840236,0.039187848476252195,0.032433084157222083,0.9999999996875,0.371874999883789,0.5124999998398437,1.281533728004364,0.524697070757602,0.524697070757602
0.30000000000000004,-0.7,2572.8076171875,76.34789276123047,inf,0.0,0.9,0.175,0.2517985611510791,0.0,0.6060606058310376,0.02834203448821389,0.039763650289966083,0.9999999996875,0.43437499986425776,0.45937499985644525,1.3382858101472968,0.466382885262683,0.466382885262683
0.40000000000000013,-0.7,2620.763671875,77.21060943603516,inf,0.0,0.9,0.14375,0.16455696202531644,0.0,0.5182481749933401,0.025073389332450336,0.03390522875816993,0.9999999996875,0.4937499998457031,0.4281249998662109,1.4530039142659426,0.4618363509318233,0.4618363509318233
0.5,-0.7,2681.591552734375,78.28130340576172,inf,0.0,0.9,0.11875,0.14054054054054055,0.0,0.43617021261128713,0.0209702828499821,0.03306451612903226,0.9999999996875,0.5781249998193358,0.421874999868164,1.5506225498029667,0.46401180163998856,0.46401180163998856
0.6000000000000001,-0.7,2754.494140625,79.54407501220703,inf,0.0,0.9,0.10625,0.12612612612612611,0.0,0.3216783215658467,0.020500896988008686,0.03339460023347656,0.9999999996875,0.6937499997832031,0.4124999998710937,1.6310264402640728,0.5044381639189941,0.5044381639189941
0.7000000000000002,-0.7,2838.765869140625,80.98210144042969,inf,0.0,0.9,0.1125,0.12903225806451613,0.0,0.23943661963400117,0.02333711262282691,0.028608901187593683,0.9999999996875,0.7749999997578124,0.38124999988085934,1.6737746255718666,0.4641399631882729,0.4641399631882729
0.8,-0.7,2933.515380859375,82.57833099365234,inf,0.0,0.9,0.128125,0.13503649635036497,0.0,0.150537634354646,0.026156086903750455,0.030369290573372204,0.9999999996875,0.8562499997324218,0.3593749998876953,1.6822078053253375,0.3765662154398749,0.3765662154398749
0.9000000000000001,-0.7,3037.322021484375,84.31623077392578,inf,0.0,0.9,0.15,0.15593220338983052,0.0,0.08455882349832396,0.03274110453079108,0.03552752072488914,0.9999999996875,0.921874999711914,0.36562499988574215,1.657705312569288,0.20797999658395777,0.20797999658395777
1.0,-0.7,3149.775390625,86.1802978515625,inf,0.0,0.9,0.14375,0.15488215488215487,0.0,0.08394160580878043,0.03406687593223357,0.037260984629405684,0.9999999996875,0.9281249997099609,0.3624999998867187,1.6800565428336822,0.13043848755711526,0.13043848755711526
-1.0,-0.6,3083.991455078125,87.38798522949219,inf,0.0,0.9,0.16875,0.24675324675324675,0.0,0.563909774224094,0.05548004724735352,0.08186016881669055,0.9999999996875,0.48124999984960937,0.3531249998896484,1.408032566217188,0.5979002093812713,0.5979002093812713
-0.9,-0.6,2967.933837890625,85.3157730102539,inf,0.0,0.9,0.2,0.3381294964028777,0.0,0.6406249997497558,0.06431766527715355,0.10692861034291952,0.9999999996875,0.43437499986425776,0.36562499988574215,1.309899522731262,0.576104007920556,0.576104007920556
-0.8,-0.6,2860.202392578125,83.36894989013672,inf,0.0,0.9,0.215625,0.36283185840707965,0.0,0.7131474100744433,0.07113811643886832,0.1717263544536272,0.9999999996875,0.3531249998896484,0.3593749998876953,1.2395257661308188,0.5164893922404952,0.5164893922404952
-0.7,-0.6,2762.470703125,81.5639419555664,inf,0.0,0.9,0.253125,0.4148936170212766,0.0,0.7698744766653245,0.0820511234796949,0.24046601546601545,0.9999999996875,0.2937499999082031,0.371874999883789,1.1470143476378523,0.44635475252071144,0.44635475252071144
-0.6,-0.6,2675.22021484375,79.91841888427734,5.485916695549,0.0,0.9,0.240625,0.47761194029850745,0.0,0.8559670778370506,0.07416529830322935,0.3411044973544974,0.9999999996875,0.2093749999345703,0.4468749998603515,1.090978892191395,0.4164888061088383,0.4164888061088383
-0.5,-0.6,2599.1806640625,78.45085144042969,4.239835511287884,0.0,0.9,0.265625,0.5714285714285714,0.0,0.923404254926211,0.0896131870450821,0.3730237154150198,0.9999999996875,0.13124999995898437,0.5249999998359375,0.9940755750066306,0.34124083039485487,0.34124083039485487
-0.3999999999999999,-0.6,2535.088134765625,77.1798324584961,3.5432600266384613,0.0,0.9,0.34375,0.7872340425531915,0.0,0.9523809519274377,0.15396165185814095,0.634920634920635,0.9999999996875,0.14687499995410155,0.6031249998115233,0.8887769320276293,0.26813303361119056,0.26813303361119056
-0.29999999999999993,-0.6,2484.591064453125,76.12308502197266,2.938248766308267,0.0,0.9,0.384375,0.8571428571428571,0.0,0.959390862457162,0.20496391067273922,0.44333333333333336,0.9999999996875,0.17499999994531248,0.7374999997695312,0.8146401788546517,0.20916521060313287,0.20916521060313287
-0.19999999999999996,-0.6,2448.2138671875,75.29627990722656,2.585157295022318,0.0,0.9,0.40625,0.9322033898305084,0.0,0.9789473679058172,0.23588224340478733,0.5329861111111112,0.9999999996875,0.1843749999423828,0.8031249997490234,0.7604472327120949,0.1870405405435724,0.1870405405435724
-0.09999999999999998,-0.6,2426.435302734375,74.7118911743164,2.409794377768468,0.0,0.9,0.39375,0.9830508474576272,0.0,0.9948453603119354,0.24257816028002363,0.8913043478260869,0.9999999996875,0.1843749999423828,0.8249999997421874,0.7256015591679461,0.17735488687027423,0.173927857606741
0.0,-0.6,2418.63525390625,74.37788391113281,2.343105603086008,0.0,0.9,0.421875,0.9629629629629629,0.0,0.9891891886544923,0.269656462451714,0.6594202898550724,0.9999999996875,0.1687499999472656,0.8374999997382812,0.7265184138014656,0.1455170139244986,0.14469150656922777
0.10000000000000009,-0.6,2425.4912109375,74.29708099365234,2.5725916824806614,0.0,0.9,0.36875,0.8478260869565217,0.0,0.965346534175571,0.209082365228581,0.6483333333333333,0.9999999996875,0.14374999995507812,0.8124999997460937,0.7679646999679345,0.18827779719091126,0.18827779719091126
0.20000000000000018,-0.6,2446.48681640625,74.46675872802734,3.0280544629069284,0.0,0.9,0.271875,0.6744186046511628,0.0,0.9399141626867321,0.12042727444513157,0.22294372294372294,0.9999999996875,0.1343749999580078,0.7624999997617187,0.9115288089329664,0.2844255061599289,0.2844255061599289
0.30000000000000004,-0.6,2481.120361328125,74.87898254394531,4.348634775927085,0.0,0.9,0.21875,0.323943661971831,0.0,0.8079999996768,0.07021974943919483,0.10562015503875968,0.9999999996875,0.22187499993066404,0.6718749997900391,1.0638938796102753,0.36487677149065406,0.36487677149065406
0.40000000000000013,-0.6,2530.0419921875,75.52140808105469,inf,0.0,0.9,0.18125,0.26732673267326734,0.0,0.7175572516345201,0.03796354810320938,0.047329192546583854,0.9999999996875,0.31562499990136716,0.6093749998095702,1.1953478989904827,0.43597392504338306,0.43597392504338306
0.5,-0.6,2592.571044921875,76.6349868774414,inf,0.0,0.9,0.134375,0.19090909090909092,0.0,0.6787003607658121,0.02381226463188015,0.06339031339031338,0.9999999996875,0.3437499998925781,0.5249999998359375,1.3210892377431434,0.4816498432535916,0.4816498432535916
0.6000000000000001,-0.6,2667.671630859375,77.94534301757812,inf,0.0,0.9,0.121875,0.13138686131386862,0.0,0.5765124553108496,0.025667990328097665,0.04407051282051282,0.9999999996875,0.4281249998662109,0.49687499984472655,1.438961686234301,0.4918660966185562,0.4918660966185562
0.7000000000000002,-0.6,2754.53759765625,79.43379974365234,inf,0.0,0.9,0.090625,0.0989010989010989,0.0,0.43642611668851333,0.018758988862580022,0.021104536489151875,0.9999999996875,0.5687499998222656,0.47187499985253906,1.5655796292048223,0.5189418814340866,0.5189418814340866
0.8,-0.6,2851.680908203125,81.08190155029297,inf,0.0,0.9,0.10625,0.10849056603773585,0.0,0.3391608390422514,0.023352423973541987,0.02653482398705329,0.9999999996875,0.6624999997929687,0.4531249998583984,1.6173900464969544,0.4481716941013711,0.4481716941013711
0.9000000000000001,-0.6,2958.208740234375,82.87184143066406,inf,0.0,0.9,0.11875,0.12406015037593984,0.0,0.17375886518661032,0.030025848259793216,0.03368763420487558,0.9999999996875,0.8312499997402343,0.4468749998603515,1.6697637980637796,0.396289794978464,0.396289794978464
1.0,-0.6,3073.485595703125,84.78720092773438,inf,0.0,0.9,0.140625,0.14634146341463414,0.0,0.10909090905123967,0.03556795777540458,0.04130594098104358,0.9999999996875,0.8968749997197265,0.43437499986425776,1.6611014610031092,0.29001918608326127,0.29001918608326127
-1.0,-0.5,3019.207275390625,86.39248657226562,inf,0.0,0.9,0.1625,0.25925925925925924,0.0,0.5522388057640899,0.06335101679929266,0.10092095740571999,0.9999999996875,0.5062499998417969,0.35624999988867184,1.4219598627299068,0.6460170174522526,0.6460170174522526
-0.9,-0.5,2900.638671875,84.27457427978516,inf,0.0,0.9,0.190625,0.31654676258992803,0.0,0.6332046329601526,0.07188292769938164,0.112051936159079,0.9999999996875,0.43437499986425776,0.3781249998818359,1.3233496273700691,0.5743303605100687,0.5743303605100687
-0.8,-0.5,2790.650146484375,82.28135681152344,inf,0.0,0.9,0.228125,0.2920353982300885,0.0,0.6761133600501565,0.07969171799513688,0.17892868851834062,0.9999999996875,0.3531249998896484,0.3937499998769531,1.2350656401966147,0.5006063902767819,0.5006063902767819
-0.7,-0.5,2690.337646484375,80.43008422851562,5.672763806375046,0.0,0.9,0.259375,0.3977272727272727,0.0,0.7763713076892949,0.09726013060346794,0.20535714285714288,0.9999999996875,0.2749999999140625,0.4281249998662109,1.1103380867222377,0.4214375649377504,0.4214375649377504
-0.6,-0.5,2600.7412109375,78.73957824707031,4.202239095566424,0.0,0.9,0.2625,0.5161290322580645,0.0,0.8728813555623385,0.09556983522616946,0.28125,0.9999999996875,0.1937499999394531,0.5468749998291015,1.038187903745572,0.3760345239676889,0.3760345239676889
-0.5,-0.5,2522.76025390625,77.2297592163086,3.123164305212495,0.0,0.9,0.321875,0.6511627906976745,0.0,0.9308755756078915,0.14630804536266723,0.4722222222222222,0.9999999996875,0.1343749999580078,0.7249999997734374,0.8769054972225592,0.24269944769215018,0.24269944769215018
-0.3999999999999999,-0.5,2457.547119140625,75.9208755493164,2.369886684703707,0.0,0.9,0.4375,0.84,0.0,0.9555555550246914,0.25372970727958416,0.5589488636363636,0.9999999996875,0.15624999995117186,0.8468749997353515,0.7221104370675249,0.15398081697771554,0.15398081697771554
-0.29999999999999993,-0.5,2405.83935546875,74.83246612548828,1.9407139628412993,0.0,0.9,0.540625,0.9272727272727272,0.0,0.9727891149844973,0.3700768675128468,0.5862914862914863,0.9999999996875,0.17187499994628905,0.8843749997236328,0.6108177474871315,0.0899115881886107,0.05418436481030799
-0.19999999999999996,-0.5,2368.859130859375,73.98199462890625,1.573774115558209,0.0,0.9,0.665625,0.9824561403508771,0.0,0.9906542046816317,0.5298999246534574,0.85,0.9999999996875,0.17812499994433592,0.921874999711914,0.48232905082243666,0.08347763086867997,-0.0805297550197792
-0.09999999999999998,-0.5,2346.531005859375,73.38335418701172,1.4429713675868006,0.0,0.9,0.703125,1.0,0.0,0.9999999989473685,0.5690302154303823,1.0,0.9999999996875,0.20624999993554685,0.9406249997060546,0.45014996708195537,0.12766239365625298,-0.10954387675311492
0.0,-0.5,2338.62646484375,73.04560089111328,1.4104126171317135,0.0,0.9,0.703125,0.9859154929577465,0.0,0.9894736831689751,0.5665096206534558,0.7913043478260869,0.9999999996875,0.22187499993066404,0.949999999703125,0.4421709929951017,0.1470424557868585,-0.12709161781215508
0.10000000000000009,-0.5,2345.533935546875,72.9718246459961,1.5027204689842868,0.0,0.9,0.684375,1.0,0.0,0.999999999009901,0.5045416048152224,1.0,0.9999999996875,0.20624999993554685,0.9343749997080077,0.4851295002809654,0.14885164127541073,-0.14885164127541073
0.20000000000000018,-0.5,2367.033935546875,73.15890502929688,1.6556258347311112,0.0,0.9,0.625,1.0,0.0,0.9999999991666667,0.43003227653881154,1.0,0.9999999996875,0.13124999995898437,0.921874999711914,0.5410017709580314,0.13271791083456405,-0.1258924652089342
0.30000000000000004,-0.5,2402.48193359375,73.59783935546875,2.027312762722177,0.0,0.9,0.45625,0.8974358974358975,0.0,0.9770114936913727,0.2655603817066497,0.6086956521739131,0.9999999996875,0.12187499996191406,0.8249999997421874,0.6749945606131591,0.06241556936025549,0.011258460513953352
0.40000000000000013,-0.5,2452.031005859375,74.27464294433594,2.657779926550212,0.0,0.9,0.3625,0.7317073170731707,0.0,0.9460784309087851,0.1765859730130138,0.28735632183908044,0.9999999996875,0.12812499995996093,0.7687499997597655,0.7808892295285712,0.1431720267582119,0.12420919897113335
0.5,-0.5,2515.650634765625,75.17182922363281,inf,0.0,0.9,0.259375,0.6,0.0,0.9324894510833378,0.09675954883738468,0.21904761904761902,0.9999999996875,0.1249999999609375,0.6812499997871093,0.926109211556458,0.2418790277766197,0.2418790277766197
0.6000000000000001,-0.5,2592.437255859375,76.52649688720703,inf,0.0,0.9,0.16875,0.19318181818181818,0.0,0.7330827064913222,0.046682632272232516,0.04164222873900293,0.9999999996875,0.2749999999140625,0.6374999998007812,1.202143356377288,0.40776328245326143,0.4021283347135802
0.7000000000000002,-0.5,2681.423095703125,78.06168365478516,inf,0.0,0.9,0.14375,0.14728682170542637,0.0,0.5985401457669561,0.03223350876496572,0.024505728011825573,0.9999999996875,0.4031249998740234,0.5749999998203125,1.3347538235483587,0.4461745960153022,0.4461745960153022
0.8,-0.5,2780.85791015625,79.75741577148438,inf,0.0,0.9,0.125,0.14942528735632185,0.0,0.47142857126020404,0.02919934879894457,0.02559330661067634,0.9999999996875,0.5437499998300781,0.5156249998388671,1.4467019815792002,0.49364952938046425,0.49364952938046425
0.9000000000000001,-0.5,2889.904296875,81.59487915039062,inf,0.0,0.9,0.125,0.14356435643564355,0.0,0.3821428570063775,0.029476785987603584,0.02627037267725527,0.9999999996875,0.6312499998027343,0.49687499984472655,1.5439947026835115,0.4895479784026687,0.4895479784026687
1.0,-0.5,3007.84375,83.55677795410156,inf,0.0,0.9,0.1125,0.13580246913580246,0.0,0.26056338018994246,0.0240030132013474,0.029895104895104895,0.9999999996875,0.7593749997626953,0.49999999984375,1.6399737335032607,0.4887538852515144,0.4887538852515144
-1.0,-0.3999999999999999,2965.158935546875,85.57219696044922,inf,0.0,0.9,0.153125,0.20134228187919462,0.0,0.5608856086491196,0.06455861414333175,0.08300805204500614,0.9999999996875,0.4656249998544921,0.3874999998789062,1.43134826366787,0.6478689206234165,0.6478689206234165
-0.9,-0.3999999999999999,2844.439208984375,83.41468811035156,inf,0.0,0.9,0.184375,0.27927927927927926,0.0,0.6934865897726105,0.07552945139152036,0.11526423498254484,0.9999999996875,0.34687499989160153,0.40624999987304683,1.3167886573593497,0.564756594399162,0.564756594399162
-0.8,-0.3999999999999999,2732.545166015625,81.38099670410156,inf,0.0,0.9,0.225,0.3020833333333333,0.0,0.7298387093831296,0.09442879456957239,0.14358974358974358,0.9999999996875,0.29999999990625,0.41562499987011714,1.187889044250794,0.4689397707774468,0.4689397707774468
-0.7,-0.3999999999999999,2630.07763671875,79.48916625976562,4.698263932676567,0.0,0.9,0.25625,0.4358974358974359,0.0,0.8151260500776781,0.10243942493106126,0.26766034327009935,0.9999999996875,0.24374999992382812,0.5031249998427734,1.0779379203038124,0.402063975581624,0.402063975581624
-0.6,-0.3999999999999999,2538.68798828125,77.75900268554688,3.3751345436270697,0.0,0.9,0.290625,0.5166666666666667,0.0,0.8722466956509927,0.12369015569276039,0.2259911710811261,0.9999999996875,0.18749999994140623,0.7124999997773437,0.958178792297857,0.3270601154490663,0.3270601154490663
-0.5,-0.3999999999999999,2459.298828125,76.2116928100586,2.271702864035547,0.0,0.9,0.475,0.7777777777777778,0.0,0.9404761899163833,0.3013774494074393,0.475,0.9999999996875,0.14062499995605468,0.8656249997294921,0.7077942302731992,0.1348807412525549,0.10767986247182361
-0.3999999999999999,-0.3999999999999999,2393.222900390625,74.86904907226562,1.6316241653274166,0.0,0.9,0.628125,0.9411764705882353,0.0,0.9663865538097592,0.48347036453682746,0.7773109243697479,0.9999999996875,0.21249999993359373,0.921874999711914,0.5215318481690415,0.0907073755482111,-0.006704716957349927
-0.29999999999999993,-0.3999999999999999,2341.000732421875,73.75228881835938,1.203215408102745,0.0,0.9,0.796875,1.0,0.0,0.9999999984615385,0.6560673084291622,1.0,0.9999999996875,0.2343749999267578,0.9749999996953125,0.33258387247049637,0.1475056162134889,-0.146928152456427
-0.19999999999999996,-0.3999999999999999,2303.73046875,72.88055419921875,0.9635790989802185,0.0,0.9,0.90625,1.0,0.0,0.9999999966666666,0.832864039322991,1.0,0.9999999996875,0.26249999991796874,0.9937499996894531,0.2093658704158821,0.20461398065876016,-0.20461398065876016
-0.09999999999999998,-0.3999999999999999,2280.943359375,72.26920318603516,0.8788554731073998,0.0,0.9,0.95625,1.0,0.0,0.9999999928571429,0.914949230552316,1.0,0.9999999996875,0.3093749999033203,0.9937499996894531,0.16731302131413006,0.2301732218216049,-0.22918040886672422
0.0,-0.3999999999999999,2273.00341796875,71.92820739746094,0.8706880156901825,0.0,0.9,0.95625,1.0,0.0,0.9999999928571429,0.9129683428320975,1.0,0.9999999996875,0.249999999921875,0.9999999996875,0.17310779912182434,0.2598995842841697,-0.2598995842841697
0.10000000000000009,-0.3999999999999999,2279.680908203125,71.86096954345703,0.9391748836556197,0.0,0.9,0.940625,1.0,0.0,0.9999999947368421,0.8813516578518584,1.0,0.9999999996875,0.20312499993652341,0.9999999996875,0.2262010994452741,0.2979212306220244,-0.2979212306220244
0.20000000000000018,-0.3999999999999999,2301.23974609375,72.06394958496094,1.1223321213369268,0.0,0.9,0.875,1.0,0.0,0.9999999975,0.771308356151611,1.0,0.9999999996875,0.149999999953125,0.9968749996884765,0.3349259592753817,0.3140561316760245,-0.3140561316760245
0.30000000000000004,-0.3999999999999999,2337.603759765625,72.52704620361328,1.3693597281288576,0.0,0.9,0.76875,0.9411764705882353,0.0,0.9729729716581447,0.6088390194381318,0.5939849624060151,0.9999999996875,0.10624999996679686,0.9812499996933594,0.4570174473282486,0.27778715317111097,-0.2715871292939311
0.40000000000000013,-0.3999999999999999,2387.692138671875,73.23481750488281,1.6672985458700325,0.0,0.9,0.665625,0.972972972972973,0.0,0.9906542046816317,0.4676590417330158,0.6507936507936508,0.9999999996875,0.11562499996386717,0.949999999703125,0.5844420308170497,0.2373511529677832,-0.21412857956449197
0.5,-0.3999999999999999,2452.150146484375,74.16802978515625,2.1837606708557313,0.0,0.9,0.5625,0.8095238095238095,0.0,0.9428571421836736,0.3470470928086632,0.6759259259259259,0.9999999996875,0.13124999995898437,0.8187499997441405,0.679052980820317,0.20372495550035163,-0.1300317120051856
0.6000000000000001,-0.3999999999999999,2529.82568359375,75.30541229248047,inf,0.0,0.9,0.365625,0.631578947368421,0.0,0.9310344822999831,0.17895098106582702,0.3444444444444444,0.9999999996875,0.11874999996289062,0.7624999997617187,0.8177452723981551,0.1477107347985694,0.06897453677580237
0.7000000000000002,-0.3999999999999999,2620.603271484375,76.8818130493164,inf,0.0,0.9,0.2375,0.3333333333333333,0.0,0.7786885242710293,0.08414316061858225,0.05980603448275862,0.9999999996875,0.25312499992089843,0.7031249997802734,1.055148832829424,0.26564961922836705,0.2527548652003442
0.8,-0.3999999999999999,2722.138671875,78.6193618774414,inf,0.0,0.9,0.18125,0.24271844660194175,0.0,0.7022900760678281,0.05152980521258554,0.03558310376492195,0.9999999996875,0.32187499989941404,0.6718749997900391,1.216231079550948,0.3603925387470577,0.3553563133577199
0.9000000000000001,-0.3999999999999999,2833.55322265625,80.4982681274414,inf,0.0,0.9,0.1,0.16,0.0,0.5624999998046875,0.022128697168426296,0.02311912225705329,0.9999999996875,0.4687499998535156,0.5687499998222656,1.3938250474347234,0.4703848829963733,0.4703848829963733
1.0,-0.3999999999999999,2953.406982421875,82.50054168701172,inf,0.0,0.9,0.075,0.11797752808988764,0.0,0.46959459443594775,0.010675998296135596,0.012821604136962397,0.9999999996875,0.5562499998261718,0.5093749998408202,1.5378206005970863,0.5260746989838305,0.5260746989838305
-1.0,-0.29999999999999993,2922.743896484375,84.937744140625,inf,0.0,0.9,0.165625,0.19718309859154928,0.0,0.5730337076505492,0.07949295659052533,0.1077557058326289,0.9999999996875,0.44374999986132807,0.40624999987304683,1.4337316516979908,0.6528067002386833,0.6528067002386833
-0.9,-0.29999999999999993,2800.470458984375,82.74818420410156,inf,0.0,0.9,0.184375,0.2627118644067797,0.0,0.6666666664112387,0.08899365261344015,0.1289029535864979,0.9999999996875,0.3687499998847656,0.421874999868164,1.3324877439012377,0.5827203307914697,0.5827203307914697
-0.8,-0.29999999999999993,2686.8857421875,80.68161010742188,inf,0.0,0.9,0.234375,0.28865979381443296,0.0,0.7183673466455643,0.11625451148396442,0.1575757575757576,0.9999999996875,0.3031249999052734,0.4906249998466797,1.18551112727365,0.46534268415186353,0.46534268415186353
-0.7,-0.29999999999999993,2582.948974609375,78.75665283203125,3.9362233805193068,0.0,0.9,0.28125,0.5303030303030303,0.0,0.8652173909281664,0.12362231615105178,0.20805555555555555,0.9999999996875,0.20624999993554685,0.6812499997871093,1.012089436738467,0.3762520561817152,0.3762520561817152
-0.6,-0.29999999999999993,2490.17138671875,76.99394989013672,2.610515876058115,0.0,0.9,0.375,0.6896551724137931,0.0,0.909999999545,0.2047458747821513,0.3593073593073593,0.9999999996875,0.18124999994335936,0.8624999997304686,0.8196438413719906,0.24718223413863916,0.24650385839759092
-0.5,-0.29999999999999993,2409.916259765625,75.41575622558594,1.6604785110256592,0.0,0.9,0.65625,0.9333333333333333,0.0,0.9636363627603306,0.48687703003674276,0.7462121212121212,0.9999999996875,0.18749999994140623,0.9249999997109374,0.5163673587851182,0.1238678666809328,-0.04469264563843849
-0.3999999999999999,-0.29999999999999993,2343.185302734375,74.04519653320312,1.1252028240230432,0.0,0.9,0.834375,1.0,0.0,0.9999999981132075,0.7123931655812317,1.0,0.9999999996875,0.2281249999287109,0.9906249996904296,0.29758882341575016,0.1601185603151339,-0.1601185603151339
-0.29999999999999993,-0.29999999999999993,2290.435791015625,72.90494537353516,0.8169915751137207,0.0,0.9,0.975,1.0,0.0,0.9999999875000002,0.9438911674840657,1.0,0.9999999996875,0.36562499988574215,0.9999999996875,0.11406734686144296,0.20096846933920012,-0.1977956161828584
-0.19999999999999996,-0.29999999999999993,2252.866943359375,72.01558685302734,0.7088775731408689,0.0,0.9,0.99375,1.0,0.0,0.9999999500000026,0.9904597322800087,1.0,0.9999999996875,0.4749999998515625,0.9999999996875,0.04943319344046347,0.14378272038312823,-0.14153074954219114
-0.09999999999999998,-0.29999999999999993,2229.951171875,71.39373779296875,0.6705261692409964,0.0,0.9,1.0,1.0,0.0,0.0,1.0,1.0,0.9999999996875,0.48124999984960937,0.9999999996875,0.038678392797472955,0.13700372260145877,-0.13700372260145877
0.0,-0.29999999999999993,2221.65869140625,71.05020141601562,0.6600264059622221,0.0,0.9,0.996875,1.0,0.0,0.9999999000000099,0.9932844932844933,1.0,0.9999999996875,0.38124999988085934,0.9999999996875,0.04869044895872037,0.15871463370788982,-0.15871463370788982
0.10000000000000009,-0.29999999999999993,2228.272705078125,70.98863983154297,0.7011199691738591,0.0,0.9,0.99375,1.0,0.0,0.9999999500000026,0.9871428571428572,1.0,0.9999999996875,0.23749999992578125,0.9999999996875,0.08924989365337758,0.22419806939034248,-0.22419806939034248
0.20000000000000018,-0.29999999999999993,2249.940673828125,71.20512390136719,0.8437337110573021,0.0,0.9,0.971875,1.0,0.0,0.9999999888888891,0.94886384369143,1.0,0.9999999996875,0.13124999995898437,0.9999999996875,0.18714279489325328,0.31137917854316827,-0.31137917854316827
0.30000000000000004,-0.29999999999999993,2286.46484375,71.6886215209961,1.0779035948703033,0.0,0.9,0.934375,1.0,0.0,0.9999999952380952,0.8803462911837296,1.0,0.9999999996875,0.0749999999765625,0.9968749996884765,0.3263959173835519,0.3976091698669159,-0.3976091698669159
0.40000000000000013,-0.29999999999999993,2337.12841796875,72.4223403930664,1.3630447591923518,0.0,0.9,0.796875,1.0,0.0,0.9999999984615385,0.63548285121039,1.0,0.9999999996875,0.06874999997851562,0.9874999996914062,0.4717389655010882,0.3629952901434442,-0.3629952901434442
0.5,-0.29999999999999993,2402.267333984375,73.38558197021484,1.6335481793804278,0.0,0.9,0.66875,0.95,0.0,0.9905660368013528,0.45654287736441646,0.6,0.9999999996875,0.06249999998046875,0.921874999711914,0.581946157835434,0.27556548800415376,-0.2754662505901702
0.6000000000000001,-0.29999999999999993,2481.07177734375,74.55560302734375,2.0645130221405257,0.0,0.9,0.571875,0.7272727272727273,0.0,0.9562043788640844,0.34513736263736267,0.5,0.9999999996875,0.06874999997851562,0.8281249997412109,0.6880029534427828,0.22867305168351496,-0.19274003428031392
0.7000000000000002,-0.29999999999999993,2572.65869140625,75.9093246459961,inf,0.0,0.9,0.425,0.5428571428571428,0.0,0.9130434777646503,0.21320062039047002,0.3071428571428571,0.9999999996875,0.1093749999658203,0.793749999751953,0.8003478170044259,0.16886952232204824,-0.03163657768277189
0.8,-0.29999999999999993,2675.782958984375,77.6811752319336,inf,0.0,0.9,0.278125,0.29411764705882354,0.0,0.7922077918648451,0.1083625741522203,0.053814935064935066,0.9999999996875,0.21249999993359373,0.7312499997714843,1.0051450035333713,0.23605142429486373,0.16929931948388438
0.9000000000000001,-0.29999999999999993,2788.845947265625,79.59391021728516,inf,0.0,0.9,0.21875,0.2,0.0,0.7119999997152,0.07400508344475787,0.0302991778964319,0.9999999996875,0.28124999991210936,0.7031249997802734,1.1401611021682727,0.30088181762227967,0.26638165293583277
1.0,-0.29999999999999993,2910.4267578125,81.62898254394531,inf,0.0,0.9,0.159375,0.17699115044247787,0.0,0.654275092693578,0.047247217392407954,0.02164830119375574,0.9999999996875,0.3531249998896484,0.6312499998027343,1.2822905810762784,0.3894417147710724,0.3549573102044598
-1.0,-0.19999999999999996,2892.850830078125,84.49810791015625,inf,0.0,0.9,0.125,0.14189189189189189,0.0,0.5464285712334184,0.05350443696788274,0.0858974358974359,0.9999999996875,0.4624999998554687,0.4312499998652343,1.4865011677066085,0.6907112018451804,0.6907112018451804
-0.9,-0.19999999999999996,2769.097900390625,82.28536987304688,inf,0.0,0.9,0.153125,0.1794871794871795,0.0,0.6457564573262891,0.07253777976191057,0.11876208897485493,0.9999999996875,0.36562499988574215,0.4906249998466797,1.356157993879444,0.5969227605077971,0.5969227605077971
-0.8,-0.19999999999999996,2654.20751953125,80.19497680664062,5.170740024148675,0.0,0.9,0.234375,0.3047619047619048,0.0,0.7020408160399834,0.11152690496413863,0.15991784037558684,0.9999999996875,0.3281249998974609,0.6031249998115233,1.17025302681759,0.47373500542683583,0.47373500542683583
-0.7,-0.19999999999999996,2549.37255859375,78.24595642089844,3.3603938384317713,0.0,0.9,0.321875,0.4117647058823529,0.0,0.815668202389093,0.18427782164232437,0.22531512605042017,0.9999999996875,0.21249999993359373,0.8187499997441405,0.9488371452867337,0.31829747265898933,0.31829747265898933
-0.6,-0.19999999999999996,2455.60693359375,76.45954895019531,2.141004948711273,0.0,0.9,0.4875,0.8387096774193549,0.0,0.9390243896713266,0.3270514744997835,0.40890269151138714,0.9999999996875,0.1937499999394531,0.9062499997167968,0.7082670505387549,0.1886520039169338,0.13897625504904199
-0.5,-0.19999999999999996,2374.82763671875,74.85884094238281,1.2967371800474645,0.0,0.9,0.803125,0.9859154929577465,0.0,0.9841269825648777,0.6521633510475302,0.9696969696969697,0.9999999996875,0.22187499993066404,0.9781249996943359,0.35968398725344763,0.15858839579394063,-0.13286217327700742
-0.3999999999999999,-0.19999999999999996,2307.833984375,73.46791076660156,0.8830624999817248,0.0,0.9,0.928125,0.9905660377358491,0.0,0.9565217349716446,0.8417806397776754,0.9888571428571428,0.9999999996875,0.33124999989648435,0.9999999996875,0.14938110211301622,0.15353002980664984,-0.1526599521141375
-0.29999999999999993,-0.19999999999999996,2254.981201171875,72.31050872802734,0.7129736996153428,0.0,0.9,0.990625,1.0,0.0,0.9999999666666678,0.9790925021034808,1.0,0.9999999996875,0.5437499998300781,0.9999999996875,0.04534839230709282,0.12813620121795186,-0.12574317667069534
-0.19999999999999996,-0.19999999999999996,2217.0947265625,71.40833282470703,0.6507042277848656,0.0,0.9,0.996875,1.0,0.0,0.9999999000000099,0.9953149001536098,1.0,0.9999999996875,0.7187499997753906,0.9999999996875,0.01641775702873345,0.08068814993746028,-0.07921099406493655
-0.09999999999999998,-0.19999999999999996,2193.7158203125,70.77892303466797,0.6173187847651355,0.0,0.9,1.0,1.0,0.0,0.0,1.0,1.0,0.9999999996875,0.7124999997773437,0.9999999996875,0.01162302011188276,0.07615899130081956,-0.07615899130081956
0.0,-0.19999999999999996,2185.265869140625,70.43374633789062,0.5937963128539931,0.0,0.9,1.0,1.0,0.0,0.0,1.0,1.0,0.9999999996875,0.6062499998105468,0.9999999996875,0.016132197469935574,0.09908740469044919,-0.09908740469044919
0.10000000000000009,-0.19999999999999996,2191.870361328125,70.37664031982422,0.6152711983650472,0.0,0.9,0.996875,1.0,0.0,0.9999999000000099,0.9942489072923856,1.0,0.9999999996875,0.249999999921875,0.9999999996875,0.045334386652347194,0.16858665088708974,-0.1661604412709189
0.20000000000000018,-0.19999999999999996,2213.538330078125,70.60338592529297,0.7310568424879329,0.0,0.9,0.9875,1.0,0.0,0.9999999750000006,0.9755844155844156,1.0,0.9999999996875,0.07187499997753906,0.9999999996875,0.1260302217368301,0.2731858676805013,-0.2731858676805013
0.30000000000000004,-0.19999999999999996,2250.2294921875,71.10221862792969,0.9628997371735848,0.0,0.9,0.96875,1.0,0.0,0.9999999900000002,0.9440303353142024,1.0,0.9999999996875,0.05624999998242187,0.9999999996875,0.27278040905279644,0.40675075332108923,-0.40675075332108923
0.40000000000000013,-0.19999999999999996,2301.353271484375,71.8553695678711,1.2629700884948707,0.0,0.9,0.84375,1.0,0.0,0.999999998,0.7440142224490256,1.0,0.9999999996875,0.040624999987304684,0.9999999996875,0.4353426315398721,0.4050337710583292,-0.4050337710583292
0.5,-0.19999999999999996,2366.966064453125,72.8409652709961,1.5643066093388678,0.0,0.9,0.609375,1.0,0.0,0.9999999992,0.44321816593425695,1.0,0.9999999996875,0.03437499998925781,0.971874999696289,0.5753390650731929,0.22831615170453193,-0.22831615170453193
0.6000000000000001,-0.19999999999999996,2446.487548828125,74.03520965576172,1.8589907512799626,0.0,0.9,0.40625,1.0,0.0,0.9999999994736842,0.23728201944255067,1.0,0.9999999996875,0.024999999992187497,0.9062499997167968,0.6927285285596732,0.06303695486253495,-0.035302449796620214
0.7000000000000002,-0.19999999999999996,2538.77490234375,75.4140396118164,2.152307753432116,0.0,0.9,0.31875,0.0,0.0,0.9862385316576888,0.1453496268818537,0.0,0.9999999996875,0.009374999997070312,0.7906249997529297,0.7601178154619336,0.13561522904163104,0.06626076373976737
0.8,-0.19999999999999996,2642.6103515625,76.95447540283203,inf,0.0,0.9,0.25,0.1875,0.0,0.9458333329392361,0.09445022643631588,0.0625,0.9999999996875,0.049999999984374995,0.7687499997597655,0.8854197267704244,0.17428037276610392,0.17428037276610392
0.9000000000000001,-0.19999999999999996,2756.86572265625,78.8919906616211,inf,0.0,0.9,0.234375,0.14583333333333334,0.0,0.8326530608846314,0.0889507979839215,0.02569916855631141,0.9999999996875,0.149999999953125,0.7406249997685547,1.0058599420424197,0.24146562890563136,0.2391009538505383
1.0,-0.19999999999999996,2879.5771484375,80.95106506347656,inf,0.0,0.9,0.190625,0.08064516129032258,0.0,0.7799227796216514,0.05839439646530033,0.015197568389057751,0.9999999996875,0.1937499999394531,0.6781249997880859,1.0982749094952784,0.3043518134153085,0.3043518134153085
-1.0,-0.09999999999999998,2875.36865234375,84.26005554199219,inf,0.0,0.9,0.103125,0.11267605633802817,0.0,0.5609756095606356,0.03990091729507052,0.044665012406947896,0.9999999996875,0.44374999986132807,0.44999999985937494,1.5148690754613698,0.7175639267292935,0.7175639267292935
-0.9,-0.09999999999999998,2750.79931640625,82.0340805053711,inf,0.0,0.9,0.15,0.18867924528301888,0.0,0.6838235291603589,0.07616244312271547,0.12003968253968254,0.9999999996875,0.33124999989648435,0.5312499998339844,1.3433159747614551,0.6098676879647138,0.6098676879647138
-0.8,-0.09999999999999998,2634.948974609375,79.93009948730469,4.639542868329748,0.0,0.9,0.215625,0.3,0.0,0.7768924299693656,0.1101068689122678,0.18785310734463276,0.9999999996875,0.249999999921875,0.6874999997851562,1.130480177705037,0.46339385207663597,0.46339385207663597
-0.7,-0.09999999999999998,2529.503662109375,77.9673843383789,2.881909312784177,0.0,0.9,0.396875,0.47761194029850745,0.0,0.8186528493167602,0.24935082288074706,0.2289348171701113,0.9999999996875,0.2093749999345703,0.8812499997246093,0.8611918415229566,0.24394227329259716,0.24394227329259716
-0.6,-0.09999999999999998,2435.2431640625,76.16756439208984,1.8586455688680432,0.0,0.9,0.584375,0.8676470588235294,0.0,0.9323308263666686,0.4088702740573867,0.6683673469387755,0.9999999996875,0.21249999993359373,0.9312499997089843,0.6056679884120212,0.1582477470350136,0.05990626594144105
-0.5,-0.09999999999999998,2354.281982421875,74.55415344238281,1.1628258949411139,0.0,0.9,0.865625,1.0,0.0,0.9999999976744186,0.7369647276473313,1.0,0.9999999996875,0.26249999991796874,0.9937499996894531,0.29639866071119103,0.17269105800946102,-0.17269105800946102
-0.3999999999999999,-0.09999999999999998,2287.1494140625,73.15177917480469,0.8371165346569002,0.0,0.9,0.940625,1.0,0.0,0.9999999947368421,0.8683972173716846,1.0,0.9999999996875,0.42499999986718745,0.9968749996884765,0.12426581617325416,0.13179742143291776,-0.13179742143291776
-0.29999999999999993,-0.09999999999999998,2234.230712890625,71.98483276367188,0.6885040145502321,0.0,0.9,0.996875,1.0,0.0,0.9999999000000099,0.9932844932844933,1.0,0.9999999996875,0.6624999997929687,0.9999999996875,0.0344543899356321,0.10755883753920473,-0.10755883753920473
-0.19999999999999996,-0.09999999999999998,2195.892578125,71.07560729980469,0.6280485742844264,0.0,0.9,1.0,1.0,0.0,0.0,1.0,1.0,0.9999999996875,0.8093749997470703,0.9999999996875,0.008666259121362112,0.06459817014323424,-0.06459817014323424
-0.09999999999999998,-0.09999999999999998,2172.4541015625,70.44221496582031,0.5933132410596079,0.0,0.9,1.0,1.0,0.0,0.0,1.0,1.0,0.9999999996875,0.8624999997304686,0.9999999996875,0.006297120536598699,0.06103131103549678,-0.06103131103549678
0.0,-0.09999999999999998,2164.0302734375,70.09644317626953,0.5667355424067442,0.0,0.9,1.0,1.0,0.0,0.0,1.0,1.0,0.9999999996875,0.6687499997910156,0.9999999996875,0.008898442667939363,0.08268990520483947,-0.08268990520483947
0.10000000000000009,-0.09999999999999998,2170.638671875,70.04228210449219,0.5812054160225286,0.0,0.9,1.0,1.0,0.0,0.0,1.0,1.0,0.9999999996875,0.20312499993652341,0.9999999996875,0.030105842626064423,0.15235381370961362,-0.15235381370961362
0.20000000000000018,-0.09999999999999998,2192.46435546875,70.27533721923828,0.7095316268158371,0.0,0.9,0.99375,1.0,0.0,0.9999999500000026,0.9873626373626374,1.0,0.9999999996875,0.0843749999736328,0.9999999996875,0.11695267557223106,0.2837947003706219,-0.2837947003706219
0.30000000000000004,-0.09999999999999998,2229.113525390625,70.78343200683594,0.9833229464323264,0.0,0.9,0.959375,1.0,0.0,0.9999999923076924,0.9316479564894079,1.0,0.9999999996875,0.028124999991210934,0.9999999996875,0.29061790022189943,0.4197706905435304,-0.4197706905435304
0.40000000000000013,-0.09999999999999998,2280.39794921875,71.5481948852539,1.3599472012327576,0.0,0.9,0.6875,1.0,0.0,0.999999999,0.6164711055228297,1.0,0.9999999996875,0.006249999998046874,0.9999999996875,0.5031260846885937,0.25754166475617063,-0.25754166475617063
0.5,-0.09999999999999998,2346.466064453125,72.54711151123047,1.7530088074080854,0.0,0.9,0.428125,0.0,0.0,0.9999999994535519,0.32169116597688024,0.0,0.9999999996875,0.0,0.9812499996933594,0.6915818424667014,0.1702180581993521,-0.016865076715897886
0.6000000000000001,-0.09999999999999998,2426.253173828125,73.75574493408203,2.0683159891359995,0.0,0.9,0.340625,0.0,0.0,0.9999999995260663,0.23929181929181928,0.0,0.9999999996875,0.0,0.9093749997158203,0.8211447135770883,0.2686567570178251,0.08934390752933957
0.7000000000000002,-0.09999999999999998,2519.019775390625,75.14947509765625,2.397011852007883,0.0,0.9,0.296875,0.0,0.0,0.9999999995555556,0.1762674942149918,0.0,0.9999999996875,0.0,0.7749999997578124,0.9479187125312944,0.35269714593914436,0.16626382080178617
0.8,-0.09999999999999998,2623.488525390625,76.704833984375,2.68864445077423,0.0,0.9,0.215625,0.0,0.0,0.9920318721147283,0.09759316420150262,0.0,0.9999999996875,0.006249999998046874,0.7031249997802734,1.0262155020641057,0.3409284847862643,0.2820569970290078
0.9000000000000001,-0.09999999999999998,2737.90087890625,78.4003677368164,inf,0.0,0.9,0.15,0.0,0.0,0.9779411761110509,0.05738836545202851,0.0,0.9999999996875,0.018749999994140624,0.5906249998154296,1.1416325869299861,0.41977407845702003,0.4030521688113768
1.0,-0.09999999999999998,2861.5439453125,80.47355651855469,inf,0.0,0.9,0.109375,0.0,0.0,0.9052631575771006,0.021870869559945192,0.0,0.9999999996875,0.0843749999736328,0.4687499998535156,1.2819441209953935,0.5374702878927208,0.5374702878927208
-1.0,0.0,2870.441162109375,84.22772979736328,inf,0.0,0.9,0.075,0.10204081632653061,0.0,0.5540540538668736,0.027004814840355378,0.047533363322837,0.9999999996875,0.45937499985644525,0.4656249998544921,1.5478051715798762,0.7386069764747194,0.7386069764747194
-0.9,0.0,2745.807861328125,81.99909973144531,inf,0.0,0.9,0.134375,0.16161616161616163,0.0,0.7003610105774869,0.06731234491315137,0.10874125874125874,0.9999999996875,0.3093749999033203,0.5656249998232421,1.3598157987723307,0.6168688940528936,0.6168688940528936
-0.8,0.0,2629.84033203125,79.89252471923828,4.2437824831022555,0.0,0.9,0.225,0.34177215189873417,0.0,0.7903225803264828,0.1244424885733603,0.3448464912280702,0.9999999996875,0.24687499992285156,0.7531249997646484,1.0916253455617408,0.44466123658575263,0.44466123658575263
-0.7,0.0,2523.98095703125,77.92736053466797,2.756441967194769,0.0,0.9,0.396875,0.5535714285714286,0.0,0.8704663207925045,0.24824101701225038,0.3423611111111111,0.9999999996875,0.17499999994531248,0.8531249997333984,0.8460696293559224,0.23562188553713714,0.23562188553713714
-0.6,0.0,2429.682373046875,76.12525177001953,1.7071775333384438,0.0,0.9,0.615625,0.9354838709677419,0.0,0.9674796740101792,0.4305336859303485,0.5878205128205128,0.9999999996875,0.1937499999394531,0.9531249997021484,0.5680133594961362,0.13670735835370595,0.021066190375005765
-0.5,0.0,2348.510986328125,74.50987243652344,1.1338775407990116,0.0,0.9,0.85,0.98989898989899,0.0,0.9791666646267361,0.7047354766024843,0.8697916666666666,0.9999999996875,0.3093749999033203,0.9968749996884765,0.29147087604796695,0.1414492457061801,-0.1414492457061801
-0.3999999999999999,0.0,2281.296142578125,73.10587310791016,0.8415249537009645,0.0,0.9,0.921875,0.9868421052631579,0.0,0.91999999632,0.8465090617505953,0.8264590347923683,0.9999999996875,0.4749999998515625,0.9999999996875,0.13845831128096192,0.09916111648202351,-0.09916111648202351
-0.29999999999999993,0.0,2228.260986328125,71.93775177001953,0.6775750739958007,0.0,0.9,0.978125,1.0,0.0,0.9999999857142858,0.957070707070707,1.0,0.9999999996875,0.628124999803711,0.9999999996875,0.04325106283585926,0.08730129619041663,-0.08730129619041663
-0.19999999999999996,0.0,2189.4580078125,71.02789306640625,0.6087803957299707,0.0,0.9,1.0,1.0,0.0,0.0,1.0,1.0,0.9999999996875,0.7406249997685547,0.9999999996875,0.011084197106165835,0.07210011300766149,-0.07210011300766149
-0.09999999999999998,0.0,2166.025634765625,70.39443969726562,0.5760865930734524,0.0,0.9,1.0,1.0,0.0,0.0,1.0,1.0,0.9999999996875,0.8656249997294921,0.9999999996875,0.005830715090968949,0.0650251090939992,-0.0650251090939992
0.0,0.0,2157.497802734375,70.04925537109375,0.5567107446908278,0.0,0.9,1.0,1.0,0.0,0.0,1.0,1.0,0.9999999996875,0.6031249998115233,0.9999999996875,0.011076431508192592,0.09717971571277739,-0.09717971571277739
0.10000000000000009,0.0,2164.05859375,69.99634552001953,0.5946361899657967,0.0,0.9,1.0,1.0,0.0,0.0,1.0,1.0,0.9999999996875,0.09687499996972655,0.9999999996875,0.04115910423644523,0.1815353950837266,-0.1815353950837266
0.20000000000000018,0.0,2185.975830078125,70.23133850097656,0.7580075708421984,0.0,0.9,0.996875,1.0,0.0,0.9999999000000099,0.9943664965986395,1.0,0.9999999996875,0.0843749999736328,0.9999999996875,0.14942085789161969,0.3328476564975473,-0.3328476564975473
0.30000000000000004,0.0,2222.627197265625,70.74195861816406,1.1076112048832982,0.0,0.9,0.828125,1.0,0.0,0.9999999981818182,0.7735351285559587,1.0,0.9999999996875,0.05312499998339843,0.9999999996875,0.3796411954292035,0.3424323301828957,-0.3424323301828957
0.40000000000000013,0.0,2274.020263671875,71.50975799560547,1.6039147533068367,0.0,0.9,0.44375,1.0,0.0,0.9999999994382023,0.38715773505247186,1.0,0.9999999996875,0.049999999984374995,0.9999999996875,0.6603007072835414,0.14597877428347356,-0.00047227190927759746
0.5,0.0,2340.13427734375,72.51210021972656,2.0951715050326047,0.0,0.9,0.253125,1.0,0.0,0.99999999958159,0.2074074074074074,1.0,0.9999999996875,0.012499999996093749,0.971874999696289,0.8880315301894542,0.3403702720129565,0.24491049467179715
0.6000000000000001,0.0,2420.20947265625,73.72441864013672,2.5775483092736184,0.0,0.9,0.184375,1.0,0.0,0.9999999996168581,0.15188916851577663,1.0,0.9999999996875,0.003124999999023437,0.8312499997402343,1.0703369176863098,0.4171542930414682,0.380321563991723
0.7000000000000002,0.0,2513.07080078125,75.1219482421875,3.0108646744323644,0.0,0.9,0.134375,1.0,0.0,0.9999999996389891,0.06910505430242272,1.0,0.9999999996875,0.006249999998046874,0.6781249997880859,1.2033678831421837,0.513429672733645,0.49034132193231916
0.8,0.0,2617.608642578125,76.68118286132812,3.4389743117136775,0.0,0.9,0.1,0.8,0.0,0.9965277774317611,0.02274114774114774,0.4,0.9999999996875,0.015624999995117187,0.5406249998310546,1.3146448234118886,0.5863129625043009,0.5863129625043009
0.9000000000000001,0.0,2732.479736328125,78.3804931640625,4.01727530074275,0.0,0.9,0.090625,0.35802469135802467,0.0,0.8213058416421629,0.0066820276497695855,0.03978052126200274,0.9999999996875,0.25312499992089843,0.4124999998710937,1.4456601191128748,0.6795414078082413,0.6795414078082413
1.0,0.0,2855.8720703125,80.20072174072266,5.587184603527303,0.0,0.9,0.09375,0.09375,0.0,0.0,0.006696428571428571,0.006696428571428571,0.9999999996875,0.9999999996875,0.36562499988574215,1.71703936675112,0.8559198016246264,0.8559198016246264
-1.0,0.10000000000000009,2877.74755859375,84.40232849121094,inf,0.0,0.9,0.059375,0.07534246575342465,0.0,0.5514950164280747,0.021139050858438615,0.012334887334887336,0.9999999996875,0.4562499998574218,0.4906249998466797,1.574007651579555,0.7563888874110027,0.7563888874110027
-0.9,0.10000000000000009,2753.5595703125,82.1818618774414,inf,0.0,0.9,0.1375,0.14432989690721648,0.0,0.6992753620654799,0.07617646318951417,0.10790598290598291,0.9999999996875,0.3031249999052734,0.5843749998173827,1.3421201727477774,0.5983374543363902,0.5932708071184445
-0.8,0.10000000000000009,2638.342041015625,80.08391571044922,4.070931162477861,0.0,0.9,0.225,0.2923076923076923,0.0,0.8145161287038242,0.14617616553100424,0.3090909090909091,0.9999999996875,0.20312499993652341,0.8031249997490234,1.104467210449479,0.43942098652796263,0.43942098652796263
-0.7,0.10000000000000009,2532.81689453125,78.12771606445312,2.7123906546755268,0.0,0.9,0.365625,0.5263157894736842,0.0,0.8669950734645345,0.21983061650976868,0.3559895833333333,0.9999999996875,0.17812499994433592,0.8406249997373046,0.8712568904246386,0.253087630910277,0.253087630910277
-0.6,0.10000000000000009,2438.73046875,76.33475494384766,1.6907580991194082,0.0,0.9,0.578125,0.9629629629629629,0.0,0.9851851844554185,0.3944703278045593,0.6841269841269841,0.9999999996875,0.1687499999472656,0.9406249997060546,0.5837715042285458,0.11167398272609634,0.037212874943833754
-0.5,0.10000000000000009,2357.4169921875,74.72828674316406,1.1745627168346733,0.0,0.9,0.846875,0.9767441860465116,0.0,0.95918367151187,0.6942706500876009,0.796875,0.9999999996875,0.2687499999160156,0.9843749996923827,0.3234558350604638,0.1618630302609057,-0.15303899527815595
-0.3999999999999999,0.10000000000000009,2289.889404296875,73.33267974853516,0.838560612119779,0.0,0.9,0.934375,0.9920634920634921,0.0,0.952380947845805,0.873179069607641,0.8962962962962961,0.9999999996875,0.3937499998769531,0.9999999996875,0.15068806551711866,0.1319359642157087,-0.1319359642157087
-0.29999999999999993,0.10000000000000009,2236.91259765625,72.17190551757812,0.6782603247412204,0.0,0.9,0.96875,1.0,0.0,0.9999999900000002,0.9399092970521542,1.0,0.9999999996875,0.5656249998232421,0.9999999996875,0.061950601339987005,0.09957535667247935,-0.09957535667247935
-0.19999999999999996,0.10000000000000009,2198.34619140625,71.26788330078125,0.6031004069824865,0.0,0.9,0.996875,1.0,0.0,0.9999999000000099,0.9933862433862435,1.0,0.9999999996875,0.6968749997822266,0.9999999996875,0.022317554645048403,0.09413335367746942,-0.09413335367746942
-0.09999999999999998,0.10000000000000009,2174.72216796875,70.63838958740234,0.5698991423114288,0.0,0.9,1.0,1.0,0.0,0.0,1.0,1.0,0.9999999996875,0.6374999998007812,0.9999999996875,0.014103830449869518,0.09904978186945981,-0.09904978186945981
0.0,0.10000000000000009,2166.052001953125,70.29499816894531,0.5743980292835238,0.0,0.9,1.0,1.0,0.0,0.0,1.0,1.0,0.9999999996875,0.20624999993554685,0.9999999996875,0.025672205520135948,0.14339835869962309,-0.14339835869962309
0.10000000000000009,0.10000000000000009,2172.3984375,70.24166107177734,0.6679786190905314,0.0,0.9,1.0,1.0,0.0,0.0,1.0,1.0,0.9999999996875,0.09062499997167968,0.9999999996875,0.08777676358134105,0.2601515086842305,-0.2601515086842305
0.20000000000000018,0.10000000000000009,2194.19140625,70.47411346435547,0.9477366377110692,0.0,0.9,0.921875,1.0,0.0,0.999999996,0.8829700435290497,1.0,0.9999999996875,0.08749999997265624,0.9999999996875,0.2818701309766321,0.37216737209344064,-0.37216737209344064
0.30000000000000004,0.10000000000000009,2230.687744140625,70.98042297363281,1.413661117890718,0.0,0.9,0.571875,1.0,0.0,0.999999999270073,0.5025559221217903,1.0,0.9999999996875,0.08749999997265624,0.9999999996875,0.5859782153490232,0.18868037418568595,-0.11785750205640036
0.40000000000000013,0.10000000000000009,2282.324462890625,71.74251556396484,2.04529138289178,0.0,0.9,0.140625,1.0,0.0,0.9999999996363635,0.08575474634298164,1.0,0.9999999996875,0.07812499997558593,0.9968749996884765,0.9208389538936145,0.4268973127765065,0.3975489089356439
0.5,0.10000000000000009,2348.49169921875,72.73818969726562,2.7147709780379543,0.0,0.9,0.1125,1.0,0.0,0.9999999996478872,0.0427437641723356,1.0,0.9999999996875,0.06562499997949219,0.8812499997246093,1.1839026602262794,0.5819315646253466,0.5503652970842403
0.6000000000000001,0.10000000000000009,2428.57763671875,73.94328308105469,3.329590206311638,0.0,0.9,0.1,0.8947368421052632,0.0,0.9930555552107445,0.014084191670398566,0.4473684210526316,0.9999999996875,0.05937499998144531,0.621874999805664,1.3629662272663468,0.6544678569918951,0.65376073075184
0.7000000000000002,0.10000000000000009,2521.203857421875,75.33336639404297,3.944660107874376,0.0,0.9,0.096875,0.375,0.0,0.8442906571473042,0.006919642857142858,0.046875,0.9999999996875,0.22499999992968747,0.5093749998408202,1.4990101549069046,0.7343542650524286,0.7343542650524286
0.8,0.10000000000000009,2625.4501953125,76.8851547241211,4.6560177825510305,0.0,0.9,0.09375,0.14084507042253522,0.0,0.36896551711414977,0.006696428571428571,0.012804097311139566,0.9999999996875,0.6656249997919922,0.4374999998632812,1.6261367440877168,0.8076894933802461,0.8076894933802461
0.9000000000000001,0.10000000000000009,2739.82470703125,78.57722473144531,5.695296936570135,0.0,0.9,0.096875,0.096875,0.0,0.0,0.006919642857142858,0.006919642857142858,0.9999999996875,0.9999999996875,0.421874999868164,1.7285627304078062,0.8622855180770382,0.8622855180770382
1.0,0.10000000000000009,2863.144775390625,80.54899597167969,8.011626178726216,0.0,0.9,0.090625,0.090625,0.0,0.0,0.006473214285714285,0.006473214285714285,0.9999999996875,0.9999999996875,0.39999999987499996,1.7979175390812097,0.8977977985209686,0.8977977985209686
-1.0,0.20000000000000018,2897.408447265625,84.7820816040039,inf,0.0,0.9,0.046875,0.07741935483870968,0.0,0.5311475408094598,0.011841597361125732,0.01593543046357616,0.9999999996875,0.4843749998486328,0.49687499984472655,1.6056458267048355,0.7574332822383514,0.7574332822383514
-0.9,0.20000000000000018,2774.19580078125,82.58028411865234,6.137968131329992,0.0,0.9,0.11875,0.14705882352941177,0.0,0.6914893614569186,0.06667650124899195,0.16875,0.9999999996875,0.3187499999003906,0.571874999821289,1.3476301626156073,0.6067377658189143,0.6067377658189143
-0.8,0.20000000000000018,2659.868896484375,80.50183868408203,4.068014874160332,0.0,0.9,0.234375,0.2857142857142857,0.0,0.8163265302790504,0.15657098309409237,0.3477272727272727,0.9999999996875,0.19687499993847654,0.7593749997626953,1.0974963725211149,0.41812688799615616,0.41812688799615616
-0.7,0.20000000000000018,2555.311279296875,78.56563568115234,2.677592080923866,0.0,0.9,0.33125,0.5,0.0,0.8831775696807582,0.19708418980127665,0.4693877551020408,0.9999999996875,0.15624999995117186,0.8406249997373046,0.8834571393818815,0.2641269166462161,0.2641269166462161
-0.6,0.20000000000000018,2461.876953125,76.79265594482422,1.822979485291814,0.0,0.9,0.490625,0.8076923076923077,0.0,0.9386503061726073,0.3021469995886733,0.4523569023569023,0.9999999996875,0.16249999994921874,0.9437499997050781,0.664193784980667,0.12635195265009347,0.10756217213028273
-0.5,0.20000000000000018,2381.16259765625,75.20555114746094,1.2441061247913394,0.0,0.9,0.790625,0.9322033898305084,0.0,0.940298506059256,0.6299525297256544,0.6321428571428571,0.9999999996875,0.1843749999423828,0.9843749996923827,0.3810638893395489,0.17143671953268955,-0.16469526791174746
-0.3999999999999999,0.20000000000000018,2313.93310546875,73.82774353027344,0.9196975524068302,0.0,0.9,0.9125,0.9886363636363636,0.0,0.9642857108418367,0.814399215670108,0.826923076923077,0.9999999996875,0.2749999999140625,0.9968749996884765,0.2082044127420968,0.16712968020142488,-0.16712968020142488
-0.29999999999999993,0.20000000000000018,2260.6337890625,72.68234252929688,0.715352318284964,0.0,0.9,0.953125,1.0,0.0,0.9999999933333334,0.8984520123839009,1.0,0.9999999996875,0.3593749998876953,0.9999999996875,0.09870050078936891,0.1392380651000732,-0.1392380651000732
-0.19999999999999996,0.20000000000000018,2221.961669921875,71.7902603149414,0.6370234719664092,0.0,0.9,0.98125,1.0,0.0,0.9999999833333336,0.962797619047619,1.0,0.9999999996875,0.3624999998867187,0.9999999996875,0.057197467114926286,0.1393940009877698,-0.1393940009877698
-0.09999999999999998,0.20000000000000018,2198.0869140625,71.16846466064453,0.6092353698953706,0.0,0.9,1.0,1.0,0.0,0.0,1.0,1.0,0.9999999996875,0.22499999992968747,0.9999999996875,0.0462302508170581,0.17522091696522488,-0.17522091696522488
0.0,0.20000000000000018,2189.64892578125,70.82801055908203,0.6637158141907411,0.0,0.9,1.0,1.0,0.0,0.0,1.0,1.0,0.9999999996875,0.14062499995605468,0.9999999996875,0.08334832552817868,0.2484617797053885,-0.2484617797053885
0.10000000000000009,0.20000000000000018,2195.880126953125,70.77265930175781,0.8674374287686525,0.0,0.9,0.971875,1.0,0.0,0.9999999888888891,0.9517261177975465,1.0,0.9999999996875,0.09687499996972655,0.9999999996875,0.22672765538805864,0.37821335846103094,-0.37821335846103094
0.20000000000000018,0.20000000000000018,2217.400146484375,70.99842834472656,1.290960023810011,0.0,0.9,0.60625,1.0,0.0,0.9999999992063493,0.5251212676212677,1.0,0.9999999996875,0.09062499997167968,0.9999999996875,0.5282908744558149,0.14516435758680712,-0.1301691965403324
0.30000000000000004,0.20000000000000018,2253.731689453125,71.49398803710938,1.9385041087595198,0.0,0.9,0.115625,1.0,0.0,0.999999999646643,0.0324446207248755,1.0,0.9999999996875,0.09374999997070312,0.9999999996875,0.912915836208743,0.4783282409165074,0.4506125285935681
0.40000000000000013,0.20000000000000018,2305.156494140625,72.24214172363281,2.731219809267205,0.0,0.9,0.096875,1.0,0.0,0.9999999996539791,0.006919642857142858,1.0,0.9999999996875,0.09687499996972655,0.9468749997041015,1.244699536632747,0.6321828229409763,0.6202613346095351
0.5,0.20000000000000018,2370.97998046875,73.22160339355469,3.4944759146838456,0.0,0.9,0.096875,0.6595744680851063,0.0,0.9446366778738281,0.006919642857142858,0.16489361702127658,0.9999999996875,0.14687499995410155,0.6843749997861328,1.4529365820772744,0.720989256638164,0.720989256638164
0.6000000000000001,0.20000000000000018,2450.850830078125,74.40907287597656,4.2426733122107425,0.0,0.9,0.09375,0.18518518518518517,0.0,0.5448275860190249,0.006696428571428571,0.018518518518518517,0.9999999996875,0.5062499998417969,0.49687499984472655,1.5939396652634779,0.7930610651655567,0.7930610651655567
0.7000000000000002,0.20000000000000018,2543.300537109375,75.7809066772461,4.982454677114823,0.0,0.9,0.09375,0.09646302250803858,0.0,0.031034482747919142,0.006696428571428571,0.006890215893431327,0.9999999996875,0.971874999696289,0.4562499998574218,1.6868545663554932,0.8412583432288275,0.8412583432288275
0.8,0.20000000000000018,2646.819091796875,77.31439971923828,5.823715379588925,0.0,0.9,0.096875,0.096875,0.0,0.0,0.006919642857142858,0.006919642857142858,0.9999999996875,0.9999999996875,0.421874999868164,1.742440085525821,0.8697419041617029,0.8697419041617029
0.9000000000000001,0.20000000000000018,2760.559326171875,79.14703369140625,7.05337605674742,0.0,0.9,0.096875,0.096875,0.0,0.0,0.006919642857142858,0.006919642857142858,0.9999999996875,0.9999999996875,0.41562499987011714,1.7793415374653136,0.8885650628909357,0.8885650628909357
1.0,0.20000000000000018,2883.073486328125,81.1015625,9.134124000972305,0.0,0.9,0.096875,0.096875,0.0,0.0,0.006919642857142858,0.006919642857142858,0.9999999996875,0.9999999996875,0.4031249998740234,1.79765708093995,0.8981569761082074,0.8981569761082074
-1.0,0.30000000000000004,2929.1044921875,85.36237335205078,inf,0.0,0.9,0.04375,0.07514450867052024,0.0,0.477124182850613,0.009341683355134453,0.022847162817222696,0.9999999996875,0.5406249998310546,0.4687499998535156,1.6158606792883858,0.7427028572668863,0.7427028572668863
-0.9,0.30000000000000004,2806.999267578125,83.18897247314453,6.002510904424879,0.0,0.9,0.1,0.125,0.0,0.6840277775402681,0.0484275304208361,0.09248258159149249,0.9999999996875,0.3249999998984375,0.5749999998203125,1.3598122861372381,0.6241388795019229,0.6241388795019229
-0.8,0.30000000000000004,2693.893310546875,81.13999938964844,4.0668619773022865,0.0,0.9,0.225,0.2878787878787879,0.0,0.810483870640934,0.1477215561066493,0.31359649122807015,0.9999999996875,0.20624999993554685,0.7249999997734374,1.1265631570835102,0.424155969060825,0.424155969060825
-0.7,0.30000000000000004,2590.953369140625,79.23379516601562,2.755262462823828,0.0,0.9,0.321875,0.4888888888888889,0.0,0.894009216177876,0.19781294715367026,0.5335648148148148,0.9999999996875,0.14062499995605468,0.8343749997392578,0.9163865206673072,0.26825454085827627,0.25943659301084554
-0.6,0.30000000000000004,2498.768310546875,77.4905776977539,1.952844866796374,0.0,0.9,0.471875,0.7777777777777778,0.0,0.9526627213297854,0.29399909341801805,0.5189393939393939,0.9999999996875,0.11249999996484374,0.9343749997080077,0.7244339824832319,0.15986892133652164,0.08388785599391127
-0.5,0.30000000000000004,2418.972900390625,75.93199157714844,1.426969666551854,0.0,0.9,0.653125,0.975,0.0,0.9909909900982063,0.47041344511727784,0.7916666666666667,0.9999999996875,0.1249999999609375,0.9781249996943359,0.492425614395618,0.10027479863149852,-0.08920970242257409
-0.3999999999999999,0.30000000000000004,2352.349365234375,74.58028411865234,1.0545348314140335,0.0,0.9,0.890625,1.0,0.0,0.9999999971428571,0.7699803439434776,1.0,0.9999999996875,0.14687499995410155,0.9968749996884765,0.2982308676300101,0.2555604690663633,-0.2555604690663633
-0.29999999999999993,0.30000000000000004,2299.318115234375,73.45716857910156,0.8472220847439432,0.0,0.9,0.915625,1.0,0.0,0.9999999962962962,0.8203911145717238,1.0,0.9999999996875,0.15624999995117186,0.9968749996884765,0.1889538960486578,0.22495026072706545,-0.22091149021669731
-0.19999999999999996,0.30000000000000004,2260.736328125,72.58226776123047,0.7354684801827507,0.0,0.9,0.96875,1.0,0.0,0.9999999900000002,0.9340881807268361,1.0,0.9999999996875,0.20624999993554685,0.9999999996875,0.1246998086965111,0.23403324170707984,-0.23403324170707984
-0.09999999999999998,0.30000000000000004,2236.741455078125,71.97138977050781,0.7531712023781347,0.0,0.9,0.99375,1.0,0.0,0.9999999500000026,0.9864945978391357,1.0,0.9999999996875,0.15624999995117186,0.9999999996875,0.1409998313024995,0.30602853261540547,-0.30602853261540547
0.0,0.30000000000000004,2227.9326171875,71.63483428955078,0.9057628450439227,0.0,0.9,0.95625,1.0,0.0,0.9999999928571429,0.9100990187368926,1.0,0.9999999996875,0.09687499996972655,0.9999999996875,0.24792548878427145,0.3717817010232046,-0.3717817010232046
0.10000000000000009,0.30000000000000004,2234.20068359375,71.57615661621094,1.2723565562407961,0.0,0.9,0.609375,1.0,0.0,0.9999999992,0.49065365668813943,1.0,0.9999999996875,0.09374999997070312,0.9999999996875,0.5099923824101916,0.12706915622211082,-0.12706915622211082
0.20000000000000018,0.30000000000000004,2255.228515625,71.79167938232422,1.9101500844395154,0.0,0.9,0.121875,1.0,0.0,0.999999999644128,0.029404761904761902,1.0,0.9999999996875,0.09687499996972655,0.9999999996875,0.9145656771381153,0.4687110548693132,0.45950407381004765
0.30000000000000004,0.30000000000000004,2291.37646484375,72.27100372314453,2.7258847645130664,0.0,0.9,0.090625,0.9354838709677419,0.0,0.9931271474250422,0.006473214285714285,0.3118279569892473,0.9999999996875,0.09687499996972655,0.9812499996933594,1.2772882285337526,0.6494811211153628,0.6494811211153628
0.40000000000000013,0.30000000000000004,2342.436767578125,72.9980239868164,3.586146330636082,0.0,0.9,0.096875,0.4189189189189189,0.0,0.8512110723698231,0.006919642857142858,0.059845559845559844,0.9999999996875,0.23124999992773435,0.743749999767578,1.5052750750536352,0.7545387613538218,0.7545387613538218
0.5,0.30000000000000004,2408.0859375,73.95286560058594,4.38980665964039,0.0,0.9,0.096875,0.1341991341991342,0.0,0.3079584774020905,0.006919642857142858,0.011183261183261184,0.9999999996875,0.721874999774414,0.5343749998330077,1.6331765213061946,0.8158125944982568,0.8158125944982568
0.6000000000000001,0.30000000000000004,2487.162109375,75.11347961425781,5.173167983542255,0.0,0.9,0.096875,0.09717868338557993,0.0,0.0034602076112594435,0.006919642857142858,0.006941334527541423,0.9999999996875,0.9968749996884765,0.44062499986230463,1.7096935891988025,0.8535854930936354,0.8535854930936354
0.7000000000000002,0.30000000000000004,2578.5791015625,76.45732879638672,5.985730337591301,0.0,0.9,0.09375,0.09375,0.0,0.0,0.006696428571428571,0.006696428571428571,0.9999999996875,0.9999999996875,0.41562499987011714,1.759590886983,0.8787472719129411,0.8787472719129411
0.8,0.30000000000000004,2681.264892578125,78.1211166381836,6.881940513301131,0.0,0.9,0.096875,0.096875,0.0,0.0,0.006919642857142858,0.006919642857142858,0.9999999996875,0.9999999996875,0.4187499998691406,1.7793695956658098,0.8888015622003278,0.8888015622003278
0.9000000000000001,0.30000000000000004,2793.859619140625,79.92606353759766,8.114967183892063,0.0,0.9,0.096875,0.096875,0.0,0.0,0.006919642857142858,0.006919642857142858,0.9999999996875,0.9999999996875,0.4031249998740234,1.7941924653194192,0.8964748615081234,0.8964748615081234
1.0,0.30000000000000004,2914.851806640625,81.8537826538086,9.955942145546684,0.0,0.9,0.096875,0.096875,0.0,0.0,0.006919642857142858,0.006919642857142858,0.9999999996875,0.9999999996875,0.36562499988574215,1.8020102426236415,0.9006461972026905,0.9006461972026905
-1.0,0.40000000000000013,2972.447265625,86.13604736328125,inf,0.0,0.9,0.046875,0.05434782608695652,0.0,0.4295081965804891,0.01089231679293791,0.004226542688081149,0.9999999996875,0.5749999998203125,0.47812499985058593,1.6501484259484611,0.7384201884830934,0.7384201884830934
-0.9,0.40000000000000013,2852.351806640625,83.99967956542969,6.3487209957672786,0.0,0.9,0.075,0.09090909090909091,0.0,0.6283783781660883,0.032164943899637775,0.022619047619047615,0.9999999996875,0.3781249998818359,0.5437499998300781,1.4417983837639787,0.6525457682554485,0.6525457682554485
-0.8,0.40000000000000013,2741.119140625,81.9887924194336,4.1738195538221925,0.0,0.9,0.1625,0.16216216216216217,0.0,0.7686567161310982,0.09728820110051782,0.1626984126984127,0.9999999996875,0.23124999992773435,0.6781249997880859,1.1800238556326896,0.4666077260961913,0.4666077260961913
-0.7,0.40000000000000013,2639.7451171875,80.12110900878906,2.8793757816458827,0.0,0.9,0.3,0.45454545454545453,0.0,0.892857142458546,0.17517355166317713,0.5588235294117647,0.9999999996875,0.13749999995703124,0.8093749997470703,0.9494551249331289,0.2730300049752287,0.25211430215105696
-0.6,0.40000000000000013,2548.907958984375,78.41581726074219,2.0596264427247073,0.0,0.9,0.421875,0.76,0.0,0.9675675670445582,0.25726141958282966,0.6,0.9999999996875,0.07812499997558593,0.9187499997128905,0.7603396214487639,0.14523704067180848,0.09268060130809794
-0.5,0.40000000000000013,2470.37353515625,76.8932876586914,1.5892347256387063,0.0,0.9,0.60625,1.0,0.0,0.9999999992063493,0.41969668712187597,1.0,0.9999999996875,0.07812499997558593,0.9687499996972656,0.5751964213818354,0.12311591352663732,-0.11092570351760435
-0.3999999999999999,0.40000000000000013,2404.855224609375,75.5743179321289,1.2936737755486436,0.0,0.9,0.778125,1.0,0.0,0.9999999985915494,0.5966012681688767,1.0,0.9999999996875,0.0749999999765625,0.9843749996923827,0.433858506322649,0.25836226221564607,-0.25836226221564607
-0.29999999999999993,0.40000000000000013,2352.343994140625,74.47900390625,1.0328026803403452,0.0,0.9,0.903125,1.0,0.0,0.9999999967741935,0.7965494343920511,1.0,0.9999999996875,0.09062499997167968,0.9999999996875,0.3058554801113579,0.33320260303746396,-0.33320260303746396
-0.19999999999999996,0.40000000000000013,2314.21923828125,73.62538146972656,1.0008676567175712,0.0,0.9,0.915625,1.0,0.0,0.9999999962962962,0.8193770184841613,1.0,0.9999999996875,0.11562499996386717,0.9968749996884765,0.29447551948088563,0.3590271802090997,-0.3590271802090997
-0.09999999999999998,0.40000000000000013,2290.7421875,73.02794647216797,1.0976284045992506,0.0,0.9,0.88125,1.0,0.0,0.999999997368421,0.7846321591600043,1.0,0.9999999996875,0.09687499996972655,0.9968749996884765,0.3606524104468281,0.37261565965432614,-0.37261565965432614
0.0,0.40000000000000013,2281.588623046875,72.69605255126953,1.4042899804591222,0.0,0.9,0.53125,1.0,0.0,0.9999999993333334,0.39468523804160377,1.0,0.9999999996875,0.09687499996972655,0.9937499996894531,0.569797040278444,0.13822220309785382,-0.06517541368067303
0.10000000000000009,0.40000000000000013,2287.36474609375,72.63302612304688,1.9505159941622874,0.0,0.9,0.14375,1.0,0.0,0.9999999996350364,0.04857863448027382,1.0,0.9999999996875,0.09687499996972655,0.9999999996875,0.9187457978467007,0.4459635428945495,0.4374974520375689
0.20000000000000018,0.40000000000000013,2307.792724609375,72.83558654785156,2.7152872496188154,0.0,0.9,0.096875,0.96875,0.0,0.9965397920427197,0.006919642857142858,0.484375,0.9999999996875,0.09999999996874999,0.9874999996914062,1.2794325824431827,0.6570032847963465,0.6544411904649436
0.30000000000000004,0.40000000000000013,2343.54296875,73.29425811767578,3.6090739005205483,0.0,0.9,0.096875,0.3780487804878049,0.0,0.8235294114797476,0.006919642857142858,0.06300813008130081,0.9999999996875,0.25624999991992187,0.7593749997626953,1.5270939207390613,0.7688573221392911,0.7688573221392911
0.40000000000000013,0.40000000000000013,2393.89453125,73.99444580078125,4.52745676522479,0.0,0.9,0.090625,0.10469314079422383,0.0,0.14776632297327616,0.006473214285714285,0.007478081485301702,0.9999999996875,0.8656249997294921,0.5781249998193358,1.672417672402181,0.8371712914757584,0.8371712914757584
0.5,0.40000000000000013,2458.589599609375,74.91780853271484,5.321397961046405,0.0,0.9,0.096875,0.096875,0.0,0.0,0.006919642857142858,0.006919642857142858,0.9999999996875,0.9999999996875,0.42499999986718745,1.7271981051695755,0.8628693694141061,0.8628693694141061
0.6000000000000001,0.40000000000000013,2536.68896484375,76.04390716552734,6.1001906128594685,0.0,0.9,0.096875,0.096875,0.0,0.0,0.006919642857142858,0.006919642857142858,0.9999999996875,0.9999999996875,0.421874999868164,1.7623180133424883,0.8802788967050136,0.8802788967050136
0.7000000000000002,0.40000000000000013,2627.1005859375,77.51010131835938,6.913614325533866,0.0,0.9,0.09375,0.09375,0.0,0.0,0.006696428571428571,0.006696428571428571,0.9999999996875,0.9999999996875,0.41562499987011714,1.788190216939239,0.89341956318261,0.89341956318261
0.8,0.40000000000000013,2728.329833984375,79.13725280761719,7.882561907473273,0.0,0.9,0.09375,0.09375,0.0,0.0,0.006696428571428571,0.006696428571428571,0.9999999996875,0.9999999996875,0.38124999988085934,1.79968266757369,0.8993179911421804,0.8993179911421804
0.9000000000000001,0.40000000000000013,2839.5029296875,80.90595245361328,9.079712113937983,0.0,0.9,0.09375,0.09375,0.0,0.0,0.006696428571428571,0.006696428571428571,0.9999999996875,0.9999999996875,0.3874999998789062,1.806437261637956,0.9028615468765073,0.9028615468765073
1.0,0.40000000000000013,2958.9697265625,82.79847717285156,10.647966362663231,0.0,0.9,0.09375,0.09375,0.0,0.0,0.006696428571428571,0.006696428571428571,0.9999999996875,0.9999999996875,0.3968749998759765,1.8100598131565926,0.9048387402308319,0.9048387402308319
-1.0,0.5,3027.548583984375,87.09387969970703,inf,0.0,0.9,0.04375,0.05555555555555555,0.0,0.388888888761801,0.010722470806504418,0.010897731709914453,0.9999999996875,0.6187499998066406,0.43437499986425776,1.67466372184249,0.7413518603503984,0.7413518603503984
-0.9,0.5,2909.7841796875,85.001708984375,6.630398522329774,0.0,0.9,0.0625,0.07746478873239436,0.0,0.5633333331455556,0.02589722366846,0.0664748201438849,0.9999999996875,0.44374999986132807,0.521874999836914,1.478494399628664,0.6620795069739969,0.6620795069739969
-0.8,0.5,2800.670166015625,83.0360336303711,4.399227817288881,0.0,0.9,0.10625,0.13636363636363635,0.0,0.734265734008998,0.05561132946001367,0.12403100775193798,0.9999999996875,0.2749999999140625,0.5999999998125,1.2302702241734433,0.5087327283418186,0.5087327283418186
-0.7,0.5,2701.073974609375,81.21361541748047,2.9620707396324866,0.0,0.9,0.2375,0.43902439024390244,0.0,0.9057377045468288,0.1311338551083133,0.3003472222222222,0.9999999996875,0.12812499995996093,0.7499999997656249,0.993934894817715,0.30897161274166857,0.30897161274166857
-0.6,0.5,2612.151123046875,79.55254364013672,2.271721746786634,0.0,0.9,0.371875,0.6296296296296297,0.0,0.950248755746145,0.21550217922813014,0.5714285714285714,0.9999999996875,0.0843749999736328,0.8562499997324218,0.8231397787413858,0.13735112715519238,0.11455228598373121
-0.5,0.5,2535.0341796875,78.0717544555664,1.8696888549707247,0.0,0.9,0.484375,0.9375,0.0,0.9939393933370064,0.28613316156535173,0.7307692307692308,0.9999999996875,0.049999999984374995,0.893749999720703,0.6868300279980158,0.08117008093235686,-0.030160257266552498
-0.3999999999999999,0.5,2470.742431640625,76.79039764404297,1.5389540364511438,0.0,0.9,0.659375,1.0,0.0,0.9999999990825689,0.4581838663556277,1.0,0.9999999996875,0.03749999998828125,0.9781249996943359,0.5688674341225688,0.23333634508751638,-0.23333634508751638
-0.29999999999999993,0.5,2419.1337890625,75.72682189941406,1.380651637120854,0.0,0.9,0.759375,1.0,0.0,0.9999999987012987,0.6032924900878952,1.0,0.9999999996875,0.03437499998925781,0.9843749996923827,0.504910642224252,0.31181544228884944,-0.31181544228884944
-0.19999999999999996,0.5,2381.724853515625,74.89739227294922,1.3932249267406038,0.0,0.9,0.70625,1.0,0.0,0.9999999989361703,0.5620379092873333,1.0,0.9999999996875,0.07812499997558593,0.9937499996894531,0.522000827350859,0.2764528898287268,-0.2764528898287268
-0.09999999999999998,0.5,2358.48974609375,74.31510162353516,1.6053102649061237,0.0,0.9,0.471875,1.0,0.0,0.9999999994082841,0.3205566822901318,1.0,0.9999999996875,0.0843749999736328,0.9812499996933594,0.6603476927347937,0.24289300681863657,-0.02279434525257941
0.0,0.5,2349.501953125,73.98844909667969,2.102944880388307,0.0,0.9,0.134375,1.0,0.0,0.9999999996389891,0.04005452219737934,1.0,0.9999999996875,0.09687499996972655,0.9531249997021484,0.9598371854082107,0.44861939857992333,0.4393623704808492
0.10000000000000009,0.5,2354.922607421875,73.92036437988281,2.8319687753766156,0.0,0.9,0.096875,0.8157894736842105,0.0,0.975778546375163,0.006919642857142858,0.20394736842105263,0.9999999996875,0.11874999996289062,0.9281249997099609,1.2974036881830093,0.6582841136652412,0.6582841136652412
0.20000000000000018,0.5,2375.10107421875,74.10801696777344,3.719151470187893,0.0,0.9,0.090625,0.3020833333333333,0.0,0.769759449907299,0.006473214285714285,0.043154761904761904,0.9999999996875,0.29999999990625,0.7468749997666015,1.5542498839900292,0.7825501433063807,0.7825501433063807
0.30000000000000004,0.5,2409.916259765625,74.5429916381836,4.601289180282566,0.0,0.9,0.09375,0.09900990099009901,0.0,0.05862068963495838,0.006696428571428571,0.007072135785007073,0.9999999996875,0.9468749997041015,0.6124999998085937,1.6819123192066034,0.8421677245796912,0.8421677245796912
0.40000000000000013,0.5,2459.359619140625,75.21217346191406,5.448907552459837,0.0,0.9,0.09375,0.09375,0.0,0.0,0.006696428571428571,0.006696428571428571,0.9999999996875,0.9999999996875,0.4562499998574218,1.744370092606125,0.8718697422961152,0.8718697422961152
0.5,0.5,2522.62353515625,76.0989761352539,6.232397050187264,0.0,0.9,0.096875,0.096875,0.0,0.0,0.006919642857142858,0.006919642857142858,0.9999999996875,0.9999999996875,0.3781249998818359,1.7693669064863229,0.8839835757149966,0.8839835757149966
0.6000000000000001,0.5,2599.63671875,77.34320831298828,7.018778851323641,0.0,0.9,0.09375,0.09375,0.0,0.0,0.006696428571428571,0.006696428571428571,0.9999999996875,0.9999999996875,0.3593749998876953,1.7913778691255604,0.8951436990572342,0.8951436990572342
0.7000000000000002,0.5,2688.515625,78.76683807373047,7.858715186301038,0.0,0.9,0.090625,0.090625,0.0,0.0,0.006473214285714285,0.006473214285714285,0.9999999996875,0.9999999996875,0.3531249998896484,1.8067751046394913,0.9030444377693985,0.9030444377693985
0.8,0.5,2787.873046875,80.35057830810547,8.737302605405315,0.0,0.9,0.096875,0.096875,0.0,0.0,0.006919642857142858,0.006919642857142858,0.9999999996875,0.9999999996875,0.371874999883789,1.7996710296522522,0.8995138162410263,0.8995138162410263
0.9000000000000001,0.5,2896.899658203125,82.07605743408203,9.883640663838417,0.0,0.9,0.09375,0.09375,0.0,0.0,0.006696428571428571,0.006696428571428571,0.9999999996875,0.9999999996875,0.3968749998759765,1.8090636431908007,0.9043480032697738,0.9043480032697738
1.0,0.5,3014.43701171875,83.92631530761719,11.317312395724064,0.0,0.9,0.096875,0.096875,0.0,0.0,0.006919642857142858,0.006919642857142858,0.9999999996875,0.9999999996875,0.3968749998759765,1.8047127823857685,0.9022525900620991,0.9022525900620991
-1.0,0.6000000000000001,3093.601318359375,88.22505187988281,inf,0.0,0.9,0.0375,0.05238095238095238,0.0,0.35389610378120256,0.006400742115027829,0.010560492139439508,0.9999999996875,0.6562499997949218,0.4281249998662109,1.6916279010783337,0.7229467938451826,0.7229467938451826
-0.9,0.6000000000000001,2978.57373046875,86.18276977539062,7.328010412521823,0.0,0.9,0.0375,0.06622516556291391,0.0,0.5422077920317506,0.007096171802054156,0.006622516556291392,0.9999999996875,0.47187499985253906,0.48124999984960937,1.5344611497442806,0.6971826212541434,0.6971826212541434
-0.8,0.6000000000000001,2872.052490234375,84.26763916015625,4.7359273917011295,0.0,0.9,0.090625,0.09090909090909091,0.0,0.6563573880905987,0.04300458880200259,0.011363636363636364,0.9999999996875,0.3437499998925781,0.5249999998359375,1.3194810835229471,0.5409896928408461,0.5409896928408461
-0.7,0.6000000000000001,2774.843017578125,82.49545288085938,3.2131891561646837,0.0,0.9,0.1875,0.2653061224489796,0.0,0.8615384612071005,0.10545610731254296,0.22153209109730848,0.9999999996875,0.15312499995214843,0.6624999997929687,1.0677921854244368,0.3415839629390157,0.3415839629390157
-0.6,0.6000000000000001,2687.99267578125,80.8830337524414,2.3882158278612935,0.0,0.9,0.3375,0.5833333333333334,0.0,0.9528301882297971,0.16920057712119219,0.4705882352941176,0.9999999996875,0.0749999999765625,0.8281249997412109,0.861544587665901,0.12073388100635793,0.1192208639345879
-0.5,0.6000000000000001,2612.609130859375,79.44781494140625,2.027433092576643,0.0,0.9,0.39375,1.0,0.0,0.9999999994845361,0.19598580555764886,1.0,0.9999999996875,0.02187499999316406,0.8656249997294921,0.744151414431236,0.04535246188172462,0.033189562644073016
-0.3999999999999999,0.6000000000000001,2549.610595703125,78.20723724365234,1.8529425727281357,0.0,0.9,0.478125,1.0,0.0,0.9999999994011977,0.2741765783859488,1.0,0.9999999996875,0.018749999994140624,0.9156249997138671,0.6948107930642194,0.11658840417543438,-0.07447251668494834
-0.29999999999999993,0.6000000000000001,2499.283935546875,77.17784881591797,1.7935940860611015,0.0,0.9,0.484375,1.0,0.0,0.9999999993939395,0.3069601691010853,1.0,0.9999999996875,0.012499999996093749,0.9437499997050781,0.6996380946345557,0.20884947826473518,-0.08739760409337687
-0.19999999999999996,0.6000000000000001,2462.57470703125,76.37434387207031,1.9253726335735408,0.0,0.9,0.35625,1.0,0.0,0.9999999995145631,0.21661884031293302,1.0,0.9999999996875,0.06562499997949219,0.9624999996992187,0.7855932323752498,0.23667047040034023,0.08867762472647431
-0.09999999999999998,0.6000000000000001,2439.81396484375,75.80825805664062,2.342259312514555,0.0,0.9,0.1375,0.9375,0.0,0.9927536228287124,0.04081127500505153,0.46875,0.9999999996875,0.09999999996874999,0.9249999997109374,1.0137800003008692,0.42479967632580257,0.42479967632580257
0.0,0.6000000000000001,2430.976318359375,75.48712921142578,2.9752126575520212,0.0,0.9,0.096875,0.7380952380952381,0.0,0.9619377159301253,0.006919642857142858,0.18452380952380953,0.9999999996875,0.13124999995898437,0.9093749997158203,1.3019755966192232,0.6465672670531188,0.6465672670531188
0.10000000000000009,0.6000000000000001,2436.486083984375,75.41360473632812,3.812268705416613,0.0,0.9,0.096875,0.2605042016806723,0.0,0.6955017298631482,0.006919642857142858,0.028944911297852476,0.9999999996875,0.371874999883789,0.7468749997666015,1.5525219228876073,0.7798194569044294,0.7798194569044294
0.20000000000000018,0.6000000000000001,2456.30517578125,75.585205078125,4.675637247032909,0.0,0.9,0.096875,0.10097719869706841,0.0,0.044982698946372766,0.006919642857142858,0.0072126570497906,0.9999999996875,0.9593749997001952,0.621874999805664,1.683990568898525,0.8433071530435444,0.8433071530435444
0.30000000000000004,0.6000000000000001,2490.380859375,75.99458312988281,5.568104632595427,0.0,0.9,0.09375,0.09375,0.0,0.0,0.006696428571428571,0.006696428571428571,0.9999999996875,0.9999999996875,0.5187499998378906,1.7528652879791138,0.8762833231878271,0.8762833231878271
0.40000000000000013,0.6000000000000001,2538.3935546875,76.63011169433594,6.376874605433699,0.0,0.9,0.096875,0.096875,0.0,0.0,0.006919642857142858,0.006919642857142858,0.9999999996875,0.9999999996875,0.3687499998847656,1.7750488965848341,0.8869445437307243,0.8869445437307243
0.5,0.6000000000000001,2600.2294921875,77.63546752929688,7.1719992156908745,0.0,0.9,0.09375,0.09375,0.0,0.0,0.006696428571428571,0.006696428571428571,0.9999999996875,0.9999999996875,0.34999999989062497,1.7947932111186216,0.8969707602323925,0.8969707602323925
0.6000000000000001,0.6000000000000001,2675.149169921875,78.8353042602539,7.897106012712176,0.0,0.9,0.09375,0.09375,0.0,0.0,0.006696428571428571,0.006696428571428571,0.9999999996875,0.9999999996875,0.3593749998876953,1.8019179686125035,0.9006361001768485,0.9006361001768485
0.7000000000000002,0.6000000000000001,2762.065185546875,80.21179962158203,8.685255163056372,0.0,0.9,0.096875,0.096875,0.0,0.0,0.006919642857142858,0.006919642857142858,0.9999999996875,0.9999999996875,0.371874999883789,1.8000016665775254,0.8997703784738372,0.8997703784738372
0.8,0.6000000000000001,2859.189453125,81.74707794189453,9.612002180501655,0.0,0.9,0.096875,0.096875,0.0,0.0,0.006919642857142858,0.006919642857142858,0.9999999996875,0.9999999996875,0.3687499998847656,1.8026554550010514,0.9011646264816938,0.9011646264816938
0.9000000000000001,0.6000000000000001,2965.87548828125,83.42396545410156,10.666880775737091,0.0,0.9,0.09375,0.09375,0.0,0.0,0.006696428571428571,0.006696428571428571,0.9999999996875,0.9999999996875,0.38124999988085934,1.8104913106987008,0.9051363104592226,0.9051363104592226
1.0,0.6000000000000001,3080.762939453125,85.22636413574219,11.85402693882278,0.0,0.9,0.096875,0.096875,0.0,0.0,0.006919642857142858,0.006919642857142858,0.9999999996875,0.9999999996875,0.39999999987499996,1.8051912192273631,0.9025268429534682,0.9025268429534682
-1.0,0.7000000000000002,3169.8564453125,89.5177993774414,inf,0.0,0.9,0.034375,0.04700854700854701,0.0,0.27831715201348955,0.004737849455617961,0.009218579373746096,0.9999999996875,0.7312499997714843,0.4312499998652343,1.751213879052907,0.6998407953415857,0.6998407953415857
-0.9,0.7000000000000002,3057.997802734375,87.52947998046875,8.240187384787315,0.0,0.9,0.0375,0.05917159763313609,0.0,0.48376623360916676,0.006942561971024969,0.004930966469428008,0.9999999996875,0.5281249998349609,0.4531249998583984,1.5926582404238887,0.7050791490066401,0.7050791490066401
-0.8,0.7000000000000002,2954.394775390625,85.66861724853516,5.1808437264917675,0.0,0.9,0.06875,0.08620689655172414,0.0,0.6442953017972163,0.024649366674768493,0.009578544061302683,0.9999999996875,0.3624999998867187,0.4906249998466797,1.3585365971164451,0.5747956599493821,0.5747956599493821
-0.7,0.7000000000000002,2859.801025390625,83.94989776611328,3.4695213577641137,0.0,0.9,0.146875,0.15625,0.0,0.8021978019039567,0.08448654401937479,0.026041666666666668,0.9999999996875,0.19999999993749998,0.6312499998027343,1.1607160748634902,0.3930489882121114,0.3891773669272578
-0.6,0.7000000000000002,2775.387451171875,82.38880920410156,2.5726942024676247,0.0,0.9,0.296875,0.4166666666666667,0.0,0.9377777773609877,0.14946590064071266,0.463768115942029,0.9999999996875,0.0749999999765625,0.7374999997695312,0.9257499089782973,0.18006389304502984,0.14212857288422526
-0.5,0.7000000000000002,2702.093994140625,81.0013198852539,2.168619470139268,0.0,0.9,0.371875,1.0,0.0,0.9999999995024876,0.1759593958252392,1.0,0.9999999996875,0.009374999997070312,0.8499999997343749,0.7997523611275458,0.09309262377422933,0.042508643984517445
-0.3999999999999999,0.7000000000000002,2640.641845703125,79.80314636230469,2.0832530081854035,0.0,0.9,0.36875,0.0,0.0,0.9999999995049506,0.19113128642109906,0.0,0.9999999996875,0.0,0.8781249997255859,0.7785761278290968,0.11367825203583996,0.038169863311307575
-0.29999999999999993,0.7000000000000002,2591.65771484375,78.80915832519531,2.205235818627217,0.0,0.9,0.284375,1.0,0.0,0.9999999995633188,0.13699909343519187,1.0,0.9999999996875,0.02187499999316406,0.9156249997138671,0.8611850779891405,0.18445391952902018,0.16507326000731182
-0.19999999999999996,0.7000000000000002,2556.040283203125,78.03231811523438,2.549621912508538,0.0,0.9,0.1875,0.9285714285714286,0.0,0.9923076919260354,0.1011929970927363,0.4642857142857143,0.9999999996875,0.08749999997265624,0.893749999720703,1.0389691476348315,0.3699257411460828,0.3518932695752218
-0.09999999999999998,0.7000000000000002,2533.882080078125,77.48286437988281,3.134401544825397,0.0,0.9,0.096875,0.58,0.0,0.9273356398175309,0.009464673257776708,0.11599999999999999,0.9999999996875,0.15624999995117186,0.8281249997412109,1.309756201102807,0.6310384582418046,0.6310384582418046
0.0,0.7000000000000002,2525.400390625,77.16737365722656,3.9414290116712976,0.0,0.9,0.09375,0.22058823529411764,0.0,0.6344827584019025,0.006696428571428571,0.027573529411764705,0.9999999996875,0.42499999986718745,0.6687499997910156,1.558983176440633,0.7797856430113856,0.7797856430113856
0.10000000000000009,0.7000000000000002,2530.936279296875,77.0882339477539,4.8114409438102435,0.0,0.9,0.096875,0.10163934426229508,0.0,0.05190311416889165,0.006919642857142858,0.007259953161592505,0.9999999996875,0.9531249997021484,0.5999999998125,1.6918178625856284,0.8467024571268865,0.8467024571268865
0.20000000000000018,0.7000000000000002,2550.117431640625,77.2433090209961,5.688320522982857,0.0,0.9,0.09375,0.09375,0.0,0.0,0.006696428571428571,0.006696428571428571,0.9999999996875,0.9999999996875,0.521874999836914,1.7590425745958833,0.8794347876481377,0.8794347876481377
0.30000000000000004,0.7000000000000002,2583.232177734375,77.62620544433594,6.506511367367331,0.0,0.9,0.096875,0.096875,0.0,0.0,0.006919642857142858,0.006919642857142858,0.9999999996875,0.9999999996875,0.37499999988281246,1.7795908780093377,0.8893228286604207,0.8893228286604207
0.40000000000000013,0.7000000000000002,2630.09619140625,78.38523864746094,7.29302115159441,0.0,0.9,0.096875,0.096875,0.0,0.0,0.006919642857142858,0.006919642857142858,0.9999999996875,0.9999999996875,0.31562499990136716,1.7915446046057497,0.8953842395605629,0.8953842395605629
0.5,0.7000000000000002,2690.1923828125,79.34883117675781,8.048972636414346,0.0,0.9,0.096875,0.096875,0.0,0.0,0.006919642857142858,0.006919642857142858,0.9999999996875,0.9999999996875,0.3249999998984375,1.797517121070244,0.8984967821878596,0.8984967821878596
0.6000000000000001,0.7000000000000002,2762.663818359375,80.50189208984375,8.78190881331446,0.0,0.9,0.096875,0.096875,0.0,0.0,0.006919642857142858,0.006919642857142858,0.9999999996875,0.9999999996875,0.34062499989355466,1.800830473337348,0.9002267950804551,0.9002267950804551
0.7000000000000002,0.7000000000000002,2846.970947265625,81.82833099365234,9.538682365378696,0.0,0.9,0.096875,0.096875,0.0,0.0,0.006919642857142858,0.006919642857142858,0.9999999996875,0.9999999996875,0.3593749998876953,1.8028582629344614,0.9013018482948101,0.9013018482948101
0.8,0.7000000000000002,2941.768798828125,83.31175231933594,10.40460985355331,0.0,0.9,0.096875,0.096875,0.0,0.0,0.006919642857142858,0.006919642857142858,0.9999999996875,0.9999999996875,0.36562499988574215,1.8041607972468783,0.9019877308627406,0.9019877308627406
0.9000000000000001,0.7000000000000002,3045.815185546875,84.93624114990234,11.411229668320816,0.0,0.9,0.096875,0.096875,0.0,0.0,0.006919642857142858,0.006919642857142858,0.9999999996875,0.9999999996875,0.36562499988574215,1.8050142423328972,0.902443801762419,0.902443801762419
1.0,0.7000000000000002,3157.86962890625,86.68673706054688,12.512333619687409,0.0,0.9,0.09375,0.09375,0.0,0.0,0.006696428571428571,0.006696428571428571,0.9999999996875,0.9999999996875,0.3687499998847656,1.8117326825460125,0.9058251255756744,0.9058251255756744
-1.0,0.8,3255.654541015625,90.95977020263672,inf,0.0,0.9,0.0375,0.0423728813559322,0.0,0.2662337661473267,0.0072009036428100776,0.00303951367781155,0.9999999996875,0.7374999997695312,0.44374999986132807,1.7628807597887926,0.6855444335326347,0.6855444335326347
-0.9,0.8,3146.926025390625,89.028076171875,inf,0.0,0.9,0.03125,0.05405405405405406,0.0,0.43548387082726325,0.002311604253351826,0.0045045045045045045,0.9999999996875,0.5781249998193358,0.44999999985937494,1.6236240450485127,0.7043091955728902,0.7043091955728902
-0.8,0.8,3046.3046875,87.22364807128906,5.758799819211211,0.0,0.9,0.053125,0.078125,0.0,0.6105610559041053,0.01634348020116373,0.007102272727272727,0.9999999996875,0.39999999987499996,0.4749999998515625,1.4299590604948824,0.622342715619715,0.622342715619715
-0.7,0.8,2954.616943359375,85.5600814819336,3.778682156329433,0.0,0.9,0.125,0.14285714285714285,0.0,0.7857142854336734,0.0696120941415761,0.02040816326530612,0.9999999996875,0.2187499999316406,0.5812499998183593,1.2044563115949327,0.4217211519294306,0.40255640484562216
-0.6,0.8,2872.9482421875,84.05156707763672,2.759650270582141,0.0,0.9,0.25,0.26666666666666666,0.0,0.9083333329548612,0.13095541693159882,0.06666666666666667,0.9999999996875,0.09374999997070312,0.6687499997910156,0.9936581411022813,0.23975503962390032,0.19925679440595756
-0.5,0.8,2802.06201171875,82.71257019042969,2.3404565819903067,0.0,0.9,0.259375,1.0,0.0,0.9999999995780591,0.10363489772543717,1.0,0.9999999996875,0.012499999996093749,0.7749999997578124,0.8626047129536271,0.1729865331819416,0.14845825330972884
-0.3999999999999999,0.8,2742.65087890625,81.55725860595703,2.29668750937936,0.0,0.9,0.26875,0.0,0.0,0.9999999995726496,0.11788080085720075,0.0,0.9999999996875,0.0,0.8499999997343749,0.8666317155328803,0.1535287408278847,0.1535287408278847
-0.29999999999999993,0.8,2695.37548828125,80.59877014160156,2.6057599977047463,0.0,0.9,0.221875,0.7894736842105263,0.0,0.9839357425767327,0.10513059985531488,0.39473684210526316,0.9999999996875,0.05937499998144531,0.7749999997578124,1.014726981092299,0.30532861709924475,0.2907345736858955
-0.19999999999999996,0.8,2660.8828125,79.8486099243164,3.1388552514776555,0.0,0.9,0.115625,0.46875,0.0,0.8798586569329121,0.021794871794871797,0.09375,0.9999999996875,0.19999999993749998,0.7406249997685547,1.2514188141770892,0.5545723223691577,0.5545723223691577
-0.09999999999999998,0.8,2639.476318359375,79.31570434570312,3.9671111743961798,0.0,0.9,0.096875,0.2198581560283688,0.0,0.6193771624154404,0.006919642857142858,0.02442868400315209,0.9999999996875,0.44062499986230463,0.6406249997998047,1.5251522123517498,0.7560030794872263,0.7560030794872263
0.0,0.8,2631.1796875,79.0058364868164,4.908783051543577,0.0,0.9,0.09375,0.10344827586206896,0.0,0.10344827582639714,0.006696428571428571,0.007389162561576354,0.9999999996875,0.9062499997167968,0.5374999998320312,1.6972349293364957,0.8488759315598677,0.8488759315598677
0.10000000000000009,0.8,2636.5126953125,78.92109680175781,5.800659254409178,0.0,0.9,0.09375,0.09375,0.0,0.0,0.006696428571428571,0.006696428571428571,0.9999999996875,0.9999999996875,0.4531249998583984,1.7636238977187175,0.881713139430466,0.881713139430466
0.20000000000000018,0.8,2655.369384765625,79.05966186523438,6.6490295987698955,0.0,0.9,0.096875,0.096875,0.0,0.0,0.006919642857142858,0.006919642857142858,0.9999999996875,0.9999999996875,0.37499999988281246,1.7832899157197257,0.8912422770349229,0.8912422770349229
0.30000000000000004,0.8,2687.541259765625,79.57450866699219,7.457476657491092,0.0,0.9,0.096875,0.096875,0.0,0.0,0.006919642857142858,0.006919642857142858,0.9999999996875,0.9999999996875,0.2843749999111328,1.7941030941219605,0.8967008346372547,0.8967008346372547
0.40000000000000013,0.8,2732.8720703125,80.29828643798828,8.209453800044322,0.0,0.9,0.096875,0.096875,0.0,0.0,0.006919642857142858,0.006919642857142858,0.9999999996875,0.9999999996875,0.25312499992089843,1.7991720956964439,0.8993579500950362,0.8993579500950362
0.5,0.8,2791.04443359375,81.21952819824219,8.939135754139647,0.0,0.9,0.096875,0.096875,0.0,0.0,0.006919642857142858,0.006919642857142858,0.9999999996875,0.9999999996875,0.249999999921875,1.8017810492112862,0.9007595413951245,0.9007595413951245
0.6000000000000001,0.8,2861.28125,82.32483673095703,9.66543674211607,0.0,0.9,0.096875,0.096875,0.0,0.0,0.006919642857142858,0.006919642857142858,0.9999999996875,0.9999999996875,0.28749999991015623,1.8033637721121856,0.9015975827001427,0.9015975827001427
0.7000000000000002,0.8,2942.64892578125,83.59974670410156,10.46340921455994,0.0,0.9,0.096875,0.096875,0.0,0.0,0.006919642857142858,0.006919642857142858,0.9999999996875,0.9999999996875,0.3249999998984375,1.8044061701828156,0.9021232599039463,0.9021232599039463
0.8,0.8,3034.548828125,85.0294189453125,11.200273289788479,0.0,0.9,0.096875,0.096875,0.0,0.0,0.006919642857142858,0.006919642857142858,0.9999999996875,0.9999999996875,0.3624999998867187,1.8050166879752074,0.9024577134865008,0.9024577134865008
0.9000000000000001,0.8,3135.652099609375,86.59917449951172,12.121749444759836,0.0,0.9,0.09375,0.09375,0.0,0.0,0.006696428571428571,0.006696428571428571,0.9999999996875,0.9999999996875,0.371874999883789,1.8116729360466408,0.9057930940395921,0.9057930940395921
1.0,0.8,3244.867431640625,88.29499053955078,13.113970112781633,0.0,0.9,0.096875,0.096875,0.0,0.0,0.006919642857142858,0.006919642857142858,0.9999999996875,0.9999999996875,0.36562499988574215,1.8057011342812654,0.9028229469075983,0.9028229469075983
-1.0,0.9000000000000001,3350.21142578125,92.53853607177734,inf,0.0,0.9,0.03125,0.040160642570281124,0.0,0.22903225799063473,0.0022603978300180833,0.002868617326448652,0.9999999996875,0.7781249997568359,0.421874999868164,1.8065208425243373,0.6981921614031502,0.6981921614031502
-0.9,0.9000000000000001,3244.69775390625,90.66484069824219,inf,0.0,0.9,0.0375,0.052083333333333336,0.0,0.40909090895808736,0.0072009036428100776,0.004006410256410257,0.9999999996875,0.5999999998125,0.43437499986425776,1.6507620979980817,0.6906562200712656,0.6906562200712656
-0.8,0.9000000000000001,3147.376953125,88.917724609375,6.564850103688349,0.0,0.9,0.04375,0.06896551724137931,0.0,0.5588235292291426,0.008882134414049309,0.005747126436781609,0.9999999996875,0.4531249998583984,0.4374999998632812,1.4786262588229875,0.6372189675709998,0.6372189675709998
-0.7,0.9000000000000001,3058.75439453125,87.30975341796875,4.189408886090972,0.0,0.9,0.13125,0.11764705882352941,0.0,0.7302158270754618,0.06651650354657873,0.01680672268907563,0.9999999996875,0.2656249999169922,0.5468749998291015,1.2649408677549725,0.47050007914207914,0.4228342185562954
-0.6,0.9000000000000001,2979.669677734375,85.85383605957031,2.9275773416559727,0.0,0.9,0.221875,0.20454545454545456,0.0,0.8594377506588604,0.09752428412544924,0.04090909090909091,0.9999999996875,0.13749999995703124,0.6718749997900391,1.046385688307116,0.28276338942147927,0.23575456110668871
-0.5,0.9000000000000001,2911.143310546875,84.56305694580078,2.4624470695102136,0.0,0.9,0.196875,0.8,0.0,0.9961089490287512,0.06668088005404181,0.4,0.9999999996875,0.015624999995117187,0.7156249997763672,0.930951801608635,0.23633278056278864,0.23633278056278864
-0.3999999999999999,0.9000000000000001,2854.11279296875,83.45004272460938,2.539975258572443,0.0,0.9,0.175,0.0,0.0,0.999999999621212,0.05654152280148655,0.0,0.9999999996875,0.0,0.7406249997685547,0.9721327005150007,0.3006354804681172,0.3006354804681172
-0.29999999999999993,0.9000000000000001,2809.06640625,82.52645111083984,3.055470548555506,0.0,0.9,0.18125,0.4603174603174603,0.0,0.8702290073014393,0.09126984126984126,0.09206349206349206,0.9999999996875,0.19687499993847654,0.7406249997685547,1.1940575259859492,0.5235463352319465,0.4385771873363582
-0.19999999999999996,0.9000000000000001,2775.865234375,81.80238342285156,3.8066382123651605,0.0,0.9,0.096875,0.256198347107438,0.0,0.6885813146406292,0.006919642857142858,0.028466483011937556,0.9999999996875,0.3781249998818359,0.6312499998027343,1.450907080259585,0.7008419508677288,0.7008419508677288
-0.09999999999999998,0.9000000000000001,2755.1064453125,81.28565216064453,4.855524824306739,0.0,0.9,0.09375,0.11070110701107011,0.0,0.16896551718311534,0.006696428571428571,0.00790722192936215,0.9999999996875,0.8468749997353515,0.5281249998349609,1.6805963186346493,0.8396673040989727,0.8396673040989727
0.0,0.9000000000000001,2747.17724609375,80.98125457763672,5.846671178232592,0.0,0.9,0.096875,0.096875,0.0,0.0,0.006919642857142858,0.006919642857142858,0.9999999996875,0.9999999996875,0.44999999985937494,1.7594242238845368,0.8795851224821195,0.8795851224821195
0.10000000000000009,0.9000000000000001,2752.459716796875,80.89103698730469,6.806157452835591,0.0,0.9,0.09375,0.09375,0.0,0.0,0.006696428571428571,0.006696428571428571,0.9999999996875,0.9999999996875,0.371874999883789,1.7924696862152485,0.8959246271916644,0.8959246271916644
0.20000000000000018,0.9000000000000001,2770.7861328125,81.1719741821289,7.641078796153033,0.0,0.9,0.096875,0.096875,0.0,0.0,0.006919642857142858,0.006919642857142858,0.9999999996875,0.9999999996875,0.37499999988281246,1.796313398831608,0.8978444331930585,0.8978444331930585
0.30000000000000004,0.9000000000000001,2801.926025390625,81.66079711914062,8.454431555459708,0.0,0.9,0.09375,0.09375,0.0,0.0,0.006696428571428571,0.006696428571428571,0.9999999996875,0.9999999996875,0.30624999990429685,1.8068626495868503,0.903216254117344,0.903216254117344
0.40000000000000013,0.9000000000000001,2845.929443359375,82.3498764038086,9.236183172515105,0.0,0.9,0.090625,0.090625,0.0,0.0,0.006473214285714285,0.006473214285714285,0.9999999996875,0.9999999996875,0.24374999992382812,1.8152812781739607,0.9075140947108798,0.9075140947108798
0.5,0.9000000000000001,2901.920166015625,83.22913360595703,9.889178650483029,0.0,0.9,0.096875,0.096875,0.0,0.0,0.006919642857142858,0.006919642857142858,0.9999999996875,0.9999999996875,0.23749999992578125,1.8039434080591588,0.9018811935207357,0.9018811935207357
0.6000000000000001,0.9000000000000001,2969.580078125,84.28679656982422,10.623872163010837,0.0,0.9,0.096875,0.096875,0.0,0.0,0.006919642857142858,0.006919642857142858,0.9999999996875,0.9999999996875,0.249999999921875,1.8046867157730202,0.9022955530900264,0.9022955530900264
0.7000000000000002,0.9000000000000001,3047.992919921875,85.50994110107422,11.363235246368108,0.0,0.9,0.096875,0.096875,0.0,0.0,0.006919642857142858,0.006919642857142858,0.9999999996875,0.9999999996875,0.29062499990917967,1.805179396310907,0.9025504821555713,0.9025504821555713
0.8,0.9000000000000001,3136.51953125,86.8851547241211,12.146083588865437,0.0,0.9,0.096875,0.096875,0.0,0.0,0.006919642857142858,0.006919642857142858,0.9999999996875,0.9999999996875,0.32187499989941404,1.8055105931782196,0.9027174347654828,0.9027174347654828
0.9000000000000001,0.9000000000000001,3234.470458984375,88.39908599853516,12.894994859287602,0.0,0.9,0.096875,0.096875,0.0,0.0,0.006919642857142858,0.006919642857142858,0.9999999996875,0.9999999996875,0.3624999998867187,1.80570929511997,0.902818691135964,0.902818691135964
1.0,0.9000000000000001,3340.459716796875,90.0386962890625,13.70213958038836,0.0,0.9,0.096875,0.096875,0.0,0.0,0.006919642857142858,0.006919642857142858,0.9999999996875,0.9999999996875,0.3843749998798828,1.8058355573475804,0.9028871053471945,0.9028871053471945
-1.0,1.0,3452.7607421875,94.24192810058594,inf,0.0,0.9,0.03125,0.03937007874015748,0.0,0.21290322573777315,0.002253267237494367,0.00281214848143982,0.9999999996875,0.793749999751953,0.4281249998662109,1.827178047880403,0.6764956027260411,0.6764956027260411
-0.9,1.0,3350.5634765625,92.42649841308594,inf,0.0,0.9,0.028125,0.04326923076923077,0.0,0.360128617247547,0.0020473157415832575,0.0033284023668639054,0.9999999996875,0.649999999796875,0.4281249998662109,1.7001211066003774,0.6851647190243071,0.6851647190243071
-0.8,1.0,3256.59228515625,90.736572265625,7.167364835442986,0.0,0.9,0.040625,0.06428571428571428,0.0,0.5732899020933909,0.009245978413501537,0.0058441558441558435,0.9999999996875,0.4374999998632812,0.44374999986132807,1.486255976688079,0.617817155128262,0.617817155128262
-0.7,1.0,3170.87939453125,89.18362426757812,4.553997425552131,0.0,0.9,0.1,0.10638297872340426,0.0,0.7083333330873842,0.039087772377290685,0.013297872340425532,0.9999999996875,0.2937499999082031,0.5281249998349609,1.2937325030638778,0.49029395944653215,0.46447294858981425
-0.6,1.0,3094.517822265625,87.77946472167969,3.1676675639812433,0.0,0.9,0.171875,0.17647058823529413,0.0,0.8415094336447133,0.05646683870678071,0.029411764705882356,0.9999999996875,0.1593749999501953,0.6031249998115233,1.1019548925939557,0.3336105249038209,0.30572895539615486
-0.5,1.0,3028.717041015625,86.53580474853516,2.6511081165335018,0.0,0.9,0.1375,0.5,0.0,0.9855072460197437,0.029326109969329644,0.25,0.9999999996875,0.024999999992187497,0.6562499997949218,1.001222029385304,0.3255509040676158,0.3255509040676158
-0.3999999999999999,1.0,2974.217041015625,85.4638900756836,2.8634035491467236,0.0,0.9,0.15625,0.3157894736842105,0.0,0.9518518514993141,0.04386404418852065,0.07894736842105263,0.9999999996875,0.05937499998144531,0.6624999997929687,1.0933759787410728,0.4003077048047906,0.3986873393963908
-0.29999999999999993,1.0,2931.024169921875,84.57405853271484,3.5706342459853864,0.0,0.9,0.14375,0.3229166666666667,0.0,0.7627737223493526,0.055777727427211966,0.05381944444444445,0.9999999996875,0.29999999990625,0.649999999796875,1.3550907776239094,0.6121881981370786,0.5754857859112714
-0.19999999999999996,1.0,2899.22998046875,83.87512969970703,4.6907839790602965,0.0,0.9,0.09375,0.12295081967213115,0.0,0.26206896542687275,0.006696428571428571,0.010245901639344262,0.9999999996875,0.7624999997617187,0.521874999836914,1.6338722524117701,0.8115215812569583,0.8115215812569583
-0.09999999999999998,1.0,2879.6025390625,83.37390899658203,5.853009297612665,0.0,0.9,0.096875,0.096875,0.0,0.0,0.006919642857142858,0.006919642857142858,0.9999999996875,0.9999999996875,0.4312499998652343,1.7573449036220605,0.8785370701718309,0.8785370701718309
0.0,1.0,2872.168701171875,83.07477569580078,6.914891104683135,0.0,0.9,0.096875,0.096875,0.0,0.0,0.006919642857142858,0.006919642857142858,0.9999999996875,0.9999999996875,0.3781249998818359,1.7887290111503327,0.8940698617766555,0.8940698617766555
0.10000000000000009,1.0,2877.427001953125,83.13780975341797,7.893747934776408,0.0,0.9,0.09375,0.09375,0.0,0.0,0.006696428571428571,0.006696428571428571,0.9999999996875,0.9999999996875,0.371874999883789,1.8043920278236287,0.9019367212087505,0.9019367212087505
0.20000000000000018,1.0,2895.170654296875,83.40324401855469,8.718206803480102,0.0,0.9,0.096875,0.096875,0.0,0.0,0.006919642857142858,0.006919642857142858,0.9999999996875,0.9999999996875,0.36562499988574215,1.8019083511023561,0.9007452839641031,0.9007452839641031
0.30000000000000004,1.0,2925.1240234375,83.86699676513672,9.517966080087454,0.0,0.9,0.096875,0.096875,0.0,0.0,0.006919642857142858,0.006919642857142858,0.9999999996875,0.9999999996875,0.3187499999003906,1.8036784155725483,0.9016963833592606,0.9016963833592606
0.40000000000000013,1.0,2967.555908203125,84.52243041992188,10.23813799408978,0.0,0.9,0.096875,0.096875,0.0,0.0,0.006919642857142858,0.006919642857142858,0.9999999996875,0.9999999996875,0.31249999990234373,1.8045333729663626,0.9021803134698896,0.9021803134698896
0.5,1.0,3021.511962890625,85.36080932617188,10.989815492178787,0.0,0.9,0.09375,0.09375,0.0,0.0,0.006696428571428571,0.006696428571428571,0.9999999996875,0.9999999996875,0.28124999991210936,1.8113389128487882,0.9056156510122066,0.9056156510122066
0.6000000000000001,1.0,3086.495361328125,86.37173461914062,11.733466104442005,0.0,0.9,0.09375,0.09375,0.0,0.0,0.006696428571428571,0.006696428571428571,0.9999999996875,0.9999999996875,0.28124999991210936,1.8116872414904583,0.9058041328197977,0.9058041328197977
0.7000000000000002,1.0,3162.04541015625,87.54374694824219,12.30910124002403,0.0,0.9,0.09375,0.09375,0.0,0.0,0.006696428571428571,0.006696428571428571,0.9999999996875,0.9999999996875,0.3374999998945312,1.8118638808910452,0.9059042328601709,0.9059042328601709
0.8,1.0,3247.3212890625,88.86483764648438,13.042507482985298,0.0,0.9,0.09375,0.09375,0.0,0.0,0.006696428571428571,0.006696428571428571,0.9999999996875,0.9999999996875,0.371874999883789,1.8120337360315215,0.9059926980738912,0.9059926980738912
0.9000000000000001,1.0,3341.683837890625,90.32279968261719,13.663777459573572,0.0,0.9,0.096875,0.096875,0.0,0.0,0.006919642857142858,0.006919642857142858,0.9999999996875,0.9999999996875,0.3843749998798828,1.8058860639863434,0.9029217356457873,0.9029217356457873
1.0,1.0,3444.295166015625,91.90573120117188,14.42713269943342,0.0,0.9,0.090625,0.090625,0.0,0.0,0.006473214285714285,0.006473214285714285,0.9999999996875,0.9999999996875,0.3781249998818359,1.8184580359948164,0.9092101091141167,0.9092101091141167
