-1.0,-1.0,48436.49609375,470.29248046875,3.2144692928644334,0.0,0.9,0.08984375,0.0,0.0,0.9999999995708154,0.041677909795781565,0.0,0.9999999996093749,0.0,0.39062499984741206,0.9939266471564708,0.1920687513122782,0.1920687513122782
-0.9,-1.0,46995.7578125,460.8563537597656,3.26477734033186,0.0,0.9,0.1015625,0.0,0.0,0.9999999995652175,0.05396489052156197,0.0,0.9999999996093749,0.0,0.39062499984741206,0.9918048348282988,0.18168114816247266,0.18168114816247266
-0.8,-1.0,45668.65625,452.13983154296875,3.267589845029919,0.0,0.9,0.078125,0.0,0.0,0.9999999995762712,0.04739364810102723,0.0,0.9999999996093749,0.0,0.37109374985504145,1.0088035979473788,0.20313380744164491,0.20313380744164491
-0.7,-1.0,44466.47265625,444.21337890625,3.241604247115411,0.0,0.9,0.046875,0.0,0.0,0.999999999590164,0.017688357394239747,0.0,0.9999999996093749,0.0,0.3749999998535156,1.0086603610714096,0.23896237151759753,0.23896237151759753
-0.6,-1.0,43400.19921875,437.1495056152344,3.2341765548877732,0.0,0.9,0.06640625,0.0,0.0,0.99999999958159,0.02336225169782953,0.0,0.9999999996093749,0.0,0.3945312498458862,1.0061602231947533,0.21934258022438624,0.21934258022438624
-0.5,-1.0,42480.19140625,431.020263671875,3.1325769833387125,0.0,0.9,0.06640625,0.0,0.0,0.99999999958159,0.02344328750888757,0.0,0.9999999996093749,0.0,0.43749999982910154,0.9938590601064966,0.20282453663916142,0.1997951803827402
-0.3999999999999999,-1.0,41715.1328125,425.89501953125,3.107309621375792,0.0,0.9,0.109375,0.0,0.0,0.9999999995614035,0.04184613170427225,0.0,0.9999999996093749,0.0,0.40624999984130855,0.9791230245078424,0.1603792216216129,0.1603792216216129
-0.29999999999999993,-1.0,41113.06640625,421.83685302734375,3.0058643662481965,0.0,0.9,0.15625,0.0,0.0,0.9999999995370371,0.06735097190898659,0.0,0.9999999996093749,0.0,0.47265624981536863,0.9575607610435619,0.112646030247601,0.112646030247601
-0.19999999999999996,-1.0,40678.875,418.89959716796875,3.043296082231349,0.0,0.9,0.140625,0.0,0.0,0.9999999995454546,0.05943556703205826,0.0,0.9999999996093749,0.0,0.45703124982147214,0.9490840651676794,0.1083478389191367,0.1049575896133468
-0.09999999999999998,-1.0,40416.73828125,417.1246032714844,2.963499412358895,0.0,0.9,0.1484375,0.0,0.0,0.9999999995412844,0.05689299554816496,0.0,0.9999999996093749,0.0,0.48437499981079096,0.9489553547233701,0.11073470195337032,0.10147234119455242
0.0,-1.0,40329.8203125,416.5376281738281,2.867942738360025,0.0,0.9,0.1796875,0.0,0.0,0.9999999995238096,0.07620677624491505,0.0,0.9999999996093749,0.0,0.5156249997985839,0.924872326135202,0.07604632350786479,0.07411669635677952
0.10000000000000009,-1.0,40419.76953125,417.14752197265625,2.8396587257957937,0.0,0.9,0.16015625,0.0,0.0,0.9999999995348837,0.07249838542931816,0.0,0.9999999996093749,0.0,0.5429687497879028,0.9424921495912291,0.10491763203758465,0.10491763203758465
0.20000000000000018,-1.0,40684.88671875,418.9452209472656,2.8071702612988623,0.0,0.9,0.171875,0.0,0.0,0.9999999995283019,0.07603326862557987,0.0,0.9999999996093749,0.0,0.5117187498001098,0.9413194368429737,0.10724366311601291,0.10724366311601291
0.30000000000000004,-1.0,41121.7421875,421.9044189453125,2.7842916150202424,0.0,0.9,0.140625,0.0,0.0,0.9999999995454546,0.0632755717084698,0.0,0.9999999996093749,0.0,0.5390624997894287,0.937055638166898,0.1254659581204897,0.1254659581204897
0.40000000000000013,-1.0,41727.34765625,425.983642578125,2.8693732497988718,0.0,0.9,0.1328125,0.0,0.0,0.9999999995495495,0.057630287413056994,0.0,0.9999999996093749,0.0,0.5117187498001098,0.9516059192334627,0.13917518845091795,0.13917518845091795
0.5,-1.0,42494.9765625,431.12884521484375,2.9119165407808825,0.0,0.9,0.08203125,0.0,0.0,0.9999999995744681,0.03349328211312804,0.0,0.9999999996093749,0.0,0.42578124983367915,0.9712365229789851,0.1675439743111184,0.1675439743111184
0.6000000000000001,-1.0,43417.453125,437.2766418457031,3.0514521431999326,0.0,0.9,0.09765625,0.0,0.0,0.9999999995670996,0.045632981413123254,0.0,0.9999999996093749,0.0,0.38671874984893795,0.990164162153186,0.16744816493428163,0.16744816493428163
0.7000000000000002,-1.0,44484.734375,444.35772705078125,2.982455059830408,0.0,0.9,0.0625,0.0,0.0,0.9999999995833334,0.028643083187076947,0.0,0.9999999996093749,0.0,0.39843749984436033,0.992269835777671,0.2016106815335328,0.2016106815335328
0.8,-1.0,45687.65234375,452.2999572753906,3.116896968643585,0.0,0.9,0.0390625,0.0,0.0,0.999999999593496,0.019721201265060915,0.0,0.9999999996093749,0.0,0.32812499987182614,1.009543327065825,0.22095637669701684,0.22095637669701684
0.9000000000000001,-1.0,47017.2578125,461.0308837890625,3.1017423688790173,0.0,0.9,0.0546875,0.0,0.0,0.9999999995867769,0.022060816539686126,0.0,0.9999999996093749,0.0,0.34374999986572263,1.012342400258938,0.2114503136109622,0.2114503136109622
1.0,-1.0,48462.63671875,470.4800720214844,3.199899116627278,0.0,0.9,0.0390625,0.0,0.0,0.999999999593496,0.019882830533967,0.0,0.9999999996093749,0.0,0.36328124985809324,1.0400298006781932,0.24602032275383537,0.24602032275383537
-1.0,-0.9,46989.18359375,460.87060546875,3.074944717304391,0.0,0.9,0.14453125,0.0,0.0,0.999999999543379,0.0841938178780284,0.0,0.9999999996093749,0.0,0.44531249982604976,0.9614453554084991,0.12087284165081016,0.12087284165081016
-0.9,-0.9,45505.59765625,451.1103820800781,3.0731661743534016,0.0,0.9,0.08203125,0.0,0.0,0.9999999995744681,0.03898699411424756,0.0,0.9999999996093749,0.0,0.4140624998382568,0.9742920991628133,0.17470101075734146,0.17470101075734146
-0.8,-0.9,44138.73046875,442.07366943359375,3.085630041706142,0.0,0.9,0.1015625,0.0,0.0,0.9999999995652175,0.05140392780522997,0.0,0.9999999996093749,0.0,0.40234374984283444,0.9692501434490305,0.1527667836682002,0.1527667836682002
-0.7,-0.9,42899.25,433.8368835449219,3.128360908500572,0.0,0.9,0.09765625,0.0,0.0,0.9999999995670996,0.056900352733686065,0.0,0.9999999996093749,0.0,0.39062499984741206,0.9803233795116371,0.15672308016406925,0.15672308016406925
-0.6,-0.9,41797.953125,426.4794921875,3.136154334819408,0.0,0.9,0.078125,0.0,0.0,0.9999999995762712,0.03471808616239825,0.0,0.9999999996093749,0.0,0.39062499984741206,0.9952048665768632,0.18984634074645657,0.18984634074645657
-0.5,-0.9,40847.8125,420.08154296875,3.069314045467161,0.0,0.9,0.08203125,0.0,0.0,0.9999999995744681,0.04372338073125475,0.0,0.9999999996093749,0.0,0.41015624983978266,0.9862100644898945,0.18394373491384794,0.18394373491384794
-0.3999999999999999,-0.9,40058.48046875,414.72088623046875,3.107699674161451,0.0,0.9,0.1328125,0.0,0.0,0.9999999995495495,0.05875615477969628,0.0,0.9999999996093749,0.0,0.39843749984436033,0.9700919306474882,0.13047156456534145,0.13047156456534145
-0.29999999999999993,-0.9,39436.29296875,410.46905517578125,3.053525967553757,0.0,0.9,0.15234375,0.0,0.0,0.9999999995391705,0.06993645242068089,0.0,0.9999999996093749,0.0,0.46484374981842036,0.9531036094643129,0.10231063374441762,0.10231063374441762
-0.19999999999999996,-0.9,38988.49609375,407.3874816894531,2.961622104513982,0.0,0.9,0.15625,0.0,0.0,0.9999999995370371,0.06836158351991835,0.0,0.9999999996093749,0.0,0.46874999981689447,0.9422837381341262,0.1083606795730021,0.1083606795730021
-0.09999999999999998,-0.9,38718.73046875,405.5238342285156,2.875668215385516,0.0,0.9,0.17578125,0.0,0.0,0.9999999995260663,0.07320597277119018,0.0,0.9999999996093749,0.0,0.5039062498031616,0.9254177861941032,0.08177016941633061,0.08177016941633061
0.0,-0.9,38629.69921875,404.907958984375,2.855789411198801,0.0,0.9,0.16796875,0.0,0.0,0.9999999995305164,0.07918731134673164,0.0,0.9999999996093749,0.0,0.5546874997833251,0.9307196696698131,0.08910488532762645,0.08910488532762645
0.10000000000000009,-0.9,38722.5625,405.5499572753906,2.8648829339969755,0.0,0.9,0.21875,0.0,0.0,0.9999999995000001,0.09152608091953915,0.0,0.9999999996093749,0.0,0.49609374980621335,0.9306826401146522,0.07741391550007154,0.05525060136757774
0.20000000000000018,-0.9,38996.29296875,407.4393005371094,2.8487071278790013,0.0,0.9,0.1640625,0.0,0.0,0.9999999995327103,0.07971408471408471,0.0,0.9999999996093749,0.0,0.5078124998016357,0.9424683741215981,0.11027594513003072,0.11027594513003072
0.30000000000000004,-0.9,39448.2109375,410.5457458496094,2.8102105153389143,0.0,0.9,0.125,0.0,0.0,0.9999999995535714,0.05429134250272461,0.0,0.9999999996093749,0.0,0.49609374980621335,0.9531531924784918,0.15629416022657214,0.15629416022657214
0.40000000000000013,-0.9,40074.12109375,414.8212585449219,2.8591987967947188,0.0,0.9,0.10546875,0.0,0.0,0.9999999995633188,0.03999006323396568,0.0,0.9999999996093749,0.0,0.42968749983215326,0.9608584326209613,0.14726356620938916,0.14726356620938916
0.5,-0.9,40866.89453125,420.2041015625,2.8848519200089813,0.0,0.9,0.109375,0.0,0.0,0.9999999995614035,0.045616393133371055,0.0,0.9999999996093749,0.0,0.47656249981384274,0.9542245922298302,0.15349530960153063,0.15349530960153063
0.6000000000000001,-0.9,41820.08984375,426.6227111816406,2.9305372101571323,0.0,0.9,0.09765625,0.0,0.0,0.9999999995670996,0.043418425276601974,0.0,0.9999999996093749,0.0,0.42968749983215326,0.9675819244975257,0.1555250201689149,0.1555250201689149
0.7000000000000002,-0.9,42923.08984375,433.9991455078125,2.981562897529714,0.0,0.9,0.078125,0.0,0.0,0.9999999995762712,0.028585460675600336,0.0,0.9999999996093749,0.0,0.39062499984741206,0.9790127755953626,0.17103359727659162,0.17103359727659162
0.8,-0.9,44164.6640625,442.2532653808594,2.972840532845277,0.0,0.9,0.06640625,0.0,0.0,0.99999999958159,0.02829013592687483,0.0,0.9999999996093749,0.0,0.40234374984283444,0.9865129565121239,0.18701246165472016,0.18701246165472016
0.9000000000000001,-0.9,45536.32421875,451.3056640625,3.046604199538325,0.0,0.9,0.05859375,0.0,0.0,0.9999999995850622,0.02104543604543605,0.0,0.9999999996093749,0.0,0.34765624986419674,0.9956912364272261,0.20170255277648647,0.20170255277648647
1.0,-0.9,47025.27734375,461.0799560546875,3.2058774027441475,0.0,0.9,0.05859375,0.0,0.0,0.9999999995850622,0.024299887017024686,0.0,0.9999999996093749,0.0,0.3398437498672485,1.0265748216185107,0.2175081040667183,0.2175081040667183
-1.0,-0.8,45659.328125,452.1690979003906,3.0470838381028416,0.0,0.9,0.09375,0.0,0.0,0.9999999995689656,0.04660626054135182,0.0,0.9999999996093749,0.0,0.4140624998382568,0.9759421846507527,0.16237147566553536,0.16237147566553536
-0.9,-0.8,44133.5546875,442.08880615234375,3.0154343685647937,0.0,0.9,0.16015625,0.0,0.0,0.9999999995348837,0.0932734516432492,0.0,0.9999999996093749,0.0,0.42968749983215326,0.9436066882485068,0.11720896935623781,0.09777575054598009
-0.8,-0.8,42727.89453125,432.7336120605469,3.0749801224625024,0.0,0.9,0.1015625,0.0,0.0,0.9999999995652175,0.05186154841327255,0.0,0.9999999996093749,0.0,0.37890624985198973,0.9661334252477539,0.14399374832338485,0.14399374832338485
-0.7,-0.8,41453.15234375,424.18585205078125,3.0702709384104625,0.0,0.9,0.1015625,0.0,0.0,0.9999999995652175,0.05296994447457377,0.0,0.9999999996093749,0.0,0.40624999984130855,0.9802429654542458,0.1456934240074626,0.1456934240074626
-0.6,-0.8,40321.32421875,416.5324401855469,3.0597659776592927,0.0,0.9,0.09765625,0.0,0.0,0.9999999995670996,0.05610290852937912,0.0,0.9999999996093749,0.0,0.4140624998382568,0.972503428312672,0.14930124275106313,0.14930124275106313
-0.5,-0.8,39343.47265625,409.8616638183594,3.00202338343025,0.0,0.9,0.125,0.0,0.0,0.9999999995535714,0.07166809390448228,0.0,0.9999999996093749,0.0,0.40624999984130855,0.9579907484429114,0.11815185618640357,0.11815185618640357
-0.3999999999999999,-0.8,38532.375,404.2603759765625,3.0025530302904833,0.0,0.9,0.13671875,0.0,0.0,0.9999999995475113,0.057022054083523344,0.0,0.9999999996093749,0.0,0.37890624985198973,0.9662430243596514,0.11059896202519813,0.11059896202519813
-0.29999999999999993,-0.8,37893.90234375,399.8093566894531,2.9383640150762083,0.0,0.9,0.15234375,0.0,0.0,0.9999999995391705,0.06614899107709249,0.0,0.9999999996093749,0.0,0.3749999998535156,0.9538276341506423,0.09997558312245781,0.09997558312245781
-0.19999999999999996,-0.8,37434.6875,396.5789794921875,2.9060916174111857,0.0,0.9,0.171875,0.0,0.0,0.9999999995283019,0.09389171516888908,0.0,0.9999999996093749,0.0,0.46484374981842036,0.9345047771319829,0.08398762798030067,0.07907555252251124
-0.09999999999999998,-0.8,37157.5546875,394.62347412109375,2.865509438402547,0.0,0.9,0.16015625,0.0,0.0,0.9999999995348837,0.09321091001057047,0.0,0.9999999996093749,0.0,0.5078124998016357,0.9353505696537066,0.1180109903050807,0.1180109903050807
0.0,-0.8,37066.7109375,393.9775390625,2.710738114299418,0.0,0.9,0.1875,0.0,0.0,0.9999999995192308,0.07340653095128798,0.0,0.9999999996093749,0.0,0.5312499997924804,0.9136378626316604,0.09555241812343447,0.09555241812343447
0.10000000000000009,-0.8,37162.84765625,394.6528625488281,2.7767081758597003,0.0,0.9,0.15234375,0.0,0.0,0.9999999995391705,0.06457320244150391,0.0,0.9999999996093749,0.0,0.49218749980773924,0.9442121387000246,0.12881292771014852,0.12881292771014852
0.20000000000000018,-0.8,37443.1015625,396.6373291015625,2.730400970863511,0.0,0.9,0.15625,0.0,0.0,0.9999999995370371,0.07001765032014527,0.0,0.9999999996093749,0.0,0.5937499997680663,0.9292925620575397,0.13851384857731566,0.13260600939528883
0.30000000000000004,-0.8,37907.1875,399.8956298828125,2.766763558360055,0.0,0.9,0.1484375,0.0,0.0,0.9999999995412844,0.0747701974665509,0.0,0.9999999996093749,0.0,0.550781249784851,0.9258848676319665,0.14529626271393753,0.13004249817019475
0.40000000000000013,-0.8,38550.51953125,404.3730773925781,2.777645041642858,0.0,0.9,0.11328125,0.0,0.0,0.9999999995594714,0.0459419082292314,0.0,0.9999999996093749,0.0,0.5312499997924804,0.9366378777810018,0.15304122459078967,0.15182304492995027
0.5,-0.8,39365.3203125,409.9991760253906,2.8962349167603865,0.0,0.9,0.11328125,0.0,0.0,0.9999999995594714,0.048451100870455704,0.0,0.9999999996093749,0.0,0.43359374983062743,0.96242279402985,0.140035062760308,0.140035062760308
0.6000000000000001,-0.8,40346.24609375,416.6927490234375,2.850431669023174,0.0,0.9,0.08984375,0.0,0.0,0.9999999995708154,0.034474327998842334,0.0,0.9999999996093749,0.0,0.44921874982452387,0.9546851618654834,0.15581625533920723,0.15581625533920723
0.7000000000000002,-0.8,41481.66796875,424.36700439453125,2.9170394406619655,0.0,0.9,0.07421875,0.0,0.0,0.9999999995780591,0.03303735497826861,0.0,0.9999999996093749,0.0,0.42187499983520504,0.9644563962917203,0.17436012198468373,0.17099276551680223
0.8,-0.8,42761.2890625,432.9336853027344,3.0000383699949205,0.0,0.9,0.0703125,0.0,0.0,0.999999999579832,0.024816297143341166,0.0,0.9999999996093749,0.0,0.3749999998535156,0.9817925169292303,0.1863498618684957,0.1863498618684957
0.9000000000000001,-0.8,44173.359375,442.30584716796875,3.0239256460472137,0.0,0.9,0.05078125,0.0,0.0,0.9999999995884774,0.01876698014629049,0.0,0.9999999996093749,0.0,0.39062499984741206,1.0042723311741748,0.22005482755747463,0.22005482755747463
1.0,-0.8,45703.7890625,452.4012451171875,3.0747935599290193,0.0,0.9,0.046875,0.0,0.0,0.999999999590164,0.015880503144654088,0.0,0.9999999996093749,0.0,0.39843749984436033,1.0210544496761282,0.2454800462935957,0.2454800462935957
-1.0,-0.7,44457.609375,444.2585754394531,3.033961995092875,0.0,0.9,0.10546875,0.0,0.0,0.9999999995633188,0.04903767547530225,0.0,0.9999999996093749,0.0,0.40624999984130855,0.9845438238682205,0.16223333319528957,0.15535247757299647
-0.9,-0.7,42892.39453125,433.8681640625,2.9561492657721713,0.0,0.9,0.15234375,0.0,0.0,0.9999999995391705,0.0751463022933772,0.0,0.9999999996093749,0.0,0.44531249982604976,0.9500902124197094,0.0994505297773026,0.0994505297773026
-0.8,-0.7,41449.5703125,424.20208740234375,3.019951089223665,0.0,0.9,0.10546875,0.0,0.0,0.9999999995633188,0.052146851485335315,0.0,0.9999999996093749,0.0,0.41796874983673094,0.9665219183342484,0.17314879947906517,0.1569999487246586
-0.7,-0.7,40142.71875,415.3488464355469,3.0484505129687296,0.0,0.9,0.10546875,0.0,0.0,0.9999999995633188,0.060244261615352054,0.0,0.9999999996093749,0.0,0.42578124983367915,0.9581375295706022,0.151805778640946,0.1445762982774723
-0.6,-0.7,38982.83203125,407.4022216796875,2.970898911590259,0.0,0.9,0.11328125,0.0,0.0,0.9999999995594714,0.06475548107806171,0.0,0.9999999996093749,0.0,0.42187499983520504,0.9490386382651763,0.12963138861855533,0.1252549920260671
-0.5,-0.7,37982.32421875,400.45941162109375,2.9279811246344867,0.0,0.9,0.1484375,0.0,0.0,0.9999999995412844,0.07801476301476301,0.0,0.9999999996093749,0.0,0.41015624983978266,0.9326179867610022,0.12233584822874133,0.09615645089574196
-0.3999999999999999,-0.7,37153.1640625,394.61651611328125,2.898861812599255,0.0,0.9,0.20703125,0.0,0.0,0.9999999995073892,0.10877078176369533,0.0,0.9999999996093749,0.0,0.48046874981231685,0.9365196702119705,0.052997374147831275,0.041879978736236056
-0.29999999999999993,-0.7,36502.359375,389.9645690917969,2.85479407326058,0.0,0.9,0.2109375,0.0,0.0,0.9999999995049506,0.11667733838795367,0.0,0.9999999996093749,0.0,0.45312499982299803,0.912174179012755,0.10251970311869749,0.052100371340244665
-0.19999999999999996,-0.7,36033.828125,386.5829772949219,2.8141239177984523,0.0,0.9,0.17578125,0.0,0.0,0.9999999995260663,0.08819337671488209,0.0,0.9999999996093749,0.0,0.44921874982452387,0.9150395366064111,0.11794288930934205,0.10797698863765966
-0.09999999999999998,-0.7,35751.5390625,384.5341796875,2.690589003055404,0.0,0.9,0.21484375,0.0,0.0,0.9999999995024876,0.10436448736448738,0.0,0.9999999996093749,0.0,0.5585937497817993,0.8850901044955999,0.11256323037793205,0.07691707647027603
0.0,-0.7,35659.0703125,383.85772705078125,2.7651054763931455,0.0,0.9,0.15625,0.0,0.0,0.9999999995370371,0.06267309827901824,0.0,0.9999999996093749,0.0,0.5546874997833251,0.9263183583281671,0.1464968702676607,0.14345524380005417
0.10000000000000009,-0.7,35758.6171875,384.56719970703125,2.646781795612529,0.0,0.9,0.21875,0.0,0.0,0.9999999995000001,0.09924082367392313,0.0,0.9999999996093749,0.0,0.6484374997467041,0.8887243429462828,0.08967750616483247,0.08275372106334863
0.20000000000000018,-0.7,36045.0078125,386.6484069824219,2.72089295737593,0.0,0.9,0.19140625,0.0,0.0,0.9999999995169082,0.08777523116504815,0.0,0.9999999996093749,0.0,0.5664062497787475,0.9129457417319796,0.11308127833008819,0.09878180399375525
0.30000000000000004,-0.7,36517.125,390.06103515625,2.6941708248843463,0.0,0.9,0.1953125,0.0,0.0,0.9999999995145631,0.10615720447461793,0.0,0.9999999996093749,0.0,0.5546874997833251,0.9060753987850677,0.12874800730271357,0.09648264987258415
0.40000000000000013,-0.7,37172.984375,394.74237060546875,2.7259779487038838,0.0,0.9,0.1796875,0.0,0.0,0.9999999995238096,0.0975852553026319,0.0,0.9999999996093749,0.0,0.5351562497909546,0.9205169959556336,0.09184968672292715,0.08846553896004902
0.5,-0.7,38006.31640625,400.612548828125,2.88744543724761,0.0,0.9,0.14453125,0.0,0.0,0.999999999543379,0.06742713345500802,0.0,0.9999999996093749,0.0,0.41796874983673094,0.9521353802685798,0.10853313797835497,0.10853313797835497
0.6000000000000001,-0.7,39010.75,407.5804443359375,2.9010609259132654,0.0,0.9,0.1328125,0.0,0.0,0.9999999995495495,0.06159402834622939,0.0,0.9999999996093749,0.0,0.46484374981842036,0.9392702450375993,0.11223506444805145,0.1063831526277061
0.7000000000000002,-0.7,40175.66015625,415.5497131347656,2.9132353531182127,0.0,0.9,0.12109375,0.0,0.0,0.9999999995555556,0.05152777482754409,0.0,0.9999999996093749,0.0,0.37890624985198973,0.9557500106712847,0.13086829165771677,0.12911699719247396
0.8,-0.7,41489.53125,424.42340087890625,3.0056975924562845,0.0,0.9,0.05859375,0.0,0.0,0.9999999995850622,0.017780845027221836,0.0,0.9999999996093749,0.0,0.37890624985198973,0.993429941746355,0.21442098205553362,0.2105184248257334
0.9000000000000001,-0.7,42938.26171875,434.1076965332031,3.08107267068055,0.0,0.9,0.078125,0.0,0.0,0.9999999995762712,0.03207177340022195,0.0,0.9999999996093749,0.0,0.3749999998535156,1.0150620836106612,0.20645529443595145,0.20645529443595145
1.0,-0.7,44508.51953125,444.5142822265625,3.1572563454956235,0.0,0.9,0.046875,0.0,0.0,0.999999999590164,0.016743406859125277,0.0,0.9999999996093749,0.0,0.32812499987182614,1.0355090845303194,0.24445934068540587,0.24445934068540587
-1.0,-0.6,43394.359375,437.2113037109375,2.963201865979615,0.0,0.9,0.140625,0.0,0.0,0.9999999995454546,0.06894209669805743,0.0,0.9999999996093749,0.0,0.42187499983520504,0.9576898309721094,0.12227324973197423,0.12227324973197423
-0.9,-0.6,41793.69921875,426.5278015136719,3.010190292443912,0.0,0.9,0.109375,0.0,0.0,0.9999999995614035,0.05536969823390349,0.0,0.9999999996093749,0.0,0.37890624985198973,0.9726258889760793,0.1728252909534145,0.15964756785097467
-0.8,-0.6,40317.6875,416.5659484863281,2.918936120015946,0.0,0.9,0.125,0.0,0.0,0.9999999995535714,0.05597626592766093,0.0,0.9999999996093749,0.0,0.42968749983215326,0.9567397165232246,0.15417147677385812,0.13921989332219434
-0.7,-0.6,38980.89453125,407.419677734375,2.8639386176334067,0.0,0.9,0.14453125,0.0,0.0,0.999999999543379,0.08601348943911279,0.0,0.9999999996093749,0.0,0.45312499982299803,0.9273846342098859,0.14878190267304375,0.11199993088416935
-0.6,-0.6,37797.71875,399.18994140625,2.8446335677429557,0.0,0.9,0.16796875,0.0,0.0,0.9999999995305164,0.11114594583281567,0.0,0.9999999996093749,0.0,0.44140624982757565,0.9133400347056332,0.12333996332991287,0.07859102006412487
-0.5,-0.6,36779.203125,391.9821472167969,2.889326440580407,0.0,0.9,0.15625,0.0,0.0,0.9999999995370371,0.08786869435680576,0.0,0.9999999996093749,0.0,0.41015624983978266,0.9448824418100135,0.08949017860710066,0.08949017860710066
-0.3999999999999999,-0.6,35936.25390625,385.90277099609375,2.748921623648328,0.0,0.9,0.20703125,0.0,0.0,0.9999999995073892,0.11999429822269164,0.0,0.9999999996093749,0.0,0.5156249997985839,0.8927232178652144,0.0814592072795887,0.057564881619192876
-0.29999999999999993,-0.6,35275.01171875,381.0528259277344,2.5913989492111504,0.0,0.9,0.25,0.0,0.0,0.9999999994791667,0.14347776590569286,0.0,0.9999999996093749,0.0,0.5781249997741699,0.8779344424964814,0.07473295935773301,0.03616252576003047
-0.19999999999999996,-0.6,34801.63671875,377.521728515625,2.6355659302808956,0.0,0.9,0.29296875,0.0,0.0,0.9999999994475138,0.16367898734057273,0.0,0.9999999996093749,0.0,0.5742187497756958,0.8499827257833675,0.04166645117736659,0.004791204339585612
-0.09999999999999998,-0.6,34518.28125,375.380126953125,2.6236580550407202,0.0,0.9,0.2734375,0.0,0.0,0.9999999994623656,0.15953629867397617,0.0,0.9999999996093749,0.0,0.6249999997558593,0.8426403383144017,0.1061874010060341,0.05263710339990961
0.0,-0.6,34425.453125,374.6734313964844,2.521368142513129,0.0,0.9,0.2734375,0.0,0.0,0.9999999994623656,0.15350474951387733,0.0,0.9999999996093749,0.0,0.6484374997467041,0.821886770273192,0.09255308181592056,0.045606447771439323
0.10000000000000009,-0.6,34525.0546875,375.4169616699219,2.4567714315387827,0.0,0.9,0.2890625,0.0,0.0,0.9999999994505495,0.15606563823351485,0.0,0.9999999996093749,0.0,0.6562499997436523,0.8247632269498151,0.09874378397283037,0.02098836244894845
0.20000000000000018,-0.6,34814.9921875,377.5945129394531,2.5310816728107572,0.0,0.9,0.23828125,0.0,0.0,0.9999999994871795,0.12770918668886422,0.0,0.9999999996093749,0.0,0.6171874997589111,0.8537554107258186,0.0860626965834161,0.07276254510822551
0.30000000000000004,-0.6,35292.421875,381.1600646972656,2.6374614175420104,0.0,0.9,0.2265625,0.0,0.0,0.9999999994949496,0.11283635564106688,0.0,0.9999999996093749,0.0,0.5742187497756958,0.8706592850720017,0.06428347161256703,0.05380317537248917
0.40000000000000013,-0.6,35957.39453125,386.0424499511719,2.6461260849317476,0.0,0.9,0.28125,0.0,0.0,0.9999999994565217,0.17074836200949667,0.0,0.9999999996093749,0.0,0.5546874997833251,0.8520605290638696,0.07358742065356359,-0.016027635724944908
0.5,-0.6,36804.31640625,392.1517639160156,2.6723955797622234,0.0,0.9,0.234375,0.0,0.0,0.9999999994897959,0.14213755980861242,0.0,0.9999999996093749,0.0,0.5156249997985839,0.8799944703297948,0.041385141933334715,0.02219497801254574
0.6000000000000001,-0.6,37828.18359375,399.3866882324219,2.736087313437569,0.0,0.9,0.203125,0.0,0.0,0.999999999509804,0.1128487198324193,0.0,0.9999999996093749,0.0,0.5039062498031616,0.8990601546889547,0.07771388238907503,0.04277848685216671
0.7000000000000002,-0.6,39018.1328125,407.6409606933594,2.8436393622929574,0.0,0.9,0.15234375,0.0,0.0,0.9999999995391705,0.08667770138358373,0.0,0.9999999996093749,0.0,0.45703124982147214,0.9422234951088565,0.11259028809463274,0.10231449673784701
0.8,-0.6,40361.6875,416.8091125488281,3.047838432886833,0.0,0.9,0.09765625,0.0,0.0,0.9999999995670996,0.05618275703021466,0.0,0.9999999996093749,0.0,0.3593749998596191,0.982855538137761,0.16602215981505059,0.16602215981505059
0.9000000000000001,-0.6,41843.4921875,426.7904357910156,3.0664695330756575,0.0,0.9,0.0625,0.0,0.0,0.9999999995833334,0.026785831455684563,0.0,0.9999999996093749,0.0,0.36328124985809324,1.0136942986139748,0.21593633798889747,0.21593633798889747
1.0,-0.6,43449.59765625,437.49102783203125,3.15028665534699,0.0,0.9,0.046875,0.0,0.0,0.999999999590164,0.014750348092453354,0.0,0.9999999996093749,0.0,0.31640624987640376,1.032047379644472,0.23592880777565445,0.23592880777565445
-1.0,-0.5,42477.53515625,431.0992431640625,3.002568885125597,0.0,0.9,0.09375,0.0,0.0,0.9999999995689656,0.05177894569198917,0.0,0.9999999996093749,0.0,0.33203124987030025,0.9761346794358041,0.17131519238893242,0.16846104962631459
-0.9,-0.5,40846.7890625,420.14764404296875,3.0210733254474404,0.0,0.9,0.08203125,0.0,0.0,0.9999999995744681,0.038477926850688994,0.0,0.9999999996093749,0.0,0.3749999998535156,0.9889863070858956,0.18047394551699222,0.18047394551699222
-0.8,-0.5,39342.18359375,409.91339111328125,2.9049503673062027,0.0,0.9,0.14453125,0.0,0.0,0.999999999543379,0.07889069297064989,0.0,0.9999999996093749,0.0,0.4140624998382568,0.9422498137174895,0.13825425591784019,0.11332923031179094
-0.7,-0.5,37981.3359375,400.4952392578125,2.809977103555809,0.0,0.9,0.12890625,0.0,0.0,0.9999999995515695,0.07561567538008661,0.0,0.9999999996093749,0.0,0.47265624981536863,0.9393849565569626,0.1303954432369317,0.12012501579756625
-0.6,-0.5,36778.89453125,392.0008544921875,2.723134628405246,0.0,0.9,0.18359375,0.0,0.0,0.9999999995215312,0.114228481546504,0.0,0.9999999996093749,0.0,0.5039062498031616,0.8950455072128987,0.10829759817022223,0.06905913129057797
-0.5,-0.5,35746.66796875,384.54400634765625,2.7672537469464333,0.0,0.9,0.21875,0.0,0.0,0.9999999995000001,0.134228767278,0.0,0.9999999996093749,0.0,0.5195312497970581,0.9157278010383433,0.07013041909198575,0.04470910682874408
-0.3999999999999999,-0.5,34894.65625,378.2405090332031,2.5594331578311875,0.0,0.9,0.27734375,0.0,0.0,0.9999999994594595,0.18472910583232724,0.0,0.9999999996093749,0.0,0.5859374997711181,0.8642827432699044,0.04113503586334767,0.00911652994703165
-0.29999999999999993,-0.5,34228.16015625,373.2017517089844,2.437325178248389,0.0,0.9,0.30078125,0.0,0.0,0.9999999994413408,0.22050775688476698,0.0,0.9999999996093749,0.0,0.6992187497268676,0.8096409373898706,0.09109475373200995,0.011552136567145398
-0.19999999999999996,-0.5,33752.61328125,369.5274658203125,2.2022833869633316,0.0,0.9,0.40234375,0.0,0.0,0.9999999993464053,0.315520242353669,0.0,0.9999999996093749,0.0,0.7617187497024536,0.7276446956163373,0.10102871164551855,-0.06510383866862628
-0.09999999999999998,-0.5,33468.6328125,367.29681396484375,2.3238682761966585,0.0,0.9,0.36328125,0.0,0.0,0.9999999993865031,0.24584448137895323,0.0,0.9999999996093749,0.0,0.679687499734497,0.7878361499894667,0.10061570878715381,-0.0034818552128526685
0.0,-0.5,33376.14453125,366.5610656738281,2.2057679638167533,0.0,0.9,0.390625,0.0,0.0,0.9999999993589744,0.25993726905669423,0.0,0.9999999996093749,0.0,0.8007812496871948,0.732532440400701,0.09985465258934297,-0.021073770866496134
0.10000000000000009,-0.5,33476.3515625,367.3375244140625,2.317441643952997,0.0,0.9,0.25390625,0.0,0.0,0.9999999994764398,0.13829946358601328,0.0,0.9999999996093749,0.0,0.6171874997589111,0.8413876802360487,0.10681963744400655,0.08319939283053268
0.20000000000000018,-0.5,33766.20703125,369.6078796386719,2.2572288544922827,0.0,0.9,0.3671875,0.0,0.0,0.9999999993827161,0.2604226935261418,0.0,0.9999999996093749,0.0,0.7265624997161865,0.7423488751580156,0.15283384896831426,-0.05031443774186405
0.30000000000000004,-0.5,34246.046875,373.3200988769531,2.4434761986214992,0.0,0.9,0.3515625,0.0,0.0,0.9999999993975904,0.2165505719323323,0.0,0.9999999996093749,0.0,0.613281249760437,0.7730563685725885,0.15972472867416865,-0.044343950136228376
0.40000000000000013,-0.5,34916.16796875,378.3942565917969,2.3885540365080726,0.0,0.9,0.33203125,0.0,0.0,0.9999999994152047,0.2241363967487156,0.0,0.9999999996093749,0.0,0.5703124997772216,0.794435494388205,0.14408725549436877,-0.048250522390887056
0.5,-0.5,35773.09765625,384.7303771972656,2.641641789198823,0.0,0.9,0.25390625,0.0,0.0,0.9999999994764398,0.14336546160175845,0.0,0.9999999996093749,0.0,0.5312499997924804,0.8409655980493228,0.1379336259487081,0.013235715988288009
0.6000000000000001,-0.5,36811.8125,392.21661376953125,2.7719450496054874,0.0,0.9,0.19140625,0.0,0.0,0.9999999995169082,0.10933449187924892,0.0,0.9999999996093749,0.0,0.49218749980773924,0.8913129559914245,0.13207366402698062,0.05552043827113952
0.7000000000000002,-0.5,38021.2421875,400.73736572265625,2.8822718138150916,0.0,0.9,0.1328125,0.0,0.0,0.9999999995495495,0.07397536450477628,0.0,0.9999999996093749,0.0,0.39843749984436033,0.9576948807044273,0.11498327152443048,0.11498327152443048
0.8,-0.5,39389.3359375,410.17877197265625,3.0046753132192987,0.0,0.9,0.08984375,0.0,0.0,0.9999999995708154,0.05773323228495642,0.0,0.9999999996093749,0.0,0.38671874984893795,0.9820412720010268,0.1668407159896421,0.1668407159896421
0.9000000000000001,-0.5,40899.34765625,420.43359375,3.0530052613900174,0.0,0.9,0.0625,0.0,0.0,0.9999999995833334,0.03159871509760316,0.0,0.9999999996093749,0.0,0.43359374983062743,0.9987923259790934,0.2054658731626541,0.2054658731626541
1.0,-0.5,42535.15625,431.4032897949219,3.065795166141528,0.0,0.9,0.05078125,0.0,0.0,0.9999999995884774,0.03372739653201081,0.0,0.9999999996093749,0.0,0.3749999998535156,1.0122373071696342,0.21667484871362266,0.21667484871362266
-1.0,-0.3999999999999999,41713.25,425.9915771484375,3.0668577381173745,0.0,0.9,0.078125,0.0,0.0,0.9999999995762712,0.03486921124852159,0.0,0.9999999996093749,0.0,0.34374999986572263,0.9857371871350123,0.17721299474000765,0.17721299474000765
-0.9,-0.3999999999999999,40059.078125,414.80511474609375,2.903828786733504,0.0,0.9,0.125,0.0,0.0,0.9999999995535714,0.06799117146943233,0.0,0.9999999996093749,0.0,0.40234374984283444,0.9436365121092479,0.13485586425775048,0.12482667036733885
-0.8,-0.3999999999999999,38532.25390625,404.330810546875,2.889669107674654,0.0,0.9,0.125,0.0,0.0,0.9999999995535714,0.06001194743130227,0.0,0.9999999996093749,0.0,0.41015624983978266,0.9431839677955675,0.11759260917337602,0.10617183916031812
-0.7,-0.3999999999999999,37151.875,394.6716613769531,2.7373564155023993,0.0,0.9,0.15625,0.0,0.0,0.9999999995370371,0.08764255496014368,0.0,0.9999999996093749,0.0,0.47265624981536863,0.9186906269726969,0.09827240003757717,0.07686585711167059
-0.6,-0.3999999999999999,35934.65234375,385.9411315917969,2.6493355565540866,0.0,0.9,0.23046875,0.0,0.0,0.9999999994923858,0.14413883997997623,0.0,0.9999999996093749,0.0,0.5156249997985839,0.8937860644390903,0.04880537896768112,0.020918537380814325
-0.5,-0.3999999999999999,34894.3359375,378.2603759765625,2.4655588844936878,0.0,0.9,0.3515625,0.0,0.0,0.9999999993975904,0.27501887428702504,0.0,0.9999999996093749,0.0,0.6679687497390746,0.8366025287642691,0.1108825733757441,-0.08337172955509894
-0.3999999999999999,-0.3999999999999999,34038.58984375,371.7541198730469,2.3533029563995123,0.0,0.9,0.43359375,0.0,0.0,0.9999999993103449,0.34385117036279833,0.0,0.9999999996093749,0.0,0.7499999997070312,0.7645671389964547,0.13086590911318838,-0.13086590911318838
-0.29999999999999993,-0.3999999999999999,33370.40625,366.54376220703125,2.064160176171569,0.0,0.9,0.48828125,0.0,0.0,0.9999999992366413,0.4599844733579804,0.0,0.9999999996093749,0.0,0.8242187496780394,0.6748736257219342,0.14736365047991662,-0.14302268438317323
-0.19999999999999996,-0.3999999999999999,32893.83984375,362.73846435546875,2.095529950921001,0.0,0.9,0.625,0.0,0.0,0.9999999989583334,0.5490377354193143,0.0,0.9999999996093749,0.0,0.8906249996520995,0.5957994624297741,0.2455551135922039,-0.2455551135922039
-0.09999999999999998,-0.3999999999999999,32610.087890625,360.4263000488281,1.8586132061744403,0.0,0.9,0.59765625,0.0,0.0,0.9999999990291263,0.5104350572476835,0.0,0.9999999996093749,0.0,0.9101562496444702,0.5737810566104784,0.17835194846970084,-0.17835194846970084
0.0,-0.3999999999999999,32519.01953125,359.6639099121094,2.213992748939045,0.0,0.9,0.4609375,0.0,0.0,0.9999999992753623,0.3105145778491829,0.0,0.9999999996093749,0.0,0.7109374997222899,0.7262900437891293,0.09150866964740834,-0.020159709885171014
0.10000000000000009,-0.3999999999999999,32619.611328125,360.4709167480469,2.0206029506026324,0.0,0.9,0.46875,0.0,0.0,0.999999999264706,0.3525998859910109,0.0,0.9999999996093749,0.0,0.7812499996948241,0.7043538264399734,0.09036824643609943,-0.05395938075671707
0.20000000000000018,-0.3999999999999999,32910.44921875,362.8266296386719,1.935681026465686,0.0,0.9,0.48046875,0.0,0.0,0.9999999992481203,0.37718739710234533,0.0,0.9999999996093749,0.0,0.9023437496475218,0.6541861972182643,0.15415002802670122,-0.11589867959963128
0.30000000000000004,-0.3999999999999999,33390.0234375,366.6731872558594,2.4129836552096187,0.0,0.9,0.31640625,0.0,0.0,0.9999999994285714,0.19626480038845132,0.0,0.9999999996093749,0.0,0.6210937497573852,0.8378622289280552,0.07110926978875444,0.018173006207605313
0.40000000000000013,-0.3999999999999999,34061.64453125,371.9220886230469,2.5909030981836603,0.0,0.9,0.28125,0.0,0.0,0.9999999994565217,0.15305612521556486,0.0,0.9999999996093749,0.0,0.5351562497909546,0.8546005625925238,0.07772747535998263,0.043461198762513545
0.5,-0.3999999999999999,34923.32421875,378.4635925292969,2.364925086979778,0.0,0.9,0.34765625,0.0,0.0,0.9999999994011977,0.2520796552394294,0.0,0.9999999996093749,0.0,0.5898437497695922,0.7754766032218008,0.16320280929144265,-0.0529144876821622
0.6000000000000001,-0.3999999999999999,35971.19921875,386.1759033203125,2.725296310003273,0.0,0.9,0.2265625,0.0,0.0,0.9999999994949496,0.1269829485567102,0.0,0.9999999996093749,0.0,0.5312499997924804,0.874462077424103,0.11185559040630863,0.02380552508958677
0.7000000000000002,-0.3999999999999999,37195.08203125,394.9346008300781,2.682973436992131,0.0,0.9,0.22265625,0.0,0.0,0.9999999994974874,0.12981012814346146,0.0,0.9999999996093749,0.0,0.5156249997985839,0.8852358742665216,0.06861281267160733,0.046941797225752924
0.8,-0.3999999999999999,38582.5390625,404.6184997558594,2.986890896988341,0.0,0.9,0.1171875,0.0,0.0,0.9999999995575222,0.06511148272017837,0.0,0.9999999996093749,0.0,0.42578124983367915,0.9624477709245439,0.1418019211523732,0.1418019211523732
0.9000000000000001,-0.3999999999999999,40114.9140625,415.11444091796875,2.8800290699021964,0.0,0.9,0.15234375,0.0,0.0,0.9999999995391705,0.10717008364154397,0.0,0.9999999996093749,0.0,0.43749999982910154,0.9574038905817419,0.10256625453908111,0.10256625453908111
1.0,-0.3999999999999999,41774.83203125,426.3196716308594,3.0874555531160404,0.0,0.9,0.04296875,0.0,0.0,0.9999999995918367,0.03770491803278688,0.0,0.9999999996093749,0.0,0.40624999984130855,1.0084715264123731,0.21735637261552926,0.21735637261552926
-1.0,-0.29999999999999993,41111.25,421.9511413574219,3.0199665864309195,0.0,0.9,0.05859375,0.0,0.0,0.9999999995850622,0.02580205415499533,0.0,0.9999999996093749,0.0,0.38281249985046384,0.9925368893293551,0.20007848686076976,0.20007848686076976
-0.9,-0.29999999999999993,39437.5234375,410.5718078613281,2.908973561518672,0.0,0.9,0.09765625,0.0,0.0,0.9999999995670996,0.0472358563290844,0.0,0.9999999996093749,0.0,0.38671874984893795,0.9684355871804594,0.14559621405049,0.14559621405049
-0.8,-0.29999999999999993,37894.43359375,399.899169921875,2.8259675988378095,0.0,0.9,0.125,0.0,0.0,0.9999999995535714,0.05648743477191495,0.0,0.9999999996093749,0.0,0.46874999981689447,0.9403358043898485,0.10648118432942183,0.10648118432942183
-0.7,-0.29999999999999993,36500.51171875,390.03961181640625,2.615245753710653,0.0,0.9,0.20703125,0.0,0.0,0.9999999995073892,0.13077544810941394,0.0,0.9999999996093749,0.0,0.5039062498031616,0.8920626635753685,0.053414422679285714,0.01255478709967774
-0.6,-0.29999999999999993,35274.15625,381.1116027832031,2.6021448915351226,0.0,0.9,0.24609375,0.0,0.0,0.9999999994818654,0.1572440325219811,0.0,0.9999999996093749,0.0,0.6093749997619629,0.8686574881441415,0.08687489302494616,-0.01957233310858144
-0.5,-0.29999999999999993,34228.8359375,373.2425231933594,2.4443543538310215,0.0,0.9,0.33984375,0.0,0.0,0.9999999994082841,0.22585439522815204,0.0,0.9999999996093749,0.0,0.6601562497421264,0.8249688303719231,0.06983362696073278,-0.06983362696073278
-0.3999999999999999,-0.29999999999999993,33372.56640625,366.56475830078125,2.2034128949535874,0.0,0.9,0.48046875,0.0,0.0,0.9999999992481203,0.37089225554509375,0.0,0.9999999996093749,0.0,0.8320312496749878,0.6619925231157244,0.1759408214905233,-0.14616774483216136
-0.29999999999999993,-0.29999999999999993,32705.48046875,361.2083435058594,1.968553821702521,0.0,0.9,0.63671875,0.0,0.0,0.9999999989247312,0.5183801739239641,0.0,0.9999999996093749,0.0,0.9101562496444702,0.5563353183392796,0.23987529734332638,-0.23987529734332638
-0.19999999999999996,-0.29999999999999993,32229.51171875,357.29150390625,1.7495397189968738,0.0,0.9,0.73046875,0.0,0.0,0.9999999985507247,0.612659093225857,0.0,0.9999999996093749,0.0,0.9570312496261596,0.4689479143198185,0.25767427147286553,-0.25767427147286553
-0.09999999999999998,-0.29999999999999993,31945.9375,354.9095764160156,1.8728965946704286,0.0,0.9,0.7265625,0.0,0.0,0.9999999985714286,0.6317084121397848,0.0,0.9999999996093749,0.0,0.9492187496292114,0.43592838392512523,0.1965701942443342,-0.1965701942443342
0.0,-0.29999999999999993,31854.123046875,354.1246337890625,1.6854707177318538,0.0,0.9,0.74609375,1.0,0.0,0.9999999984615385,0.6628595594117712,1.0,0.9999999996093749,0.0039062499984741208,0.9374999996337889,0.4132325620626421,0.22434881453046493,-0.2120061083497575
0.10000000000000009,-0.29999999999999993,31954.484375,354.9580383300781,1.9743549032149035,0.0,0.9,0.62109375,1.0,0.0,0.9999999989690722,0.48785132346535853,1.0,0.9999999996093749,0.0078124999969482415,0.9062499996459961,0.5322993436159484,0.1374911772958621,-0.1374911772958621
0.20000000000000018,-0.29999999999999993,32244.828125,357.38726806640625,2.0001148677522553,0.0,0.9,0.5859375,0.0,0.0,0.9999999990566039,0.43351658032519075,0.0,0.9999999996093749,0.0,0.8945312496505736,0.5503195520689195,0.15630285600776966,-0.13640789193710295
0.30000000000000004,-0.29999999999999993,32725.255859375,361.34893798828125,2.3652463560070855,0.0,0.9,0.44140625,0.0,0.0,0.9999999993006994,0.31149602007481897,0.0,0.9999999996093749,0.0,0.7578124997039795,0.7012220680007735,0.08454766370339828,-0.054598602603360094
0.40000000000000013,-0.29999999999999993,33396.828125,366.7467956542969,2.125198191918568,0.0,0.9,0.5078125,0.0,0.0,0.9999999992063493,0.3586766205751959,0.0,0.9999999996093749,0.0,0.7851562496932982,0.649887108567143,0.1513533154083024,-0.12795207194306984
0.5,-0.29999999999999993,34260.1328125,373.4621887207031,2.2627820402932417,0.0,0.9,0.453125,0.0,0.0,0.9999999992857144,0.3035329289252367,0.0,0.9999999996093749,0.0,0.6953124997283935,0.7173946515984465,0.1560100520561648,-0.11763129850832123
0.6000000000000001,-0.29999999999999993,35314.66796875,381.3651123046875,2.685150317774196,0.0,0.9,0.23046875,0.0,0.0,0.9999999994923858,0.11542497178602655,0.0,0.9999999996093749,0.0,0.46484374981842036,0.8966863850241819,0.0723097869890797,0.03758364402871156
0.7000000000000002,-0.29999999999999993,36547.4296875,390.32293701171875,2.666258208852425,0.0,0.9,0.29296875,0.0,0.0,0.9999999994475138,0.19617178911152605,0.0,0.9999999996093749,0.0,0.5624999997802734,0.8556658256214479,0.056707219076416945,-0.037986432392097216
0.8,-0.29999999999999993,37947.12890625,400.2086181640625,2.8341067916923435,0.0,0.9,0.12890625,0.0,0.0,0.9999999995515695,0.06872323441622394,0.0,0.9999999996093749,0.0,0.43749999982910154,0.9489568851239554,0.11580346267003952,0.11580346267003952
0.9000000000000001,-0.29999999999999993,39495.69921875,410.9039306640625,2.9616127465849864,0.0,0.9,0.109375,0.0,0.0,0.9999999995614035,0.0645202259739109,0.0,0.9999999996093749,0.0,0.40624999984130855,0.9687835949666518,0.1308283984928632,0.1308283984928632
1.0,-0.29999999999999993,41174.92578125,422.3029479980469,3.0368352369224416,0.0,0.9,0.0625,0.0,0.0,0.9999999995833334,0.045953417005310415,0.0,0.9999999996093749,0.0,0.35546874986114496,0.9913036585876369,0.1835731821685188,0.1835731821685188
-1.0,-0.19999999999999996,40679.609375,419.0316467285156,3.015175565203649,0.0,0.9,0.05859375,0.0,0.0,0.9999999995850622,0.02589285714285714,0.0,0.9999999996093749,0.0,0.37890624985198973,0.9926809565677301,0.1979269702567144,0.1979269702567144
-0.9,-0.19999999999999996,38991.1875,407.5087890625,2.9348424535416275,0.0,0.9,0.10546875,0.0,0.0,0.9999999995633188,0.04511924168786914,0.0,0.9999999996093749,0.0,0.41796874983673094,0.9692103013613635,0.1327765304160356,0.1327765304160356
-0.8,-0.19999999999999996,37435.609375,396.6880187988281,2.894662725084451,0.0,0.9,0.125,0.0,0.0,0.9999999995535714,0.06551418610629137,0.0,0.9999999996093749,0.0,0.40624999984130855,0.9556809010260865,0.10432635674688148,0.10432635674688148
-0.7,-0.19999999999999996,36033.68359375,386.67822265625,2.655402593984808,0.0,0.9,0.1953125,0.0,0.0,0.9999999995145631,0.11335194715061235,0.0,0.9999999996093749,0.0,0.5273437497940063,0.8998564282026613,0.0631502223058655,0.015367970563089911
-0.6,-0.19999999999999996,34801.69921875,377.6014099121094,2.4995596976046963,0.0,0.9,0.3046875,0.0,0.0,0.9999999994382023,0.18016293407186418,0.0,0.9999999996093749,0.0,0.6718749997375487,0.8387961754751108,0.10348108069757742,-0.07338463695804844
-0.5,-0.19999999999999996,33754.36328125,369.5897521972656,2.258467051549569,0.0,0.9,0.453125,0.0,0.0,0.9999999992857144,0.3361125033705909,0.0,0.9999999996093749,0.0,0.746093749708557,0.7520389938328134,0.18277500106790057,-0.16819236816798422
-0.3999999999999999,-0.19999999999999996,32897.9765625,362.7814636230469,1.951399515958054,0.0,0.9,0.5546875,0.0,0.0,0.999999999122807,0.3940172515978968,0.0,0.9999999996093749,0.0,0.8515624996673583,0.6390214396132119,0.22640361931720954,-0.2035721310576275
-0.29999999999999993,-0.19999999999999996,32233.078125,357.3136901855469,1.8486732378369715,0.0,0.9,0.71875,0.0,0.0,0.9999999986111112,0.6082595060794671,0.0,0.9999999996093749,0.0,0.8867187496536254,0.4830369639118967,0.25082337575771946,-0.25069591218302856
-0.19999999999999996,-0.19999999999999996,31758.548828125,353.3113098144531,1.5512013941633092,0.0,0.9,0.796875,1.0,0.0,0.9999999980769231,0.7059832206955861,1.0,0.9999999996093749,0.0039062499984741208,0.9531249996276855,0.3395189452903682,0.21369866432330717,-0.20297767265759833
-0.09999999999999998,-0.19999999999999996,31475.6953125,350.8759765625,1.7050094774286264,0.0,0.9,0.80859375,1.0,0.0,0.9999999979591837,0.7284121111758349,1.0,0.9999999996093749,0.011718749995422363,0.9492187496292114,0.32043110574047184,0.129727810776068,-0.129727810776068
0.0,-0.19999999999999996,31383.703125,350.0740051269531,1.7765741202146295,0.0,0.9,0.8984375,1.0,0.0,0.9999999961538462,0.8543304703884415,1.0,0.9999999996093749,0.03515624998626709,0.9609374996246337,0.2060338655937875,0.18985610478686657,-0.18985610478686657
0.10000000000000009,-0.19999999999999996,31483.203125,350.92816162109375,1.6858914967111263,0.0,0.9,0.734375,1.0,0.0,0.9999999985294119,0.6296239918302378,1.0,0.9999999996093749,0.031249999987792966,0.9335937496353148,0.38096781016520315,0.12510856429392486,-0.1241623725793275
0.20000000000000018,-0.19999999999999996,31772.5625,353.4142761230469,1.833217992251673,0.0,0.9,0.65234375,1.0,0.0,0.9999999988764046,0.5522254579979539,1.0,0.9999999996093749,0.015624999993896483,0.8867187496536254,0.5089845210012915,0.12601552904994517,-0.11079670245946208
0.30000000000000004,-0.19999999999999996,32253.048828125,357.4646911621094,1.9553107726504337,0.0,0.9,0.67578125,0.0,0.0,0.9999999987951808,0.5878556699094062,0.0,0.9999999996093749,0.0,0.9101562496444702,0.47744105983218305,0.1478069863833087,-0.1419582226623752
0.40000000000000013,-0.19999999999999996,32924.48046875,362.9769287109375,2.1566523966452134,0.0,0.9,0.5234375,0.0,0.0,0.9999999991803279,0.3937965547195078,0.0,0.9999999996093749,0.0,0.7617187497024536,0.6568867414953403,0.132853206197146,-0.08978537995895924
0.5,-0.19999999999999996,33788.921875,369.8252868652344,2.245071891447818,0.0,0.9,0.54296875,0.0,0.0,0.9999999991452992,0.39973977155604085,0.0,0.9999999996093749,0.0,0.7421874997100829,0.6650686330972287,0.1769208833004132,-0.17207638182383891
0.6000000000000001,-0.19999999999999996,34846.0234375,377.8727111816406,2.4417666778474345,0.0,0.9,0.375,0.0,0.0,0.9999999993750001,0.23195169431503515,0.0,0.9999999996093749,0.0,0.6679687497390746,0.8003852942261959,0.11477324143927428,-0.08965915699357332
0.7000000000000002,-0.19999999999999996,36084.6328125,386.9810791015625,2.660509042984344,0.0,0.9,0.2578125,0.0,0.0,0.9999999994736842,0.1545514819291107,0.0,0.9999999996093749,0.0,0.5664062497787475,0.8974664122558358,0.038090649300525206,-0.0013778183902865403
0.8,-0.19999999999999996,37492.0078125,397.0182800292969,2.7827910085208925,0.0,0.9,0.12109375,0.0,0.0,0.9999999995555556,0.07630611472716735,0.0,0.9999999996093749,0.0,0.5351562497909546,0.9287792890718354,0.12248541812950925,0.11111007257858244
0.9000000000000001,-0.19999999999999996,39050.35546875,407.86285400390625,2.9505510188608888,0.0,0.9,0.06640625,0.0,0.0,0.99999999958159,0.028145909252001205,0.0,0.9999999996093749,0.0,0.34765624986419674,0.9867878135319696,0.16732780734612873,0.16732780734612873
1.0,-0.19999999999999996,40742.875,419.4062194824219,2.9643271420401978,0.0,0.9,0.0703125,0.0,0.0,0.999999999579832,0.04647517639365465,0.0,0.9999999996093749,0.0,0.38671874984893795,0.9776660251900039,0.15642637579859042,0.15642637579859042
-1.0,-0.09999999999999998,40419.34375,417.2738952636719,3.0186973651568025,0.0,0.9,0.05078125,0.0,0.0,0.9999999995884774,0.023674424811902916,0.0,0.9999999996093749,0.0,0.3749999998535156,0.9931001459537311,0.20422016576469637,0.20422016576469637
-0.9,-0.09999999999999998,38723.8203125,405.6632995605469,2.905813144517757,0.0,0.9,0.078125,0.0,0.0,0.9999999995762712,0.04583759631418121,0.0,0.9999999996093749,0.0,0.41015624983978266,0.9687784339578317,0.16387659330224355,0.16387659330224355
-0.8,-0.09999999999999998,37162.078125,394.75164794921875,2.761668851475246,0.0,0.9,0.15234375,0.0,0.0,0.9999999995391705,0.078861952640164,0.0,0.9999999996093749,0.0,0.48046874981231685,0.9306735585624689,0.0737508998412808,0.0737508998412808
-0.7,-0.09999999999999998,35754.44921875,384.64947509765625,2.5914484806697202,0.0,0.9,0.23828125,0.0,0.0,0.9999999994871795,0.11938314085680196,0.0,0.9999999996093749,0.0,0.6093749997619629,0.8871024704224113,0.03935543326176834,-0.007941736933029523
-0.6,-0.09999999999999998,34519.87109375,375.48065185546875,2.561120446073307,0.0,0.9,0.29296875,0.0,0.0,0.9999999994475138,0.16813687309998365,0.0,0.9999999996093749,0.0,0.6601562497421264,0.8467173010926792,0.04838476337552303,-0.04705055078771146
-0.5,-0.09999999999999998,33471.921875,367.3806457519531,2.28484151015687,0.0,0.9,0.4453125,0.0,0.0,0.9999999992957747,0.3019177176117824,0.0,0.9999999996093749,0.0,0.8007812496871948,0.7490253088297286,0.1486739025158752,-0.1486739025158752
-0.3999999999999999,-0.09999999999999998,32616.291015625,360.4916076660156,1.7823215277457336,0.0,0.9,0.6796875,0.0,0.0,0.9999999987804878,0.5246365327437291,0.0,0.9999999996093749,0.0,0.9257812496383666,0.5297545407462992,0.2789485028948917,-0.2789485028948917
-0.29999999999999993,-0.09999999999999998,31952.64453125,354.9544982910156,2.1458247959599404,0.0,0.9,0.6171875,1.0,0.0,0.9999999989795919,0.46747355721818085,1.0,0.9999999996093749,0.0078124999969482415,0.8476562496688842,0.5360062132267948,0.1168810359238171,-0.1168810359238171
-0.19999999999999996,-0.09999999999999998,31479.88671875,350.8989562988281,1.5978973406430053,0.0,0.9,0.82421875,1.0,0.0,0.9999999977777777,0.728501909034731,1.0,0.9999999996093749,0.023437499990844726,0.9531249996276855,0.2991670772187126,0.1697089478237018,-0.1697089478237018
-0.09999999999999998,-0.09999999999999998,31197.26953125,348.4305725097656,1.7735254619198741,0.0,0.9,0.90234375,1.0,0.0,0.999999996,0.8421864279052791,1.0,0.9999999996093749,0.12499999995117186,0.9882812496139526,0.1545935191777707,0.13045259276769736,-0.13045259276769736
0.0,-0.09999999999999998,31104.744140625,347.6184387207031,1.954430263057502,0.0,0.9,0.859375,0.9782608695652174,0.0,0.9722222195216049,0.7741690145603191,0.9797979797979798,0.9999999996093749,0.17968749992980956,0.9687499996215819,0.19481513067529277,0.09218010498238434,-0.06964569388087886
0.10000000000000009,-0.09999999999999998,31203.32421875,348.4862060546875,1.7629996097412328,0.0,0.9,0.81640625,1.0,0.0,0.9999999978723404,0.7263921119138511,1.0,0.9999999996093749,0.09765624996185301,0.9531249996276855,0.29733152944946,0.0967006790805174,-0.09143758646860566
0.20000000000000018,-0.09999999999999998,31492.677734375,351.00860595703125,1.891909164576279,0.0,0.9,0.79296875,1.0,0.0,0.9999999981132075,0.7313299663299663,1.0,0.9999999996093749,0.05859374997711181,0.9765624996185301,0.3000135677449973,0.10992748414423727,-0.07889950063272745
0.30000000000000004,-0.09999999999999998,31973.75390625,355.11517333984375,2.113623774855252,0.0,0.9,0.55859375,0.0,0.0,0.9999999991150443,0.43714737422451544,0.0,0.9999999996093749,0.0,0.8007812496871948,0.604590154040312,0.07161726882395483,-0.016615788049127563
0.40000000000000013,-0.09999999999999998,32645.525390625,360.6993103027344,2.100199408478291,0.0,0.9,0.47265625,0.0,0.0,0.9999999992592593,0.3074290651876858,0.0,0.9999999996093749,0.0,0.6601562497421264,0.7226961071275999,0.0916383663758599,0.026147504868477348
0.5,-0.09999999999999998,33509.67578125,367.630859375,2.3389534365517988,0.0,0.9,0.41015625,0.0,0.0,0.9999999993377484,0.2676807630839889,0.0,0.9999999996093749,0.0,0.6328124997528075,0.8063607820815301,0.10758323517082201,-0.02799204230750155
0.6000000000000001,-0.09999999999999998,34567.43359375,375.7686462402344,2.4322158682259754,0.0,0.9,0.45703125,0.0,0.0,0.9999999992805756,0.31857928212311715,0.0,0.9999999996093749,0.0,0.7304687497146606,0.7444414216696628,0.16031812739666457,-0.15280533738462831
0.7000000000000002,-0.09999999999999998,35808.28515625,384.9703369140625,2.6344265875244974,0.0,0.9,0.28125,0.0,0.0,0.9999999994565217,0.17762971734705033,0.0,0.9999999996093749,0.0,0.6601562497421264,0.859915032635215,0.05012366228513088,-0.02278563447520574
0.8,-0.09999999999999998,37219.2109375,395.1014099121094,2.737760058146727,0.0,0.9,0.16796875,0.0,0.0,0.9999999995305164,0.1027182790108797,0.0,0.9999999996093749,0.0,0.5312499997924804,0.9305533933128525,0.08824294969214132,0.06579567084788356
0.9000000000000001,-0.09999999999999998,38783.41796875,406.0379943847656,2.7545261290471554,0.0,0.9,0.125,0.0,0.0,0.9999999995535714,0.07151930899906912,0.0,0.9999999996093749,0.0,0.5624999997802734,0.930856445379228,0.11760428680838624,0.11145323874134629
1.0,-0.09999999999999998,40483.1796875,417.6700744628906,2.8983399143426496,0.0,0.9,0.0625,0.0,0.0,0.9999999995833334,0.028712033003426233,0.0,0.9999999996093749,0.0,0.45312499982299803,0.9587561910055203,0.168911193822707,0.168911193822707
-1.0,0.0,40332.6875,416.7035827636719,3.066525203812486,0.0,0.9,0.03515625,0.0,0.0,0.9999999995951417,0.017624713015363554,0.0,0.9999999996093749,0.0,0.34374999986572263,0.999995049725104,0.20993208984163608,0.20993208984163608
-0.9,0.0,38635.16015625,405.06494140625,2.9014050831235947,0.0,0.9,0.078125,0.0,0.0,0.9999999995762712,0.04689190037016124,0.0,0.9999999996093749,0.0,0.42187499983520504,0.9664362327853359,0.1634265477402439,0.1634265477402439
-0.8,0.0,37072.9140625,394.124267578125,2.8419077281962335,0.0,0.9,0.08984375,0.0,0.0,0.9999999995708154,0.04677436135977494,0.0,0.9999999996093749,0.0,0.46093749981994625,0.9475812727081959,0.14086960223814599,0.1370227376270555
-0.7,0.0,35665.36328125,383.992431640625,2.650340252421303,0.0,0.9,0.203125,0.0,0.0,0.999999999509804,0.12640898623133315,0.0,0.9999999996093749,0.0,0.6054687497634887,0.908246801560441,0.10901335321595641,0.024285044632798767
-0.6,0.0,34430.1953125,374.7943420410156,2.491847572019301,0.0,0.9,0.33203125,0.0,0.0,0.9999999994152047,0.18874861867115422,0.0,0.9999999996093749,0.0,0.6328124997528075,0.8569383701609393,0.08231899927735081,-0.08231899927735081
-0.5,0.0,33381.515625,366.6662292480469,2.2271012703112376,0.0,0.9,0.4296875,0.0,0.0,0.9999999993150686,0.26928405921359444,0.0,0.9999999996093749,0.0,0.7304687497146606,0.7545360280878068,0.13147947550385114,-0.13147947550385114
-0.3999999999999999,0.0,32526.60546875,359.7513427734375,1.7718730721963982,0.0,0.9,0.63671875,0.0,0.0,0.9999999989247312,0.4799329800744573,0.0,0.9999999996093749,0.0,0.8945312496505736,0.5709584882011574,0.24960616144864864,-0.24960616144864864
-0.29999999999999993,0.0,31863.736328125,354.1924133300781,1.6904364103662717,0.0,0.9,0.6484375,1.0,0.0,0.9999999988888889,0.5099164730101828,1.0,0.9999999996093749,0.0039062499984741208,0.7851562496932982,0.5683010262973955,0.12340829739536031,-0.09662959900765855
-0.19999999999999996,0.0,31391.06640625,350.12030029296875,1.4782252836219893,0.0,0.9,0.79296875,1.0,0.0,0.9999999981132075,0.6829305465887981,1.0,0.9999999996093749,0.031249999987792966,0.9218749996398925,0.32205756506558353,0.14996928748057364,-0.1317146969100261
-0.09999999999999998,0.0,31108.23046875,347.64202880859375,2.0856371596586922,0.0,0.9,0.7578125,0.96875,0.0,0.9838709661550468,0.6172890595304388,0.9351851851851853,0.9999999996093749,0.12499999995117186,0.9179687496414184,0.35875676368013815,0.0481996450756009,-0.019052493115462303
0.0,0.0,31016.326171875,346.827392578125,1.6166750980566331,0.0,0.9,0.9453125,0.990990990990991,0.0,0.9285714219387756,0.9054879870006517,0.9735537190082645,0.9999999996093749,0.43359374983062743,0.9921874996124267,0.09264791674073979,0.10918447606327064,-0.09667555266481356
0.10000000000000009,0.0,31114.65625,347.7005310058594,1.7340479953698846,0.0,0.9,0.75390625,1.0,0.0,0.9999999984126984,0.6792287858097293,1.0,0.9999999996093749,0.12109374995269774,0.9687499996215819,0.36253300664667093,0.06857076818082158,-0.02178883890654821
0.20000000000000018,0.0,31403.498046875,350.23565673828125,1.8591758740070532,0.0,0.9,0.796875,1.0,0.0,0.9999999980769231,0.7268910788962838,1.0,0.9999999996093749,0.0937499999633789,0.9609374996246337,0.3274664438772363,0.09475030805550409,-0.05511380452376825
0.30000000000000004,0.0,31885.318359375,354.3614196777344,2.007315734509871,0.0,0.9,0.5625,0.0,0.0,0.9999999991071429,0.43796913679829547,0.0,0.9999999996093749,0.0,0.7656249997009277,0.6419064975787081,0.08949527656151665,0.08824737907340549
0.40000000000000013,0.0,32556.9921875,359.9698181152344,2.0656236489781525,0.0,0.9,0.5234375,0.0,0.0,0.9999999991803279,0.359234195240567,0.0,0.9999999996093749,0.0,0.7148437497207641,0.6693789246053543,0.08274171890175422,0.002516931677653365
0.5,0.0,33419.2421875,366.9293518066406,2.2872003341125633,0.0,0.9,0.47265625,0.0,0.0,0.9999999992592593,0.33138198186689655,0.0,0.9999999996093749,0.0,0.6562499997436523,0.7424341787010444,0.10207169230837379,-0.07303652048814144
0.6000000000000001,0.0,34475.50390625,375.09698486328125,2.3811172247700125,0.0,0.9,0.47265625,0.0,0.0,0.9999999992592593,0.3574890632416386,0.0,0.9999999996093749,0.0,0.746093749708557,0.7561679396640298,0.15787809967269073,-0.15787809967269073
0.7000000000000002,0.0,35717.6953125,384.32977294921875,2.6355195578684194,0.0,0.9,0.30078125,0.0,0.0,0.9999999994413408,0.19836281755598248,0.0,0.9999999996093749,0.0,0.6523437497451782,0.86022146192667,0.08186442863435026,-0.026252233639297046
0.8,0.0,37130.65234375,394.4916687011719,2.8160541545666025,0.0,0.9,0.19921875,0.0,0.0,0.9999999995121952,0.13456999060365119,0.0,0.9999999996093749,0.0,0.5624999997802734,0.9141592711161998,0.07914729785194449,0.054375131479972014
0.9000000000000001,0.0,38697.2109375,405.4585266113281,2.7950375573442146,0.0,0.9,0.15234375,0.0,0.0,0.9999999995391705,0.10144433388303242,0.0,0.9999999996093749,0.0,0.5664062497787475,0.9226882795773332,0.08690485077029089,0.08612045910702046
1.0,0.0,40399.625,417.1195983886719,2.8786749716160416,0.0,0.9,0.1484375,0.0,0.0,0.9999999995412844,0.08236836643050074,0.0,0.9999999996093749,0.0,0.47656249981384274,0.9428016624942425,0.08841498779973116,0.07981945772745781
-1.0,0.10000000000000009,40420.98046875,417.3292541503906,3.0454639031076343,0.0,0.9,0.04296875,0.0,0.0,0.9999999995918367,0.02509508136467248,0.0,0.9999999996093749,0.0,0.31640624987640376,0.9947792997082268,0.18593593240980497,0.18593593240980497
-0.9,0.10000000000000009,38727.515625,405.7236633300781,2.9244427545904994,0.0,0.9,0.0859375,0.0,0.0,0.9999999995726496,0.04981259832303476,0.0,0.9999999996093749,0.0,0.37890624985198973,0.965378133906248,0.14240084336474684,0.1386404888332663
-0.8,0.10000000000000009,37169.2109375,394.817138671875,2.8728971955191835,0.0,0.9,0.10546875,0.0,0.0,0.9999999995633188,0.07020570231249103,0.0,0.9999999996093749,0.0,0.45703124982147214,0.9481649793915514,0.13074654087600365,0.11910091525455913
-0.7,0.10000000000000009,35764.83984375,384.7204284667969,2.7386987120691835,0.0,0.9,0.15625,0.0,0.0,0.9999999995370371,0.0919150288025758,0.0,0.9999999996093749,0.0,0.5703124997772216,0.9124971368705271,0.07313821972812196,0.06976862063570592
-0.6,0.10000000000000009,34530.89453125,375.5572814941406,2.5585366443915336,0.0,0.9,0.30078125,0.0,0.0,0.9999999994413408,0.18210929016328312,0.0,0.9999999996093749,0.0,0.6523437497451782,0.8539104660626706,0.057401616137394834,-0.053144177698697184
-0.5,0.10000000000000009,33482.9375,367.463134765625,2.294150354728913,0.0,0.9,0.3984375,0.0,0.0,0.9999999993506494,0.2702617639587107,0.0,0.9999999996093749,0.0,0.746093749708557,0.7734675912819573,0.11567412132728136,-0.11567412132728136
-0.3999999999999999,0.10000000000000009,32627.6796875,360.5796813964844,2.165070658439609,0.0,0.9,0.41796875,0.0,0.0,0.9999999993288591,0.2855508455982839,0.0,0.9999999996093749,0.0,0.7109374997222899,0.7663285467785539,0.07847365527382388,-0.05169352974143389
-0.29999999999999993,0.10000000000000009,31964.203125,355.0479431152344,2.054483034508667,0.0,0.9,0.72265625,0.0,0.0,0.9999999985915494,0.6250740434945107,0.0,0.9999999996093749,0.0,0.9062499996459961,0.45202618514222437,0.2221824783738523,-0.2221824783738523
-0.19999999999999996,0.10000000000000009,31491.5625,350.997314453125,1.7624561644060792,0.0,0.9,0.7421875,1.0,0.0,0.9999999984848486,0.6299807784807785,1.0,0.9999999996093749,0.015624999993896483,0.8906249996520995,0.41303237890928657,0.1398421119796603,-0.1398421119796603
-0.09999999999999998,0.10000000000000009,31208.830078125,348.5331115722656,1.2493712589726276,0.0,0.9,0.89453125,1.0,0.0,0.9999999962962962,0.837294234213033,1.0,0.9999999996093749,0.08593749996643066,0.9765624996185301,0.18320514274829972,0.1534259153693434,-0.1424000748804675
0.0,0.10000000000000009,31115.966796875,347.7241516113281,1.628877897071784,0.0,0.9,0.87109375,0.98,0.0,0.969696966758494,0.8047127124083645,0.9607142857142857,0.9999999996093749,0.19531249992370603,0.9843749996154785,0.2201557227625126,0.10282824977458366,-0.10282824977458366
0.10000000000000009,0.10000000000000009,31215.2578125,348.5940246582031,1.882090551292539,0.0,0.9,0.796875,0.88,0.0,0.8846153829142012,0.7231913237481505,0.7803030303030303,0.9999999996093749,0.19531249992370603,0.972656249620056,0.31828685460813033,0.06555616000933029,-0.02742858743491001
0.20000000000000018,0.10000000000000009,31504.671875,351.11737060546875,1.8052338804501313,0.0,0.9,0.703125,1.0,0.0,0.9999999986842106,0.5953002474108243,1.0,0.9999999996093749,0.05468749997863769,0.9140624996429443,0.44670204906584693,0.06464975327745613,-0.01955129253989077
0.30000000000000004,0.10000000000000009,31985.693359375,355.223876953125,1.8141113662187185,0.0,0.9,0.7265625,0.0,0.0,0.9999999985714286,0.6320005557586766,0.0,0.9999999996093749,0.0,0.8945312496505736,0.42271735759744233,0.11870032213867338,-0.10817826867085417
0.40000000000000013,0.10000000000000009,32657.21875,360.80712890625,2.1620255466211296,0.0,0.9,0.5703125,0.0,0.0,0.9999999990909092,0.4147720605859992,0.0,0.9999999996093749,0.0,0.8007812496871948,0.627356309739224,0.15799976608432187,-0.126227043802919
0.5,0.10000000000000009,33519.375,367.737060546875,2.369561106332185,0.0,0.9,0.54296875,0.0,0.0,0.9999999991452992,0.44893335810727114,0.0,0.9999999996093749,0.0,0.808593749684143,0.6550749229266111,0.16069813149086098,-0.16069813149086098
0.6000000000000001,0.10000000000000009,34574.68359375,375.87255859375,2.4963651271431786,0.0,0.9,0.37109375,0.0,0.0,0.9999999993788821,0.2603387357910865,0.0,0.9999999996093749,0.0,0.746093749708557,0.8057861322645612,0.07635460202227451,-0.042952722901404616
0.7000000000000002,0.10000000000000009,35816.36328125,385.0718688964844,2.7079920687786223,0.0,0.9,0.33203125,0.0,0.0,0.9999999994152047,0.24419544767738316,0.0,0.9999999996093749,0.0,0.7109374997222899,0.8634094011425728,0.13970091525942274,-0.03830582390956311
0.8,0.10000000000000009,37228.17578125,395.2001647949219,2.79385309387285,0.0,0.9,0.25,0.0,0.0,0.9999999994791667,0.1682060774793269,0.0,0.9999999996093749,0.0,0.6249999997558593,0.8997681830058215,0.11027197615574642,0.007606303777822267
0.9000000000000001,0.10000000000000009,38792.73828125,406.13397216796875,2.8235715517823845,0.0,0.9,0.1640625,0.0,0.0,0.9999999995327103,0.10371369651490786,0.0,0.9999999996093749,0.0,0.5429687497879028,0.930374699406169,0.08567451730682454,0.08119300971233345
1.0,0.10000000000000009,40491.6640625,417.7631530761719,2.8917590848868087,0.0,0.9,0.12890625,0.0,0.0,0.9999999995515695,0.06546707870234138,0.0,0.9999999996093749,0.0,0.49999999980468746,0.9448185616549417,0.0970104001192226,0.0970104001192226
-1.0,0.20000000000000018,40685.4921875,419.1417236328125,3.041375978252557,0.0,0.9,0.04296875,0.0,0.0,0.9999999995918367,0.020909572639565024,0.0,0.9999999996093749,0.0,0.27343749989318844,0.9935118709949949,0.1831189751900152,0.1831189751900152
-0.9,0.20000000000000018,39001.87890625,407.62847900390625,2.9657675478498295,0.0,0.9,0.0625,0.0,0.0,0.9999999995833334,0.02926341070192729,0.0,0.9999999996093749,0.0,0.37890624985198973,0.9758116922021222,0.1630532328963259,0.162998663059175
-0.8,0.20000000000000018,37451.55859375,396.8178405761719,2.883463429843651,0.0,0.9,0.08984375,0.0,0.0,0.9999999995708154,0.048528395370500625,0.0,0.9999999996093749,0.0,0.46874999981689447,0.9555703017125706,0.1366580743731486,0.13306485869941967
-0.7,0.20000000000000018,36052.58984375,386.81884765625,2.7700881265485777,0.0,0.9,0.16015625,0.0,0.0,0.9999999995348837,0.08237277353910213,0.0,0.9999999996093749,0.0,0.5312499997924804,0.9288379401151823,0.06585331865655736,0.05970341849694353
-0.6,0.20000000000000018,34823.06640625,377.7529602050781,2.486798939523752,0.0,0.9,0.27734375,0.0,0.0,0.9999999994594595,0.16257820865451877,0.0,0.9999999996093749,0.0,0.6484374997467041,0.8578982273632495,0.047060588136077684,-0.033564706507823894
-0.5,0.20000000000000018,33775.36328125,369.7525329589844,2.308885874246542,0.0,0.9,0.33984375,0.0,0.0,0.9999999994082841,0.19640637695312088,0.0,0.9999999996093749,0.0,0.7265624997161865,0.7824060658401056,0.11024044418191618,-0.06966877707796122
-0.3999999999999999,0.20000000000000018,32918.55078125,362.9554443359375,2.2356472648561936,0.0,0.9,0.52734375,0.0,0.0,0.9999999991735538,0.4046415876126021,0.0,0.9999999996093749,0.0,0.7734374996978759,0.6913701490965768,0.22289351973451166,-0.20052600520412822
-0.29999999999999993,0.20000000000000018,32254.3828125,357.4981384277344,1.7683490072667996,0.0,0.9,0.64453125,0.0,0.0,0.9999999989010989,0.5252449928881714,0.0,0.9999999996093749,0.0,0.8867187496536254,0.514269500288355,0.2163129667341913,-0.19712198766892342
-0.19999999999999996,0.20000000000000018,31781.44140625,353.5052795410156,1.4922131820988909,0.0,0.9,0.8203125,0.0,0.0,0.999999997826087,0.7350326568930687,0.0,0.9999999996093749,0.0,0.9570312496261596,0.3497534204289816,0.24271638955259833,-0.24271638955259833
-0.09999999999999998,0.20000000000000018,31498.177734375,351.0780029296875,1.763334677243461,0.0,0.9,0.73828125,1.0,0.0,0.9999999985074628,0.611714430228923,1.0,0.9999999996093749,0.027343749989318846,0.9335937496353148,0.4176424237988429,0.12423726406363807,-0.12423726406363807
0.0,0.20000000000000018,31404.990234375,350.2823486328125,1.6546438220734643,0.0,0.9,0.76953125,0.8181818181818182,0.0,0.9661016932777937,0.6629767588733106,0.6666666666666666,0.9999999996093749,0.04296874998321533,0.9374999996337889,0.35907422405532413,0.1023394893377549,-0.09479584145535706
0.10000000000000009,0.20000000000000018,31503.4921875,351.14068603515625,1.3871357541199383,0.0,0.9,0.828125,0.875,0.0,0.9772727250516529,0.7835590606824177,0.75,0.9999999996093749,0.031249999987792966,0.9609374996246337,0.33279255595085566,0.12052430954017032,-0.1184238909977289
0.20000000000000018,0.20000000000000018,31794.060546875,353.62884521484375,2.047023960436339,0.0,0.9,0.609375,1.0,0.0,0.999999999,0.4643600319433653,1.0,0.9999999996093749,0.0039062499984741208,0.8320312496749878,0.5664976575326692,0.05723448861598161,-0.021688703050764327
0.30000000000000004,0.20000000000000018,32275.099609375,357.67926025390625,2.121779418591333,0.0,0.9,0.515625,0.0,0.0,0.9999999991935484,0.4013792230849942,0.0,0.9999999996093749,0.0,0.7656249997009277,0.681373078227591,0.06211358729380677,0.02177547557671068
0.40000000000000013,0.20000000000000018,32947.48046875,363.1898498535156,2.1831013312542993,0.0,0.9,0.5,0.0,0.0,0.99999999921875,0.3458060173525069,0.0,0.9999999996093749,0.0,0.6914062497299194,0.710395265371355,0.09111829787678614,-0.05736133661859458
0.5,0.20000000000000018,33811.2578125,370.03521728515625,2.4847195123334584,0.0,0.9,0.4375,0.0,0.0,0.9999999993055556,0.2999354418199673,0.0,0.9999999996093749,0.0,0.7617187497024536,0.7449903357500933,0.11344491955311566,-0.07844871424580219
0.6000000000000001,0.20000000000000018,34865.83984375,378.0785827636719,2.6888183875219718,0.0,0.9,0.37109375,0.0,0.0,0.9999999993788821,0.27993654248173,0.0,0.9999999996093749,0.0,0.7421874997100829,0.8072117392489536,0.09562932707688829,-0.039781272863079364
0.7000000000000002,0.20000000000000018,36103.6796875,387.1820983886719,2.6682174134772123,0.0,0.9,0.2734375,0.0,0.0,0.9999999994623656,0.17682654356150942,0.0,0.9999999996093749,0.0,0.6171874997589111,0.8942925189140686,0.10573667015877175,0.010987413819671048
0.8,0.20000000000000018,37509.9453125,397.2140197753906,2.779654135354075,0.0,0.9,0.19140625,0.0,0.0,0.9999999995169082,0.12206058095485535,0.0,0.9999999996093749,0.0,0.582031249772644,0.9092631896165033,0.08468490321950775,0.07079114623478489
0.9000000000000001,0.20000000000000018,39068.1171875,408.05322265625,2.899545775880954,0.0,0.9,0.19921875,0.0,0.0,0.9999999995121952,0.10903895180767081,0.0,0.9999999996093749,0.0,0.5703124997772216,0.9197370243158026,0.061908546124548325,0.0445723762832577
1.0,0.20000000000000018,40759.7890625,419.5910339355469,2.88468788803066,0.0,0.9,0.14453125,0.0,0.0,0.999999999543379,0.08673611395346348,0.0,0.9999999996093749,0.0,0.5195312497970581,0.9429959589065785,0.10521828673346784,0.10521828673346784
-1.0,0.30000000000000004,41121.18359375,422.1142883300781,3.0782099788728448,0.0,0.9,0.0625,0.0,0.0,0.9999999995833334,0.029114619491977977,0.0,0.9999999996093749,0.0,0.31249999987792965,0.9911320164441508,0.1584886502930436,0.1584886502930436
-0.9,0.30000000000000004,39452.234375,410.7490539550781,2.9755232782349035,0.0,0.9,0.05078125,0.0,0.0,0.9999999995884774,0.028321491198105255,0.0,0.9999999996093749,0.0,0.3593749998596191,0.974060929481734,0.17186764899590556,0.1659178774111541
-0.8,0.30000000000000004,37914.76953125,400.091064453125,2.851784754030393,0.0,0.9,0.09765625,0.0,0.0,0.9999999995670996,0.05136374889179047,0.0,0.9999999996093749,0.0,0.41796874983673094,0.9493649766771864,0.1218438126788734,0.11740608197032076
-0.7,0.30000000000000004,36525.70703125,390.24713134765625,2.7985481516244306,0.0,0.9,0.140625,0.0,0.0,0.9999999995454546,0.07295618760324643,0.0,0.9999999996093749,0.0,0.5078124998016357,0.9361413335695096,0.08815764245907239,0.08241443102615843
-0.6,0.30000000000000004,35302.8203125,381.3350524902344,2.652911179500127,0.0,0.9,0.22265625,0.0,0.0,0.9999999994974874,0.11784598562975164,0.0,0.9999999996093749,0.0,0.6249999997558593,0.8936867837565362,0.04932618412109988,0.015333522363251494
-0.5,0.30000000000000004,34257.45703125,373.4823303222656,2.3584962493643147,0.0,0.9,0.3046875,0.0,0.0,0.9999999994382023,0.19325110038835533,0.0,0.9999999996093749,0.0,0.7382812497116088,0.8242832845357447,0.05098197736016674,-0.04174818611126287
-0.3999999999999999,0.30000000000000004,33399.9609375,366.8204345703125,2.2019940660248247,0.0,0.9,0.46484375,0.0,0.0,0.999999999270073,0.32150647621922357,0.0,0.9999999996093749,0.0,0.8046874996856689,0.7265003110424675,0.16040125280575446,-0.16040125280575446
-0.29999999999999993,0.30000000000000004,32735.3125,361.47918701171875,2.052125253634231,0.0,0.9,0.53125,0.0,0.0,0.9999999991666667,0.4076806729258808,0.0,0.9999999996093749,0.0,0.8124999996826171,0.6535435239989663,0.1498500379711265,-0.1498500379711265
-0.19999999999999996,0.30000000000000004,32261.166015625,357.5759582519531,2.0091618095217023,0.0,0.9,0.57421875,0.0,0.0,0.9999999990825689,0.4486661223167969,0.0,0.9999999996093749,0.0,0.8476562496688842,0.5865869309125836,0.12142509824433632,-0.11580794548538231
-0.09999999999999998,0.30000000000000004,31977.89453125,355.2056579589844,1.7519322493783447,0.0,0.9,0.75390625,0.0,0.0,0.9999999984126984,0.6352359835560898,0.0,0.9999999996093749,0.0,0.9570312496261596,0.4463651828627131,0.2344334082588087,-0.22506773293781962
0.0,0.30000000000000004,31884.146484375,354.4298400878906,1.5525053947467828,0.0,0.9,0.82421875,0.0,0.0,0.9999999977777777,0.716889799526062,0.0,0.9999999996093749,0.0,0.9765624996185301,0.34234557514741654,0.2604770441480374,-0.24818290911658994
0.10000000000000009,0.30000000000000004,31982.12109375,355.2695007324219,1.6185439718445214,0.0,0.9,0.78125,0.0,0.0,0.9999999982142856,0.7166373626373627,0.0,0.9999999996093749,0.0,0.9374999996337889,0.4252051232509742,0.22010844069896632,-0.22010844069896632
0.20000000000000018,0.30000000000000004,32274.095703125,357.70184326171875,1.9944882192284468,0.0,0.9,0.53515625,0.0,0.0,0.9999999991596639,0.369549617049617,0.0,0.9999999996093749,0.0,0.7421874997100829,0.6925602313502286,0.10817529944421272,-0.025856872082278107
0.30000000000000004,0.30000000000000004,32756.416015625,361.6639404296875,2.323073865510952,0.0,0.9,0.4375,0.0,0.0,0.9999999993055556,0.2931691812007788,0.0,0.9999999996093749,0.0,0.6523437497451782,0.7905837177633581,0.1177262515235658,-0.00691764282706845
0.40000000000000013,0.30000000000000004,33429.36328125,367.059814453125,2.2378250695102295,0.0,0.9,0.453125,0.0,0.0,0.9999999992857144,0.31346925757484073,0.0,0.9999999996093749,0.0,0.7890624996917724,0.7009730181079699,0.07763850739256553,-0.07763850739256553
0.5,0.30000000000000004,34293.3671875,373.771240234375,2.4485566003919197,0.0,0.9,0.37109375,0.0,0.0,0.9999999993788821,0.24595647090437167,0.0,0.9999999996093749,0.0,0.7499999997070312,0.760009799714384,0.09158204881976126,-0.016588025770820095
0.6000000000000001,0.30000000000000004,35345.21875,381.66845703125,2.7601246143770113,0.0,0.9,0.24609375,0.0,0.0,0.9999999994818654,0.1550387465311617,0.0,0.9999999996093749,0.0,0.582031249772644,0.9012040623623483,0.0740186572056161,0.07021231481117716
0.7000000000000002,0.30000000000000004,36577.4140625,390.61962890625,2.665706806297393,0.0,0.9,0.26171875,0.0,0.0,0.9999999994708995,0.17750104955372253,0.0,0.9999999996093749,0.0,0.6289062497543334,0.889236257008646,0.099312853606988,0.03498456370339148
0.8,0.30000000000000004,37974.88671875,400.4979553222656,2.7850361366195187,0.0,0.9,0.203125,0.0,0.0,0.999999999509804,0.12088629745407974,0.0,0.9999999996093749,0.0,0.5156249997985839,0.9234536916398676,0.058001290544308554,0.058001290544308554
0.9000000000000001,0.30000000000000004,39521.74609375,411.1856689453125,2.8985148539706915,0.0,0.9,0.1796875,0.0,0.0,0.9999999995238096,0.1117236780061453,0.0,0.9999999996093749,0.0,0.48828124980926507,0.9223269075943694,0.08462225827979131,0.08462225827979131
1.0,0.30000000000000004,41199.85546875,422.5768737792969,2.933526442622532,0.0,0.9,0.140625,0.0,0.0,0.9999999995454546,0.07636283812522135,0.0,0.9999999996093749,0.0,0.44921874982452387,0.9513473326021482,0.10296710437680281,0.10296710437680281
-1.0,0.40000000000000013,41725.43359375,426.20562744140625,2.9231433733668806,0.0,0.9,0.05859375,0.0,0.0,0.9999999995850622,0.027818898980899245,0.0,0.9999999996093749,0.0,0.34374999986572263,0.9710737280203442,0.14784269373063735,0.14784269373063735
-0.9,0.40000000000000013,40075.640625,415.0372009277344,2.937447295662481,0.0,0.9,0.0625,0.0,0.0,0.9999999995833334,0.03149159361555291,0.0,0.9999999996093749,0.0,0.44140624982757565,0.9624926206065662,0.14930865606241528,0.14372461390905888
-0.8,0.40000000000000013,38555.65625,404.5819091796875,2.822213579194416,0.0,0.9,0.109375,0.0,0.0,0.9999999995614035,0.05193862369942104,0.0,0.9999999996093749,0.0,0.47656249981384274,0.9475799073275014,0.10360116461292991,0.10360116461292991
-0.7,0.40000000000000013,37180.90625,394.9425048828125,2.7652519846063406,0.0,0.9,0.1484375,0.0,0.0,0.9999999995412844,0.07446734108573717,0.0,0.9999999996093749,0.0,0.550781249784851,0.9289573784323172,0.08310232970413241,0.07964486964884757
-0.6,0.40000000000000013,35967.24609375,386.2322998046875,2.8457051400199385,0.0,0.9,0.140625,0.0,0.0,0.9999999995454546,0.061249400661165375,0.0,0.9999999996093749,0.0,0.49999999980468746,0.9382801350188616,0.09470425981753637,0.09470425981753637
-0.5,0.40000000000000013,34927.7265625,378.5721435546875,2.6536376408924878,0.0,0.9,0.23046875,0.0,0.0,0.9999999994923858,0.12874395769126967,0.0,0.9999999996093749,0.0,0.64453124974823,0.8854651692840361,0.031247976243496678,0.031247976243496678
-0.3999999999999999,0.40000000000000013,34072.29296875,372.0859069824219,2.497591194655557,0.0,0.9,0.29296875,0.0,0.0,0.9999999994475138,0.17314955755155328,0.0,0.9999999996093749,0.0,0.6874999997314453,0.8348076188088771,0.027373711156678405,-0.0006015869285914341
-0.29999999999999993,0.40000000000000013,33407.06640625,366.8945007324219,2.376517176819828,0.0,0.9,0.40625,0.0,0.0,0.9999999993421053,0.26534288453586696,0.0,0.9999999996093749,0.0,0.7578124997039795,0.7732074424095331,0.08619884187851863,-0.07990222147285284
-0.19999999999999996,0.40000000000000013,32931.890625,363.1065368652344,2.1595280822651546,0.0,0.9,0.50390625,0.0,0.0,0.9999999992125985,0.339402109113589,0.0,0.9999999996093749,0.0,0.8554687496658324,0.6685895988062993,0.1324835093891471,-0.1324835093891471
-0.09999999999999998,0.40000000000000013,32649.296875,360.80908203125,2.303205521939134,0.0,0.9,0.28125,0.0,0.0,0.9999999994565217,0.16476151843144266,0.0,0.9999999996093749,0.0,0.6210937497573852,0.8556619469840752,0.10806578018618664,0.10320847998326192
0.0,0.40000000000000013,32556.626953125,360.0583801269531,2.071725793543769,0.0,0.9,0.56640625,0.0,0.0,0.9999999990990992,0.41392592287172264,0.0,0.9999999996093749,0.0,0.8359374996734619,0.639201175309063,0.1799383457677079,-0.1799383457677079
0.10000000000000009,0.40000000000000013,32655.19140625,360.8735046386719,2.011299261832234,0.0,0.9,0.4921875,0.0,0.0,0.9999999992307693,0.3540350718792748,0.0,0.9999999996093749,0.0,0.7226562497177124,0.7116413769351386,0.10483918535134343,-0.08010797238980515
0.20000000000000018,0.40000000000000013,32946.12890625,363.2336730957031,2.208841775270975,0.0,0.9,0.5234375,0.0,0.0,0.9999999991803279,0.36041949031696263,0.0,0.9999999996093749,0.0,0.7812499996948241,0.65895577213971,0.1394282419856224,-0.1394282419856224
0.30000000000000004,0.40000000000000013,33429.046875,367.081298828125,2.100522465644897,0.0,0.9,0.48828125,0.0,0.0,0.9999999992366413,0.3415196912588217,0.0,0.9999999996093749,0.0,0.7539062497055053,0.7058306664468739,0.14223218486841038,-0.14223218486841038
0.40000000000000013,0.40000000000000013,34102.50390625,372.328369140625,2.623176389918332,0.0,0.9,0.21484375,0.0,0.0,0.9999999995024876,0.12356178053855531,0.0,0.9999999996093749,0.0,0.5351562497909546,0.9213679663435852,0.11395528505579747,0.11395528505579747
0.5,0.40000000000000013,34964.7734375,378.8652038574219,2.4015140529115198,0.0,0.9,0.33984375,0.0,0.0,0.9999999994082841,0.23607820776269958,0.0,0.9999999996093749,0.0,0.6757812497360229,0.8140344994828406,0.05450758050300901,-0.032664080624629874
0.6000000000000001,0.40000000000000013,36011.81640625,386.57110595703125,2.6026312654243307,0.0,0.9,0.30078125,0.0,0.0,0.9999999994413408,0.1868654609968133,0.0,0.9999999996093749,0.0,0.64453124974823,0.8529582313483041,0.03775526324300855,-0.005528613684563054
0.7000000000000002,0.40000000000000013,37234.359375,395.3218078613281,2.7841635246418224,0.0,0.9,0.22265625,0.0,0.0,0.9999999994974874,0.1454192762384703,0.0,0.9999999996093749,0.0,0.5937499997680663,0.9064989443237782,0.0713906664835787,0.06264733546197791
0.8,0.40000000000000013,38618.8515625,404.996826171875,2.8347651845820727,0.0,0.9,0.16796875,0.0,0.0,0.9999999995305164,0.09793334407112964,0.0,0.9999999996093749,0.0,0.5468749997863769,0.9164085241896486,0.10506443463230522,0.09876507262580353
0.9000000000000001,0.40000000000000013,40148.6015625,415.48333740234375,3.0457866622510243,0.0,0.9,0.12109375,0.0,0.0,0.9999999995555556,0.06981361231361231,0.0,0.9999999996093749,0.0,0.39843749984436033,0.9818281858568095,0.15105844865938184,0.15105844865938184
1.0,0.40000000000000013,41806.953125,426.6790466308594,2.856519210451186,0.0,0.9,0.1328125,0.0,0.0,0.9999999995495495,0.07005166752656611,0.0,0.9999999996093749,0.0,0.46093749981994625,0.9519334271164549,0.12704096423593764,0.11952333639311263
-1.0,0.5,42493.09765625,431.361572265625,2.975435599804631,0.0,0.9,0.05078125,0.0,0.0,0.9999999995884774,0.023209876543209877,0.0,0.9999999996093749,0.0,0.34374999986572263,0.9757869388739058,0.15754029373204395,0.15754029373204395
-0.9,0.5,40867.5078125,420.431396484375,2.833741057601145,0.0,0.9,0.09765625,0.0,0.0,0.9999999995670996,0.04593792175978218,0.0,0.9999999996093749,0.0,0.45312499982299803,0.9491508760285166,0.10248080311735282,0.10248080311735282
-0.8,0.5,39370.01953125,410.2197265625,2.8658795236327053,0.0,0.9,0.11328125,0.0,0.0,0.9999999995594714,0.051085097697256,0.0,0.9999999996093749,0.0,0.44531249982604976,0.9470976046120773,0.10231496230235018,0.10231496230235018
-0.7,0.5,38013.734375,400.8249816894531,2.7916042702863395,0.0,0.9,0.1484375,0.0,0.0,0.9999999995412844,0.07163321590270687,0.0,0.9999999996093749,0.0,0.5117187498001098,0.9246658691493533,0.07534974244460745,0.07187474279303567
-0.6,0.5,36814.140625,392.3545837402344,2.787480582645291,0.0,0.9,0.17578125,0.0,0.0,0.9999999995260663,0.0841012202332957,0.0,0.9999999996093749,0.0,0.550781249784851,0.9172062991899298,0.0734297191702608,0.0734297191702608
-0.5,0.5,35784.59375,384.9219055175781,2.7523266581052854,0.0,0.9,0.16796875,0.0,0.0,0.9999999995305164,0.08149681845531513,0.0,0.9999999996093749,0.0,0.5546874997833251,0.9141374365007894,0.09485586848175487,0.09485586848175487
-0.3999999999999999,0.5,34934.50390625,378.641845703125,2.6265937625364497,0.0,0.9,0.21875,0.0,0.0,0.9999999995000001,0.11325175369805239,0.0,0.9999999996093749,0.0,0.6210937497573852,0.8801849758021334,0.08818167203457247,0.06058603476666067
-0.29999999999999993,0.5,34270.640625,373.6253967285156,2.5081341235644996,0.0,0.9,0.2421875,0.0,0.0,0.9999999994845361,0.12556826449308087,0.0,0.9999999996093749,0.0,0.6406249997497558,0.8810473162120691,0.06227680039279063,0.05564621345089257
-0.19999999999999996,0.5,33795.55859375,369.9712219238281,2.4934052797669186,0.0,0.9,0.35546875,0.0,0.0,0.9999999993939395,0.2067779788161138,0.0,0.9999999996093749,0.0,0.7499999997070312,0.7882935515210479,0.10181577723038525,-0.04294601989987263
-0.09999999999999998,0.5,33512.7265625,367.75787353515625,2.438268958170168,0.0,0.9,0.34375,0.0,0.0,0.9999999994047619,0.18448420614449365,0.0,0.9999999996093749,0.0,0.7226562497177124,0.790833956116194,0.07384663426774216,-0.03309718146877996
0.0,0.5,33420.74609375,367.0360412597656,2.4250264157575487,0.0,0.9,0.38671875,0.0,0.0,0.9999999993630574,0.2193977795498312,0.0,0.9999999996093749,0.0,0.746093749708557,0.7739837923992913,0.06323252600012358,-0.06323252600012358
0.10000000000000009,0.5,33520.21484375,367.8223571777344,2.286453666746129,0.0,0.9,0.41015625,0.0,0.0,0.9999999993377484,0.2665746729218716,0.0,0.9999999996093749,0.0,0.8164062496810912,0.7494789835547823,0.15145231409598006,-0.08609777364069526
0.20000000000000018,0.5,33810.9296875,370.0986633300781,2.2527847918935757,0.0,0.9,0.39453125,0.0,0.0,0.9999999993548387,0.2602080280731745,0.0,0.9999999996093749,0.0,0.7734374996978759,0.7625122705260938,0.09662262705379428,-0.07636721062396992
0.30000000000000004,0.5,34292.06640625,373.8128662109375,2.5218999947451635,0.0,0.9,0.37890625,0.0,0.0,0.9999999993710692,0.2643731726648814,0.0,0.9999999996093749,0.0,0.6953124997283935,0.7982330571736842,0.06977583888261965,-0.06977583888261965
0.40000000000000013,0.5,34963.84765625,378.88555908203125,2.6754293965008005,0.0,0.9,0.296875,0.0,0.0,0.9999999994444445,0.1806298721638511,0.0,0.9999999996093749,0.0,0.6562499997436523,0.8462037220500234,0.04785898574178042,-0.0008114346402920379
0.5,0.5,35821.6015625,385.2171936035156,2.7900278466807307,0.0,0.9,0.23828125,0.0,0.0,0.9999999994871795,0.15754920439278391,0.0,0.9999999996093749,0.0,0.6093749997619629,0.8867858047584619,0.050347104153764415,0.0366067639628595
0.6000000000000001,0.5,36859.2265625,392.6965637207031,2.9435838321072727,0.0,0.9,0.1640625,0.0,0.0,0.9999999995327103,0.11503589658033143,0.0,0.9999999996093749,0.0,0.5468749997863769,0.9357450007225819,0.13362099943878034,0.1279852755569475
0.7000000000000002,0.5,38068.46484375,401.2087707519531,2.916776286161861,0.0,0.9,0.1484375,0.0,0.0,0.9999999995412844,0.08079806687565308,0.0,0.9999999996093749,0.0,0.45703124982147214,0.9577871591440031,0.13222429734981606,0.13222429734981606
0.8,0.5,39434.18359375,410.640380859375,3.085776311500764,0.0,0.9,0.125,0.0,0.0,0.9999999995535714,0.09598870766352899,0.0,0.9999999996093749,0.0,0.41796874983673094,0.9820139797830651,0.15673734755899954,0.15673734755899954
0.9000000000000001,0.5,40941.68359375,420.8847351074219,2.9579714393220455,0.0,0.9,0.14453125,0.0,0.0,0.999999999543379,0.08040122064872231,0.0,0.9999999996093749,0.0,0.46874999981689447,0.9640185496179493,0.12786488698026988,0.12786488698026988
1.0,0.5,42575.19140625,431.8434143066406,3.0286927062078837,0.0,0.9,0.1015625,0.0,0.0,0.9999999995652175,0.061423981320389655,0.0,0.9999999996093749,0.0,0.40624999984130855,0.9847199128298012,0.16598104162988775,0.16598104162988775
-1.0,0.6000000000000001,43414.75,437.51885986328125,2.9195415243777947,0.0,0.9,0.078125,0.0,0.0,0.9999999995762712,0.04095709776751296,0.0,0.9999999996093749,0.0,0.35546874986114496,0.9685977460827995,0.12972002379697958,0.12972002379697958
-0.9,0.6000000000000001,41819.27734375,426.85968017578125,2.917614565865025,0.0,0.9,0.08984375,0.0,0.0,0.9999999995708154,0.039314210957875434,0.0,0.9999999996093749,0.0,0.39062499984741206,0.9594966155938415,0.11408275281076857,0.11408275281076857
-0.8,0.6000000000000001,40349.13671875,416.9234924316406,2.903019832514836,0.0,0.9,0.12890625,0.0,0.0,0.9999999995515695,0.062486243768852465,0.0,0.9999999996093749,0.0,0.42578124983367915,0.9556251230842515,0.08118192154938528,0.08118192154938528
-0.7,0.6000000000000001,39017.47265625,407.80352783203125,2.7842413087013096,0.0,0.9,0.15625,0.0,0.0,0.9999999995370371,0.07286503958850137,0.0,0.9999999996093749,0.0,0.49218749980773924,0.93488909762628,0.07729569146748522,0.07729569146748522
-0.6,0.6000000000000001,37837.59765625,399.60076904296875,2.959854469212714,0.0,0.9,0.12109375,0.0,0.0,0.9999999995555556,0.06106508434094641,0.0,0.9999999996093749,0.0,0.5234374997955322,0.9498861400617841,0.12329672039397042,0.12329672039397042
-0.5,0.6000000000000001,36822.23046875,392.4199523925781,2.782870401905748,0.0,0.9,0.1484375,0.0,0.0,0.9999999995412844,0.0670450222692472,0.0,0.9999999996093749,0.0,0.5234374997955322,0.9350640475736794,0.12325905330043496,0.12325905330043496
-0.3999999999999999,0.6000000000000001,35981.30859375,386.36676025390625,2.7794017096897616,0.0,0.9,0.1796875,0.0,0.0,0.9999999995238096,0.0828254839373921,0.0,0.9999999996093749,0.0,0.5585937497817993,0.9284452981611223,0.10526506249416105,0.10526506249416105
-0.29999999999999993,0.6000000000000001,35322.38671875,381.5415344238281,2.6892972512261255,0.0,0.9,0.18359375,0.0,0.0,0.9999999995215312,0.09720519895587679,0.0,0.9999999996093749,0.0,0.6249999997558593,0.9176524134872125,0.09528566125233244,0.09528566125233244
-0.19999999999999996,0.6000000000000001,34850.90234375,378.03289794921875,2.732166520002264,0.0,0.9,0.1796875,0.0,0.0,0.9999999995238096,0.08570837698311312,0.0,0.9999999996093749,0.0,0.5390624997894287,0.9222043592931226,0.10082151354553485,0.09124646008835607
-0.09999999999999998,0.6000000000000001,34567.484375,375.9108581542969,2.605417544079344,0.0,0.9,0.28125,0.0,0.0,0.9999999994565217,0.14076363219397275,0.0,0.9999999996093749,0.0,0.7109374997222899,0.8499887723784244,0.04682604768489575,-0.003649099937657087
0.0,0.6000000000000001,34476.38671875,375.2198486328125,2.5513468938998907,0.0,0.9,0.2265625,0.0,0.0,0.9999999994949496,0.10757240155882937,0.0,0.9999999996093749,0.0,0.679687499734497,0.867391873931335,0.08298557362512299,0.05535365152145839
0.10000000000000009,0.6000000000000001,34575.828125,375.9749755859375,2.747310629349613,0.0,0.9,0.21484375,0.0,0.0,0.9999999995024876,0.1104949293797423,0.0,0.9999999996093749,0.0,0.5781249997741699,0.8952112590690541,0.07680638592684857,0.07517959315231425
0.20000000000000018,0.6000000000000001,34865.05859375,378.1598205566406,2.643088572705287,0.0,0.9,0.23046875,0.0,0.0,0.9999999994923858,0.13389097734645078,0.0,0.9999999996093749,0.0,0.6406249997497558,0.883470902029649,0.08154052181321911,0.06146381606351796
0.30000000000000004,0.6000000000000001,35343.22265625,381.7284851074219,2.5852065632156,0.0,0.9,0.30078125,0.0,0.0,0.9999999994413408,0.19726957114746071,0.0,0.9999999996093749,0.0,0.6210937497573852,0.8637011620882501,0.05072034127034608,-0.014718105317361199
0.40000000000000013,0.6000000000000001,36008.8359375,386.6103210449219,2.7985460058572724,0.0,0.9,0.2578125,0.0,0.0,0.9999999994736842,0.18571414397343355,0.0,0.9999999996093749,0.0,0.582031249772644,0.8881261064757836,0.044218453041406466,0.019426726977679148
0.5,0.6000000000000001,36857.54296875,392.7157287597656,2.898153292204523,0.0,0.9,0.17578125,0.0,0.0,0.9999999995260663,0.12229008435566921,0.0,0.9999999996093749,0.0,0.5195312497970581,0.9387596646966366,0.09871842699876628,0.09530266394605845
0.6000000000000001,0.6000000000000001,37881.74609375,399.9440612792969,2.92430977663133,0.0,0.9,0.15234375,0.0,0.0,0.9999999995391705,0.10072886443476502,0.0,0.9999999996093749,0.0,0.5312499997924804,0.959917928141907,0.11928410592462707,0.11928410592462707
0.7000000000000002,0.6000000000000001,39071.59765625,408.1896667480469,3.1136790331618998,0.0,0.9,0.1328125,0.0,0.0,0.9999999995495495,0.09129426148699649,0.0,0.9999999996093749,0.0,0.45312499982299803,0.9782997842090307,0.16232644680886765,0.14733553113886305
0.8,0.6000000000000001,40413.82421875,417.3477478027344,3.1285973601204846,0.0,0.9,0.09765625,0.0,0.0,0.9999999995670996,0.04250460679943731,0.0,0.9999999996093749,0.0,0.42187499983520504,0.9970296217930764,0.1884727093106488,0.1884727093106488
0.9000000000000001,0.6000000000000001,41893.21875,427.3179931640625,3.1407665421168227,0.0,0.9,0.09765625,0.0,0.0,0.9999999995670996,0.04994329456321041,0.0,0.9999999996093749,0.0,0.40624999984130855,1.0057459405276936,0.19381498094376748,0.19381498094376748
1.0,0.6000000000000001,43496.77734375,438.00689697265625,3.1879181660944345,0.0,0.9,0.08203125,0.0,0.0,0.9999999995744681,0.03738668430335097,0.0,0.9999999996093749,0.0,0.37109374985504145,1.0077275448086263,0.20627654313859353,0.20627654313859353
-1.0,0.7000000000000002,44482.22265625,444.60809326171875,2.98834811130738,0.0,0.9,0.0703125,0.0,0.0,0.999999999579832,0.029946511099753267,0.0,0.9999999996093749,0.0,0.36328124985809324,0.9772322141208166,0.14097915613619558,0.14097915613619558
-0.9,0.7000000000000002,42921.625,434.2445373535156,2.8689945815000804,0.0,0.9,0.08203125,0.0,0.0,0.9999999995744681,0.033880454638484915,0.0,0.9999999996093749,0.0,0.43749999982910154,0.9544399596081178,0.12340181483921939,0.12340181483921939
-0.8,0.7000000000000002,41483.5546875,424.6064453125,2.892050134359971,0.0,0.9,0.0859375,0.0,0.0,0.9999999995726496,0.034059375652102215,0.0,0.9999999996093749,0.0,0.43749999982910154,0.9548630234630427,0.12459146358819728,0.12459146358819728
-0.7,0.7000000000000002,40180.59765625,415.7819519042969,2.9202154740794213,0.0,0.9,0.12890625,0.0,0.0,0.9999999995515695,0.05694250641619062,0.0,0.9999999996093749,0.0,0.42187499983520504,0.9507263601245497,0.0959081931228951,0.0959081931228951
-0.6,0.7000000000000002,39025.64453125,407.8645935058594,2.8322974927454188,0.0,0.9,0.15234375,0.0,0.0,0.9999999995391705,0.06891448965629415,0.0,0.9999999996093749,0.0,0.48046874981231685,0.9334818601130116,0.08437908825478894,0.08437908825478894
-0.5,0.7000000000000002,38030.37890625,400.95068359375,2.898804234513842,0.0,0.9,0.125,0.0,0.0,0.9999999995535714,0.060247500439316294,0.0,0.9999999996093749,0.0,0.45703124982147214,0.9577210523354254,0.13195672209529025,0.13195672209529025
-0.3999999999999999,0.7000000000000002,37204.46484375,395.1361389160156,2.8019844189144703,0.0,0.9,0.140625,0.0,0.0,0.9999999995454546,0.06651678506658756,0.0,0.9999999996093749,0.0,0.44921874982452387,0.950389775744707,0.12875457580680033,0.1276083725433399
-0.29999999999999993,0.7000000000000002,36554.9375,390.5108337402344,2.8714244839928913,0.0,0.9,0.1484375,0.0,0.0,0.9999999995412844,0.06818180571377502,0.0,0.9999999996093749,0.0,0.46093749981994625,0.9409505307711751,0.1308852181086029,0.12080902089879958
-0.19999999999999996,0.7000000000000002,36088.21484375,387.15350341796875,2.818426776997216,0.0,0.9,0.1484375,0.0,0.0,0.9999999995412844,0.07126635012412463,0.0,0.9999999996093749,0.0,0.49609374980621335,0.9424318388528714,0.13000757687013575,0.11757994965435606
-0.09999999999999998,0.7000000000000002,35807.71484375,385.12591552734375,2.781690885619776,0.0,0.9,0.18359375,0.0,0.0,0.9999999995215312,0.09303089570824125,0.0,0.9999999996093749,0.0,0.49609374980621335,0.9331936814422799,0.08369417575312087,0.07995676854191384
0.0,0.7000000000000002,35716.4375,384.46673583984375,2.838283706279846,0.0,0.9,0.15234375,0.0,0.0,0.9999999995391705,0.07237666558537864,0.0,0.9999999996093749,0.0,0.49999999980468746,0.9359055546853472,0.11653157088520863,0.11653157088520863
0.10000000000000009,0.7000000000000002,35814.88671875,385.1894226074219,2.826302040491283,0.0,0.9,0.14453125,0.0,0.0,0.999999999543379,0.07402933876274773,0.0,0.9999999996093749,0.0,0.5078124998016357,0.9405726021888199,0.12199394844794524,0.12199394844794524
0.20000000000000018,0.7000000000000002,36100.33984375,387.27935791015625,2.8796076054695265,0.0,0.9,0.140625,0.0,0.0,0.9999999995454546,0.0838087409890479,0.0,0.9999999996093749,0.0,0.48828124980926507,0.9678798763000356,0.14504581219011933,0.14504581219011933
0.30000000000000004,0.7000000000000002,36572.515625,390.69647216796875,2.8798451895776616,0.0,0.9,0.17578125,0.0,0.0,0.9999999995260663,0.11630946793595974,0.0,0.9999999996093749,0.0,0.5390624997894287,0.9541775188110097,0.12582187037937098,0.11199368765632389
0.40000000000000013,0.7000000000000002,37228.4609375,395.3782653808594,2.816711355363466,0.0,0.9,0.16796875,0.0,0.0,0.9999999995305164,0.10659992114599987,0.0,0.9999999996093749,0.0,0.5703124997772216,0.9382034509096989,0.1137105873549562,0.11058624039641196
0.5,0.7000000000000002,38063.07421875,401.2455139160156,3.053229613267343,0.0,0.9,0.1171875,0.0,0.0,0.9999999995575222,0.054675018155410315,0.0,0.9999999996093749,0.0,0.44140624982757565,0.9914191312145687,0.16568298678146415,0.16568298678146415
0.6000000000000001,0.7000000000000002,39068.671875,408.20758056640625,3.033207459913527,0.0,0.9,0.10546875,0.0,0.0,0.9999999995633188,0.06844788487083767,0.0,0.9999999996093749,0.0,0.41015624983978266,0.9944851646906517,0.18484009732823017,0.18484009732823017
0.7000000000000002,0.7000000000000002,40234.1171875,416.1686706542969,3.2069492730443465,0.0,0.9,0.0859375,0.0,0.0,0.9999999995726496,0.05497985734127973,0.0,0.9999999996093749,0.0,0.38281249985046384,1.0215240557958858,0.21623986344260165,0.21623986344260165
0.8,0.7000000000000002,41547.7109375,425.032470703125,3.1836037435948734,0.0,0.9,0.09375,0.0,0.0,0.9999999995689656,0.03378649237472767,0.0,0.9999999996093749,0.0,0.40234374984283444,1.0258904815730694,0.21192915262970585,0.21192915262970585
0.9000000000000001,0.7000000000000002,42995.9140625,434.7056884765625,3.2600579042811755,0.0,0.9,0.06640625,0.0,0.0,0.99999999958159,0.03387665788879136,0.0,0.9999999996093749,0.0,0.3593749998596191,1.0361878223703809,0.23372771344357215,0.23372771344357215
1.0,0.7000000000000002,44565.2578125,445.1003723144531,3.2886251581102988,0.0,0.9,0.05078125,0.0,0.0,0.9999999995884774,0.023848275172982287,0.0,0.9999999996093749,0.0,0.3046874998809814,1.031213860980199,0.22791526992730382,0.22791526992730382
-1.0,0.8,45686.84765625,452.5572509765625,3.0201611955912457,0.0,0.9,0.078125,0.0,0.0,0.9999999995762712,0.03551377711201676,0.0,0.9999999996093749,0.0,0.36328124985809324,0.9836084298381739,0.14466960166553908,0.14466960166553908
-0.9,0.8,44164.87109375,442.5058288574219,2.9078503120159613,0.0,0.9,0.0625,0.0,0.0,0.9999999995833334,0.023923257671079452,0.0,0.9999999996093749,0.0,0.42578124983367915,0.9670552962304794,0.14869533208442479,0.14869533208442479
-0.8,0.8,42763.0546875,433.1803894042969,2.9367646436829347,0.0,0.9,0.09765625,0.0,0.0,0.9999999995670996,0.04264406951411056,0.0,0.9999999996093749,0.0,0.40234374984283444,0.9593966335114988,0.12560273775324482,0.12056441009767746
-0.7,0.8,41493.6484375,424.66339111328125,2.8882440202583464,0.0,0.9,0.12890625,0.0,0.0,0.9999999995515695,0.05756422550567888,0.0,0.9999999996093749,0.0,0.43749999982910154,0.9419105040864573,0.09828094995132282,0.09828094995132282
-0.6,0.8,40367.08984375,417.0407409667969,2.863495874343084,0.0,0.9,0.1171875,0.0,0.0,0.9999999995575222,0.051149011382882345,0.0,0.9999999996093749,0.0,0.42187499983520504,0.9523193461077745,0.10969513292448119,0.10969513292448119
-0.5,0.8,39396.25,410.40069580078125,2.919702397310022,0.0,0.9,0.109375,0.0,0.0,0.9999999995614035,0.04914120467828908,0.0,0.9999999996093749,0.0,0.42578124983367915,0.9613284456795959,0.12872720132377607,0.12872720132377607
-0.3999999999999999,0.8,38589.59765625,404.8290710449219,2.971355423553181,0.0,0.9,0.12109375,0.0,0.0,0.9999999995555556,0.053483265550934724,0.0,0.9999999996093749,0.0,0.40624999984130855,0.9599083376966042,0.12963560431047524,0.12963560431047524
-0.29999999999999993,0.8,37953.5,400.4060974121094,2.8827080601992967,0.0,0.9,0.12890625,0.0,0.0,0.9999999995515695,0.05849124065341776,0.0,0.9999999996093749,0.0,0.40234374984283444,0.9512005107252468,0.12124224133736311,0.12124224133736311
-0.19999999999999996,0.8,37495.41015625,397.20123291015625,2.866220819820157,0.0,0.9,0.140625,0.0,0.0,0.9999999995454546,0.07162754727972119,0.0,0.9999999996093749,0.0,0.37890624985198973,0.952686310483477,0.11068435044380298,0.11068435044380298
-0.09999999999999998,0.8,37219.6796875,395.2682189941406,2.795117248752287,0.0,0.9,0.1640625,0.0,0.0,0.9999999995327103,0.08749565792275024,0.0,0.9999999996093749,0.0,0.46093749981994625,0.9485318411974473,0.08963479474298577,0.08963479474298577
0.0,0.8,37128.80859375,394.6410217285156,2.893108653220074,0.0,0.9,0.078125,0.0,0.0,0.9999999995762712,0.03655596010243063,0.0,0.9999999996093749,0.0,0.43359374983062743,0.9742704105154916,0.16500081559435484,0.16500081559435484
0.10000000000000009,0.8,37224.21875,395.3309020996094,2.8805367226490572,0.0,0.9,0.12890625,0.0,0.0,0.9999999995515695,0.061207747774751506,0.0,0.9999999996093749,0.0,0.43359374983062743,0.967561801542331,0.1496525476115437,0.1496525476115437
0.20000000000000018,0.8,37504.6171875,397.3255310058594,2.8272552975513445,0.0,0.9,0.140625,0.0,0.0,0.9999999995454546,0.09378139481745329,0.0,0.9999999996093749,0.0,0.47656249981384274,0.9711241255860691,0.13779218466431226,0.13779218466431226
0.30000000000000004,0.8,37968.42578125,400.5897216796875,2.9704414459530444,0.0,0.9,0.10546875,0.0,0.0,0.9999999995633188,0.06842093475915763,0.0,0.9999999996093749,0.0,0.45703124982147214,0.9750339856066688,0.16478702722132782,0.16478702722132782
0.40000000000000013,0.8,38610.6953125,405.069091796875,2.9766168446252586,0.0,0.9,0.10546875,0.0,0.0,0.9999999995633188,0.06598597871377071,0.0,0.9999999996093749,0.0,0.49999999980468746,0.9768792116478207,0.16424690155472677,0.16424690155472677
0.5,0.8,39427.46875,410.693359375,3.0404233172389286,0.0,0.9,0.125,0.0,0.0,0.9999999995535714,0.07121745515744017,0.0,0.9999999996093749,0.0,0.43749999982910154,0.9979029526754981,0.1664735079127474,0.1609170603518406
0.6000000000000001,0.8,40408.74609375,417.3821105957031,3.2343543555386933,0.0,0.9,0.06640625,0.0,0.0,0.99999999958159,0.05189381959873763,0.0,0.9999999996093749,0.0,0.3593749998596191,1.03606345861333,0.245143179602437,0.245143179602437
0.7000000000000002,0.8,41545.04296875,425.0491943359375,3.2281873611211824,0.0,0.9,0.07421875,0.0,0.0,0.9999999995780591,0.03195529960235843,0.0,0.9999999996093749,0.0,0.36328124985809324,1.0374682572612242,0.25222506801017575,0.25222506801017575
0.8,0.8,42825.453125,433.6065979003906,3.2771177068637134,0.0,0.9,0.0625,0.0,0.0,0.9999999995833334,0.02956168083371148,0.0,0.9999999996093749,0.0,0.3593749998596191,1.054479085276932,0.2677061511794585,0.2677061511794585
0.9000000000000001,0.8,44237.9140625,442.9682312011719,3.3776689519466734,0.0,0.9,0.05078125,0.0,0.0,0.9999999995884774,0.020052912114502365,0.0,0.9999999996093749,0.0,0.33593749986877436,1.0722596479729727,0.28187544976932943,0.28187544976932943
1.0,0.8,45770.1328125,453.0520935058594,3.2520563981526305,0.0,0.9,0.05859375,0.0,0.0,0.9999999995850622,0.03324726860441146,0.0,0.9999999996093749,0.0,0.40234374984283444,1.0380417425709265,0.2482550698342293,0.2482550698342293
-1.0,0.9000000000000001,47019.37890625,461.2940979003906,3.0583945344219416,0.0,0.9,0.0546875,0.0,0.0,0.9999999995867769,0.019189150156892095,0.0,0.9999999996093749,0.0,0.32812499987182614,0.9913244133402427,0.17828556725496317,0.17828556725496317
-0.9,0.9000000000000001,45538.8671875,451.56439208984375,2.998920186886889,0.0,0.9,0.09765625,0.0,0.0,0.9999999995670996,0.03707961163133577,0.0,0.9999999996093749,0.0,0.3203124998748779,0.9786469413822382,0.13152280037584552,0.13152280037584552
-0.8,0.9000000000000001,44176.15234375,442.5588684082031,2.949708030390905,0.0,0.9,0.09765625,0.0,0.0,0.9999999995670996,0.04358950132759657,0.0,0.9999999996093749,0.0,0.4140624998382568,0.9712999059233185,0.14012073149347803,0.14012073149347803
-0.7,0.9000000000000001,42941.56640625,434.35394287109375,3.023274882551825,0.0,0.9,0.09765625,0.0,0.0,0.9999999995670996,0.04118933721843786,0.0,0.9999999996093749,0.0,0.36328124985809324,0.9716691206992703,0.1405219828958853,0.1405219828958853
-0.6,0.9000000000000001,41847.8359375,427.02862548828125,2.9660187218166336,0.0,0.9,0.109375,0.0,0.0,0.9999999995614035,0.044024190558384045,0.0,0.9999999996093749,0.0,0.39062499984741206,0.9716489491446402,0.11891103194777275,0.11891103194777275
-0.5,0.9000000000000001,40904.6953125,420.66259765625,2.9099938738024296,0.0,0.9,0.08984375,0.0,0.0,0.9999999995708154,0.03554041633421713,0.0,0.9999999996093749,0.0,0.43749999982910154,0.963194129124182,0.15673398688556822,0.15673398688556822
-0.3999999999999999,0.9000000000000001,40120.0625,415.33251953125,2.914915667617068,0.0,0.9,0.14453125,0.0,0.0,0.999999999543379,0.06032828282828283,0.0,0.9999999996093749,0.0,0.42578124983367915,0.9564116733903261,0.10162366645615456,0.10162366645615456
-0.29999999999999993,0.9000000000000001,39501.46484375,411.10968017578125,2.913688229197894,0.0,0.9,0.15234375,0.0,0.0,0.9999999995391705,0.06468475595729042,0.0,0.9999999996093749,0.0,0.38281249985046384,0.9571340038619527,0.09238367271138662,0.09238367271138662
-0.19999999999999996,0.9000000000000001,39054.7890625,408.0546875,2.9150991307091,0.0,0.9,0.12890625,0.0,0.0,0.9999999995515695,0.062316350506103825,0.0,0.9999999996093749,0.0,0.37890624985198973,0.9619951617653428,0.10852787128521334,0.10852787128521334
-0.09999999999999998,0.9000000000000001,38785.140625,406.2144775390625,2.91107212179946,0.0,0.9,0.125,0.0,0.0,0.9999999995535714,0.05307510982535091,0.0,0.9999999996093749,0.0,0.40624999984130855,0.9740915995791523,0.11613564237587133,0.11613564237587133
0.0,0.9000000000000001,38695.71484375,405.618408203125,3.015986009538399,0.0,0.9,0.10546875,0.0,0.0,0.9999999995633188,0.04027029058251182,0.0,0.9999999996093749,0.0,0.34765624986419674,0.9952264332470376,0.14738387097747235,0.14738387097747235
0.10000000000000009,0.9000000000000001,38788.4921875,406.27618408203125,2.945642934114206,0.0,0.9,0.0859375,0.0,0.0,0.9999999995726496,0.03875351256930204,0.0,0.9999999996093749,0.0,0.38281249985046384,0.9855480278358131,0.16861759925645775,0.16861759925645775
0.20000000000000018,0.9000000000000001,39062.4296875,408.1771240234375,2.9298276764834643,0.0,0.9,0.08984375,0.0,0.0,0.9999999995708154,0.04869896894928184,0.0,0.9999999996093749,0.0,0.44140624982757565,0.982385601815945,0.16444604723063877,0.16444604723063877
0.30000000000000004,0.9000000000000001,39514.42578125,411.290771484375,2.985679790241428,0.0,0.9,0.06640625,0.0,0.0,0.99999999958159,0.03276441856099314,0.0,0.9999999996093749,0.0,0.42578124983367915,0.9894795475454282,0.18737956569580583,0.18737956569580583
0.40000000000000013,0.9000000000000001,40139.5390625,415.5697021484375,2.957330272174226,0.0,0.9,0.09765625,0.0,0.0,0.9999999995670996,0.062129758659665434,0.0,0.9999999996093749,0.0,0.43359374983062743,0.9831406599570571,0.15282442067234847,0.15282442067234847
0.5,0.9000000000000001,40933.921875,420.9523620605469,3.1415161301107783,0.0,0.9,0.078125,0.0,0.0,0.9999999995762712,0.059879338497759546,0.0,0.9999999996093749,0.0,0.3398437498672485,1.0036690439157976,0.1999458136566636,0.1999458136566636
0.6000000000000001,0.9000000000000001,41888.01953125,427.367431640625,3.2015444432005244,0.0,0.9,0.07421875,0.0,0.0,0.9999999995780591,0.03533139565748262,0.0,0.9999999996093749,0.0,0.35156249986267085,1.0285737719472665,0.2250307227109673,0.2250307227109673
0.7000000000000002,0.9000000000000001,42990.98046875,434.7377624511719,3.2838374151384087,0.0,0.9,0.05859375,0.0,0.0,0.9999999995850622,0.029085973938915113,0.0,0.9999999996093749,0.0,0.3007812498825073,1.0533180376301954,0.26167529247174587,0.26167529247174587
0.8,0.9000000000000001,44234.78125,442.9837951660156,3.369981443078955,0.0,0.9,0.03515625,0.0,0.0,0.9999999995951417,0.013839334076687228,0.0,0.9999999996093749,0.0,0.28906249988708493,1.0817485009324774,0.29250733878788165,0.29250733878788165
0.9000000000000001,0.9000000000000001,45608.08203125,452.02642822265625,3.330499088948216,0.0,0.9,0.05859375,0.0,0.0,0.9999999995850622,0.024352685291176093,0.0,0.9999999996093749,0.0,0.34374999986572263,1.060702218249446,0.26865593950970534,0.26865593950970534
1.0,0.9000000000000001,47099.78515625,461.78985595703125,3.389792953623401,0.0,0.9,0.0546875,0.0,0.0,0.9999999995867769,0.02272985494038126,0.0,0.9999999996093749,0.0,0.36328124985809324,1.058115296122499,0.2661677922403122,0.2661677922403122
-1.0,1.0,48468.2265625,470.7482604980469,3.1090528783779563,0.0,0.9,0.078125,0.0,0.0,0.9999999995762712,0.02936927362918412,0.0,0.9999999996093749,0.0,0.3593749998596191,0.9962375822194038,0.18046775967284392,0.18046775967284392
-0.9,1.0,47030.55859375,461.3435974121094,3.0868806067269103,0.0,0.9,0.08984375,0.0,0.0,0.9999999995708154,0.03128676664446094,0.0,0.9999999996093749,0.0,0.35156249986267085,0.9875825025014551,0.15897009215158,0.15897009215158
-0.8,1.0,45708.921875,452.65936279296875,3.0360696152794424,0.0,0.9,0.09765625,0.0,0.0,0.9999999995670996,0.04122888544856782,0.0,0.9999999996093749,0.0,0.34765624986419674,0.9830004736817846,0.15320943198958034,0.15320943198958034
-0.7,1.0,44512.23046875,444.7658386230469,3.043111188627878,0.0,0.9,0.09765625,0.0,0.0,0.9999999995670996,0.038807341175762226,0.0,0.9999999996093749,0.0,0.37109374985504145,0.9774729825387534,0.1371015954859901,0.1371015954859901
-0.6,1.0,43452.671875,437.7348327636719,3.0551178883666203,0.0,0.9,0.1171875,0.0,0.0,0.9999999995575222,0.04972681780972537,0.0,0.9999999996093749,0.0,0.3749999998535156,0.9752521569396111,0.11942850935795288,0.11942850935795288
-0.5,1.0,42538.88671875,431.6380310058594,2.9874933211180257,0.0,0.9,0.11328125,0.0,0.0,0.9999999995594714,0.0450925195692098,0.0,0.9999999996093749,0.0,0.42968749983215326,0.9652946708888467,0.13704072805953615,0.130937311188209
-0.3999999999999999,1.0,41778.9921875,426.5440368652344,2.964016303825465,0.0,0.9,0.1328125,0.0,0.0,0.9999999995495495,0.05074965359697412,0.0,0.9999999996093749,0.0,0.38671874984893795,0.9700489129396016,0.11019326652406612,0.11019326652406612
-0.29999999999999993,1.0,41179.9375,422.5154724121094,2.9705065938281554,0.0,0.9,0.12109375,0.0,0.0,0.9999999995555556,0.048575018773167694,0.0,0.9999999996093749,0.0,0.38671874984893795,0.9657319645155076,0.11841685695420935,0.11841685695420935
-0.19999999999999996,1.0,40748.34375,419.6055603027344,2.979608938113536,0.0,0.9,0.10546875,0.0,0.0,0.9999999995633188,0.04219185531476918,0.0,0.9999999996093749,0.0,0.37890624985198973,0.9834496316126113,0.14063825071483985,0.14063825071483985
-0.09999999999999998,1.0,40487.046875,417.85479736328125,2.971475228886184,0.0,0.9,0.11328125,0.0,0.0,0.9999999995594714,0.04976589821091101,0.0,0.9999999996093749,0.0,0.3593749998596191,0.9855602076241967,0.1284395111467142,0.1284395111467142
0.0,1.0,40400.15234375,417.28863525390625,3.0505834651286934,0.0,0.9,0.078125,0.0,0.0,0.9999999995762712,0.03443238141304485,0.0,0.9999999996093749,0.0,0.31249999987792965,1.000901646963442,0.17430044098923675,0.17430044098923675
0.10000000000000009,1.0,40489.171875,417.9154052734375,3.0488790107493076,0.0,0.9,0.08203125,0.0,0.0,0.9999999995744681,0.03194423863442295,0.0,0.9999999996093749,0.0,0.39062499984741206,1.0011299924754469,0.17680540582907672,0.17680540582907672
0.20000000000000018,1.0,40754.41015625,419.725830078125,3.0414388015465796,0.0,0.9,0.03515625,0.0,0.0,0.9999999995951417,0.015957814876869307,0.0,0.9999999996093749,0.0,0.39062499984741206,1.007474600625419,0.2317040477930437,0.2317040477930437
0.30000000000000004,1.0,41192.14453125,422.69384765625,3.012622340703881,0.0,0.9,0.07421875,0.0,0.0,0.9999999995780591,0.03907183117012109,0.0,0.9999999996093749,0.0,0.34765624986419674,0.9945039512552377,0.1757342749715717,0.1757342749715717
0.40000000000000013,1.0,41798.00390625,426.77789306640625,3.068862957526778,0.0,0.9,0.07421875,0.0,0.0,0.9999999995780591,0.0417960376690734,0.0,0.9999999996093749,0.0,0.34374999986572263,0.9999323464553859,0.17498599500879508,0.17498599500879508
0.5,1.0,42566.69921875,431.9244079589844,3.1238007956613885,0.0,0.9,0.1015625,0.0,0.0,0.9999999995652175,0.05392036758883456,0.0,0.9999999996093749,0.0,0.3593749998596191,0.9989045002394399,0.156757248036951,0.156757248036951
0.6000000000000001,1.0,43491.07421875,438.0702209472656,3.1867773332219542,0.0,0.9,0.08984375,0.0,0.0,0.9999999995708154,0.04780436483622342,0.0,0.9999999996093749,0.0,0.35546874986114496,1.0227334663656653,0.1952452786892948,0.1952452786892948
0.7000000000000002,1.0,44558.92578125,445.14666748046875,3.286149598460731,0.0,0.9,0.08203125,0.0,0.0,0.9999999995744681,0.040471045552661976,0.0,0.9999999996093749,0.0,0.3398437498672485,1.046345821330104,0.24067027015701353,0.24067027015701353
0.8,1.0,45764.453125,453.0821228027344,3.2793348803846394,0.0,0.9,0.0703125,0.0,0.0,0.999999999579832,0.02830442505753026,0.0,0.9999999996093749,0.0,0.31249999987792965,1.039253432697602,0.24992913866115418,0.24992913866115418
0.9000000000000001,1.0,47096.4765625,461.8044738769531,3.274740256456994,0.0,0.9,0.0703125,0.0,0.0,0.999999999579832,0.041101802374559744,0.0,0.9999999996093749,0.0,0.3749999998535156,1.0460069962794365,0.25876248206529795,0.25876248206529795
1.0,1.0,48544.734375,471.24359130859375,3.303483403588452,0.0,0.9,0.06640625,0.0,0.0,0.99999999958159,0.03235105144169876,0.0,0.9999999996093749,0.0,0.34374999986572263,1.0388949545850783,0.24303437542891895,0.24303437542891895
