-1.0,-1.0,21077.3359375,408.21051025390625,inf,0.0,0.9,0.42908653846153844,0.4296028880866426,0.0,0.0021052631574515236,0.05190631808278867,0.05194793273114489,0.9999999998798077,0.9987980768030291,0.6874999999173678,1.1415187581243835,0.4301069751993688,-0.42806610162056236
-0.9,-1.0,20460.544921875,401.5970764160156,inf,0.0,0.9,0.15865384615384615,0.15865384615384615,0.0,0.0,0.02765636563953272,0.02765636563953272,0.9999999998798077,0.9999999998798077,0.381009615338821,1.6825001540007776,0.13226758422346935,-0.13226758422346935
-0.8,-1.0,19892.626953125,395.4853515625,inf,0.0,0.9,0.11899038461538461,0.11899038461538461,0.0,0.0,0.013221153846153846,0.013221153846153846,0.9999999998798077,0.9999999998798077,0.2860576922733104,1.7620192305574496,0.11899038460108288,-0.11899038460108288
-0.7,-1.0,19378.22265625,389.9244689941406,inf,0.0,0.9,0.11658653846153846,0.11658653846153846,0.0,0.0,0.01295405982905983,0.01295405982905983,0.9999999998798077,0.9999999998798077,0.2884615384268676,1.766826922864564,0.11658653844752566,-0.11658653844752566
-0.6,-1.0,18921.994140625,384.96466064453125,inf,0.0,0.9,0.11778846153846154,0.11778846153846154,0.0,0.0,0.013087606837606838,0.013087606837606838,0.9999999998798077,0.9999999998798077,0.287259615350089,1.764423076711007,0.11778846152430426,-0.11778846152430426
-0.5,-1.0,18528.328125,380.65625,inf,0.0,0.9,0.11778846153846154,0.11778846153846154,0.0,0.0,0.013087606837606838,0.013087606837606838,0.9999999998798077,0.9999999998798077,0.28966346150364625,1.764423076711007,0.11778846152430426,-0.11778846152430426
-0.3999999999999999,-1.0,18201.470703125,377.04736328125,inf,0.0,0.9,0.1141826923076923,0.1141826923076923,0.0,0.0,0.012686965811965812,0.012686965811965812,0.9999999998798077,0.9999999998798077,0.28124999996619593,1.7716346151716786,0.11418269229396842,-0.11418269229396842
-0.29999999999999993,-1.0,17943.548828125,374.1820983886719,inf,0.0,0.9,0.11658653846153846,0.11658653846153846,0.0,0.0,0.01295405982905983,0.01295405982905983,0.9999999998798077,0.9999999998798077,0.2884615384268676,1.766826922864564,0.11658653844752566,-0.11658653844752566
-0.19999999999999996,-1.0,17757.1953125,372.0981140136719,inf,0.0,0.9,0.11778846153846154,0.11778846153846154,0.0,0.0,0.013087606837606838,0.013087606837606838,0.9999999998798077,0.9999999998798077,0.2908653845804248,1.764423076711007,0.11778846152430426,-0.11778846152430426
-0.09999999999999998,-1.0,17644.75,370.8244323730469,inf,0.0,0.9,0.11778846153846154,0.11778846153846154,0.0,0.0,0.013087606837606838,0.013087606837606838,0.9999999998798077,0.9999999998798077,0.287259615350089,1.764423076711007,0.11778846152430426,-0.11778846152430426
0.0,-1.0,17606.939453125,370.3794250488281,inf,0.0,0.9,0.1141826923076923,0.1141826923076923,0.0,0.0,0.012686965811965812,0.012686965811965812,0.9999999998798077,0.9999999998798077,0.28365384611975314,1.7716346151716786,0.11418269229396842,-0.11418269229396842
0.10000000000000009,-1.0,17643.083984375,370.769775390625,inf,0.0,0.9,0.11538461538461539,0.11538461538461539,0.0,0.0,0.012820512820512822,0.012820512820512822,0.9999999998798077,0.9999999998798077,0.2860576922733104,1.7692307690181215,0.11538461537074705,-0.11538461537074705
0.20000000000000018,-1.0,17753.220703125,371.9896240234375,inf,0.0,0.9,0.11658653846153846,0.11658653846153846,0.0,0.0,0.01295405982905983,0.01295405982905983,0.9999999998798077,0.9999999998798077,0.28966346150364625,1.766826922864564,0.11658653844752566,-0.11658653844752566
0.30000000000000004,-1.0,17937.1484375,374.0213623046875,inf,0.0,0.9,0.1201923076923077,0.1201923076923077,0.0,0.0,0.013354700854700856,0.013354700854700856,0.9999999998798077,0.9999999998798077,0.29447115381076067,1.7596153844038924,0.1201923076778615,-0.1201923076778615
0.40000000000000013,-1.0,18191.568359375,376.8367004394531,inf,0.0,0.9,0.11538461538461539,0.11538461538461539,0.0,0.0,0.012820512820512822,0.012820512820512822,0.9999999998798077,0.9999999998798077,0.29687499996431793,1.7692034065720283,0.11178573671001173,-0.11178573671001173
0.5,-1.0,18514.912109375,380.3982849121094,inf,0.0,0.9,0.08413461538461539,0.08302808302808302,0.0,0.014435695536163294,0.01716738460332162,0.017075074255925318,0.9999999998798077,0.9843749998816858,0.3269230768837833,1.8240004503363545,0.1244448982335058,0.1233995212667205
0.6000000000000001,-1.0,18904.677734375,384.6625061035156,inf,0.0,0.9,0.07211538461538461,0.07211538461538461,0.0,0.0,0.008012820512820512,0.008012820512820512,0.9999999998798077,0.9999999998798077,0.3293269230373405,1.8557692305461817,0.07211538460671689,-0.07211538460671689
0.7000000000000002,-1.0,19357.7265625,389.58135986328125,inf,0.0,0.9,0.07211538461538461,0.07211538461538461,0.0,0.0,0.008012820512820512,0.008012820512820512,0.9999999998798077,0.9999999998798077,0.32572115380700467,1.8557692305461817,0.07211538460671689,-0.07211538460671689
0.8,-1.0,19868.52734375,395.1047668457031,inf,0.0,0.9,0.07211538461538461,0.07211538461538461,0.0,0.0,0.008012820512820512,0.008012820512820512,0.9999999998798077,0.9999999998798077,0.3245192307302261,1.8557692305461817,0.07211538460671689,-0.07211538460671689
0.9000000000000001,-1.0,20433.17578125,401.18218994140625,inf,0.0,0.9,0.07451923076923077,0.07451923076923077,0.0,0.0,0.00827991452991453,0.00827991452991453,0.9999999998798077,0.9999999998798077,0.3293269230373405,1.8509615382390672,0.07451923076027413,-0.07451923076027413
1.0,-1.0,21047.263671875,407.7645263671875,inf,0.0,0.9,0.07211538461538461,0.07211538461538461,0.0,0.0,0.008012820512820512,0.008012820512820512,0.9999999998798077,0.9999999998798077,0.3293269230373405,1.8557692305461817,0.07211538460671689,-0.07211538460671689
-1.0,-0.9,20456.9296875,401.57464599609375,inf,0.0,0.9,0.08173076923076923,0.08173076923076923,0.0,0.0,0.009081196581196582,0.009081196581196582,0.9999999998798077,0.9999999998798077,0.28245192304297456,1.8365384613177238,0.08173076922094583,-0.08173076922094583
-0.9,-0.9,19821.49609375,394.7347717285156,inf,0.0,0.9,0.08774038461538461,0.08774038461538461,0.0,0.0,0.010760888672535258,0.010760888672535258,0.9999999998798077,0.9999999998798077,0.28966346150364625,1.8244997233736548,0.08654829557818833,-0.08654829557818833
-0.8,-0.9,19235.845703125,388.3996276855469,inf,0.0,0.9,0.10697115384615384,0.1070110701107011,0.0,0.022880215340123796,0.021837590757696115,0.02184658916988353,0.9999999998798077,0.9771634614210141,0.2884615384268676,1.7755122405756605,0.014815017684766184,0.010735444803608284
-0.7,-0.9,18705.044921875,382.6221008300781,inf,0.0,0.9,0.11658653846153846,0.11658653846153846,0.0,0.0,0.01295405982905983,0.01295405982905983,0.9999999998798077,0.9999999998798077,0.287259615350089,1.766826922864564,0.11658653844752566,-0.11658653844752566
-0.6,-0.9,18234.11328125,377.45745849609375,inf,0.0,0.9,0.11778846153846154,0.11778846153846154,0.0,0.0,0.013087606837606838,0.013087606837606838,0.9999999998798077,0.9999999998798077,0.2908653845804248,1.764423076711007,0.11778846152430426,-0.11778846152430426
-0.5,-0.9,17827.765625,372.9616394042969,inf,0.0,0.9,0.11658653846153846,0.11658653846153846,0.0,0.0,0.01295405982905983,0.01295405982905983,0.9999999998798077,0.9999999998798077,0.287259615350089,1.766826922864564,0.11658653844752566,-0.11658653844752566
-0.3999999999999999,-0.9,17490.166015625,369.1884460449219,inf,0.0,0.9,0.11899038461538461,0.11899038461538461,0.0,0.0,0.013221153846153846,0.013221153846153846,0.9999999998798077,0.9999999998798077,0.28966346150364625,1.7620192305574496,0.11899038460108288,-0.11899038460108288
-0.29999999999999993,-0.9,17224.0703125,366.1878967285156,inf,0.0,0.9,0.11658653846153846,0.11658653846153846,0.0,0.0,0.01295405982905983,0.01295405982905983,0.9999999998798077,0.9999999998798077,0.2908653845804248,1.766826922864564,0.11658653844752566,-0.11658653844752566
-0.19999999999999996,-0.9,17031.755859375,364.0030212402344,inf,0.0,0.9,0.11899038461538461,0.11899038461538461,0.0,0.0,0.013221153846153846,0.013221153846153846,0.9999999998798077,0.9999999998798077,0.2908653845804248,1.7620192305574496,0.11899038460108288,-0.11899038460108288
-0.09999999999999998,-0.9,16916.255859375,362.6672058105469,inf,0.0,0.9,0.11057692307692307,0.11057692307692307,0.0,0.0,0.012286324786324786,0.012286324786324786,0.9999999998798077,0.9999999998798077,0.2860576922733104,1.7788461536323503,0.11057692306363258,-0.11057692306363258
0.0,-0.9,16877.5078125,362.2017517089844,inf,0.0,0.9,0.11899038461538461,0.11899038461538461,0.0,0.0,0.013221153846153846,0.013221153846153846,0.9999999998798077,0.9999999998798077,0.30528846150176825,1.7620192305574496,0.11899038460108288,-0.11899038460108288
0.10000000000000009,-0.9,16914.69921875,362.61419677734375,inf,0.0,0.9,0.11899038461538461,0.11899038461538461,0.0,0.0,0.013221153846153846,0.013221153846153846,0.9999999998798077,0.9999999998798077,0.2980769230410965,1.7620192305574496,0.11899038460108288,-0.11899038460108288
0.20000000000000018,-0.9,17028.70703125,363.8979187011719,inf,0.0,0.9,0.11538461538461539,0.11538461538461539,0.0,0.0,0.012820512820512822,0.012820512820512822,0.9999999998798077,0.9999999998798077,0.29206730765720346,1.7692307690181215,0.11538461537074705,-0.11538461537074705
0.30000000000000004,-0.9,17218.3671875,366.03228759765625,inf,0.0,0.9,0.11778846153846154,0.11778846153846154,0.0,0.0,0.013087606837606838,0.013087606837606838,0.9999999998798077,0.9999999998798077,0.3004807691946538,1.764423076711007,0.11778846152430426,-0.11778846152430426
0.40000000000000013,-0.9,17481.318359375,368.98486328125,inf,0.0,0.9,0.11899038461538461,0.11899038461538461,0.0,0.0,0.013221153846153846,0.013221153846153846,0.9999999998798077,0.9999999998798077,0.34014423072834804,1.7620192170891538,0.11298077666849271,-0.11298077666849271
0.5,-0.9,17815.75390625,372.7127685546875,inf,0.0,0.9,0.09615384615384616,0.10483870967741936,0.0,0.1143617021124519,0.019665501271537062,0.02151645781941064,0.9999999998798077,0.8942307691232896,0.33293269226767636,1.7547055499069877,0.5324086288550874,0.5324086288550874
0.6000000000000001,-0.9,18218.587890625,377.166748046875,inf,0.0,0.9,0.06971153846153846,0.06971153846153846,0.0,0.0,0.007745726495726496,0.007745726495726496,0.9999999998798077,0.9999999998798077,0.32572115380700467,1.860576922853296,0.06971153845315968,-0.06971153845315968
0.7000000000000002,-0.9,18686.099609375,382.2926025390625,inf,0.0,0.9,0.0733173076923077,0.0733173076923077,0.0,0.0,0.008146367521367522,0.008146367521367522,0.9999999998798077,0.9999999998798077,0.3293269230373405,1.8533653843926243,0.07331730768349552,-0.07331730768349552
0.8,-0.9,19213.5390625,388.0348815917969,inf,0.0,0.9,0.0733173076923077,0.0733173076923077,0.0,0.0,0.008146367521367522,0.008146367521367522,0.9999999998798077,0.9999999998798077,0.33052884611411915,1.8533653843926243,0.07331730768349552,-0.07331730768349552
0.9000000000000001,-0.9,19796.109375,394.3381652832031,inf,0.0,0.9,0.07091346153846154,0.07091346153846154,0.0,0.0,0.007879273504273504,0.007879273504273504,0.9999999998798077,0.9999999998798077,0.3245192307302261,1.8581730766997389,0.07091346152993828,-0.07091346152993828
1.0,-0.9,20429.28515625,401.14923095703125,inf,0.0,0.9,0.07451923076923077,0.07451923076923077,0.0,0.0,0.00827991452991453,0.00827991452991453,0.9999999998798077,0.9999999998798077,0.3293269230373405,1.8509615382390672,0.07451923076027413,-0.07451923076027413
-1.0,-0.8,19885.9921875,395.4389343261719,inf,0.0,0.9,0.08413461538461539,0.08413461538461539,0.0,0.0,0.0093482905982906,0.0093482905982906,0.9999999998798077,0.9999999998798077,0.2860576922733104,1.8317307690106093,0.08413461537450306,-0.08413461537450306
-0.9,-0.8,19232.162109375,388.37548828125,inf,0.0,0.9,0.08533653846153846,0.08533653846153846,0.0,0.0,0.009481837606837608,0.009481837606837608,0.9999999998798077,0.9999999998798077,0.28485576919653177,1.8293269228570521,0.08533653845128167,-0.08533653845128167
-0.8,-0.8,18630.384765625,381.81781005859375,inf,0.0,0.9,0.08774038461538461,0.08774038461538461,0.0,0.0,0.011647614045674142,0.011647614045674142,0.9999999998798077,0.9999999998798077,0.28966346150364625,1.8244310364124727,0.05655054246272116,-0.05655054246272116
-0.7,-0.8,18084.150390625,375.8231506347656,inf,0.0,0.9,0.10096153846153846,0.1024390243902439,0.0,0.016042780746518347,0.0156371341383051,0.01583814715374393,0.9999999998798077,0.9855769229584643,0.2884615384268676,1.789804307200233,0.0919910510175302,0.0919910510175302
-0.6,-0.8,17599.58984375,370.45184326171875,inf,0.0,0.9,0.11658653846153846,0.11658653846153846,0.0,0.0,0.01295405982905983,0.01295405982905983,0.9999999998798077,0.9999999998798077,0.287259615350089,1.766826922864564,0.11658653844752566,-0.11658653844752566
-0.5,-0.8,17181.736328125,365.7654113769531,inf,0.0,0.9,0.11778846153846154,0.11778846153846154,0.0,0.0,0.013087606837606838,0.013087606837606838,0.9999999998798077,0.9999999998798077,0.29206730765720346,1.764423076711007,0.11778846152430426,-0.11778846152430426
-0.3999999999999999,-0.8,16835.279296875,361.8241271972656,inf,0.0,0.9,0.11778846153846154,0.11778846153846154,0.0,0.0,0.013087606837606838,0.013087606837606838,0.9999999998798077,0.9999999998798077,0.3137019230392185,1.7644230764244462,0.11658653859095051,-0.11658653859095051
-0.29999999999999993,-0.8,16561.75,358.6845397949219,inf,0.0,0.9,0.1141826923076923,0.1141826923076923,0.0,0.0,0.012686965811965812,0.012686965811965812,0.9999999998798077,0.9999999998798077,0.32331730765344746,1.7716346151714786,0.11418269229396842,-0.11418269229396842
-0.19999999999999996,-0.8,16365.1533203125,356.3955383300781,inf,0.0,0.9,0.11658653846153846,0.11658653846153846,0.0,0.0,0.01295405982905983,0.01295405982905983,0.9999999998798077,0.9999999998798077,0.33774038457479083,1.7668269228643765,0.11658653844752566,-0.11658653844752566
-0.09999999999999998,-0.8,16246.875,354.99542236328125,inf,0.0,0.9,0.11658653846153846,0.11658653846153846,0.0,0.0,0.01295405982905983,0.01295405982905983,0.9999999998798077,0.9999999998798077,0.34615384611224115,1.7668269222914426,0.1153846156574523,-0.1153846156574523
0.0,-0.8,16206.9658203125,354.5088195800781,inf,0.0,0.9,0.11658653846153846,0.11658653846153846,0.0,0.0,0.01295405982905983,0.01295405982905983,0.9999999998798077,0.9999999998798077,0.3473557691890198,1.766826922864564,0.11658653844752566,-0.11658653844752566
0.10000000000000009,-0.8,16244.482421875,354.9443664550781,inf,0.0,0.9,0.11658653846153846,0.11658653846153846,0.0,0.0,0.01295405982905983,0.01295405982905983,0.9999999998798077,0.9999999998798077,0.34014423072834804,1.7668269228642415,0.11658653844752566,-0.11658653844752566
0.20000000000000018,-0.8,16361.4599609375,356.29443359375,inf,0.0,0.9,0.11658653846153846,0.11658653846153846,0.0,0.0,0.01295405982905983,0.01295405982905983,0.9999999998798077,0.9999999998798077,0.32812499996056194,1.766826922864564,0.11658653844752566,-0.11658653844752566
0.30000000000000004,-0.8,16555.9921875,358.53509521484375,inf,0.0,0.9,0.11899038461538461,0.11899038461538461,0.0,0.0,0.013221153846153846,0.013221153846153846,0.9999999998798077,0.9999999998798077,0.3269230768837833,1.7620192305574491,0.11899038460108288,-0.11899038460108288
0.40000000000000013,-0.8,16826.8046875,361.6289367675781,inf,0.0,0.9,0.11658653846153846,0.11658653846153846,0.0,0.0,0.01295405982905983,0.01295405982905983,0.9999999998798077,0.9999999998798077,0.33052884611411915,1.7668267558474637,0.06490653151344003,-0.06490653151344003
0.5,-0.8,17170.98046875,365.52728271484375,inf,0.0,0.9,0.10336538461538461,0.10787172011661808,0.0,0.1796246648552782,0.019607107107107107,0.020919215425531917,0.9999999998798077,0.8245192306701299,0.3365384614980122,1.7151887806181676,0.6392600535599253,0.6392600535599253
0.6000000000000001,-0.8,17585.619140625,370.1741943359375,inf,0.0,0.9,0.07091346153846154,0.07091346153846154,0.0,0.0,0.007879273504273504,0.007879273504273504,0.9999999998798077,0.9999999998798077,0.32572115380700467,1.8581730766792044,0.07091346152993828,-0.07091346152993828
0.7000000000000002,-0.8,18066.65234375,375.5093994140625,inf,0.0,0.9,0.07451923076923077,0.07451923076923077,0.0,0.0,0.00827991452991453,0.00827991452991453,0.9999999998798077,0.9999999998798077,0.3269230768837833,1.8509615382390672,0.07451923076027413,-0.07451923076027413
0.8,-0.8,18609.982421875,381.4712829589844,inf,0.0,0.9,0.07211538461538461,0.07211538461538461,0.0,0.0,0.008012820512820512,0.008012820512820512,0.9999999998798077,0.9999999998798077,0.32812499996056194,1.8557692305461817,0.07211538460671689,-0.07211538460671689
0.9000000000000001,-0.8,19209.603515625,387.9996643066406,inf,0.0,0.9,0.07451923076923077,0.07451923076923077,0.0,0.0,0.00827991452991453,0.00827991452991453,0.9999999998798077,0.9999999998798077,0.3317307691908978,1.8509615382390672,0.07451923076027413,-0.07451923076027413
1.0,-0.8,19861.771484375,395.03680419921875,inf,0.0,0.9,0.07451923076923077,0.07451923076923077,0.0,0.0,0.00827991452991453,0.00827991452991453,0.9999999998798077,0.9999999998798077,0.3317307691908978,1.8509615382390672,0.07451923076027413,-0.07451923076027413
-1.0,-0.7,19369.505859375,389.8526611328125,inf,0.0,0.9,0.08173076923076923,0.08173076923076923,0.0,0.0,0.009081196581196582,0.009081196581196582,0.9999999998798077,0.9999999998798077,0.28485576919653177,1.8365384613177238,0.08173076922094583,-0.08173076922094583
-0.9,-0.7,18698.9296875,382.57232666015625,inf,0.0,0.9,0.0829326923076923,0.0829326923076923,0.0,0.0,0.00921474358974359,0.00921474358974359,0.9999999998798077,0.9999999998798077,0.287259615350089,1.8341346151641666,0.08293269229772443,-0.08293269229772443
-0.8,-0.7,18081.384765625,375.7972412109375,inf,0.0,0.9,0.08533653846153846,0.08533653846153846,0.0,0.0,0.009493247760395776,0.009493247760395776,0.9999999998798077,0.9999999998798077,0.287259615350089,1.8284539758942633,0.07354640272205196,-0.07354640272205196
-0.7,-0.7,17521.06640625,369.5889892578125,inf,0.0,0.9,0.07572115384615384,0.07850707850707851,0.0,0.06892067619389848,0.012142183415528068,0.012377763339830409,0.9999999998798077,0.933894230656984,0.29206730765720346,1.8156970453033014,0.30693041398406257,0.30693041398406257
-0.6,-0.7,17024.275390625,364.01275634765625,inf,0.0,0.9,0.11538461538461539,0.11552346570397112,0.0,0.0013586956519893076,0.012820512820512822,0.01283594063377457,0.9999999998798077,0.9987980768030291,0.3425480768819053,1.7685015824747117,0.006810690727151976,0.006810690727151976
-0.5,-0.7,16596.580078125,359.1361999511719,inf,0.0,0.9,0.11658653846153846,0.1144578313253012,0.0,0.0,0.01295405982905983,0.012717536813922355,0.9999999998798077,0.9975961537262505,0.3437499999586839,1.7659978569934518,0.15247730852998784,0.15144964985693507
-0.3999999999999999,-0.7,16242.5908203125,355.0261535644531,inf,0.0,0.9,0.11899038461538461,0.11786148238153099,0.0,0.00954979536022513,0.013237063778580024,0.013095720264614554,0.9999999998798077,0.9891826921888002,0.34615384611224115,1.7575743112693403,0.3677136709541303,0.3677136709541303
-0.29999999999999993,-0.7,15963.5205078125,351.74603271484375,inf,0.0,0.9,0.1141826923076923,0.1141826923076923,0.0,0.0,0.012686965811965812,0.012686965811965812,0.9999999998798077,0.9999999998798077,0.3437499999586839,1.7686566111276252,0.5476826978110003,0.5476826978110003
-0.19999999999999996,-0.7,15763.724609375,349.3514099121094,inf,0.0,0.9,0.11538461538461539,0.11552346570397112,0.0,0.0013586956519893076,0.01283594063377457,0.01283594063377457,0.9999999998798077,0.9987980768030291,0.3425480768819053,1.7661383039511411,0.45857314050679376,0.45857314050679376
-0.09999999999999998,-0.7,15643.2958984375,347.8860168457031,inf,0.0,0.9,0.11538461538461539,0.11608222490931076,0.0,0.006793478259946539,0.012820512820512822,0.012898024989923419,0.9999999998798077,0.9939903844959147,0.3449519230354625,1.7644031121343158,0.5033728813011624,0.5033728813011624
0.0,-0.7,15602.3525390625,347.3779296875,inf,0.0,0.9,0.11658653846153846,0.11729141475211609,0.0,0.006802721087509834,0.012969648348709721,0.013032379416901788,0.9999999998798077,0.9939903844959147,0.33894230765156946,1.7599395332797942,0.5286065900309251,0.5286065900309251
0.10000000000000009,-0.7,15640.9716796875,347.83734130859375,inf,0.0,0.9,0.11658653846153846,0.11658653846153846,0.0,0.0,0.01295405982905983,0.01295405982905983,0.9999999998798077,0.9999999998798077,0.3413461538051267,1.764727225058846,0.5145472424303874,0.5145472424303874
0.20000000000000018,-0.7,15759.6318359375,349.2550354003906,inf,0.0,0.9,0.11538461538461539,0.11538461538461539,0.0,0.0,0.012820512820512822,0.012820512820512822,0.9999999998798077,0.9999999998798077,0.31249999996243993,1.769016119471111,0.5227226086285002,0.5227226086285002
0.30000000000000004,-0.7,15957.9921875,351.6038513183594,inf,0.0,0.9,0.11658653846153846,0.11658653846153846,0.0,0.0,0.01295405982905983,0.01295405982905983,0.9999999998798077,0.9999999998798077,0.32812499996056194,1.7668148247472715,0.4302807380345448,0.4302807380345448
0.40000000000000013,-0.7,16234.75,354.8407897949219,inf,0.0,0.9,0.11658653846153846,0.11658653846153846,0.0,0.0,0.01295405982905983,0.01295405982905983,0.9999999998798077,0.9999999998798077,0.3112980768856613,1.7666777306149135,0.3051774592626263,0.3051774592626263
0.5,-0.7,16587.470703125,358.9106140136719,inf,0.0,0.9,0.08173076923076923,0.07776049766718507,0.0,0.22382198949949975,0.016356046147415912,0.016257907615932307,0.9999999998798077,0.7728365383686495,0.29687499996431793,1.7199199418817799,0.6676934155800097,0.6676934155800097
0.6000000000000001,-0.7,17012.0703125,363.75048828125,inf,0.0,0.9,0.0733173076923077,0.0733173076923077,0.0,0.0,0.008146367521367522,0.008146367521367522,0.9999999998798077,0.9999999998798077,0.3353365384212336,1.8533422429590787,0.00960381908233126,0.00960381908233126
0.7000000000000002,-0.7,17505.69140625,369.29327392578125,inf,0.0,0.9,0.07091346153846154,0.07091346153846154,0.0,0.0,0.007879273504273504,0.007879273504273504,0.9999999998798077,0.9999999998798077,0.33293269226767636,1.8581730766997389,0.07091346152993828,-0.07091346152993828
0.8,-0.7,18062.884765625,375.4715576171875,inf,0.0,0.9,0.07211538461538461,0.07211538461538461,0.0,0.0,0.008012820512820512,0.008012820512820512,0.9999999998798077,0.9999999998798077,0.3269230768837833,1.8557692305461817,0.07211538460671689,-0.07211538460671689
0.9000000000000001,-0.7,18678.517578125,382.2198181152344,inf,0.0,0.9,0.07451923076923077,0.07451923076923077,0.0,0.0,0.00827991452991453,0.00827991452991453,0.9999999998798077,0.9999999998798077,0.3293269230373405,1.8509615382390672,0.07451923076027413,-0.07451923076027413
1.0,-0.7,19347.0546875,389.47650146484375,inf,0.0,0.9,0.06971153846153846,0.06971153846153846,0.0,0.0,0.007745726495726496,0.007745726495726496,0.9999999998798077,0.9999999998798077,0.32812499996056194,1.860576922853296,0.06971153845315968,-0.06971153845315968
-1.0,-0.6,18911.224609375,384.86639404296875,inf,0.0,0.9,0.051682692307692304,0.05263157894736842,0.0,0.019011406841696908,0.008734511476741823,0.008847736625514404,0.9999999998798077,0.9819711537281285,0.28966346150364625,1.8868329643532284,0.06290080362035594,0.06290080362035594
-0.9,-0.6,18226.1875,377.38067626953125,inf,0.0,0.9,0.040865384615384616,0.04119850187265917,0.0,0.03759398495769499,0.007111253835723971,0.007111240160020648,0.9999999998798077,0.9627403844996707,0.28485576919653177,1.9022861166048683,0.18440073661798118,0.18440073661798118
-0.8,-0.6,17594.4140625,370.3985290527344,inf,0.0,0.9,0.018028846153846152,0.016414141414141416,0.0,0.04651162790128377,0.003933186329792905,0.0035544499723604204,0.9999999998798077,0.9519230768086632,0.2956730768875393,1.9434000927417767,0.27157775816364615,0.27157775816364615
-0.7,-0.6,17022.009765625,363.98504638671875,inf,0.0,0.9,0.025240384615384616,0.02369077306733167,0.0,0.03452527743100798,0.005301120448179272,0.003580187454072969,0.9999999998798077,0.9639423075764493,0.3593749999568059,1.931982969056976,0.4653765076818106,0.4653765076818106
-0.6,-0.6,16514.556640625,358.21063232421875,inf,0.0,0.9,0.028846153846153848,0.02857142857142857,0.0,0.20049504948013677,0.00618000889003599,0.0033245844269466315,0.9999999998798077,0.799278846057779,0.3365384614980122,1.8458381852748011,0.5054420215824822,0.5054420215824822
-0.5,-0.6,16078.591796875,353.1488037109375,inf,0.0,0.9,0.02403846153846154,0.027906976744186046,0.0,0.22783251228721274,0.00414001708417256,0.003179650238473768,0.9999999998798077,0.7752403845222067,0.33894230765156946,1.8457194636094414,0.6063551107236007,0.6063551107236007
-0.3999999999999999,-0.6,15718.5048828125,348.8732604980469,inf,0.0,0.9,0.027644230769230768,0.0313588850174216,0.0,0.3127317675756821,0.007342430149447693,0.003484320557491289,0.9999999998798077,0.689903846070925,0.334134615344455,1.7897352882300563,0.6369461914536811,0.6369461914536811
-0.29999999999999993,-0.6,15436.734375,345.4546203613281,inf,0.0,0.9,0.09735576923076923,0.08463251670378619,0.0,0.4527296936813942,0.030447951538338916,0.04278542742398164,0.9999999998798077,0.5396634614735981,0.3749999999549279,1.6165451153005213,0.6536396830013742,0.6536396830013742
-0.19999999999999996,-0.6,15234.9384765625,342.9553527832031,inf,0.0,0.9,0.12139423076923077,0.19617224880382775,0.0,0.5403556770806627,0.024381244486979183,0.04095038117969325,0.9999999998798077,0.5024038460934611,0.34615384611224115,1.5492558204637696,0.7160030041544732,0.7160030041544732
-0.09999999999999998,-0.6,15113.396484375,341.42510986328125,inf,0.0,0.9,0.12980769230769232,0.17564870259481039,0.0,0.42955801099039254,0.027262712106904743,0.050063698653720345,0.9999999998798077,0.6021634614660861,0.334134615344455,1.5810720220209444,0.7562290280737718,0.7562290280737718
0.0,-0.6,15072.3623046875,340.8959655761719,inf,0.0,0.9,0.11538461538461539,0.14983164983164984,0.0,0.31385869560953006,0.015115229013148388,0.016760828625235407,0.9999999998798077,0.7139423076064974,0.334134615344455,1.6359342387688,0.7937912665369635,0.7937912665369635
0.10000000000000009,-0.6,15111.052734375,341.3793029785156,inf,0.0,0.9,0.1141826923076923,0.14536741214057508,0.0,0.2740841247932043,0.013446567586694975,0.016177777777777777,0.9999999998798077,0.752403846063413,0.32812499996056194,1.6542811491028895,0.8045030142614278,0.8045030142614278
0.20000000000000018,-0.6,15230.73828125,342.86480712890625,inf,0.0,0.9,0.11538461538461539,0.1323529411764706,0.0,0.19836956519043894,0.01285140562248996,0.014705882352941176,0.9999999998798077,0.8173076922094582,0.3365384614980122,1.6814245675974786,0.8247277709612981,0.8247277709612981
0.30000000000000004,-0.6,15431.4677734375,345.3211669921875,inf,0.0,0.9,0.11899038461538461,0.11764705882352941,0.0,0.0177353342404181,0.013237063778580024,0.013071895424836602,0.9999999998798077,0.9807692306513499,0.3978365384137216,1.7324833072102974,0.8535979092727237,0.8530481103993218
0.40000000000000013,-0.6,15711.720703125,348.6995544433594,inf,0.0,0.9,0.11658653846153846,0.11552346570397112,0.0,0.0,0.01295405982905983,0.01283594063377457,0.9999999998798077,0.9987980768030291,0.396634615336943,1.7563979254492665,0.8522740741749097,0.8519294943594837
0.5,-0.6,16070.240234375,352.9378662109375,inf,0.0,0.9,0.09495192307692307,0.08737864077669903,0.0,0.2509960159029222,0.019314893984540314,0.019035823170731707,0.9999999998798077,0.7427884614491841,0.3593749999568059,1.6899902192529581,0.689690483861763,0.689690483861763
0.6000000000000001,-0.6,16503.21875,357.9659729003906,inf,0.0,0.9,0.07091346153846154,0.07603092783505154,0.0,0.07244501939554399,0.008946572198625423,0.009493542412016949,0.9999999998798077,0.9326923075802053,0.29687499996431793,1.8263438006470074,0.3600137595513598,0.3600137595513598
0.7000000000000002,-0.6,17007.9921875,363.70989990234375,inf,0.0,0.9,0.07211538461538461,0.07211538461538461,0.0,0.0,0.008012820512820512,0.008012820512820512,0.9999999998798077,0.9999999998798077,0.30769230765532546,1.8557692305461817,0.07211538460671689,-0.07211538460671689
0.8,-0.6,17577.57421875,370.09619140625,inf,0.0,0.9,0.0733173076923077,0.0733173076923077,0.0,0.0,0.008146367521367522,0.008146367521367522,0.9999999998798077,0.9999999998798077,0.33052884611411915,1.8533653843926243,0.07331730768349552,-0.07331730768349552
0.9000000000000001,-0.6,18206.85546875,377.0543212890625,inf,0.0,0.9,0.07091346153846154,0.07091346153846154,0.0,0.0,0.007879273504273504,0.007879273504273504,0.9999999998798077,0.9999999998798077,0.32572115380700467,1.8581730766997389,0.07091346152993828,-0.07091346152993828
1.0,-0.6,18890.037109375,384.51885986328125,inf,0.0,0.9,0.07211538461538461,0.07211538461538461,0.0,0.0,0.008012820512820512,0.008012820512820512,0.9999999998798077,0.9999999998798077,0.3317307691908978,1.8557692305461817,0.07211538460671689,-0.07211538460671689
-1.0,-0.5,18514.572265625,380.530517578125,inf,0.0,0.9,0.021634615384615384,0.021634615384615384,0.0,0.0,0.002403846153846154,0.002403846153846154,0.9999999998798077,0.9999999998798077,0.287259615350089,1.9567307689955853,0.02163461538201507,-0.02163461538201507
-0.9,-0.5,17816.958984375,372.85650634765625,inf,0.0,0.9,0.021634615384615384,0.021634615384615384,0.0,0.0,0.002403846153846154,0.002403846153846154,0.9999999998798077,0.9999999998798077,0.287259615350089,1.9567307689955853,0.02163461538201507,-0.02163461538201507
-0.8,-0.5,17173.587890625,365.68304443359375,inf,0.0,0.9,0.02283653846153846,0.02283653846153846,0.0,0.0,0.002537393162393162,0.002537393162393162,0.9999999998798077,0.9999999998798077,0.2980769230410965,1.9543269228420281,0.022836538458793684,-0.022836538458793684
-0.7,-0.5,16591.158203125,359.0789794921875,inf,0.0,0.9,0.02283653846153846,0.02283653846153846,0.0,0.0,0.002537393162393162,0.002537393162393162,0.9999999998798077,0.9999999998798077,0.3473557691890198,1.9541667764204202,0.2270830616927865,0.2270830616927865
-0.6,-0.5,16075.658203125,353.1190490722656,inf,0.0,0.9,0.021634615384615384,0.022304832713754646,0.0,0.030712530708757676,0.0024067388688327317,0.0024783147459727386,0.9999999998798077,0.9699519229603424,0.3317307691908978,1.9387425683005188,0.4497982794192682,0.4497982794192682
-0.5,-0.5,15634.0029296875,347.88250732421875,inf,0.0,0.9,0.020432692307692308,0.023578363384188627,0.0,0.1361963190016937,0.0022757697456492637,0.0026198181537987362,0.9999999998798077,0.8665865383573814,0.334134615344455,1.9012956629721305,0.5299092998074197,0.5299092998074197
-0.3999999999999999,-0.5,15270.2939453125,343.45001220703125,inf,0.0,0.9,0.02283653846153846,0.03177257525083612,0.0,0.2878228781933797,0.0025682616923492834,0.003530286138981791,0.9999999998798077,0.7187499999136118,0.4639423076365454,1.8023842457169772,0.5539619789881698,0.5539619789881698
-0.29999999999999993,-0.5,14986.830078125,339.8990783691406,inf,0.0,0.9,0.08173076923076923,0.043668122270742356,0.0,0.4267015706247773,0.03541915459739669,0.008450916773560703,0.9999999998798077,0.5504807691646058,0.558894230702056,1.6178782236197542,0.6320638528396436,0.6320638528396436
-0.19999999999999996,-0.5,14784.1474609375,337.2997131347656,inf,0.0,0.9,0.11177884615384616,0.1526479750778816,0.0,0.6319350472757869,0.030775250178235253,0.041975516621743036,0.9999999998798077,0.3858173076459354,0.5312499999361479,1.4583412978335475,0.620738336592217,0.620738336592217
-0.09999999999999998,-0.5,14662.73828125,335.7071838378906,inf,0.0,0.9,0.13341346153846154,0.298932384341637,0.0,0.7267683771530141,0.028915677145366397,0.0605279600124961,0.9999999998798077,0.33774038457479083,0.5480769230110485,1.3633573848475742,0.6009827941715671,0.6009827941715671
0.0,-0.5,14621.814453125,335.15789794921875,11.498412850769045,0.0,0.9,0.1346153846153846,0.2995391705069124,0.0,0.7888888887793211,0.029708912400360887,0.07897208803005903,0.9999999998798077,0.26081730766095945,0.4711538460972171,1.3617449086849953,0.5896344748935352,0.5896344748935352
0.10000000000000009,-0.5,14660.5322265625,335.66473388671875,11.619616969298939,0.0,0.9,0.13221153846153846,0.4396551724137931,0.0,0.9099722990429402,0.02789795915004069,0.10881226053639846,0.9999999998798077,0.13942307690631936,0.45192307686875927,1.3272138429993405,0.5635958423798937,0.5635958423798937
0.20000000000000018,-0.5,14780.0419921875,337.21588134765625,12.105334262162994,0.0,0.9,0.13822115384615385,0.3418803418803419,0.0,0.892608089136317,0.031526136791112956,0.10274231678486997,0.9999999998798077,0.14062499998309796,0.4146634614886222,1.3813278783156837,0.5890617546318345,0.5890617546318345
0.30000000000000004,-0.5,14981.416015625,339.77581787109375,13.216119297775082,0.0,0.9,0.12860576923076922,0.16822429906542055,0.0,0.754482758516623,0.03312930110315731,0.05511252879673932,0.9999999998798077,0.2572115384306236,0.40264423072083605,1.4789078946350291,0.6718419390928465,0.6718419390928465
0.40000000000000013,-0.5,15263.8759765625,343.2898254394531,14.771533999156395,0.0,0.9,0.11658653846153846,0.12987012987012986,0.0,0.5442176870007868,0.016294734375915186,0.014430014430014428,0.9999999998798077,0.4627403845597668,0.40024038456727884,1.5597255139526,0.7307316613316412,0.7307316613316412
0.5,-0.5,15625.830078125,347.6884765625,inf,0.0,0.9,0.11538461538461539,0.1076555023923445,0.0,0.4932065216721187,0.024504891174099652,0.029957777628845255,0.9999999998798077,0.5024038460934611,0.3834134614923782,1.5371104051439595,0.7093449597869631,0.7093449597869631
0.6000000000000001,-0.5,16065.1298828125,352.8944091796875,inf,0.0,0.9,0.07451923076923077,0.08097165991902834,0.0,0.11558441556940463,0.011911822315367663,0.01207460670737507,0.9999999998798077,0.8906249998929537,0.302884615348211,1.7995348948566912,0.8521452833064261,0.8521452833064261
0.7000000000000002,-0.5,16578.0390625,358.82696533203125,inf,0.0,0.9,0.07451923076923077,0.07451923076923077,0.0,0.0,0.00827991452991453,0.00827991452991453,0.9999999998798077,0.9999999998798077,0.2956730768875393,1.8509564954835527,2.520884244921573e-06,-2.520884244921573e-06
0.8,-0.5,17158.177734375,365.4068603515625,inf,0.0,0.9,0.07091346153846154,0.07091346153846154,0.0,0.0,0.007879273504273504,0.007879273504273504,0.9999999998798077,0.9999999998798077,0.30528846150176825,1.8581730766997389,0.07091346152993828,-0.07091346152993828
0.9000000000000001,-0.5,17799.087890625,372.55908203125,inf,0.0,0.9,0.07451923076923077,0.07451923076923077,0.0,0.0,0.00827991452991453,0.00827991452991453,0.9999999998798077,0.9999999998798077,0.33052884611411915,1.8509615382390672,0.07451923076027413,-0.07451923076027413
1.0,-0.5,18495.58203125,380.2144470214844,inf,0.0,0.9,0.07211538461538461,0.07211538461538461,0.0,0.0,0.008012820512820512,0.008012820512820512,0.9999999998798077,0.9999999998798077,0.32812499996056194,1.8557692305461817,0.07211538460671689,-0.07211538460671689
-1.0,-0.3999999999999999,18184.15625,376.8933410644531,inf,0.0,0.9,0.020432692307692308,0.020432692307692308,0.0,0.0,0.0022702991452991455,0.0022702991452991455,0.9999999998798077,0.9999999998798077,0.2908653845804248,1.9591346151491424,0.020432692305236456,-0.020432692305236456
-0.9,-0.3999999999999999,17475.408203125,369.0540466308594,inf,0.0,0.9,0.02283653846153846,0.02283653846153846,0.0,0.0,0.002537393162393162,0.002537393162393162,0.9999999998798077,0.9999999998798077,0.28966346150364625,1.9543269228420281,0.022836538458793684,-0.022836538458793684
-0.8,-0.3999999999999999,16822.6328125,361.7117004394531,inf,0.0,0.9,0.021634615384615384,0.021634615384615384,0.0,0.0,0.002403846153846154,0.002403846153846154,0.9999999998798077,0.9999999998798077,0.3112980768856613,1.9567307684224637,0.02043269259194171,-0.02043269259194171
-0.7,-0.3999999999999999,16232.4609375,354.9380187988281,inf,0.0,0.9,0.020432692307692308,0.020432692307692308,0.0,0.0,0.0022702991452991455,0.0022702991452991455,0.9999999998798077,0.9999999998798077,0.334134615344455,1.9590357395340858,0.29442162345935846,0.29442162345935846
-0.6,-0.3999999999999999,15711.4306640625,348.81207275390625,inf,0.0,0.9,0.02283653846153846,0.0231990231990232,0.0,0.015990159899632206,0.002537393162393162,0.002577669244335911,0.9999999998798077,0.9843749998816858,0.3353365384212336,1.9380336408884096,0.5164758060475818,0.5164758060475818
-0.5,-0.3999999999999999,15266.8251953125,343.418212890625,inf,0.0,0.9,0.02283653846153846,0.029185867895545316,0.0,0.2226322262948792,0.0025465755260688913,0.0032428742106161462,0.9999999998798077,0.7824519229828784,0.496394230709568,1.853121329843842,0.5655956137639034,0.5655956137639034
-0.3999999999999999,-0.3999999999999999,14901.357421875,338.8433532714844,inf,0.0,0.9,0.030048076923076924,0.037267080745341616,0.0,0.42379182150882383,0.008935624002088513,0.004140786749482402,0.9999999998798077,0.5805288460840711,0.6165865383874295,1.6940783421506818,0.6183389644338838,0.6183389644338838
-0.29999999999999993,-0.3999999999999999,14617.5126953125,335.1720275878906,inf,0.0,0.9,0.10096153846153846,0.059375,0.0,0.5975935828078084,0.04325749088476029,0.006597222222222222,0.9999999998798077,0.38461538456915684,0.6394230768462232,1.4591512551403725,0.623463600717016,0.623463600717016
-0.19999999999999996,-0.3999999999999999,14414.3955078125,332.4809265136719,8.628506153930925,0.0,0.9,0.14423076923076922,0.24603174603174602,0.0,0.8665730335861556,0.04282101534252969,0.06604938271604938,0.9999999998798077,0.1514423076741055,0.6406249999230018,1.245946596427365,0.5238291213551042,0.5238291213551042
-0.09999999999999998,-0.3999999999999999,14293.6201171875,330.8314208984375,6.065725279878661,0.0,0.9,0.21514423076923078,0.273224043715847,0.0,0.7963246553144986,0.07151649955331124,0.1271174477696217,0.9999999998798077,0.21995192305048655,0.6850961537638106,1.1201732811262661,0.4482713760908733,0.4482713760908733
0.0,-0.3999999999999999,14252.794921875,330.2640380859375,5.467996041711592,0.0,0.9,0.2848557692307692,0.40186915887850466,0.0,0.8924369746399267,0.09168578913873768,0.15964135021097048,0.9999999998798077,0.1286057692153118,0.7427884614491841,1.019963125423709,0.31859656619454246,0.31859656619454246
0.10000000000000009,-0.3999999999999999,14291.8212890625,330.7929992675781,5.291831929508445,0.0,0.9,0.27884615384615385,0.4246575342465753,0.0,0.929999999845,0.07978303943364716,0.1106060606060606,0.9999999998798077,0.0877403846048389,0.7536057691401916,1.055805838886376,0.30662479935155834,0.3051350095173345
0.20000000000000018,-0.3999999999999999,14411.2080078125,332.4049377441406,5.655405184451454,0.0,0.9,0.1346153846153846,0.5,0.0,0.9736111109758874,0.04079313121866313,0.11647727272727272,0.9999999998798077,0.045673076917587374,0.658653846074681,1.2077153771324742,0.44296835987731886,0.4301329755425794
0.30000000000000004,-0.3999999999999999,14612.357421875,335.06048583984375,6.04729592733347,0.0,0.9,0.10817307692307693,0.5,0.0,0.9770889486553789,0.0312350103262076,0.14285714285714285,0.9999999998798077,0.04086538461047291,0.47956730763466743,1.2644578541922529,0.4581783798533424,0.4581783798533424
0.40000000000000013,-0.3999999999999999,14894.59765625,338.6986083984375,7.080593311423227,0.0,0.9,0.125,0.06097560975609756,0.0,0.8942307691079354,0.027480160260466,0.035897435897435895,0.9999999998798077,0.09855769229584643,0.4242788461028511,1.3217554081347584,0.495904758867036,0.495904758867036
0.5,-0.3999999999999999,15258.4453125,343.2432861328125,9.842019115447227,0.0,0.9,0.08653846153846154,0.06329113924050633,0.0,0.7078947367489613,0.021408633606159536,0.0186951169991371,0.9999999998798077,0.28485576919653177,0.3978365384137216,1.4347633197666516,0.6222217273949213,0.6222217273949213
0.6000000000000001,-0.3999999999999999,15701.9130859375,348.6100769042969,inf,0.0,0.9,0.07572115384615384,0.08737864077669903,0.0,0.3888166449429367,0.016650887573964497,0.014925373134328358,0.9999999998798077,0.6189903845409868,0.32572115380700467,1.669837201094629,0.8047791294529186,0.8047791294529186
0.7000000000000002,-0.3999999999999999,16220.1689453125,354.7119445800781,inf,0.0,0.9,0.0733173076923077,0.07393939393939394,0.0,0.009079118027356795,0.008146367521367522,0.008215488215488216,0.9999999998798077,0.9915865383423574,0.302884615348211,1.8487204158366943,0.5900532538196557,0.5900532538196557
0.8,-0.3999999999999999,16808.35546875,361.4644470214844,inf,0.0,0.9,0.07211538461538461,0.07211538461538461,0.0,0.0,0.008012820512820512,0.008012820512820512,0.9999999998798077,0.9999999998798077,0.29447115381076067,1.8557692305461815,0.07211538460671689,-0.07211538460671689
0.9000000000000001,-0.3999999999999999,17459.4765625,368.7883605957031,inf,0.0,0.9,0.07091346153846154,0.07091346153846154,0.0,0.0,0.007879273504273504,0.007879273504273504,0.9999999998798077,0.9999999998798077,0.28485576919653177,1.8581730766997389,0.07091346152993828,-0.07091346152993828
1.0,-0.3999999999999999,18167.1640625,376.6114501953125,inf,0.0,0.9,0.06971153846153846,0.06971153846153846,0.0,0.0,0.007745726495726496,0.007745726495726496,0.9999999998798077,0.9999999998798077,0.3293269230373405,1.860576922853296,0.06971153845315968,-0.06971153845315968
-1.0,-0.29999999999999993,17922.93359375,373.9994812011719,inf,0.0,0.9,0.021634615384615384,0.021634615384615384,0.0,0.0,0.002403846153846154,0.002403846153846154,0.9999999998798077,0.9999999998798077,0.28966346150364625,1.9567307689955853,0.02163461538201507,-0.02163461538201507
-0.9,-0.29999999999999993,17205.216796875,366.0237731933594,inf,0.0,0.9,0.02283653846153846,0.02283653846153846,0.0,0.0,0.002537393162393162,0.002537393162393162,0.9999999998798077,0.9999999998798077,0.27403846150552424,1.9543269228420281,0.022836538458793684,-0.022836538458793684
-0.8,-0.29999999999999993,16544.98828125,358.54119873046875,inf,0.0,0.9,0.02283653846153846,0.02283653846153846,0.0,0.0,0.002537393162393162,0.002537393162393162,0.9999999998798077,0.9999999998798077,0.3293269230373405,1.9543269225554356,0.021634615525439924,-0.021634615525439924
-0.7,-0.29999999999999993,15949.2939453125,351.6260070800781,inf,0.0,0.9,0.021634615384615384,0.021634615384615384,0.0,0.0,0.002403846153846154,0.002403846153846154,0.9999999998798077,0.9999999998798077,0.2776442307358601,1.9566323375963506,0.3437007435533315,0.3437007435533315
-0.6,-0.29999999999999993,15425.248046875,345.3606872558594,inf,0.0,0.9,0.02283653846153846,0.023284313725490197,0.0,0.01968019679954733,0.002537393162393162,0.0025871459694989107,0.9999999998798077,0.9807692306513499,0.34855769226579836,1.9347453204685372,0.6554866050567124,0.6554866050567124
-0.5,-0.29999999999999993,14978.712890625,339.833984375,inf,0.0,0.9,0.021634615384615384,0.03272727272727273,0.0,0.34643734639478657,0.0024125452352231607,0.003636363636363637,0.9999999998798077,0.6610576922282383,0.5600961537788346,1.7755546238355036,0.7645350317351638,0.7645350317351638
-0.3999999999999999,-0.29999999999999993,14612.5576171875,335.13836669921875,9.117725668975917,0.0,0.9,0.07091346153846154,0.06382978723404255,0.0,0.6584734798630695,0.028768818258837554,0.0070921985815602835,0.9999999998798077,0.33894230765156946,0.6911057691477036,1.4315072759595722,0.6048448400205924,0.6048448400205924
-0.29999999999999993,-0.29999999999999993,14328.4619140625,331.3644104003906,5.515044389996579,0.0,0.9,0.19831730769230768,0.1450381679389313,0.0,0.8320839578962393,0.07386923192208163,0.01812977099236641,0.9999999998798077,0.15745192305799857,0.7007211537619326,1.1100378946444245,0.4089229470799153,0.4089229470799153
-0.19999999999999996,-0.29999999999999993,14126.69140625,328.5949401855469,4.005981414497259,0.0,0.9,0.4338942307692308,0.875,0.0,0.9936305730374457,0.20599501645200263,0.4388888888888889,0.9999999998798077,0.02884615384268676,0.7475961537562986,0.8450402120918857,0.21967111619020524,0.20183386822320842
-0.09999999999999998,-0.29999999999999993,14005.603515625,326.8968505859375,3.013544004440822,0.0,0.9,0.484375,0.9215686274509803,0.0,0.9906759904450638,0.25423600455035145,0.3533834586466166,0.9999999998798077,0.06129807691570937,0.7812499999060998,0.732764506194327,0.17129075804966848,0.1635927171520022
0.0,-0.29999999999999993,13965.130859375,326.3143310546875,2.911998139502809,0.0,0.9,0.5024038461538461,0.9074074074074074,0.0,0.9879227050753809,0.22099564511800895,0.46839916839916834,0.9999999998798077,0.06490384614604522,0.7968749999042218,0.720540341183334,0.1291791955834849,0.1291791955834849
0.10000000000000009,-0.29999999999999993,14004.046875,326.8629150390625,2.571688027039966,0.0,0.9,0.5228365384615384,0.8,0.0,0.9798488662519271,0.19658320503864246,0.3080916577157179,0.9999999998798077,0.048076923071144605,0.9122596152749688,0.7218256744356835,0.12334891676760573,0.10059129570121546
0.20000000000000018,-0.29999999999999993,14123.6083984375,328.5279541015625,2.6845530523523338,0.0,0.9,0.39903846153846156,0.8888888888888888,0.0,0.9959999998008,0.12389132128804088,0.47058823529411764,0.9999999998798077,0.021634615382015072,0.8846153845090607,0.8535899844371698,0.20306177402414624,0.16778205049050118
0.30000000000000004,-0.29999999999999993,14324.078125,331.2662048339844,3.3504125997604794,0.0,0.9,0.12860576923076922,0.875,0.0,0.9972413791727943,0.04672880097800422,0.2916666666666667,0.9999999998798077,0.01923076922845784,0.7139423076064974,1.1273133004076736,0.42028808093094133,0.4142022695389317
0.40000000000000013,-0.29999999999999993,14606.1328125,335.0111389160156,3.930331346649382,0.0,0.9,0.09615384615384616,0.8947368421052632,0.0,0.9973404253992899,0.033635388883372974,0.3148148148148148,0.9999999998798077,0.022836538458793687,0.5108173076309114,1.17991618186828,0.3929744225253716,0.3929744225253716
0.5,-0.29999999999999993,14970.4130859375,339.6805114746094,5.685800251872769,0.0,0.9,0.07572115384615384,0.2463768115942029,0.0,0.9323797137929286,0.024881657206904946,0.03125,0.9999999998798077,0.08293269229772444,0.4074519230279505,1.2977704441682807,0.48323389827411284,0.48323389827411284
0.6000000000000001,-0.29999999999999993,15415.0390625,345.1837463378906,10.065105067370286,0.0,0.9,0.055288461538461536,0.10975609756097561,0.0,0.8142493637640904,0.016824249165739713,0.022377254179281294,0.9999999998798077,0.19711538459169287,0.3449519230354625,1.4700747579103923,0.6472083125451479,0.6472083125451479
0.7000000000000002,-0.29999999999999993,15937.5537109375,351.42840576171875,inf,0.0,0.9,0.06971153846153846,0.07796101949025487,0.0,0.2054263565626064,0.008045498682202801,0.008675342008675343,0.9999999998798077,0.8016826922113363,0.30528846150176825,1.7666673860214845,0.8542917134965504,0.8542917134965504
0.8,-0.29999999999999993,16532.07421875,358.3254089355469,inf,0.0,0.9,0.07451923076923077,0.07451923076923077,0.0,0.0,0.00827991452991453,0.00827991452991453,0.9999999998798077,0.9999999998798077,0.2908653845804248,1.8509611460411202,0.11899019487458017,0.11899019487458017
0.9000000000000001,-0.29999999999999993,17190.955078125,365.7922058105469,inf,0.0,0.9,0.07451923076923077,0.07451923076923077,0.0,0.0,0.00827991452991453,0.00827991452991453,0.9999999998798077,0.9999999998798077,0.25120192304673056,1.8509615382390672,0.07451923076027413,-0.07451923076027413
1.0,-0.29999999999999993,17907.09765625,373.7543029785156,inf,0.0,0.9,0.0733173076923077,0.0733173076923077,0.0,0.0,0.008146367521367522,0.008146367521367522,0.9999999998798077,0.9999999998798077,0.32572115380700467,1.8533653843926243,0.07331730768349552,-0.07331730768349552
-1.0,-0.19999999999999996,17733.6015625,371.8869934082031,inf,0.0,0.9,0.021634615384615384,0.021634615384615384,0.0,0.0,0.002403846153846154,0.002403846153846154,0.9999999998798077,0.9999999998798077,0.28966346150364625,1.9567307689955853,0.02163461538201507,-0.02163461538201507
-0.9,-0.19999999999999996,17009.75,363.80902099609375,inf,0.0,0.9,0.021634615384615384,0.021634615384615384,0.0,0.0,0.002403846153846154,0.002403846153846154,0.9999999998798077,0.9999999998798077,0.22836538458793687,1.9567307689955853,0.02163461538201507,-0.02163461538201507
-0.8,-0.19999999999999996,16344.521484375,356.2210388183594,inf,0.0,0.9,0.02283653846153846,0.02283653846153846,0.0,0.0,0.002537393162393162,0.002537393162393162,0.9999999998798077,0.9999999998798077,0.3064903845785468,1.9543269219823447,0.020432692735366565,-0.020432692735366565
-0.7,-0.19999999999999996,15745.005859375,349.19903564453125,inf,0.0,0.9,0.021634615384615384,0.021634615384615384,0.0,0.0,0.002403846153846154,0.002403846153846154,0.9999999998798077,0.9999999998798077,0.287259615350089,1.9565636403702549,0.4157817225164356,0.4157817225164356
-0.6,-0.19999999999999996,15218.6611328125,342.8279113769531,inf,0.0,0.9,0.02283653846153846,0.022613065326633167,0.0,0.043050430499009786,0.002537393162393162,0.002512562814070352,0.9999999998798077,0.9567307691157776,0.381009615338821,1.9183474660659796,0.8634858182475953,0.8634858182475953
-0.5,-0.19999999999999996,14771.0009765625,337.20013427734375,9.592215207480162,0.0,0.9,0.02403846153846154,0.06375838926174497,0.0,0.6564039408058616,0.004344848807929512,0.007084265473527219,0.9999999998798077,0.3581730768800273,0.6153846153106509,1.555469132537333,0.734018906991525,0.734018906991525
-0.3999999999999999,-0.19999999999999996,14404.7373046875,332.4120178222656,5.124221487242364,0.0,0.9,0.1658653846153846,0.20430107526881722,0.0,0.8933717577963441,0.0828055199397981,0.057012068248023295,0.9999999998798077,0.1117788461404112,0.6730769229960244,1.1230159702511324,0.37749236956711285,0.37749236956711285
-0.29999999999999993,-0.19999999999999996,14120.9794921875,328.5594482421875,3.045537503363701,0.0,0.9,0.48677884615384615,0.8888888888888888,0.0,0.9906323182691728,0.19679764683666737,0.3619047619047619,0.9999999998798077,0.043269230764030144,0.7007211537619326,0.7480591490161349,0.07234341603003003,0.06537753517200019
-0.19999999999999996,-0.19999999999999996,13919.701171875,325.7298583984375,2.1219502340828376,0.0,0.9,0.5805288461538461,0.9712643678160919,0.0,0.9856733521531021,0.33509845425632157,0.49433106575963714,0.9999999998798077,0.20913461535947903,0.7776442306757639,0.5451965435409162,0.12430538586546239,0.06458379588666356
-0.09999999999999998,-0.19999999999999996,13798.9462890625,323.9947814941406,1.9499786025215975,0.0,0.9,0.6430288461538461,0.9166666666666666,0.0,0.9326599323459057,0.443517889344411,0.2897429392863182,0.9999999998798077,0.2884615384268676,0.8281249999004657,0.5121734368798512,0.07896117072465537,0.07846321970020771
0.0,-0.19999999999999996,13758.3701171875,323.40130615234375,1.579359766842191,0.0,0.9,0.6875,0.9835164835164835,0.0,0.9884615380813608,0.4629699429732612,0.6239648033126294,0.9999999998798077,0.21874999997370795,0.9507211537318845,0.43780671590796044,0.07143912845556337,0.038719306868159074
0.10000000000000009,-0.19999999999999996,13797.263671875,323.9659423828125,1.778876621060831,0.0,0.9,0.5877403846153846,0.7769230769230769,0.0,0.9154518947768361,0.336197977059441,0.45705397543632836,0.9999999998798077,0.15624999998121997,0.939903846040877,0.5851672814303726,0.09893121012679906,0.09878580259736407
0.20000000000000018,-0.19999999999999996,13916.861328125,325.67303466796875,1.6836390640887957,0.0,0.9,0.5877403846153846,0.7142857142857143,0.0,0.9708454807665173,0.3061250175829008,0.4270833333333333,0.9999999998798077,0.042067307687251525,0.933894230656984,0.5715954250430618,0.058393884035362775,-0.016658977897503167
0.30000000000000004,-0.19999999999999996,14117.333984375,328.47613525390625,2.099924759117048,0.0,0.9,0.35216346153846156,0.6,0.0,0.9888682743990969,0.12989361758924078,0.13846153846153847,0.9999999998798077,0.018028846151679226,0.883413461432282,0.8304679843560117,0.16625375570905737,0.11947488266722914
0.40000000000000013,-0.19999999999999996,14398.982421875,332.3042907714844,2.5463574470369683,0.0,0.9,0.1201923076923077,0.68,0.0,0.9890710381162472,0.04729373956530703,0.34,0.9999999998798077,0.030048076919465375,0.7716346152918708,0.9718066135121678,0.3011714252577392,0.3011714252577392
0.5,-0.19999999999999996,14763.294921875,337.0701904296875,3.921119604759276,0.0,0.9,0.046875,0.18518518518518517,0.0,0.9167717527217186,0.016665252114803478,0.030864197530864196,0.9999999998798077,0.09735576921906781,0.45192307686875927,1.2230802367757936,0.4422623411704529,0.4422623411704529
0.6000000000000001,-0.19999999999999996,15208.8232421875,342.6783142089844,8.477248750180175,0.0,0.9,0.02403846153846154,0.060498220640569395,0.0,0.6748768472075275,0.003902270568937236,0.006722024515618822,0.9999999998798077,0.33774038457479083,0.25841346150740224,1.5425431262727765,0.6974535829580693,0.6974535829580693
0.7000000000000002,-0.19999999999999996,15733.755859375,349.0321350097656,inf,0.0,0.9,0.04567307692307692,0.08056872037914692,0.0,0.755667506202057,0.007911332653600694,0.009994121105232215,0.9999999998798077,0.25360576920028777,0.25600961535384503,1.5601395302052212,0.7033017292482351,0.7033017292482351
0.8,-0.19999999999999996,16332.16796875,356.0390625,inf,0.0,0.9,0.07211538461538461,0.07230392156862746,0.0,0.019430051810954658,0.008051529790660227,0.008053508053508053,0.9999999998798077,0.9807692306513499,0.25841346150740224,1.8444314160143456,0.7248419104354028,0.7242838210725522
0.9000000000000001,-0.19999999999999996,16996.1640625,363.614013671875,inf,0.0,0.9,0.0733173076923077,0.0733173076923077,0.0,0.0,0.008146367521367522,0.008146367521367522,0.9999999998798077,0.9999999998798077,0.2776442307358601,1.8533653843922773,0.07331730768349552,-0.07331730768349552
1.0,-0.19999999999999996,17718.193359375,371.6807861328125,inf,0.0,0.9,0.07091346153846154,0.07091346153846154,0.0,0.0,0.007879273504273504,0.007879273504273504,0.9999999998798077,0.9999999998798077,0.26682692304485256,1.8581730766997389,0.07091346152993828,-0.07091346152993828
-1.0,-0.09999999999999998,17618.76953125,370.5851745605469,inf,0.0,0.9,0.020432692307692308,0.020432692307692308,0.0,0.0,0.0022702991452991455,0.0022702991452991455,0.9999999998798077,0.9999999998798077,0.28124999996619593,1.9591346151491424,0.020432692305236456,-0.020432692305236456
-0.9,-0.09999999999999998,16891.20703125,362.4436950683594,inf,0.0,0.9,0.021634615384615384,0.021634615384615384,0.0,0.0,0.002403846153846154,0.002403846153846154,0.9999999998798077,0.9999999998798077,0.19591346151491426,1.9567307689955853,0.02163461538201507,-0.02163461538201507
-0.8,-0.09999999999999998,16222.3173828125,354.7901306152344,inf,0.0,0.9,0.02283653846153846,0.02283653846153846,0.0,0.0,0.002537393162393162,0.002537393162393162,0.9999999998798077,0.9999999998798077,0.23076923074149408,1.9543268062085442,0.051682634120683,0.051682634120683
-0.7,-0.09999999999999998,15620.884765625,347.7013244628906,inf,0.0,0.9,0.02283653846153846,0.02283653846153846,0.0,0.0,0.002537393162393162,0.002537393162393162,0.9999999998798077,0.9999999998798077,0.35336538457291283,1.9535355367020149,0.6101798872187063,0.6101798872187063
-0.6,-0.09999999999999998,15093.451171875,341.2641296386719,13.42312215603195,0.0,0.9,0.02283653846153846,0.028528528528528527,0.0,0.20418204179530358,0.002537393162393162,0.003169836503169836,0.9999999998798077,0.8004807691345577,0.42548076917962974,1.8515708118636611,0.9209568297106421,0.9209568297106421
-0.5,-0.09999999999999998,14645.2275390625,335.5729064941406,4.929556698659641,0.0,0.9,0.055288461538461536,0.6818181818181818,0.0,0.9910941474566038,0.056059473204576146,0.40789473684210525,0.9999999998798077,0.026442307689129533,0.7295673076046193,1.1972025069009997,0.47814916383058753,0.47814916383058753
-0.3999999999999999,-0.09999999999999998,14279.09375,330.7269592285156,2.824622315906883,0.0,0.9,0.38341346153846156,0.8571428571428571,0.0,0.994152046589834,0.1560028075659219,0.21428571428571427,0.9999999998798077,0.025240384612350918,0.7319711537581766,0.8592941083265516,0.2013592839573944,0.052923723846006784
-0.29999999999999993,-0.09999999999999998,13995.109375,326.8250427246094,2.0603818734941703,0.0,0.9,0.5264423076923077,0.8292682926829268,0.0,0.9644670048313535,0.2748329510263953,0.23114816218264495,0.9999999998798077,0.09855769229584643,0.7632211537544206,0.6443513758964421,0.08498686761913964,0.0724080203885797
-0.19999999999999996,-0.09999999999999998,13793.1005859375,323.9580383300781,1.701955076110332,0.0,0.9,0.7139423076923077,0.9900990099009901,0.0,0.9873949575683215,0.4940539159094637,0.5318787878787878,0.9999999998798077,0.36418269226392036,0.9350961537337625,0.4111150868421565,0.07149191764218932,0.030964754619927534
-0.09999999999999998,-0.09999999999999998,13672.7412109375,322.20025634765625,1.4689978202280203,0.0,0.9,0.7944711538461539,0.967828418230563,0.0,0.9298245608597517,0.5710342693325772,0.5374038695758082,0.9999999998798077,0.4483173076384234,0.9807692306513499,0.29421513136614785,0.036232381589418314,0.004080587096185558
0.0,-0.09999999999999998,13632.2158203125,321.600830078125,1.2866686758689154,0.0,0.9,0.8269230769230769,0.9528795811518325,0.0,0.8749999993923612,0.6484197451827609,0.7822662617245697,0.9999999998798077,0.45913461532943095,0.9783653844977926,0.2704740508269479,0.028648874231834924,0.005577888456059284
0.10000000000000009,-0.09999999999999998,13671.4033203125,322.177001953125,1.386895485443223,0.0,0.9,0.8076923076923077,0.8804780876494024,0.0,0.8124999994921875,0.6376324934016067,0.7286985522791131,0.9999999998798077,0.3016826922714324,0.9783653844977926,0.30667208175292243,0.04588812160196078,-0.01061258413693867
0.20000000000000018,-0.09999999999999998,13790.9296875,323.91217041015625,1.8034904873107263,0.0,0.9,0.5685096153846154,0.7164179104477612,0.0,0.9470752086498397,0.4004768880716555,0.45429570429570426,0.9999999998798077,0.08052884614416721,0.930288461426648,0.6129680011756847,0.09446497346776937,0.06483365017556739
0.30000000000000004,-0.09999999999999998,13991.6103515625,326.7576904296875,1.8841387805523309,0.0,0.9,0.484375,0.3333333333333333,0.0,0.9953379951059818,0.21488832460150065,0.5,0.9999999998798077,0.003605769230335845,0.924278846042755,0.7021526950487378,0.08844320723995014,-0.043570898813232166
0.40000000000000013,-0.09999999999999998,14273.4619140625,330.64007568359375,2.3696992765220513,0.0,0.9,0.16706730769230768,0.14285714285714285,0.0,0.9913419911989406,0.05950683580680743,0.07142857142857142,0.9999999998798077,0.008413461537450305,0.783653846059657,0.9314697703186922,0.24227340592540816,0.24227340592540816
0.5,-0.09999999999999998,14637.4130859375,335.46820068359375,3.805581228619787,0.0,0.9,0.030048076923076924,0.05263157894736842,0.0,0.9330855017431121,0.008045450038205565,0.008771929824561403,0.9999999998798077,0.06850961537638106,0.4555288460990951,1.2356888290668289,0.4602068143377749,0.4602068143377749
0.6000000000000001,-0.09999999999999998,15083.91796875,341.1436767578125,7.691502328541648,0.0,0.9,0.02403846153846154,0.025210084033613446,0.0,0.7142857141977481,0.00584104831985053,0.0028011204481792717,0.9999999998798077,0.2860576922733104,0.33293269226767636,1.5136545104299302,0.6617810538258467,0.6617810538258467
0.7000000000000002,-0.09999999999999998,15610.1728515625,347.567138671875,inf,0.0,0.9,0.028846153846153848,0.02843601895734597,0.0,0.746287128620509,0.007299552483266485,0.008333333333333335,0.9999999998798077,0.25360576920028777,0.2800480768894173,1.5433769088693048,0.6763368428517716,0.6763368428517716
0.8,-0.09999999999999998,16210.689453125,354.6438903808594,inf,0.0,0.9,0.039663461538461536,0.036775106082036775,0.0,0.1476846057387128,0.004830917874396135,0.004377104377104377,0.9999999998798077,0.8497596152824809,0.2908653845804248,1.844299152462255,0.9033749708414859,0.9033749708414859
0.9000000000000001,-0.09999999999999998,16877.63671875,362.2872009277344,inf,0.0,0.9,0.06850961538461539,0.06909090909090909,0.0,0.009032258063350677,0.007648953301127214,0.007695423248278656,0.9999999998798077,0.9915865383423574,0.24999999996995192,1.8568151383541105,0.2633762170312205,0.2633762170312205
1.0,-0.09999999999999998,17603.853515625,370.41973876953125,inf,0.0,0.9,0.07091346153846154,0.07091346153846154,0.0,0.0,0.007879273504273504,0.007879273504273504,0.9999999998798077,0.9999999998798077,0.25120192304673056,1.8581730766997602,0.06971154203531404,-0.06971154203531404
-1.0,0.0,17578.23828125,370.113037109375,inf,0.0,0.9,0.02283653846153846,0.02283653846153846,0.0,0.0,0.002537393162393162,0.002537393162393162,0.9999999998798077,0.9999999998798077,0.28365384611975314,1.9543269228420281,0.022836538458793684,-0.022836538458793684
-0.9,0.0,16849.720703125,361.94964599609375,inf,0.0,0.9,0.02283653846153846,0.02283653846153846,0.0,0.0,0.002537393162393162,0.002537393162393162,0.9999999998798077,0.9999999998798077,0.20552884612914318,1.9543269228420281,0.022836538458793684,-0.022836538458793684
-0.8,0.0,16180.185546875,354.2734375,inf,0.0,0.9,0.02283653846153846,0.02283653846153846,0.0,0.0,0.002537393162393162,0.002537393162393162,0.9999999998798077,0.9999999998798077,0.21033653843625763,1.9543226499810347,0.2427863329037903,0.2427863329037903
-0.7,0.0,15577.6201171875,347.16192626953125,inf,0.0,0.9,0.02283653846153846,0.02283653846153846,0.0,0.0,0.002537393162393162,0.002537393162393162,0.9999999998798077,0.9999999998798077,0.2151442307433721,1.9487299928968806,0.934666926816784,0.934666926816784
-0.6,0.0,15050.037109375,340.70208740234375,8.511138887225108,0.0,0.9,0.028846153846153848,0.06451612903225806,0.0,0.7487623761449552,0.023128865799831807,0.007168458781362007,0.9999999998798077,0.26081730766095945,0.32572115380700467,1.6479084308032979,0.8022592339475237,0.8022592339475237
-0.5,0.0,14602.021484375,334.9894104003906,3.5106838213024227,0.0,0.9,0.06490384615384616,0.8,0.0,0.994858611697319,0.03735891255911818,0.2,0.9999999998798077,0.024038461535572302,0.7463942306795199,1.0841242848106472,0.38294994938597327,0.38294994938597327
-0.3999999999999999,0.0,14236.349609375,330.12408447265625,2.0767783867200706,0.0,0.9,0.5168269230769231,0.7586206896551724,0.0,0.9825870644321922,0.21301021627022285,0.15172413793103448,0.9999999998798077,0.03485576922657984,0.8329326922075803,0.7216309293471149,0.14590654791732394,-0.08524434766699512
-0.29999999999999993,0.0,13952.03125,326.2060546875,1.5744327185637228,0.0,0.9,0.6598557692307693,0.9770114942528736,0.0,0.992932861839953,0.32410261397957224,0.4852241847826087,0.9999999998798077,0.10456730767973951,0.9098557691214116,0.47279667069146164,0.04889631640011967,-0.02184370800296677
-0.19999999999999996,0.0,13748.9150390625,323.3273620605469,1.6641702615663896,0.0,0.9,0.734375,0.8813559322033898,0.0,0.8099547507647263,0.4201813321349687,0.3358844189383559,0.9999999998798077,0.42548076917962974,0.9411057691176556,0.39724162337973806,0.0633229002537985,0.04206833549952511
-0.09999999999999998,0.0,13628.0712890625,321.56329345703125,1.3288978969614291,0.0,0.9,0.8389423076923077,0.9572072072072072,0.0,0.8582089545834262,0.6267737373252054,0.5852146315751858,0.9999999998798077,0.5336538460897051,0.9855769229584643,0.26436504541642414,0.04162399847500557,-0.0029767423649036907
0.0,0.0,13588.041015625,320.9636535644531,1.2415768225237946,0.0,0.9,0.8461538461538461,0.9174311926605505,0.0,0.7187499994384766,0.681932273389463,0.6250541065771538,0.9999999998798077,0.5240384614754762,0.9735576921906782,0.24982385744423338,0.031761141070349753,-0.004598212150445495
0.10000000000000009,0.0,13627.5322265625,321.5458984375,1.5860541203344911,0.0,0.9,0.7151442307692307,0.861904761904762,0.0,0.8776371304313768,0.5340866658500684,0.6880590404894369,0.9999999998798077,0.2524038461235092,0.9675480768067851,0.41338297310899935,0.05431501972375201,0.038389722136364074
0.20000000000000018,0.0,13747.2685546875,323.29302978515625,1.7678535765594423,0.0,0.9,0.5396634615384616,0.6046511627906976,0.0,0.9556135767739912,0.35306119364206356,0.27884615384615385,0.9999999998798077,0.05168269230148045,0.9362980768105411,0.6270231947255093,0.08310203526476492,0.07279003836301218
0.30000000000000004,0.0,13948.30078125,326.1558532714844,2.1007002430494466,0.0,0.9,0.3473557692307692,0.0,0.0,0.987108655435155,0.13559707692144454,0.0,0.9999999998798077,0.008413461537450305,0.9038461537375185,0.8094908500897934,0.09604868936981084,0.09277158352520512
0.40000000000000013,0.0,14229.849609375,330.0592041015625,2.8206025420143708,0.0,0.9,0.0829326923076923,0.0,0.0,0.9724770640927292,0.03701995090443408,0.0,0.9999999998798077,0.025240384612350918,0.7403846152956268,1.059962469550889,0.3601516445360033,0.3601516445360033
0.5,0.0,14594.1484375,334.9112854003906,4.311885855591554,0.0,0.9,0.030048076923076924,0.02,0.0,0.9392812886072762,0.011353983257652984,0.004,0.9999999998798077,0.06009615383893075,0.43389423071708005,1.2786957679171695,0.4969790493391899,0.4969790493391899
0.6000000000000001,0.0,15040.634765625,340.6121826171875,8.209543935274485,0.0,0.9,0.015625,0.03463203463203463,0.0,0.7277167276278734,0.004469825155104343,0.003848003848003848,0.9999999998798077,0.2776442307358601,0.3593749999568059,1.5291366271143472,0.6762348845964578,0.6762348845964578
0.7000000000000002,0.0,15567.1728515625,347.0616455078125,inf,0.0,0.9,0.019230769230769232,0.034013605442176874,0.0,0.6519607842338284,0.0033219788297139067,0.00380517503805175,0.9999999998798077,0.35336538457291283,0.3245192307302261,1.6131857558818763,0.7275045309992381,0.7275045309992381
0.8,0.0,16168.3623046875,354.16436767578125,inf,0.0,0.9,0.037259615384615384,0.04497354497354497,0.0,0.5493133582335439,0.0069947728488869805,0.008642470721122406,0.9999999998798077,0.4543269230223165,0.3353365384212336,1.680548914576471,0.7901693723275502,0.7901693723275502
0.9000000000000001,0.0,16837.06640625,361.8328552246094,inf,0.0,0.9,0.04447115384615385,0.042821158690176324,0.0,0.04402515722716665,0.006121408808171587,0.006051919095397356,0.9999999998798077,0.9543269229622203,0.2548076922770664,1.8886006295073965,0.5588964457662728,0.5588964457662728
1.0,0.0,17565.59375,369.9894714355469,inf,0.0,0.9,0.0733173076923077,0.0733173076923077,0.0,0.0,0.008146367521367522,0.008146367521367522,0.9999999998798077,0.9999999998798077,0.2644230768912953,1.8530854085937734,0.04942938398549395,-0.04942938398549395
-1.0,0.10000000000000009,17612.552734375,370.47760009765625,inf,0.0,0.9,0.020432692307692308,0.020432692307692308,0.0,0.0,0.0022702991452991455,0.0022702991452991455,0.9999999998798077,0.9999999998798077,0.2788461538126387,1.9591346151491424,0.020432692305236456,-0.020432692305236456
-0.9,0.10000000000000009,16885.701171875,362.33502197265625,inf,0.0,0.9,0.02283653846153846,0.02283653846153846,0.0,0.0,0.002537393162393162,0.002537393162393162,0.9999999998798077,0.9999999998798077,0.19350961536135702,1.954326921409225,0.02163461609856151,-0.02163461609856151
-0.8,0.10000000000000009,16217.041015625,354.6805114746094,inf,0.0,0.9,0.02283653846153846,0.02283653846153846,0.0,0.0,0.002537393162393162,0.002537393162393162,0.9999999998798077,0.9999999998798077,0.20913461535947903,1.954299944667342,0.4663326739116453,0.4663326739116453
-0.7,0.10000000000000009,15614.982421875,347.5912780761719,inf,0.0,0.9,0.02283653846153846,0.02283653846153846,0.0,0.0,0.002537393162393162,0.002537393162393162,0.9999999998798077,0.9999999998798077,0.20312499997558595,1.937628578150609,0.9578190306020886,0.9578190306020886
-0.6,0.10000000000000009,15087.9482421875,341.15399169921875,6.365221341394143,0.0,0.9,0.030048076923076924,0.1,0.0,0.9442379180986075,0.02043341314028551,0.0394524959742351,0.9999999998798077,0.06009615383893075,0.2788461538126387,1.4945578283558976,0.6793993845169255,0.6793993845169255
-0.5,0.10000000000000009,14640.2001953125,335.4633483886719,3.031330140344326,0.0,0.9,0.08413461538461539,0.5,0.0,0.9737532807121059,0.04108958113164335,0.08333333333333333,0.9999999998798077,0.048076923071144605,0.6983173076083754,1.0216904717176727,0.31245835206653955,0.31245835206653955
-0.3999999999999999,0.10000000000000009,14274.115234375,330.6187744140625,1.84334293194635,0.0,0.9,0.5588942307692307,0.7931034482758621,0.0,0.9836512258900132,0.24220634771779104,0.19827586206896552,0.9999999998798077,0.03485576922657984,0.9122596152749688,0.6781217701657435,0.19327041306501666,-0.14568690173998367
-0.29999999999999993,0.10000000000000009,13989.474609375,326.71923828125,1.4718966645945366,0.0,0.9,0.7007211538461539,0.8888888888888888,0.0,0.9879518068321479,0.358613320005202,0.5238095238095238,0.9999999998798077,0.03245192307302261,0.9218749998891977,0.4385036396754397,0.08721780062630959,-0.07901831884956244
-0.19999999999999996,0.10000000000000009,13786.6640625,323.8556213378906,1.4354405567817063,0.0,0.9,0.703125,0.9346153846153846,0.0,0.9311740886918324,0.36305435362538113,0.5724003152137219,0.9999999998798077,0.31249999996243993,0.9531249998854417,0.4034050736794961,0.03962047948737504,0.028936720367385312
-0.09999999999999998,0.10000000000000009,13665.5068359375,322.1023254394531,1.356572214108474,0.0,0.9,0.78125,0.9528619528619529,0.0,0.923076922569738,0.46097929037207686,0.5473449158542564,0.9999999998798077,0.3569711538032487,0.9759615383442354,0.32489881577411445,0.03284454038840432,-0.01464748090955492
0.0,0.10000000000000009,13625.412109375,321.5084533691406,1.2358712734009307,0.0,0.9,0.8293269230769231,0.8975409836065574,0.0,0.823943661391589,0.6296985773960416,0.4246363892389353,0.9999999998798077,0.2932692307339821,0.9699519229603424,0.2872748364425546,0.05923761297513936,-0.040040339076085875
0.10000000000000009,0.10000000000000009,13665.0029296875,322.0910339355469,1.4638092496951527,0.0,0.9,0.7019230769230769,0.7623762376237624,0.0,0.903225806087409,0.4649756351119275,0.5601385977172141,0.9999999998798077,0.12139423075464012,0.9387019229640984,0.44133759484428464,0.049559000968243366,-0.005395558864240108
0.20000000000000018,0.10000000000000009,13785.0634765625,323.8333435058594,1.904317602767785,0.0,0.9,0.4519230769230769,0.47368421052631576,0.0,0.956140350667513,0.2605429349292246,0.1,0.9999999998798077,0.045673076917587374,0.9134615383517475,0.7247717282128374,0.08859799091935466,0.07753558620057459
0.30000000000000004,0.10000000000000009,13986.275390625,326.68646240234375,2.3995106402465436,0.0,0.9,0.22716346153846154,0.1,0.0,0.9860031102665625,0.09474406378493196,0.5,0.9999999998798077,0.012019230767786151,0.8653846152806028,0.9247854522177272,0.22433786678180087,0.22433786678180087
0.40000000000000013,0.10000000000000009,14268.48828125,330.5765075683594,3.3144820765312906,0.0,0.9,0.0733173076923077,0.0,0.0,0.968871595205075,0.032277452891487986,0.0,0.9999999998798077,0.02884615384268676,0.6742788460728031,1.155739540979023,0.41711011834978606,0.41711011834978606
0.5,0.10000000000000009,14632.6875,335.41241455078125,4.985011209141929,0.0,0.9,0.021634615384615384,0.015151515151515152,0.0,0.92014742003438,0.011344263623833529,0.001893939393939394,0.9999999998798077,0.07932692306738859,0.3629807691871417,1.3181735102007976,0.5107238059196751,0.5107238059196751
0.6000000000000001,0.10000000000000009,15079.056640625,341.09527587890625,9.58197281876031,0.0,0.9,0.019230769230769232,0.028225806451612902,0.0,0.704656862658743,0.0030865155837987834,0.0031362007168458782,0.9999999998798077,0.2980769230410965,0.3293269230373405,1.5593180035449734,0.6951432310962269,0.6951432310962269
0.7000000000000002,0.10000000000000009,15605.5,347.5257568359375,inf,0.0,0.9,0.010817307692307692,0.014084507042253521,0.0,0.6597812878906706,0.0013054830287206266,0.0015704750687082843,0.9999999998798077,0.3413461538051267,0.31730769226955435,1.6409370187516314,0.752864638526348,0.752864638526348
0.8,0.10000000000000009,16206.05859375,354.6091003417969,inf,0.0,0.9,0.006009615384615385,0.0070921985815602835,0.0,0.6614268439345312,0.004181875136195249,0.002204245848313645,0.9999999998798077,0.33894230765156946,0.3317307691908978,1.6628186119923059,0.7541027523348578,0.7541027523348578
0.9000000000000001,0.10000000000000009,16874.8984375,362.2584228515625,inf,0.0,0.9,0.037259615384615384,0.03234501347708895,0.0,0.10362047439405488,0.005204779649748945,0.003938946331856229,0.9999999998798077,0.8918269229697324,0.31249999996243993,1.8760423989009267,0.7045394738029792,0.7045394738029792
1.0,0.10000000000000009,17603.42578125,370.3966064453125,inf,0.0,0.9,0.06971153846153846,0.07013301088270858,0.0,0.006459948319578818,0.007820927723840345,0.007839956745066233,0.9999999998798077,0.9939903844959147,0.2632211538145167,1.857605857291962,0.05929727243926884,0.05929727243926884
-1.0,0.20000000000000018,17721.4375,371.67333984375,inf,0.0,0.9,0.021634615384615384,0.021634615384615384,0.0,0.0,0.002403846153846154,0.002403846153846154,0.9999999998798077,0.9999999998798077,0.2788461538126387,1.9567307689955853,0.02163461538201507,-0.02163461538201507
-0.9,0.20000000000000018,16998.5234375,363.5932922363281,inf,0.0,0.9,0.02283653846153846,0.02283653846153846,0.0,0.0,0.002537393162393162,0.002537393162393162,0.9999999998798077,0.9999999998798077,0.1826923076703495,1.9543269228420272,0.022836538458793684,-0.022836538458793684
-0.8,0.20000000000000018,16333.044921875,356.00384521484375,inf,0.0,0.9,0.02283653846153846,0.02283653846153846,0.0,0.0,0.002537393162393162,0.002537393162393162,0.9999999998798077,0.9999999998798077,0.20312499997558595,1.9543138831598101,0.34254156617679193,0.34254156617679193
-0.7,0.20000000000000018,15733.751953125,348.9810485839844,inf,0.0,0.9,0.020432692307692308,0.020432692307692308,0.0,0.0,0.0022702991452991455,0.0022702991452991455,0.9999999998798077,0.9999999998798077,0.2067307692059218,1.944328109842243,0.9383783475723007,0.9383783475723007
-0.6,0.20000000000000018,15207.6962890625,342.6101379394531,5.476636954508048,0.0,0.9,0.026442307692307692,0.0,0.0,0.9024691356910532,0.020075360160648006,0.0,0.9999999998798077,0.09495192306551059,0.26802884612163114,1.4851746482704422,0.6841552616625562,0.6841552616625562
-0.5,0.20000000000000018,14759.525390625,336.9837341308594,2.8221286960072414,0.0,0.9,0.07692307692307693,0.5483870967741935,0.0,0.9817708332054986,0.0410113337412946,0.1096774193548387,0.9999999998798077,0.037259615380137064,0.5973557691589717,0.9875031575988523,0.27104380076122697,0.27104380076122697
-0.3999999999999999,0.20000000000000018,14392.796875,332.19854736328125,1.945535699844052,0.0,0.9,0.4254807692307692,1.0,0.0,0.9999999997907949,0.1775077072328831,1.0,0.9999999998798077,0.020432692305236456,0.8894230768161752,0.7617499645739931,0.12407056647385017,-0.05355932574502542
-0.29999999999999993,0.20000000000000018,14108.59765625,328.3507080078125,1.6774483698409735,0.0,0.9,0.6021634615384616,1.0,0.0,0.9999999996978851,0.27474524831983094,1.0,0.9999999998798077,0.015624999998121995,0.9170673075820833,0.5736184335961482,0.093145672409661,-0.08079144476875977
-0.19999999999999996,0.20000000000000018,13906.0947265625,325.5279235839844,1.6484345804470582,0.0,0.9,0.6069711538461539,0.765625,0.0,0.95412844007519,0.2748379133238674,0.2723905723905724,0.9999999998798077,0.07692307691383136,0.9266826921963122,0.5413211373603093,0.05294109851239915,0.031458397818941455
-0.09999999999999998,0.20000000000000018,13784.67578125,323.8017272949219,1.6651953789191327,0.0,0.9,0.59375,0.6833333333333333,0.0,0.9437869819692938,0.24887615699033733,0.13898305084745763,0.9999999998798077,0.0721153846067169,0.9098557691214116,0.5693282850062703,0.07086409571491264,0.07086409571491264
0.0,0.20000000000000018,13744.6201171875,323.2190856933594,1.4538526789997173,0.0,0.9,0.7608173076923077,0.86,0.0,0.9648241201181789,0.46392451396120254,0.2859042553191489,0.9999999998798077,0.06009615383893075,0.9651442306532279,0.3877250586388752,0.10585740261077509,-0.09768739575154942
0.10000000000000009,0.20000000000000018,13784.1953125,323.7965087890625,1.6459288103699212,0.0,0.9,0.5829326923076923,0.5,0.0,0.9740634002956589,0.2887321987848168,0.24702380952380953,0.9999999998798077,0.021634615382015072,0.9134615383517475,0.5813322860297099,0.039756578248077115,-0.010304175467464552
0.20000000000000018,0.20000000000000018,13904.419921875,325.517578125,2.1067851894883054,0.0,0.9,0.3485576923076923,0.6,0.0,0.9889298891164336,0.153588649710037,0.2142857142857143,0.9999999998798077,0.018028846151679226,0.8846153845090607,0.8185299409535796,0.1144275883578074,0.11241075237552937
0.30000000000000004,0.20000000000000018,14106.0302734375,328.33544921875,2.6942099584059798,0.0,0.9,0.140625,0.0,0.0,0.9902097900712994,0.05727522406421733,0.0,0.9999999998798077,0.008413461537450305,0.799278846057779,1.03142219811434,0.33433229675912074,0.33433229675912074
0.40000000000000013,0.20000000000000018,14388.5830078125,332.1787109375,3.644895580570881,0.0,0.9,0.08653846153846154,0.0,0.0,0.9789473682922438,0.03728799300040382,0.0,0.9999999998798077,0.01923076922845784,0.5336538460897051,1.1748152963268248,0.39744848867554905,0.39744848867554905
0.5,0.20000000000000018,14753.14453125,336.95965576171875,5.630109706998987,0.0,0.9,0.028846153846153848,0.034482758620689655,0.0,0.8960396038495001,0.010932892153683586,0.0049261083743842365,0.9999999998798077,0.10456730767973951,0.30769230765532546,1.3491127831498984,0.5241932793042974,0.5241932793042974
0.6000000000000001,0.20000000000000018,15200.4228515625,342.5824890136719,9.987251424991959,0.0,0.9,0.02283653846153846,0.047619047619047616,0.0,0.7047970478837888,0.003046336379669713,0.005291005291005291,0.9999999998798077,0.302884615348211,0.24999999996995192,1.555644013777952,0.6939927556757391,0.6939927556757391
0.7000000000000002,0.20000000000000018,15726.375,348.9501037597656,inf,0.0,0.9,0.006009615384615385,0.004545454545454545,0.0,0.7351874243367368,0.0007925186241876684,0.0005265929436545551,0.9999999998798077,0.2644230768912953,0.26682692304485256,1.6100868022772419,0.7294853858077683,0.7294853858077683
0.8,0.20000000000000018,16325.5517578125,355.9701232910156,inf,0.0,0.9,0.008413461538461538,0.006153846153846154,0.0,0.6084848484110927,0.0021705577018237554,0.0008080808080808081,0.9999999998798077,0.3906249999530499,0.2956730768875393,1.668544614443511,0.7442255184280752,0.7442255184280752
0.9000000000000001,0.20000000000000018,16991.509765625,363.5570373535156,inf,0.0,0.9,0.02403846153846154,0.022935779816513763,0.0,0.21305418716588004,0.004671779159328193,0.0042832623287461305,0.9999999998798077,0.7860576922132142,0.30528846150176825,1.858900165905747,0.7781973659275924,0.7781973659275924
1.0,0.20000000000000018,17715.966796875,371.6348571777344,inf,0.0,0.9,0.06850961538461539,0.06991260923845194,0.0,0.038709677414360044,0.00784799669558034,0.007896221094190638,0.9999999998798077,0.9627403844996707,0.2800480768894173,1.847399681691127,0.23120828025932724,0.23120828025932724
-1.0,0.30000000000000004,17903.798828125,373.6828918457031,inf,0.0,0.9,0.021634615384615384,0.021634615384615384,0.0,0.0,0.002403846153846154,0.002403846153846154,0.9999999998798077,0.9999999998798077,0.28365384611975314,1.9567307689955853,0.02163461538201507,-0.02163461538201507
-0.9,0.30000000000000004,17187.189453125,365.7045593261719,inf,0.0,0.9,0.02283653846153846,0.02283653846153846,0.0,0.0,0.002537393162393162,0.002537393162393162,0.9999999998798077,0.9999999998798077,0.19350961536135702,1.9543269228420255,0.022836538458793684,-0.022836538458793684
-0.8,0.30000000000000004,16527.220703125,358.2202453613281,inf,0.0,0.9,0.02283653846153846,0.02283653846153846,0.0,0.0,0.002537393162393162,0.002537393162393162,0.9999999998798077,0.9999999998798077,0.2319711538182727,1.9543208908315244,0.35817007138464513,0.35817007138464513
-0.7,0.30000000000000004,15931.4970703125,351.3042907714844,inf,0.0,0.9,0.02283653846153846,0.02283653846153846,0.0,0.0,0.002537393162393162,0.002537393162393162,0.9999999998798077,0.9999999998798077,0.24879807689317332,1.946601826450677,0.8987686265077959,0.8987686265077959
-0.6,0.30000000000000004,15407.31640625,345.0396728515625,6.97011527788679,0.0,0.9,0.021634615384615384,0.058365758754863814,0.0,0.7027027026163756,0.002403846153846154,0.00648508430609598,0.9999999998798077,0.3088942307321041,0.240384615355723,1.6462445417488247,0.7993795887104677,0.7993795887104677
-0.5,0.30000000000000004,14960.26953125,339.5155334472656,3.1744318497831414,0.0,0.9,0.09615384615384616,0.0,0.0,0.9973404253992899,0.08648644954474502,0.0,0.9999999998798077,0.00240384615355723,0.4290865384099656,1.0207095456934496,0.25161210357826996,0.25161210357826996
-0.3999999999999999,0.30000000000000004,14593.85546875,334.8246154785156,2.37880284973764,0.0,0.9,0.15985576923076922,1.0,0.0,0.9999999998569385,0.12945608192830838,1.0,0.9999999998798077,0.00240384615355723,0.7487980768330772,0.9020340319910624,0.2332125622571664,0.23287129578350502
-0.29999999999999993,0.30000000000000004,14309.6796875,331.05810546875,2.061219428786166,0.0,0.9,0.3293269230769231,1.0,0.0,0.9999999998207886,0.16452568798902997,1.0,0.9999999998798077,0.001201923076778615,0.9062499998910758,0.8010956466671639,0.12889908289189664,0.12876339054206046
-0.19999999999999996,0.30000000000000004,14106.6767578125,328.2987365722656,1.781061250484334,0.0,0.9,0.515625,0.6060606060606061,0.0,0.9677419352437364,0.23622482916086218,0.15151515151515152,0.9999999998798077,0.039663461533694294,0.9254807691195336,0.6624470950905363,0.08824496489355245,0.0026404081026545866
-0.09999999999999998,0.30000000000000004,13985.111328125,326.6139831542969,1.7464731889041765,0.0,0.9,0.5769230769230769,0.7346938775510204,0.0,0.9630681815445828,0.24020980397725683,0.1836734693877551,0.9999999998798077,0.05889423076215214,0.930288461426648,0.5941401463632671,0.05124615791834599,-0.013770404809604158
0.0,0.30000000000000004,13944.5703125,326.04742431640625,1.6790311757557812,0.0,0.9,0.5805288461538461,0.7222222222222222,0.0,0.9856733521531021,0.22452029221194966,0.24074074074074073,0.9999999998798077,0.021634615382015072,0.9495192306551059,0.5877348807367937,0.07569984013112016,-0.04579194488093128
0.10000000000000009,0.30000000000000004,13985.025390625,326.6145324707031,1.9779001872431048,0.0,0.9,0.40024038461538464,0.0,0.0,0.9999999997995992,0.15229145310519374,0.0,0.9999999998798077,0.0,0.9158653845053046,0.746732858433768,0.05550954422524588,0.05550954422524588
0.20000000000000018,0.30000000000000004,14106.2646484375,328.2998962402344,2.398470640072612,0.0,0.9,0.17427884615384615,0.0,0.0,0.9999999998544397,0.05935617339276024,0.0,0.9999999998798077,0.0,0.8882211537393966,0.9400767888733748,0.26218098621791275,0.26218098621791275
0.30000000000000004,0.30000000000000004,14308.0263671875,331.0596618652344,2.978888250324611,0.0,0.9,0.10576923076923077,0.0,0.0,0.9959677418016173,0.04020306682343719,0.0,0.9999999998798077,0.003605769230335845,0.7067307691458257,1.0907503604102746,0.36052311529849157,0.36052311529849157
0.40000000000000013,0.30000000000000004,14591.171875,334.82666015625,3.9159342391222833,0.0,0.9,0.07451923076923077,0.07692307692307693,0.0,0.9844155842877382,0.032478141488496995,0.016666666666666666,0.9999999998798077,0.015624999998121995,0.3762019230317065,1.194865880037322,0.4078301961671653,0.4078301961671653
0.5,0.30000000000000004,14956.4111328125,339.5179748535156,5.708230708301884,0.0,0.9,0.028846153846153848,0.11224489795918367,0.0,0.8923267325628309,0.009806938097816508,0.012471655328798186,0.9999999998798077,0.11778846152430428,0.3365384614980122,1.3389014736102305,0.5229973440178634,0.5229973440178634
0.6000000000000001,0.30000000000000004,15404.240234375,345.0423889160156,10.45660927871888,0.0,0.9,0.021634615384615384,0.039603960396039604,0.0,0.7616707615771904,0.0026631158455392807,0.0044004400440044,0.9999999998798077,0.24278846150928024,0.27644230765908145,1.5117331959844995,0.6642911238972481,0.6642911238972481
0.7000000000000002,0.30000000000000004,15929.1748046875,351.3072509765625,inf,0.0,0.9,0.018028846153846152,0.02127659574468085,0.0,0.7747858016187533,0.0054587320725117995,0.002569043031470777,0.9999999998798077,0.22596153843437963,0.26081730766095945,1.566586423757996,0.6852694666502749,0.6852694666502749
0.8,0.30000000000000004,16525.20703125,358.2233581542969,inf,0.0,0.9,0.04567307692307692,0.05187319884726225,0.0,0.1712846347391329,0.005310971348707198,0.0057887120115774245,0.9999999998798077,0.8341346152843588,0.2704326922751884,1.8234873256761015,0.7303452963796423,0.7303452963796423
0.9000000000000001,0.30000000000000004,17185.8359375,365.70782470703125,inf,0.0,0.9,0.05048076923076923,0.05263157894736842,0.0,0.08860759492549271,0.00862841153202857,0.008491204330175913,0.9999999998798077,0.9134615383517475,0.2932692307339821,1.8613391527524137,0.5605969795319754,0.5605969795319754
1.0,0.30000000000000004,17903.869140625,373.6863098144531,inf,0.0,0.9,0.06129807692307692,0.06442953020134229,0.0,0.10755441739980097,0.011304351018639879,0.011715604871175523,0.9999999998798077,0.8954326922000683,0.3197115384231116,1.829179728963166,0.5076303388576265,0.5076303388576265
-1.0,0.40000000000000013,18157.6640625,376.4781188964844,inf,0.0,0.9,0.02283653846153846,0.02283653846153846,0.0,0.0,0.002537393162393162,0.002537393162393162,0.9999999998798077,0.9999999998798077,0.28966346150364625,1.9543269228420281,0.022836538458793684,-0.022836538458793684
-0.9,0.40000000000000013,17449.23046875,368.6361999511719,inf,0.0,0.9,0.021634615384615384,0.021634615384615384,0.0,0.0,0.002403846153846154,0.002403846153846154,0.9999999998798077,0.9999999998798077,0.2079326922827004,1.9567307689955853,0.02163461538201507,-0.02163461538201507
-0.8,0.40000000000000013,16796.466796875,361.2921447753906,inf,0.0,0.9,0.02283653846153846,0.02283653846153846,0.0,0.0,0.002537393162393162,0.002537393162393162,0.9999999998798077,0.9999999998798077,0.2752403845823029,1.9543235642534396,0.2848540933520372,0.2848540933520372
-0.7,0.40000000000000013,16206.61328125,354.5183410644531,inf,0.0,0.9,0.02283653846153846,0.02283653846153846,0.0,0.0,0.002537393162393162,0.002537393162393162,0.9999999998798077,0.9999999998798077,0.2632211538145167,1.9488812241578606,0.830193303896259,0.830193303896259
-0.6,0.40000000000000013,15686.607421875,348.3940734863281,11.157359477561515,0.0,0.9,0.02283653846153846,0.05521472392638037,0.0,0.6211562114857127,0.005794187833022785,0.006134969325153374,0.9999999998798077,0.3918269230298285,0.26923076919840977,1.7142401478715235,0.8366052709262752,0.8366052709262752
-0.5,0.40000000000000013,15241.9140625,343.0043640136719,4.836769690354269,0.0,0.9,0.0673076923076923,0.0,0.0,0.996134020490189,0.03485259358670581,0.0,0.9999999998798077,0.003605769230335845,0.35456730764969147,1.188341189002344,0.3918662630968279,0.3918662630968279
-0.3999999999999999,0.40000000000000013,14876.3623046875,338.436279296875,3.0408879926490626,0.0,0.9,0.12860576923076922,1.0,0.0,0.999999999862069,0.07940127091370361,1.0,0.9999999998798077,0.001201923076778615,0.4939903845560108,1.021274008754078,0.2594196387097615,0.25919056193831624
-0.29999999999999993,0.40000000000000013,14592.083984375,334.7751770019531,2.545975445456514,0.0,0.9,0.14783653846153846,0.0,0.0,0.9999999998589564,0.038377959356560215,0.0,0.9999999998798077,0.0,0.6718749999192458,0.9793950430959061,0.31354525721455384,0.31354525721455384
-0.19999999999999996,0.40000000000000013,14388.7841796875,332.0978088378906,2.3276684288557696,0.0,0.9,0.19471153846153846,0.0,0.0,0.9999999998507463,0.04864681054032744,0.0,0.9999999998798077,0.0,0.8665865383573814,0.9241566796737299,0.2984685425741506,0.2984685425741506
-0.09999999999999998,0.40000000000000013,14267.0146484375,330.46563720703125,2.2573643107266204,0.0,0.9,0.2283653846153846,0.2,0.0,0.9937694702501917,0.06070227649885308,0.08333333333333333,0.9999999998798077,0.006009615383893076,0.852163461436038,0.9176659725313561,0.2825725993785576,0.2825725993785576
0.0,0.40000000000000013,14226.6533203125,329.9190673828125,2.259138796007606,0.0,0.9,0.2091346153846154,0.5,0.0,0.9984802430093496,0.05166035115218537,0.25,0.9999999998798077,0.00240384615355723,0.8906249998929537,0.9245613380752571,0.3036800659818369,0.3036800659818369
0.10000000000000009,0.40000000000000013,14267.57421875,330.4718322753906,2.5211983083309173,0.0,0.9,0.17067307692307693,0.0,0.0,0.9956521737687462,0.04751346539418524,0.0,0.9999999998798077,0.003605769230335845,0.8257211537469086,1.00036097767321,0.3140818570126413,0.3140818570126413
0.20000000000000018,0.40000000000000013,14390.0048828125,332.10986328125,2.798738714843968,0.0,0.9,0.12259615384615384,0.0,0.0,0.9972602738359918,0.03336745998254228,0.0,0.9999999998798077,0.00240384615355723,0.7031249999154898,1.054408736537349,0.3343755162527198,0.3343755162527198
0.30000000000000004,0.40000000000000013,14593.150390625,334.79290771484375,3.0912975110166965,0.0,0.9,0.10336538461538461,0.0,0.0,0.9999999998659518,0.02404578491535013,0.0,0.9999999998798077,0.0,0.5036057691702397,1.0785965956056842,0.32469022725886165,0.32469022725886165
0.40000000000000013,0.40000000000000013,14877.9013671875,338.45916748046875,3.7173490421740976,0.0,0.9,0.06490384615384616,0.0,0.0,0.9974293057843922,0.021821015524842818,0.0,0.9999999998798077,0.00240384615355723,0.3677884614942562,1.137941374371763,0.3671072191626766,0.3671072191626766
0.5,0.40000000000000013,15243.845703125,343.0319519042969,6.671672659685019,0.0,0.9,0.02283653846153846,0.031914893617021274,0.0,0.8880688805795733,0.0082977727822078,0.003989361702127659,0.9999999998798077,0.11298076921718982,0.302884615348211,1.3520975832656563,0.5279933176268423,0.5279933176268423
0.6000000000000001,0.40000000000000013,15689.3994140625,348.42596435546875,12.604592593142632,0.0,0.9,0.015625,0.0,0.0,0.9133089131973983,0.005687168449218914,0.0,0.9999999998798077,0.08533653845128167,0.29687499996431793,1.4200282657796026,0.5630162983327549,0.5630162983327549
0.7000000000000002,0.40000000000000013,16210.9404296875,354.5538330078125,inf,0.0,0.9,0.046875,0.05218855218855219,0.0,0.29003783098486285,0.005214600882470919,0.005798728020950243,0.9999999998798077,0.7139423076064974,0.29206730765720346,1.777957202139729,0.8388999057176914,0.8388999057176914
0.8,0.40000000000000013,16801.2265625,361.3309326171875,inf,0.0,0.9,0.04927884615384615,0.04927884615384615,0.0,0.0,0.00547542735042735,0.00547542735042735,0.9999999998798077,0.9999999998798077,0.2908653845804248,1.8996947961608845,0.46786733762199356,0.46786733762199356
0.9000000000000001,0.40000000000000013,17454.70703125,368.677734375,inf,0.0,0.9,0.04927884615384615,0.049338146811071,0.0,0.0012642225030007304,0.00547542735042735,0.0054820163123412225,0.9999999998798077,0.9987980768030291,0.3004807691946538,1.9009626750278332,0.14273502341802752,0.14273502341802752
1.0,0.40000000000000013,18164.44921875,376.5221252441406,inf,0.0,0.9,0.055288461538461536,0.057001239157372985,0.0,0.03180661577203478,0.012468183830046754,0.013464683333987466,0.9999999998798077,0.9699519229603424,0.30769230765532546,1.8729525841151924,0.22928379744892424,0.22928379744892424
-1.0,0.5,18479.642578125,380.0219421386719,inf,0.0,0.9,0.02283653846153846,0.02283653846153846,0.0,0.0,0.002537393162393162,0.002537393162393162,0.9999999998798077,0.9999999998798077,0.28966346150364625,1.9543269228420281,0.022836538458793684,-0.022836538458793684
-0.9,0.5,17782.095703125,372.345703125,inf,0.0,0.9,0.02283653846153846,0.02283653846153846,0.0,0.0,0.002537393162393162,0.002537393162393162,0.9999999998798077,0.9999999998798077,0.25120192304673056,1.9543269228420281,0.022836538458793684,-0.022836538458793684
-0.8,0.5,17139.232421875,365.17132568359375,inf,0.0,0.9,0.021634615384615384,0.021634615384615384,0.0,0.0,0.002403846153846154,0.002403846153846154,0.9999999998798077,0.9999999998798077,0.25120192304673056,1.956730712087214,0.04086535623344247,0.04086535623344247
-0.7,0.5,16557.35546875,358.568115234375,inf,0.0,0.9,0.02283653846153846,0.02283653846153846,0.0,0.0,0.002537393162393162,0.002537393162393162,0.9999999998798077,0.9999999998798077,0.26802884612163114,1.9531429039474075,0.5727250230742146,0.5727250230742146
-0.6,0.5,16043.66015625,352.6114501953125,inf,0.0,0.9,0.021634615384615384,0.03015075376884422,0.0,0.28869778866232215,0.0024067388688327317,0.0033500837520938024,0.9999999998798077,0.7175480768368332,0.2632211538145167,1.8408354158166698,0.9121585084262362,0.9121585084262362
-0.5,0.5,15602.6220703125,347.38092041015625,8.792854681602066,0.0,0.9,0.03125,0.2692307692307692,0.0,0.9528535978966683,0.009354976308817972,0.03365384615384615,0.9999999998798077,0.06249999999248798,0.2620192307377381,1.3935426355495455,0.5683722621322355,0.5683722621322355
-0.3999999999999999,0.5,15239.0146484375,342.957763671875,5.100945763597274,0.0,0.9,0.07451923076923077,0.0,0.0,0.9987012985715973,0.03749221312646556,0.0,0.9999999998798077,0.001201923076778615,0.29927884611787514,1.1423714171763195,0.3226694798886063,0.3226694798886063
-0.29999999999999993,0.5,14955.3681640625,339.4200744628906,3.6086762224052777,0.0,0.9,0.1201923076923077,0.6666666666666666,0.0,0.9986338796449954,0.06297543832038453,0.3333333333333333,0.9999999998798077,0.003605769230335845,0.3834134614923782,1.077736556605988,0.28558496181275433,0.28558496181275433
-0.19999999999999996,0.5,14752.5400390625,336.8378601074219,2.928803072921514,0.0,0.9,0.12860576923076922,0.5,0.0,0.9986206895174317,0.036629811519192056,0.25,0.9999999998798077,0.00240384615355723,0.5144230768612472,1.0543277449543702,0.3671527537818539,0.3671527537818539
-0.09999999999999998,0.5,14630.7509765625,335.2665710449219,2.8897899625472703,0.0,0.9,0.1201923076923077,0.16666666666666666,0.0,0.993169398771425,0.026395668223726798,0.03333333333333333,0.9999999998798077,0.00721153846067169,0.5793269230072925,1.0941215376771611,0.43316575753640535,0.43316575753640535
0.0,0.5,14590.7216796875,334.74249267578125,3.0246622146343216,0.0,0.9,0.13942307692307693,0.08333333333333333,0.0,0.9846368713708609,0.033797591725989874,0.013888888888888888,0.9999999998798077,0.01442307692134338,0.5396634614735981,1.1170048114944184,0.42323890000647607,0.42323890000647607
0.10000000000000009,0.5,14632.1396484375,335.27783203125,3.239715111093613,0.0,0.9,0.09975961538461539,0.0,0.0,0.9639519357858543,0.023234333205668787,0.0,0.9999999998798077,0.03245192307302261,0.49278846147923216,1.1473985112417588,0.4460143515098097,0.4460143515098097
0.20000000000000018,0.5,14755.5634765625,336.8600158691406,3.406904579511801,0.0,0.9,0.10697115384615384,0.058823529411764705,0.0,0.9784656795452941,0.02192666008455482,0.00980392156862745,0.9999999998798077,0.020432692305236456,0.4783653845578888,1.1247446334055782,0.3842544949885025,0.3842544949885025
0.30000000000000004,0.5,14959.77734375,339.4526672363281,3.7916400691118772,0.0,0.9,0.0985576923076923,0.2,0.0,0.9893333332014222,0.026723534338646344,0.05555555555555555,0.9999999998798077,0.012019230767786151,0.40024038456727884,1.1030543131149124,0.3212312339925602,0.3212312339925602
0.40000000000000013,0.5,15244.9765625,343.0001220703125,5.13419301411855,0.0,0.9,0.10336538461538461,0.0,0.0,0.9865951741304833,0.03156753699459983,0.0,0.9999999998798077,0.012019230767786151,0.3161057691927758,1.1718100343788211,0.3409373272509726,0.3394826852328098
0.5,0.5,15610.3720703125,347.4321594238281,9.302285783076993,0.0,0.9,0.07091346153846154,0.0,0.0,0.9236739972931858,0.018067886765947706,0.0,0.9999999998798077,0.07091346152993828,0.2800480768894173,1.3294414371351178,0.49325827953556334,0.49325827953556334
0.6000000000000001,0.5,16052.2763671875,352.670654296875,inf,0.0,0.9,0.055288461538461536,0.036885245901639344,0.0,0.40203562335851967,0.010172063426704335,0.004098360655737705,0.9999999998798077,0.5865384614679642,0.29447115381076067,1.6814004305687498,0.7774945866951387,0.7774945866951387
0.7000000000000002,0.5,16567.7734375,358.6344299316406,inf,0.0,0.9,0.04927884615384615,0.05012224938875306,0.0,0.017699115042010227,0.00547542735042735,0.005569138820972562,0.9999999998798077,0.9831730768049072,0.2956730768875393,1.886831792302134,0.5778412988997722,0.5778412988997722
0.8,0.5,17150.42578125,365.2439880371094,inf,0.0,0.9,0.046875,0.046875,0.0,0.0,0.005208333333333333,0.005208333333333333,0.9999999998798077,0.9999999998798077,0.28485576919653177,1.9062116104944844,0.1790687475726368,0.1790687475726368
0.9000000000000001,0.5,17794.70703125,372.423828125,inf,0.0,0.9,0.04927884615384615,0.04927884615384615,0.0,0.0,0.00547542735042735,0.00547542735042735,0.9999999998798077,0.9999999998798077,0.3088942307321041,1.9014422960013615,0.04447115957260244,-0.04447115957260244
1.0,0.5,18493.19921875,380.10491943359375,inf,0.0,0.9,0.04807692307692308,0.04819277108433735,0.0,0.0025252525249336803,0.005354752342704151,0.0053676865271068165,0.9999999998798077,0.9975961537262505,0.24999999996995192,1.9026021244702422,0.029319965128494618,-0.026144574833206775
-1.0,0.6000000000000001,18867.955078125,384.2706604003906,inf,0.0,0.9,0.02283653846153846,0.02283653846153846,0.0,0.0,0.002537393162393162,0.002537393162393162,0.9999999998798077,0.9999999998798077,0.2884615384268676,1.9543269228420281,0.022836538458793684,-0.022836538458793684
-0.9,0.6000000000000001,18183.529296875,376.783447265625,inf,0.0,0.9,0.021634615384615384,0.021634615384615384,0.0,0.0,0.002403846153846154,0.002403846153846154,0.9999999998798077,0.9999999998798077,0.28966346150364625,1.9567307689955853,0.02163461538201507,-0.02163461538201507
-0.8,0.6000000000000001,17552.564453125,369.8016357421875,inf,0.0,0.9,0.02283653846153846,0.02283653846153846,0.0,0.0,0.002537393162393162,0.002537393162393162,0.9999999998798077,0.9999999998798077,0.20913461535947903,1.9543269228420281,0.022836538458793684,-0.022836538458793684
-0.7,0.6000000000000001,16981.021484375,363.390625,inf,0.0,0.9,0.02283653846153846,0.02283653846153846,0.0,0.0,0.002537393162393162,0.002537393162393162,0.9999999998798077,0.9999999998798077,0.2620192307377381,1.9543229618556015,0.20552687227095928,0.20552687227095928
-0.6,0.6000000000000001,16475.716796875,357.6214294433594,inf,0.0,0.9,0.021634615384615384,0.021634615384615384,0.0,0.0,0.002403846153846154,0.002403846153846154,0.9999999998798077,0.9999999998798077,0.25600961535384503,1.9482099083941873,0.7095918332715668,0.7095918332715668
-0.5,0.6000000000000001,16041.26171875,352.5679016113281,inf,0.0,0.9,0.021634615384615384,0.03563941299790356,0.0,0.43488943483600867,0.0024096385542168672,0.00395993477754484,0.9999999998798077,0.5733173076233994,0.26081730766095945,1.7701838983036484,0.8607168510965493,0.8607168510965493
-0.3999999999999999,0.6000000000000001,15681.65625,348.30450439453125,10.317962053598498,0.0,0.9,0.02403846153846154,0.13274336283185842,0.0,0.8793103447192968,0.00379482301918346,0.014749262536873158,0.9999999998798077,0.1358173076759835,0.2572115384306236,1.4648713191612248,0.6174801930381876,0.6174801930381876
-0.29999999999999993,0.6000000000000001,15400.0458984375,344.902099609375,6.706225893813005,0.0,0.9,0.039663461538461536,0.5,0.0,0.9987484354194308,0.019180104254263263,0.5,0.9999999998798077,0.00240384615355723,0.2752403845823029,1.2170894241400867,0.3869431135854088,0.3869431135854088
-0.19999999999999996,0.6000000000000001,15198.14453125,342.42340087890625,4.78772011155137,0.0,0.9,0.09975961538461539,0.0,0.0,0.9946595459286169,0.055863022745950994,0.0,0.9999999998798077,0.00480769230711446,0.2980769230410965,1.1188298123455735,0.3079311121379544,0.3079311121379544
-0.09999999999999998,0.6000000000000001,15076.994140625,340.9181213378906,4.151520990568416,0.0,0.9,0.09495192307692307,0.0,0.0,0.9960159361227071,0.024665026245627466,0.0,0.9999999998798077,0.003605769230335845,0.396634615336943,1.1608059833633853,0.4328075892212239,0.4328075892212239
0.0,0.6000000000000001,15037.4482421875,340.41802978515625,4.243588158169345,0.0,0.9,0.08653846153846154,0.3442622950819672,0.0,0.9473684209279779,0.017898195712836122,0.04918032786885246,0.9999999998798077,0.07331730768349552,0.46153846148298816,1.2384420972348944,0.5225175318641052,0.5225175318641052
0.10000000000000009,0.6000000000000001,15078.8984375,340.9339904785156,4.2542057260303645,0.0,0.9,0.08052884615384616,0.16923076923076924,0.0,0.9294117645843907,0.016261620389200128,0.018803418803418806,0.9999999998798077,0.07812499999060998,0.4639423076365454,1.2079191159659426,0.481557080601605,0.481557080601605
0.20000000000000018,0.6000000000000001,15202.0,342.4547424316406,4.847692819131893,0.0,0.9,0.10336538461538461,0.1935483870967742,0.0,0.9329758711886091,0.026547311431032363,0.027649769585253454,0.9999999998798077,0.07451923076027413,0.42548076917962974,1.2128647600096496,0.44567459717291613,0.44567459717291613
0.30000000000000004,0.6000000000000001,15406.1826171875,344.94830322265625,5.401364615046125,0.0,0.9,0.13822115384615385,0.0,0.0,0.9944211993034281,0.03650986926429121,0.0,0.9999999998798077,0.00480769230711446,0.3581730768800273,1.1231312575953911,0.3231795616778111,0.3231795616778111
0.40000000000000013,0.6000000000000001,15690.576171875,348.3645935058594,8.756600716062977,0.0,0.9,0.09975961538461539,0.0,0.0,0.8518024030905471,0.02991659940812483,0.0,0.9999999998798077,0.13341346152242628,0.3365384614980122,1.3467578181370843,0.5270033962310885,0.5270033962310885
0.5,0.6000000000000001,16052.41015625,352.6408386230469,inf,0.0,0.9,0.06370192307692307,0.03917050691244239,0.0,0.46469833113418507,0.01495262316098938,0.0043522785458269325,0.9999999998798077,0.5216346153219189,0.29447115381076067,1.6474097837697248,0.7514219337799443,0.7514219337799443
0.6000000000000001,0.6000000000000001,16489.20703125,357.7060241699219,inf,0.0,0.9,0.05048076923076923,0.05082592121982211,0.0,0.05443037973994552,0.006610955606939543,0.005647324579980234,0.9999999998798077,0.9459134614247701,0.29447115381076067,1.8675857292931473,0.7751094807964706,0.7751094807964706
0.7000000000000002,0.6000000000000001,16996.46484375,363.4857482910156,inf,0.0,0.9,0.04807692307692308,0.04807692307692308,0.0,0.0,0.005341880341880342,0.005341880341880342,0.9999999998798077,0.9999999998798077,0.287259615350089,1.9034100779260439,0.31710291129861595,0.31710291129861595
0.8,0.6000000000000001,17569.205078125,369.906005859375,inf,0.0,0.9,0.04927884615384615,0.04927884615384615,0.0,0.0,0.00547542735042735,0.00547542735042735,0.9999999998798077,0.9999999998798077,0.2548076922770664,1.9014421988515138,0.027644285071778563,-0.027644285071778563
0.9000000000000001,0.6000000000000001,18202.033203125,376.8961181640625,inf,0.0,0.9,0.04927884615384615,0.04927884615384615,0.0,0.0,0.00547542735042735,0.00547542735042735,0.9999999998798077,0.9999999998798077,0.27403846150552424,1.9014423071772075,0.04807692321456946,-0.04807692321456946
1.0,0.6000000000000001,18887.904296875,384.39044189453125,inf,0.0,0.9,0.04807692307692308,0.04807692307692308,0.0,0.0,0.005341880341880342,0.005341880341880342,0.9999999998798077,0.9999999998798077,0.24759615381639472,1.903829672685168,0.04447945135225839,-0.04447945135225839
-1.0,0.7000000000000002,19319.271484375,389.176025390625,inf,0.0,0.9,0.02283653846153846,0.02283653846153846,0.0,0.0,0.002537393162393162,0.002537393162393162,0.9999999998798077,0.9999999998798077,0.29206730765720346,1.9543269228420281,0.022836538458793684,-0.022836538458793684
-0.9,0.7000000000000002,18649.689453125,381.89556884765625,inf,0.0,0.9,0.021634615384615384,0.021634615384615384,0.0,0.0,0.002403846153846154,0.002403846153846154,0.9999999998798077,0.9999999998798077,0.28966346150364625,1.9567307689955853,0.02163461538201507,-0.02163461538201507
-0.8,0.7000000000000002,18032.94921875,375.1225891113281,inf,0.0,0.9,0.021634615384615384,0.021634615384615384,0.0,0.0,0.002403846153846154,0.002403846153846154,0.9999999998798077,0.9999999998798077,0.28365384611975314,1.9567307689955853,0.02163461538201507,-0.02163461538201507
-0.7,0.7000000000000002,17474.623046875,368.9187316894531,inf,0.0,0.9,0.021634615384615384,0.021634615384615384,0.0,0.0,0.002403846153846154,0.002403846153846154,0.9999999998798077,0.9999999998798077,0.2163461538201507,1.9567307689955853,0.02163461538201507,-0.02163461538201507
-0.6,0.7000000000000002,16979.86328125,363.3500061035156,inf,0.0,0.9,0.021634615384615384,0.021634615384615384,0.0,0.0,0.002403846153846154,0.002403846153846154,0.9999999998798077,0.9999999998798077,0.22836538458793687,1.9567184602571048,0.1814842280970989,0.1814842280970989
-0.5,0.7000000000000002,16554.12109375,358.4843444824219,inf,0.0,0.9,0.02283653846153846,0.02286401925391095,0.0,0.0012300122999717082,0.002537393162393162,0.0025404465837678834,0.9999999998798077,0.9987980768030291,0.25600961535384503,1.9502289507670425,0.6144528314045439,0.6144528314045439
-0.3999999999999999,0.7000000000000002,16201.2666015625,354.3892517089844,inf,0.0,0.9,0.02283653846153846,0.027576197387518143,0.0,0.1758917588959543,0.0025404465837678834,0.00306402193194646,0.9999999998798077,0.8281249999004657,0.26081730766095945,1.8718280672928482,0.9112277983255139,0.9112277983255139
-0.29999999999999993,0.7000000000000002,15923.4169921875,351.1285095214844,16.483359723574893,0.0,0.9,0.021634615384615384,0.09523809523809523,0.0,0.8132678131679032,0.0025477707006369425,0.010582010582010581,0.9999999998798077,0.20192307689880734,0.2596153845841809,1.565674975418101,0.7178596451734853,0.7178596451734853
-0.19999999999999996,0.7000000000000002,15723.76953125,348.7578125,11.20751871144269,0.0,0.9,0.04326923076923077,0.0625,0.0,0.9434673365648911,0.013773843817801832,0.012820512820512822,0.9999999998798077,0.05769230768537352,0.2644230768912953,1.363332166734956,0.5203238100643491,0.5203238100643491
-0.09999999999999998,0.7000000000000002,15603.712890625,347.3207092285156,8.737126173154826,0.0,0.9,0.04567307692307692,0.06521739130434782,0.0,0.9458438285962414,0.016951767597636475,0.008333333333333333,0.9999999998798077,0.055288461531816296,0.2728365384287456,1.2915667921954355,0.4671799224691051,0.4671799224691051
0.0,0.7000000000000002,15564.1513671875,346.84521484375,7.644807389947734,0.0,0.9,0.078125,0.0,0.0,0.9608865709307841,0.025081320179083932,0.0,0.9999999998798077,0.03605769230335845,0.31009615380888267,1.201959416119843,0.39135792169061207,0.39135792169061207
0.10000000000000009,0.7000000000000002,15606.2587890625,347.3407897949219,7.3961693488235065,0.0,0.9,0.08653846153846154,0.0,0.0,0.9763157893452217,0.024673895961024674,0.0,0.9999999998798077,0.021634615382015072,0.3365384614980122,1.184278960587624,0.3710308863738868,0.3710308863738868
0.20000000000000018,0.7000000000000002,15728.689453125,348.7974548339844,10.103677158396257,0.0,0.9,0.11057692307692307,0.0136986301369863,0.0,0.9027027025807159,0.041544982794982796,0.041666666666666664,0.9999999998798077,0.0877403846048389,0.35336538457291283,1.2916425415304955,0.4692479057430068,0.4692479057430068
0.30000000000000004,0.7000000000000002,15930.40625,351.18701171875,13.398958469905661,0.0,0.9,0.07932692307692307,0.01892744479495268,0.0,0.5939947779903402,0.03279650293679719,0.002103049421661409,0.9999999998798077,0.381009615338821,0.3353365384212336,1.5088624939247635,0.6585212823624429,0.6585212823624429
0.40000000000000013,0.7000000000000002,16211.5673828125,354.46563720703125,inf,0.0,0.9,0.051682692307692304,0.056402439024390245,0.0,0.21546261087256496,0.006746223727355802,0.006266937669376694,0.9999999998798077,0.7884615383667715,0.33894230765156946,1.7912749922999125,0.8272980401461052,0.8272980401461052
0.5,0.7000000000000002,16567.611328125,358.5771484375,inf,0.0,0.9,0.04807692307692308,0.048134777376654635,0.0,0.0012626262624668401,0.005341880341880342,0.00534830859740607,0.9999999998798077,0.9987980768030291,0.3088942307321041,1.8976536313125068,0.5896277963152641,0.5896277963152641
0.6000000000000001,0.7000000000000002,16996.53515625,363.4578857421875,inf,0.0,0.9,0.05048076923076923,0.05048076923076923,0.0,0.0,0.005608974358974359,0.005608974358974359,0.9999999998798077,0.9999999998798077,0.2980769230410965,1.8990161926511069,0.15984707837057152,0.15984707837057152
0.7000000000000002,0.7000000000000002,17494.021484375,369.0403137207031,inf,0.0,0.9,0.04927884615384615,0.04927884615384615,0.0,0.0,0.00547542735042735,0.00547542735042735,0.9999999998798077,0.9999999998798077,0.25120192304673056,1.9014423057759497,0.04326923148115443,-0.04326923148115443
0.8,0.7000000000000002,18054.751953125,375.2564392089844,inf,0.0,0.9,0.04807692307692308,0.04807692307692308,0.0,0.0,0.005341880341880342,0.005341880341880342,0.9999999998798077,0.9999999998798077,0.2956730768875393,1.9038461536173263,0.048076923071144605,-0.048076923071144605
0.9000000000000001,0.7000000000000002,18673.59765625,382.0404052734375,inf,0.0,0.9,0.04807692307692308,0.04807692307692308,0.0,0.0,0.005341880341880342,0.005341880341880342,0.9999999998798077,0.9999999998798077,0.28966346150364625,1.9038461536173263,0.048076923071144605,-0.048076923071144605
1.0,0.7000000000000002,19345.029296875,389.33056640625,inf,0.0,0.9,0.04807692307692308,0.04807692307692308,0.0,0.0,0.005341880341880342,0.005341880341880342,0.9999999998798077,0.9999999998798077,0.2932692307339821,1.9038461536173263,0.048076923071144605,-0.048076923071144605
-1.0,0.8,19828.84375,394.68792724609375,inf,0.0,0.9,0.02283653846153846,0.02283653846153846,0.0,0.0,0.002537393162393162,0.002537393162393162,0.9999999998798077,0.9999999998798077,0.287259615350089,1.9543269228420281,0.022836538458793684,-0.022836538458793684
-0.9,0.8,19176.05078125,387.6263122558594,inf,0.0,0.9,0.021634615384615384,0.021634615384615384,0.0,0.0,0.002403846153846154,0.002403846153846154,0.9999999998798077,0.9999999998798077,0.287259615350089,1.9567307689955853,0.02163461538201507,-0.02163461538201507
-0.8,0.8,18575.73046875,381.072509765625,inf,0.0,0.9,0.021634615384615384,0.021634615384615384,0.0,0.0,0.002403846153846154,0.002403846153846154,0.9999999998798077,0.9999999998798077,0.28966346150364625,1.9567307689955853,0.02163461538201507,-0.02163461538201507
-0.7,0.8,18032.306640625,375.0846862792969,inf,0.0,0.9,0.021634615384615384,0.021634615384615384,0.0,0.0,0.002403846153846154,0.002403846153846154,0.9999999998798077,0.9999999998798077,0.2860576922733104,1.9567307689955853,0.02163461538201507,-0.02163461538201507
-0.6,0.8,17550.9921875,369.7234191894531,inf,0.0,0.9,0.021634615384615384,0.021634615384615384,0.0,0.0,0.002403846153846154,0.002403846153846154,0.9999999998798077,0.9999999998798077,0.24158653843250164,1.9567307689955853,0.02163461538201507,-0.02163461538201507
-0.5,0.8,17136.234375,365.0507507324219,inf,0.0,0.9,0.021634615384615384,0.021634615384615384,0.0,0.0,0.002403846153846154,0.002403846153846154,0.9999999998798077,0.9999999998798077,0.20552884612914318,1.9567291069541382,0.057691476792822285,0.057691476792822285
-0.3999999999999999,0.8,16791.7265625,361.12744140625,inf,0.0,0.9,0.021634615384615384,0.021634615384615384,0.0,0.0,0.002403846153846154,0.002403846153846154,0.9999999998798077,0.9999999998798077,0.22836538458793687,1.9558317212074192,0.4154032330222028,0.4154032330222028
-0.29999999999999993,0.8,16519.79296875,358.01019287109375,inf,0.0,0.9,0.02283653846153846,0.023284313725490197,0.0,0.01968019679954733,0.002537393162393162,0.0025871459694989107,0.9999999998798077,0.9807692306513499,0.2632211538145167,1.9363989110182704,0.9110043198008154,0.9110043198008154
-0.19999999999999996,0.8,16323.4873046875,355.7481994628906,inf,0.0,0.9,0.027644230769230768,0.02729044834307992,0.0,0.3831891223259346,0.009566942719116631,0.003032272038119991,0.9999999998798077,0.6165865383874295,0.2644230768912953,1.7554374158115666,0.8534328179914331,0.8534328179914331
-0.09999999999999998,0.8,16206.0546875,354.3795166015625,inf,0.0,0.9,0.03125,0.020512820512820513,0.0,0.7630272951906915,0.016154406968266758,0.016473616473616472,0.9999999998798077,0.23437499997182995,0.26081730766095945,1.5942182648291927,0.730761680189089,0.730761680189089
0.0,0.8,16167.2421875,353.92852783203125,inf,0.0,0.9,0.021634615384615384,0.030303030303030304,0.0,0.9213759212627303,0.005707916118010756,0.004728132387706856,0.9999999998798077,0.07932692306738859,0.26923076919840977,1.485660610203926,0.630983724067999,0.630983724067999
0.10000000000000009,0.8,16208.6298828125,354.4033508300781,inf,0.0,0.9,0.036057692307692304,0.01845018450184502,0.0,0.6683291769740238,0.005035246727089627,0.0020652622883106154,0.9999999998798077,0.32572115380700467,0.2752403845823029,1.5618673703383972,0.6864894091747786,0.6864894091747786
0.20000000000000018,0.8,16328.9599609375,355.79522705078125,inf,0.0,0.9,0.05048076923076923,0.050488599348534204,0.0,0.26202531642252846,0.005684125050751117,0.005609844372059356,0.9999999998798077,0.7379807691420697,0.29927884611787514,1.7598304620661886,0.8321798283298596,0.8321798283298596
0.30000000000000004,0.8,16527.212890625,358.0797119140625,inf,0.0,0.9,0.04927884615384615,0.04860267314702309,0.0,0.010113780024005843,0.00547542735042735,0.005400297016335899,0.9999999998798077,0.9891826921888002,0.318509615346333,1.8908149984690676,0.7382270439946477,0.7382270439946477
0.40000000000000013,0.8,16802.38671875,361.21820068359375,inf,0.0,0.9,0.05048076923076923,0.05048076923076923,0.0,0.0,0.005608974358974359,0.005608974358974359,0.9999999998798077,0.9999999998798077,0.33774038457479083,1.8988817111126313,0.4554511926485847,0.4554511926485847
0.5,0.8,17150.908203125,365.16143798828125,inf,0.0,0.9,0.04567307692307692,0.04567307692307692,0.0,0.0,0.005074786324786324,0.005074786324786324,0.9999999998798077,0.9999999998798077,0.3245192307302261,1.9086532007339223,0.07572082914908461,0.07572082914908461
0.6000000000000001,0.8,17569.8828125,369.8524475097656,inf,0.0,0.9,0.04927884615384615,0.04927884615384615,0.0,0.0,0.00547542735042735,0.00547542735042735,0.9999999998798077,0.9999999998798077,0.3245192307302261,1.901442307177207,0.04807692321456946,-0.04807692321456946
0.7000000000000002,0.8,18055.458984375,375.2304992675781,inf,0.0,0.9,0.04807692307692308,0.04807692307692308,0.0,0.0,0.005341880341880342,0.005341880341880342,0.9999999998798077,0.9999999998798077,0.2860576922733104,1.9038461536173263,0.048076923071144605,-0.048076923071144605
0.8,0.8,18602.416015625,381.2334899902344,inf,0.0,0.9,0.04807692307692308,0.04807692307692308,0.0,0.0,0.005341880341880342,0.005341880341880342,0.9999999998798077,0.9999999998798077,0.29687499996431793,1.9038461536173263,0.048076923071144605,-0.048076923071144605
0.9000000000000001,0.8,19205.833984375,387.8007507324219,inf,0.0,0.9,0.04927884615384615,0.04927884615384615,0.0,0.0,0.00547542735042735,0.00547542735042735,0.9999999998798077,0.9999999998798077,0.3040865384249896,1.901442307463769,0.049278846147923216,-0.049278846147923216
1.0,0.8,19860.30859375,394.8746032714844,inf,0.0,0.9,0.04927884615384615,0.04927884615384615,0.0,0.0,0.00547542735042735,0.00547542735042735,0.9999999998798077,0.9999999998798077,0.30769230765532546,1.901442307463769,0.049278846147923216,-0.049278846147923216
-1.0,0.9000000000000001,20393.390625,400.7557067871094,inf,0.0,0.9,0.02283653846153846,0.02283653846153846,0.0,0.0,0.002537393162393162,0.002537393162393162,0.9999999998798077,0.9999999998798077,0.28966346150364625,1.9543269228420281,0.022836538458793684,-0.022836538458793684
-0.9,0.9000000000000001,19759.056640625,393.9198303222656,inf,0.0,0.9,0.02283653846153846,0.02283653846153846,0.0,0.0,0.002537393162393162,0.002537393162393162,0.9999999998798077,0.9999999998798077,0.287259615350089,1.9543269228420281,0.022836538458793684,-0.022836538458793684
-0.8,0.9000000000000001,19176.44140625,387.5908508300781,inf,0.0,0.9,0.02283653846153846,0.02283653846153846,0.0,0.0,0.002537393162393162,0.002537393162393162,0.9999999998798077,0.9999999998798077,0.28966346150364625,1.9543269228420281,0.022836538458793684,-0.022836538458793684
-0.7,0.9000000000000001,18649.166015625,381.82275390625,inf,0.0,0.9,0.021634615384615384,0.021634615384615384,0.0,0.0,0.002403846153846154,0.002403846153846154,0.9999999998798077,0.9999999998798077,0.29447115381076067,1.9567307689955853,0.02163461538201507,-0.02163461538201507
-0.6,0.9000000000000001,18182.447265625,376.6709289550781,inf,0.0,0.9,0.02283653846153846,0.02283653846153846,0.0,0.0,0.002537393162393162,0.002537393162393162,0.9999999998798077,0.9999999998798077,0.2884615384268676,1.9543269228420281,0.022836538458793684,-0.022836538458793684
-0.5,0.9000000000000001,17780.28515625,372.1916809082031,inf,0.0,0.9,0.02283653846153846,0.02283653846153846,0.0,0.0,0.002537393162393162,0.002537393162393162,0.9999999998798077,0.9999999998798077,0.2860576922733104,1.9543269228420281,0.022836538458793684,-0.022836538458793684
-0.3999999999999999,0.9000000000000001,17445.5078125,368.4393005371094,inf,0.0,0.9,0.02283653846153846,0.02283653846153846,0.0,0.0,0.002537393162393162,0.002537393162393162,0.9999999998798077,0.9999999998798077,0.2524038461235092,1.95432692054703,0.019230770375134393,-0.019230770375134393
-0.29999999999999993,0.9000000000000001,17180.59375,365.46405029296875,inf,0.0,0.9,0.020432692307692308,0.020432692307692308,0.0,0.0,0.0022702991452991455,0.0022702991452991455,0.9999999998798077,0.9999999998798077,0.20312499997558595,1.959124290821723,0.1286006059450461,0.1286006059450461
-0.19999999999999996,0.9000000000000001,16989.1875,363.30908203125,inf,0.0,0.9,0.020432692307692308,0.020432692307692308,0.0,0.0,0.0022702991452991455,0.0022702991452991455,0.9999999998798077,0.9999999998798077,0.22836538458793687,1.9588313639790464,0.5539362956488232,0.5539362956488232
-0.09999999999999998,0.9000000000000001,16875.376953125,362.0074768066406,inf,0.0,0.9,0.020432692307692308,0.020481927710843374,0.0,0.002453987729760247,0.00227303115389758,0.0022757697456492637,0.9999999998798077,0.9975961537262505,0.25600961535384503,1.954601335160617,0.8051048695763772,0.8051048695763772
0.0,0.9000000000000001,16838.23046875,361.580322265625,inf,0.0,0.9,0.02283653846153846,0.02461139896373057,0.0,0.0738007379983025,0.0025465755260688913,0.0027345998848589525,0.9999999998798077,0.9278846152730909,0.2632211538145167,1.9143954142670285,0.9270283277571948,0.9270283277571948
0.10000000000000009,0.9000000000000001,16878.279296875,362.0345458984375,inf,0.0,0.9,0.019230769230769232,0.015665796344647518,0.0,0.5379901960125012,0.004056551191409547,0.003480569319749028,0.9999999998798077,0.4603365384062096,0.2620192307377381,1.719217387859739,0.8080406456880572,0.8080406456880572
0.20000000000000018,0.9000000000000001,16995.470703125,363.3626403808594,inf,0.0,0.9,0.05048076923076923,0.05134474327628362,0.0,0.017721518985098543,0.005608974358974359,0.0057049714751426246,0.9999999998798077,0.9831730768049072,0.2644230768912953,1.8866110663611133,0.7631397420323671,0.7631397420323671
0.30000000000000004,0.9000000000000001,17188.802734375,365.5433654785156,inf,0.0,0.9,0.04807692307692308,0.04807692307692308,0.0,0.0,0.005341880341880342,0.005341880341880342,0.9999999998798077,0.9999999998798077,0.2620192307377381,1.9038406155197323,0.1490352909882525,0.1490352909882525
0.40000000000000013,0.9000000000000001,17456.7109375,368.5430603027344,inf,0.0,0.9,0.046875,0.046875,0.0,0.0,0.005208333333333333,0.005208333333333333,0.9999999998798077,0.9999999998798077,0.2596153845841809,1.9062499951859142,0.038461540750413255,-0.038461540750413255
0.5,0.9000000000000001,17795.740234375,372.3183898925781,inf,0.0,0.9,0.04807692307692308,0.04807692307692308,0.0,0.0,0.005341880341880342,0.005341880341880342,0.9999999998798077,0.9999999998798077,0.25120192304673056,1.9038461536173263,0.048076923071144605,-0.048076923071144605
0.6000000000000001,0.9000000000000001,18202.658203125,376.819091796875,inf,0.0,0.9,0.05048076923076923,0.05048076923076923,0.0,0.0,0.005608974358974359,0.005608974358974359,0.9999999998798077,0.9999999998798077,0.240384615355723,1.8990384613102118,0.050480769224701835,-0.050480769224701835
0.7000000000000002,0.9000000000000001,18674.091796875,381.990478515625,inf,0.0,0.9,0.05048076923076923,0.05048076923076923,0.0,0.0,0.005608974358974359,0.005608974358974359,0.9999999998798077,0.9999999998798077,0.2980769230410965,1.8990384613102118,0.050480769224701835,-0.050480769224701835
0.8,0.9000000000000001,19206.126953125,387.7765808105469,inf,0.0,0.9,0.04567307692307692,0.04567307692307692,0.0,0.0,0.005074786324786324,0.005074786324786324,0.9999999998798077,0.9999999998798077,0.302884615348211,1.9086538459244407,0.04567307691758737,-0.04567307691758737
0.9000000000000001,0.9000000000000001,19792.97265625,394.12176513671875,inf,0.0,0.9,0.05048076923076923,0.05048076923076923,0.0,0.0,0.005608974358974359,0.005608974358974359,0.9999999998798077,0.9999999998798077,0.31009615380888267,1.8990384613102118,0.050480769224701835,-0.050480769224701835
1.0,0.9000000000000001,20430.130859375,400.9721984863281,inf,0.0,0.9,0.05048076923076923,0.05048076923076923,0.0,0.0,0.005608974358974359,0.005608974358974359,0.9999999998798077,0.9999999998798077,0.2980769230410965,1.8990384613102118,0.050480769224701835,-0.050480769224701835
-1.0,1.0,21008.365234375,407.3301086425781,inf,0.0,0.9,0.021634615384615384,0.021634615384615384,0.0,0.0,0.002403846153846154,0.002403846153846154,0.9999999998798077,0.9999999998798077,0.2860576922733104,1.9567307689955853,0.02163461538201507,-0.02163461538201507
-0.9,1.0,20393.486328125,400.72271728515625,inf,0.0,0.9,0.02283653846153846,0.02283653846153846,0.0,0.0,0.002537393162393162,0.002537393162393162,0.9999999998798077,0.9999999998798077,0.28966346150364625,1.9543269228420281,0.022836538458793684,-0.022836538458793684
-0.8,1.0,19829.158203125,394.6198425292969,inf,0.0,0.9,0.02283653846153846,0.02283653846153846,0.0,0.0,0.002537393162393162,0.002537393162393162,0.9999999998798077,0.9999999998798077,0.28485576919653177,1.9543269228420281,0.022836538458793684,-0.022836538458793684
-0.7,1.0,19318.912109375,389.0709228515625,inf,0.0,0.9,0.02283653846153846,0.02283653846153846,0.0,0.0,0.002537393162393162,0.002537393162393162,0.9999999998798077,0.9999999998798077,0.28966346150364625,1.9543269228420281,0.022836538458793684,-0.022836538458793684
-0.6,1.0,18867.509765625,384.12677001953125,inf,0.0,0.9,0.02283653846153846,0.02283653846153846,0.0,0.0,0.002537393162393162,0.002537393162393162,0.9999999998798077,0.9999999998798077,0.2908653845804248,1.9543269228420281,0.022836538458793684,-0.022836538458793684
-0.5,1.0,18478.560546875,379.8377380371094,inf,0.0,0.9,0.021634615384615384,0.021634615384615384,0.0,0.0,0.002403846153846154,0.002403846153846154,0.9999999998798077,0.9999999998798077,0.2884615384268676,1.9567307689955853,0.02163461538201507,-0.02163461538201507
-0.3999999999999999,1.0,18154.611328125,376.2525634765625,inf,0.0,0.9,0.02283653846153846,0.02283653846153846,0.0,0.0,0.002537393162393162,0.002537393162393162,0.9999999998798077,0.9999999998798077,0.2884615384268676,1.9543269228420281,0.022836538458793684,-0.022836538458793684
-0.29999999999999993,1.0,17898.1015625,373.4154052734375,inf,0.0,0.9,0.021634615384615384,0.021634615384615384,0.0,0.0,0.002403846153846154,0.002403846153846154,0.9999999998798077,0.9999999998798077,0.2932692307339821,1.9567307689955853,0.02163461538201507,-0.02163461538201507
-0.19999999999999996,1.0,17713.646484375,371.3638916015625,inf,0.0,0.9,0.021634615384615384,0.021634615384615384,0.0,0.0,0.002403846153846154,0.002403846153846154,0.9999999998798077,0.9999999998798077,0.2620192307377381,1.9567307689955753,0.02163461538201507,-0.02163461538201507
-0.09999999999999998,1.0,17603.79296875,370.12701416015625,inf,0.0,0.9,0.021634615384615384,0.021634615384615384,0.0,0.0,0.002403846153846154,0.002403846153846154,0.9999999998798077,0.9999999998798077,0.23317307689505132,1.9567307580259725,0.01682692852013351,-0.01682692852013351
0.0,1.0,17568.193359375,369.7226257324219,inf,0.0,0.9,0.021634615384615384,0.021634615384615384,0.0,0.0,0.002403846153846154,0.002403846153846154,0.9999999998798077,0.9999999998798077,0.2079326922827004,1.9567278640318064,0.09254662231564868,0.09254662231564868
0.10000000000000009,1.0,17607.337890625,370.1568908691406,inf,0.0,0.9,0.021634615384615384,0.021897810218978103,0.0,0.01228501228350307,0.0024154589371980675,0.00243605359317905,0.9999999998798077,0.9879807691120216,0.23677884612538716,1.949927335596712,0.5113236017114783,0.5113236017114783
0.20000000000000018,1.0,17720.607421875,371.4232482910156,inf,0.0,0.9,0.039663461538461536,0.043596730245231606,0.0,0.12140175217504359,0.005740819131534526,0.006579991372701529,0.9999999998798077,0.8822115383555035,0.24879807689317332,1.858268041238066,0.7386770276881591,0.7386770276881591
0.30000000000000004,1.0,17907.607421875,373.5033264160156,inf,0.0,0.9,0.046875,0.046875,0.0,0.0,0.005208333333333333,0.005208333333333333,0.9999999998798077,0.9999999998798077,0.2319711538182727,1.9062499986245989,0.043269231337585104,-0.043269231337585104
0.40000000000000013,1.0,18166.572265625,376.3678283691406,inf,0.0,0.9,0.05048076923076923,0.05048076923076923,0.0,0.0,0.005608974358974359,0.005608974358974359,0.9999999998798077,0.9999999998798077,0.23677884612538716,1.8990384613102118,0.050480769224701835,-0.050480769224701835
0.5,1.0,18494.810546875,379.9788513183594,inf,0.0,0.9,0.046875,0.046875,0.0,0.0,0.005208333333333333,0.005208333333333333,0.9999999998798077,0.9999999998798077,0.26682692304485256,1.9062499997708835,0.046874999994365986,-0.046874999994365986
0.6000000000000001,1.0,18888.453125,384.2919616699219,inf,0.0,0.9,0.04927884615384615,0.04927884615384615,0.0,0.0,0.00547542735042735,0.00547542735042735,0.9999999998798077,0.9999999998798077,0.302884615348211,1.901442307463769,0.049278846147923216,-0.049278846147923216
0.7000000000000002,1.0,19344.671875,389.258544921875,inf,0.0,0.9,0.05048076923076923,0.05048076923076923,0.0,0.0,0.005608974358974359,0.005608974358974359,0.9999999998798077,0.9999999998798077,0.30769230765532546,1.8990384613102118,0.050480769224701835,-0.050480769224701835
0.8,1.0,19860.458984375,394.8280334472656,inf,0.0,0.9,0.05048076923076923,0.05048076923076923,0.0,0.0,0.005608974358974359,0.005608974358974359,0.9999999998798077,0.9999999998798077,0.3064903845785468,1.8990384613102118,0.050480769224701835,-0.050480769224701835
0.9000000000000001,1.0,20430.046875,400.9496765136719,inf,0.0,0.9,0.05048076923076923,0.05048076923076923,0.0,0.0,0.005608974358974359,0.005608974358974359,0.9999999998798077,0.9999999998798077,0.31009615380888267,1.8990384613102118,0.050480769224701835,-0.050480769224701835
1.0,1.0,21048.607421875,407.573974609375,inf,0.0,0.9,0.04807692307692308,0.04807692307692308,0.0,0.0,0.005341880341880342,0.005341880341880342,0.9999999998798077,0.9999999998798077,0.30528846150176825,1.9038461536173263,0.048076923071144605,-0.048076923071144605
