-1.0,-1.0,9756.767578125,86.89924621582031,2.9497266656301004,0.0,0.9,0.24375,1.0,0.0,0.9999999995867769,0.125534404366112,1.0,0.9999999996875,0.006249999998046874,0.6656249997919922,0.974608119382521,0.28541368870951617,0.2569101291796534
-0.9,-1.0,9442.8642578125,85.03453063964844,2.630747647122596,0.0,0.9,0.2875,0.0,0.0,0.9999999995614035,0.15612902795809805,0.0,0.9999999996875,0.0,0.7874999997539062,0.9247813448217216,0.26042042817672156,0.201057662692025
-0.8,-1.0,9151.7724609375,83.30696105957031,2.3586402421338355,0.0,0.9,0.303125,0.0,0.0,0.9999999995515695,0.16972362874257693,0.0,0.9999999996875,0.0,0.8187499997441405,0.8766718672489283,0.17476500979564963,0.16857847240009005
-0.7,-1.0,8886.2939453125,81.72992706298828,2.1107544953673076,0.0,0.9,0.35,0.0,0.0,0.9999999995192308,0.21448437184595945,0.0,0.9999999996875,0.0,0.8562499997324218,0.8210515026044127,0.15069473713343315,0.10347794728690629
-0.6,-1.0,8647.984375,80.31721496582031,1.8887238601594827,0.0,0.9,0.43125,0.0,0.0,0.9999999994505495,0.27279501453183647,0.0,0.9999999996875,0.0,0.9187499997128905,0.7496632120598431,0.15316919732809892,0.010464371744420227
-0.5,-1.0,8439.984375,79.08262634277344,1.6960590977011325,0.0,0.9,0.478125,0.0,0.0,0.9999999994011977,0.30416894597589,0.0,0.9999999996875,0.0,0.9781249996943359,0.6798379211901573,0.09465702325583958,-0.0593638935649797
-0.3999999999999999,-1.0,8264.009765625,78.0395278930664,1.5155518228688951,0.0,0.9,0.603125,0.0,0.0,0.9999999992125985,0.4084966906573967,0.0,0.9999999996875,0.0,0.9874999996914062,0.5933287183248949,0.1979632123026716,-0.18839072762082965
-0.29999999999999993,-1.0,8122.708984375,77.20026397705078,1.3762618743302313,0.0,0.9,0.728125,0.0,0.0,0.9999999988505748,0.5200954475993296,0.0,0.9999999996875,0.0,0.9906249996904296,0.5159685612635186,0.28810084761545857,-0.28810084761545857
-0.19999999999999996,-1.0,8018.4638671875,76.57550048828125,1.2767715675584406,0.0,0.9,0.759375,0.0,0.0,0.9999999987012987,0.5555090496322841,0.0,0.9999999996875,0.0,0.9937499996894531,0.4570481384510481,0.29292807042757374,-0.29292807042757374
-0.09999999999999998,-1.0,7952.50927734375,76.17369842529297,1.2167956824130486,0.0,0.9,0.746875,0.0,0.0,0.9999999987654322,0.5454778516414461,0.0,0.9999999996875,0.0,0.9874999996914062,0.4219022705006609,0.255316689615697,-0.255316689615697
0.0,-1.0,7926.1494140625,76.00054931640625,1.1838629485822625,0.0,0.9,0.7625,0.0,0.0,0.9999999986842106,0.5759781224214444,0.0,0.9999999996875,0.0,0.9843749996923827,0.3991260125552398,0.2562678239887531,-0.2562678239887531
0.10000000000000009,-1.0,7950.20703125,76.05850219726562,1.1498607882363048,0.0,0.9,0.8,1.0,0.0,0.9999999984375001,0.6406494612806904,1.0,0.9999999996875,0.003124999999023437,0.9843749996923827,0.37537765785857796,0.2733872983505354,-0.27227009368098326
0.20000000000000018,-1.0,8013.78515625,76.34673309326172,1.178769684104355,0.0,0.9,0.759375,1.0,0.0,0.9999999987012987,0.5919949647321053,1.0,0.9999999996875,0.003124999999023437,0.9749999996953125,0.387917286360288,0.22777386468802216,-0.22777386468802216
0.30000000000000004,-1.0,8115.66357421875,76.861083984375,1.188596201012927,0.0,0.9,0.76875,1.0,0.0,0.9999999986486487,0.604215858033592,1.0,0.9999999996875,0.006249999998046874,0.9687499996972656,0.38787151884839677,0.2334888023558473,-0.2334888023558473
0.40000000000000013,-1.0,8254.22265625,77.59444427490234,1.2466937531041498,0.0,0.9,0.765625,1.0,0.0,0.9999999986666668,0.6108118076675654,1.0,0.9999999996875,0.003124999999023437,0.971874999696289,0.41633950260925884,0.24240141382625136,-0.24240141382625136
0.5,-1.0,8427.919921875,78.53714752197266,1.3319403858825545,0.0,0.9,0.725,0.0,0.0,0.9999999988636364,0.5461803783540194,0.0,0.9999999996875,0.0,0.9593749997001952,0.45912755758946205,0.22594501452048787,-0.22389622929097702
0.6000000000000001,-1.0,8634.115234375,79.6775894165039,1.4798277320535307,0.0,0.9,0.653125,0.0,0.0,0.9999999990990992,0.4579300780290936,0.0,0.9999999996875,0.0,0.9624999996992187,0.537542367968358,0.1787771906925698,-0.1787771906925698
0.7000000000000002,-1.0,8870.1201171875,81.00287628173828,1.653443351101665,0.0,0.9,0.559375,0.0,0.0,0.9999999992907802,0.3514486235314516,0.0,0.9999999996875,0.0,0.9562499997011719,0.6231114832112015,0.1372091548377822,-0.11941640815522608
0.8,-1.0,9133.7021484375,82.49935150146484,1.912430105107721,0.0,0.9,0.434375,0.0,0.0,0.9999999994475138,0.2374974602775055,0.0,0.9999999996875,0.0,0.893749999720703,0.7258332803184767,0.06572724040202478,-0.022125825831856294
0.9000000000000001,-1.0,9422.8876953125,84.15315246582031,2.24963193208866,0.0,0.9,0.296875,0.0,0.0,0.9999999995555556,0.13358703949444786,0.0,0.9999999996875,0.0,0.7968749997509765,0.8360806274611253,0.11148055490999949,0.10475235225888514
1.0,-1.0,9734.9990234375,85.9507064819336,2.60740336925391,0.0,0.9,0.196875,0.0,0.0,0.9999999996108948,0.08389823011876392,0.0,0.9999999996875,0.0,0.6812499997871093,0.9240522561898956,0.2003860345032491,0.2003860345032491
-1.0,-0.9,9443.4853515625,85.01229858398438,2.6428930230851324,0.0,0.9,0.29375,1.0,0.0,0.9999999995575222,0.15963751974895563,1.0,0.9999999996875,0.003124999999023437,0.7031249997802734,0.9026192288615634,0.19901888508902088,0.18498705825473327
-0.9,-0.9,9118.109375,83.0859603881836,2.3682244304034556,0.0,0.9,0.303125,1.0,0.0,0.9999999995515695,0.16473034041202686,1.0,0.9999999996875,0.003124999999023437,0.7593749997626953,0.8618539905502045,0.17472475293750453,0.16829094713856432
-0.8,-0.9,8815.708984375,81.29756164550781,2.125949530997855,0.0,0.9,0.340625,0.0,0.0,0.9999999995260663,0.1932406654035778,0.0,0.9999999996875,0.0,0.8749999997265624,0.8110755154824922,0.15247111466919167,0.13188893026507376
-0.7,-0.9,8538.93359375,79.66162109375,1.8874319414307434,0.0,0.9,0.43125,0.0,0.0,0.9999999994505495,0.27232567833083293,0.0,0.9999999996875,0.0,0.9249999997109374,0.7438486552073417,0.1741429662080384,0.025061226682075954
-0.6,-0.9,8290.171875,78.19324493408203,1.6685280704578687,0.0,0.9,0.471875,0.0,0.0,0.9999999994082841,0.30717601907310105,0.0,0.9999999996875,0.0,0.9781249996943359,0.6653925537919909,0.12978974957485362,-0.018206724422119784
-0.5,-0.9,8072.2958984375,76.9077377319336,1.4917849480772039,0.0,0.9,0.590625,0.0,0.0,0.9999999992366413,0.40304922272552746,0.0,0.9999999996875,0.0,0.9937499996894531,0.5852905051330684,0.1599848101936023,-0.13381400848843575
-0.3999999999999999,-0.9,7887.8046875,75.82003021240234,1.3304773541430164,0.0,0.9,0.675,0.0,0.0,0.9999999990384616,0.49010202183346646,0.0,0.9999999996875,0.0,0.9937499996894531,0.5019000408886963,0.21745928930221448,-0.21622376933151946
-0.29999999999999993,-0.9,7739.48095703125,74.944091796875,1.1994556425529403,0.0,0.9,0.796875,0.0,0.0,0.9999999984615385,0.6171224704375451,0.0,0.9999999996875,0.0,0.9937499996894531,0.4200824701872928,0.3102753394450633,-0.30914741367050447
-0.19999999999999996,-0.9,7629.9228515625,74.29208374023438,1.1085924880515388,0.0,0.9,0.834375,0.0,0.0,0.9999999981132075,0.668374834882356,0.0,0.9999999996875,0.0,0.9937499996894531,0.36377883286896995,0.31814192834437943,-0.3172160334243431
-0.09999999999999998,-0.9,7560.70068359375,73.8736801147461,1.055685165272405,0.0,0.9,0.865625,0.0,0.0,0.9999999976744186,0.7140755590830127,0.0,0.9999999996875,0.0,0.9937499996894531,0.327117420887507,0.33248301756913357,-0.33050183788010296
0.0,-0.9,7538.5009765625,73.69538116455078,1.0314502986611551,0.0,0.9,0.884375,1.0,0.0,0.9999999972972973,0.7695831598087237,1.0,0.9999999996875,0.012499999996093749,0.9937499996894531,0.3082178866974924,0.3299259996307597,-0.3277581083082319
0.10000000000000009,-0.9,7558.32470703125,73.76002502441406,1.0023050703812972,0.0,0.9,0.89375,1.0,0.0,0.9999999970588235,0.7934225755581803,1.0,0.9999999996875,0.028124999991210934,0.9906249996904296,0.28489554649379384,0.311078943588167,-0.311078943588167
0.20000000000000018,-0.9,7625.19287109375,74.06656646728516,1.0071292914189987,0.0,0.9,0.884375,1.0,0.0,0.9999999972972973,0.7852858699131992,1.0,0.9999999996875,0.028124999991210934,0.9906249996904296,0.28945814334127956,0.2954812698263502,-0.2954812698263502
0.30000000000000004,-0.9,7732.4169921875,74.61014556884766,1.0422192007475655,0.0,0.9,0.85625,1.0,0.0,0.999999997826087,0.7381136005072175,1.0,0.9999999996875,0.02187499999316406,0.9843749996923827,0.3066475744748023,0.27406955576534814,-0.27406955576534814
0.40000000000000013,-0.9,7878.1943359375,75.38249206542969,1.0929142971801051,0.0,0.9,0.81875,1.0,0.0,0.9999999982758621,0.6911099620754353,1.0,0.9999999996875,0.006249999998046874,0.9812499996933594,0.33727463941550095,0.25307246325538024,-0.2518985084504367
0.5,-0.9,8060.1767578125,76.37252044677734,1.192347955698634,0.0,0.9,0.778125,0.0,0.0,0.9999999985915494,0.6249439906299662,0.0,0.9999999996875,0.0,0.9781249996943359,0.3927959641276838,0.24539578251617208,-0.24539578251617208
0.6000000000000001,-0.9,8276.060546875,77.56700134277344,1.3173217033136,0.0,0.9,0.725,0.0,0.0,0.9999999988636364,0.5337374889680327,0.0,0.9999999996875,0.0,0.9749999996953125,0.4640320749317664,0.23590487128697726,-0.23513333724743307
0.7000000000000002,-0.9,8522.380859375,78.95136260986328,1.5362999131979518,0.0,0.9,0.609375,0.0,0.0,0.9999999992,0.415699732972072,0.0,0.9999999996875,0.0,0.971874999696289,0.5726348653616707,0.17789872609348228,-0.17687063147651766
0.8,-0.9,8797.0078125,80.51043701171875,1.8281703344921962,0.0,0.9,0.4875,0.0,0.0,0.999999999390244,0.2915042247461708,0.0,0.9999999996875,0.0,0.9187499997128905,0.6908382773785239,0.10004199014179008,-0.08600400702141248
0.9000000000000001,-0.9,9097.302734375,82.22895050048828,2.1512507008409525,0.0,0.9,0.334375,0.0,0.0,0.9999999995305164,0.16429108822364297,0.0,0.9999999996875,0.0,0.793749999751953,0.7974454281838269,0.10796436311872867,0.0426234010033679
1.0,-0.9,9420.9462890625,84.09207153320312,2.5563829864394787,0.0,0.9,0.203125,0.0,0.0,0.9999999996078431,0.08380797783881169,0.0,0.9999999996875,0.0,0.7093749997783203,0.9035630867614522,0.1816857487765708,0.1816857487765708
-1.0,-0.8,9153.3115234375,83.26107025146484,2.413374852550374,0.0,0.9,0.340625,0.0,0.0,0.9999999995260663,0.19828834176171006,0.0,0.9999999996875,0.0,0.7531249997646484,0.8451546323080844,0.13412504050286267,0.1210063705921967
-0.9,-0.8,8816.4189453125,81.27376556396484,2.171666531044819,0.0,0.9,0.35,0.0,0.0,0.9999999995192308,0.20296043833333746,0.0,0.9999999996875,0.0,0.7968749997509765,0.8045177388398008,0.15466343520819595,0.11798493201806835
-0.8,-0.8,8502.486328125,79.4247817993164,1.911276254575378,0.0,0.9,0.41875,0.0,0.0,0.9999999994623656,0.2405797628570588,0.0,0.9999999996875,0.0,0.9281249997099609,0.7379043692998377,0.11965328746533431,0.048634178783330546
-0.7,-0.8,8214.5947265625,77.72976684570312,1.6963584799049225,0.0,0.9,0.484375,0.0,0.0,0.9999999993939395,0.3041806198451584,0.0,0.9999999996875,0.0,0.9906249996904296,0.6708916187097081,0.1334847825558482,-0.015210079713261158
-0.6,-0.8,7954.751953125,76.20519256591797,1.4962686954698285,0.0,0.9,0.5625,0.0,0.0,0.9999999992857144,0.3900102902507229,0.0,0.9999999996875,0.0,0.9937499996894531,0.5915056981328253,0.14983184770506963,-0.0872080917201818
-0.5,-0.8,7726.623046875,74.86795043945312,1.313725945901079,0.0,0.9,0.66875,0.0,0.0,0.9999999990566039,0.4871054189348018,0.0,0.9999999996875,0.0,0.9937499996894531,0.49590687640316516,0.17368753667046907,-0.17368753667046907
-0.3999999999999999,-0.8,7533.38916015625,73.73468017578125,1.1764716389919294,0.0,0.9,0.73125,0.0,0.0,0.9999999988372094,0.5745046546440655,0.0,0.9999999996875,0.0,0.9937499996894531,0.41599197775062374,0.21552821399181196,-0.21552821399181196
-0.29999999999999993,-0.8,7377.3427734375,72.82113647460938,1.0540821818297332,0.0,0.9,0.853125,0.0,0.0,0.9999999978723404,0.7087504418096523,0.0,0.9999999996875,0.0,0.9968749996884765,0.33659677558641327,0.31138837093917604,-0.31138837093917604
-0.19999999999999996,-0.8,7262.02880859375,72.14110565185547,0.9753507657484167,0.0,0.9,0.9,1.0,0.0,0.999999996875,0.7751146923415831,1.0,0.9999999996875,0.003124999999023437,0.9968749996884765,0.2807042980322483,0.324788809749498,-0.3239652465879178
-0.09999999999999998,-0.8,7194.5234375,71.70565795898438,0.9264435940466591,0.0,0.9,0.9375,1.0,0.0,0.9999999949999999,0.8550812244089555,1.0,0.9999999996875,0.009374999997070312,0.9968749996884765,0.24446850832911574,0.33472381755447833,-0.33472381755447833
0.0,-0.8,7171.1650390625,71.5222396850586,0.87890813977047,0.0,0.9,0.934375,1.0,0.0,0.9999999952380952,0.8538179216779718,1.0,0.9999999996875,0.03437499998925781,0.9968749996884765,0.21283029155809005,0.3018245329059712,-0.3006397781130068
0.10000000000000009,-0.8,7192.34375,71.59406280517578,0.8741672698663555,0.0,0.9,0.925,1.0,0.0,0.9999999958333333,0.8437470435917641,1.0,0.9999999996875,0.04687499998535156,0.9968749996884765,0.20925647412949253,0.28680355318980133,-0.281775356553945
0.20000000000000018,-0.8,7257.3134765625,71.91984558105469,0.8962794720684596,0.0,0.9,0.921875,1.0,0.0,0.999999996,0.8418086135856171,1.0,0.9999999996875,0.04687499998535156,0.9968749996884765,0.2217560763791504,0.2806967010126498,-0.2758568133300533
0.30000000000000004,-0.8,7370.12060546875,72.49392700195312,0.9156963642086556,0.0,0.9,0.928125,1.0,0.0,0.9999999956521739,0.8476609317570416,1.0,0.9999999996875,0.028124999991210934,0.9968749996884765,0.23613775569608278,0.3007778821531611,-0.3007778821531611
0.40000000000000013,-0.8,7523.35302734375,73.30671691894531,0.9839366716054462,0.0,0.9,0.903125,1.0,0.0,0.9999999967741935,0.8192430254930255,1.0,0.9999999996875,0.006249999998046874,0.9968749996884765,0.2781997799703833,0.3015858299079185,-0.3015858299079185
0.5,-0.8,7714.61181640625,74.34548950195312,1.0754519962750786,0.0,0.9,0.83125,0.0,0.0,0.9999999981481481,0.6874122400556454,0.0,0.9999999996875,0.0,0.9937499996894531,0.33040507565450694,0.2749866131088576,-0.27383041759917565
0.6000000000000001,-0.8,7940.3740234375,75.59526062011719,1.2189771885263398,0.0,0.9,0.79375,0.0,0.0,0.9999999984848486,0.6317970958806003,0.0,0.9999999996875,0.0,0.9874999996914062,0.4147456197842865,0.2927119189193212,-0.29159083389465124
0.7000000000000002,-0.8,8197.505859375,77.03965759277344,1.4595069593352514,0.0,0.9,0.6625,0.0,0.0,0.9999999990740741,0.4791504956310798,0.0,0.9999999996875,0.0,0.971874999696289,0.5375899769784289,0.23246080710642741,-0.2270582217923688
0.8,-0.8,8483.484375,78.6618423461914,1.7760236384907575,0.0,0.9,0.490625,0.0,0.0,0.9999999993865031,0.30137031819969,0.0,0.9999999996875,0.0,0.9281249997099609,0.6722331831534312,0.12963103007048957,-0.09672360287718162
0.9000000000000001,-0.8,8795.2626953125,80.4450912475586,2.1481427955152324,0.0,0.9,0.34375,0.0,0.0,0.9999999995238096,0.18101572859637377,0.0,0.9999999996875,0.0,0.7999999997499999,0.7935014072697973,0.11229023986657395,0.028611320395125824
1.0,-0.8,9129.8076171875,82.37337493896484,2.5409664122696607,0.0,0.9,0.196875,0.0,0.0,0.9999999996108948,0.0911995194827183,0.0,0.9999999996875,0.0,0.7249999997734374,0.9071901185467656,0.18503865563451322,0.18503865563451322
-1.0,-0.7,8888.5224609375,81.65899658203125,2.222508719816793,0.0,0.9,0.3875,0.0,0.0,0.9999999994897959,0.22355650803951863,0.0,0.9999999996875,0.0,0.793749999751953,0.7953445256435513,0.1114553364324022,0.07468381853180205
-0.9,-0.7,8540.4833984375,79.61246490478516,1.994470270321776,0.0,0.9,0.425,0.0,0.0,0.9999999994565217,0.260011862203401,0.0,0.9999999996875,0.0,0.8968749997197265,0.7462191058537359,0.0998269618532277,0.040352738357995487
-0.8,-0.7,8215.173828125,77.7042236328125,1.7513140804980103,0.0,0.9,0.484375,0.0,0.0,0.9999999993939395,0.3090776174367926,0.0,0.9999999996875,0.0,0.9843749996923827,0.6740728425611187,0.1212861275213579,-0.010554565017586011
-0.7,-0.7,7915.45654296875,75.95103454589844,1.5476608205253601,0.0,0.9,0.540625,0.0,0.0,0.9999999993197279,0.3670957270862054,0.0,0.9999999996875,0.0,0.9937499996894531,0.6012946902435619,0.1305980059533928,-0.0466365195631408
-0.6,-0.7,7644.7626953125,74.37077331542969,1.3512863604178151,0.0,0.9,0.659375,0.0,0.0,0.9999999990825689,0.4930566854673998,0.0,0.9999999996875,0.0,0.9999999996875,0.5158842802764777,0.20380625507207545,-0.14452123460823
-0.5,-0.7,7406.05908203125,72.9819107055664,1.2046770808564096,0.0,0.9,0.71875,0.0,0.0,0.9999999988888889,0.5536858320803478,0.0,0.9999999996875,0.0,0.9968749996884765,0.43801094853790806,0.18073119866956877,-0.1794881227864516
-0.3999999999999999,-0.7,7203.2080078125,71.8029556274414,1.0624956872156623,0.0,0.9,0.771875,0.0,0.0,0.9999999986301371,0.6309438459089078,0.0,0.9999999996875,0.0,0.9999999996875,0.35074316117979354,0.19988578974559984,-0.19988578974559984
-0.29999999999999993,-0.7,7039.2685546875,70.85149383544922,0.9485001612744425,0.0,0.9,0.88125,1.0,0.0,0.999999997368421,0.7528427891105505,1.0,0.9999999996875,0.009374999997070312,0.9968749996884765,0.27316888448034526,0.2810921839590609,-0.2810921839590609
-0.19999999999999996,-0.7,6923.2646484375,70.1431884765625,0.8730885331058562,0.0,0.9,0.928125,1.0,0.0,0.9999999956521739,0.8246912580181214,1.0,0.9999999996875,0.012499999996093749,0.9968749996884765,0.21709204677100155,0.29430268598347314,-0.29430268598347314
-0.09999999999999998,-0.7,6852.16552734375,69.69059753417969,0.8085989671158319,0.0,0.9,0.953125,1.0,0.0,0.9999999933333334,0.8848631102000918,1.0,0.9999999996875,0.049999999984374995,0.9999999996875,0.17147759192061043,0.2821694656364294,-0.28116947255774777
0.0,-0.7,6827.673828125,69.50220489501953,0.7778783761851388,0.0,0.9,0.95625,1.0,0.0,0.9999999928571429,0.8943545526012564,1.0,0.9999999996875,0.08124999997460937,0.9968749996884765,0.14866915838985456,0.2595076801673959,-0.25842402412335264
0.10000000000000009,-0.7,6849.9970703125,69.58167266845703,0.7719190085522509,0.0,0.9,0.95625,1.0,0.0,0.9999999928571429,0.8983496483496484,1.0,0.9999999996875,0.09374999997070312,0.9999999996875,0.14490449849820478,0.24698458269372808,-0.24698458269372808
0.20000000000000018,-0.7,6918.7939453125,69.92742919921875,0.774955734012604,0.0,0.9,0.953125,1.0,0.0,0.9999999933333334,0.8926340257609607,1.0,0.9999999996875,0.07187499997753906,0.9999999996875,0.14829306355869987,0.249952558282936,-0.24917690141371368
0.30000000000000004,-0.7,7032.35546875,70.53287506103516,0.8062841611776309,0.0,0.9,0.95625,1.0,0.0,0.9999999928571429,0.9063597210656033,1.0,0.9999999996875,0.05312499998339843,0.9999999996875,0.16987884209619447,0.2742206303074927,-0.2742206303074927
0.40000000000000013,-0.7,7193.8076171875,71.38697052001953,0.8596393532486497,0.0,0.9,0.921875,1.0,0.0,0.999999996,0.8404631214296041,1.0,0.9999999996875,0.009374999997070312,0.9999999996875,0.2056449829105361,0.2790909387237727,-0.2790909387237727
0.5,-0.7,7394.09765625,72.47518920898438,0.9825393718668517,0.0,0.9,0.88125,0.0,0.0,0.999999997368421,0.7678292194620794,0.0,0.9999999996875,0.0,0.9968749996884765,0.2829797456395767,0.30049666476323755,-0.2992821267429858
0.6000000000000001,-0.7,7630.32373046875,73.78060150146484,1.1339114677621391,0.0,0.9,0.803125,0.0,0.0,0.9999999984126984,0.6546632484290269,0.0,0.9999999996875,0.0,0.9968749996884765,0.37017333599816904,0.3056689368569741,-0.2937110785208931
0.7000000000000002,-0.7,7898.4990234375,75.28495788574219,1.4004429060273966,0.0,0.9,0.696875,0.0,0.0,0.9999999989690722,0.5250511282737197,0.0,0.9999999996875,0.0,0.9906249996904296,0.5089782523190332,0.2658127445211942,-0.26275948928886117
0.8,-0.7,8195.583984375,76.96967315673828,1.7407852063113098,0.0,0.9,0.521875,0.0,0.0,0.9999999993464053,0.34697490510854573,0.0,0.9999999996875,0.0,0.921874999711914,0.6556131979919432,0.14052579511701596,-0.1326327029151115
0.9000000000000001,-0.7,8518.3603515625,78.81658935546875,2.1176492267510194,0.0,0.9,0.365625,0.0,0.0,0.9999999995073892,0.2119433901151523,0.0,0.9999999996875,0.0,0.7999999997499999,0.7923989797488863,0.0499776717287176,0.00040848142054304877
1.0,-0.7,8863.984375,80.80846405029297,2.5335942715327042,0.0,0.9,0.215625,0.0,0.0,0.996015935858161,0.11061356506072749,0.0,0.9999999996875,0.003124999999023437,0.7156249997763672,0.9099479266729307,0.16327687185953937,0.1582838292317608
-1.0,-0.6,8651.0185546875,80.21996307373047,2.0697996440822175,0.0,0.9,0.440625,0.0,0.0,0.9999999994413408,0.2587607077390164,0.0,0.9999999996875,0.0,0.8031249997490234,0.7530085673129638,0.09196855911408325,0.011101180644809567
-0.9,-0.6,8292.61328125,78.11724090576172,1.8369642843971887,0.0,0.9,0.440625,0.0,0.0,0.9999999994413408,0.2757274330218788,0.0,0.9999999996875,0.0,0.9312499997089843,0.693987416009261,0.1139541014276676,0.0239326428687221
-0.8,-0.6,7956.38525390625,76.15242767333984,1.6080243981144753,0.0,0.9,0.534375,0.0,0.0,0.9999999993288591,0.3506823105913323,0.0,0.9999999996875,0.0,0.9843749996923827,0.6170488162955079,0.15415819032216824,-0.04213188228683049
-0.7,-0.6,7645.46435546875,74.34333801269531,1.412242718108295,0.0,0.9,0.634375,0.0,0.0,0.9999999991452992,0.4705880991266113,0.0,0.9999999996875,0.0,0.9968749996884765,0.538628653218902,0.197190714533449,-0.12235012757672586
-0.6,-0.6,7363.50927734375,72.70915985107422,1.2516884076597132,0.0,0.9,0.696875,0.0,0.0,0.9999999989690722,0.5384519530717671,0.0,0.9999999996875,0.0,0.9968749996884765,0.46184919525502527,0.18134889366269327,-0.14742635287885802
-0.5,-0.6,7114.22900390625,71.27003479003906,1.103180195679316,0.0,0.9,0.74375,0.0,0.0,0.9999999987804878,0.5966773066601265,0.0,0.9999999996875,0.0,0.9999999996875,0.3802344031465904,0.15747972622157697,-0.15672728348706716
-0.3999999999999999,-0.6,6901.44873046875,70.04633331298828,0.9732829495322963,0.0,0.9,0.7875,1.0,0.0,0.9999999985294119,0.6515195797476984,1.0,0.9999999996875,0.006249999998046874,0.9999999996875,0.29668742737487247,0.19377296496234586,-0.16880761193775298
-0.29999999999999993,-0.6,6734.3359375,69.05760955810547,0.8577847070798404,0.0,0.9,0.909375,1.0,0.0,0.9999999965517241,0.8001508280079709,1.0,0.9999999996875,0.009374999997070312,0.9999999996875,0.21691222885809627,0.2566622798536612,-0.2566622798536612
-0.19999999999999996,-0.6,6611.96484375,68.32144927978516,0.7825643144497268,0.0,0.9,0.959375,1.0,0.0,0.9999999923076924,0.9034373067408782,1.0,0.9999999996875,0.03749999998828125,0.9999999996875,0.16024817423405102,0.2637078646898694,-0.26198609531859884
-0.09999999999999998,-0.6,6537.09375,67.85206604003906,0.7245888684313488,0.0,0.9,0.971875,1.0,0.0,0.9999999888888891,0.9362470666336591,1.0,0.9999999996875,0.09062499997167968,0.9999999996875,0.1184953160150381,0.23776325362936063,-0.23776325362936063
0.0,-0.6,6511.22705078125,67.6590805053711,0.6968135813586808,0.0,0.9,0.978125,1.0,0.0,0.9999999857142858,0.9477022226515127,1.0,0.9999999996875,0.14374999995507812,0.9999999996875,0.09845007614504676,0.22008666111352113,-0.22008666111352113
0.10000000000000009,-0.6,6535.13916015625,67.74657440185547,0.6879908543317661,0.0,0.9,0.971875,1.0,0.0,0.9999999888888891,0.9345296739385409,1.0,0.9999999996875,0.19062499994042967,0.9999999996875,0.09281977255968674,0.20598390564282792,-0.20414802446711455
0.20000000000000018,-0.6,6608.33203125,68.11268615722656,0.6968242505898822,0.0,0.9,0.978125,1.0,0.0,0.9999999857142858,0.9444957580733443,1.0,0.9999999996875,0.19062499994042967,0.9999999996875,0.09903814317268195,0.22755445637856675,-0.22217753515159935
0.30000000000000004,-0.6,6728.3759765625,68.74976348876953,0.7200780366886798,0.0,0.9,0.990625,1.0,0.0,0.9999999666666678,0.9786928879739031,1.0,0.9999999996875,0.09374999997070312,0.9999999996875,0.11452761526780128,0.2624150071425647,-0.2624150071425647
0.40000000000000013,-0.6,6892.6748046875,69.64519500732422,0.7899281820621541,0.0,0.9,0.9625,1.0,0.0,0.9999999916666668,0.907482993197279,1.0,0.9999999996875,0.012499999996093749,0.9999999996875,0.16230395803106507,0.2870428779686016,-0.2870428779686016
0.5,-0.6,7102.396484375,70.78248596191406,0.8942040383788892,0.0,0.9,0.94375,0.0,0.0,0.9999999944444444,0.8647226131832044,0.0,0.9999999996875,0.0,0.9999999996875,0.2294573576943844,0.33795682805130906,-0.33795682805130906
0.6000000000000001,-0.6,7348.8212890625,72.1426773071289,1.0830595515123318,0.0,0.9,0.853125,0.0,0.0,0.9999999978723404,0.7226444725047211,0.0,0.9999999996875,0.0,0.9968749996884765,0.3444461451460003,0.33562205681050206,-0.3343987111804135
0.7000000000000002,-0.6,7627.6396484375,73.7055892944336,1.3668303216318993,0.0,0.9,0.703125,0.0,0.0,0.9999999989473685,0.5539713576048979,0.0,0.9999999996875,0.0,0.9843749996923827,0.4904897594624079,0.26623761264726636,-0.26623761264726636
0.8,-0.6,7935.7451171875,75.4509048461914,1.7158185615698591,0.0,0.9,0.5625,0.0,0.0,0.9999999992857144,0.40068597486358726,0.0,0.9999999996875,0.0,0.921874999711914,0.6436548977349739,0.1811132272041858,-0.17096201132717012
0.9000000000000001,-0.6,8269.5166015625,77.3590087890625,2.1506466435410223,0.0,0.9,0.390625,0.0,0.0,0.9999999994871795,0.24021078961296352,0.0,0.9999999996875,0.0,0.771874999758789,0.7995391894688593,0.09223937011774289,-0.015326498988877828
1.0,-0.6,8626.1640625,79.41154479980469,2.5888592202259892,0.0,0.9,0.23125,0.0,0.0,0.999999999593496,0.11929868101554848,0.0,0.9999999996875,0.0,0.6812499997871093,0.913884195750833,0.1622625065436107,0.13908363088862175
-1.0,-0.5,8443.501953125,78.95793151855469,1.9313561768498662,0.0,0.9,0.4375,0.0,0.0,0.9999999994444445,0.261520727616674,0.0,0.9999999996875,0.0,0.821874999743164,0.7146482962411762,0.09700993861209484,0.020194653559373325
-0.9,-0.5,8075.23681640625,76.80355072021484,1.7165979042056394,0.0,0.9,0.4875,0.0,0.0,0.999999999390244,0.31419775611953105,0.0,0.9999999996875,0.0,0.9031249997177734,0.6534961525770349,0.13454751926200514,-0.014175510531395513
-0.8,-0.5,7729.091796875,74.7863998413086,1.5021319565754028,0.0,0.9,0.584375,0.0,0.0,0.9999999992481203,0.41886867567539837,0.0,0.9999999996875,0.0,0.9937499996894531,0.573506302778177,0.1891055004623365,-0.08107368858838883
-0.7,-0.5,7407.83349609375,72.92524719238281,1.3395342082099262,0.0,0.9,0.659375,1.0,0.0,0.9999999990825689,0.500992277629941,1.0,0.9999999996875,0.003124999999023437,0.9999999996875,0.5030711608189985,0.18213642444947628,-0.12220686027564777
-0.6,-0.5,7115.2548828125,71.24056243896484,1.1614520317483763,0.0,0.9,0.74375,1.0,0.0,0.9999999987804878,0.6062451545377988,1.0,0.9999999996875,0.006249999998046874,0.9999999996875,0.4080450763322366,0.15732892942895646,-0.15732892942895646
-0.5,-0.5,6855.26806640625,69.75406646728516,1.020301810362549,0.0,0.9,0.78125,1.0,0.0,0.9999999985714286,0.6466631664230299,1.0,0.9999999996875,0.018749999994140624,0.9999999996875,0.32968724853683035,0.20299625924597922,-0.15412192312272957
-0.3999999999999999,-0.5,6637.802734375,68.48796081542969,0.8920232117585347,0.0,0.9,0.821875,1.0,0.0,0.999999998245614,0.7095903371248994,1.0,0.9999999996875,0.02187499999316406,0.9999999996875,0.24618495239205726,0.18604292803235786,-0.15783719383243108
-0.29999999999999993,-0.5,6462.23583984375,67.46382141113281,0.7981876094444204,0.0,0.9,0.9375,1.0,0.0,0.9999999949999999,0.8665434961863533,1.0,0.9999999996875,0.040624999987304684,0.9999999996875,0.17925926388281355,0.24002721389504023,-0.2397430893339152
-0.19999999999999996,-0.5,6332.646484375,66.7011947631836,0.7121057367954828,0.0,0.9,0.98125,1.0,0.0,0.9999999833333336,0.9558414405188599,1.0,0.9999999996875,0.09999999996874999,0.9999999996875,0.11457064710546931,0.23197540057427052,-0.23197540057427052
-0.09999999999999998,-0.5,6253.599609375,66.21599578857422,0.6580266701700025,0.0,0.9,0.990625,1.0,0.0,0.9999999666666678,0.975925925925926,1.0,0.9999999996875,0.2187499999316406,0.9999999996875,0.07491781331935442,0.2019657316365206,-0.20034285788209308
0.0,-0.5,6226.07568359375,66.01902770996094,0.6328437917025602,0.0,0.9,0.996875,1.0,0.0,0.9999999000000099,0.9951223544973544,1.0,0.9999999996875,0.27187499991503905,0.9999999996875,0.0575548476463473,0.18262625463671422,-0.18262625463671422
0.10000000000000009,-0.5,6252.009765625,66.11483001708984,0.6256919854910736,0.0,0.9,1.0,1.0,0.0,0.0,1.0,1.0,0.9999999996875,0.3374999998945312,0.9999999996875,0.05238450315069556,0.17918387396830548,-0.17918387396830548
0.20000000000000018,-0.5,6329.77197265625,66.50117492675781,0.625047242061433,0.0,0.9,1.0,1.0,0.0,0.0,1.0,1.0,0.9999999996875,0.31249999990234373,0.9999999996875,0.05169751359735088,0.18574856401337184,-0.18574856401337184
0.30000000000000004,-0.5,6456.66357421875,67.16930389404297,0.6635099159099469,0.0,0.9,0.99375,1.0,0.0,0.9999999500000026,0.9896069538926682,1.0,0.9999999996875,0.17187499994628905,0.9999999996875,0.07863390603961311,0.21591365258554876,-0.21591365258554876
0.40000000000000013,-0.5,6629.2724609375,68.10492706298828,0.7128257489690404,0.0,0.9,0.984375,1.0,0.0,0.9999999800000003,0.9594966839782507,1.0,0.9999999996875,0.024999999992187497,0.9999999996875,0.11164319912878705,0.26199636443684365,-0.26199636443684365
0.5,-0.5,6842.9814453125,69.28955841064453,0.8450573990610712,0.0,0.9,0.971875,0.0,0.0,0.9999999888888891,0.9317711679874349,0.0,0.9999999996875,0.0,0.9999999996875,0.19905547598739468,0.3447756889072765,-0.3447756889072765
0.6000000000000001,-0.5,7099.22509765625,70.70215606689453,1.0702071929513248,0.0,0.9,0.871875,0.0,0.0,0.9999999975609756,0.7551983819691693,0.0,0.9999999996875,0.0,0.9999999996875,0.3346736598779449,0.3473865631644002,-0.3473865631644002
0.7000000000000002,-0.5,7388.71142578125,72.32059478759766,1.3404273480312356,0.0,0.9,0.725,0.0,0.0,0.9999999988636364,0.5702075524027156,0.0,0.9999999996875,0.0,0.9874999996914062,0.4719146053099572,0.2830645033303784,-0.27844759620828363
0.8,-0.5,7707.7373046875,74.1229019165039,1.754997361369169,0.0,0.9,0.56875,0.0,0.0,0.9999999992753623,0.3981693211130034,0.0,0.9999999996875,0.0,0.9093749997158203,0.6479549676979893,0.1796286167321915,-0.1695814196602044
0.9000000000000001,-0.5,8052.2158203125,76.0881118774414,2.186354688786334,0.0,0.9,0.41875,0.0,0.0,0.9999999994623656,0.2543353548315878,0.0,0.9999999996875,0.0,0.7749999997578124,0.8070554054504049,0.1156501041402148,-0.03861613355153242
1.0,-0.5,8418.994140625,78.19681549072266,2.6124597980620834,0.0,0.9,0.2875,0.0,0.0,0.9999999995614035,0.14926966584861323,0.0,0.9999999996875,0.0,0.6906249997841797,0.918914808697806,0.14844733850560898,0.08118612509145218
-1.0,-0.3999999999999999,8269.2978515625,77.8864517211914,1.8027989503789574,0.0,0.9,0.465625,0.0,0.0,0.9999999994152047,0.27780888859596736,0.0,0.9999999996875,0.0,0.8312499997402343,0.670205417951932,0.14865390520327212,-0.005087603763360554
-0.9,-0.3999999999999999,7891.9169921875,75.68655395507812,1.620097032569983,0.0,0.9,0.5125,0.0,0.0,0.9999999993589744,0.3416610726448687,0.0,0.9999999996875,0.0,0.8874999997226561,0.6137899700231244,0.13720279352963297,-0.030017895559382266
-0.8,-0.3999999999999999,7536.6123046875,73.62301635742188,1.4238656474488955,0.0,0.9,0.61875,0.0,0.0,0.9999999991803279,0.46174360588303875,0.0,0.9999999996875,0.0,0.9968749996884765,0.53796133495232,0.14273194424910216,-0.09949264918537774
-0.7,-0.3999999999999999,7206.01708984375,71.71546173095703,1.268436001204461,0.0,0.9,0.6875,1.0,0.0,0.999999999,0.5285927556045199,1.0,0.9999999996875,0.003124999999023437,0.9999999996875,0.46269753157543786,0.1724948601530578,-0.12119258551280866
-0.6,-0.3999999999999999,6903.80419921875,69.9854965209961,1.1037003057992238,0.0,0.9,0.75625,1.0,0.0,0.9999999987179488,0.6220132812050105,1.0,0.9999999996875,0.018749999994140624,0.9999999996875,0.3751846946702604,0.15093184861341194,-0.1420442600382172
-0.5,-0.3999999999999999,6639.4052734375,68.45632934570312,0.9572438048602508,0.0,0.9,0.80625,1.0,0.0,0.9999999983870967,0.685670966028109,1.0,0.9999999996875,0.04374999998632812,0.9999999996875,0.28930260694012216,0.21613169857859185,-0.14322342247022807
-0.3999999999999999,-0.3999999999999999,6412.23486328125,67.15188598632812,0.8356680345294676,0.0,0.9,0.846875,1.0,0.0,0.9999999979591837,0.7462799356272264,1.0,0.9999999996875,0.06249999998046875,0.9999999996875,0.21039179566681776,0.17303511485336112,-0.14665854647732188
-0.29999999999999993,-0.3999999999999999,6227.97607421875,66.09564971923828,0.7331010075814796,0.0,0.9,0.978125,1.0,0.0,0.9999999857142858,0.9597718253968254,1.0,0.9999999996875,0.11874999996289062,0.9999999996875,0.1362530448992864,0.23516437220441652,-0.23516437220441652
-0.19999999999999996,-0.3999999999999999,6091.6025390625,65.3091049194336,0.6628756390557196,0.0,0.9,0.98125,1.0,0.0,0.9999999833333336,0.9589633774610482,1.0,0.9999999996875,0.24687499992285156,0.9999999996875,0.08173987049330599,0.18658663972728468,-0.18494369038545258
-0.09999999999999998,-0.3999999999999999,6007.1474609375,64.80984497070312,0.6194616789903135,0.0,0.9,0.996875,1.0,0.0,0.9999999000000099,0.9902116402116402,1.0,0.9999999996875,0.34999999989062497,0.9999999996875,0.049663270682264324,0.16279459610900143,-0.16279459610900143
0.0,-0.3999999999999999,5977.7177734375,64.60981750488281,0.5908686996541835,0.0,0.9,1.0,1.0,0.0,0.0,1.0,1.0,0.9999999996875,0.40624999987304683,0.9999999996875,0.029188068576781426,0.13777555433650784,-0.13777555433650784
0.10000000000000009,-0.3999999999999999,6005.2138671875,64.71400451660156,0.5849416496590466,0.0,0.9,1.0,1.0,0.0,0.0,1.0,1.0,0.9999999996875,0.39999999987499996,0.9999999996875,0.02553103801728302,0.1328194111833396,-0.1328194111833396
0.20000000000000018,-0.3999999999999999,6087.87841796875,65.11981201171875,0.5899409414558808,0.0,0.9,1.0,1.0,0.0,0.0,1.0,1.0,0.9999999996875,0.3843749998798828,0.9999999996875,0.029402241582889108,0.1450372157755142,-0.1450372157755142
0.30000000000000004,-0.3999999999999999,6221.9716796875,65.81733703613281,0.6145639296642877,0.0,0.9,0.996875,1.0,0.0,0.9999999000000099,0.9947089947089947,1.0,0.9999999996875,0.23124999992773435,0.9999999996875,0.04709816354734369,0.18148244061131025,-0.1790046137504708
0.40000000000000013,-0.3999999999999999,6402.72509765625,66.79059600830078,0.6854482513667185,0.0,0.9,0.98125,1.0,0.0,0.9999999833333336,0.9497828863346104,1.0,0.9999999996875,0.015624999995117187,0.9999999996875,0.09489119165661249,0.23467043009594393,-0.23467043009594393
0.5,-0.3999999999999999,6625.546875,68.01912689208984,0.8177139714730215,0.0,0.9,0.9625,0.0,0.0,0.9999999916666668,0.9262514179418229,0.0,0.9999999996875,0.0,0.9999999996875,0.18194251181546378,0.3176570484300191,-0.3176570484300191
0.6000000000000001,-0.3999999999999999,6886.2568359375,69.47989654541016,1.0646094586119856,0.0,0.9,0.853125,0.0,0.0,0.9999999978723404,0.7686800053505124,0.0,0.9999999996875,0.0,0.9968749996884765,0.3301350032883964,0.32811396593422476,-0.32692748167541275
0.7000000000000002,-0.3999999999999999,7185.83349609375,71.14895629882812,1.4424092004303803,0.0,0.9,0.675,0.0,0.0,0.9999999990384616,0.5365309943696752,0.0,0.9999999996875,0.0,0.9781249996943359,0.5205945359800709,0.23149303300063023,-0.23095875989550488
0.8,-0.3999999999999999,7514.8154296875,73.0027847290039,1.885932693909764,0.0,0.9,0.5125,0.0,0.0,0.9999999993589744,0.3392617958433334,0.0,0.9999999996875,0.0,0.8843749997236328,0.6900025800694344,0.1388581309986874,-0.1049418710155635
0.9000000000000001,-0.3999999999999999,7868.70263671875,75.01921081542969,2.2410276441595496,0.0,0.9,0.41875,0.0,0.0,0.9999999994623656,0.25485489010079176,0.0,0.9999999996875,0.0,0.743749999767578,0.8202385699169091,0.15552499529911162,-0.039343500906722284
1.0,-0.3999999999999999,8244.4091796875,77.17794799804688,2.611990399572936,0.0,0.9,0.284375,0.0,0.0,0.9999999995633188,0.14963819550912283,0.0,0.9999999996875,0.0,0.6749999997890624,0.9196900462226905,0.1797317832599972,0.08159259548344774
-1.0,-0.29999999999999993,8130.1396484375,77.01815795898438,1.738272703691272,0.0,0.9,0.48125,0.0,0.0,0.9999999993975904,0.29813457871271354,0.0,0.9999999996875,0.0,0.8624999997304686,0.6542036531372232,0.12128208314600036,-0.01456536738187942
-0.9,-0.29999999999999993,7745.5029296875,74.7804946899414,1.5452245641653939,0.0,0.9,0.571875,0.0,0.0,0.999999999270073,0.39926891073125065,0.0,0.9999999996875,0.0,0.9249999997109374,0.5822918347584588,0.16533753728186665,-0.08157589036257633
-0.8,-0.29999999999999993,7382.21826171875,72.67829132080078,1.358678313738299,0.0,0.9,0.6875,1.0,0.0,0.999999999,0.549312059704569,1.0,0.9999999996875,0.003124999999023437,0.9906249996904296,0.5002802057064968,0.1926868774078155,-0.1601598781060389
-0.7,-0.29999999999999993,7043.7421875,70.73189544677734,1.1952366113033976,0.0,0.9,0.73125,1.0,0.0,0.9999999988372094,0.5899554362688003,1.0,0.9999999996875,0.024999999992187497,0.9999999996875,0.4205958649488846,0.1730692587985022,-0.14467137723051923
-0.6,-0.29999999999999993,6738.4443359375,68.96388244628906,1.0641649987057136,0.0,0.9,0.771875,1.0,0.0,0.9999999986301371,0.642915148240418,1.0,0.9999999996875,0.049999999984374995,0.9999999996875,0.3501241824666322,0.1311462024510237,-0.1311462024510237
-0.5,-0.29999999999999993,6465.587890625,67.39869689941406,0.9156276638964616,0.0,0.9,0.825,1.0,0.0,0.9999999982142856,0.7212049432030959,1.0,0.9999999996875,0.07812499997558593,0.9999999996875,0.262311944522127,0.22107085382098893,-0.13209561308978082
-0.3999999999999999,-0.29999999999999993,6229.6796875,66.06184387207031,0.7942739089420975,0.0,0.9,0.85,1.0,0.0,0.9999999979166666,0.7594846619622047,1.0,0.9999999996875,0.12187499996191406,0.9999999996875,0.18491305302951822,0.1576455674189485,-0.10974585360863473
-0.29999999999999993,-0.29999999999999993,6037.197265625,64.97852325439453,0.6930933336875718,0.0,0.9,0.965625,1.0,0.0,0.9999999909090911,0.9347214031095609,1.0,0.9999999996875,0.19999999993749998,0.9999999996875,0.10960005725920703,0.18481672973222155,-0.1830821051031598
-0.19999999999999996,-0.29999999999999993,5893.43115234375,64.17195129394531,0.620161664003627,0.0,0.9,0.99375,1.0,0.0,0.9999999500000026,0.9850257845073512,1.0,0.9999999996875,0.371874999883789,0.9999999996875,0.05192416634246232,0.15835873031479725,-0.15598279013340022
-0.09999999999999998,-0.29999999999999993,5803.0595703125,63.661251068115234,0.5841609361164639,0.0,0.9,1.0,1.0,0.0,0.0,1.0,1.0,0.9999999996875,0.5093749998408202,0.9999999996875,0.024760330661697482,0.12292507316016722,-0.12292507316016722
0.0,-0.29999999999999993,5771.79248046875,63.45943832397461,0.5685849552878468,0.0,0.9,1.0,1.0,0.0,0.0,1.0,1.0,0.9999999996875,0.5906249998154296,0.9999999996875,0.014337055830271823,0.10257576690638964,-0.10257576690638964
0.10000000000000009,-0.29999999999999993,5800.7470703125,63.571876525878906,0.5645764714812976,0.0,0.9,1.0,1.0,0.0,0.0,1.0,1.0,0.9999999996875,0.5281249998349609,0.9999999996875,0.012588955919923468,0.09996968361452936,-0.09996968361452936
0.20000000000000018,-0.29999999999999993,5888.22705078125,63.99555206298828,0.5722019319534833,0.0,0.9,0.996875,1.0,0.0,0.9999999000000099,0.9947017268445839,1.0,0.9999999996875,0.4124999998710937,0.9999999996875,0.019448575193018205,0.11798191033199892,-0.11538016803480491
0.30000000000000004,-0.29999999999999993,6029.44189453125,64.71951293945312,0.5979042052851105,0.0,0.9,1.0,1.0,0.0,0.0,1.0,1.0,0.9999999996875,0.23124999992773435,0.9999999996875,0.037503115196702276,0.1619055692909261,-0.1619055692909261
0.40000000000000013,-0.29999999999999993,6218.3466796875,65.7261734008789,0.6701936110925877,0.0,0.9,0.996875,1.0,0.0,0.9999999000000099,0.9947017268445839,1.0,0.9999999996875,0.03437499998925781,0.9999999996875,0.08573901602164397,0.23758692996422434,-0.23758692996422434
0.5,-0.29999999999999993,6449.6953125,66.99327087402344,0.8357553314904598,0.0,0.9,0.965625,1.0,0.0,0.9999999909090911,0.9396090864071159,1.0,0.9999999996875,0.003124999999023437,0.9999999996875,0.193304406427684,0.3271993099659053,-0.3271993099659053
0.6000000000000001,-0.29999999999999993,6719.1572265625,68.49596405029297,1.1492040881151613,0.0,0.9,0.778125,0.0,0.0,0.9999999985915494,0.6695833739583739,0.0,0.9999999996875,0.0,0.9937499996894531,0.3781811995283434,0.26349969600253487,-0.26349969600253487
0.7000000000000002,-0.29999999999999993,7022.28369140625,70.20867919921875,1.5285659007488723,0.0,0.9,0.63125,0.0,0.0,0.9999999991525425,0.453746350599856,0.0,0.9999999996875,0.0,0.9437499997050781,0.5452655159370583,0.17968333156611307,-0.17968333156611307
0.8,-0.29999999999999993,7359.5185546875,72.1065902709961,2.029694850382055,0.0,0.9,0.478125,0.0,0.0,0.9999999994011977,0.3009526184696197,0.0,0.9999999996875,0.0,0.8093749997470703,0.7388613798641132,0.16872076976463263,-0.0666214728155761
0.9000000000000001,-0.29999999999999993,7721.52978515625,74.16651153564453,2.3569093232841767,0.0,0.9,0.40625,0.0,0.0,0.9999999994736842,0.24532085741826856,0.0,0.9999999996875,0.0,0.6968749997822266,0.8416963872637954,0.1842726267008346,-0.02079702537092676
1.0,-0.29999999999999993,8105.22705078125,76.36746215820312,2.637975783040655,0.0,0.9,0.3,0.0,0.0,0.9999999995535714,0.15306382650979608,0.0,0.9999999996875,0.0,0.6562499997949218,0.9263446819873999,0.18325559720554643,0.05263028399130301
-1.0,-0.19999999999999996,8027.95751953125,76.36410522460938,1.7121251955930064,0.0,0.9,0.475,0.0,0.0,0.9999999994047619,0.2946373443067295,0.0,0.9999999996875,0.0,0.8531249997333984,0.650067107960605,0.08931247214036046,-0.004128856902902761
-0.9,-0.19999999999999996,7637.8896484375,74.0979232788086,1.4728774968257141,0.0,0.9,0.625,0.0,0.0,0.9999999991666667,0.4427473844793123,0.0,0.9999999996875,0.0,0.9687499996972656,0.5496315575660787,0.18886748304221535,-0.12983983298879176
-0.8,-0.19999999999999996,7268.849609375,71.96646881103516,1.3336043329546834,0.0,0.9,0.659375,1.0,0.0,0.9999999990825689,0.5067310150626497,1.0,0.9999999996875,0.003124999999023437,0.9874999996914062,0.48981655464891494,0.1639002076072664,-0.11226263299460662
-0.7,-0.19999999999999996,6929.4501953125,69.99060821533203,1.1686041121412234,0.0,0.9,0.74375,1.0,0.0,0.9999999987804878,0.6136432086164861,1.0,0.9999999996875,0.03749999998828125,0.9999999996875,0.40193161307942227,0.16460353878321893,-0.13803556450835844
-0.6,-0.19999999999999996,6617.52685546875,68.19369506835938,1.0135727798879988,0.0,0.9,0.80625,1.0,0.0,0.9999999983870967,0.6901846969516143,1.0,0.9999999996875,0.05937499998144531,0.9999999996875,0.31479150410759565,0.13977224385821133,-0.13977224385821133
-0.5,-0.19999999999999996,6337.357421875,66.60118103027344,0.8951488792680429,0.0,0.9,0.821875,1.0,0.0,0.999999998245614,0.725669503962193,1.0,0.9999999996875,0.10312499996777343,0.9999999996875,0.2501148290997652,0.15362646190227164,-0.1038293109978275
-0.3999999999999999,-0.19999999999999996,6094.4697265625,65.23976135253906,0.7639598097597137,0.0,0.9,0.88125,1.0,0.0,0.999999997368421,0.8146799628942486,1.0,0.9999999996875,0.16562499994824217,0.9999999996875,0.164559504787714,0.14990052925348799,-0.11958549195774897
-0.29999999999999993,-0.19999999999999996,5894.87158203125,64.13607025146484,0.6605535136672867,0.0,0.9,0.975,1.0,0.0,0.9999999875000002,0.9501933251933252,1.0,0.9999999996875,0.2843749999111328,0.9999999996875,0.08650005568905762,0.16822375495517866,-0.16656283667739447
-0.19999999999999996,-0.19999999999999996,5743.638671875,63.31473159790039,0.5965868592154185,0.0,0.9,0.996875,1.0,0.0,0.9999999000000099,0.9948034769463341,1.0,0.9999999996875,0.5124999998398437,0.9999999996875,0.03466219945034273,0.1305785329849114,-0.1305785329849114
-0.09999999999999998,-0.19999999999999996,5647.7119140625,62.79612350463867,0.5669813877196679,0.0,0.9,1.0,1.0,0.0,0.0,1.0,1.0,0.9999999996875,0.7531249997646484,0.9999999996875,0.01259716838534377,0.09370058389715336,-0.09370058389715336
0.0,-0.19999999999999996,5613.990234375,62.5941162109375,0.5590804822685551,0.0,0.9,1.0,1.0,0.0,0.0,1.0,1.0,0.9999999996875,0.8624999997304686,0.9999999996875,0.007345666815857684,0.07809752528292344,-0.07809752528292344
0.10000000000000009,-0.19999999999999996,5644.7275390625,62.7143440246582,0.5573494322886803,0.0,0.9,1.0,1.0,0.0,0.0,1.0,1.0,0.9999999996875,0.821874999743164,0.9999999996875,0.007513816237961197,0.0804890876464801,-0.0804890876464801
0.20000000000000018,-0.19999999999999996,5736.7470703125,63.15345764160156,0.5627404577240727,0.0,0.9,1.0,1.0,0.0,0.0,1.0,1.0,0.9999999996875,0.5593749998251952,0.9999999996875,0.013359386589637819,0.10244988077086799,-0.10244988077086799
0.30000000000000004,-0.19999999999999996,5884.662109375,63.89952087402344,0.5924909353967328,0.0,0.9,1.0,1.0,0.0,0.0,1.0,1.0,0.9999999996875,0.20624999993554685,0.9999999996875,0.03448719776688802,0.15506396728455657,-0.15506396728455657
0.40000000000000013,-0.19999999999999996,6080.76953125,64.9336166381836,0.6902882557140407,0.0,0.9,0.984375,1.0,0.0,0.9999999800000003,0.9726761340665682,1.0,0.9999999996875,0.031249999990234374,0.9999999996875,0.10101674125967089,0.23589936469808648,-0.23589936469808648
0.5,-0.19999999999999996,6319.51953125,66.23197937011719,0.9273722939983304,0.0,0.9,0.8875,1.0,0.0,0.9999999972222222,0.8147079138946854,1.0,0.9999999996875,0.003124999999023437,0.9999999996875,0.25278937838195203,0.27241537059323806,-0.27241537059323806
0.6000000000000001,-0.19999999999999996,6596.529296875,67.76829528808594,1.3070110298061295,0.0,0.9,0.7125,0.0,0.0,0.9999999989130436,0.5769068027081748,0.0,0.9999999996875,0.0,0.9562499997011719,0.4409906222400673,0.20036342531208304,-0.19921253088996405
0.7000000000000002,-0.19999999999999996,6906.7109375,69.51571655273438,1.7510377772122157,0.0,0.9,0.553125,0.0,0.0,0.9999999993006994,0.3506578484152013,0.0,0.9999999996875,0.0,0.8843749997236328,0.6251686214160533,0.11697111320744241,-0.10165616779430153
0.8,-0.19999999999999996,7244.94482421875,71.44837188720703,2.0750439467269652,0.0,0.9,0.475,0.0,0.0,0.9999999994047619,0.291648847917558,0.0,0.9999999996875,0.0,0.7874999997539062,0.7437523943498622,0.09686286091659882,-0.06854775127293804
0.9000000000000001,-0.19999999999999996,7613.08984375,73.54232788085938,2.3678761008663547,0.0,0.9,0.390625,0.0,0.0,0.9999999994871795,0.22090802730424816,0.0,0.9999999996875,0.0,0.7406249997685547,0.841061731050595,0.13622846379998177,-0.02070023701084818
1.0,-0.19999999999999996,8002.24169921875,75.77607727050781,2.6623628560697594,0.0,0.9,0.296875,0.0,0.0,0.9999999995555556,0.1484551620307746,0.0,0.9999999996875,0.0,0.621874999805664,0.9325026639575481,0.18812832884767633,0.05502960563463122
-1.0,-0.09999999999999998,7963.9462890625,75.93311309814453,1.6571951534710871,0.0,0.9,0.51875,0.0,0.0,0.9999999993506494,0.3193238443999093,0.0,0.9999999996875,0.0,0.8781249997255859,0.6256309951479075,0.11443376375536769,-0.042933585566158866
-0.9,-0.09999999999999998,7570.75634765625,73.64896392822266,1.4456809470003824,0.0,0.9,0.615625,0.0,0.0,0.9999999991869919,0.42729720676149247,0.0,0.9999999996875,0.0,0.9531249997021484,0.5308028309572453,0.11353084106684068,-0.10126773278274627
-0.8,-0.09999999999999998,7203.26904296875,71.49909973144531,1.3165358995344554,0.0,0.9,0.66875,1.0,0.0,0.9999999990566039,0.5110359548247329,1.0,0.9999999996875,0.009374999997070312,0.9874999996914062,0.475841988824202,0.14509383873151668,-0.1093411367575983
-0.7,-0.09999999999999998,6859.45556640625,69.50474548339844,1.1361261259781916,0.0,0.9,0.7625,1.0,0.0,0.9999999986842106,0.6343339443172192,1.0,0.9999999996875,0.040624999987304684,0.9906249996904296,0.3771397657237524,0.1464895219846248,-0.1394528334694565
-0.6,-0.09999999999999998,6542.9482421875,67.68977355957031,0.9958778182172092,0.0,0.9,0.815625,1.0,0.0,0.9999999983050847,0.7081897789819418,1.0,0.9999999996875,0.0749999999765625,0.9999999996875,0.30280119721825816,0.1390594179470691,-0.1360763340354148
-0.5,-0.09999999999999998,6258.4208984375,66.0802993774414,0.8713772480257936,0.0,0.9,0.84375,1.0,0.0,0.999999998,0.7573601662887377,1.0,0.9999999996875,0.11874999996289062,0.9999999996875,0.2332412378035227,0.1372393206840744,-0.10516004648521411
-0.3999999999999999,-0.09999999999999998,6010.7822265625,64.7038803100586,0.740880295717825,0.0,0.9,0.88125,1.0,0.0,0.999999997368421,0.8075422262922263,1.0,0.9999999996875,0.19687499993847654,0.9999999996875,0.14931285291630836,0.16437235688397941,-0.09465278746752374
-0.29999999999999993,-0.09999999999999998,5805.36767578125,63.588069915771484,0.639397143450613,0.0,0.9,0.978125,1.0,0.0,0.9999999857142858,0.9599830724830726,1.0,0.9999999996875,0.39062499987792965,0.9999999996875,0.07153997464839514,0.14753549917155473,-0.14753549917155473
-0.19999999999999996,-0.09999999999999998,5648.4306640625,62.75846862792969,0.5786808255807718,0.0,0.9,1.0,1.0,0.0,0.0,1.0,1.0,0.9999999996875,0.7093749997783203,0.9999999996875,0.021759910605732746,0.11016788914694582,-0.11016788914694582
-0.09999999999999998,-0.09999999999999998,5547.94140625,62.236270904541016,0.5593123681739516,0.0,0.9,1.0,1.0,0.0,0.0,1.0,1.0,0.9999999996875,0.8906249997216796,0.9999999996875,0.007315246877140373,0.07635602392740898,-0.07635602392740898
0.0,-0.09999999999999998,5512.037109375,62.03593444824219,0.556420517760292,0.0,0.9,1.0,1.0,0.0,0.0,1.0,1.0,0.9999999996875,0.9937499996894531,0.9999999996875,0.004925475426317303,0.0664811948149064,-0.0664811948149064
0.10000000000000009,-0.09999999999999998,5544.40478515625,62.163211822509766,0.5556078203659625,0.0,0.9,1.0,1.0,0.0,0.0,1.0,1.0,0.9999999996875,0.9562499997011719,0.9999999996875,0.006053068501477499,0.07319938035979594,-0.07319938035979594
0.20000000000000018,-0.09999999999999998,5640.9501953125,62.61442947387695,0.5626190907488083,0.0,0.9,1.0,1.0,0.0,0.0,1.0,1.0,0.9999999996875,0.6718749997900391,0.9999999996875,0.013257087659282569,0.10132508915936528,-0.10132508915936528
0.30000000000000004,-0.09999999999999998,5793.9091796875,63.37697219848633,0.6095811125909399,0.0,0.9,0.996875,1.0,0.0,0.9999999000000099,0.9947089947089947,1.0,0.9999999996875,0.1937499999394531,0.9999999996875,0.046678505982998206,0.16817285597190318,-0.1656965255600265
0.40000000000000013,-0.09999999999999998,5995.40869140625,64.43092346191406,0.7498528092140644,0.0,0.9,0.953125,1.0,0.0,0.9999999933333334,0.9250055544616904,1.0,0.9999999996875,0.03749999998828125,0.9999999996875,0.14244557594294385,0.23881890648097354,-0.23388584091214698
0.5,-0.09999999999999998,6239.52685546875,65.7514877319336,1.0820423625067968,0.0,0.9,0.7875,1.0,0.0,0.9999999985294119,0.6780871274726838,1.0,0.9999999996875,0.003124999999023437,0.9937499996894531,0.3336336823034997,0.20229992300679073,-0.20229992300679073
0.6000000000000001,-0.09999999999999998,6521.57861328125,67.31131744384766,1.5265577487809787,0.0,0.9,0.584375,0.0,0.0,0.9999999992481203,0.35987207098824564,0.0,0.9999999996875,0.0,0.9124999997148436,0.5262732212999447,0.16303524445696727,-0.09720212082442428
0.7000000000000002,-0.09999999999999998,6836.1669921875,69.08271789550781,1.9178442809866811,0.0,0.9,0.49375,0.0,0.0,0.9999999993827161,0.29301389762739055,0.0,0.9999999996875,0.0,0.8281249997412109,0.681896093470287,0.08589035694538377,-0.062194228883833455
0.8,-0.09999999999999998,7178.21337890625,71.0391616821289,2.177319125498112,0.0,0.9,0.43125,0.0,0.0,0.9999999994505495,0.253729730849755,0.0,0.9999999996875,0.0,0.7593749997626953,0.7805731130357018,0.09002980808741746,-0.045606836758988245
0.9000000000000001,-0.09999999999999998,7544.71728515625,73.15621948242188,2.442140959534256,0.0,0.9,0.346875,0.0,0.0,0.9999999995215312,0.19402638727629964,0.0,0.9999999996875,0.0,0.7031249997802734,0.8726436463348217,0.14784215102647075,0.003315328192939032
1.0,-0.09999999999999998,7937.19775390625,75.41207122802734,2.7095713073503216,0.0,0.9,0.2625,0.0,0.0,0.9999999995762712,0.13208627362988076,0.0,0.9999999996875,0.0,0.621874999805664,0.9478124741206847,0.175942725290322,0.0755971358343196
-1.0,0.0,7938.37744140625,75.73126983642578,1.633436051124919,0.0,0.9,0.51875,0.0,0.0,0.9999999993506494,0.3306711055276867,0.0,0.9999999996875,0.0,0.9343749997080077,0.6101198597889292,0.05020285246252982,-0.03034347140904618
-0.9,0.0,7549.22119140625,73.44059753417969,1.4710349980832673,0.0,0.9,0.6125,0.0,0.0,0.9999999991935484,0.43048690451743493,0.0,0.9999999996875,0.0,0.9656249996982421,0.5404649235108003,0.10113366981501783,-0.09516335447903752
-0.8,0.0,7180.232421875,71.2841796875,1.3077696538678003,0.0,0.9,0.684375,1.0,0.0,0.999999999009901,0.5238711718176005,1.0,0.9999999996875,0.006249999998046874,0.9781249996943359,0.46408445266748183,0.12359605988480926,-0.1159974903016916
-0.7,0.0,6834.794921875,69.28341674804688,1.1572606093697413,0.0,0.9,0.76875,1.0,0.0,0.9999999986486487,0.653101197744055,1.0,0.9999999996875,0.04687499998535156,0.9874999996914062,0.3855755856088588,0.14537394861746317,-0.14537394861746317
-0.6,0.0,6516.7734375,67.46241760253906,1.0139333522188916,0.0,0.9,0.803125,1.0,0.0,0.9999999984126984,0.687426030353662,1.0,0.9999999996875,0.0749999999765625,0.9999999996875,0.30996590116848416,0.13199849769472172,-0.12010225739677376
-0.5,0.0,6230.88818359375,65.8476333618164,0.8603479809352828,0.0,0.9,0.84375,1.0,0.0,0.999999998,0.7514530608280608,1.0,0.9999999996875,0.11562499996386717,0.9999999996875,0.22460764874646183,0.1302427934022131,-0.09693726505226785
-0.3999999999999999,0.0,5981.43994140625,64.46696472167969,0.7381450505447161,0.0,0.9,0.88125,1.0,0.0,0.999999997368421,0.8142917641364846,1.0,0.9999999996875,0.20624999993554685,0.9999999996875,0.14833186889796332,0.15114428876637695,-0.0895681641013106
-0.29999999999999993,0.0,5773.828125,63.348392486572266,0.6273700588637316,0.0,0.9,0.9875,1.0,0.0,0.9999999750000006,0.9753987947536336,1.0,0.9999999996875,0.43437499986425776,0.9999999996875,0.06265245294774477,0.1468880938064822,-0.1468880938064822
-0.19999999999999996,0.0,5614.677734375,62.51789474487305,0.5686684733144357,0.0,0.9,1.0,1.0,0.0,0.0,1.0,1.0,0.9999999996875,0.7999999997499999,0.9999999996875,0.014986474847120611,0.09702846598951259,-0.09702846598951259
-0.09999999999999998,0.0,5512.29931640625,61.997005462646484,0.5560542710673301,0.0,0.9,1.0,1.0,0.0,0.0,1.0,1.0,0.9999999996875,0.9562499997011719,0.9999999996875,0.005556423835588659,0.07032057269235316,-0.07032057269235316
0.0,0.0,5474.73681640625,61.800323486328125,0.5553188808957281,0.0,0.9,1.0,1.0,0.0,0.0,1.0,1.0,0.9999999996875,0.9968749996884765,0.9999999996875,0.004656732060755418,0.06530970502036806,-0.06530970502036806
0.10000000000000009,0.0,5508.1923828125,61.9336051940918,0.5556118138770826,0.0,0.9,1.0,1.0,0.0,0.0,1.0,1.0,0.9999999996875,0.8906249997216796,0.9999999996875,0.006872979233025942,0.07717112356828125,-0.07717112356828125
0.20000000000000018,0.0,5606.8017578125,62.39293670654297,0.5707574491790283,0.0,0.9,1.0,1.0,0.0,0.0,1.0,1.0,0.9999999996875,0.5593749998251952,0.9999999996875,0.018960465594915845,0.1149544216987943,-0.1149544216987943
0.30000000000000004,0.0,5761.75830078125,63.16530227661133,0.6473397483103767,0.0,0.9,0.984375,1.0,0.0,0.9999999800000003,0.9748351447858837,1.0,0.9999999996875,0.1687499999472656,0.9999999996875,0.07383002808927827,0.18232504525592755,-0.18232504525592755
0.40000000000000013,0.0,5965.18798828125,64.23033142089844,0.9354822925391334,0.0,0.9,0.871875,1.0,0.0,0.9999999975609756,0.8017136785008248,1.0,0.9999999996875,0.04687499998535156,0.9999999996875,0.2563523049588119,0.21311003196774794,-0.21311003196774794
0.5,0.0,6211.3251953125,65.56269836425781,1.3966752011390666,0.0,0.9,0.63125,1.0,0.0,0.9999999991525425,0.42697187898563815,1.0,0.9999999996875,0.003124999999023437,0.9124999997148436,0.4597413958260664,0.1423800345247725,-0.09217921050888468
0.6000000000000001,0.0,6494.98779296875,67.1346206665039,1.7385731349367892,0.0,0.9,0.546875,0.0,0.0,0.9999999993103449,0.3388068705743167,0.0,0.9999999996875,0.0,0.8062499997480468,0.5921979356760954,0.12214861180300353,-0.0726644024825895
0.7000000000000002,0.0,6811.18310546875,68.91804504394531,2.0238961053426956,0.0,0.9,0.46875,0.0,0.0,0.9999999994117648,0.2741718085213009,0.0,0.9999999996875,0.0,0.7874999997539062,0.7125699799555304,0.08530571914096771,-0.06180592854405012
0.8,0.0,7155.24365234375,70.88616943359375,2.2594096208732086,0.0,0.9,0.39375,0.0,0.0,0.9999999994845361,0.22622154009107853,0.0,0.9999999996875,0.0,0.7343749997705078,0.8100019438763187,0.09253575551040283,-0.030779139847159895
0.9000000000000001,0.0,7523.2119140625,73.01438903808594,2.525997731233585,0.0,0.9,0.3,0.0,0.0,0.9999999995535714,0.16361420591346795,0.0,0.9999999996875,0.0,0.6718749997900391,0.8939345536252931,0.10702813677323719,0.025171009956172455
1.0,0.0,7911.68359375,75.28076934814453,2.786777249867482,0.0,0.9,0.234375,0.0,0.0,0.9999999995918367,0.11560699083898378,0.0,0.9999999996875,0.0,0.5843749998173827,0.9619229396564579,0.1636311689181531,0.08870789475829326
-1.0,0.10000000000000009,7962.24853515625,75.76153564453125,1.6741764925861111,0.0,0.9,0.521875,0.0,0.0,0.9999999993464053,0.337979270812424,0.0,0.9999999996875,0.0,0.9312499997089843,0.6247584659780075,0.08560619427756928,-0.017910542656677762
-0.9,0.10000000000000009,7568.681640625,73.47616577148438,1.4847180307991086,0.0,0.9,0.609375,0.0,0.0,0.9999999992,0.4034309883460731,0.0,0.9999999996875,0.0,0.9656249996982421,0.5428205050938141,0.0995728803462698,-0.07662324525575398
-0.8,0.10000000000000009,7200.51708984375,71.32548522949219,1.3140396809030441,0.0,0.9,0.671875,1.0,0.0,0.9999999990476192,0.5040940549940992,1.0,0.9999999996875,0.012499999996093749,0.9656249996982421,0.4591074155208461,0.12360886187001918,-0.10697422574335508
-0.7,0.10000000000000009,6856.150390625,69.33089447021484,1.1887239218431973,0.0,0.9,0.759375,1.0,0.0,0.9999999987012987,0.6323013832779667,1.0,0.9999999996875,0.04687499998535156,0.9812499996933594,0.39988484233860677,0.16515239633125606,-0.13986180026515085
-0.6,0.10000000000000009,6539.5732421875,67.51646423339844,1.0297385486648725,0.0,0.9,0.809375,1.0,0.0,0.9999999983606557,0.7090460866193486,1.0,0.9999999996875,0.08749999997265624,0.9968749996884765,0.31226405524112066,0.13828728256391778,-0.12129324652672135
-0.5,0.10000000000000009,6255.2685546875,65.90853118896484,0.8643807119108415,0.0,0.9,0.84375,1.0,0.0,0.999999998,0.7471916971916972,1.0,0.9999999996875,0.11874999996289062,0.9999999996875,0.2226440592533806,0.13376076226332637,-0.09814476463032916
-0.3999999999999999,0.10000000000000009,6007.95068359375,64.53490447998047,0.7372496934306653,0.0,0.9,0.875,1.0,0.0,0.9999999975,0.8015091390091389,1.0,0.9999999996875,0.2281249999287109,0.9999999996875,0.14708088767660477,0.17143045106307137,-0.08436668096377131
-0.29999999999999993,0.10000000000000009,5802.216796875,63.42337417602539,0.6251662129300253,0.0,0.9,0.990625,1.0,0.0,0.9999999666666678,0.9804232804232804,1.0,0.9999999996875,0.3374999998945312,0.9999999996875,0.06114670194808779,0.1526583637767407,-0.1526583637767407
-0.19999999999999996,0.10000000000000009,5645.26611328125,62.59968948364258,0.5657103306161828,0.0,0.9,1.0,1.0,0.0,0.0,1.0,1.0,0.9999999996875,0.7093749997783203,0.9999999996875,0.013734250722913784,0.09891010005993836,-0.09891010005993836
-0.09999999999999998,0.10000000000000009,5544.99951171875,62.085147857666016,0.5550010331733558,0.0,0.9,1.0,1.0,0.0,0.0,1.0,1.0,0.9999999996875,0.9906249996904296,0.9999999996875,0.006159197483644567,0.07430495972382577,-0.07430495972382577
0.0,0.10000000000000009,5508.73779296875,61.894100189208984,0.5546373137172818,0.0,0.9,1.0,1.0,0.0,0.0,1.0,1.0,0.9999999996875,0.9468749997041015,0.9999999996875,0.006197996386797877,0.07448196018671947,-0.07448196018671947
0.10000000000000009,0.10000000000000009,5540.90673828125,62.0321159362793,0.5617016560747742,0.0,0.9,1.0,1.0,0.0,0.0,1.0,1.0,0.9999999996875,0.7624999997617187,0.9999999996875,0.012127518529263578,0.0957552379571328,-0.0957552379571328
0.20000000000000018,0.10000000000000009,5637.30712890625,62.49515914916992,0.5962928175876934,0.0,0.9,1.0,1.0,0.0,0.0,1.0,1.0,0.9999999996875,0.36562499988574215,0.9999999996875,0.03669385804697653,0.15195417977431377,-0.15195417977431377
0.30000000000000004,0.10000000000000009,5790.39501953125,63.27019119262695,0.7936766108087492,0.0,0.9,0.934375,1.0,0.0,0.9999999952380952,0.89318223015702,1.0,0.9999999996875,0.11562499996386717,0.9999999996875,0.17097577175582937,0.21670268693722824,-0.21670268693722824
0.40000000000000013,0.10000000000000009,5992.1650390625,64.33688354492188,1.2367534866937633,0.0,0.9,0.734375,1.0,0.0,0.9999999988235295,0.5858867796367796,1.0,0.9999999996875,0.03437499998925781,0.9437499997050781,0.39103401196114457,0.19334774998871523,-0.1374715730702622
0.5,0.10000000000000009,6236.623046875,65.6700439453125,1.6470583109461627,0.0,0.9,0.584375,0.0,0.0,0.9999999992481203,0.37772348180534854,0.0,0.9999999996875,0.0,0.821874999743164,0.5509841146645347,0.11070642499589715,-0.06916803189360722
0.6000000000000001,0.10000000000000009,6518.8818359375,67.24203491210938,1.8954847433555637,0.0,0.9,0.5,0.0,0.0,0.9999999993750001,0.31221355714002774,0.0,0.9999999996875,0.0,0.793749999751953,0.660424451097354,0.05964774712575347,-0.05659916043971194
0.7000000000000002,0.10000000000000009,6834.1572265625,69.02495574951172,2.1198139958803925,0.0,0.9,0.425,0.0,0.0,0.9999999994565217,0.23969603052393457,0.0,0.9999999996875,0.0,0.7624999997617187,0.757346401370537,0.057805708503271824,-0.04605373648093804
0.8,0.10000000000000009,7177.3076171875,70.99214172363281,2.3764678002947406,0.0,0.9,0.30625,0.0,0.0,0.9999999995495495,0.1622098094647549,0.0,0.9999999996875,0.0,0.7249999997734374,0.8529088417289284,0.062123021755766755,0.0245922417739182
0.9000000000000001,0.10000000000000009,7544.1240234375,73.119140625,2.6186445666151457,0.0,0.9,0.2875,0.0,0.0,0.9999999995614035,0.16118260502496956,0.0,0.9999999996875,0.0,0.6718749997900391,0.9171844403471086,0.11212496647652949,0.024775588451023497
1.0,0.10000000000000009,7937.03759765625,75.38410186767578,2.9022315875394744,0.0,0.9,0.128125,0.0,0.0,0.9999999996415769,0.07001308243121548,0.0,0.9999999996875,0.0,0.5343749998330077,0.9942541348801378,0.17129590325154456,0.17129590325154456
-1.0,0.20000000000000018,8024.6123046875,76.0234375,1.7202594651446763,0.0,0.9,0.5125,0.0,0.0,0.9999999993589744,0.32073986862849285,0.0,0.9999999996875,0.0,0.9156249997138671,0.6399569455787045,0.09579829410400774,0.0036090647301607413
-0.9,0.20000000000000018,7634.29052734375,73.75506591796875,1.5678411885452148,0.0,0.9,0.56875,0.0,0.0,0.9999999992753623,0.37730167752335236,0.0,0.9999999996875,0.0,0.9343749997080077,0.5747604759784644,0.1340155777880119,-0.03588551165288457
-0.8,0.20000000000000018,7264.41943359375,71.6222915649414,1.377691265208931,0.0,0.9,0.64375,1.0,0.0,0.999999999122807,0.44985034660979367,1.0,0.9999999996875,0.009374999997070312,0.9468749997041015,0.48203466342756834,0.14183948258554793,-0.07678907646964801
-0.7,0.20000000000000018,6923.9462890625,69.64625549316406,1.2369558325377998,0.0,0.9,0.75,1.0,0.0,0.9999999987500001,0.619485117089451,1.0,0.9999999996875,0.04374999998632812,0.9624999996992187,0.4124582520107676,0.1312035014547514,-0.1312035014547514
-0.6,0.20000000000000018,6611.61181640625,67.85072326660156,1.085150649302236,0.0,0.9,0.8,1.0,0.0,0.9999999984375001,0.6880679828714257,1.0,0.9999999996875,0.09999999996874999,0.9874999996914062,0.33483684231986194,0.14072753937250487,-0.1264012653982814
-0.5,0.20000000000000018,6331.85302734375,66.26158142089844,0.9019122777800832,0.0,0.9,0.846875,1.0,0.0,0.9999999979591837,0.7574601185503441,1.0,0.9999999996875,0.13124999995898437,0.9999999996875,0.2402692579915117,0.11624691030710069,-0.1144909786262645
-0.3999999999999999,0.20000000000000018,6089.43017578125,64.9059829711914,0.757115897295121,0.0,0.9,0.8625,1.0,0.0,0.9999999977272727,0.7751459509783594,1.0,0.9999999996875,0.18749999994140623,0.9999999996875,0.1560669686394903,0.17405024929907026,-0.08786409374776227
-0.29999999999999993,0.20000000000000018,5889.3505859375,63.811004638671875,0.6273555153306972,0.0,0.9,0.984375,1.0,0.0,0.9999999800000003,0.9578042829274357,1.0,0.9999999996875,0.25624999991992187,0.9999999996875,0.05978695912792407,0.15403958840975004,-0.15170542623727232
-0.19999999999999996,0.20000000000000018,5738.1552734375,63.001556396484375,0.5684317951956951,0.0,0.9,0.996875,1.0,0.0,0.9999999000000099,0.9947017268445839,1.0,0.9999999996875,0.43437499986425776,0.9999999996875,0.017262382231197866,0.11131895460578364,-0.10833076675054079
-0.09999999999999998,0.20000000000000018,5642.3447265625,62.49814987182617,0.558197296422724,0.0,0.9,1.0,1.0,0.0,0.0,1.0,1.0,0.9999999996875,0.5843749998173827,0.9999999996875,0.010182685728105122,0.09342826658370404,-0.09342826658370404
0.0,0.20000000000000018,5608.30078125,62.314517974853516,0.5624363309906533,0.0,0.9,1.0,1.0,0.0,0.0,1.0,1.0,0.9999999996875,0.5874999998164062,0.9999999996875,0.013333092345814044,0.10294857996226502,-0.10294857996226502
0.10000000000000009,0.20000000000000018,5638.78369140625,62.455867767333984,0.5875115515508553,0.0,0.9,1.0,1.0,0.0,0.0,1.0,1.0,0.9999999996875,0.33124999989648435,0.9999999996875,0.030635337362005636,0.1427872404588152,-0.1427872404588152
0.20000000000000018,0.20000000000000018,5730.75244140625,62.918190002441406,0.7253540966875286,0.0,0.9,0.95625,1.0,0.0,0.9999999928571429,0.9250211818303348,1.0,0.9999999996875,0.15624999995117186,0.9999999996875,0.12620747936110488,0.21232413914598036,-0.21232413914598036
0.30000000000000004,0.20000000000000018,5878.45166015625,63.68877410888672,1.1426641235700572,0.0,0.9,0.7625,1.0,0.0,0.9999999986842106,0.6359434975696374,1.0,0.9999999996875,0.06874999997851562,0.9781249996943359,0.3472739098798287,0.1175767591156245,-0.11558858824142486
0.40000000000000013,0.20000000000000018,6075.37109375,64.74786376953125,1.5272461108887936,0.0,0.9,0.66875,1.0,0.0,0.9999999990566039,0.483394689684657,1.0,0.9999999996875,0.015624999995117187,0.8312499997402343,0.49176445313993655,0.11425456788796284,-0.10048302520566081
0.5,0.20000000000000018,6315.46240234375,66.07096862792969,1.779461896593074,0.0,0.9,0.56875,0.0,0.0,0.9999999992753623,0.3786001764930317,0.0,0.9999999996875,0.0,0.7999999997499999,0.6057062964107652,0.09688309164629982,-0.09091448538865401
0.6000000000000001,0.20000000000000018,6593.16748046875,67.6312026977539,2.0399260589787005,0.0,0.9,0.459375,0.0,0.0,0.9999999994219654,0.28804602974714605,0.0,0.9999999996875,0.0,0.771874999758789,0.7264605425588636,0.09342446850104832,-0.06115745698555948
0.7000000000000002,0.20000000000000018,6904.04052734375,69.40129852294922,2.2513641860823355,0.0,0.9,0.378125,0.0,0.0,0.9999999994974874,0.21494403348621435,0.0,0.9999999996875,0.0,0.7249999997734374,0.8039064987785941,0.088604808245073,-0.03971190717721014
0.8,0.20000000000000018,7243.146484375,71.35517120361328,2.531005713387454,0.0,0.9,0.253125,0.0,0.0,0.99999999958159,0.1313269518406505,0.0,0.9999999996875,0.0,0.6687499997910156,0.9021338853644761,0.07962023564081508,0.045791263261632346
0.9000000000000001,0.20000000000000018,7611.83154296875,73.46875,2.7685981673605804,0.0,0.9,0.16875,0.0,0.0,0.99999999962406,0.09287801025491484,0.0,0.9999999996875,0.0,0.6312499998027343,0.9600616697285308,0.12532485468719198,0.12168012289321127
1.0,0.20000000000000018,8001.26318359375,75.72050476074219,3.0468770848296702,0.0,0.9,0.06875,0.0,0.0,0.9999999996644294,0.049727958744352194,0.0,0.9999999996875,0.0,0.4656249998544921,1.019972849663489,0.2221661860835691,0.2221661860835691
-1.0,0.30000000000000004,8124.72607421875,76.51319122314453,1.7625642185557835,0.0,0.9,0.515625,0.0,0.0,0.9999999993548387,0.31621270158690074,0.0,0.9999999996875,0.0,0.9281249997099609,0.6468343858926001,0.14116323980865786,0.004592510413124758
-0.9,0.30000000000000004,7739.95361328125,74.27288818359375,1.5856731336078873,0.0,0.9,0.578125,0.0,0.0,0.9999999992592593,0.37015700566819554,0.0,0.9999999996875,0.0,0.9343749997080077,0.5711335165788184,0.07705635731119134,-0.03661796719300431
-0.8,0.30000000000000004,7375.947265625,72.16937255859375,1.4518151708156863,0.0,0.9,0.63125,1.0,0.0,0.9999999991525425,0.4455461205461205,1.0,0.9999999996875,0.015624999995117187,0.9249999997109374,0.507397120229779,0.14764678210633342,-0.07177037037803805
-0.7,0.30000000000000004,7036.5732421875,70.22342681884766,1.292811439407138,0.0,0.9,0.746875,1.0,0.0,0.9999999987654322,0.5916696444464072,1.0,0.9999999996875,0.040624999987304684,0.9374999997070312,0.43026901819965774,0.16037089742295788,-0.14351969320722197
-0.6,0.30000000000000004,6730.74853515625,68.45819091796875,1.168259382724595,0.0,0.9,0.78125,1.0,0.0,0.9999999985714286,0.6640102557859098,1.0,0.9999999996875,0.07812499997558593,0.9531249997021484,0.37290941336061006,0.13828871206727456,-0.1357397576443469
-0.5,0.30000000000000004,6458.14892578125,66.89872741699219,0.9662178323144373,0.0,0.9,0.83125,1.0,0.0,0.9999999981481481,0.7335784968543589,1.0,0.9999999996875,0.09999999996874999,0.9843749996923827,0.2624562183577132,0.14348280441221903,-0.12706252447525715
-0.3999999999999999,0.30000000000000004,6223.32421875,65.57112121582031,0.7961842973735858,0.0,0.9,0.871875,1.0,0.0,0.9999999975609756,0.783728788098089,1.0,0.9999999996875,0.1093749999658203,0.9999999996875,0.16891867811077665,0.1875114496057953,-0.1332039032910953
-0.29999999999999993,0.30000000000000004,6030.90966796875,64.50119018554688,0.6662154183659077,0.0,0.9,0.975,1.0,0.0,0.9999999875000002,0.9370848339335734,1.0,0.9999999996875,0.16562499994824217,0.9999999996875,0.08161877418983036,0.18466074799732934,-0.18305028635013765
-0.19999999999999996,0.30000000000000004,5886.9228515625,63.71253967285156,0.5942400217417559,0.0,0.9,1.0,1.0,0.0,0.0,1.0,1.0,0.9999999996875,0.19999999993749998,0.9999999996875,0.03339042438374471,0.15630118212280802,-0.15630118212280802
-0.09999999999999998,0.30000000000000004,5796.408203125,63.22441864013672,0.5850548150353538,0.0,0.9,1.0,1.0,0.0,0.0,1.0,1.0,0.9999999996875,0.2687499999160156,0.9999999996875,0.027914515720768602,0.14549401535435813,-0.14549401535435813
0.0,0.30000000000000004,5764.490234375,63.04964065551758,0.6137242552082725,0.0,0.9,1.0,1.0,0.0,0.0,1.0,1.0,0.9999999996875,0.19999999993749998,0.9999999996875,0.047894531311469646,0.17727727262180787,-0.17727727262180787
0.10000000000000009,0.30000000000000004,5793.552734375,63.192962646484375,0.7453353613559576,0.0,0.9,0.946875,1.0,0.0,0.9999999941176471,0.9041033820074021,1.0,0.9999999996875,0.12812499995996093,0.9999999996875,0.13798255577744487,0.20975866812617824,-0.20920259020896548
0.20000000000000018,0.30000000000000004,5880.67529296875,63.65045928955078,1.1041060226871666,0.0,0.9,0.775,1.0,0.0,0.9999999986111112,0.6663803869818313,1.0,0.9999999996875,0.0749999999765625,0.9656249996982421,0.3297245357199244,0.132038982280561,-0.12301322787625073
0.30000000000000004,0.30000000000000004,6021.4169921875,64.41006469726562,1.4429986665135617,0.0,0.9,0.69375,1.0,0.0,0.9999999989795919,0.5296452273546695,1.0,0.9999999996875,0.018749999994140624,0.8781249997255859,0.4642303607448698,0.12593501296660384,-0.11568436755448092
0.40000000000000013,0.30000000000000004,6211.1591796875,65.45309448242188,1.700594939552249,0.0,0.9,0.5875,0.0,0.0,0.9999999992424243,0.40579277719957163,0.0,0.9999999996875,0.0,0.8156249997451172,0.5810791007674696,0.08300263403415535,-0.08300263403415535
0.5,0.30000000000000004,6444.36474609375,66.7562255859375,1.9270874353275749,0.0,0.9,0.55,0.0,0.0,0.9999999993055556,0.37378296674915046,0.0,0.9999999996875,0.0,0.793749999751953,0.6871271858741677,0.15388792742773424,-0.12600782429792132
0.6000000000000001,0.30000000000000004,6715.10302734375,68.29383850097656,2.177856687857661,0.0,0.9,0.371875,0.0,0.0,0.9999999995024876,0.20071266898743856,0.0,0.9999999996875,0.0,0.7468749997666015,0.7935925752975053,0.07291292476292888,-0.016711799933268004
0.7000000000000002,0.30000000000000004,7018.6845703125,70.03974151611328,2.442640780233488,0.0,0.9,0.265625,0.0,0.0,0.9999999995744681,0.14120730269067863,0.0,0.9999999996875,0.0,0.6749999997890624,0.8782008311193183,0.037544638392221844,0.03735614902233245
0.8,0.30000000000000004,7357.15771484375,71.96876525878906,2.6583514158728887,0.0,0.9,0.171875,0.0,0.0,0.9999999996226414,0.08991941371143053,0.0,0.9999999996875,0.0,0.6312499998027343,0.9406597002993325,0.10766205876679273,0.10766205876679273
0.9000000000000001,0.30000000000000004,7720.12255859375,74.05754852294922,2.9002399341369247,0.0,0.9,0.08125,0.0,0.0,0.9999999996598639,0.053356520765729686,0.0,0.9999999996875,0.0,0.5624999998242187,0.9943804583404765,0.19858703079806952,0.19858703079806952
1.0,0.30000000000000004,8103.90869140625,76.2850570678711,3.136064752799945,0.0,0.9,0.03125,0.0,0.0,0.9999999996774193,0.02364064362876242,0.0,0.9999999996875,0.0,0.39999999987499996,1.0319439486767592,0.25367465289817376,0.25367465289817376
-1.0,0.40000000000000013,8261.6318359375,77.22393035888672,1.8488791811239178,0.0,0.9,0.5125,1.0,0.0,0.9999999993589744,0.31081755098561814,1.0,0.9999999996875,0.003124999999023437,0.9156249997138671,0.6790051853252107,0.175893752613547,0.006753507727191816
-0.9,0.40000000000000013,7884.220703125,75.02165222167969,1.694046606515186,0.0,0.9,0.565625,1.0,0.0,0.9999999992805756,0.3551912439756818,1.0,0.9999999996875,0.006249999998046874,0.9156249997138671,0.6051199477893185,0.11497332419348766,-0.02471441534906326
-0.8,0.40000000000000013,7528.37890625,72.95753479003906,1.5474527049518247,0.0,0.9,0.609375,1.0,0.0,0.9999999992,0.4170138390126765,1.0,0.9999999996875,0.012499999996093749,0.9156249997138671,0.5413611433112624,0.0847591363539952,-0.057293438335549306
-0.7,0.40000000000000013,7197.58349609375,71.05178833007812,1.429630060213551,0.0,0.9,0.703125,1.0,0.0,0.9999999989473685,0.5275584090239263,1.0,0.9999999996875,0.05312499998339843,0.9281249997099609,0.4918110850758364,0.19203715049012024,-0.1291369385648186
-0.6,0.40000000000000013,6895.2744140625,69.32669067382812,1.2396200647385434,0.0,0.9,0.78125,1.0,0.0,0.9999999985714286,0.6626355497153816,1.0,0.9999999996875,0.049999999984374995,0.9312499997089843,0.3934588970163359,0.1651759424738836,-0.1651759424738836
-0.5,0.40000000000000013,6631.1796875,67.80616760253906,1.084871079681973,0.0,0.9,0.809375,1.0,0.0,0.9999999983606557,0.6975229157488475,1.0,0.9999999996875,0.07187499997753906,0.949999999703125,0.3170742577031679,0.15280199447002302,-0.15280199447002302
-0.3999999999999999,0.40000000000000013,6404.634765625,66.514892578125,0.8956978499563738,0.0,0.9,0.903125,1.0,0.0,0.9999999967741935,0.8255841165724888,1.0,0.9999999996875,0.07187499997753906,0.9812499996933594,0.20837979888901034,0.2180972846776379,-0.21441980102833502
-0.29999999999999993,0.40000000000000013,6220.81201171875,65.47702026367188,0.7928938707082847,0.0,0.9,0.946875,1.0,0.0,0.9999999941176471,0.8925307496736068,1.0,0.9999999996875,0.09999999996874999,0.9937499996894531,0.14403870616765524,0.22332519819483476,-0.21803532265684605
-0.19999999999999996,0.40000000000000013,6084.68408203125,64.71444702148438,0.7421830624916964,0.0,0.9,0.959375,1.0,0.0,0.9999999923076924,0.9154270475766817,1.0,0.9999999996875,0.10312499996777343,0.9999999996875,0.1261969716353177,0.21993003712854098,-0.2197116947662959
-0.09999999999999998,0.40000000000000013,5999.501953125,64.24488830566406,0.7410201043698139,0.0,0.9,0.965625,1.0,0.0,0.9999999909090911,0.9378520225294419,1.0,0.9999999996875,0.13124999995898437,0.9999999996875,0.1330734619891379,0.2392868635528614,-0.2392868635528614
0.0,0.40000000000000013,5969.64892578125,64.07998657226562,0.858192116739661,0.0,0.9,0.8875,1.0,0.0,0.9999999972222222,0.8070165693270264,1.0,0.9999999996875,0.10624999996679686,0.9968749996884765,0.2032402276000956,0.19302865925561935,-0.1924917000865279
0.10000000000000009,0.40000000000000013,5997.04150390625,64.22398376464844,1.1287809384610632,0.0,0.9,0.803125,1.0,0.0,0.9999999984126984,0.6921053035588913,1.0,0.9999999996875,0.0749999999765625,0.9437499997050781,0.3328917538206887,0.17611607528557838,-0.17611607528557838
0.20000000000000018,0.40000000000000013,6079.234375,64.67317199707031,1.4150501445047832,0.0,0.9,0.70625,1.0,0.0,0.9999999989361703,0.5610657096417768,1.0,0.9999999996875,0.040624999987304684,0.8968749997197265,0.46542750286217693,0.14194193966682597,-0.13996424480042977
0.30000000000000004,0.40000000000000013,6213.10546875,65.41635131835938,1.6672656917904893,0.0,0.9,0.58125,1.0,0.0,0.9999999992537314,0.399128281784712,1.0,0.9999999996875,0.003124999999023437,0.8343749997392578,0.5765495330881952,0.09444973282532486,-0.06893923857971544
0.40000000000000013,0.40000000000000013,6394.71044921875,66.4361572265625,1.8747568709216105,0.0,0.9,0.525,0.0,0.0,0.9999999993421053,0.363564794049488,0.0,0.9999999996875,0.0,0.8093749997470703,0.6789129215290053,0.14365900905261358,-0.08774339897764136
0.5,0.40000000000000013,6619.3779296875,67.71090698242188,2.1073286827145714,0.0,0.9,0.40625,0.0,0.0,0.9999999994736842,0.25962744430966755,0.0,0.9999999996875,0.0,0.7624999997617187,0.7762651178406368,0.09594330799943407,-0.03913354691639366
0.6000000000000001,0.40000000000000013,6881.2724609375,69.21656799316406,2.3506058222810964,0.0,0.9,0.28125,0.0,0.0,0.9999999995652175,0.15762627262940954,0.0,0.9999999996875,0.0,0.7312499997714843,0.8660524329563238,0.0846213519615629,0.03901396592536689
0.7000000000000002,0.40000000000000013,7181.861328125,70.92843627929688,2.5776322802954987,0.0,0.9,0.178125,0.0,0.0,0.9999999996197718,0.10272737541131742,0.0,0.9999999996875,0.0,0.6343749998017578,0.9243835600290994,0.10285395399120176,0.10285395399120176
0.8,0.40000000000000013,7512.076171875,72.82252502441406,2.8220414074111004,0.0,0.9,0.08125,0.0,0.0,0.9999999996598639,0.05351400405766306,0.0,0.9999999996875,0.0,0.5812499998183593,0.9829307969202083,0.19422528514231033,0.19422528514231033
0.9000000000000001,0.40000000000000013,7867.2275390625,74.87642669677734,3.0070518369079133,0.0,0.9,0.025,0.0,0.0,0.9999999996794872,0.025492262948428934,0.0,0.9999999996875,0.0,0.4937499998457031,1.0179336369571739,0.25200362961945677,0.25200362961945677
1.0,0.40000000000000013,8243.646484375,77.06978607177734,3.238693410949398,0.0,0.9,0.021875,0.0,0.0,0.9999999996805111,0.03134088108065978,0.0,0.9999999996875,0.0,0.3593749998876953,1.0555566549659148,0.26875045920095225,0.26875045920095225
-1.0,0.5,8433.5830078125,78.14619445800781,1.9786124548964397,0.0,0.9,0.48125,1.0,0.0,0.9999999993975904,0.2993727040155611,1.0,0.9999999996875,0.003124999999023437,0.8468749997353515,0.7100842460916946,0.161662552419805,0.04160957465144129
-0.9,0.5,8065.17578125,75.99044799804688,1.8061899300779836,0.0,0.9,0.565625,1.0,0.0,0.9999999992805756,0.3619413954392946,1.0,0.9999999996875,0.003124999999023437,0.8781249997255859,0.6336316813455604,0.14508915411871756,-0.041503883524784874
-0.8,0.5,7718.94482421875,73.97423553466797,1.641490474296045,0.0,0.9,0.596875,1.0,0.0,0.9999999992248062,0.3884712912172867,1.0,0.9999999996875,0.012499999996093749,0.9031249997177734,0.5741179006619949,0.0876965840399954,-0.05877227153928611
-0.7,0.5,7398.08544921875,72.11701202392578,1.5141690905051923,0.0,0.9,0.65625,1.0,0.0,0.9999999990909092,0.47189153589712174,1.0,0.9999999996875,0.03437499998925781,0.921874999711914,0.5177078911792854,0.1950775074262245,-0.10656763145132692
-0.6,0.5,7105.9462890625,70.44001007080078,1.3581705060168265,0.0,0.9,0.728125,0.9444444444444444,0.0,0.9885057459902233,0.5851862250930573,0.4722222222222222,0.9999999996875,0.05624999998242187,0.9249999997109374,0.4446274952687962,0.14923541380357977,-0.14923541380357977
-0.5,0.5,6846.10302734375,68.96575164794922,1.2124057527294239,0.0,0.9,0.75625,0.95,0.0,0.9871794859138725,0.6277895422069741,0.475,0.9999999996875,0.06249999998046875,0.9437499997050781,0.37696262204691233,0.15905143935399219,-0.15588523789492337
-0.3999999999999999,0.5,6629.12353515625,67.71720886230469,1.1122794405687422,0.0,0.9,0.840625,1.0,0.0,0.9999999980392157,0.7158987310863578,1.0,0.9999999996875,0.06562499997949219,0.9406249997060546,0.31002891200584287,0.21766693204004334,-0.21766693204004334
-0.29999999999999993,0.5,6454.384765625,66.71662902832031,1.0255631718562903,0.0,0.9,0.86875,1.0,0.0,0.9999999976190476,0.7680317277398786,1.0,0.9999999996875,0.06874999997851562,0.949999999703125,0.2788295370541056,0.22718914690589828,-0.22718914690589828
-0.19999999999999996,0.5,6325.6171875,65.9839859008789,1.028751209664844,0.0,0.9,0.875,1.0,0.0,0.9999999975,0.7913407029478459,1.0,0.9999999996875,0.0749999999765625,0.9656249996982421,0.2862261211876973,0.2323799207150178,-0.2323799207150178
-0.09999999999999998,0.5,6245.67724609375,65.53524017333984,1.0847091219444283,0.0,0.9,0.834375,1.0,0.0,0.9999999981132075,0.7247362758664765,1.0,0.9999999996875,0.05624999998242187,0.9624999996992187,0.32475310177859196,0.21666820926860597,-0.21340340435582594
0.0,0.5,6217.70947265625,65.38081359863281,1.269847081536652,0.0,0.9,0.771875,1.0,0.0,0.9999999986301371,0.6630209097395031,1.0,0.9999999996875,0.031249999990234374,0.9406249997060546,0.40799138190777023,0.19407756065305803,-0.19164055688748
0.10000000000000009,0.5,6243.21826171875,65.52439880371094,1.4527762599306808,0.0,0.9,0.66875,0.0,0.0,0.9999999990566039,0.5265593120559433,0.0,0.9999999996875,0.0,0.9124999997148436,0.490168700211764,0.13308264766279065,-0.13308264766279065
0.20000000000000018,0.5,6320.74609375,65.9625473022461,1.6755989931680126,0.0,0.9,0.56875,0.0,0.0,0.9999999992753623,0.3827043972437925,0.0,0.9999999996875,0.0,0.8749999997265624,0.5968502692045502,0.12177093921978366,-0.0799040317745833
0.30000000000000004,0.5,6447.59912109375,66.68505859375,1.861894522622339,0.0,0.9,0.509375,0.0,0.0,0.9999999993630574,0.3626725760190112,0.0,0.9999999996875,0.0,0.8374999997382812,0.6873582960619529,0.15085990490058387,-0.08188735350696975
0.40000000000000013,0.5,6620.87255859375,67.6761245727539,2.082392650918065,0.0,0.9,0.40625,0.0,0.0,0.9999999994736842,0.2694137255067639,0.0,0.9999999996875,0.0,0.7999999997499999,0.784156726704674,0.11548574464424607,-0.036352531349769415
0.5,0.5,6836.080078125,68.9158935546875,2.3017309682170897,0.0,0.9,0.28125,0.0,0.0,0.9999999995652175,0.18513082556822522,0.0,0.9999999996875,0.0,0.7343749997705078,0.8583509013961151,0.09987314283471171,0.04070914567900866
0.6000000000000001,0.5,7094.05322265625,70.38219451904297,2.528399464583988,0.0,0.9,0.15625,0.0,0.0,0.9999999996296296,0.10729132621755558,0.0,0.9999999996875,0.0,0.6593749997939453,0.9224369839815038,0.13520354699132653,0.13520354699132653
0.7000000000000002,0.5,7384.857421875,72.05204010009766,2.745084326201829,0.0,0.9,0.08125,0.0,0.0,0.9999999996598639,0.05840326605984381,0.0,0.9999999996875,0.0,0.5687499998222656,0.9741137967515141,0.1966145211311763,0.1966145211311763
0.8,0.5,7704.978515625,73.90288543701172,2.9335320362848036,0.0,0.9,0.034375,0.0,0.0,0.9999999996763753,0.023641822858792533,0.0,0.9999999996875,0.0,0.5093749998408202,1.0112524015500013,0.24327947452887572,0.24327947452887572
0.9000000000000001,0.5,8050.9638671875,75.9134521484375,3.145346149480162,0.0,0.9,0.0125,0.0,0.0,0.9999999996835442,0.023809523809523808,0.0,0.9999999996875,0.0,0.371874999883789,1.042251337498312,0.26578170985385446,0.26578170985385446
1.0,0.5,8418.67578125,78.0642318725586,3.379446200492741,0.0,0.9,0.01875,0.0,0.0,0.9999999996815286,0.03361960620025136,0.0,0.9999999996875,0.0,0.2593749999189453,1.069406044604078,0.2695217513113946,0.2695217513113946
-1.0,0.6000000000000001,8638.2138671875,79.26846313476562,2.1016119536647824,0.0,0.9,0.403125,0.0,0.0,0.9999999994764398,0.2474394310703114,0.0,0.9999999996875,0.0,0.793749999751953,0.7403770043310498,0.15766904942817792,0.11582103564942109
-0.9,0.6000000000000001,8280.0322265625,77.16615295410156,1.922817001033406,0.0,0.9,0.490625,1.0,0.0,0.9999999993865031,0.30957552833826746,1.0,0.9999999996875,0.003124999999023437,0.8312499997402343,0.667167701645644,0.07790207771340342,0.02563647756891791
-0.8,0.6000000000000001,7944.37109375,75.20457458496094,1.8037273761492683,0.0,0.9,0.575,1.0,0.0,0.999999999264706,0.36115884135551035,1.0,0.9999999996875,0.024999999992187497,0.8687499997285155,0.6216121165014049,0.16353945659018365,-0.05803184656295949
-0.7,0.6000000000000001,7634.2333984375,73.40229034423828,1.6170575533750964,0.0,0.9,0.659375,1.0,0.0,0.9999999990825689,0.47566462597518505,1.0,0.9999999996875,0.040624999987304684,0.8999999997187499,0.5537710852013228,0.1704729672895879,-0.13602078609917775
-0.6,0.6000000000000001,7352.83642578125,71.77928924560547,1.5193761044849143,0.0,0.9,0.671875,0.9444444444444444,0.0,0.9904761895328799,0.5068197510920526,0.4722222222222222,0.9999999996875,0.05624999998242187,0.9093749997158203,0.5119554761134465,0.15784647964838064,-0.128444426060335
-0.5,0.6000000000000001,7103.90283203125,70.35652160644531,1.4350120495849763,0.0,0.9,0.690625,1.0,0.0,0.999999998989899,0.5460550254996728,1.0,0.9999999996875,0.05624999998242187,0.9156249997138671,0.4734756107630193,0.14706906596474956,-0.14475060623904298
-0.3999999999999999,0.6000000000000001,6891.6962890625,69.15512084960938,1.391373678036479,0.0,0.9,0.7875,1.0,0.0,0.9999999985294119,0.6514733684447321,1.0,0.9999999996875,0.05312499998339843,0.9249999997109374,0.4563952602595055,0.2657530300343926,-0.24587038274497575
-0.29999999999999993,0.6000000000000001,6725.7177734375,68.19530487060547,1.3581806626480932,0.0,0.9,0.765625,0.9090909090909091,0.0,0.9733333320355556,0.6293690955709471,0.6296296296296297,0.9999999996875,0.06874999997851562,0.9406249997060546,0.4512568537770015,0.2638190682554955,-0.211294435612524
-0.19999999999999996,0.6000000000000001,6603.88427734375,67.49498748779297,1.4171710684583363,0.0,0.9,0.696875,0.9375,0.0,0.9896907206291848,0.5416546742349028,0.6388888888888888,0.9999999996875,0.049999999984374995,0.9374999997070312,0.4817441385171791,0.19970570553479028,-0.15161116422273266
-0.09999999999999998,0.6000000000000001,6528.8349609375,67.06838989257812,1.4658084814641648,0.0,0.9,0.684375,1.0,0.0,0.999999999009901,0.5493662218103065,1.0,0.9999999996875,0.02187499999316406,0.9374999997070312,0.5050055943654652,0.20521570594841165,-0.1561527381697696
0.0,0.6000000000000001,6502.591796875,66.92464447021484,1.6130361711236758,0.0,0.9,0.615625,0.0,0.0,0.9999999991869919,0.459640184162243,0.0,0.9999999996875,0.0,0.921874999711914,0.5766080166216282,0.1706656459479813,-0.12543491372973978
0.10000000000000009,0.6000000000000001,6526.59130859375,67.06693267822266,1.8095230694308764,0.0,0.9,0.55625,0.0,0.0,0.9999999992957747,0.3803201159606439,0.0,0.9999999996875,0.0,0.8812499997246093,0.6637772065516961,0.17606133370761753,-0.10938464245057608
0.20000000000000018,0.6000000000000001,6599.53662109375,67.49210357666016,1.9507271614935744,0.0,0.9,0.50625,0.0,0.0,0.9999999993670886,0.34744979035301615,0.0,0.9999999996875,0.0,0.8531249997333984,0.7308698907660213,0.21057021629663064,-0.10641761524471964
0.30000000000000004,0.6000000000000001,6719.77783203125,68.19100952148438,2.134802108030276,0.0,0.9,0.39375,0.0,0.0,0.9999999994845361,0.2630641727849547,0.0,0.9999999996875,0.0,0.7906249997529297,0.8122618716694663,0.14859796127072816,-0.037883979195906324
0.40000000000000013,0.6000000000000001,6884.51171875,69.14946746826172,2.3098250880808417,0.0,0.9,0.253125,0.0,0.0,0.99999999958159,0.16181624801245215,0.0,0.9999999996875,0.0,0.7531249997646484,0.8766302975496905,0.09869321918458257,0.06904894181529761
0.5,0.6000000000000001,7095.814453125,70.34954833984375,2.531847855475714,0.0,0.9,0.15625,0.0,0.0,0.9999999996296296,0.11752304147465438,0.0,0.9999999996875,0.0,0.6468749997978516,0.93465937515628,0.1528126914887019,0.14801440160561574
0.6000000000000001,0.6000000000000001,7343.84228515625,71.77108001708984,2.723250525368974,0.0,0.9,0.075,0.0,0.0,0.9999999996621621,0.04952780005294179,0.0,0.9999999996875,0.0,0.5343749998330077,0.9800903273510845,0.21165214324119644,0.21165214324119644
0.7000000000000002,0.6000000000000001,7624.3310546875,73.39291381835938,2.9252926718255674,0.0,0.9,0.034375,0.0,0.0,0.9999999996763753,0.04488142619896215,0.0,0.9999999996875,0.0,0.4624999998554687,1.0163217349065006,0.25325500083445796,0.25325500083445796
0.8,0.6000000000000001,7933.74267578125,75.19410705566406,3.096249327723451,0.0,0.9,0.034375,0.0,0.0,0.9999999996763753,0.05539208178581001,0.0,0.9999999996875,0.0,0.3531249998896484,1.037692103755991,0.2503038359028428,0.2503038359028428
0.9000000000000001,0.6000000000000001,8269.0263671875,77.15465545654297,3.287069350304755,0.0,0.9,0.034375,0.0,0.0,0.9999999996763753,0.06650240425604474,0.0,0.9999999996875,0.0,0.25624999991992187,1.0603811735238517,0.2549052345713365,0.2549052345713365
1.0,0.6000000000000001,8626.708984375,79.25605010986328,3.4538706088705857,0.0,0.9,0.025,0.0,0.0,0.9999999996794872,0.04395604395604396,0.0,0.9999999996875,0.0,0.21562499993261716,1.0754669724194514,0.26388919380820297,0.26388919380820297
-1.0,0.7000000000000002,8873.4453125,80.57781219482422,2.223582294815158,0.0,0.9,0.384375,0.0,0.0,0.9999999994923858,0.23078313143439194,0.0,0.9999999996875,0.0,0.7781249997568359,0.7720084192318682,0.15836948986697108,0.1276915742700449
-0.9,0.7000000000000002,8525.876953125,78.5341796875,2.079348212616832,0.0,0.9,0.44375,1.0,0.0,0.9999999994382023,0.28141519888674404,1.0,0.9999999996875,0.012499999996093749,0.7749999997578124,0.7138276408582873,0.1009264475222162,0.04986051132635225
-0.8,0.7000000000000002,8201.14453125,76.63217163085938,1.9181987855648572,0.0,0.9,0.490625,1.0,0.0,0.9999999993865031,0.31611999504083366,1.0,0.9999999996875,0.015624999995117187,0.8281249997412109,0.6609576093510536,0.12240575314876698,-0.004978519276707249
-0.7,0.7000000000000002,7902.34228515625,74.8893051147461,1.8155864829296033,0.0,0.9,0.584375,0.9090909090909091,0.0,0.9924812022612923,0.41998533831102636,0.45454545454545453,0.9999999996875,0.03437499998925781,0.8624999997304686,0.6284272014169017,0.1410339771198862,-0.08683042636727463
-0.6,0.7000000000000002,7632.7548828125,73.32424926757812,1.7168625726650069,0.0,0.9,0.659375,0.9333333333333333,0.0,0.9908256871643801,0.5093776217175554,0.4666666666666667,0.9999999996875,0.04687499998535156,0.8843749997236328,0.591805084773454,0.21368014054381612,-0.16101951534566783
-0.5,0.7000000000000002,7394.7783203125,71.95626068115234,1.6486392645125663,0.0,0.9,0.65625,0.9333333333333333,0.0,0.9909090900082645,0.5083053983053983,0.4666666666666667,0.9999999996875,0.04687499998535156,0.8968749997197265,0.563892460051818,0.18267310185622773,-0.16244368387049854
-0.3999999999999999,0.7000000000000002,7192.98583984375,70.80461120605469,1.6448868184129934,0.0,0.9,0.671875,0.875,0.0,0.9904761895328799,0.5248997125892751,0.4375,0.9999999996875,0.024999999992187497,0.8999999997187499,0.5692063955953109,0.23105700693985243,-0.1708401309425907
-0.29999999999999993,0.7000000000000002,7030.43701171875,69.88739776611328,1.7093811885372907,0.0,0.9,0.5875,0.8571428571428571,0.0,0.9848484841023876,0.42741060526774827,0.42857142857142855,0.9999999996875,0.04374999998632812,0.9093749997158203,0.6130569694146295,0.19703336348622505,-0.08745582106357111
-0.19999999999999996,0.7000000000000002,6915.5400390625,69.22056579589844,1.7777613045860703,0.0,0.9,0.553125,0.875,0.0,0.9930069923125826,0.383351226827298,0.6190476190476191,0.9999999996875,0.024999999992187497,0.9093749997158203,0.6490189234822848,0.17148183360480457,-0.05846445620188137
-0.09999999999999998,0.7000000000000002,6844.55224609375,68.81658172607422,1.8695612056660267,0.0,0.9,0.53125,1.0,0.0,0.9999999993333334,0.3726216572471876,1.0,0.9999999996875,0.012499999996093749,0.8999999997187499,0.6885841478999203,0.16441549615283552,-0.060577892353724426
0.0,0.7000000000000002,6819.46484375,68.68342590332031,1.9901671488410662,0.0,0.9,0.45625,0.0,0.0,0.9999999994252874,0.3000118491047467,0.0,0.9999999996875,0.0,0.871874999727539,0.7402592912958611,0.12928943120935876,-0.032997177660490054
0.10000000000000009,0.7000000000000002,6841.5810546875,68.82376098632812,2.1089748914447695,0.0,0.9,0.421875,0.0,0.0,0.9999999994594595,0.29747386239435347,0.0,0.9999999996875,0.0,0.8374999997382812,0.7927603389473006,0.14461450803418574,-0.03577150844451903
0.20000000000000018,0.7000000000000002,6910.544921875,69.23475646972656,2.239097502749178,0.0,0.9,0.3375,0.0,0.0,0.9999999995283019,0.23197557266784272,0.0,0.9999999996875,0.0,0.7812499997558593,0.8511119912941413,0.1230718521551194,0.008294550832455727
0.30000000000000004,0.7000000000000002,7024.23291015625,69.90828704833984,2.3887038706829538,0.0,0.9,0.234375,0.0,0.0,0.9999999995918367,0.1556297022572939,0.0,0.9999999996875,0.0,0.7312499997714843,0.9041979917989875,0.09285550578718182,0.09285550578718182
0.40000000000000013,0.7000000000000002,7186.146484375,70.831787109375,2.5604577506096926,0.0,0.9,0.15,0.0,0.0,0.9999999996323529,0.09852915886604112,0.0,0.9999999996875,0.0,0.6531249997958984,0.9480209292507084,0.16288324442866509,0.15834367158452395
0.5,0.7000000000000002,7388.29443359375,71.98922729492188,2.7212186745947915,0.0,0.9,0.09375,0.0,0.0,0.9999999996551724,0.06587478064780522,0.0,0.9999999996875,0.0,0.48124999984960937,0.9807932753810276,0.20602090613551008,0.20602090613551008
0.6000000000000001,0.7000000000000002,7626.265625,73.36243438720703,2.86587556829284,0.0,0.9,0.05,0.0,0.0,0.9999999996710526,0.05130514326942898,0.0,0.9999999996875,0.0,0.4187499998691406,1.0071683557286242,0.23629159987219864,0.23629159987219864
0.7000000000000002,0.7000000000000002,7895.755859375,74.93218231201172,3.0811000684591754,0.0,0.9,0.03125,0.0,0.0,0.9999999996774193,0.05033962069676355,0.0,0.9999999996875,0.0,0.3093749999033203,1.0376797404407898,0.2573838011534453,0.2573838011534453
0.8,0.7000000000000002,8194.1728515625,76.67919158935547,3.2352554627912284,0.0,0.9,0.03125,0.0,0.0,0.9999999996774193,0.054260651629072676,0.0,0.9999999996875,0.0,0.25624999991992187,1.0553002886403153,0.2588307918043278,0.2588307918043278
0.9000000000000001,0.7000000000000002,8518.2939453125,78.5848388671875,3.396173743035387,0.0,0.9,0.034375,0.0,0.0,0.9999999996763753,0.05176432762639659,0.0,0.9999999996875,0.0,0.1687499999472656,1.0679378723888613,0.2579390865319679,0.2579390865319679
1.0,0.7000000000000002,8865.3642578125,80.63167572021484,3.6146785013148284,0.0,0.9,0.028125,0.0,0.0,0.9999999996784565,0.037815126050420166,0.0,0.9999999996875,0.0,0.1343749999580078,1.0875294988322521,0.2691736869490853,0.2691736869490853
-1.0,0.8,9136.2431640625,82.0605239868164,2.396332931275612,0.0,0.9,0.35,0.0,0.0,0.9999999995192308,0.20017359673890336,0.0,0.9999999996875,0.0,0.7249999997734374,0.804287272245791,0.170714791508572,0.15435954644551736
-0.9,0.8,8799.8125,80.07923889160156,2.225083115898728,0.0,0.9,0.4,1.0,0.0,0.9999999994791667,0.24273956620005152,1.0,0.9999999996875,0.006249999998046874,0.7656249997607422,0.7586815095491443,0.14975057724487376,0.08346344475162629
-0.8,0.8,8486.6328125,78.24004364013672,2.0424165555643277,0.0,0.9,0.4625,0.8571428571428571,0.0,0.9941860459336128,0.30822380234144947,0.42857142857142855,0.9999999996875,0.02187499999316406,0.8124999997460937,0.6955562614424848,0.10620719537518206,0.021025947832064372
-0.7,0.8,8199.78125,76.5593490600586,1.9781548342848647,0.0,0.9,0.509375,1.0,0.0,0.9999999993630574,0.35357931420431427,1.0,0.9999999996875,0.03749999998828125,0.8343749997392578,0.681314695259191,0.11313742910171398,-0.027862346084340267
-0.6,0.8,7941.70166015625,75.05438995361328,1.9234072300560252,0.0,0.9,0.509375,0.9166666666666666,0.0,0.993630572615522,0.3634282722612234,0.4583333333333333,0.9999999996875,0.03749999998828125,0.8624999997304686,0.6700462651004486,0.11598771219825692,-0.0256633132231836
-0.5,0.8,7715.07177734375,73.74280548095703,1.9472618190412136,0.0,0.9,0.56875,0.9230769230769231,0.0,0.9927536224690191,0.4159239925897618,0.46153846153846156,0.9999999996875,0.040624999987304684,0.8687499997285155,0.6809532342780695,0.20849577025322008,-0.09373802616031474
-0.3999999999999999,0.8,7523.14599609375,72.64189910888672,1.9348940939162538,0.0,0.9,0.50625,0.8888888888888888,0.0,0.9936708854470437,0.3441872008253996,0.4444444444444444,0.9999999996875,0.028124999991210934,0.893749999720703,0.7023880228591778,0.1618767763537748,-0.033700182709610844
-0.29999999999999993,0.8,7369.2109375,71.767822265625,1.9865866979010174,0.0,0.9,0.503125,0.8333333333333334,0.0,0.9937106911989241,0.3511918838610568,0.4166666666666667,0.9999999996875,0.018749999994140624,0.893749999720703,0.7306170814874824,0.16766514487220874,-0.030780618498926177
-0.19999999999999996,0.8,7255.24169921875,71.13460540771484,2.0807177365915166,0.0,0.9,0.490625,1.0,0.0,0.9999999993865031,0.33427603268541667,1.0,0.9999999996875,0.003124999999023437,0.8593749997314453,0.7742969805191136,0.22995267868121425,-0.04148340169444251
-0.09999999999999998,0.8,7188.06201171875,70.75309753417969,2.222713235269856,0.0,0.9,0.421875,0.0,0.0,0.9999999994594595,0.2731756036797344,0.0,0.9999999996875,0.0,0.8124999997460937,0.8276021336256038,0.22824202719602127,-0.009182688348237537
0.0,0.8,7164.17919921875,70.63018035888672,2.3236589920705213,0.0,0.9,0.35625,0.0,0.0,0.9999999995145631,0.23178510440469288,0.0,0.9999999996875,0.0,0.771874999758789,0.8660432903956382,0.1543459045903117,0.029222003232627206
0.10000000000000009,0.8,7184.83935546875,70.76810455322266,2.427775954328392,0.0,0.9,0.271875,0.0,0.0,0.9999999995708154,0.1724759875506144,0.0,0.9999999996875,0.0,0.7187499997753906,0.9001470900216209,0.08366082640662963,0.07913723672485702
0.20000000000000018,0.8,7249.75634765625,71.1643295288086,2.534790465203849,0.0,0.9,0.21875,0.0,0.0,0.9999999996000001,0.1394794295286906,0.0,0.9999999996875,0.0,0.6687499997910156,0.9355379937022851,0.11329740893283946,0.11238341033653901
0.30000000000000004,0.8,7362.765625,71.81171417236328,2.657665437950817,0.0,0.9,0.134375,0.0,0.0,0.9999999996389891,0.08265964328895233,0.0,0.9999999996875,0.0,0.549999999828125,0.9724483383347761,0.18266040509734824,0.18266040509734824
0.40000000000000013,0.8,7516.49951171875,72.69915771484375,2.8069169913622702,0.0,0.9,0.09375,0.0,0.0,0.9999999996551724,0.05967793581485285,0.0,0.9999999996875,0.0,0.40624999987304683,1.0012651301977082,0.21400470151010076,0.21400470151010076
0.5,0.8,7709.07568359375,73.81251525878906,2.9245468031576234,0.0,0.9,0.059375,0.0,0.0,0.999999999667774,0.05556410943008881,0.0,0.9999999996875,0.0,0.3187499999003906,1.0214492127119974,0.23859400053401558,0.23859400053401558
0.6000000000000001,0.8,7936.79248046875,75.13551330566406,3.0753666262673254,0.0,0.9,0.053125,0.0,0.0,0.9999999996699669,0.060398901575372164,0.0,0.9999999996875,0.0,0.22187499993066404,1.0409318528522227,0.23979816672063717,0.23979816672063717
0.7000000000000002,0.8,8195.8251953125,76.65081787109375,3.231628257968753,0.0,0.9,0.040625,0.0,0.0,0.999999999674267,0.04902395740905057,0.0,0.9999999996875,0.0,0.15624999995117186,1.0578405925029772,0.2551751882747244,0.2551751882747244
0.8,0.8,8482.9599609375,78.34080505371094,3.356350068676221,0.0,0.9,0.040625,0.0,0.0,0.999999999674267,0.03793825222396651,0.0,0.9999999996875,0.0,0.1593749999501953,1.0678326735247365,0.25941298977472105,0.2588279309647334
0.9000000000000001,0.8,8795.8994140625,80.18830871582031,3.530109048813102,0.0,0.9,0.0375,0.0,0.0,0.9999999996753246,0.04247351114358787,0.0,0.9999999996875,0.0,0.14374999995507812,1.0824456193922862,0.27077848549952527,0.27077848549952527
1.0,0.8,9131.830078125,82.17698669433594,3.7281891077177116,0.0,0.9,0.034375,0.0,0.0,0.9999999996763753,0.0354421768707483,0.0,0.9999999996875,0.0,0.13749999995703124,1.0903252364985165,0.2752418254358191,0.2752418254358191
-1.0,0.9000000000000001,9424.6875,83.70263671875,2.5349847763419304,0.0,0.9,0.346875,0.0,0.0,0.9999999995215312,0.20464758828814128,0.0,0.9999999996875,0.0,0.7281249997724609,0.8363590572452901,0.15219543320714302,0.15219543320714302
-0.9,0.9000000000000001,9099.7783203125,81.78590393066406,2.4114392275127923,0.0,0.9,0.378125,0.75,0.0,0.994974873871872,0.23264157159187587,0.375,0.9999999996875,0.012499999996093749,0.7531249997646484,0.7971695378688413,0.10987833437689382,0.09815886580131226
-0.8,0.9000000000000001,8798.375,80.01128387451172,2.2550457503397587,0.0,0.9,0.4,1.0,0.0,0.9999999994791667,0.25513035456044575,1.0,0.9999999996875,0.015624999995117187,0.7749999997578124,0.7675054657037051,0.09170489750946273,0.06501514800953082
-0.7,0.9000000000000001,8522.970703125,78.39399719238281,2.212727883907063,0.0,0.9,0.396875,1.0,0.0,0.9999999994818654,0.26395959067387637,1.0,0.9999999996875,0.031249999990234374,0.8093749997470703,0.7565511722737468,0.08260824540043024,0.0706635154015318
-0.6,0.9000000000000001,8276.505859375,76.94986724853516,2.2157173190431974,0.0,0.9,0.421875,0.8888888888888888,0.0,0.9945945940569759,0.2874142114177611,0.4444444444444444,0.9999999996875,0.028124999991210934,0.8156249997451172,0.7732491775865185,0.09259197286600666,0.03402731122602708
-0.5,0.9000000000000001,8060.52685546875,75.69487762451172,2.225940945929179,0.0,0.9,0.38125,1.0,0.0,0.9999999994949496,0.2413507644354659,1.0,0.9999999996875,0.028124999991210934,0.8531249997333984,0.8039252302116066,0.12840839503010512,0.08361749963239999
-0.3999999999999999,0.9000000000000001,7878.10498046875,74.64451599121094,2.266681101288082,0.0,0.9,0.384375,0.9,0.0,0.9949238573629828,0.25254308991210295,0.45,0.9999999996875,0.031249999990234374,0.8312499997402343,0.8252172593439181,0.17265517672240233,0.08917158480398989
-0.29999999999999993,0.9000000000000001,7732.11767578125,73.8130874633789,2.338657952265537,0.0,0.9,0.35625,0.75,0.0,0.9951456305848808,0.2247229164618701,0.375,0.9999999996875,0.012499999996093749,0.8249999997421874,0.8600003185360432,0.15381246164052526,0.10428048848052911
-0.19999999999999996,0.9000000000000001,7624.205078125,73.21283721923828,2.422533511348524,0.0,0.9,0.296875,0.0,0.0,0.9999999995555556,0.15326345677548228,0.0,0.9999999996875,0.0,0.7812499997558593,0.8921489049101599,0.1737063558599865,0.12915540542442364
-0.09999999999999998,0.9000000000000001,7555.2734375,72.85318756103516,2.5100510572055947,0.0,0.9,0.29375,0.0,0.0,0.9999999995575222,0.1718177070127334,0.0,0.9999999996875,0.0,0.721874999774414,0.9151215665031459,0.15296165591085886,0.10006578884686497
0.0,0.9000000000000001,7533.1728515625,72.74003601074219,2.5984833674486674,0.0,0.9,0.24375,0.0,0.0,0.9999999995867769,0.1442839982118496,0.0,0.9999999996875,0.0,0.6468749997978516,0.9428106366315088,0.1503135021134504,0.1228820922072906
0.10000000000000009,0.9000000000000001,7552.85693359375,72.87525939941406,2.691433232838205,0.0,0.9,0.19375,0.0,0.0,0.999999999612403,0.11587007220051872,0.0,0.9999999996875,0.0,0.6093749998095702,0.966228210514265,0.1633514205079986,0.15561274894834543
0.20000000000000018,0.9000000000000001,7619.16015625,73.25658416748047,2.7992164528810273,0.0,0.9,0.125,0.0,0.0,0.999999999642857,0.06692411944431952,0.0,0.9999999996875,0.0,0.4937499998457031,0.992254721306275,0.2086641414925573,0.2086641414925573
0.30000000000000004,0.9000000000000001,7725.927734375,73.87777709960938,2.9025442019741403,0.0,0.9,0.10625,0.0,0.0,0.9999999996503496,0.06436468936468938,0.0,0.9999999996875,0.0,0.3687499998847656,1.0152097129477051,0.2146193906989432,0.2146193906989432
0.40000000000000013,0.9000000000000001,7872.0419921875,74.7291259765625,3.004894911749636,0.0,0.9,0.059375,0.0,0.0,0.999999999667774,0.03543859649122807,0.0,0.9999999996875,0.0,0.29062499990917967,1.0298355248998206,0.2462179511206976,0.2462179511206976
0.5,0.9000000000000001,8055.33544921875,75.79812622070312,3.1055325840685475,0.0,0.9,0.0625,0.0,0.0,0.9999999996666666,0.04499964063720818,0.0,0.9999999996875,0.0,0.24062499992480468,1.0398331535648782,0.23438205787778102,0.23438205787778102
0.6000000000000001,0.9000000000000001,8272.41015625,77.07037353515625,3.270700150879332,0.0,0.9,0.05,0.0,0.0,0.9999999996710526,0.041666666666666664,0.0,0.9999999996875,0.0,0.17812499994433592,1.0594255292037573,0.2489064100456425,0.2489064100456425
0.7000000000000002,0.9000000000000001,8520.85546875,78.53028106689453,3.4016163622502655,0.0,0.9,0.05,0.0,0.0,0.9999999996710526,0.038004101161995894,0.0,0.9999999996875,0.0,0.13749999995703124,1.070515348172131,0.2535573014338359,0.2535573014338359
0.8,0.9000000000000001,8797.2333984375,80.16189575195312,3.5259938965363964,0.0,0.9,0.046875,0.0,0.0,0.999999999672131,0.03818681318681318,0.0,0.9999999996875,0.0,0.1249999999609375,1.082592172145796,0.27032967741546654,0.27032967741546654
0.9000000000000001,0.9000000000000001,9098.9130859375,81.94942474365234,3.693528959790309,0.0,0.9,0.05625,0.0,0.0,0.9999999996688741,0.04042172424525366,0.0,0.9999999996875,0.0,0.13124999995898437,1.0907443408131485,0.2669019197198192,0.2669019197198192
1.0,0.9000000000000001,9423.39453125,83.87773895263672,3.9137530974604116,0.0,0.9,0.04375,0.0,0.0,0.9999999996732025,0.03011849901250823,0.0,0.9999999996875,0.0,0.14062499995605468,1.1098941845148205,0.292491798702178,0.292491798702178
-1.0,1.0,9736.240234375,85.4903564453125,2.724866574149519,0.0,0.9,0.321875,1.0,0.0,0.9999999995391705,0.1875230679039217,1.0,0.9999999996875,0.006249999998046874,0.6968749997822266,0.8802728814706703,0.17973644602516417,0.17421867333123472
-0.9,1.0,9423.0517578125,83.63916778564453,2.5917674023119908,0.0,0.9,0.315625,0.5,0.0,0.995433789499802,0.1799247102687229,0.25,0.9999999996875,0.006249999998046874,0.7312499997714843,0.8584871033454731,0.15158606000897518,0.1487922185512699
-0.8,1.0,9133.197265625,81.92961883544922,2.4725395661803122,0.0,0.9,0.3375,0.8,0.0,0.9952830183984515,0.21355886769679874,0.4,0.9999999996875,0.015624999995117187,0.7624999997617187,0.8284572250215018,0.13570154813889249,0.13539547258125256
-0.7,1.0,8869.3974609375,80.37574768066406,2.4156786912341555,0.0,0.9,0.340625,1.0,0.0,0.9999999995260663,0.21150905222184763,1.0,0.9999999996875,0.015624999995117187,0.7812499997558593,0.8260554622811053,0.14084348930897386,0.11972684227426551
-0.6,1.0,8633.779296875,78.99200439453125,2.5580088103815717,0.0,0.9,0.303125,0.7777777777777778,0.0,0.9910313896901205,0.18080598963820343,0.3888888888888889,0.9999999996875,0.028124999991210934,0.7499999997656249,0.8836816833155345,0.18011583528191766,0.16244727595829753
-0.5,1.0,8427.6748046875,77.79278564453125,2.4818404654999093,0.0,0.9,0.303125,0.9,0.0,0.995515694620845,0.1741921621293965,0.45,0.9999999996875,0.031249999990234374,0.7999999997499999,0.8852320129756925,0.19867168417376713,0.1715093591550995
-0.3999999999999999,1.0,8254.17578125,76.79186248779297,2.5287464589770727,0.0,0.9,0.259375,1.0,0.0,0.9999999995780591,0.14241971377975032,1.0,0.9999999996875,0.018749999994140624,0.8062499997480468,0.9220956196916986,0.21148492057432575,0.2077511142184598
-0.29999999999999993,1.0,8115.60888671875,76.0018310546875,2.597565646672344,0.0,0.9,0.246875,0.6666666666666666,0.0,0.995850621993423,0.12753685117214733,0.3333333333333333,0.9999999996875,0.009374999997070312,0.7656249997607422,0.9484735867521341,0.198321438254158,0.18782388147211626
-0.19999999999999996,1.0,8013.345703125,75.43339538574219,2.7080152446830787,0.0,0.9,0.225,0.0,0.0,0.9999999995967742,0.11316036464832223,0.0,0.9999999996875,0.0,0.7187499997753906,0.9730118663308366,0.2055963683351935,0.19457478093152258
-0.09999999999999998,1.0,7948.4111328125,75.09466552734375,2.8295499235725754,0.0,0.9,0.1875,0.0,0.0,0.9999999996153845,0.08809017363030017,0.0,0.9999999996875,0.0,0.6093749998095702,0.994232325037883,0.21365842017357115,0.21365842017357115
0.0,1.0,7922.2578125,74.99070739746094,2.8859665293473196,0.0,0.9,0.178125,0.0,0.0,0.9999999996197718,0.09233144244539922,0.0,0.9999999996875,0.0,0.5562499998261718,0.9998455205598935,0.20539546217080207,0.20539546217080207
0.10000000000000009,1.0,7946.3876953125,75.12306213378906,2.957822549791303,0.0,0.9,0.1375,0.0,0.0,0.999999999637681,0.07137331017094252,0.0,0.9999999996875,0.0,0.4312499998652343,1.015685378394013,0.21384281690440826,0.21384281690440826
0.20000000000000018,1.0,8009.630859375,75.48973083496094,3.017259299014555,0.0,0.9,0.13125,0.0,0.0,0.9999999996402877,0.06802143500499931,0.0,0.9999999996875,0.0,0.35624999988867184,1.0221539760368457,0.20361589657876858,0.20211600519562753
0.30000000000000004,1.0,8111.07080078125,76.08525085449219,3.109733614715728,0.0,0.9,0.08125,0.0,0.0,0.9999999996598639,0.038304687226520105,0.0,0.9999999996875,0.0,0.3093749999033203,1.0357184954413678,0.2335598715877612,0.2335598715877612
0.40000000000000013,1.0,8249.6396484375,76.9011459350586,3.210013182335991,0.0,0.9,0.059375,0.0,0.0,0.999999999667774,0.025379382522239664,0.0,0.9999999996875,0.0,0.24374999992382812,1.0514236326934152,0.25563315333036496,0.25563315333036496
0.5,1.0,8423.904296875,77.92646026611328,3.2917220887828678,0.0,0.9,0.05625,0.0,0.0,0.9999999996688741,0.029528204724512754,0.0,0.9999999996875,0.0,0.19999999993749998,1.0623821211786544,0.2570369790594487,0.2570369790594487
0.6000000000000001,1.0,8631.1416015625,79.14842224121094,3.4279271870719494,0.0,0.9,0.065625,0.0,0.0,0.9999999996655518,0.05135700113378684,0.0,0.9999999996875,0.0,0.17812499994433592,1.0783000171774995,0.2530864740751966,0.2530864740751966
0.7000000000000002,1.0,8868.599609375,80.5531234741211,3.6118876688511135,0.0,0.9,0.053125,0.0,0.0,0.9999999996699669,0.031269841269841274,0.0,0.9999999996875,0.0,0.13124999995898437,1.0963371304857332,0.27976893076816944,0.27976893076816944
0.8,1.0,9134.0888671875,82.12615966796875,3.735709401756759,0.0,0.9,0.0625,0.0,0.0,0.9999999996666666,0.03655603655603656,0.0,0.9999999996875,0.0,0.14687499995410155,1.1061348075497035,0.2825496736850027,0.2825496736850027
0.9000000000000001,1.0,9424.6220703125,83.85311889648438,3.9030484372588554,0.0,0.9,0.059375,0.0,0.0,0.999999999667774,0.03188775510204082,0.0,0.9999999996875,0.0,0.14062499995605468,1.1192730197517977,0.3020542577676837,0.3020542577676837
1.0,1.0,9737.9013671875,85.72003936767578,4.111281884937448,0.0,0.9,0.05625,0.0,0.0,0.9999999996688741,0.03499197431781702,0.0,0.9999999996875,0.0,0.149999999953125,1.1339656734208847,0.3166599398784139,0.3166599398784139
