-1.0,-1.0,48418.37890625,469.873779296875,3.273197871547761,0.0,0.9,0.084375,0.0,0.0,0.999999999658703,0.05150022158655223,0.0,0.9999999996875,0.0,0.4187499998691406,0.9991116644054991,0.18768244688547753,0.18768244688547753
-0.9,-1.0,46976.80078125,460.47259521484375,3.11614736046758,0.0,0.9,0.096875,0.0,0.0,0.9999999996539791,0.05880151684721351,0.0,0.9999999996875,0.0,0.4374999998632812,0.9811514489337346,0.16354860809950383,0.16354860809950383
-0.8,-1.0,45651.9921875,451.7890625,3.077118096798092,0.0,0.9,0.121875,0.0,0.0,0.999999999644128,0.06599577504452289,0.0,0.9999999996875,0.0,0.40937499987207027,0.9769033713126507,0.13405284083478167,0.13405284083478167
-0.7,-1.0,44452.6953125,443.8931884765625,2.972561443005436,0.0,0.9,0.103125,0.0,0.0,0.9999999996515678,0.04714196810215545,0.0,0.9999999996875,0.0,0.4312499998652343,0.9686345694707471,0.14744933151065887,0.14744933151065887
-0.6,-1.0,43389.11328125,436.85711669921875,2.910903777078555,0.0,0.9,0.096875,0.0,0.0,0.9999999996539791,0.038739998978094214,0.0,0.9999999996875,0.0,0.4374999998632812,0.9726164372594215,0.1566756437240532,0.1566756437240532
-0.5,-1.0,42471.38671875,430.7526550292969,2.833077087961261,0.0,0.9,0.096875,0.0,0.0,0.9999999996539791,0.0363095166050831,0.0,0.9999999996875,0.0,0.47187499985253906,0.9698253694857921,0.15923975685090672,0.15923975685090672
-0.3999999999999999,-1.0,41709.5546875,425.64837646484375,2.788625613706858,0.0,0.9,0.10625,0.0,0.0,0.9999999996503496,0.04015293485326326,0.0,0.9999999996875,0.0,0.4281249998662109,0.964155274443832,0.14687853387412847,0.14687853387412847
-0.29999999999999993,-1.0,41109.06640625,421.607177734375,2.767077629060913,0.0,0.9,0.0875,0.0,0.0,0.9999999996575342,0.03400307251035095,0.0,0.9999999996875,0.0,0.4187499998691406,0.9622138249714274,0.1554754694562406,0.1554754694562406
-0.19999999999999996,-1.0,40676.2578125,418.6824951171875,2.7320318629313842,0.0,0.9,0.084375,0.0,0.0,0.999999999658703,0.023986272542161517,0.0,0.9999999996875,0.0,0.4656249998544921,0.9576452180362174,0.15710914001302345,0.15710914001302345
-0.09999999999999998,-1.0,40413.8203125,416.9151611328125,2.7669552726485653,0.0,0.9,0.090625,0.0,0.0,0.9999999996563573,0.02587239522723394,0.0,0.9999999996875,0.0,0.421874999868164,0.9614019048876894,0.14686364091369988,0.14686364091369988
0.0,-1.0,40325.359375,416.3310852050781,2.7845210472148523,0.0,0.9,0.09375,0.0,0.0,0.9999999996551724,0.02639867923953875,0.0,0.9999999996875,0.0,0.44062499986230463,0.9656544880617842,0.14295633442540723,0.14295633442540723
0.10000000000000009,-1.0,40413.0703125,416.9387512207031,2.7771260659784747,0.0,0.9,0.096875,0.0,0.0,0.9999999996539791,0.027902375712702265,0.0,0.9999999996875,0.0,0.44062499986230463,0.9605874285236331,0.13808722761048667,0.13808722761048667
0.20000000000000018,-1.0,40675.296875,418.72930908203125,2.8058885966837415,0.0,0.9,0.09375,0.0,0.0,0.9999999996551724,0.02824959868320271,0.0,0.9999999996875,0.0,0.44374999986132807,0.9653184939689813,0.13750871546216975,0.13750871546216975
0.30000000000000004,-1.0,41112.2578125,421.6766357421875,2.7823019901761037,0.0,0.9,0.096875,0.0,0.0,0.9999999996539791,0.0370439480139882,0.0,0.9999999996875,0.0,0.43437499986425776,0.9612878138126852,0.126165890798992,0.126165890798992
0.40000000000000013,-1.0,41719.3203125,425.7394104003906,2.8205075176712704,0.0,0.9,0.075,0.0,0.0,0.9999999996621621,0.023957911860457617,0.0,0.9999999996875,0.0,0.40937499987207027,0.9715780861548056,0.15446799082297674,0.15446799082297674
0.5,-1.0,42488.73828125,430.8641357421875,2.8307159334522094,0.0,0.9,0.115625,0.0,0.0,0.999999999646643,0.04827497806155536,0.0,0.9999999996875,0.0,0.37499999988281246,0.9636349192370138,0.11573344623173797,0.11573344623173797
0.6000000000000001,-1.0,43412.10546875,436.98779296875,2.8678205870222504,0.0,0.9,0.10625,0.0,0.0,0.9999999996503496,0.046827190028944414,0.0,0.9999999996875,0.0,0.36562499988574215,0.9676411534275462,0.12600833192551444,0.12600833192551444
0.7000000000000002,-1.0,44479.12890625,444.0415344238281,2.9916133759129715,0.0,0.9,0.1125,0.0,0.0,0.9999999996478872,0.04282710295860635,0.0,0.9999999996875,0.0,0.37499999988281246,0.9882387213899997,0.1347935030003126,0.1347935030003126
0.8,-1.0,45681.90234375,451.95367431640625,3.06663902825157,0.0,0.9,0.090625,0.0,0.0,0.9999999996563573,0.035472552504283494,0.0,0.9999999996875,0.0,0.4031249998740234,1.005741702491012,0.1951843094874976,0.1951843094874976
0.9000000000000001,-1.0,47010.5234375,460.65203857421875,3.175968678851232,0.0,0.9,0.09375,0.0,0.0,0.9999999996551724,0.03394950549096545,0.0,0.9999999996875,0.0,0.3937499998769531,1.0244034856741386,0.21174787915535692,0.21174787915535692
1.0,-1.0,48455.6484375,470.0666198730469,3.243089944827532,0.0,0.9,0.065625,0.0,0.0,0.9999999996655518,0.019567170592601275,0.0,0.9999999996875,0.0,0.3687499998847656,1.039717376946507,0.2545390702532483,0.2545390702532483
-1.0,-0.9,46981.125,460.4984130859375,3.2405673332599423,0.0,0.9,0.08125,0.0,0.0,0.9999999996598639,0.0429972512358355,0.0,0.9999999996875,0.0,0.39999999987499996,1.0087516635219254,0.19148468015560458,0.19148468015560458
-0.9,-0.9,45495.6953125,450.7707824707031,3.1234440655676177,0.0,0.9,0.084375,0.0,0.0,0.999999999658703,0.0499986249928029,0.0,0.9999999996875,0.0,0.4031249998740234,0.9881600480403755,0.17214783443896445,0.17214783443896445
-0.8,-0.9,44127.95703125,441.7644958496094,3.0262801995604556,0.0,0.9,0.09375,0.0,0.0,0.9999999996551724,0.05680762634413639,0.0,0.9999999996875,0.0,0.4312499998652343,0.9815672023100889,0.16518081665348985,0.16518081665348985
-0.7,-0.9,42889.76953125,433.5555114746094,2.954464281120675,0.0,0.9,0.125,0.0,0.0,0.999999999642857,0.07226303392823752,0.0,0.9999999996875,0.0,0.44062499986230463,0.9700049958158793,0.1337758295013474,0.1337758295013474
-0.6,-0.9,41791.62890625,426.2228088378906,2.84584192306363,0.0,0.9,0.09375,0.0,0.0,0.9999999996551724,0.034843201471173986,0.0,0.9999999996875,0.0,0.47187499985253906,0.9605129920634943,0.16346448209063574,0.16346448209063574
-0.5,-0.9,40844.421875,419.84600830078125,2.7224256447854955,0.0,0.9,0.121875,0.0,0.0,0.999999999644128,0.06069028392645521,0.0,0.9999999996875,0.0,0.49687499984472655,0.9497470502300779,0.13385885326849092,0.13385885326849092
-0.3999999999999999,-0.9,40056.49609375,414.50244140625,2.7146805220308523,0.0,0.9,0.103125,0.0,0.0,0.9999999996515678,0.04100243841227569,0.0,0.9999999996875,0.0,0.5249999998359375,0.9568318826683024,0.16392397169155226,0.1614637262703063
-0.29999999999999993,-0.9,39435.96484375,410.26318359375,2.5883933026480275,0.0,0.9,0.11875,0.0,0.0,0.99999999964539,0.040047578586941704,0.0,0.9999999996875,0.0,0.5874999998164062,0.9314271353853151,0.13465463982009288,0.13465463982009288
-0.19999999999999996,-0.9,38988.98828125,407.18939208984375,2.5766180476802854,0.0,0.9,0.109375,0.0,0.0,0.9999999996491227,0.03096580092950329,0.0,0.9999999996875,0.0,0.5562499998261718,0.925810546061107,0.1418967713461095,0.13953408232729744
-0.09999999999999998,-0.9,38717.42578125,405.3282775878906,2.5535822357630718,0.0,0.9,0.13125,0.0,0.0,0.9999999996402877,0.03390816146707163,0.0,0.9999999996875,0.0,0.5593749998251952,0.9159256572703669,0.10469075345797162,0.10469075345797162
0.0,-0.9,38625.375,404.709716796875,2.568855043532567,0.0,0.9,0.11875,0.0,0.0,0.99999999964539,0.03527265546883253,0.0,0.9999999996875,0.0,0.5562499998261718,0.9200853842293644,0.13160101815591807,0.1257667245162271
0.10000000000000009,-0.9,38716.46875,405.3438415527344,2.606622596106684,0.0,0.9,0.10625,0.0,0.0,0.9999999996503496,0.02997080123063019,0.0,0.9999999996875,0.0,0.549999999828125,0.9315993095748517,0.13974103822659334,0.13974103822659334
0.20000000000000018,-0.9,38987.171875,407.22021484375,2.6167927695482995,0.0,0.9,0.121875,0.0,0.0,0.999999999644128,0.04771465872770093,0.0,0.9999999996875,0.0,0.6031249998115233,0.9358495171954503,0.1263276202150468,0.1263276202150468
0.30000000000000004,-0.9,39438.28515625,410.30877685546875,2.672057908976444,0.0,0.9,0.128125,0.0,0.0,0.9999999996415769,0.053700768194613134,0.0,0.9999999996875,0.0,0.5187499998378906,0.9446630487901005,0.10862542507922418,0.10862542507922418
0.40000000000000013,-0.9,40064.296875,414.5621032714844,2.6853305756421433,0.0,0.9,0.125,0.0,0.0,0.999999999642857,0.04426437426074287,0.0,0.9999999996875,0.0,0.48124999984960937,0.9421561905083419,0.11055944993584568,0.11055944993584568
0.5,-0.9,40858.21875,419.9189758300781,2.7497672961551665,0.0,0.9,0.128125,0.0,0.0,0.9999999996415769,0.04856797714019063,0.0,0.9999999996875,0.0,0.44374999986132807,0.9491002429165197,0.11113287152705745,0.11113287152705745
0.6000000000000001,-0.9,41810.58984375,426.3081359863281,2.7545020506228495,0.0,0.9,0.140625,0.0,0.0,0.9999999996363635,0.04946927658677964,0.0,0.9999999996875,0.0,0.48124999984960937,0.944538244495109,0.09268530726298861,0.09268530726298861
0.7000000000000002,-0.9,42911.8515625,433.652099609375,2.8674720190665752,0.0,0.9,0.134375,0.0,0.0,0.9999999996389891,0.047716038744437306,0.0,0.9999999996875,0.0,0.4656249998544921,0.9682981102451341,0.12247021688545498,0.12247021688545498
0.8,-0.9,44153.1484375,441.8713684082031,3.024700342719494,0.0,0.9,0.10625,0.0,0.0,0.9999999996503496,0.035618280959895866,0.0,0.9999999996875,0.0,0.42499999986718745,1.0008875030330726,0.18315931701757487,0.18315931701757487
0.9000000000000001,-0.9,45523.01171875,450.88702392578125,3.0733866076912033,0.0,0.9,0.078125,0.0,0.0,0.9999999996610168,0.023545927566843542,0.0,0.9999999996875,0.0,0.4312499998652343,1.0061542676121455,0.2174193613942301,0.2174193613942301
1.0,-0.9,47010.40234375,460.623046875,3.1174103113395377,0.0,0.9,0.084375,0.0,0.0,0.999999999658703,0.02969181726945702,0.0,0.9999999996875,0.0,0.37499999988281246,1.0122573742450078,0.21707077911888295,0.21707077911888295
-1.0,-0.8,45660.47265625,451.8422546386719,3.2209665607942917,0.0,0.9,0.075,0.0,0.0,0.9999999996621621,0.03841424404101589,0.0,0.9999999996875,0.0,0.3937499998769531,1.008416002582192,0.19088101455627654,0.19088101455627654
-0.9,-0.8,44134.03125,441.7920837402344,3.1478464927529086,0.0,0.9,0.09375,0.0,0.0,0.9999999996551724,0.043909844670213326,0.0,0.9999999996875,0.0,0.40937499987207027,1.002559648532387,0.17679438288428723,0.17679438288428723
-0.8,-0.8,42726.55078125,432.4644470214844,3.017449604720588,0.0,0.9,0.109375,0.0,0.0,0.9999999996491227,0.0530522955695814,0.0,0.9999999996875,0.0,0.42499999986718745,0.9863117281777293,0.1596056384549559,0.1596056384549559
-0.7,-0.8,41450.72265625,423.9414367675781,2.8719327352249193,0.0,0.9,0.096875,0.0,0.0,0.9999999996539791,0.048588514161635295,0.0,0.9999999996875,0.0,0.47187499985253906,0.9661548944856053,0.16203597017063784,0.16203597017063784
-0.6,-0.8,40319.6640625,416.3092041015625,2.765744726179246,0.0,0.9,0.09375,0.0,0.0,0.9999999996551724,0.04295501285708658,0.0,0.9999999996875,0.0,0.49999999984375,0.9539889300053145,0.1675006903072742,0.1675006903072742
-0.5,-0.8,39344.0859375,409.6556091308594,2.6541913932204935,0.0,0.9,0.1,0.0,0.0,0.9999999996527777,0.03772918141907751,0.0,0.9999999996875,0.0,0.5624999998242187,0.9396475223959087,0.16288066333944562,0.16288066333944562
-0.3999999999999999,-0.8,38533.828125,404.0669250488281,2.4948098160553416,0.0,0.9,0.1375,0.0,0.0,0.999999999637681,0.05099509239328827,0.0,0.9999999996875,0.0,0.6656249997919922,0.9112347370602005,0.1320622456810565,0.1320622456810565
-0.29999999999999993,-0.8,37895.62890625,399.62371826171875,2.41755428247472,0.0,0.9,0.1625,0.0,0.0,0.9999999996268656,0.0644584582084582,0.0,0.9999999996875,0.0,0.6937499997832031,0.888025246762755,0.10844890065265445,0.10193635627913052
-0.19999999999999996,-0.8,37435.8984375,396.3956604003906,2.3182580484224364,0.0,0.9,0.19375,0.0,0.0,0.999999999612403,0.07207467232687552,0.0,0.9999999996875,0.0,0.7062499997792968,0.8595339989794935,0.08675668132216532,0.07227258737046913
-0.09999999999999998,-0.8,37157.01953125,394.4371337890625,2.273318340611514,0.0,0.9,0.25,0.0,0.0,0.9999999995833334,0.09507988319852198,0.0,0.9999999996875,0.0,0.721874999774414,0.84670216882089,0.029540297304974254,0.009169184428218326
0.0,-0.8,37062.92578125,393.782470703125,2.276022484081601,0.0,0.9,0.23125,0.0,0.0,0.999999999593496,0.08756773628448287,0.0,0.9999999996875,0.0,0.7031249997802734,0.8463568429309115,0.050824081707901994,0.03323856033484285
0.10000000000000009,-0.8,37155.80859375,394.44366455078125,2.33328285319091,0.0,0.9,0.221875,0.0,0.0,0.9999999995983936,0.0884217808528691,0.0,0.9999999996875,0.0,0.6968749997822266,0.8629497294858048,0.06312883807422072,0.04760128575964412
0.20000000000000018,-0.8,37433.50390625,396.4087219238281,2.388161373058916,0.0,0.9,0.265625,0.0,0.0,0.9999999995744681,0.12319472642795896,0.0,0.9999999996875,0.0,0.6718749997900391,0.8727831173769901,0.10027767313947039,-0.006307868453168396
0.30000000000000004,-0.8,37896.9296875,399.6429748535156,2.4658463938593416,0.0,0.9,0.240625,0.0,0.0,0.9999999995884774,0.10602767351494005,0.0,0.9999999996875,0.0,0.6593749997939453,0.8905377956909943,0.08163773124651458,0.013926242105974214
0.40000000000000013,-0.8,38539.4296875,404.09210205078125,2.4864408949428127,0.0,0.9,0.215625,0.0,0.0,0.9999999996015937,0.08459407201932072,0.0,0.9999999996875,0.0,0.6187499998066406,0.8924797298271778,0.07765173663973567,0.03324032296557385
0.5,-0.8,39354.015625,409.6863098144531,2.561272760664193,0.0,0.9,0.203125,0.0,0.0,0.9999999996078431,0.07416955439211932,0.0,0.9999999996875,0.0,0.5906249998154296,0.9027736810334074,0.06485642196416067,0.03867432456094207
0.6000000000000001,-0.8,40332.99609375,416.3449401855469,2.6621181909287785,0.0,0.9,0.175,0.0,0.0,0.999999999621212,0.05722073444762521,0.0,0.9999999996875,0.0,0.5374999998320312,0.9243133312650864,0.0773567821795032,0.0773567821795032
0.7000000000000002,-0.8,41465.84765625,423.9818420410156,2.7810741345182874,0.0,0.9,0.140625,0.0,0.0,0.9999999996363635,0.038392486627552125,0.0,0.9999999996875,0.0,0.4937499998457031,0.9501553448807915,0.1281185529879862,0.1281185529879862
0.8,-0.8,42743.55859375,432.509033203125,2.9254960905531884,0.0,0.9,0.121875,0.0,0.0,0.999999999644128,0.036169192544617056,0.0,0.9999999996875,0.0,0.4312499998652343,0.9706000105351243,0.15379577536719768,0.15379577536719768
0.9000000000000001,-0.8,44152.12109375,441.8404235839844,2.9774371982179795,0.0,0.9,0.134375,0.0,0.0,0.9999999996389891,0.04803402398247946,0.0,0.9999999996875,0.0,0.4124999998710937,0.9800934086644653,0.14962138120597554,0.14962138120597554
1.0,-0.8,45679.328125,451.8937683105469,3.0666941983096705,0.0,0.9,0.09375,0.0,0.0,0.9999999996551724,0.031190910912273138,0.0,0.9999999996875,0.0,0.39999999987499996,0.9957962065897846,0.1928383523109863,0.1928383523109863
-1.0,-0.7,44464.6015625,443.97540283203125,3.193364508657734,0.0,0.9,0.078125,0.0,0.0,0.9999999996610168,0.0392787145926604,0.0,0.9999999996875,0.0,0.36562499988574215,1.0122944097818993,0.19621774094487412,0.19621774094487412
-0.9,-0.7,42899.9453125,433.6124572753906,3.1000604486341667,0.0,0.9,0.096875,0.0,0.0,0.9999999996539791,0.05087141333417401,0.0,0.9999999996875,0.0,0.3874999998789062,1.0016908082994762,0.17650394229912308,0.17650394229912308
-0.8,-0.7,41457.26171875,423.9710388183594,2.971209895791256,0.0,0.9,0.109375,0.0,0.0,0.9999999996491227,0.05060544614116042,0.0,0.9999999996875,0.0,0.4281249998662109,0.9877605205333972,0.15781136803211043,0.15781136803211043
-0.7,-0.7,40147.6171875,415.13897705078125,2.8303607851438826,0.0,0.9,0.09375,0.0,0.0,0.9999999996551724,0.041284454285146543,0.0,0.9999999996875,0.0,0.4906249998466797,0.9712081110617835,0.1688061151284959,0.1688061151284959
-0.6,-0.7,38986.9375,407.20965576171875,2.662336153189434,0.0,0.9,0.10625,0.0,0.0,0.9999999996503496,0.04565161553771664,0.0,0.9999999996875,0.0,0.5937499998144531,0.946122117822331,0.150781662919984,0.150781662919984
-0.5,-0.7,37987.27734375,400.279541015625,2.487134168473259,0.0,0.9,0.128125,0.0,0.0,0.9999999996415769,0.053334743530503034,0.0,0.9999999996875,0.0,0.6656249997919922,0.9075118916197439,0.1330620737569678,0.1330620737569678
-0.3999999999999999,-0.7,37157.1640625,394.4444885253906,2.3502957827670334,0.0,0.9,0.196875,0.0,0.0,0.9999999996108948,0.08890736455526345,0.0,0.9999999996875,0.0,0.6968749997822266,0.8650602814584951,0.06357953916477534,0.06116403341469841
-0.29999999999999993,-0.7,36505.2265625,389.79486083984375,2.172762302812454,0.0,0.9,0.2625,0.0,0.0,0.9999999995762712,0.10823016679767042,0.0,0.9999999996875,0.0,0.7499999997656249,0.8093206153268855,0.06364146410506337,0.010004449211901915
-0.19999999999999996,-0.7,36035.84375,386.4098815917969,2.0439549752570696,0.0,0.9,0.409375,0.0,0.0,0.9999999994708995,0.2129813593448067,0.0,0.9999999996875,0.0,0.8124999997460937,0.7655604860219649,0.12357356195644315,-0.12357356195644315
-0.09999999999999998,-0.7,35752.98046875,384.35162353515625,1.9767888865887948,0.0,0.9,0.46875,0.0,0.0,0.9999999994117648,0.2606775772018833,0.0,0.9999999996875,0.0,0.8624999997304686,0.7479251024539977,0.17464910074474738,-0.17464910074474738
0.0,-0.7,35657.84765625,383.65985107421875,1.986908276874078,0.0,0.9,0.421875,0.0,0.0,0.9999999994594595,0.23404767499568283,0.0,0.9999999996875,0.0,0.8406249997373046,0.7488782693199294,0.12272283136689771,-0.12272283136689771
0.10000000000000009,-0.7,35750.6796875,384.3482971191406,2.03518775207426,0.0,0.9,0.459375,0.0,0.0,0.9999999994219654,0.2670716074801055,0.0,0.9999999996875,0.0,0.7999999997499999,0.7629778143533714,0.1648148638293752,-0.16280976175733858
0.20000000000000018,-0.7,36032.7109375,386.40338134765625,2.134304218521496,0.0,0.9,0.425,0.0,0.0,0.9999999994565217,0.24453348307673717,0.0,0.9999999996875,0.0,0.7406249997685547,0.7873936093044837,0.14980729443062907,-0.13482059234831123
0.30000000000000004,-0.7,36503.5625,389.78521728515625,2.21069455493772,0.0,0.9,0.4375,0.0,0.0,0.9999999994444445,0.26733511699028945,0.0,0.9999999996875,0.0,0.7374999997695312,0.8068350519315068,0.1838652199777115,-0.16208473567667547
0.40000000000000013,-0.7,37158.12109375,394.4319152832031,2.3070176616843536,0.0,0.9,0.3375,0.0,0.0,0.9999999995283019,0.15581134179744147,0.0,0.9999999996875,0.0,0.7124999997773437,0.8322729126935138,0.07543527732737387,-0.07392520994231515
0.5,-0.7,37990.4453125,400.2640686035156,2.3947295186795063,0.0,0.9,0.26875,0.0,0.0,0.9999999995726496,0.11207744684002988,0.0,0.9999999996875,0.0,0.6781249997880859,0.8569518512230674,0.029583796116668185,-0.01487542332623316
0.6000000000000001,-0.7,38991.828125,407.19158935546875,2.5290987939462224,0.0,0.9,0.190625,0.0,0.0,0.9999999996138995,0.06723974436051852,0.0,0.9999999996875,0.0,0.5781249998193358,0.8961702635576526,0.07000503047995779,0.06795862670114604
0.7000000000000002,-0.7,40153.98828125,415.11846923828125,2.664176124694993,0.0,0.9,0.165625,0.0,0.0,0.999999999625468,0.05111008653070638,0.0,0.9999999996875,0.0,0.5187499998378906,0.920488795232454,0.12292019768653129,0.10420704798609727
0.8,-0.7,41463.91015625,423.9484558105469,2.790461436729223,0.0,0.9,0.15,0.0,0.0,0.9999999996323529,0.04475467523357022,0.0,0.9999999996875,0.0,0.47187499985253906,0.9437552805556555,0.12201722653363098,0.12201722653363098
0.9000000000000001,-0.7,42907.99609375,433.5880126953125,2.900591363115492,0.0,0.9,0.140625,0.0,0.0,0.9999999996363635,0.04653830365037261,0.0,0.9999999996875,0.0,0.4656249998544921,0.966138871011051,0.13725769760248038,0.13725769760248038
1.0,-0.7,44472.67578125,443.94915771484375,2.935618151126504,0.0,0.9,0.10625,0.0,0.0,0.9999999996503496,0.04436133030894825,0.0,0.9999999996875,0.0,0.4656249998544921,0.9809018859622265,0.16628464215069913,0.16628464215069913
-1.0,-0.6,43404.15234375,436.96966552734375,3.1497749652332603,0.0,0.9,0.065625,0.0,0.0,0.9999999996655518,0.026927441697262668,0.0,0.9999999996875,0.0,0.41562499987011714,1.010669987467067,0.21453411107109477,0.21453411107109477
-0.9,-0.6,41804.8515625,426.310791015625,3.017723023141633,0.0,0.9,0.1,0.0,0.0,0.9999999996527777,0.047074372862246805,0.0,0.9999999996875,0.0,0.4531249998583984,0.9958586361428027,0.17359885169606387,0.1709771211734314
-0.8,-0.6,40329.83984375,416.37017822265625,2.905957449968009,0.0,0.9,0.103125,0.0,0.0,0.9999999996515678,0.04549052764109429,0.0,0.9999999996875,0.0,0.4624999998554687,0.9852381738306305,0.17304268231166123,0.17304268231166123
-0.7,-0.6,38992.2265625,407.24139404296875,2.7259780338593456,0.0,0.9,0.10625,0.0,0.0,0.9999999996503496,0.050213675213675216,0.0,0.9999999996875,0.0,0.571874999821289,0.9577705111483803,0.16247582598608565,0.16247582598608565
-0.6,-0.6,37807.23828125,399.0246276855469,2.5585513556893242,0.0,0.9,0.1125,0.0,0.0,0.9999999996478872,0.04568751560250051,0.0,0.9999999996875,0.0,0.6406249997998047,0.9302077537616414,0.14672747901355898,0.14672747901355898
-0.5,-0.6,36787.42578125,391.82501220703125,2.3297454844872436,0.0,0.9,0.21875,0.0,0.0,0.9999999996000001,0.11040350218594742,0.0,0.9999999996875,0.0,0.7562499997636718,0.8734772517103636,0.08214264036436987,0.037960606437592075
-0.3999999999999999,-0.6,35942.875,385.74798583984375,2.127976088879687,0.0,0.9,0.34375,0.0,0.0,0.9999999995238096,0.1963191734004422,0.0,0.9999999996875,0.0,0.7656249997607422,0.7975674397486325,0.0905529423806918,-0.0754249590221239
-0.29999999999999993,-0.6,35280.33984375,380.894287109375,1.919758734454862,0.0,0.9,0.5,0.0,0.0,0.9999999993750001,0.31374613334103757,0.0,0.9999999996875,0.0,0.843749999736328,0.7190233093108184,0.20919764225664997,-0.20919764225664997
-0.19999999999999996,-0.6,34805.4921875,377.353271484375,1.7657418136307812,0.0,0.9,0.6125,0.0,0.0,0.9999999991935484,0.40555706592928503,0.0,0.9999999996875,0.0,0.8593749997314453,0.654729205336832,0.28352493851808797,-0.28352493851808797
-0.09999999999999998,-0.6,34520.00390625,375.1953125,1.6443520693926217,0.0,0.9,0.65625,0.0,0.0,0.9999999990909092,0.43817051678842284,0.0,0.9999999996875,0.0,0.9093749997158203,0.6120494726763305,0.30668866618855134,-0.30668866618855134
0.0,-0.6,34423.484375,374.4660339355469,1.6420957952144195,0.0,0.9,0.64375,0.0,0.0,0.999999999122807,0.43528030015424973,0.0,0.9999999996875,0.0,0.921874999711914,0.6104162276845717,0.2874875248959001,-0.2874875248959001
0.10000000000000009,-0.6,34517.34765625,375.1811828613281,1.7147767916093102,0.0,0.9,0.60625,0.0,0.0,0.9999999992063493,0.39479695780908713,0.0,0.9999999996875,0.0,0.8874999997226561,0.6292831635485768,0.2509213812342062,-0.2509213812342062
0.20000000000000018,-0.6,34801.19921875,377.32525634765625,1.8745588404537694,0.0,0.9,0.58125,0.0,0.0,0.9999999992537314,0.37579257246977027,0.0,0.9999999996875,0.0,0.8124999997460937,0.6788092716766442,0.24039827131311825,-0.24039827131311825
0.30000000000000004,-0.6,35275.42578125,380.8530578613281,2.012216384697689,0.0,0.9,0.528125,0.0,0.0,0.9999999993377484,0.32802665505787,0.0,0.9999999996875,0.0,0.793749999751953,0.7241430165216762,0.2290349491010796,-0.21542243000797398
0.40000000000000013,-0.6,35937.5625,385.69415283203125,2.1140619331978874,0.0,0.9,0.440625,0.0,0.0,0.9999999994413408,0.2502722138019621,0.0,0.9999999996875,0.0,0.7999999997499999,0.7684662138447512,0.1541169460777128,-0.1541169460777128
0.5,-0.6,36781.09765625,391.7595520019531,2.2589706922778614,0.0,0.9,0.3625,0.0,0.0,0.999999999509804,0.1733888306817036,0.0,0.9999999996875,0.0,0.7781249997568359,0.8173982664795416,0.10656420546317234,-0.10656420546317234
0.6000000000000001,-0.6,37801.36328125,398.9486083984375,2.389071082971142,0.0,0.9,0.2375,0.0,0.0,0.999999999590164,0.10394582606148976,0.0,0.9999999996875,0.0,0.7281249997724609,0.8599162786395217,0.07491677032746742,0.029811587920160858
0.7000000000000002,-0.6,38987.79296875,407.1559143066406,2.570794483267338,0.0,0.9,0.175,0.0,0.0,0.999999999621212,0.05695557624995196,0.0,0.9999999996875,0.0,0.621874999805664,0.9003861399397585,0.12935250929522552,0.10484325492580515
0.8,-0.6,40325.6640625,416.2762451171875,2.7187120370716817,0.0,0.9,0.15625,0.0,0.0,0.9999999996296296,0.043825888136406,0.0,0.9999999996875,0.0,0.5562499998261718,0.9288766821306654,0.14874650841645695,0.12536527269769182
0.9000000000000001,-0.6,41800.8828125,426.2091064453125,2.791444674929773,0.0,0.9,0.146875,0.0,0.0,0.9999999996336996,0.04184712425267407,0.0,0.9999999996875,0.0,0.5406249998310546,0.9422685789316987,0.13022435528868748,0.13022435528868748
1.0,-0.6,43400.5546875,436.8612365722656,2.8657609366423005,0.0,0.9,0.134375,0.0,0.0,0.9999999996389891,0.0401310866081664,0.0,0.9999999996875,0.0,0.4906249998466797,0.9673920967182729,0.14316373167318705,0.14316373167318705
-1.0,-0.5,42490.9921875,430.8966979980469,3.13192070419203,0.0,0.9,0.059375,0.0,0.0,0.999999999667774,0.02982633731124677,0.0,0.9999999996875,0.0,0.4281249998662109,1.0146922095825592,0.22512404575420183,0.22512404575420183
-0.9,-0.5,40860.42578125,419.96649169921875,2.9971192714174775,0.0,0.9,0.084375,0.0,0.0,0.999999999658703,0.03704682974961907,0.0,0.9999999996875,0.0,0.47812499985058593,0.9997549511155999,0.1950794562107464,0.1950794562107464
-0.8,-0.5,39357.26953125,409.7498474121094,2.8497980978349706,0.0,0.9,0.090625,0.0,0.0,0.9999999996563573,0.04340900720821111,0.0,0.9999999996875,0.0,0.49687499984472655,0.9784024629719894,0.18027997068601756,0.17779414332632923
-0.7,-0.5,37995.94140625,400.3450012207031,2.648926968048072,0.0,0.9,0.090625,0.0,0.0,0.9999999996563573,0.03530513654737257,0.0,0.9999999996875,0.0,0.5874999998164062,0.9548548851286036,0.17804584070763346,0.17804584070763346
-0.6,-0.5,36791.55859375,391.8590087890625,2.4215070717023046,0.0,0.9,0.1625,0.0,0.0,0.9999999996268656,0.06620463332708315,0.0,0.9999999996875,0.0,0.7281249997724609,0.9011945645059474,0.10292698813097792,0.10292698813097792
-0.5,-0.5,35757.015625,384.4048767089844,2.130033164339034,0.0,0.9,0.303125,0.0,0.0,0.9999999995515695,0.16505106568841701,0.0,0.9999999996875,0.0,0.821874999743164,0.8155143237180997,0.07820329933807389,-0.047728826022251335
-0.3999999999999999,-0.5,34902.859375,378.0978088378906,1.8857390980274054,0.0,0.9,0.484375,0.0,0.0,0.9999999993939395,0.3260996652439841,0.0,0.9999999996875,0.0,0.8499999997343749,0.715053356769716,0.20006051600647448,-0.20006051600647448
-0.29999999999999993,-0.5,34233.734375,373.048828125,1.6263462218218303,0.0,0.9,0.703125,0.0,0.0,0.9999999989473685,0.5344932161434625,0.0,0.9999999996875,0.0,0.8874999997226561,0.6016997554533332,0.3575493972769977,-0.3575493972769977
-0.19999999999999996,-0.5,33755.69140625,369.35748291015625,1.4175038531043906,0.0,0.9,0.771875,0.0,0.0,0.9999999986301371,0.6093606153808134,0.0,0.9999999996875,0.0,0.9249999997109374,0.5020465790274047,0.3658480038515952,-0.3658480038515952
-0.09999999999999998,-0.5,33469.44921875,367.1029052734375,1.3079155183515772,0.0,0.9,0.825,0.0,0.0,0.9999999982142856,0.6838793655600377,0.0,0.9999999996875,0.0,0.9374999997070312,0.4504469870596752,0.3773582751039307,-0.3773582751039307
0.0,-0.5,33373.1171875,366.3367614746094,1.3096350169515256,0.0,0.9,0.821875,0.0,0.0,0.999999998245614,0.693089714971866,0.0,0.9999999996875,0.0,0.949999999703125,0.4522226708099631,0.377991516523795,-0.377991516523795
0.10000000000000009,-0.5,33466.94921875,367.0769958496094,1.4157787516679454,0.0,0.9,0.775,0.0,0.0,0.9999999986111112,0.6238904957436764,0.0,0.9999999996875,0.0,0.9406249997060546,0.49060876157339295,0.3428552877755953,-0.3428552877755953
0.20000000000000018,-0.5,33751.45703125,369.3062438964844,1.5715856953062621,0.0,0.9,0.696875,0.0,0.0,0.9999999989690722,0.5030638349730316,0.0,0.9999999996875,0.0,0.9031249997177734,0.5507631075151008,0.2920289729197997,-0.28937286935829054
0.30000000000000004,-0.5,34225.76953125,372.9735107421875,1.7307317626036873,0.0,0.9,0.671875,0.0,0.0,0.9999999990476192,0.4827901396545755,0.0,0.9999999996875,0.0,0.8531249997333984,0.6107987882415303,0.30277121387918654,-0.30277121387918654
0.40000000000000013,-0.5,34890.69140625,377.9997253417969,1.914257750372987,0.0,0.9,0.54375,0.0,0.0,0.9999999993150686,0.3470046570928784,0.0,0.9999999996875,0.0,0.8343749997392578,0.695243048543535,0.23464769643364047,-0.23464769643364047
0.5,-0.5,35742.0703125,384.28607177734375,2.0976737079702317,0.0,0.9,0.45,0.0,0.0,0.9999999994318182,0.25341301910964814,0.0,0.9999999996875,0.0,0.8093749997470703,0.7654504285831433,0.17740511127226216,-0.17740511127226216
0.6000000000000001,-0.5,36775.078125,391.72125244140625,2.256795885726509,0.0,0.9,0.328125,0.0,0.0,0.9999999995348837,0.16249254432211518,0.0,0.9999999996875,0.0,0.7812499997558593,0.8192649553351534,0.09127549957547837,-0.0669388293967821
0.7000000000000002,-0.5,37980.5625,400.1903381347656,2.470596073329778,0.0,0.9,0.190625,0.0,0.0,0.9999999996138995,0.0671842606536816,0.0,0.9999999996875,0.0,0.6843749997861328,0.8804865414767925,0.08868931041827521,0.07668577245713921
0.8,-0.5,39341.57421875,409.58013916015625,2.623988432856535,0.0,0.9,0.171875,0.0,0.0,0.9999999996226414,0.0584583877127283,0.0,0.9999999996875,0.0,0.5781249998193358,0.9110172664069148,0.10146588416310572,0.09945888554961026
0.9000000000000001,-0.5,40844.0859375,419.78350830078125,2.7125455790651283,0.0,0.9,0.153125,0.0,0.0,0.9999999996309962,0.048896711954959975,0.0,0.9999999996875,0.0,0.5281249998349609,0.9303171896824659,0.11315191666496019,0.11315191666496019
1.0,-0.5,42473.65234375,430.70208740234375,2.7955429948551314,0.0,0.9,0.134375,0.0,0.0,0.9999999996389891,0.03969750872384063,0.0,0.9999999996875,0.0,0.5031249998427734,0.9508176035246584,0.132812682868154,0.132812682868154
-1.0,-0.3999999999999999,41732.1015625,425.82476806640625,3.0673470837336247,0.0,0.9,0.071875,0.0,0.0,0.9999999996632996,0.03567450968393354,0.0,0.9999999996875,0.0,0.4281249998662109,1.0158408870326399,0.23197525112780604,0.23197525112780604
-0.9,-0.3999999999999999,40075.5546875,414.6563415527344,2.9283693204761927,0.0,0.9,0.078125,0.0,0.0,0.9999999996610168,0.03374714752809775,0.0,0.9999999996875,0.0,0.49999999984375,0.9942757445573716,0.20784194818368873,0.20784194818368873
-0.8,-0.3999999999999999,38549.0,404.1957702636719,2.7720462721500168,0.0,0.9,0.10625,0.0,0.0,0.9999999996503496,0.04444872518771599,0.0,0.9999999996875,0.0,0.5531249998271484,0.9744498707487033,0.17037769681046938,0.17037769681046938
-0.7,-0.3999999999999999,37168.8125,394.54541015625,2.5287518472368524,0.0,0.9,0.109375,0.0,0.0,0.9999999996491227,0.0453080025106221,0.0,0.9999999996875,0.0,0.7062499997792968,0.9302980860339254,0.1534251531270926,0.1534251531270926
-0.6,-0.3999999999999999,35948.796875,385.8180236816406,2.2708958648451443,0.0,0.9,0.184375,0.0,0.0,0.9999999996168581,0.08143782927955391,0.0,0.9999999996875,0.0,0.8156249997451172,0.8635720756725742,0.08116705374557165,0.0766110371618758
-0.5,-0.3999999999999999,34904.92578125,378.1341857910156,1.950567254155769,0.0,0.9,0.421875,0.0,0.0,0.9999999994594595,0.2750553307509134,0.0,0.9999999996875,0.0,0.8906249997216796,0.756819744052959,0.14933001883560948,-0.14933001883560948
-0.3999999999999999,-0.3999999999999999,34045.9921875,371.6179504394531,1.604513517714417,0.0,0.9,0.7,0.0,0.0,0.9999999989583334,0.536551964367286,0.0,0.9999999996875,0.0,0.9343749997080077,0.605400900881432,0.37085166370462375,-0.37085166370462375
-0.29999999999999993,-0.3999999999999999,33375.47265625,366.39013671875,1.315368435301518,0.0,0.9,0.8125,0.0,0.0,0.9999999983333333,0.6757234897209348,0.0,0.9999999996875,0.0,0.9656249996982421,0.45705951598758204,0.38490917739567215,-0.38490917739567215
-0.19999999999999996,-0.3999999999999999,32897.01171875,362.5600891113281,1.1078533666292485,0.0,0.9,0.878125,0.0,0.0,0.9999999974358974,0.7681821717536004,0.0,0.9999999996875,0.0,0.9687499996972656,0.34752673639292364,0.36617518600402976,-0.36617518600402976
-0.09999999999999998,-0.3999999999999999,32610.92578125,360.2159423828125,0.9921945492669794,0.0,0.9,0.9125,0.0,0.0,0.9999999964285714,0.8314422172958397,0.0,0.9999999996875,0.0,0.9843749996923827,0.28095603808046604,0.34383528477807446,-0.34383528477807446
0.0,-0.3999999999999999,32513.859375,359.4149475097656,1.0122348582953418,0.0,0.9,0.91875,0.0,0.0,0.9999999961538462,0.8473232441705347,0.0,0.9999999996875,0.0,0.9749999996953125,0.2836576604885492,0.34420802786894966,-0.34420802786894966
0.10000000000000009,-0.3999999999999999,32606.4765625,360.17742919921875,1.11454076922072,0.0,0.9,0.9,0.0,0.0,0.999999996875,0.8208981321542898,0.0,0.9999999996875,0.0,0.9406249997060546,0.3299903076768992,0.3543926235307004,-0.35207901515717316
0.20000000000000018,-0.3999999999999999,32889.63671875,362.48419189453125,1.2740754587943086,0.0,0.9,0.81875,0.0,0.0,0.9999999982758621,0.693205136906833,0.0,0.9999999996875,0.0,0.9468749997041015,0.41013906710714565,0.33075486547356064,-0.3259668791485845
0.30000000000000004,-0.3999999999999999,33363.03125,366.27838134765625,1.4681326095686222,0.0,0.9,0.734375,0.0,0.0,0.9999999988235295,0.5481953935578948,0.0,0.9999999996875,0.0,0.9281249997099609,0.4993003291936026,0.30075535859476754,-0.30075535859476754
0.40000000000000013,-0.3999999999999999,34028.26171875,371.4729309082031,1.7161042585474826,0.0,0.9,0.646875,0.0,0.0,0.9999999991150443,0.4458209213890617,0.0,0.9999999996875,0.0,0.8874999997226561,0.6123616377470549,0.2935069731896941,-0.2935069731896941
0.5,-0.3999999999999999,34883.41796875,377.9587097167969,1.9254833790013186,0.0,0.9,0.534375,0.0,0.0,0.9999999993288591,0.3247954345067848,0.0,0.9999999996875,0.0,0.8468749997353515,0.7045576101006695,0.2407758386453152,-0.2407758386453152
0.6000000000000001,-0.3999999999999999,35924.46484375,385.615234375,2.157080511820548,0.0,0.9,0.421875,0.0,0.0,0.9999999994594595,0.23154332841013536,0.0,0.9999999996875,0.0,0.7906249997529297,0.7842742020350257,0.16050559816634274,-0.16050559816634274
0.7000000000000002,-0.3999999999999999,37142.6875,394.31829833984375,2.3427457817736244,0.0,0.9,0.271875,0.0,0.0,0.9999999995708154,0.13459479374150216,0.0,0.9999999996875,0.0,0.7406249997685547,0.8446193255139121,0.0666244218063401,-0.014378015301303322
0.8,-0.3999999999999999,38522.5546875,403.9471130371094,2.51746844978796,0.0,0.9,0.2,0.0,0.0,0.9999999996093749,0.0816510295123376,0.0,0.9999999996875,0.0,0.6031249998115233,0.889923763684408,0.06645908195157314,0.049083737849749544
0.9000000000000001,-0.3999999999999999,40047.109375,414.388916015625,2.640189070349905,0.0,0.9,0.171875,0.0,0.0,0.9999999996226414,0.060809297279317005,0.0,0.9999999996875,0.0,0.5468749998291015,0.9114441493886621,0.12973532284459643,0.08300638821819864
1.0,-0.3999999999999999,41700.7578125,425.5408935546875,2.739653580231953,0.0,0.9,0.159375,0.0,0.0,0.9999999996282527,0.04757901849926915,0.0,0.9999999996875,0.0,0.48124999984960937,0.9408947903606582,0.09347654673698716,0.09347654673698716
-1.0,-0.29999999999999993,41136.5546875,421.81634521484375,2.9773128867733223,0.0,0.9,0.078125,0.0,0.0,0.9999999996610168,0.037597376632464354,0.0,0.9999999996875,0.0,0.4749999998515625,1.0002057144689138,0.21499388805984482,0.21499388805984482
-0.9,-0.29999999999999993,39459.7578125,410.4512023925781,2.8314217954833802,0.0,0.9,0.05625,0.0,0.0,0.9999999996688741,0.03069245782379423,0.0,0.9999999996875,0.0,0.5406249998310546,0.9801411056094151,0.2241644433964371,0.2241644433964371
-0.8,-0.29999999999999993,37915.26171875,399.7879943847656,2.62611593716274,0.0,0.9,0.121875,0.0,0.0,0.999999999644128,0.06391682244344246,0.0,0.9999999996875,0.0,0.6249999998046875,0.9412917604311605,0.14217915514382082,0.14217915514382082
-0.7,-0.29999999999999993,36519.66796875,389.9324035644531,2.3845256805351944,0.0,0.9,0.178125,0.0,0.0,0.9999999996197718,0.08782948202940992,0.0,0.9999999996875,0.0,0.7468749997666015,0.8898905305826896,0.08704488035790119,0.07456154422258753
-0.6,-0.29999999999999993,35289.890625,381.0019836425781,2.0961971340556715,0.0,0.9,0.35625,0.0,0.0,0.9999999995145631,0.21137705225353784,0.0,0.9999999996875,0.0,0.8593749997314453,0.8041593427965187,0.09605686331416746,-0.09605686331416746
-0.5,-0.29999999999999993,34240.8515625,373.1235046386719,1.7644626264539114,0.0,0.9,0.596875,0.0,0.0,0.9999999992248062,0.4375634479887744,0.0,0.9999999996875,0.0,0.9249999997109374,0.6784436717684248,0.303277279632308,-0.303277279632308
-0.3999999999999999,-0.29999999999999993,33379.0625,366.42877197265625,1.3697926962598468,0.0,0.9,0.79375,0.0,0.0,0.9999999984848486,0.6515032226230005,0.0,0.9999999996875,0.0,0.9906249996904296,0.49411363339666403,0.4020205753014206,-0.4020205753014206
-0.29999999999999993,-0.29999999999999993,32708.18359375,361.0474548339844,1.03044026221285,0.0,0.9,0.909375,0.0,0.0,0.9999999965517241,0.8176825434152049,0.0,0.9999999996875,0.0,0.9968749996884765,0.3083075310778067,0.38136402537950986,-0.38136402537950986
-0.19999999999999996,-0.29999999999999993,32230.123046875,357.0975646972656,0.8137029723505133,0.0,0.9,0.98125,1.0,0.0,0.9999999833333336,0.9583879414236558,1.0,0.9999999996875,0.009374999997070312,0.9999999996875,0.1819794415308175,0.3345651358865673,-0.3345651358865673
-0.09999999999999998,-0.29999999999999993,31943.6640625,354.6750183105469,0.7162868952544927,0.0,0.9,0.990625,1.0,0.0,0.9999999666666678,0.9807060755336617,1.0,0.9999999996875,0.009374999997070312,0.9999999996875,0.11857775796153847,0.27509647854927927,-0.27509647854927927
0.0,-0.29999999999999993,31846.484375,353.8428039550781,0.738037774107195,0.0,0.9,0.96875,1.0,0.0,0.9999999900000002,0.9404761904761905,1.0,0.9999999996875,0.003124999999023437,0.9999999996875,0.12912278514085268,0.2483915406950823,-0.2483915406950823
0.10000000000000009,-0.29999999999999993,31937.51953125,354.6234130859375,0.8322924089866286,0.0,0.9,0.9375,0.0,0.0,0.9999999949999999,0.8762987012987014,0.0,0.9999999996875,0.0,0.9874999996914062,0.17335074705611583,0.2516459855616597,-0.2474161266612055
0.20000000000000018,-0.29999999999999993,32218.787109375,356.99566650390625,0.9882269900087145,0.0,0.9,0.925,0.0,0.0,0.9999999958333333,0.8502019757246239,0.0,0.9999999996875,0.0,0.9531249997021484,0.25419288760248443,0.312060351187532,-0.312060351187532
0.30000000000000004,-0.29999999999999993,32691.4375,360.89776611328125,1.219079470094729,0.0,0.9,0.828125,0.0,0.0,0.9999999981818182,0.7036459558603333,0.0,0.9999999996875,0.0,0.9437499997050781,0.37405000776734254,0.31894196781092005,-0.3140580669978508
0.40000000000000013,-0.29999999999999993,33356.11328125,366.23486328125,1.4817637147189737,0.0,0.9,0.740625,0.0,0.0,0.9999999987951808,0.5889940573930721,0.0,0.9999999996875,0.0,0.9312499997089843,0.5131297590940685,0.3304252931551119,-0.3304252931551119
0.5,-0.29999999999999993,34212.53125,372.8893737792969,1.7749083879255991,0.0,0.9,0.6125,0.0,0.0,0.9999999991935484,0.4545340572812845,0.0,0.9999999996875,0.0,0.8749999997265624,0.6451405502115828,0.28437589124507373,-0.28437589124507373
0.6000000000000001,-0.29999999999999993,35257.125,380.7318115234375,2.034804756476451,0.0,0.9,0.503125,0.0,0.0,0.9999999993710692,0.3175244435856595,0.0,0.9999999996875,0.0,0.8312499997402343,0.7439350634344025,0.23326362401682324,-0.23326362401682324
0.7000000000000002,-0.29999999999999993,36482.91796875,389.63037109375,2.2172729048732918,0.0,0.9,0.36875,0.0,0.0,0.9999999995049506,0.20758985972381777,0.0,0.9999999996875,0.0,0.7687499997597655,0.8102019715725476,0.12508820428732165,-0.12508820428732165
0.8,-0.29999999999999993,37875.55859375,399.4580078125,2.403902482592116,0.0,0.9,0.2375,0.0,0.0,0.999999999590164,0.10972037718422842,0.0,0.9999999996875,0.0,0.6374999998007812,0.8652571087904491,0.050084421326703515,0.0018243977794505858
0.9000000000000001,-0.29999999999999993,39417.19921875,410.0969543457031,2.5754598579298897,0.0,0.9,0.190625,0.0,0.0,0.9999999996138995,0.07537776688720085,0.0,0.9999999996875,0.0,0.521874999836914,0.9063827170209932,0.06289050775339737,0.05366741120137402
1.0,-0.29999999999999993,41091.41015625,421.44110107421875,2.684264844614874,0.0,0.9,0.153125,0.0,0.0,0.9999999996309962,0.04799561776015594,0.0,0.9999999996875,0.0,0.4937499998457031,0.9353345446463979,0.09717696839375423,0.09717696839375423
-1.0,-0.19999999999999996,40709.95703125,418.9244689941406,2.8755972287124205,0.0,0.9,0.0875,0.0,0.0,0.9999999996575342,0.045652531157610254,0.0,0.9999999996875,0.0,0.5124999998398437,0.9775168620472208,0.17971522634152165,0.17971522634152165
-0.9,-0.19999999999999996,39017.93359375,407.4117126464844,2.705104010839326,0.0,0.9,0.103125,0.0,0.0,0.9999999996515678,0.053753656363347786,0.0,0.9999999996875,0.0,0.5874999998164062,0.9472709933686563,0.15400041049615132,0.15381481551173518
-0.8,-0.19999999999999996,37460.53515625,396.5956115722656,2.5308866471514317,0.0,0.9,0.15,0.0,0.0,0.9999999996323529,0.07085230385919082,0.0,0.9999999996875,0.0,0.6156249998076171,0.9101296961818103,0.1007907852229733,0.1007907852229733
-0.7,-0.19999999999999996,36055.4140625,386.5845031738281,2.2776854059538603,0.0,0.9,0.2375,0.0,0.0,0.999999999590164,0.13094885711379475,0.0,0.9999999996875,0.0,0.7374999997695312,0.8536761964257796,0.0732935969497216,0.022411658991874372
-0.6,-0.19999999999999996,34819.70703125,377.4992980957031,1.978683169845587,0.0,0.9,0.38125,0.0,0.0,0.9999999994949496,0.23835450736118652,0.0,0.9999999996875,0.0,0.871874999727539,0.7557244963251221,0.10329496815775915,-0.10329496815775915
-0.5,-0.19999999999999996,33766.484375,369.4715270996094,1.585771171325653,0.0,0.9,0.675,0.0,0.0,0.9999999990384616,0.5395557782107245,0.0,0.9999999996875,0.0,0.9624999996992187,0.5984084340563285,0.3329657856592155,-0.3329657856592155
-0.3999999999999999,-0.19999999999999996,32903.98046875,362.63897705078125,1.1942425727414303,0.0,0.9,0.8625,0.0,0.0,0.9999999977272727,0.7374760989580056,0.0,0.9999999996875,0.0,0.9906249996904296,0.3967397415571462,0.39407418893059065,-0.39407418893059065
-0.29999999999999993,-0.19999999999999996,32233.845703125,357.1381530761719,0.8677759593023482,0.0,0.9,0.965625,1.0,0.0,0.9999999909090911,0.9176322674818916,1.0,0.9999999996875,0.015624999995117187,0.9999999996875,0.2136692830178917,0.34911594426625586,-0.34911594426625586
-0.19999999999999996,-0.19999999999999996,31755.7421875,353.0943603515625,0.651398371543108,0.0,0.9,1.0,1.0,0.0,0.0,1.0,1.0,0.9999999996875,0.05312499998339843,0.9999999996875,0.07623769512946171,0.23424558895853764,-0.23424558895853764
-0.09999999999999998,-0.19999999999999996,31468.197265625,350.609619140625,0.5859372260208184,0.0,0.9,1.0,1.0,0.0,0.0,1.0,1.0,0.9999999996875,0.1843749999423828,0.9999999996875,0.032763535571867106,0.15871615429223368,-0.15871615429223368
0.0,-0.19999999999999996,31370.33203125,349.7516174316406,0.5860491039368243,0.0,0.9,1.0,1.0,0.0,0.0,1.0,1.0,0.9999999996875,0.14062499995605468,0.9999999996875,0.03310288393043813,0.15604929729091715,-0.15604929729091715
0.10000000000000009,-0.19999999999999996,31460.048828125,350.5445251464844,0.6329184047953977,0.0,0.9,0.9875,1.0,0.0,0.9999999750000006,0.973341060562156,1.0,0.9999999996875,0.04687499998535156,0.9999999996875,0.0636975236257933,0.1862837350078958,-0.18549666037880022
0.20000000000000018,-0.19999999999999996,31739.982421875,352.9659423828125,0.767978545564959,0.0,0.9,0.94375,1.0,0.0,0.9999999944444444,0.8930268503797916,1.0,0.9999999996875,0.024999999992187497,0.9968749996884765,0.1383919713072677,0.23607847179746433,-0.2236082501177158
0.30000000000000004,-0.19999999999999996,32211.25390625,356.9498291015625,0.9878040592997049,0.0,0.9,0.91875,1.0,0.0,0.9999999961538462,0.8524310631057085,1.0,0.9999999996875,0.003124999999023437,0.9562499997011719,0.25817803131015066,0.31568351587479315,-0.31568351587479315
0.40000000000000013,-0.19999999999999996,32875.32421875,362.3952941894531,1.2942740896769571,0.0,0.9,0.821875,0.0,0.0,0.999999998245614,0.7025898728491968,0.0,0.9999999996875,0.0,0.9406249997060546,0.4244889119375714,0.3556564659612232,-0.3556564659612232
0.5,-0.19999999999999996,33732.08984375,369.17767333984375,1.6335696132102604,0.0,0.9,0.6125,0.0,0.0,0.9999999991935484,0.4342842456859916,0.0,0.9999999996875,0.0,0.9093749997158203,0.5938014696996644,0.24641203735669306,-0.24641203735669306
0.6000000000000001,-0.19999999999999996,34778.41015625,377.16070556640625,1.8994839526795713,0.0,0.9,0.5625,0.0,0.0,0.9999999992857144,0.37611661951723896,0.0,0.9999999996875,0.0,0.8499999997343749,0.7021249368726425,0.2677682481186299,-0.2677682481186299
0.7000000000000002,-0.19999999999999996,36007.890625,386.20660400390625,2.1479912328275286,0.0,0.9,0.375,0.0,0.0,0.9999999995000001,0.21238772018679716,0.0,0.9999999996875,0.0,0.7687499997597655,0.7918834824194146,0.1255567423439744,-0.1255567423439744
0.8,-0.19999999999999996,37407.921875,396.183349609375,2.3342795858827676,0.0,0.9,0.271875,0.0,0.0,0.9999999995708154,0.13480592761237237,0.0,0.9999999996875,0.0,0.6781249997880859,0.8528993386222455,0.04460965769637867,-0.033420825922758274
0.9000000000000001,-0.19999999999999996,38962.03125,406.9697265625,2.4824567298308455,0.0,0.9,0.20625,0.0,0.0,0.9999999996062993,0.0777065734979973,0.0,0.9999999996875,0.0,0.5624999998242187,0.8920919719376682,0.047906097804851624,0.036506959619926733
1.0,-0.19999999999999996,40650.56640625,418.45672607421875,2.6559719985010433,0.0,0.9,0.146875,0.0,0.0,0.9999999996336996,0.04770556259383075,0.0,0.9999999996875,0.0,0.47812499985058593,0.93874671735215,0.11892243434797872,0.11892243434797872
-1.0,-0.09999999999999998,40453.94140625,417.189453125,2.796764937732304,0.0,0.9,0.103125,0.0,0.0,0.9999999996515678,0.05924758320035153,0.0,0.9999999996875,0.0,0.47187499985253906,0.9577860877780562,0.14233698934606978,0.14233698934606978
-0.9,-0.09999999999999998,38753.8671875,405.58447265625,2.6144298984255134,0.0,0.9,0.1125,0.0,0.0,0.9999999996478872,0.05864961542786506,0.0,0.9999999996875,0.0,0.5999999998125,0.9301843374725977,0.13486449845474605,0.13486449845474605
-0.8,-0.09999999999999998,37189.5625,394.6725769042969,2.4380971420949904,0.0,0.9,0.171875,0.0,0.0,0.9999999996226414,0.08284062922578893,0.0,0.9999999996875,0.0,0.6687499997910156,0.8877953094117355,0.08617397827586977,0.08088595008527892
-0.7,-0.09999999999999998,35779.7578125,384.5633239746094,2.177700332956613,0.0,0.9,0.259375,0.0,0.0,0.9999999995780591,0.1551036614051203,0.0,0.9999999996875,0.0,0.7468749997666015,0.8154034201729887,0.06214649503810361,0.004227855765938322
-0.6,-0.09999999999999998,34540.28125,375.3798828125,1.9112078284445444,0.0,0.9,0.40625,0.0,0.0,0.9999999994736842,0.2721289725163248,0.0,0.9999999996875,0.0,0.8874999997226561,0.7259315440635526,0.11457284671259106,-0.11457284671259106
-0.5,-0.09999999999999998,33484.16015625,367.25689697265625,1.5135524208626796,0.0,0.9,0.68125,0.0,0.0,0.9999999990196079,0.5442512871673053,0.0,0.9999999996875,0.0,0.9687499996972656,0.5624292315145286,0.30979042969608644,-0.30979042969608644
-0.3999999999999999,-0.09999999999999998,32620.806640625,360.3357238769531,1.1148980394543584,0.0,0.9,0.859375,0.0,0.0,0.9999999977777777,0.7367782695678768,0.0,0.9999999996875,0.0,0.9906249996904296,0.3569753519924764,0.3522983044205157,-0.3522983044205157
-0.29999999999999993,-0.09999999999999998,31950.00390625,354.7574768066406,0.7945603569382301,0.0,0.9,0.96875,1.0,0.0,0.9999999900000002,0.9210440698018338,1.0,0.9999999996875,0.031249999990234374,0.9999999996875,0.16718962568509702,0.2969184502627864,-0.2969184502627864
-0.19999999999999996,-0.09999999999999998,31471.728515625,350.65179443359375,0.600683510210756,0.0,0.9,1.0,1.0,0.0,0.0,1.0,1.0,0.9999999996875,0.17499999994531248,0.9999999996875,0.04232218871594086,0.17469677509389753,-0.17469677509389753
-0.09999999999999998,-0.09999999999999998,31184.109375,348.1253356933594,0.5591317184201793,0.0,0.9,1.0,1.0,0.0,0.0,1.0,1.0,0.9999999996875,0.44999999985937494,0.9999999996875,0.014376564366797885,0.11042632760737336,-0.11042632760737336
0.0,-0.09999999999999998,31085.49609375,347.24847412109375,0.5553388007676135,0.0,0.9,1.0,1.0,0.0,0.0,1.0,1.0,0.9999999996875,0.6093749998095702,0.9999999996875,0.011908725204657623,0.10195987375185592,-0.10195987375185592
0.10000000000000009,-0.09999999999999998,31174.80078125,348.0467834472656,0.5660718089376581,0.0,0.9,1.0,1.0,0.0,0.0,1.0,1.0,0.9999999996875,0.19687499993847654,0.9999999996875,0.02006093950857374,0.1280827464783114,-0.1280827464783114
0.20000000000000018,-0.09999999999999998,31453.228515625,350.4970397949219,0.6425631990666132,0.0,0.9,0.99375,1.0,0.0,0.9999999500000026,0.9869614512471656,1.0,0.9999999996875,0.0749999999765625,0.9999999996875,0.06992484745695728,0.20442098932588615,-0.20442098932588615
0.30000000000000004,-0.09999999999999998,31922.623046875,354.5305480957031,0.8503777214682451,0.0,0.9,0.934375,1.0,0.0,0.9999999952380952,0.8836734693877552,1.0,0.9999999996875,0.015624999995117187,0.9937499996894531,0.18550397071881633,0.2847394510004421,-0.26675440102823567
0.40000000000000013,-0.09999999999999998,32584.251953125,360.0423889160156,1.1596646553803152,0.0,0.9,0.875,0.0,0.0,0.9999999975,0.7921304143328787,0.0,0.9999999996875,0.0,0.9468749997041015,0.3616216346730604,0.36829429964345134,-0.36829429964345134
0.5,-0.09999999999999998,33440.48828125,366.9034423828125,1.5199116402865815,0.0,0.9,0.696875,0.0,0.0,0.9999999989690722,0.5422533658457539,0.0,0.9999999996875,0.0,0.9281249997099609,0.5496659537530428,0.30587570930598795,-0.30587570930598795
0.6000000000000001,-0.09999999999999998,34487.6796875,374.97320556640625,1.8434262860684858,0.0,0.9,0.559375,0.0,0.0,0.9999999992907802,0.3685704416333397,0.0,0.9999999996875,0.0,0.8687499997285155,0.6877062012515556,0.24545431338091134,-0.24545431338091134
0.7000000000000002,-0.09999999999999998,35720.06640625,384.1097717285156,2.091999679687106,0.0,0.9,0.43125,0.0,0.0,0.9999999994505495,0.25657397421774947,0.0,0.9999999996875,0.0,0.7906249997529297,0.7826857909904716,0.16593851049544098,-0.16593851049544098
0.8,-0.09999999999999998,37125.875,394.1783447265625,2.3194183839400013,0.0,0.9,0.2625,0.0,0.0,0.9999999995762712,0.12419325281132289,0.0,0.9999999996875,0.0,0.6999999997812499,0.858252460975433,0.055293485806805404,-0.008227289447357343
0.9000000000000001,-0.09999999999999998,38686.6171875,405.05511474609375,2.4977900959182215,0.0,0.9,0.19375,0.0,0.0,0.999999999612403,0.07425537797372812,0.0,0.9999999996875,0.0,0.5906249998154296,0.9087878316372476,0.0687099245925113,0.058730128031288624
1.0,-0.09999999999999998,40383.49609375,416.6297912597656,2.643788904720047,0.0,0.9,0.15625,0.0,0.0,0.9999999996296296,0.05738908206143104,0.0,0.9999999996875,0.0,0.5031249998427734,0.9453287493843457,0.11927447614066397,0.11927447614066397
-1.0,0.0,40373.51171875,416.63653564453125,2.7542277738949363,0.0,0.9,0.109375,0.0,0.0,0.9999999996491227,0.055244417642779944,0.0,0.9999999996875,0.0,0.4843749998486328,0.9514897079031526,0.13220430310316783,0.13220430310316783
-0.9,0.0,38670.05859375,404.998779296875,2.5981361346370084,0.0,0.9,0.15,0.0,0.0,0.9999999996323529,0.08028598385741244,0.0,0.9999999996875,0.0,0.5843749998173827,0.9272309625108828,0.09966231217955258,0.09612183922612416
-0.8,0.0,37102.99609375,394.0523681640625,2.4257714263228283,0.0,0.9,0.2,0.0,0.0,0.9999999996093749,0.10163920477509326,0.0,0.9999999996875,0.0,0.6343749998017578,0.8859376145944867,0.06475657894597489,0.05185891007689787
-0.7,0.0,35690.671875,383.90765380859375,2.1909637012979135,0.0,0.9,0.271875,0.0,0.0,0.9999999995708154,0.16119692040097938,0.0,0.9999999996875,0.0,0.7656249997607422,0.8199864844413395,0.03787028877543332,-0.005689625101801373
-0.6,0.0,34450.25,374.6883544921875,1.8935736039055664,0.0,0.9,0.409375,0.0,0.0,0.9999999994708995,0.25492619047067244,0.0,0.9999999996875,0.0,0.8906249997216796,0.7175197428325476,0.10725333624925458,-0.10725333624925458
-0.5,0.0,33394.15234375,366.5300598144531,1.531922905801056,0.0,0.9,0.625,0.0,0.0,0.9999999991666667,0.46241599497810676,0.0,0.9999999996875,0.0,0.9687499996972656,0.5652544407396934,0.23473574860074758,-0.23473574860074758
-0.3999999999999999,0.0,32530.271484375,359.575439453125,1.1172281280231742,0.0,0.9,0.8,0.0,0.0,0.9999999984375001,0.6942733649837617,0.0,0.9999999996875,0.0,0.9999999996875,0.3583732771522409,0.2804204385262744,-0.2804204385262744
-0.29999999999999993,0.0,31859.154296875,353.9671325683594,0.7953199704369843,0.0,0.9,0.96875,1.0,0.0,0.9999999900000002,0.9284929356357928,1.0,0.9999999996875,0.028124999991210934,0.9999999996875,0.1673280252693422,0.28641922168141787,-0.28641922168141787
-0.19999999999999996,0.0,31379.078125,349.83642578125,0.6010382770493639,0.0,0.9,1.0,1.0,0.0,0.0,1.0,1.0,0.9999999996875,0.249999999921875,0.9999999996875,0.0418894547399067,0.1690960834082533,-0.1690960834082533
-0.09999999999999998,0.0,31090.49609375,347.29156494140625,0.5566995390178341,0.0,0.9,1.0,1.0,0.0,0.0,1.0,1.0,0.9999999996875,0.5562499998261718,0.9999999996875,0.012078523746435194,0.10234531036626078,-0.10234531036626078
0.0,0.0,30990.98828125,346.404052734375,0.5526278742890868,0.0,0.9,1.0,1.0,0.0,0.0,1.0,1.0,0.9999999996875,0.8374999997382812,0.9999999996875,0.009273114493270616,0.09141988658614637,-0.09141988658614637
0.10000000000000009,0.0,31079.806640625,347.2000732421875,0.5562976845107955,0.0,0.9,1.0,1.0,0.0,0.0,1.0,1.0,0.9999999996875,0.3781249998818359,0.9999999996875,0.01346984057314486,0.10878145713079615,-0.10878145713079615
0.20000000000000018,0.0,31357.525390625,349.6561584472656,0.5987311481892564,0.0,0.9,1.0,1.0,0.0,0.0,1.0,1.0,0.9999999996875,0.09687499996972655,0.9999999996875,0.0416286094358205,0.17573348549768952,-0.17573348549768952
0.30000000000000004,0.0,31825.0078125,353.70294189453125,0.7934570153808597,0.0,0.9,0.9375,1.0,0.0,0.9999999949999999,0.86703305883757,1.0,0.9999999996875,0.009374999997070312,0.9999999996875,0.1583394306665571,0.2675152600011605,-0.24987534808977213
0.40000000000000013,0.0,32485.8984375,359.2340393066406,1.123569311081928,0.0,0.9,0.884375,0.0,0.0,0.9999999972972973,0.7838494519529002,0.0,0.9999999996875,0.0,0.9749999996953125,0.3484974003650946,0.3702860780752869,-0.3702860780752869
0.5,0.0,33340.66015625,366.118896484375,1.5287638120074263,0.0,0.9,0.65,0.0,0.0,0.9999999991071429,0.49719726621315424,0.0,0.9999999996875,0.0,0.9437499997050781,0.5593308774515726,0.2623859599403566,-0.2623859599403566
0.6000000000000001,0.0,34388.02734375,374.21551513671875,1.8742102248143795,0.0,0.9,0.53125,0.0,0.0,0.9999999993333334,0.33012169451991974,0.0,0.9999999996875,0.0,0.8781249997255859,0.7002867718907455,0.20745644301882465,-0.20745644301882465
0.7000000000000002,0.0,35622.19921875,383.3805847167969,2.145636658671129,0.0,0.9,0.409375,0.0,0.0,0.9999999994708995,0.2324608488682273,0.0,0.9999999996875,0.0,0.771874999758789,0.802883174309422,0.17137542603338143,-0.1279567490740167
0.8,0.0,37030.20703125,393.4781799316406,2.365528679267185,0.0,0.9,0.240625,0.0,0.0,0.9999999995884774,0.112307647961401,0.0,0.9999999996875,0.0,0.7124999997773437,0.8778492878365097,0.10169647049634303,0.021693704845803755
0.9000000000000001,0.0,38593.15625,404.3839111328125,2.510661790225607,0.0,0.9,0.19375,0.0,0.0,0.999999999612403,0.07982495150530365,0.0,0.9999999996875,0.0,0.6374999998007812,0.9217687064218772,0.0860049895490031,0.07299283350676766
1.0,0.0,40293.22265625,415.98663330078125,2.6854527890033464,0.0,0.9,0.1125,0.0,0.0,0.9999999996478872,0.03430747017655465,0.0,0.9999999996875,0.0,0.49687499984472655,0.970838298380902,0.1841681891479522,0.1841681891479522
-1.0,0.10000000000000009,40470.44921875,417.27410888671875,2.7996637738101913,0.0,0.9,0.115625,0.0,0.0,0.999999999646643,0.07146275015943679,0.0,0.9999999996875,0.0,0.4656249998544921,0.9598879997848534,0.12887554670302728,0.12887554670302728
-0.9,0.10000000000000009,38769.14453125,405.6641540527344,2.6468193478509665,0.0,0.9,0.14375,0.0,0.0,0.9999999996350364,0.08247863064485676,0.0,0.9999999996875,0.0,0.5562499998261718,0.9374136432464735,0.09500495148248331,0.0925280878188004
-0.8,0.10000000000000009,37202.65234375,394.7464904785156,2.4970021225300503,0.0,0.9,0.1875,0.0,0.0,0.9999999996153845,0.10048838231234117,0.0,0.9999999996875,0.0,0.5812499998183593,0.9019024726178599,0.0533444109394945,0.0533444109394945
-0.7,0.10000000000000009,35791.1171875,384.6306457519531,2.2680683159209822,0.0,0.9,0.2375,0.0,0.0,0.999999999590164,0.12411222979507756,0.0,0.9999999996875,0.0,0.7124999997773437,0.839566182538712,0.06865062609754145,0.024891460481260747
-0.6,0.10000000000000009,34551.3125,375.4397277832031,1.9549321737309462,0.0,0.9,0.4,0.0,0.0,0.9999999994791667,0.2511842444932426,0.0,0.9999999996875,0.0,0.8531249997333984,0.7305706681002377,0.09312386980278026,-0.09312386980278026
-0.5,0.10000000000000009,33495.70703125,367.3080749511719,1.5841020982541762,0.0,0.9,0.61875,0.0,0.0,0.9999999991803279,0.43695252194452133,0.0,0.9999999996875,0.0,0.949999999703125,0.5817354074390657,0.23017150839629474,-0.23017150839629474
-0.3999999999999999,0.10000000000000009,32630.85546875,360.3772888183594,1.1859298230450144,0.0,0.9,0.746875,0.0,0.0,0.9999999987654322,0.6291017019782509,0.0,0.9999999996875,0.0,0.9968749996884765,0.39361749708418453,0.23343795115595217,-0.23343795115595217
-0.29999999999999993,0.10000000000000009,31958.49609375,354.78826904296875,0.8383695911580231,0.0,0.9,0.9625,1.0,0.0,0.9999999916666668,0.9313984895033282,1.0,0.9999999996875,0.018749999994140624,0.9999999996875,0.19529727843891048,0.30728319578000046,-0.30490727559637304
-0.19999999999999996,0.10000000000000009,31477.376953125,350.671142578125,0.6430718054903095,0.0,0.9,0.996875,1.0,0.0,0.9999999000000099,0.9934933487565066,1.0,0.9999999996875,0.11249999996484374,0.9999999996875,0.0698816683365653,0.20327250811913164,-0.20327250811913164
-0.09999999999999998,0.10000000000000009,31188.064453125,348.1324157714844,0.565848529942795,0.0,0.9,1.0,1.0,0.0,0.0,1.0,1.0,0.9999999996875,0.3687499998847656,0.9999999996875,0.01824726498544473,0.12110131701754709,-0.12110131701754709
0.0,0.10000000000000009,31086.6796875,347.2431640625,0.5554465659632122,0.0,0.9,1.0,1.0,0.0,0.0,1.0,1.0,0.9999999996875,0.5249999998359375,0.9999999996875,0.011970204752357631,0.10292798413249735,-0.10292798413249735
0.10000000000000009,0.10000000000000009,31174.359375,348.02899169921875,0.5591117985482937,0.0,0.9,1.0,1.0,0.0,0.0,1.0,1.0,0.9999999996875,0.2343749999267578,0.9999999996875,0.0158272040813672,0.11786544232065038,-0.11786544232065038
0.20000000000000018,0.10000000000000009,31451.24609375,350.46722412109375,0.6085739371655269,0.0,0.9,1.0,1.0,0.0,0.0,1.0,1.0,0.9999999996875,0.04687499998535156,0.9999999996875,0.048492964534581795,0.19095210437657595,-0.19095210437657595
0.30000000000000004,0.10000000000000009,31919.751953125,354.4894104003906,0.8134981707951611,0.0,0.9,0.946875,0.0,0.0,0.9999999941176471,0.8858363858363859,0.0,0.9999999996875,0.0,0.9999999996875,0.1772453278776315,0.2824540899129229,-0.2824540899129229
0.40000000000000013,0.10000000000000009,32580.54296875,359.9908142089844,1.1878198147674683,0.0,0.9,0.83125,0.0,0.0,0.9999999981481481,0.7246585361216695,0.0,0.9999999996875,0.0,0.9906249996904296,0.3901855317992639,0.3394387073617223,-0.3394387073617223
0.5,0.10000000000000009,33433.87890625,366.8425598144531,1.5824385088099089,0.0,0.9,0.625,0.0,0.0,0.9999999991666667,0.48456552281668747,0.0,0.9999999996875,0.0,0.9468749997041015,0.5888011975547567,0.24597667509350707,-0.24597667509350707
0.6000000000000001,0.10000000000000009,34481.2734375,374.90399169921875,1.9573814715869287,0.0,0.9,0.403125,0.0,0.0,0.9999999994764398,0.24221211861393074,0.0,0.9999999996875,0.0,0.8562499997324218,0.7405284463698041,0.09657786693017249,-0.09178703647452102
0.7000000000000002,0.10000000000000009,35714.4765625,384.0333557128906,2.229580119364086,0.0,0.9,0.296875,0.0,0.0,0.9999999995555556,0.14457457910201812,0.0,0.9999999996875,0.0,0.7624999997617187,0.8337762347096472,0.04280832763076694,-0.018779912848434846
0.8,0.10000000000000009,37120.91015625,394.095703125,2.409356688949707,0.0,0.9,0.221875,0.0,0.0,0.9999999995983936,0.0965529304815019,0.0,0.9999999996875,0.0,0.6781249997880859,0.8953927213897862,0.07494080042943221,0.043614860985360965
0.9000000000000001,0.10000000000000009,38682.55078125,404.9671325683594,2.575349136343969,0.0,0.9,0.15625,0.0,0.0,0.9999999996296296,0.06840323955514521,0.0,0.9999999996875,0.0,0.5906249998154296,0.9436079792457874,0.13515127200555896,0.13023623112294386
1.0,0.10000000000000009,40380.34375,416.53717041015625,2.7169508390630828,0.0,0.9,0.1,0.0,0.0,0.9999999996527777,0.024837106058304217,0.0,0.9999999996875,0.0,0.5281249998349609,0.9874307904766771,0.22139643625325006,0.22139643625325006
-1.0,0.20000000000000018,40740.671875,419.0924072265625,2.8897252458553973,0.0,0.9,0.084375,0.0,0.0,0.999999999658703,0.05133560273812728,0.0,0.9999999996875,0.0,0.4687499998535156,0.9839917331648218,0.17014890328578328,0.17014890328578328
-0.9,0.20000000000000018,39047.46484375,407.5696716308594,2.764582340261942,0.0,0.9,0.109375,0.0,0.0,0.9999999996491227,0.06521694043471048,0.0,0.9999999996875,0.0,0.49999999984375,0.9613737143373241,0.1342779529980035,0.1342779529980035
-0.8,0.20000000000000018,37487.75,396.7421569824219,2.5871450383602483,0.0,0.9,0.159375,0.0,0.0,0.9999999996282527,0.08844306003292177,0.0,0.9999999996875,0.0,0.5249999998359375,0.9233147659152999,0.0865689017571884,0.0865689017571884
-0.7,0.20000000000000018,36080.76953125,386.7178649902344,2.337808419201473,0.0,0.9,0.26875,0.0,0.0,0.9999999995726496,0.15211536440686624,0.0,0.9999999996875,0.0,0.6656249997919922,0.8511850741853731,0.08953587116635697,0.00037222020959125357
-0.6,0.20000000000000018,34843.890625,377.6175231933594,2.05962641888285,0.0,0.9,0.378125,0.0,0.0,0.9999999994974874,0.22415724837307255,0.0,0.9999999996875,0.0,0.7656249997607422,0.7618140415343791,0.08148725005938659,-0.07450364588845168
-0.5,0.20000000000000018,33789.44140625,369.57275390625,1.6918341059872313,0.0,0.9,0.60625,0.0,0.0,0.9999999992063493,0.437819011417614,0.0,0.9999999996875,0.0,0.9156249997138671,0.6201313304263206,0.23707899970833268,-0.23707899970833268
-0.3999999999999999,0.20000000000000018,32924.19140625,362.72100830078125,1.319738242457469,0.0,0.9,0.740625,0.0,0.0,0.9999999987951808,0.5991423132399374,0.0,0.9999999996875,0.0,0.9937499996894531,0.454564898953682,0.2545195024977612,-0.2545195024977612
-0.29999999999999993,0.20000000000000018,32250.298828125,357.1990966796875,0.9631463454259463,0.0,0.9,0.875,1.0,0.0,0.9999999975,0.8061652704189003,1.0,0.9999999996875,0.003124999999023437,0.9999999996875,0.26684967521363145,0.2737224337288588,-0.2737224337288588
-0.19999999999999996,0.20000000000000018,31768.46875,353.1324462890625,0.7320007416237181,0.0,0.9,0.990625,1.0,0.0,0.9999999666666678,0.9788323950269763,1.0,0.9999999996875,0.009374999997070312,0.9999999996875,0.12794646923892677,0.27071628264602193,-0.27071628264602193
-0.09999999999999998,0.20000000000000018,31477.326171875,350.6237487792969,0.6096033332020678,0.0,0.9,0.996875,1.0,0.0,0.9999999000000099,0.9934933487565066,1.0,0.9999999996875,0.028124999991210934,0.9999999996875,0.04718087981201683,0.17886085822281453,-0.17886085822281453
0.0,0.20000000000000018,31374.666015625,349.7410888671875,0.5788022879234659,0.0,0.9,1.0,1.0,0.0,0.0,1.0,1.0,0.9999999996875,0.03437499998925781,0.9999999996875,0.027699048333236907,0.1495607076212558,-0.1495607076212558
0.10000000000000009,0.20000000000000018,31460.279296875,350.5093994140625,0.5908434272853043,0.0,0.9,1.0,1.0,0.0,0.0,1.0,1.0,0.9999999996875,0.015624999995117187,0.9999999996875,0.03638496337438962,0.16954795888910926,-0.16954795888910926
0.20000000000000018,0.20000000000000018,31736.119140625,352.9070739746094,0.6784419043274327,0.0,0.9,0.996875,0.0,0.0,0.9999999000000099,0.9895382395382395,0.0,0.9999999996875,0.0,0.9999999996875,0.09505381145777468,0.26018573789539934,-0.2580551928058942
0.30000000000000004,0.20000000000000018,32205.546875,356.8685302734375,0.9421611239828578,0.0,0.9,0.884375,0.0,0.0,0.9999999972972973,0.7957596371882086,0.0,0.9999999996875,0.0,0.9999999996875,0.2587923369342079,0.28952505159545566,-0.28952505159545566
0.40000000000000013,0.20000000000000018,32866.6640625,362.2933654785156,1.320546791368605,0.0,0.9,0.75,0.0,0.0,0.9999999987500001,0.6333349294551517,0.0,0.9999999996875,0.0,0.9874999996914062,0.46840533085966934,0.29814553704523117,-0.29814553704523117
0.5,0.20000000000000018,33720.16796875,369.05718994140625,1.7257180107203198,0.0,0.9,0.53125,0.0,0.0,0.9999999993333334,0.37886071413762595,0.0,0.9999999996875,0.0,0.9374999997070312,0.6574243195785443,0.17920233066554528,-0.17920233066554528
0.6000000000000001,0.20000000000000018,34766.19140625,377.0237731933594,2.0486562557569163,0.0,0.9,0.35625,0.0,0.0,0.9999999995145631,0.21065438754118,0.0,0.9999999996875,0.0,0.8093749997470703,0.7790906690666943,0.06767623148350325,-0.06290004400084478
0.7000000000000002,0.20000000000000018,35996.49609375,386.0552978515625,2.3156763567321272,0.0,0.9,0.278125,0.0,0.0,0.9999999995670996,0.1358862123538936,0.0,0.9999999996875,0.0,0.7031249997802734,0.8636109426931923,0.05140335416331347,-0.020648272243429466
0.8,0.20000000000000018,37397.3203125,396.01959228515625,2.511418340045681,0.0,0.9,0.203125,0.0,0.0,0.9999999996078431,0.088155248962299,0.0,0.9999999996875,0.0,0.5874999998164062,0.9212135414194477,0.11506315509939534,0.05477988736094382
0.9000000000000001,0.20000000000000018,38951.97265625,406.7951354980469,2.6628834191849586,0.0,0.9,0.115625,0.0,0.0,0.999999999646643,0.040017573899274114,0.0,0.9999999996875,0.0,0.5374999998320312,0.9703934879312022,0.169926976358045,0.169926976358045
1.0,0.20000000000000018,40640.53125,418.27288818359375,2.785458365997986,0.0,0.9,0.103125,0.0,0.0,0.9999999996515678,0.023165825469972933,0.0,0.9999999996875,0.0,0.5249999998359375,1.0085870741220022,0.2198575557053232,0.2198575557053232
-1.0,0.30000000000000004,41182.2734375,422.0652160644531,2.903576935870722,0.0,0.9,0.0875,0.0,0.0,0.9999999996575342,0.0494198089519904,0.0,0.9999999996875,0.0,0.47812499985058593,0.9854949813927438,0.16769276807328648,0.16769276807328648
-0.9,0.30000000000000004,39502.02734375,410.6850280761719,2.8164276513435658,0.0,0.9,0.103125,0.0,0.0,0.9999999996515678,0.05831899357055321,0.0,0.9999999996875,0.0,0.48749999984765624,0.9763593386816444,0.15548331026406587,0.15548331026406587
-0.8,0.30000000000000004,37953.5625,400.0045166015625,2.670593399041745,0.0,0.9,0.15,0.0,0.0,0.9999999996323529,0.08223353673261384,0.0,0.9999999996875,0.0,0.5374999998320312,0.9388513706238256,0.10673954877129002,0.10673954877129002
-0.7,0.30000000000000004,36556.01953125,390.1291198730469,2.439775656542011,0.0,0.9,0.275,0.0,0.0,0.9999999995689656,0.16066025262210742,0.0,0.9999999996875,0.0,0.6312499998027343,0.8740221439588226,0.03770507590763948,-0.013182297697681429
-0.6,0.30000000000000004,35325.32421875,381.1762390136719,2.1714356464974345,0.0,0.9,0.365625,0.0,0.0,0.9999999995073892,0.22611086678715855,0.0,0.9999999996875,0.0,0.6968749997822266,0.7916339318568762,0.12038000806348743,-0.0821333437803482
-0.5,0.30000000000000004,34273.46875,373.2723388671875,1.8340693107002055,0.0,0.9,0.571875,0.0,0.0,0.999999999270073,0.3940207116619077,0.0,0.9999999996875,0.0,0.8312499997402343,0.6752778950357073,0.22935686462082402,-0.22935686462082402
-0.3999999999999999,0.30000000000000004,33408.5546875,366.54925537109375,1.5322362831751595,0.0,0.9,0.696875,0.0,0.0,0.9999999989690722,0.5457349284834331,0.0,0.9999999996875,0.0,0.9374999997070312,0.5521435696502445,0.27198590279322393,-0.27198590279322393
-0.29999999999999993,0.30000000000000004,32734.576171875,361.1367492675781,1.2013770578434915,0.0,0.9,0.790625,0.0,0.0,0.9999999985074628,0.6705926416063611,0.0,0.9999999996875,0.0,0.9937499996894531,0.3950375984734524,0.2841518377396401,-0.2841518377396401
-0.19999999999999996,0.30000000000000004,32251.3515625,357.1534423828125,0.9432281543913573,0.0,0.9,0.934375,0.0,0.0,0.9999999952380952,0.8586770497672755,0.0,0.9999999996875,0.0,0.9999999996875,0.255234221332345,0.34550133588434156,-0.34550133588434156
-0.09999999999999998,0.30000000000000004,31957.671875,354.6956787109375,0.7777954899677718,0.0,0.9,0.9875,0.0,0.0,0.9999999750000006,0.9681508147025388,0.0,0.9999999996875,0.0,0.9999999996875,0.15681812703433515,0.3155399224663146,-0.3155399224663146
0.0,0.30000000000000004,31853.73046875,353.8273620605469,0.7073656059889488,0.0,0.9,0.990625,0.0,0.0,0.9999999666666678,0.9820643642072213,0.0,0.9999999996875,0.0,0.9999999996875,0.11169748137304619,0.273768317541155,-0.2720897240665292
0.10000000000000009,0.30000000000000004,31938.8515625,354.57196044921875,0.7389476151496365,0.0,0.9,0.99375,0.0,0.0,0.9999999500000026,0.9833333333333334,0.0,0.9999999996875,0.0,0.9999999996875,0.13232531872779416,0.30118569963531727,-0.30118569963531727
0.20000000000000018,0.30000000000000004,32214.25,356.9093322753906,0.914294570279935,0.0,0.9,0.915625,0.0,0.0,0.9999999962962962,0.8438741927658185,0.0,0.9999999996875,0.0,0.9999999996875,0.24255298794767266,0.32277319458076004,-0.32277319458076004
0.30000000000000004,0.30000000000000004,32682.55078125,360.77850341796875,1.1929387330839742,0.0,0.9,0.784375,0.0,0.0,0.9999999985507247,0.6812007763469705,0.0,0.9999999996875,0.0,0.9968749996884765,0.39832027670468345,0.2878061941324515,-0.2878061941324515
0.40000000000000013,0.30000000000000004,33344.1328125,366.0851745605469,1.5492261576751447,0.0,0.9,0.66875,0.0,0.0,0.9999999990566039,0.5175002257601972,0.0,0.9999999996875,0.0,0.971874999696289,0.5807635804973535,0.27312982000644087,-0.27312982000644087
0.5,0.30000000000000004,34198.28125,372.7121276855469,1.8921228984063212,0.0,0.9,0.45625,0.0,0.0,0.9999999994252874,0.3050441729428441,0.0,0.9999999996875,0.0,0.8968749997197265,0.7255528381789751,0.1410251462796009,-0.1410251462796009
0.6000000000000001,0.30000000000000004,35242.29296875,380.5300598144531,2.191094640778937,0.0,0.9,0.328125,0.0,0.0,0.9999999995348837,0.1991350499500933,0.0,0.9999999996875,0.0,0.7406249997685547,0.8245263162131029,0.07699595214922024,-0.056979367861691214
0.7000000000000002,0.30000000000000004,36466.50390625,389.40704345703125,2.4325752725460044,0.0,0.9,0.2125,0.0,0.0,0.9999999996031746,0.11214746840922128,0.0,0.9999999996875,0.0,0.6374999998007812,0.8962626517087315,0.03302512779701801,0.026820275188301934
0.8,0.30000000000000004,37856.9140625,399.21588134765625,2.611722893932534,0.0,0.9,0.15625,0.0,0.0,0.9999999996296296,0.07897709511154889,0.0,0.9999999996875,0.0,0.521874999836914,0.9413666104697637,0.09561768710524032,0.09561768710524032
0.9000000000000001,0.30000000000000004,39398.546875,409.8385925292969,2.73420552507358,0.0,0.9,0.103125,0.0,0.0,0.9999999996515678,0.037111924729405936,0.0,0.9999999996875,0.0,0.5187499998378906,0.9788568291568726,0.17168613592409054,0.17168613592409054
1.0,0.30000000000000004,41072.3359375,421.16864013671875,2.89186614928548,0.0,0.9,0.1,0.0,0.0,0.9999999996527777,0.03691289609466582,0.0,0.9999999996875,0.0,0.43437499986425776,1.027878286065565,0.21798691600094067,0.21723868091159415
-1.0,0.40000000000000013,41789.11328125,426.1512145996094,2.895770110389041,0.0,0.9,0.090625,0.0,0.0,0.9999999996563573,0.0501286364601582,0.0,0.9999999996875,0.0,0.4531249998583984,0.9934774473426585,0.17968838704358456,0.17800391497791865
-0.9,0.40000000000000013,40127.85546875,414.96246337890625,2.782272092486882,0.0,0.9,0.10625,0.0,0.0,0.9999999996503496,0.052905585854688034,0.0,0.9999999996875,0.0,0.5374999998320312,0.9659682993168577,0.14918542719741174,0.14918542719741174
-0.8,0.40000000000000013,38597.17578125,404.4787902832031,2.6670738640474387,0.0,0.9,0.153125,0.0,0.0,0.9999999996309962,0.08090443925784159,0.0,0.9999999996875,0.0,0.5656249998232421,0.9409399445760357,0.13427007168860225,0.10486175080817778
-0.7,0.40000000000000013,37213.94921875,394.8020324707031,2.5058861708142834,0.0,0.9,0.253125,0.0,0.0,0.99999999958159,0.13335263660104477,0.0,0.9999999996875,0.0,0.6062499998105468,0.8903978699757443,0.05818293363516537,-0.0008013998828566744
-0.6,0.40000000000000013,35992.6171875,386.04498291015625,2.2878780861088934,0.0,0.9,0.353125,0.0,0.0,0.9999999995169082,0.21350249675041003,0.0,0.9999999996875,0.0,0.6749999997890624,0.8311303807820699,0.12814278133261842,-0.09374431134155878
-0.5,0.40000000000000013,34946.00390625,378.3276062011719,2.0173724009443608,0.0,0.9,0.496875,0.0,0.0,0.9999999993788821,0.33235024482609676,0.0,0.9999999996875,0.0,0.771874999758789,0.7487358183250361,0.20624248898422431,-0.2023407097239797
-0.3999999999999999,0.40000000000000013,34082.65234375,371.7742614746094,1.718907178832916,0.0,0.9,0.63125,0.0,0.0,0.9999999991525425,0.45932416379460717,0.0,0.9999999996875,0.0,0.9031249997177734,0.6369983076716641,0.279527085240989,-0.279527085240989
-0.29999999999999993,0.40000000000000013,33408.63671875,366.5058898925781,1.4782731952651635,0.0,0.9,0.69375,0.0,0.0,0.9999999989795919,0.5164479515207402,0.0,0.9999999996875,0.0,0.9593749997001952,0.5362727725880645,0.30414114727529035,-0.29396204795516034
-0.19999999999999996,0.40000000000000013,32924.5234375,362.63238525390625,1.256491445207085,0.0,0.9,0.79375,0.0,0.0,0.9999999984848486,0.6560065534586096,0.0,0.9999999996875,0.0,0.9874999996914062,0.42886075507408294,0.347180354988152,-0.347180354988152
-0.09999999999999998,0.40000000000000013,32630.6015625,360.24261474609375,1.1014772194865687,0.0,0.9,0.8875,0.0,0.0,0.9999999972222222,0.771641109240899,0.0,0.9999999996875,0.0,0.9999999996875,0.3492674654640883,0.39052088875637414,-0.39052088875637414
0.0,0.40000000000000013,32524.943359375,359.3949279785156,1.0502306728125252,0.0,0.9,0.903125,0.0,0.0,0.9999999967741935,0.8203018688713154,0.0,0.9999999996875,0.0,0.9999999996875,0.3181351581113791,0.38293052037916514,-0.38293052037916514
0.10000000000000009,0.40000000000000013,32609.728515625,360.1110534667969,1.093538238589135,0.0,0.9,0.865625,0.0,0.0,0.9999999976744186,0.7669331862880251,0.0,0.9999999996875,0.0,0.9999999996875,0.3375770522139881,0.357978299828792,-0.357978299828792
0.20000000000000018,0.40000000000000013,32885.84765625,362.37255859375,1.272850750261674,0.0,0.9,0.775,0.0,0.0,0.9999999986111112,0.6720974457268755,0.0,0.9999999996875,0.0,0.9749999996953125,0.4306208263600068,0.3285068427106471,-0.3198546302576014
0.30000000000000004,0.40000000000000013,33353.63671875,366.1239013671875,1.531049602405131,0.0,0.9,0.703125,0.0,0.0,0.9999999989473685,0.5635791990510685,0.0,0.9999999996875,0.0,0.9031249997177734,0.5588443364319237,0.3094709853684874,-0.3094709853684874
0.40000000000000013,0.40000000000000013,34014.0546875,371.2786865234375,1.8002924082232776,0.0,0.9,0.596875,0.0,0.0,0.9999999992248062,0.4403927502151147,0.0,0.9999999996875,0.0,0.8624999997304686,0.6797879897987599,0.2719113455694725,-0.2719113455694725
0.5,0.40000000000000013,34866.6171875,377.72845458984375,2.0820099891062602,0.0,0.9,0.4375,0.0,0.0,0.9999999994444445,0.28319713158088033,0.0,0.9999999996875,0.0,0.7999999997499999,0.7841746257636804,0.19430465366239116,-0.1643067977802258
0.6000000000000001,0.40000000000000013,35904.5703125,385.3525695800781,2.317579223057595,0.0,0.9,0.3125,0.0,0.0,0.9999999995454546,0.19065952206287165,0.0,0.9999999996875,0.0,0.6843749997861328,0.8563349604379836,0.09456311470877642,-0.0758241118353246
0.7000000000000002,0.40000000000000013,37118.61328125,394.0269470214844,2.540373465275294,0.0,0.9,0.175,0.0,0.0,0.999999999621212,0.08103075393479929,0.0,0.9999999996875,0.0,0.5749999998203125,0.9171793053662808,0.06227912140980969,0.0542143936085451
0.8,0.40000000000000013,38495.1171875,403.6306457519531,2.689712756722102,0.0,0.9,0.11875,0.0,0.0,0.99999999964539,0.040730835849681346,0.0,0.9999999996875,0.0,0.48124999984960937,0.9587075641722328,0.12338742065881043,0.12338742065881043
0.9000000000000001,0.40000000000000013,40018.10546875,414.05059814453125,2.837889662251606,0.0,0.9,0.08125,0.0,0.0,0.9999999996598639,0.02851270681634663,0.0,0.9999999996875,0.0,0.421874999868164,0.9904178368755456,0.18288387571480574,0.18288387571480574
1.0,0.40000000000000013,41671.09765625,425.1837158203125,2.9691324117019464,0.0,0.9,0.05625,0.0,0.0,0.9999999996688741,0.012403244400527008,0.0,0.9999999996875,0.0,0.39062499987792965,1.0278767224818768,0.24210262510684985,0.24210262510684985
-1.0,0.5,42556.99609375,431.2965087890625,2.8781450172814598,0.0,0.9,0.109375,0.0,0.0,0.9999999996491227,0.060131275289903564,0.0,0.9999999996875,0.0,0.4906249998466797,0.9839372824747904,0.15118057462688844,0.15118057462688844
-0.9,0.5,40920.7890625,420.3408203125,2.8000430500782403,0.0,0.9,0.09375,0.0,0.0,0.9999999996551724,0.046394031500414476,0.0,0.9999999996875,0.0,0.4656249998544921,0.9673204852683176,0.16336768014381411,0.16336768014381411
-0.8,0.5,39413.51953125,410.0951232910156,2.7010694917244598,0.0,0.9,0.13125,0.0,0.0,0.9999999996402877,0.06476509960593811,0.0,0.9999999996875,0.0,0.4937499998457031,0.9405549094974092,0.12237431516534722,0.12237431516534722
-0.7,0.5,38049.9375,400.6575622558594,2.5486560311801996,0.0,0.9,0.18125,0.0,0.0,0.9999999996183205,0.08907044540192552,0.0,0.9999999996875,0.0,0.5812499998183593,0.9038326738712814,0.06551382132650976,0.06551382132650976
-0.6,0.5,36842.234375,392.1346130371094,2.4013619419477368,0.0,0.9,0.309375,0.0,0.0,0.9999999995475113,0.16382524661769973,0.0,0.9999999996875,0.0,0.6437499997988281,0.8659132243236426,0.0940010488769734,-0.06052829956623805
-0.5,0.5,35804.7734375,384.63922119140625,2.1795589964784,0.0,0.9,0.359375,0.0,0.0,0.9999999995121952,0.20879865714693405,0.0,0.9999999996875,0.0,0.7312499997714843,0.8084147135020315,0.10926555365341975,-0.09691592095686456
-0.3999999999999999,0.5,34945.98828125,378.2867736816406,1.9700070702418873,0.0,0.9,0.4125,0.0,0.0,0.9999999994680852,0.25446866046394856,0.0,0.9999999996875,0.0,0.821874999743164,0.7436757954212131,0.1326201606391997,-0.12509781024676006
-0.29999999999999993,0.5,34273.71875,373.1885070800781,1.7552477485559337,0.0,0.9,0.559375,0.0,0.0,0.9999999992907802,0.3721686642769826,0.0,0.9999999996875,0.0,0.9093749997158203,0.6629822637126537,0.24879751887469348,-0.24879751887469348
-0.19999999999999996,0.5,33789.671875,369.4445495605469,1.6073187506600213,0.0,0.9,0.640625,0.0,0.0,0.9999999991304348,0.47817873266422234,0.0,0.9999999996875,0.0,0.9749999996953125,0.607516557542093,0.30466073388525206,-0.30466073388525206
-0.09999999999999998,0.5,33494.1953125,367.135009765625,1.5074896034103884,0.0,0.9,0.6875,0.0,0.0,0.999999999,0.5577813075678304,0.0,0.9999999996875,0.0,0.9749999996953125,0.5621338119867295,0.32547787534442996,-0.32547787534442996
0.0,0.5,33389.01953125,366.312744140625,1.470835036424974,0.0,0.9,0.69375,0.0,0.0,0.9999999989795919,0.5605027486594307,0.0,0.9999999996875,0.0,0.949999999703125,0.5425757314907763,0.3245630753567848,-0.3245630753567848
0.10000000000000009,0.5,33473.32421875,366.99700927734375,1.5208358460481268,0.0,0.9,0.671875,0.0,0.0,0.9999999990476192,0.5294112022840904,0.0,0.9999999996875,0.0,0.9156249997138671,0.5558971702798449,0.3189253768163641,-0.30794204542735293
0.20000000000000018,0.5,33748.578125,369.1717529296875,1.6879514118205006,0.0,0.9,0.6375,0.0,0.0,0.9999999991379311,0.4980039232494284,0.0,0.9999999996875,0.0,0.8593749997314453,0.6182510692477452,0.30149742888193226,-0.29485703720259093
0.30000000000000004,0.5,34216.01953125,372.7870178222656,1.9067701196786233,0.0,0.9,0.546875,0.0,0.0,0.9999999993103449,0.4046552851420214,0.0,0.9999999996875,0.0,0.8187499997441405,0.7053006694542655,0.23850917437350572,-0.23850917437350572
0.40000000000000013,0.5,34874.02734375,377.7650146484375,2.1147162252914296,0.0,0.9,0.44375,0.0,0.0,0.9999999994382023,0.29666258555925207,0.0,0.9999999996875,0.0,0.7812499997558593,0.7801788727865058,0.16747999000505925,-0.16747999000505925
0.5,0.5,35720.82421875,384.0069580078125,2.306612397791702,0.0,0.9,0.325,0.0,0.0,0.9999999995370371,0.19383212790267662,0.0,0.9999999996875,0.0,0.6874999997851562,0.8411551723708547,0.08904981329934732,-0.08619562821364066
0.6000000000000001,0.5,36748.3828125,391.40234375,2.460401152040146,0.0,0.9,0.253125,0.0,0.0,0.99999999958159,0.13780438683603086,0.0,0.9999999996875,0.0,0.5593749998251952,0.8856505680405158,0.051381072006644546,-0.0331086637111547
0.7000000000000002,0.5,37947.890625,399.8359375,2.6573697989186438,0.0,0.9,0.153125,0.0,0.0,0.9999999996309962,0.06894190644808786,0.0,0.9999999996875,0.0,0.44374999986132807,0.938401755938683,0.06899915847800211,0.06899915847800211
0.8,0.5,39305.15234375,409.1943054199219,2.7728806417927534,0.0,0.9,0.096875,0.0,0.0,0.9999999996539791,0.034532587345087344,0.0,0.9999999996875,0.0,0.40624999987304683,0.9697921157909791,0.13952831231163812,0.13952831231163812
0.9000000000000001,0.5,40805.58984375,419.3701171875,2.917839134987333,0.0,0.9,0.05,0.0,0.0,0.9999999996710526,0.01356119558884536,0.0,0.9999999996875,0.0,0.3843749998798828,0.9999684841246966,0.20641204523025034,0.20641204523025034
1.0,0.5,42432.7890625,430.26470947265625,3.034787117343808,0.0,0.9,0.046875,0.0,0.0,0.999999999672131,0.010967504016037887,0.0,0.9999999996875,0.0,0.3593749998876953,1.0315293478600966,0.23842374395858115,0.23842374395858115
-1.0,0.6000000000000001,43479.7109375,437.4381103515625,2.8474651244014053,0.0,0.9,0.084375,0.0,0.0,0.999999999658703,0.037301934825452424,0.0,0.9999999996875,0.0,0.4656249998544921,0.9761749824534977,0.16988262885112124,0.16988262885112124
-0.9,0.6000000000000001,41873.9765625,426.7484130859375,2.7830514828063775,0.0,0.9,0.115625,0.0,0.0,0.999999999646643,0.05262717267107066,0.0,0.9999999996875,0.0,0.4531249998583984,0.9641863862893054,0.13704706205357414,0.13704706205357414
-0.8,0.6000000000000001,40395.328125,416.7729797363281,2.7202951364052543,0.0,0.9,0.125,0.0,0.0,0.999999999642857,0.05155263411659407,0.0,0.9999999996875,0.0,0.4687499998535156,0.9492801102343125,0.12979803288101405,0.12979803288101405
-0.7,0.6000000000000001,39055.24609375,407.6050109863281,2.606438346232439,0.0,0.9,0.15,0.0,0.0,0.9999999996323529,0.06602037797629348,0.0,0.9999999996875,0.0,0.49687499984472655,0.926712282171886,0.09566547665319171,0.09566547665319171
-0.6,0.6000000000000001,37867.19921875,399.3445129394531,2.4881947973430374,0.0,0.9,0.221875,0.0,0.0,0.9999999995983936,0.11047115616143229,0.0,0.9999999996875,0.0,0.5656249998232421,0.897608827695159,0.038325921322622636,0.02418446428929444
-0.5,0.6000000000000001,36844.08203125,392.09637451171875,2.337927485437495,0.0,0.9,0.284375,0.0,0.0,0.9999999995633188,0.15205029838022166,0.0,0.9999999996875,0.0,0.628124999803711,0.8604917877220697,0.03943098382849444,-0.036281535013860985
-0.3999999999999999,0.6000000000000001,35993.51171875,385.9663391113281,2.1656250520549305,0.0,0.9,0.303125,0.0,0.0,0.9999999995515695,0.18260951716109639,0.0,0.9999999996875,0.0,0.7531249997646484,0.8116283137795663,0.1122711340171311,-0.05207539606038494
-0.29999999999999993,0.6000000000000001,35325.3984375,381.0553894042969,2.054856831461457,0.0,0.9,0.33125,0.0,0.0,0.9999999995327103,0.20719808770973464,0.0,0.9999999996875,0.0,0.8187499997441405,0.7794424831815051,0.15748938300553667,-0.06893418129497589
-0.19999999999999996,0.6000000000000001,34842.80859375,377.4535217285156,1.9470148173982045,0.0,0.9,0.39375,0.0,0.0,0.9999999994845361,0.26363405516243893,0.0,0.9999999996875,0.0,0.9031249997177734,0.7476557082537019,0.11701153735289883,-0.11701153735289883
-0.09999999999999998,0.6000000000000001,34548.7265625,375.2322692871094,1.8941456892746789,0.0,0.9,0.446875,0.0,0.0,0.9999999994350283,0.32303248743065954,0.0,0.9999999996875,0.0,0.9281249997099609,0.7311148375220456,0.14973416546286608,-0.14973416546286608
0.0,0.6000000000000001,34443.54296875,374.4384460449219,1.8872585157597734,0.0,0.9,0.4375,0.0,0.0,0.9999999994444445,0.2825567497643177,0.0,0.9999999996875,0.0,0.8499999997343749,0.7260954731570056,0.1505998023060617,-0.13972899182056547
0.10000000000000009,0.6000000000000001,34527.26171875,375.0891418457031,1.9482853738226835,0.0,0.9,0.425,0.0,0.0,0.9999999994565217,0.2930199571387612,0.0,0.9999999996875,0.0,0.7999999997499999,0.7414567738861332,0.16257876010588168,-0.1307582316477295
0.20000000000000018,0.6000000000000001,34801.44140625,377.17034912109375,2.0724274220829457,0.0,0.9,0.390625,0.0,0.0,0.9999999994871795,0.24623262686918343,0.0,0.9999999996875,0.0,0.7593749997626953,0.771342855721106,0.11764813552507494,-0.11394932172503439
0.30000000000000004,0.6000000000000001,35265.421875,380.6380615234375,2.2650198006621283,0.0,0.9,0.328125,0.0,0.0,0.9999999995348837,0.19695567588234303,0.0,0.9999999996875,0.0,0.721874999774414,0.8225897159300322,0.06621491979457736,-0.06621491979457736
0.40000000000000013,0.6000000000000001,35918.55859375,385.42291259765625,2.3686975959060774,0.0,0.9,0.3,0.0,0.0,0.9999999995535714,0.17015399061419284,0.0,0.9999999996875,0.0,0.6406249997998047,0.8489145498735085,0.06675513582150341,-0.06021625610404521
0.5,0.6000000000000001,36755.3515625,391.43646240234375,2.5097598050751895,0.0,0.9,0.24375,0.0,0.0,0.9999999995867769,0.1256896922402149,0.0,0.9999999996875,0.0,0.5624999998242187,0.88605364044705,0.026259972013625586,-0.02162620357710851
0.6000000000000001,0.6000000000000001,37768.03125,398.5784912109375,2.6052334741251886,0.0,0.9,0.165625,0.0,0.0,0.999999999625468,0.07203078533971986,0.0,0.9999999996875,0.0,0.47812499985058593,0.9158943024370841,0.0659562824584269,0.05795872845047856
0.7000000000000002,0.6000000000000001,38947.6015625,406.743408203125,2.7428422856125145,0.0,0.9,0.13125,0.0,0.0,0.9999999996402877,0.05033660176487058,0.0,0.9999999996875,0.0,0.3937499998769531,0.9507737749306157,0.09196231176930458,0.09196231176930458
0.8,0.6000000000000001,40281.07421875,415.8262023925781,2.895098962102293,0.0,0.9,0.084375,0.0,0.0,0.999999999658703,0.02382536245769996,0.0,0.9999999996875,0.0,0.3531249998896484,0.9831476241915847,0.15785923568325602,0.15785923568325602
0.9000000000000001,0.6000000000000001,41752.86328125,425.72589111328125,2.9835845827385863,0.0,0.9,0.06875,0.0,0.0,0.9999999996644294,0.018741505315327273,0.0,0.9999999996875,0.0,0.33124999989648435,1.0032072960632723,0.19031537086198885,0.19031537086198885
1.0,0.6000000000000001,43349.53515625,436.34893798828125,3.1019570683929873,0.0,0.9,0.053125,0.0,0.0,0.9999999996699669,0.011666296953564035,0.0,0.9999999996875,0.0,0.31562499990136716,1.0312735369601163,0.22657395533442173,0.22657395533442173
-1.0,0.7000000000000002,44547.203125,444.50738525390625,2.882888593236393,0.0,0.9,0.084375,0.0,0.0,0.999999999658703,0.035354406353844826,0.0,0.9999999996875,0.0,0.421874999868164,0.9781667045151946,0.16740190214211143,0.16740190214211143
-0.9,0.7000000000000002,42977.16796875,434.1082458496094,2.802154818758539,0.0,0.9,0.109375,0.0,0.0,0.9999999996491227,0.046748107446341884,0.0,0.9999999996875,0.0,0.421874999868164,0.9628641912699182,0.14648210791913052,0.14373723097612462
-0.8,0.7000000000000002,41531.01171875,424.4263610839844,2.7199447087846993,0.0,0.9,0.125,0.0,0.0,0.999999999642857,0.054837841523625294,0.0,0.9999999996875,0.0,0.43437499986425776,0.9474584650777527,0.12834498237594594,0.12834498237594594
-0.7,0.7000000000000002,40219.88671875,415.5489501953125,2.6542061274883872,0.0,0.9,0.1375,0.0,0.0,0.999999999637681,0.06336605890062488,0.0,0.9999999996875,0.0,0.4749999998515625,0.9356661166270286,0.11010603081627839,0.11010603081627839
-0.6,0.7000000000000002,39056.25390625,407.56939697265625,2.556200310127825,0.0,0.9,0.153125,0.0,0.0,0.9999999996309962,0.07385122593455927,0.0,0.9999999996875,0.0,0.5281249998349609,0.9187022555627112,0.08781258015807707,0.08781258015807707
-0.5,0.7000000000000002,38052.53125,400.58404541015625,2.4645072444110268,0.0,0.9,0.18125,0.0,0.0,0.9999999996183205,0.09159717593209304,0.0,0.9999999996875,0.0,0.5874999998164062,0.8955002832593338,0.056160372281419964,0.055064616059092665
-0.3999999999999999,0.7000000000000002,37215.68359375,394.68890380859375,2.3486477858975277,0.0,0.9,0.240625,0.0,0.0,0.9999999995884774,0.1320412048497756,0.0,0.9999999996875,0.0,0.6249999998046875,0.862158587569947,0.05999848289752418,-0.008082055106553855
-0.29999999999999993,0.7000000000000002,36555.33984375,389.9748229980469,2.262563087988484,0.0,0.9,0.25625,0.0,0.0,0.999999999579832,0.15983338836861835,0.0,0.9999999996875,0.0,0.7062499997792968,0.8433733742344443,0.05959382196134639,-0.011459355029736723
-0.19999999999999996,0.7000000000000002,36078.328125,386.52178955078125,2.226633218101613,0.0,0.9,0.253125,0.0,0.0,0.99999999958159,0.17010050219568734,0.0,0.9999999996875,0.0,0.7499999997656249,0.8401659722004853,0.06068576578230616,-0.00047955082063597977
-0.09999999999999998,0.7000000000000002,35786.32421875,384.392822265625,2.2165236983453074,0.0,0.9,0.2625,0.0,0.0,0.9999999995762712,0.16717669427346846,0.0,0.9999999996875,0.0,0.7281249997724609,0.8362653701956291,0.05023283652133739,0.007884168058512215
0.0,0.7000000000000002,35682.09765625,383.6291198730469,2.251928379796637,0.0,0.9,0.2375,0.0,0.0,0.999999999590164,0.16235656830996845,0.0,0.9999999996875,0.0,0.7031249997802734,0.8505888179544506,0.09073839021686694,0.043182620037064176
0.10000000000000009,0.7000000000000002,35765.2421875,384.2457580566406,2.320047665925096,0.0,0.9,0.203125,0.0,0.0,0.9999999996078431,0.11899161873867661,0.0,0.9999999996875,0.0,0.6781249997880859,0.8635717772942239,0.07365348732194589,0.06956117823048498
0.20000000000000018,0.7000000000000002,36037.24609375,386.23052978515625,2.397040366869373,0.0,0.9,0.246875,0.0,0.0,0.9999999995850622,0.1400120753429577,0.0,0.9999999996875,0.0,0.6531249997958984,0.8659803380753821,0.07598713517363316,0.010203888829818463
0.30000000000000004,0.7000000000000002,36495.41796875,389.5451354980469,2.507239243907339,0.0,0.9,0.246875,0.0,0.0,0.9999999995850622,0.13456640287722316,0.0,0.9999999996875,0.0,0.6031249998115233,0.8867258247031454,0.05297362838824527,0.0020729484250731414
0.40000000000000013,0.7000000000000002,37138.0859375,394.1282958984375,2.5541863407467176,0.0,0.9,0.215625,0.0,0.0,0.9999999996015937,0.09770323120077677,0.0,0.9999999996875,0.0,0.5687499998222656,0.8917003988782504,0.04888755629598278,0.029229509284146155
0.5,0.7000000000000002,37960.21484375,399.9017028808594,2.6660738411792555,0.0,0.9,0.184375,0.0,0.0,0.9999999996168581,0.07042338407623093,0.0,0.9999999996875,0.0,0.4843749998486328,0.9141015451706379,0.08829733794861258,0.04788502139763751
0.6000000000000001,0.7000000000000002,38952.80078125,406.775390625,2.737503902998335,0.0,0.9,0.165625,0.0,0.0,0.999999999625468,0.054421505138281576,0.0,0.9999999996875,0.0,0.4031249998740234,0.931445297693576,0.07078014932772293,0.06330758639011824
0.7000000000000002,0.7000000000000002,40107.0703125,414.6535949707031,2.8261005790065528,0.0,0.9,0.11875,0.0,0.0,0.99999999964539,0.03684448992011663,0.0,0.9999999996875,0.0,0.3531249998896484,0.959474609288366,0.11919491010107655,0.11919491010107655
0.8,0.7000000000000002,41411.05859375,423.4399719238281,2.904160775275549,0.0,0.9,0.109375,0.0,0.0,0.9999999996491227,0.030486202673720927,0.0,0.9999999996875,0.0,0.35624999988867184,0.9820216067048539,0.1434100834305436,0.1434100834305436
0.9000000000000001,0.7000000000000002,42850.30078125,433.0406188964844,3.0556591853315185,0.0,0.9,0.090625,0.0,0.0,0.9999999996563573,0.021044891386506292,0.0,0.9999999996875,0.0,0.30624999990429685,1.0120260602852909,0.18033843129006977,0.18033843129006977
1.0,0.7000000000000002,44411.54296875,443.3673400878906,3.1697337947138444,0.0,0.9,0.065625,0.0,0.0,0.9999999996655518,0.013991224195305827,0.0,0.9999999996875,0.0,0.3031249999052734,1.0387626238111027,0.22771311060498722,0.22771311060498722
-1.0,0.8,45751.875,452.4327392578125,2.8363862900892904,0.0,0.9,0.06875,0.0,0.0,0.9999999996644294,0.02733721379567134,0.0,0.9999999996875,0.0,0.43437499986425776,0.9738767371208114,0.18433519840032805,0.18433519840032805
-0.9,0.8,44221.265625,442.3410949707031,2.7897785105649033,0.0,0.9,0.1,0.0,0.0,0.9999999996527777,0.04532969939328541,0.0,0.9999999996875,0.0,0.421874999868164,0.9609179157940607,0.1507961619062797,0.1480272352365775
-0.8,0.8,42810.54296875,432.96734619140625,2.7447308945072373,0.0,0.9,0.1,0.0,0.0,0.9999999996527777,0.04248499166751263,0.0,0.9999999996875,0.0,0.4187499998691406,0.9566751656864861,0.14723778643570828,0.14723778643570828
-0.7,0.8,41532.53515625,424.3931884765625,2.6885419784709814,0.0,0.9,0.125,0.0,0.0,0.999999999642857,0.06001077342734973,0.0,0.9999999996875,0.0,0.4562499998574218,0.9410954379318544,0.12315849045920595,0.12315849045920595
-0.6,0.8,40397.953125,416.70452880859375,2.609230704575029,0.0,0.9,0.134375,0.0,0.0,0.9999999996389891,0.06253557668233209,0.0,0.9999999996875,0.0,0.49999999984375,0.9217415092582847,0.10241065713110598,0.10241065713110598
-0.5,0.8,39417.7890625,409.98944091796875,2.5576456035254327,0.0,0.9,0.11875,0.0,0.0,0.99999999964539,0.05270891336703864,0.0,0.9999999996875,0.0,0.5156249998388671,0.9117247440933771,0.10705037234275948,0.10616029218942842
-0.3999999999999999,0.8,38598.73046875,404.33428955078125,2.463512848221198,0.0,0.9,0.2,0.0,0.0,0.9999999996093749,0.1022644139240778,0.0,0.9999999996875,0.0,0.5843749998173827,0.8917753814107456,0.04697138234218212,0.02260538190501681
-0.29999999999999993,0.8,37951.96875,399.8201599121094,2.4830139140390624,0.0,0.9,0.215625,0.0,0.0,0.9999999996015937,0.1274325625149492,0.0,0.9999999996875,0.0,0.5624999998242187,0.9041821766682376,0.07148927037127267,0.018283628135380276
-0.19999999999999996,0.8,37483.0390625,396.5175476074219,2.462102220884298,0.0,0.9,0.190625,0.0,0.0,0.9999999996138995,0.1179205240060758,0.0,0.9999999996875,0.0,0.6249999998046875,0.9015151977520985,0.06226484640859684,0.057649330787130706
-0.09999999999999998,0.8,37195.1796875,394.48199462890625,2.4805660228526687,0.0,0.9,0.171875,0.0,0.0,0.9999999996226414,0.1073689703153989,0.0,0.9999999996875,0.0,0.6468749997978516,0.9193044250218642,0.10128234171217015,0.09319916197284434
0.0,0.8,37092.3828125,393.74896240234375,2.500343892635334,0.0,0.9,0.140625,0.0,0.0,0.9999999996363635,0.07998159159581868,0.0,0.9999999996875,0.0,0.649999999796875,0.9226814686378069,0.13523959290081594,0.13523959290081594
0.10000000000000009,0.8,37173.33203125,394.3319396972656,2.604418464070688,0.0,0.9,0.13125,0.0,0.0,0.9999999996402877,0.0711888203557285,0.0,0.9999999996875,0.0,0.5906249998154296,0.9357455411935569,0.14134547763891414,0.14134547763891414
0.20000000000000018,0.8,37440.96484375,396.2203674316406,2.7052400524778406,0.0,0.9,0.13125,0.0,0.0,0.9999999996402877,0.06455653741395025,0.0,0.9999999996875,0.0,0.5281249998349609,0.9416645709526517,0.1327937362510623,0.1327937362510623
0.30000000000000004,0.8,37891.484375,399.38079833984375,2.7548993036514036,0.0,0.9,0.146875,0.0,0.0,0.9999999996336996,0.06779176848836291,0.0,0.9999999996875,0.0,0.4531249998583984,0.9404507981198172,0.12544811516007862,0.11005908378214824
0.40000000000000013,0.8,38519.4765625,403.76007080078125,2.8037248050705235,0.0,0.9,0.165625,0.0,0.0,0.999999999625468,0.06321300539302137,0.0,0.9999999996875,0.0,0.3968749998759765,0.9417232186822285,0.10128748323893194,0.08579223116780066
0.5,0.8,39321.40234375,409.2890625,2.8294464022276,0.0,0.9,0.16875,0.0,0.0,0.99999999962406,0.0592123622892511,0.0,0.9999999996875,0.0,0.3874999998789062,0.9440702060290111,0.08016615117874892,0.08016615117874892
0.6000000000000001,0.8,40290.19140625,415.8876037597656,2.875031842905247,0.0,0.9,0.146875,0.0,0.0,0.9999999996336996,0.04661232416410073,0.0,0.9999999996875,0.0,0.3843749998798828,0.9613766266217105,0.10096869150469848,0.10096869150469848
0.7000000000000002,0.8,41414.91796875,423.4696044921875,2.9024341002765133,0.0,0.9,0.125,0.0,0.0,0.999999999642857,0.03395725655455129,0.0,0.9999999996875,0.0,0.34062499989355466,0.9701033877320175,0.13056235609785893,0.13056235609785893
0.8,0.8,42684.83984375,431.9474792480469,2.9650845888306323,0.0,0.9,0.1,0.0,0.0,0.9999999996527777,0.023900572933457664,0.0,0.9999999996875,0.0,0.3281249998974609,0.9875884659980882,0.17124141280195723,0.1695217551301827
0.9000000000000001,0.8,44087.16796875,441.234375,3.062125955374302,0.0,0.9,0.096875,0.0,0.0,0.9999999996539791,0.021233741287525382,0.0,0.9999999996875,0.0,0.3343749998955078,1.013761835510127,0.18719445052541409,0.18719445052541409
1.0,0.8,45609.9296875,451.24810791015625,3.1464750614296295,0.0,0.9,0.096875,0.0,0.0,0.9999999996539791,0.02022868097634453,0.0,0.9999999996875,0.0,0.34062499989355466,1.0302228739108006,0.20588406355079764,0.20588406355079764
-1.0,0.9000000000000001,47083.171875,461.1422119140625,2.833792820521409,0.0,0.9,0.096875,0.0,0.0,0.9999999996539791,0.046085109304387854,0.0,0.9999999996875,0.0,0.44062499986230463,0.9689941340720036,0.1585208814222751,0.1585208814222751
-0.9,0.9000000000000001,45593.796875,451.3681335449219,2.827136936865464,0.0,0.9,0.1125,0.0,0.0,0.9999999996478872,0.05460615374408478,0.0,0.9999999996875,0.0,0.40624999987304683,0.9601662875162609,0.12998575071069413,0.12998575071069413
-0.8,0.9000000000000001,44222.52734375,442.3101806640625,2.734407704024614,0.0,0.9,0.115625,0.0,0.0,0.999999999646643,0.05503614180217025,0.0,0.9999999996875,0.0,0.43437499986425776,0.9487836097110378,0.13488484509917714,0.12908961293169574
-0.7,0.9000000000000001,42980.80859375,434.0444030761719,2.638754553471857,0.0,0.9,0.14375,0.0,0.0,0.9999999996350364,0.07203776009537909,0.0,0.9999999996875,0.0,0.5031249998427734,0.9298520245685145,0.0956023575650624,0.0956023575650624
-0.6,0.9000000000000001,41878.84765625,426.6497497558594,2.6181692076616403,0.0,0.9,0.1625,0.0,0.0,0.9999999996268656,0.07571499712569155,0.0,0.9999999996875,0.0,0.4843749998486328,0.920171890201485,0.08098632063577564,0.07477748227151472
-0.5,0.9000000000000001,40925.5859375,420.2057800292969,2.6216777277178123,0.0,0.9,0.171875,0.0,0.0,0.9999999996226414,0.07759494774601627,0.0,0.9999999996875,0.0,0.4937499998457031,0.9197919647447754,0.0583541233264967,0.054633475010864616
-0.3999999999999999,0.9000000000000001,40128.87109375,414.7899475097656,2.588214441033563,0.0,0.9,0.1625,0.0,0.0,0.9999999996268656,0.092793603098704,0.0,0.9999999996875,0.0,0.5187499998378906,0.9184145195696481,0.059088199384209145,0.059088199384209145
-0.29999999999999993,0.9000000000000001,39498.82421875,410.4739990234375,2.6208696318019675,0.0,0.9,0.171875,0.0,0.0,0.9999999996226414,0.10319111582725816,0.0,0.9999999996875,0.0,0.5124999998398437,0.933857957270565,0.0682299377389929,0.0682299377389929
-0.19999999999999996,0.9000000000000001,39040.1953125,407.32000732421875,2.6227349710438355,0.0,0.9,0.175,0.0,0.0,0.999999999621212,0.11514757416343975,0.0,0.9999999996875,0.0,0.571874999821289,0.9410291399320732,0.10364705947284703,0.07659906017131592
-0.09999999999999998,0.9000000000000001,38758.578125,405.37628173828125,2.6237547826536884,0.0,0.9,0.134375,0.0,0.0,0.9999999996389891,0.08838216160692859,0.0,0.9999999996875,0.0,0.5906249998154296,0.9496405038158191,0.1290854611907032,0.1290854611907032
0.0,0.9000000000000001,38657.64453125,404.6737976074219,2.722809164904168,0.0,0.9,0.1,0.0,0.0,0.9999999996527777,0.055463248101172834,0.0,0.9999999996875,0.0,0.5312499998339844,0.9660384817801679,0.17745154304020572,0.17745154304020572
0.10000000000000009,0.9000000000000001,38736.53125,405.2242126464844,2.7745469015250532,0.0,0.9,0.121875,0.0,0.0,0.999999999644128,0.05811027390350637,0.0,0.9999999996875,0.0,0.49999999984375,0.9634985045482252,0.14981772766462265,0.14981772766462265
0.20000000000000018,0.9000000000000001,38997.0234375,407.0182189941406,2.8989112751058808,0.0,0.9,0.140625,0.0,0.0,0.9999999996363635,0.06172389941967541,0.0,0.9999999996875,0.0,0.4624999998554687,0.970908166124525,0.1296942993685835,0.1296942993685835
0.30000000000000004,0.9000000000000001,39435.83984375,410.02740478515625,2.9825087427637653,0.0,0.9,0.109375,0.0,0.0,0.9999999996491227,0.03945174907907827,0.0,0.9999999996875,0.0,0.39999999987499996,0.9776287247399755,0.1559214824369363,0.1559214824369363
0.40000000000000013,0.9000000000000001,40046.57421875,414.2052001953125,3.0033432359841603,0.0,0.9,0.11875,0.0,0.0,0.99999999964539,0.04258060374419589,0.0,0.9999999996875,0.0,0.36562499988574215,0.9763170417471827,0.1431944856104793,0.1431944856104793
0.5,0.9000000000000001,40826.01171875,419.4910583496094,2.9993572112073137,0.0,0.9,0.109375,0.0,0.0,0.9999999996491227,0.03608253712101778,0.0,0.9999999996875,0.0,0.3437499998925781,0.9774447159745413,0.15493076886494134,0.15493076886494134
0.6000000000000001,0.9000000000000001,41766.55078125,425.81427001953125,2.982794702001821,0.0,0.9,0.11875,0.0,0.0,0.99999999964539,0.03140451737499854,0.0,0.9999999996875,0.0,0.3343749998955078,0.9756376061878876,0.1496209677004036,0.14729737075647506
0.7000000000000002,0.9000000000000001,42857.92578125,433.0977783203125,3.000936400476267,0.0,0.9,0.115625,0.0,0.0,0.999999999646643,0.03026021133762807,0.0,0.9999999996875,0.0,0.34687499989160153,0.9827025979819914,0.15791781710560876,0.15575645132249802
0.8,0.9000000000000001,44091.08203125,441.2620849609375,3.0180692545952796,0.0,0.9,0.115625,0.0,0.0,0.999999999646643,0.02443242847378186,0.0,0.9999999996875,0.0,0.3531249998896484,0.9969871291369125,0.17386931251767054,0.17386931251767054
0.9000000000000001,0.9000000000000001,45453.328125,450.22802734375,3.0537079200354604,0.0,0.9,0.1,0.0,0.0,0.9999999996527777,0.022669943007946763,0.0,0.9999999996875,0.0,0.36562499988574215,1.0165017660852398,0.20530072911319747,0.20530072911319747
1.0,0.9000000000000001,46934.4921875,459.9192199707031,3.144598325779908,0.0,0.9,0.090625,0.0,0.0,0.9999999996563573,0.01979684344616716,0.0,0.9999999996875,0.0,0.34687499989160153,1.0394083814386978,0.22426673259708457,0.22426673259708457
-1.0,1.0,48529.78125,470.56610107421875,2.903640927416073,0.0,0.9,0.084375,0.0,0.0,0.999999999658703,0.042872889796236636,0.0,0.9999999996875,0.0,0.40937499987207027,0.9783281578758947,0.17832933749972318,0.17832933749972318
-0.9,1.0,47083.69921875,461.1133117675781,2.8643547438908836,0.0,0.9,0.078125,0.0,0.0,0.9999999996610168,0.04237710905879615,0.0,0.9999999996875,0.0,0.3968749998759765,0.9718731260624497,0.17295258432877414,0.17295258432877414
-0.8,1.0,45754.31640625,452.3730773925781,2.814946213690089,0.0,0.9,0.1125,0.0,0.0,0.9999999996478872,0.05780437298071938,0.0,0.9999999996875,0.0,0.40624999987304683,0.9593249637688651,0.13317811774742136,0.13317811774742136
-0.7,1.0,44551.33984375,444.41534423828125,2.720219891503195,0.0,0.9,0.159375,0.0,0.0,0.9999999996282527,0.08190384146068293,0.0,0.9999999996875,0.0,0.4749999998515625,0.9384589278579208,0.08194100362977065,0.08194100362977065
-0.6,1.0,43483.796875,437.3120422363281,2.6666520062220136,0.0,0.9,0.16875,0.0,0.0,0.99999999962406,0.08023649888929583,0.0,0.9999999996875,0.0,0.5156249998388671,0.9276914210613891,0.07058518398641808,0.07058518398641808
-0.5,1.0,42561.01953125,431.1349182128906,2.621216578511337,0.0,0.9,0.153125,0.0,0.0,0.9999999996309962,0.0633188231417101,0.0,0.9999999996875,0.0,0.4906249998466797,0.9205006740981616,0.08845044607339785,0.07773620400665669
-0.3999999999999999,1.0,41789.37890625,425.953369140625,2.611152596702729,0.0,0.9,0.14375,0.0,0.0,0.9999999996350364,0.06396163906263162,0.0,0.9999999996875,0.0,0.5187499998378906,0.9285354799964677,0.08982272677263402,0.08982272677263402
-0.29999999999999993,1.0,41177.73828125,421.8304748535156,2.7143582278020686,0.0,0.9,0.134375,0.0,0.0,0.9999999996389891,0.08100879661655003,0.0,0.9999999996875,0.0,0.5124999998398437,0.9552958491839081,0.11198569851155563,0.11198569851155563
-0.19999999999999996,1.0,40731.59765625,418.8206481933594,2.7433574604679336,0.0,0.9,0.075,0.0,0.0,0.9999999996621621,0.056479625222419484,0.0,0.9999999996875,0.0,0.5437499998300781,0.9689085886116401,0.18508284702312217,0.18508284702312217
-0.09999999999999998,1.0,40457.71484375,416.9659423828125,2.7891572871276207,0.0,0.9,0.096875,0.0,0.0,0.9999999996539791,0.05586563266953759,0.0,0.9999999996875,0.0,0.5281249998349609,0.9761173929699426,0.1722381587665214,0.1722381587665214
0.0,1.0,40359.59765625,416.293212890625,2.8237580211462996,0.0,0.9,0.10625,0.0,0.0,0.9999999996503496,0.049715655349140866,0.0,0.9999999996875,0.0,0.4906249998466797,0.9756915480678129,0.17013134541426728,0.17013134541426728
0.10000000000000009,1.0,40435.73828125,416.8122863769531,2.9318326363706713,0.0,0.9,0.1125,0.0,0.0,0.9999999996478872,0.045311641887247886,0.0,0.9999999996875,0.0,0.4531249998583984,0.9837322661873578,0.16626940755419384,0.16626940755419384
0.20000000000000018,1.0,40687.86328125,418.5157775878906,3.0764082293348722,0.0,0.9,0.134375,0.0,0.0,0.9999999996389891,0.05720777558335161,0.0,0.9999999996875,0.0,0.38124999988085934,0.9966605476277942,0.14903437657420818,0.14903437657420818
0.30000000000000004,1.0,41112.43359375,421.378662109375,3.095564255791962,0.0,0.9,0.115625,0.0,0.0,0.999999999646643,0.03895780357624374,0.0,0.9999999996875,0.0,0.37499999988281246,0.9880608699195336,0.1589325835442037,0.1589325835442037
0.40000000000000013,1.0,41704.390625,425.36077880859375,3.1186457010243025,0.0,0.9,0.1125,0.0,0.0,0.9999999996478872,0.03170692816180679,0.0,0.9999999996875,0.0,0.37499999988281246,0.9863269010937286,0.16360476543761535,0.16360476543761535
0.5,1.0,42459.05078125,430.4093017578125,3.112047705398206,0.0,0.9,0.11875,0.0,0.0,0.99999999964539,0.03410810581319187,0.0,0.9999999996875,0.0,0.3593749998876953,0.9889897358192946,0.15606756691164697,0.15606756691164697
0.6000000000000001,1.0,43368.41796875,436.46185302734375,3.1003007745570947,0.0,0.9,0.10625,0.0,0.0,0.9999999996503496,0.026226121687227717,0.0,0.9999999996875,0.0,0.3593749998876953,0.9903376992658205,0.17478374553694243,0.17478374553694243
0.7000000000000002,1.0,44423.8828125,443.4498291015625,3.07430318405837,0.0,0.9,0.121875,0.0,0.0,0.999999999644128,0.032653192884489285,0.0,0.9999999996875,0.0,0.33124999989648435,0.9864160192802146,0.16695737687242748,0.16525830317770487
0.8,1.0,45617.21875,451.30157470703125,3.09146197811827,0.0,0.9,0.103125,0.0,0.0,0.9999999996515678,0.02273104415301293,0.0,0.9999999996875,0.0,0.3593749998876953,1.0057369816050847,0.20245579194990726,0.20245579194990726
0.9000000000000001,1.0,46938.21875,459.9450378417969,3.1340180247067244,0.0,0.9,0.1,0.0,0.0,0.9999999996527777,0.021580732327942054,0.0,0.9999999996875,0.0,0.3624999998867187,1.018864024902654,0.21472496179687284,0.21472496179687284
1.0,1.0,48375.28515625,469.30999755859375,3.161003574093771,0.0,0.9,0.090625,0.0,0.0,0.9999999996563573,0.021387211629867012,0.0,0.9999999996875,0.0,0.3687499998847656,1.0337051192683884,0.23710156673851146,0.2347817949222777
