-1.0,-1.0,21195.830078125,411.7312316894531,inf,0.0,0.9,0.075,0.075,0.0,0.0,0.005357142857142857,0.005357142857142857,0.9999999996875,0.9999999996875,0.3281249998974609,1.8499999994218748,0.0749999999765625,-0.0749999999765625
-0.9,-1.0,20575.6640625,405.0845031738281,inf,0.0,0.9,0.075,0.075,0.0,0.0,0.005357142857142857,0.005357142857142857,0.9999999996875,0.9999999996875,0.3374999998945312,1.8499999994218748,0.0749999999765625,-0.0749999999765625
-0.8,-1.0,20005.96484375,398.9443054199219,inf,0.0,0.9,0.075,0.075,0.0,0.0,0.005357142857142857,0.005357142857142857,0.9999999996875,0.9999999996875,0.3374999998945312,1.8499999994218748,0.0749999999765625,-0.0749999999765625
-0.7,-1.0,19490.818359375,393.36016845703125,inf,0.0,0.9,0.071875,0.071875,0.0,0.0,0.005133928571428571,0.005133928571428571,0.9999999996875,0.9999999996875,0.3281249998974609,1.8562499994199217,0.07187499997753906,-0.07187499997753906
-0.6,-1.0,19034.822265625,388.3831787109375,inf,0.0,0.9,0.071875,0.071875,0.0,0.0,0.005133928571428571,0.005133928571428571,0.9999999996875,0.9999999996875,0.33124999989648435,1.8562499994199217,0.07187499997753906,-0.07187499997753906
-0.5,-1.0,18640.580078125,384.0639343261719,inf,0.0,0.9,0.075,0.075,0.0,0.0,0.005357142857142857,0.005357142857142857,0.9999999996875,0.9999999996875,0.3343749998955078,1.8499999994218748,0.0749999999765625,-0.0749999999765625
-0.3999999999999999,-1.0,18312.275390625,380.45123291015625,inf,0.0,0.9,0.075,0.075,0.0,0.0,0.005357142857142857,0.005357142857142857,0.9999999996875,0.9999999996875,0.3343749998955078,1.8499999994218748,0.0749999999765625,-0.0749999999765625
-0.29999999999999993,-1.0,18052.234375,377.58966064453125,inf,0.0,0.9,0.071875,0.071875,0.0,0.0,0.005133928571428571,0.005133928571428571,0.9999999996875,0.9999999996875,0.34062499989355466,1.8562499994199217,0.07187499997753906,-0.07187499997753906
-0.19999999999999996,-1.0,17864.52734375,375.51690673828125,inf,0.0,0.9,0.075,0.075,0.0,0.0,0.005357142857142857,0.005357142857142857,0.9999999996875,0.9999999996875,0.3843749998798828,1.8499999994218748,0.0749999999765625,-0.0749999999765625
-0.09999999999999998,-1.0,17751.9609375,374.26214599609375,inf,0.0,0.9,0.075,0.075,0.0,0.0,0.005357142857142857,0.005357142857142857,0.9999999996875,0.9999999996875,0.4187499998691406,1.8499999994218748,0.0749999999765625,-0.0749999999765625
0.0,-1.0,17715.13671875,373.8437194824219,inf,0.0,0.9,0.075,0.075,0.0,0.0,0.005357142857142857,0.005357142857142857,0.9999999996875,0.9999999996875,0.33124999989648435,1.8499999994218748,0.0749999999765625,-0.0749999999765625
0.10000000000000009,-1.0,17754.125,374.2677917480469,inf,0.0,0.9,0.075,0.075,0.0,0.0,0.005357142857142857,0.005357142857142857,0.9999999996875,0.9999999996875,0.30624999990429685,1.8499922244800215,0.05000388994031472,-0.05000388994031472
0.20000000000000018,-1.0,17868.740234375,375.52789306640625,inf,0.0,0.9,0.078125,0.07371794871794872,0.0,0.020338983043952884,0.007299819385912101,0.00551294343240652,0.9999999996875,0.9749999996953125,0.34062499989355466,1.834447240807783,0.15800661511285713,0.15800661511285713
0.30000000000000004,-1.0,18057.46875,377.60589599609375,inf,0.0,0.9,0.071875,0.07317073170731707,0.0,0.10437710434196057,0.01753918958887903,0.019412816099563086,0.9999999996875,0.8968749997197265,0.28124999991210936,1.807828747379403,0.27705160032063636,0.27705160032063636
0.40000000000000013,-1.0,18316.88671875,380.4726257324219,inf,0.0,0.9,0.03125,0.03194888178913738,0.0,0.02258064515400624,0.002880184331797235,0.0029036004645760743,0.9999999996875,0.9781249996943359,0.2687499999160156,1.9250435990957635,0.11546556323381704,0.11546556323381704
0.5,-1.0,18645.19921875,384.09002685546875,inf,0.0,0.9,0.03125,0.031545741324921134,0.0,0.00967741935171696,0.002289377289377289,0.002304147465437788,0.9999999996875,0.9906249996904296,0.22187499993066404,1.9336246697103137,0.016240164904581595,-0.0029188116281717554
0.6000000000000001,-1.0,19039.8203125,388.4136962890625,inf,0.0,0.9,0.03125,0.03125,0.0,0.0,0.002232142857142857,0.002232142857142857,0.9999999996875,0.9999999996875,0.29062499990917967,1.9374999993945312,0.031249999990234374,-0.031249999990234374
0.7000000000000002,-1.0,19497.544921875,393.39483642578125,inf,0.0,0.9,0.03125,0.03125,0.0,0.0,0.002232142857142857,0.002232142857142857,0.9999999996875,0.9999999996875,0.28749999991015623,1.9374999993945312,0.031249999990234374,-0.031249999990234374
0.8,-1.0,20014.05859375,398.982666015625,inf,0.0,0.9,0.03125,0.03125,0.0,0.0,0.002232142857142857,0.002232142857142857,0.9999999996875,0.9999999996875,0.28749999991015623,1.9374999993945312,0.031249999990234374,-0.031249999990234374
0.9000000000000001,-1.0,20585.75390625,405.12628173828125,inf,0.0,0.9,0.03125,0.03125,0.0,0.0,0.002232142857142857,0.002232142857142857,0.9999999996875,0.9999999996875,0.29062499990917967,1.9374999993945312,0.031249999990234374,-0.031249999990234374
1.0,-1.0,21207.7578125,411.7760925292969,inf,0.0,0.9,0.03125,0.03125,0.0,0.0,0.002232142857142857,0.002232142857142857,0.9999999996875,0.9999999996875,0.28749999991015623,1.9374999993945312,0.031249999990234374,-0.031249999990234374
-1.0,-0.9,20580.119140625,405.1267395019531,inf,0.0,0.9,0.075,0.075,0.0,0.0,0.005357142857142857,0.005357142857142857,0.9999999996875,0.9999999996875,0.3343749998955078,1.8499999994218748,0.0749999999765625,-0.0749999999765625
-0.9,-0.9,19940.84375,398.2494812011719,inf,0.0,0.9,0.075,0.075,0.0,0.0,0.005357142857142857,0.005357142857142857,0.9999999996875,0.9999999996875,0.3343749998955078,1.8499999994218748,0.0749999999765625,-0.0749999999765625
-0.8,-0.9,19352.681640625,391.881103515625,inf,0.0,0.9,0.075,0.075,0.0,0.0,0.005357142857142857,0.005357142857142857,0.9999999996875,0.9999999996875,0.3374999998945312,1.8499999994218748,0.0749999999765625,-0.0749999999765625
-0.7,-0.9,18820.134765625,386.0755920410156,inf,0.0,0.9,0.06875,0.06875,0.0,0.0,0.0049107142857142865,0.0049107142857142865,0.9999999996875,0.9999999996875,0.33124999989648435,1.8624999994179685,0.06874999997851562,-0.06874999997851562
-0.6,-0.9,18348.443359375,380.88873291015625,inf,0.0,0.9,0.075,0.075,0.0,0.0,0.005357142857142857,0.005357142857142857,0.9999999996875,0.9999999996875,0.3374999998945312,1.8499999994218748,0.0749999999765625,-0.0749999999765625
-0.5,-0.9,17940.587890625,376.376953125,inf,0.0,0.9,0.075,0.075,0.0,0.0,0.005357142857142857,0.005357142857142857,0.9999999996875,0.9999999996875,0.371874999883789,1.8499999994218748,0.0749999999765625,-0.0749999999765625
-0.3999999999999999,-0.9,17600.57421875,372.5948181152344,inf,0.0,0.9,0.06875,0.06875,0.0,0.0,0.0049107142857142865,0.0049107142857142865,0.9999999996875,0.9999999996875,0.3624999998867187,1.8624999994179685,0.06874999997851562,-0.06874999997851562
-0.29999999999999993,-0.9,17331.033203125,369.59283447265625,inf,0.0,0.9,0.071875,0.071875,0.0,0.0,0.005133928571428571,0.005133928571428571,0.9999999996875,0.9999999996875,0.32187499989941404,1.8562499994193764,0.07187499997753906,-0.07187499997753906
-0.19999999999999996,-0.9,17136.650390625,367.41448974609375,inf,0.0,0.9,0.075,0.075,0.0,0.0,0.005357142857142857,0.005357142857142857,0.9999999996875,0.9999999996875,0.33124999989648435,1.8499999986755518,0.07187500035104466,-0.07187500035104466
-0.09999999999999998,-0.9,17019.138671875,366.093017578125,inf,0.0,0.9,0.075,0.075,0.0,0.0,0.005357142857142857,0.005357142857142857,0.9999999996875,0.9999999996875,0.3781249998818359,1.8499998913843636,0.04375005401280305,-0.04375005401280305
0.0,-0.9,16980.46875,365.64971923828125,inf,0.0,0.9,0.075,0.075,0.0,0.0,0.005357142857142857,0.005357142857142857,0.9999999996875,0.9999999996875,0.33124999989648435,1.8499490266996883,0.21559857114231995,0.21559857114231995
0.10000000000000009,-0.9,17020.40234375,366.09197998046875,inf,0.0,0.9,0.08125,0.08361204013377926,0.0,0.06802721086121523,0.008961038961038961,0.009785997732426303,0.9999999996875,0.9343749997080077,0.3374999998945312,1.805916388931157,0.6707446580586108,0.6707446580586108
0.20000000000000018,-0.9,17138.728515625,367.4124755859375,inf,0.0,0.9,0.071875,0.0625,0.0,0.24242424234261808,0.010142273185751447,0.008081941328014626,0.9999999996875,0.7499999997656249,0.371874999883789,1.7550236016369754,0.7066179880429966,0.7066179880429966
0.30000000000000004,-0.9,17333.001953125,369.5899963378906,inf,0.0,0.9,0.0875,0.08766233766233766,0.0,0.037671232863811216,0.010963099065992956,0.0063231850117096014,0.9999999996875,0.9624999996992187,0.3374999998945312,1.8061921553524234,0.34985154382449124,0.34985154382449124
0.40000000000000013,-0.9,17600.763671875,372.5909729003906,inf,0.0,0.9,0.046875,0.04792332268370607,0.0,0.022950819664606287,0.007079386778634899,0.007203262984583146,0.9999999996875,0.9781249996943359,0.3437499998925781,1.896638272503116,0.25967578206048303,0.25967578206048303
0.5,-0.9,17940.513671875,376.3721618652344,inf,0.0,0.9,0.03125,0.03215434083601286,0.0,0.029032258055150882,0.003401360544217687,0.003450655624568668,0.9999999996875,0.971874999696289,0.3343749998955078,1.9222407630925682,0.2043829993422042,0.2043829993422042
0.6000000000000001,-0.9,18348.40625,380.88311767578125,inf,0.0,0.9,0.028125,0.028662420382165606,0.0,0.019292604495404306,0.0022635814889336017,0.002271580010095911,0.9999999996875,0.9812499996933594,0.19687499993847654,1.9354342165752014,0.1033120807128368,0.1033120807128368
0.7000000000000002,-0.9,18821.171875,386.0691223144531,inf,0.0,0.9,0.03125,0.03125,0.0,0.0,0.0022391401701746527,0.0022391401701746527,0.9999999996875,0.9999999996875,0.27187499991503905,1.9374999889637337,0.02500000520954704,-0.02500000520954704
0.8,-0.9,19355.03125,391.8738708496094,inf,0.0,0.9,0.03125,0.03125,0.0,0.0,0.002232142857142857,0.002232142857142857,0.9999999996875,0.9999999996875,0.28749999991015623,1.9374999993945312,0.031249999990234374,-0.031249999990234374
0.9000000000000001,-0.9,19944.78515625,398.24151611328125,inf,0.0,0.9,0.028125,0.028125,0.0,0.0,0.0020089285714285717,0.0020089285714285717,0.9999999996875,0.9999999996875,0.29062499990917967,1.943749999392578,0.028124999991210937,-0.028124999991210937
1.0,-0.9,20585.796875,405.1180725097656,inf,0.0,0.9,0.03125,0.03125,0.0,0.0,0.002232142857142857,0.002232142857142857,0.9999999996875,0.9999999996875,0.29062499990917967,1.9374999993945312,0.031249999990234374,-0.031249999990234374
-1.0,-0.8,20014.806640625,399.0313720703125,inf,0.0,0.9,0.075,0.075,0.0,0.0,0.005357142857142857,0.005357142857142857,0.9999999996875,0.9999999996875,0.3343749998955078,1.8499999994218748,0.0749999999765625,-0.0749999999765625
-0.9,-0.8,19357.203125,391.9263916015625,inf,0.0,0.9,0.075,0.075,0.0,0.0,0.005357142857142857,0.005357142857142857,0.9999999996875,0.9999999996875,0.3343749998955078,1.8499999994218748,0.0749999999765625,-0.0749999999765625
-0.8,-0.8,18752.22265625,385.3311462402344,inf,0.0,0.9,0.075,0.075,0.0,0.0,0.005357142857142857,0.005357142857142857,0.9999999996875,0.9999999996875,0.3374999998945312,1.8499999994218748,0.0749999999765625,-0.0749999999765625
-0.7,-0.8,18203.560546875,379.30364990234375,inf,0.0,0.9,0.075,0.075,0.0,0.0,0.005357142857142857,0.005357142857142857,0.9999999996875,0.9999999996875,0.34062499989355466,1.8499999994218748,0.0749999999765625,-0.0749999999765625
-0.6,-0.8,17716.8984375,373.9050598144531,inf,0.0,0.9,0.075,0.075,0.0,0.0,0.005357142857142857,0.005357142857142857,0.9999999996875,0.9999999996875,0.39062499987792965,1.8499999994218748,0.0749999999765625,-0.0749999999765625
-0.5,-0.8,17296.25,369.1974182128906,inf,0.0,0.9,0.071875,0.071875,0.0,0.0,0.005133928571428571,0.005133928571428571,0.9999999996875,0.9999999996875,0.249999999921875,1.8562499994199146,0.07187499997753906,-0.07187499997753906
-0.3999999999999999,-0.8,16945.599609375,365.2419738769531,inf,0.0,0.9,0.075,0.075,0.0,0.0,0.005357142857142857,0.005357142857142857,0.9999999996875,0.9999999996875,0.22187499993066404,1.849999997231472,0.05000001042300033,-0.05000001042300033
-0.29999999999999993,-0.8,16667.796875,362.09552001953125,inf,0.0,0.9,0.071875,0.071875,0.0,0.0,0.005133928571428571,0.005133928571428571,0.9999999996875,0.9999999996875,0.27187499991503905,1.856248862761199,0.10937432637669413,0.10937432637669413
-0.19999999999999996,-0.8,16467.16796875,359.8077392578125,inf,0.0,0.9,0.075,0.075,0.0,0.0,0.005357142857142857,0.005357142857142857,0.9999999996875,0.9999999996875,0.32187499989941404,1.8499647600481692,0.2406068382909201,0.2406068382909201
-0.09999999999999998,-0.8,16345.9228515625,358.4169616699219,inf,0.0,0.9,0.075,0.075,0.0,0.0,0.005357142857142857,0.005357142857142857,0.9999999996875,0.9999999996875,0.4281249998662109,1.8490377071942063,0.49011930194303444,0.49011930194303444
0.0,-0.8,16305.1962890625,357.94775390625,inf,0.0,0.9,0.075,0.0782312925170068,0.0,0.08445945943092585,0.005390835579514824,0.005587949465500486,0.9999999996875,0.9187499997128905,0.3843749998798828,1.8109800986158344,0.7408757967422389,0.738418718562487
0.10000000000000009,-0.8,16345.7392578125,358.4087219238281,inf,0.0,0.9,0.0875,0.08917197452229299,0.0,0.5102739724279883,0.011615705249657505,0.011528822055137845,0.9999999996875,0.4906249998466797,0.371874999883789,1.6151396572767391,0.7582848586877633,0.7582848586877633
0.20000000000000018,-0.8,16466.775390625,359.79144287109375,inf,0.0,0.9,0.0875,0.08247422680412371,0.0,0.08561643832684368,0.00860500141194189,0.005891016200294551,0.9999999996875,0.9093749997158203,0.34062499989355466,1.7771726028680008,0.6944809961661836,0.6944809961661836
0.30000000000000004,-0.8,16666.0859375,362.07147216796875,inf,0.0,0.9,0.08125,0.08125,0.0,0.0,0.005803571428571429,0.005803571428571429,0.9999999996875,0.9999999996875,0.3187499999003906,1.8368876480763328,0.33407221413081967,0.33407221413081967
0.40000000000000013,-0.8,16941.064453125,365.21044921875,inf,0.0,0.9,0.084375,0.084375,0.0,0.0,0.0060267857142857146,0.0060267857142857146,0.9999999996875,0.9999999996875,0.33124999989648435,1.8311627584078902,0.14370608318154598,0.14370608318154598
0.5,-0.8,17290.943359375,369.1589660644531,inf,0.0,0.9,0.084375,0.08463949843260188,0.0,0.0034129692821116145,0.006045678459471563,0.006064690026954178,0.9999999996875,0.9968749996884765,0.34062499989355466,1.829756452357619,0.17408662957176194,0.17408662957176194
0.6000000000000001,-0.8,17710.9921875,373.8600769042969,inf,0.0,0.9,0.08125,0.08333333333333333,0.0,0.06462585031815447,0.010685629826254827,0.011373400262289153,0.9999999996875,0.9374999997070312,0.2937499999082031,1.8053282059766222,0.32745829802364085,0.32745829802364085
0.7000000000000002,-0.8,18198.275390625,379.2527160644531,inf,0.0,0.9,0.05,0.04854368932038835,0.0,0.032894736831284625,0.006721656721656722,0.006470182640347643,0.9999999996875,0.9656249996982421,0.2687499999160156,1.886673843629468,0.2687962398494723,0.2687962398494723
0.8,-0.8,18748.10546875,385.2747497558594,inf,0.0,0.9,0.034375,0.03503184713375796,0.0,0.019417475721871365,0.0036034388147064204,0.0036613734451317573,0.9999999996875,0.9812499996933594,0.24687499992285156,1.9232315026499678,0.11045057826224297,0.11045057826224297
0.9000000000000001,-0.8,19355.07421875,391.8651123046875,inf,0.0,0.9,0.034375,0.034375,0.0,0.0,0.004198808710086905,0.004198808710086905,0.9999999996875,0.9999999996875,0.2843749999111328,1.9311620765029363,0.015669217334146522,-0.015669217334146522
1.0,-0.8,20013.92578125,398.9658203125,inf,0.0,0.9,0.034375,0.034482758620689655,0.0,0.0032362459536452275,0.004458218931136811,0.004521880759504522,0.9999999996875,0.9968749996884765,0.29062499990917967,1.9291604234660138,0.015403931151144721,-0.010354932094762903
-1.0,-0.7,19503.365234375,393.49468994140625,inf,0.0,0.9,0.075,0.075,0.0,0.0,0.005357142857142857,0.005357142857142857,0.9999999996875,0.9999999996875,0.33124999989648435,1.8499999994218748,0.0749999999765625,-0.0749999999765625
-0.9,-0.7,18828.5078125,386.16888427734375,inf,0.0,0.9,0.071875,0.071875,0.0,0.0,0.005133928571428571,0.005133928571428571,0.9999999996875,0.9999999996875,0.33124999989648435,1.8562499994199217,0.07187499997753906,-0.07187499997753906
-0.8,-0.7,18207.947265625,379.35211181640625,inf,0.0,0.9,0.075,0.075,0.0,0.0,0.005357142857142857,0.005357142857142857,0.9999999996875,0.9999999996875,0.3374999998945312,1.8499999994218748,0.0749999999765625,-0.0749999999765625
-0.7,-0.7,17645.22265625,373.1064758300781,inf,0.0,0.9,0.075,0.075,0.0,0.0,0.005357142857142857,0.005357142857142857,0.9999999996875,0.9999999996875,0.3343749998955078,1.8499999994218748,0.0749999999765625,-0.0749999999765625
-0.6,-0.7,17145.37109375,367.49798583984375,inf,0.0,0.9,0.075,0.075,0.0,0.0,0.005357142857142857,0.005357142857142857,0.9999999996875,0.9999999996875,0.2656249999169922,1.8499999994182146,0.0749999999765625,-0.0749999999765625
-0.5,-0.7,16713.390625,362.5950012207031,inf,0.0,0.9,0.075,0.075,0.0,0.0,0.005357142857142857,0.005357142857142857,0.9999999996875,0.9999999996875,0.249999999921875,1.8499999575072996,0.009375089797074267,-0.009375089797074267
-0.3999999999999999,-0.7,16354.228515625,358.4652404785156,inf,0.0,0.9,0.075,0.075,0.0,0.0,0.005357142857142857,0.005357142857142857,0.9999999996875,0.9999999996875,0.29687499990722654,1.8499575873748142,0.31872090078978255,0.31872090078978255
-0.29999999999999993,-0.7,16070.5244140625,355.1727294921875,inf,0.0,0.9,0.071875,0.071875,0.0,0.0,0.005133928571428571,0.005133928571428571,0.9999999996875,0.9999999996875,0.39062499987792965,1.8547212178303594,0.5491632338681682,0.5491632338681682
-0.19999999999999996,-0.7,15865.208984375,352.7735900878906,inf,0.0,0.9,0.075,0.075,0.0,0.0,0.005357142857142857,0.005357142857142857,0.9999999996875,0.9999999996875,0.42499999986718745,1.836031358413093,0.6331167932133719,0.6331167932133719
-0.09999999999999998,-0.7,15741.3349609375,351.31195068359375,inf,0.0,0.9,0.075,0.08450704225352113,0.0,0.12162162158053323,0.005357142857142857,0.006036217303822937,0.9999999996875,0.8874999997226561,0.42499999986718745,1.7798459784166285,0.7613796127110857,0.7613796127110857
0.0,-0.7,15699.1142578125,350.81610107421875,inf,0.0,0.9,0.084375,0.06369426751592357,0.0,0.4982935151882957,0.011505132088170956,0.008585164835164836,0.9999999996875,0.4906249998466797,0.3937499998769531,1.6298051640403308,0.7717939860363099,0.7717939860363099
0.10000000000000009,-0.7,15739.6298828125,351.2958068847656,inf,0.0,0.9,0.0625,0.06422018348623854,0.0,0.6599999997799999,0.009199134199134198,0.00892279241793805,0.9999999996875,0.34062499989355466,0.3968749998759765,1.5697136133826528,0.7307165252312477,0.7307165252312477
0.20000000000000018,-0.7,15861.986328125,352.7416076660156,inf,0.0,0.9,0.08125,0.08710801393728224,0.0,0.10884353737794436,0.005821764442454097,0.0062220009955201595,0.9999999996875,0.8968749997197265,0.38124999988085934,1.7645126769016815,0.787612994109236,0.787612994109236
0.30000000000000004,-0.7,16064.32421875,355.12542724609375,inf,0.0,0.9,0.08125,0.08150470219435736,0.0,0.0034013605430607613,0.005803571428571429,0.005821764442454097,0.9999999996875,0.9968749996884765,0.3781249998818359,1.8309469802397915,0.6219338255516691,0.6219338255516691
0.40000000000000013,-0.7,16345.6513671875,358.4035339355469,inf,0.0,0.9,0.084375,0.08463949843260188,0.0,0.0034129692821116145,0.0060267857142857146,0.006045678459471563,0.9999999996875,0.9968749996884765,0.3093749999033203,1.830061659110915,0.3431008108455296,0.3431008108455296
0.5,-0.7,16703.62109375,362.5198974609375,inf,0.0,0.9,0.084375,0.084375,0.0,0.0,0.0060267857142857146,0.0060267857142857146,0.9999999996875,0.9999999996875,0.32187499989941404,1.8309587513250714,0.18735266015488486,0.18735266015488486
0.6000000000000001,-0.7,17134.103515625,367.41058349609375,inf,0.0,0.9,0.084375,0.08463949843260188,0.0,0.0034129692821116145,0.0060267857142857146,0.006045678459471563,0.9999999996875,0.9968749996884765,0.2781249999130859,1.8288503694465312,0.11388370552774088,0.11388370552774088
0.7000000000000002,-0.7,17634.078125,373.0077819824219,inf,0.0,0.9,0.078125,0.07911392405063292,0.0,0.013559322029301924,0.005580357142857143,0.005650994575045208,0.9999999996875,0.9874999996914062,0.249999999921875,1.838799054653801,0.09995996767429702,0.09995996767429702
0.8,-0.7,18197.984375,379.24322509765625,inf,0.0,0.9,0.075,0.07766990291262135,0.0,0.037162162149607374,0.007368383370722161,0.007805205415499533,0.9999999996875,0.9656249996982421,0.2593749999189453,1.833124465292353,0.1888701259139417,0.1888701259139417
0.9000000000000001,-0.7,18820.78125,386.0509948730469,inf,0.0,0.9,0.06875,0.07142857142857142,0.0,0.04026845636232602,0.010164201167700013,0.010551167582417583,0.9999999996875,0.9624999996992187,0.27187499991503905,1.845686802657925,0.18253443883219803,0.18253443883219803
1.0,-0.7,19496.1171875,393.36871337890625,inf,0.0,0.9,0.053125,0.04777070063694268,0.0,0.013201320127656329,0.010281385281385282,0.00840566111502072,0.9999999996875,0.9812499996933594,0.2593749999189453,1.8900759224206536,0.06468756928441946,0.060693190412854
-1.0,-0.6,19051.201171875,388.56732177734375,inf,0.0,0.9,0.071875,0.071875,0.0,0.0,0.005133928571428571,0.005133928571428571,0.9999999996875,0.9999999996875,0.33124999989648435,1.8562499994199217,0.07187499997753906,-0.07187499997753906
-0.9,-0.6,18360.56640625,381.0328063964844,inf,0.0,0.9,0.071875,0.071875,0.0,0.0,0.005133928571428571,0.005133928571428571,0.9999999996875,0.9999999996875,0.3249999998984375,1.8562499994199217,0.07187499997753906,-0.07187499997753906
-0.8,-0.6,17725.029296875,374.0050964355469,inf,0.0,0.9,0.075,0.075,0.0,0.0,0.005357142857142857,0.005357142857142857,0.9999999996875,0.9999999996875,0.31249999990234373,1.8499999994218748,0.0749999999765625,-0.0749999999765625
-0.7,-0.6,17149.236328125,367.550048828125,inf,0.0,0.9,0.075,0.075,0.0,0.0,0.005357142857142857,0.005357142857142857,0.9999999996875,0.9999999996875,0.29062499990917967,1.8499999994216954,0.0749999999765625,-0.0749999999765625
-0.6,-0.6,16638.658203125,361.7386474609375,inf,0.0,0.9,0.075,0.075,0.0,0.0,0.005357142857142857,0.005357142857142857,0.9999999996875,0.9999999996875,0.24687499992285156,1.849999814898371,0.062499572274173985,0.062499572274173985
-0.5,-0.6,16198.611328125,356.645263671875,inf,0.0,0.9,0.06875,0.06875,0.0,0.0,0.0049107142857142865,0.0049107142857142865,0.9999999996875,0.9999999996875,0.2781249999130859,1.8623217390063638,0.4372670409115836,0.4372670409115836
-0.3999999999999999,-0.6,15832.69140625,352.34442138671875,inf,0.0,0.9,0.075,0.06349206349206349,0.0,0.003378378377237034,0.005357142857142857,0.0045351473922902496,0.9999999996875,0.9843749996923827,0.42499999986718745,1.8387470151979197,0.6437865220462672,0.6437865220462672
-0.29999999999999993,-0.6,15545.3193359375,348.90753173828125,inf,0.0,0.9,0.075,0.02575107296137339,0.0,0.23310810802935536,0.005357142857142857,0.0018393623543838135,0.9999999996875,0.7281249997724609,0.39062499987792965,1.7543561944971962,0.7236443930156726,0.70910249817395
-0.19999999999999996,-0.6,15337.7119140625,346.3979187011719,10.4803571512327,0.0,0.9,0.078125,0.0072992700729927005,0.0,0.5389830506647515,0.008654594616739727,0.0006635700066357001,0.9999999996875,0.4281249998662109,0.421874999868164,1.6010604690787087,0.7378079026783402,0.732968433046364
-0.09999999999999998,-0.6,15212.1923828125,344.865478515625,7.471578067121173,0.0,0.9,0.090625,0.0,0.0,0.721649484288093,0.017066549269939103,0.0,0.9999999996875,0.25312499992089843,0.43437499986425776,1.4168912359095611,0.6098918527118252,0.6098918527118252
0.0,-0.6,15169.0478515625,344.34259033203125,6.826481110418619,0.0,0.9,0.1125,0.0,0.0,0.908450703905475,0.020571331653421204,0.0,0.9999999996875,0.08124999997460937,0.4468749998603515,1.2951253565834313,0.5159728394798058,0.5159728394798058
0.10000000000000009,-0.6,15208.8095703125,344.84063720703125,7.914607652681967,0.0,0.9,0.075,0.08771929824561403,0.0,0.8243243240458363,0.010046125023714667,0.010101010101010102,0.9999999996875,0.17812499994433592,0.4312499998652343,1.407195307602329,0.6318375241482548,0.6318375241482548
0.20000000000000018,-0.6,15331.607421875,346.3488464355469,10.981767434783595,0.0,0.9,0.0875,0.10471204188481675,0.0,0.4143835615019234,0.00860500141194189,0.0074794315632011965,0.9999999996875,0.5968749998134765,0.44374999986132807,1.6218043414162078,0.7878698472768864,0.7878698472768864
0.30000000000000004,-0.6,15536.0244140625,348.8352966308594,inf,0.0,0.9,0.084375,0.09407665505226481,0.0,0.11262798630968328,0.0060267857142857146,0.006719761075161772,0.9999999996875,0.8968749997197265,0.4187499998691406,1.7708125496502007,0.7618060664192237,0.7618060664192237
0.40000000000000013,-0.6,15820.744140625,352.2502136230469,inf,0.0,0.9,0.084375,0.08544303797468354,0.0,0.013651877128446458,0.0060267857142857146,0.0061030741410488245,0.9999999996875,0.9874999996914062,0.40937499987207027,1.8161249260809518,0.6419119868589118,0.6419119868589118
0.5,-0.6,16184.1923828125,356.5308532714844,inf,0.0,0.9,0.084375,0.08463949843260188,0.0,0.0034129692821116145,0.0060267857142857146,0.006045678459471563,0.9999999996875,0.9968749996884765,0.31562499990136716,1.8272573524679192,0.4041698830255376,0.4041698830255376
0.6000000000000001,-0.6,16622.943359375,361.60577392578125,inf,0.0,0.9,0.084375,0.084375,0.0,0.0,0.0060267857142857146,0.0060267857142857146,0.9999999996875,0.9999999996875,0.2593749999189453,1.8303528692873166,0.22767134589972046,0.22767134589972046
0.7000000000000002,-0.6,17133.32421875,367.4004821777344,inf,0.0,0.9,0.084375,0.08463949843260188,0.0,0.0034129692821116145,0.006045678459471563,0.006045678459471563,0.9999999996875,0.9968749996884765,0.2656249999169922,1.8297036595934086,0.13033381255251175,0.13033381255251175
0.8,-0.6,17709.673828125,373.84063720703125,inf,0.0,0.9,0.08125,0.08150470219435736,0.0,0.0034013605430607613,0.005803571428571429,0.005821764442454097,0.9999999996875,0.9968749996884765,0.2187499999316406,1.8359752700755865,0.09599675744366518,0.09599675744366518
0.9000000000000001,-0.6,18346.3203125,380.85516357421875,inf,0.0,0.9,0.0875,0.08637873754152824,0.0,0.0582191780622537,0.00922052767785934,0.008333669436153908,0.9999999996875,0.9406249997060546,0.21562499993261716,1.7983225347627916,0.24824161964529348,0.24824161964529348
1.0,-0.6,19036.365234375,388.3778991699219,inf,0.0,0.9,0.06875,0.06430868167202572,0.0,0.02348993287802351,0.018184046564279917,0.016501486751680377,0.9999999996875,0.971874999696289,0.2281249999287109,1.8529734926575279,0.16047392404989605,0.16047392404989605
-1.0,-0.5,18662.115234375,384.29962158203125,inf,0.0,0.9,0.075,0.075,0.0,0.0,0.005357142857142857,0.005357142857142857,0.9999999996875,0.9999999996875,0.33124999989648435,1.8499999994218748,0.0749999999765625,-0.0749999999765625
-0.9,-0.5,17957.45703125,376.57403564453125,inf,0.0,0.9,0.075,0.075,0.0,0.0,0.005357142857142857,0.005357142857142857,0.9999999996875,0.9999999996875,0.3187499999003906,1.8499999994218748,0.0749999999765625,-0.0749999999765625
-0.8,-0.5,17308.546875,369.35174560546875,inf,0.0,0.9,0.075,0.075,0.0,0.0,0.005357142857142857,0.005357142857142857,0.9999999996875,0.9999999996875,0.2687499999160156,1.8499999994218748,0.0749999999765625,-0.0749999999765625
-0.7,-0.5,16721.91015625,362.70220947265625,inf,0.0,0.9,0.075,0.075,0.0,0.0,0.005357142857142857,0.005357142857142857,0.9999999996875,0.9999999996875,0.249999999921875,1.8499978121744776,0.08124850980966279,0.08124850980966279
-0.6,-0.5,16202.9521484375,356.7009582519531,inf,0.0,0.9,0.071875,0.071875,0.0,0.0,0.005133928571428571,0.005133928571428571,0.9999999996875,0.9999999996875,0.3281249998974609,1.8554042408384912,0.4523165818977525,0.4523165818977525
-0.5,-0.5,15756.96875,351.427978515625,inf,0.0,0.9,0.075,0.024054982817869417,0.0,0.04054054052684441,0.005357142857142857,0.0017182130584192442,0.9999999996875,0.9093749997158203,0.41562499987011714,1.8168628150368311,0.7002041666314671,0.6921724861071974
-0.3999999999999999,-0.5,15387.2724609375,346.9646911621094,inf,0.0,0.9,0.04375,0.0,0.0,0.5098039214020248,0.003144654088050314,0.0,0.9999999996875,0.4687499998535156,0.4374999998632812,1.6850991699954943,0.755867557019994,0.7464993178289734
-0.29999999999999993,-0.5,15096.8369140625,343.3897705078125,7.583384839024442,0.0,0.9,0.01875,0.0,0.0,0.7515923564485374,0.001530612244897959,0.0,0.9999999996875,0.24374999992382812,0.5062499998417969,1.473096976071929,0.64303445234949,0.64303445234949
-0.19999999999999996,-0.5,14889.0009765625,340.7737121582031,4.878221509643821,0.0,0.9,0.121875,0.0,0.0,0.9644128110446929,0.047718063763617195,0.0,0.9999999996875,0.031249999990234374,0.4687499998535156,1.1435373926506684,0.36697280296683094,0.36697280296683094
-0.09999999999999998,-0.5,14763.2890625,339.1727294921875,3.8842057404921544,0.0,0.9,0.184375,0.9545454545454546,0.0,0.9961685819938051,0.06687629204945364,0.5,0.9999999996875,0.06874999997851562,0.5187499998378906,1.0227761497232963,0.2642798816635522,0.2642798816635522
0.0,-0.5,14720.19140625,338.623291015625,3.65131246893542,0.0,0.9,0.240625,0.0,0.0,0.9917695469169673,0.09801264233291883,0.0,0.9999999996875,0.006249999998046874,0.5281249998349609,0.9776463082206892,0.22382296345042113,0.2227848724102897
0.10000000000000009,-0.5,14759.169921875,339.1385803222656,4.142664397356063,0.0,0.9,0.19375,0.14814814814814814,0.0,0.9108527128252508,0.06835272395445662,0.029629629629629627,0.9999999996875,0.0843749999736328,0.5406249998310546,1.1818492655591915,0.40982408794425523,0.37753127175417767
0.20000000000000018,-0.5,14881.0927734375,340.7063293457031,5.426578031727228,0.0,0.9,0.096875,0.13513513513513514,0.0,0.7785467125333748,0.02144329463234057,0.019305019305019305,0.9999999996875,0.23124999992773435,0.4531249998583984,1.350409229584816,0.5689846573718598,0.5689846573718598
0.30000000000000004,-0.5,15085.6005859375,343.29071044921875,8.477801630218137,0.0,0.9,0.078125,0.1,0.0,0.5423728811720769,0.005580357142857143,0.008333333333333333,0.9999999996875,0.4687499998535156,0.37499999988281246,1.5676890731303172,0.7409091284548289,0.7409091284548289
0.40000000000000013,-0.5,15371.8740234375,346.83587646484375,inf,0.0,0.9,0.08125,0.09055118110236221,0.0,0.21428571421282797,0.005803571428571429,0.0064679415073115865,0.9999999996875,0.793749999751953,0.43437499986425776,1.7415834964493586,0.7537741786419468,0.7537741786419468
0.5,-0.5,15738.958984375,351.2717590332031,inf,0.0,0.9,0.078125,0.08250825082508251,0.0,0.05762711862453317,0.005580357142857143,0.005893446487505893,0.9999999996875,0.9468749997041015,0.4312499998652343,1.812469583573193,0.6676302494381708,0.6676302494381708
0.6000000000000001,-0.5,16183.4462890625,356.5199279785156,inf,0.0,0.9,0.084375,0.08490566037735849,0.0,0.006825938564223229,0.0060267857142857146,0.006064690026954178,0.9999999996875,0.9937499996894531,0.26249999991796874,1.8249900468298812,0.41542640906089917,0.41542640906089917
0.7000000000000002,-0.5,16701.896484375,362.4990539550781,inf,0.0,0.9,0.08125,0.08150470219435736,0.0,0.0034013605430607613,0.005803571428571429,0.005821764442454097,0.9999999996875,0.9968749996884765,0.24374999992382812,1.836425872871292,0.24942954192352174,0.24942954192352174
0.8,-0.5,17288.7890625,369.12890625,inf,0.0,0.9,0.084375,0.084375,0.0,0.0,0.0060267857142857146,0.0060267857142857146,0.9999999996875,0.9999999996875,0.249999999921875,1.8309448656737417,0.13421937514246937,0.13421937514246937
0.9000000000000001,-0.5,17936.59765625,376.3338317871094,inf,0.0,0.9,0.084375,0.08517350157728706,0.0,0.010238907846334843,0.0061030741410488245,0.006122448979591836,0.9999999996875,0.9906249996904296,0.1937499999394531,1.825111577079008,0.12334054979583303,0.12334054979583303
1.0,-0.5,18639.919921875,384.044189453125,inf,0.0,0.9,0.05625,0.05901639344262295,0.0,0.04966887415573878,0.00859080154348597,0.008988027564444652,0.9999999996875,0.9531249997021484,0.22187499993066404,1.8637719309805747,0.3210377490482808,0.3210377490482808
-1.0,-0.3999999999999999,18338.669921875,380.7398986816406,inf,0.0,0.9,0.075,0.075,0.0,0.0,0.005357142857142857,0.005357142857142857,0.9999999996875,0.9999999996875,0.33124999989648435,1.8499999994218748,0.0749999999765625,-0.0749999999765625
-0.9,-0.3999999999999999,17622.814453125,372.8467102050781,inf,0.0,0.9,0.075,0.075,0.0,0.0,0.005357142857142857,0.005357142857142857,0.9999999996875,0.9999999996875,0.2687499999160156,1.8499999994218748,0.0749999999765625,-0.0749999999765625
-0.8,-0.3999999999999999,16963.759765625,365.4527282714844,inf,0.0,0.9,0.071875,0.071875,0.0,0.0,0.005133928571428571,0.005133928571428571,0.9999999996875,0.9999999996875,0.2187499999316406,1.8562453475362664,0.031247651535005132,0.031247651535005132
-0.7,-0.3999999999999999,16368.765625,358.6303405761719,inf,0.0,0.9,0.075,0.075,0.0,0.0,0.005357142857142857,0.005357142857142857,0.9999999996875,0.9999999996875,0.33124999989648435,1.8473128890575492,0.42640917868230105,0.42640917868230105
-0.6,-0.3999999999999999,15843.2666015625,352.45904541015625,inf,0.0,0.9,0.075,0.02734375,0.0,0.1587837837301406,0.005357142857142857,0.001953125,0.9999999996875,0.7999999997499999,0.37499999988281246,1.787850356777859,0.6855412423029054,0.6826470065658877
-0.5,-0.3999999999999999,15392.861328125,347.0242614746094,inf,0.0,0.9,0.04375,0.0,0.0,0.5980392154908368,0.0033003300330033,0.0,0.9999999996875,0.3843749998798828,0.3781249998818359,1.613665011991379,0.723714850483387,0.7216091139508534
-0.3999999999999999,-0.3999999999999999,15021.259765625,342.4134216308594,6.879959350315851,0.0,0.9,0.009375,0.0,0.0,0.9652996842380758,0.0008891523414344991,0.0,0.9999999996875,0.03437499998925781,0.4374999998632812,1.3476242788462935,0.548280996648341,0.548280996648341
-0.29999999999999993,-0.3999999999999999,14730.5,338.7123107910156,4.218597232369999,0.0,0.9,0.090625,0.88,0.0,0.9896907213093845,0.02267751016578042,0.3055555555555555,0.9999999996875,0.07812499997558593,0.47812499985058593,1.1356608417272378,0.40589127665519265,0.40589127665519265
-0.19999999999999996,-0.3999999999999999,14522.431640625,335.99822998046875,3.0919830657543326,0.0,0.9,0.146875,0.9285714285714286,0.0,0.9926739923103758,0.061700134599294264,0.4642857142857143,0.9999999996875,0.08749999997265624,0.5812499998183593,1.0029499101813333,0.3097166690528506,0.29960555530706723
-0.09999999999999998,-0.3999999999999999,14397.6708984375,334.3336181640625,2.4941465832652616,0.0,0.9,0.271875,1.0,0.0,0.9999999995708154,0.14177162663767492,1.0,0.9999999996875,0.05624999998242187,0.6624999997929687,0.8404192719825431,0.16110259776345268,0.13979865129315025
0.0,-0.3999999999999999,14354.513671875,333.75921630859375,2.4289019575712527,0.0,0.9,0.403125,0.0,0.0,0.9947643973849402,0.24336065492404219,0.0,0.9999999996875,0.003124999999023437,0.6656249997919922,0.7960499289013151,0.07839309647949462,-0.025323550736178275
0.10000000000000009,-0.3999999999999999,14392.984375,334.28973388671875,2.7535173819108536,0.0,0.9,0.278125,0.375,0.0,0.9783549779314481,0.16629451783914026,0.1875,0.9999999996875,0.024999999992187497,0.6531249997958984,0.935578025711267,0.16141719669544327,0.16054081346860014
0.20000000000000018,-0.3999999999999999,14513.8564453125,335.91156005859375,3.3751331131156235,0.0,0.9,0.16875,0.03225806451612903,0.0,0.8872180447792413,0.09173205773772515,0.008064516129032258,0.9999999996875,0.09687499996972655,0.6124999998085937,1.0756342030888004,0.3101047234782024,0.3101047234782024
0.30000000000000004,-0.3999999999999999,14717.8505859375,338.58489990234375,4.892578503985588,0.0,0.9,0.0875,0.16666666666666666,0.0,0.8287671230038468,0.025816925010473397,0.027777777777777776,0.9999999996875,0.18749999994140623,0.4468749998603515,1.291826974271386,0.5166011627236188,0.5166011627236188
0.40000000000000013,-0.3999999999999999,15003.880859375,342.24810791015625,8.337639546534563,0.0,0.9,0.08125,0.08917197452229299,0.0,0.513605442002175,0.005933363760839799,0.006859382655560999,0.9999999996875,0.4906249998466797,0.43437499986425776,1.584274748817955,0.7159510874480862,0.7159510874480862
0.5,-0.3999999999999999,15372.1708984375,346.8241882324219,inf,0.0,0.9,0.084375,0.09608540925266904,0.0,0.13310580200235295,0.006045678459471563,0.0073911853271283875,0.9999999996875,0.8781249997255859,0.4312499998652343,1.7729717849893203,0.761621052880012,0.761621052880012
0.6000000000000001,-0.3999999999999999,15819.7109375,352.22784423828125,inf,0.0,0.9,0.08125,0.08333333333333333,0.0,0.02721088434448609,0.005803571428571429,0.005952380952380952,0.9999999996875,0.9749999996953125,0.38124999988085934,1.824179044729239,0.6333144714979779,0.6333144714979779
0.7000000000000002,-0.3999999999999999,16343.6015625,358.37139892578125,inf,0.0,0.9,0.084375,0.084375,0.0,0.0,0.0060267857142857146,0.0060267857142857146,0.9999999996875,0.9999999996875,0.2656249999169922,1.8302815916150508,0.3182581839692863,0.3182581839692863
0.8,-0.3999999999999999,16938.119140625,365.1694030761719,inf,0.0,0.9,0.084375,0.084375,0.0,0.0,0.0060267857142857146,0.0060267857142857146,0.9999999996875,0.9999999996875,0.2687499999160156,1.8312142784334227,0.1406071244527852,0.1406071244527852
0.9000000000000001,-0.3999999999999999,17595.537109375,372.5419616699219,inf,0.0,0.9,0.084375,0.084375,0.0,0.0,0.0060267857142857146,0.0060267857142857146,0.9999999996875,0.9999999996875,0.20312499993652341,1.8312203062547785,0.02498509134624267,0.02498509134624267
1.0,-0.3999999999999999,18310.0390625,380.41644287109375,inf,0.0,0.9,0.0875,0.08737864077669903,0.0,0.03424657533073747,0.010738416988416988,0.011302437641723355,0.9999999996875,0.9656249996982421,0.20312499993652341,1.810949974889243,0.15844265475519395,0.15844265475519395
-1.0,-0.29999999999999993,18084.119140625,377.9318542480469,inf,0.0,0.9,0.075,0.075,0.0,0.0,0.005357142857142857,0.005357142857142857,0.9999999996875,0.9999999996875,0.3374999998945312,1.8499999994218748,0.0749999999765625,-0.0749999999765625
-0.9,-0.29999999999999993,17360.193359375,369.9004821777344,inf,0.0,0.9,0.06875,0.06875,0.0,0.0,0.0049107142857142865,0.0049107142857142865,0.9999999996875,0.9999999996875,0.22187499993066404,1.8624999994179685,0.06874999997851562,-0.06874999997851562
-0.8,-0.29999999999999993,16693.51953125,362.3642272949219,inf,0.0,0.9,0.075,0.075,0.0,0.0,0.005357142857142857,0.005357142857142857,0.9999999996875,0.9999999996875,0.24062499992480468,1.8493541719280282,0.25274748187998136,0.25274748187998136
-0.7,-0.29999999999999993,16092.2373046875,355.3975524902344,inf,0.0,0.9,0.075,0.03435114503816794,0.0,0.14527027022119246,0.005407841369986481,0.0026423957721667646,0.9999999996875,0.8187499997441405,0.3624999998867187,1.790812604592735,0.656891627034503,0.656891627034503
-0.6,-0.29999999999999993,15562.6455078125,349.0836181640625,inf,0.0,0.9,0.015625,0.0,0.0,0.6507936505870496,0.001417233560090703,0.0,0.9999999996875,0.3437499998925781,0.32187499989941404,1.6411299347334032,0.7603734079004245,0.7603734079004245
-0.5,-0.29999999999999993,15109.4296875,343.5118713378906,7.615640774048268,0.0,0.9,0.065625,0.16666666666666666,0.0,0.9665551836232256,0.0067264573991031385,0.05,0.9999999996875,0.03749999998828125,0.3343749998955078,1.2889249293563505,0.4858087783444367,0.4858087783444367
-0.3999999999999999,-0.29999999999999993,14737.3837890625,338.7754821777344,4.582854465380264,0.0,0.9,0.084375,0.5777777777777777,0.0,0.9351535832985823,0.012770562770562769,0.19259259259259257,0.9999999996875,0.14062499995605468,0.39062499987792965,1.187335398883021,0.4533733307115185,0.4533733307115185
-0.29999999999999993,-0.29999999999999993,14447.32421875,334.96612548828125,3.029511963335542,0.0,0.9,0.134375,0.7105263157894737,0.0,0.9602888083175852,0.05306881230573288,0.1875,0.9999999996875,0.11874999996289062,0.5374999998320312,1.0351942555899774,0.3288442345478738,0.3288442345478738
-0.19999999999999996,-0.29999999999999993,14239.916015625,332.16741943359375,2.1293618253174267,0.0,0.9,0.425,1.0,0.0,0.9999999994565217,0.2740122598025329,1.0,0.9999999996875,0.0749999999765625,0.7343749997705078,0.7749907498037101,0.1694587304695514,0.007351642609682734
-0.09999999999999998,-0.29999999999999993,14115.7734375,330.4473876953125,1.6860511442574926,0.0,0.9,0.565625,0.0,0.0,0.9999999992805756,0.40270092951296627,0.0,0.9999999996875,0.0,0.9187499997128905,0.6110287448171731,0.12179811907911686,-0.06785291797986545
0.0,-0.29999999999999993,14072.294921875,329.85064697265625,1.68371192425728,0.0,0.9,0.55625,0.0,0.0,0.9577464781987701,0.38784226013776796,0.0,0.9999999996875,0.018749999994140624,0.871874999727539,0.6053846916886827,0.11772621767655463,-0.024026751377906712
0.10000000000000009,-0.29999999999999993,14110.638671875,330.3932800292969,1.954626568802366,0.0,0.9,0.534375,0.0,0.0,0.9932885899373902,0.36812473100081583,0.0,0.9999999996875,0.003124999999023437,0.7499999997656249,0.6859169051626834,0.2058272588244746,-0.00026999204809402284
0.20000000000000018,-0.29999999999999993,14231.091796875,332.0607604980469,2.5011885142767665,0.0,0.9,0.375,0.0,0.0,0.889999999555,0.22228669855447453,0.0,0.9999999996875,0.06874999997851562,0.7093749997783203,0.8582149763069663,0.18493409329274224,0.0700449360162115
0.30000000000000004,-0.29999999999999993,14434.0029296875,334.8094787597656,3.50234401373913,0.0,0.9,0.134375,0.05405405405405406,0.0,0.8736462090708857,0.06525864512471656,0.013513513513513514,0.9999999996875,0.11562499996386717,0.6968749997822266,1.0809337454020753,0.35170624012084784,0.3381842959307448
0.40000000000000013,-0.29999999999999993,14719.1494140625,338.57269287109375,5.594421560932614,0.0,0.9,0.071875,0.13333333333333333,0.0,0.7373737371254633,0.005684626791893228,0.022222222222222223,0.9999999996875,0.28124999991210936,0.4312499998652343,1.4305834041700844,0.6264895418267166,0.6264895418267166
0.5,-0.29999999999999993,15086.3232421875,343.266845703125,10.693623138178317,0.0,0.9,0.08125,0.0888030888030888,0.0,0.19727891149752416,0.005803571428571429,0.006831006831006832,0.9999999996875,0.8093749997470703,0.38124999988085934,1.7415465736987177,0.7746429207687774,0.7746429207687774
0.6000000000000001,-0.29999999999999993,15534.94921875,348.8009033203125,inf,0.0,0.9,0.08125,0.08253968253968254,0.0,0.017006802715303807,0.005803571428571429,0.0058956916099773245,0.9999999996875,0.9843749996923827,0.4124999998710937,1.823381155707574,0.7268869895410165,0.7268869895410165
0.7000000000000002,-0.29999999999999993,16062.5009765625,355.08154296875,inf,0.0,0.9,0.084375,0.084375,0.0,0.0,0.0060267857142857146,0.0060267857142857146,0.9999999996875,0.9999999996875,0.3937499998769531,1.8303805839035425,0.3776864406822503,0.3776864406822503
0.8,-0.29999999999999993,16662.216796875,362.0190734863281,inf,0.0,0.9,0.08125,0.08125,0.0,0.0,0.005803571428571429,0.005803571428571429,0.9999999996875,0.9999999996875,0.30624999990429685,1.8374822173713885,0.1374911128361414,0.1374911128361414
0.9000000000000001,-0.29999999999999993,17327.56640625,369.5299072265625,inf,0.0,0.9,0.08125,0.08125,0.0,0.0,0.005803571428571429,0.005803571428571429,0.9999999996875,0.9999999996875,0.25312499992089843,1.8374967822394226,0.028126609705749463,-0.028126609705749463
1.0,-0.29999999999999993,18050.802734375,377.53912353515625,inf,0.0,0.9,0.084375,0.084375,0.0,0.0,0.0060267857142857146,0.0060267857142857146,0.9999999996875,0.9999999996875,0.18124999994335936,1.8312440688028984,0.06562796792413049,-0.06562796792413049
-1.0,-0.19999999999999996,17900.896484375,375.91259765625,inf,0.0,0.9,0.075,0.075,0.0,0.0,0.005357142857142857,0.005357142857142857,0.9999999996875,0.9999999996875,0.31249999990234373,1.8499999994218748,0.0749999999765625,-0.0749999999765625
-0.9,-0.19999999999999996,17171.263671875,367.7779541015625,inf,0.0,0.9,0.075,0.075,0.0,0.0,0.005357142857142857,0.005357142857142857,0.9999999996875,0.9999999996875,0.17812499994433592,1.8499994615014745,0.028125268971818756,-0.028125268971818756
-0.8,-0.19999999999999996,16499.310546875,360.13470458984375,inf,0.0,0.9,0.075,0.07920792079207921,0.0,0.05743243241302958,0.005357142857142857,0.005657708628005658,0.9999999996875,0.9468749997041015,0.2937499999082031,1.8229156262778952,0.578553377862801,0.578553377862801
-0.7,-0.19999999999999996,15893.6865234375,353.0590515136719,inf,0.0,0.9,0.009375,0.0072992700729927005,0.0,0.5709779178009533,0.0008605851979345956,0.0005698005698005699,0.9999999996875,0.4281249998662109,0.3781249998818359,1.7073373506531848,0.7521987461754094,0.7521987461754094
-0.6,-0.19999999999999996,15361.857421875,346.6366882324219,11.596442753605812,0.0,0.9,0.009375,0.0,0.0,0.8927444792136452,0.0007735946364105208,0.0,0.9999999996875,0.10624999996679686,0.31249999990234373,1.5350414593202042,0.7021395005593114,0.7021395005593114
-0.5,-0.19999999999999996,14908.2373046875,340.9602355957031,5.794318369373642,0.0,0.9,0.084375,0.4,0.0,0.8771331055026849,0.007305194805194806,0.06666666666666667,0.9999999996875,0.18749999994140623,0.2687499999160156,1.2914776746001106,0.547368232013621,0.547368232013621
-0.3999999999999999,-0.19999999999999996,14536.7607421875,336.1271667480469,3.5683060409233076,0.0,0.9,0.1125,0.423728813559322,0.0,0.8802816898308866,0.03177416685058486,0.13020833333333334,0.9999999996875,0.1843749999423828,0.44062499986230463,1.1401871579085745,0.3919285092498453,0.3919285092498453
-0.29999999999999993,-0.19999999999999996,14247.4609375,332.23394775390625,2.4404523361396837,0.0,0.9,0.309375,0.5813953488372093,0.0,0.9185520357834607,0.17056519869019865,0.32051282051282054,0.9999999996875,0.1343749999580078,0.649999999796875,0.8848028814807234,0.20150259143617977,0.11287749828333588
-0.19999999999999996,-0.19999999999999996,14040.27734375,329.3690185546875,1.538958828664488,0.0,0.9,0.63125,0.875,0.0,0.9915254228885378,0.49754800754800754,0.5,0.9999999996875,0.024999999992187497,0.9187499997128905,0.5564507046532543,0.15206924733678487,-0.09789491241278346
-0.09999999999999998,-0.19999999999999996,13916.0654296875,327.6050109863281,1.055163839217768,0.0,0.9,0.771875,1.0,0.0,0.9999999986301371,0.6611528217002555,1.0,0.9999999996875,0.04374999998632812,0.9968749996884765,0.33115319518076214,0.10388952882393634,-0.10388952882393634
0.0,-0.19999999999999996,13873.25,326.9898376464844,0.9772160692274986,0.0,0.9,0.784375,1.0,0.0,0.9999999985507247,0.673145603504085,1.0,0.9999999996875,0.13124999995898437,0.9999999996875,0.29810255164398025,0.10069265508956919,-0.08527665351116188
0.10000000000000009,-0.19999999999999996,13911.2333984375,327.54071044921875,1.2116490121744903,0.0,0.9,0.684375,0.9375,0.0,0.9801980188314872,0.5393067386028301,0.8148148148148149,0.9999999996875,0.09999999996874999,0.9937499996894531,0.41764993120975075,0.08826229842018907,-0.02904399858440029
0.20000000000000018,-0.19999999999999996,14031.5478515625,329.24212646484375,1.8006679174778526,0.0,0.9,0.5375,0.18181818181818182,0.0,0.939189188554602,0.3627054759411346,0.6666666666666666,0.9999999996875,0.03437499998925781,0.8406249997373046,0.6503035502896916,0.11618335887340682,0.044043539167306814
0.30000000000000004,-0.19999999999999996,14233.0966796875,332.04779052734375,2.663522142545597,0.0,0.9,0.353125,0.034482758620689655,0.0,0.8647342990991622,0.1967504072628702,0.011494252873563218,0.9999999996875,0.09062499997167968,0.7281249997724609,0.8832919188814586,0.18503025355550404,0.08230896537292562
0.40000000000000013,-0.19999999999999996,14516.9775390625,335.8863220214844,4.291059694299656,0.0,0.9,0.090625,0.1896551724137931,0.0,0.8384879722204508,0.01048839708633523,0.03793103448275862,0.9999999996875,0.18124999994335936,0.621874999805664,1.2421800696548553,0.49871251379240966,0.49871251379240966
0.5,-0.19999999999999996,14882.94921875,340.66986083984375,8.205808380042768,0.0,0.9,0.084375,0.105,0.0,0.38907849816072404,0.0060267857142857146,0.008076923076923077,0.9999999996875,0.6249999998046875,0.3968749998759765,1.680899523736948,0.7447492998584982,0.7447492998584982
0.6000000000000001,-0.19999999999999996,15331.5419921875,346.30224609375,inf,0.0,0.9,0.08125,0.08201892744479496,0.0,0.010204081629182285,0.005803571428571429,0.005858494817485354,0.9999999996875,0.9906249996904296,0.3843749998798828,1.821225074690071,0.7415572264952875,0.7415572264952875
0.7000000000000002,-0.19999999999999996,15861.1787109375,352.6857604980469,inf,0.0,0.9,0.08125,0.08125,0.0,0.0,0.005803571428571429,0.005803571428571429,0.9999999996875,0.9999999996875,0.4031249998740234,1.836858646657822,0.47155805198129247,0.47155805198129247
0.8,-0.19999999999999996,16465.109375,359.7275390625,inf,0.0,0.9,0.084375,0.084375,0.0,0.0,0.0060267857142857146,0.0060267857142857146,0.9999999996875,0.9999999996875,0.29687499990722654,1.8312424546598631,0.1374962298939156,0.1374962298939156
0.9000000000000001,-0.19999999999999996,17135.4296875,367.3414001464844,inf,0.0,0.9,0.084375,0.084375,0.0,0.0,0.0060267857142857146,0.0060267857142857146,0.9999999996875,0.9999999996875,0.2781249999130859,1.83124998825188,0.07812500556547451,-0.07812500556547451
1.0,-0.19999999999999996,17864.3828125,375.4506530761719,inf,0.0,0.9,0.084375,0.084375,0.0,0.0,0.0060267857142857146,0.0060267857142857146,0.9999999996875,0.9999999996875,0.19687499993847654,1.8312499994277343,0.08437499997363282,-0.08437499997363282
-1.0,-0.09999999999999998,17791.41015625,374.71038818359375,inf,0.0,0.9,0.075,0.075,0.0,0.0,0.005357142857142857,0.005357142857142857,0.9999999996875,0.9999999996875,0.24062499992480468,1.8499999994211884,0.0749999999765625,-0.0749999999765625
-0.9,-0.09999999999999998,17057.95703125,366.51165771484375,inf,0.0,0.9,0.071875,0.071875,0.0,0.0,0.005133928571428571,0.005133928571428571,0.9999999996875,0.9999999996875,0.17812499994433592,1.8560236132224444,0.2217597810803561,0.2217597810803561
-0.8,-0.09999999999999998,16382.89453125,358.8017272949219,inf,0.0,0.9,0.03125,0.0,0.0,0.4870967740364204,0.0029886431560071725,0.0,0.9999999996875,0.49687499984472655,0.28124999991210936,1.7148509959586553,0.710075900853909,0.710075900853909
-0.7,-0.09999999999999998,15775.0537109375,351.6578063964844,inf,0.0,0.9,0.06875,0.06206896551724138,0.0,0.5436241608914012,0.0053088803088803095,0.004591836734693877,0.9999999996875,0.4531249998583984,0.2843749999111328,1.6237720209601174,0.7691105448795117,0.7691105448795117
-0.6,-0.09999999999999998,15241.984375,345.16705322265625,9.676953885135239,0.0,0.9,0.084375,0.1744186046511628,0.0,0.7576791806287784,0.006161570059333638,0.02180232558139535,0.9999999996875,0.2687499999160156,0.29999999990625,1.4721553011581885,0.6886881181409007,0.6886881181409007
-0.5,-0.09999999999999998,14789.14453125,339.4242248535156,4.820537756830212,0.0,0.9,0.121875,0.45454545454545453,0.0,0.9145907470054836,0.025926479378362226,0.11363636363636363,0.9999999996875,0.13749999995703124,0.30624999990429685,1.2313939822992535,0.47260583416051594,0.47260583416051594
-0.3999999999999999,-0.09999999999999998,14417.6640625,334.5293273925781,3.0123820656068507,0.0,0.9,0.184375,0.8125,0.0,0.9770114938785396,0.05708228420507631,0.20967741935483872,0.9999999996875,0.09999999996874999,0.5156249998388671,1.037880815835975,0.2828522773855182,0.2828522773855182
-0.29999999999999993,-0.09999999999999998,14128.9326171875,330.5820007324219,2.0128747537488523,0.0,0.9,0.446875,0.8148148148148148,0.0,0.9717514118803665,0.2549713556012602,0.5,0.9999999996875,0.0843749999736328,0.7874999997539062,0.7447565817922494,0.11455740701742753,-0.021742601941301298
-0.19999999999999996,-0.09999999999999998,13922.552734375,327.67388916015625,1.0647259976111196,0.0,0.9,0.809375,1.0,0.0,0.9999999983606557,0.6800262050673499,1.0,0.9999999996875,0.02187499999316406,0.9968749996884765,0.3293693125747036,0.21385234486369395,-0.21385234486369395
-0.09999999999999998,-0.09999999999999998,13798.462890625,325.8804931640625,0.6566158520982432,0.0,0.9,0.984375,1.0,0.0,0.9999999800000003,0.973355357468658,1.0,0.9999999996875,0.22499999992968747,0.9999999996875,0.07801475835216681,0.17936772953018393,-0.17936772953018393
0.0,-0.09999999999999998,13755.166015625,325.2517395019531,0.6196879620592132,0.0,0.9,0.99375,1.0,0.0,0.9999999500000026,0.989403453689168,1.0,0.9999999996875,0.4687499998535156,0.9999999996875,0.049934101517633334,0.14451104243450405,-0.14451104243450405
0.10000000000000009,-0.09999999999999998,13794.0498046875,325.8060607910156,0.6858961683423183,0.0,0.9,0.975,1.0,0.0,0.9999999875000002,0.9592630119616627,1.0,0.9999999996875,0.34999999989062497,0.9999999996875,0.0949997774007105,0.18652902605383248,-0.18652902605383248
0.20000000000000018,-0.09999999999999998,13914.306640625,327.5271911621094,1.0576834943950362,0.0,0.9,0.775,1.0,0.0,0.9999999986111112,0.6518024385296931,1.0,0.9999999996875,0.05937499998144531,0.9812499996933594,0.3265764576108166,0.1398642692704043,-0.1268009372226188
0.30000000000000004,-0.09999999999999998,14115.2431640625,330.36700439453125,1.9912416775137283,0.0,0.9,0.528125,0.0,0.0,0.8278145689882023,0.3714465455036372,0.0,0.9999999996875,0.08124999997460937,0.7999999997499999,0.6999552842460594,0.23282271799710852,-0.039729241889517306
0.40000000000000013,-0.09999999999999998,14398.162109375,334.25140380859375,3.7849119859930442,0.0,0.9,0.125,0.1724137931034483,0.0,0.8285714282755101,0.03400853683818915,0.04310344827586207,0.9999999996875,0.18124999994335936,0.6124999998085937,1.1284749294437388,0.4047442581645998,0.4047442581645998
0.5,-0.09999999999999998,14763.1875,339.08935546875,7.0425278208804,0.0,0.9,0.084375,0.1118421052631579,0.0,0.5392491465736351,0.0060267857142857146,0.00932017543859649,0.9999999996875,0.4749999998515625,0.4312499998652343,1.6074621876593445,0.7064644156653462,0.7064644156653462
0.6000000000000001,-0.09999999999999998,15211.3623046875,344.78167724609375,inf,0.0,0.9,0.078125,0.07861635220125786,0.0,0.006779661014650962,0.005580357142857143,0.005615453728661276,0.9999999996875,0.9937499996894531,0.3437499998925781,1.8211857278609074,0.7605410165735595,0.7605410165735595
0.7000000000000002,-0.09999999999999998,15741.2578125,351.2280578613281,inf,0.0,0.9,0.084375,0.084375,0.0,0.0,0.0060267857142857146,0.0060267857142857146,0.9999999996875,0.9999999996875,0.3249999998984375,1.8302887219683432,0.527659201265855,0.527659201265855
0.8,-0.09999999999999998,16346.8037109375,358.3334045410156,inf,0.0,0.9,0.084375,0.084375,0.0,0.0,0.0060267857142857146,0.0060267857142857146,0.9999999996875,0.9999999996875,0.31249999990234373,1.8312430284159014,0.13749652493690706,0.13749652493690706
0.9000000000000001,-0.09999999999999998,17020.2734375,366.01007080078125,inf,0.0,0.9,0.084375,0.084375,0.0,0.0,0.0060267857142857146,0.0060267857142857146,0.9999999996875,0.9999999996875,0.2687499999160156,1.8312499994277336,0.08437499997363282,-0.08437499997363282
1.0,-0.09999999999999998,17752.0390625,374.17999267578125,inf,0.0,0.9,0.084375,0.084375,0.0,0.0,0.0060267857142857146,0.0060267857142857146,0.9999999996875,0.9999999996875,0.28749999991015623,1.8312499994277343,0.08437499997363282,-0.08437499997363282
-1.0,0.0,17756.462890625,374.3427734375,inf,0.0,0.9,0.04375,0.030612244897959183,0.0,0.06862745095796488,0.005196295385624129,0.003232109081083328,0.9999999996875,0.9187499997128905,0.2093749999345703,1.8741960995126299,0.5071561451182527,0.5071561451182527
-0.9,0.0,17021.99609375,366.121826171875,inf,0.0,0.9,0.04375,0.03017241379310345,0.0,0.264705882266436,0.005622119815668202,0.003914628914628915,0.9999999996875,0.7249999997734374,0.21562499993261716,1.7808726185866641,0.6729479487400605,0.6729479487400605
-0.8,0.0,16346.1826171875,358.3886413574219,inf,0.0,0.9,0.084375,0.12735849056603774,0.0,0.36860068246805433,0.006450071667462971,0.009407665505226481,0.9999999996875,0.6624999997929687,0.2749999999140625,1.6599573726633476,0.7680808176224265,0.7680808176224265
-0.7,0.0,15738.0146484375,351.2208251953125,inf,0.0,0.9,0.084375,0.15168539325842698,0.0,0.4846416380598492,0.006141947224749772,0.010834670947030499,0.9999999996875,0.5562499998261718,0.29999999990625,1.613393643434228,0.7899950342226172,0.7899950342226172
-0.6,0.0,15204.126953125,344.7056579589844,9.541009139929328,0.0,0.9,0.140625,0.32894736842105265,0.0,0.8145454542492562,0.02689497385826264,0.04111842105263158,0.9999999996875,0.23749999992578125,0.3343749998955078,1.3917037516933835,0.5954052243452242,0.5876228231535363
-0.5,0.0,14751.2666015625,338.9389343261719,4.6195833235934405,0.0,0.9,0.146875,0.0,0.0,0.9743589740020663,0.024999999999999998,0.0,0.9999999996875,0.02187499999316406,0.34062499989355466,1.1621963566515316,0.39541342339167723,0.39541342339167723
-0.3999999999999999,0.0,14380.3955078125,334.02130126953125,2.889793576618801,0.0,0.9,0.196875,0.9333333333333333,0.0,0.9961089490287512,0.05406385281385282,0.4666666666666667,0.9999999996875,0.04687499998535156,0.5187499998378906,0.9898387919221268,0.27847301574948735,0.277242296979305
-0.29999999999999993,0.0,14091.8525390625,330.05340576171875,1.9669992053499572,0.0,0.9,0.39375,0.9166666666666666,0.0,0.9948453603119354,0.20756848293433658,0.5,0.9999999996875,0.03749999998828125,0.8562499997324218,0.7311505288257739,0.10943142531125857,0.05236430421880053
-0.19999999999999996,0.0,13885.85546875,327.1282043457031,0.977310888294511,0.0,0.9,0.86875,1.0,0.0,0.9999999976190476,0.7825248204000739,1.0,0.9999999996875,0.04687499998535156,0.9874999996914062,0.27385223224016025,0.24808328792641007,-0.24808328792641007
-0.09999999999999998,0.0,13762.1259765625,325.3220520019531,0.5830232980471756,0.0,0.9,1.0,1.0,0.0,0.0,1.0,1.0,0.9999999996875,0.40937499987207027,0.9999999996875,0.02676193620737802,0.13181794155427756,-0.13181794155427756
0.0,0.0,13719.4560546875,324.6857604980469,0.5631724841016931,0.0,0.9,1.0,1.0,0.0,0.0,1.0,1.0,0.9999999996875,0.7406249997685547,0.9999999996875,0.011808792019516486,0.0938535158096695,-0.0938535158096695
0.10000000000000009,0.0,13757.611328125,325.2380065917969,0.5978843330969398,0.0,0.9,0.99375,1.0,0.0,0.9999999500000026,0.9903799903799904,1.0,0.9999999996875,0.3624999998867187,0.9999999996875,0.037139590010435444,0.12938219214919242,-0.12938219214919242
0.20000000000000018,0.0,13877.52734375,326.962646484375,0.7980166156429086,0.0,0.9,0.91875,1.0,0.0,0.9999999961538462,0.8566064527785768,1.0,0.9999999996875,0.04687499998535156,0.9999999996875,0.17565299016446087,0.23331772114594268,-0.2315049542566042
0.30000000000000004,0.0,14079.0927734375,329.8108215332031,1.6637549305997181,0.0,0.9,0.6375,0.14705882352941177,0.0,0.7499999993534483,0.48476901012625756,0.049019607843137254,0.9999999996875,0.10624999996679686,0.949999999703125,0.6124778433439076,0.3059599710632549,-0.1295365603778751
0.40000000000000013,0.0,14361.88671875,333.707763671875,3.6591184837939483,0.0,0.9,0.178125,0.16666666666666666,0.0,0.8098859312509938,0.06771234177914245,0.041666666666666664,0.9999999996875,0.18749999994140623,0.6343749998017578,1.0953722615021158,0.3572671113279935,0.3533873490491709
0.5,0.0,14726.328125,338.5614318847656,6.843436199648609,0.0,0.9,0.078125,0.14184397163120568,0.0,0.5898305082746337,0.005580357142857143,0.011820330969267141,0.9999999996875,0.44062499986230463,0.4374999998632812,1.5670774546833297,0.6782032160137297,0.6782032160137297
0.6000000000000001,0.0,15174.2685546875,344.2713928222656,inf,0.0,0.9,0.08125,0.08150470219435736,0.0,0.0034013605430607613,0.005803571428571429,0.005821764442454097,0.9999999996875,0.9968749996884765,0.39999999987499996,1.808367948040974,0.7512330831652146,0.7512330831652146
0.7000000000000002,0.0,15703.8125,350.7367248535156,inf,0.0,0.9,0.084375,0.084375,0.0,0.0,0.0060267857142857146,0.0060267857142857146,0.9999999996875,0.9999999996875,0.4281249998662109,1.8300894789101647,0.5931995745502402,0.5931995745502402
0.8,0.0,16309.232421875,357.8613586425781,inf,0.0,0.9,0.084375,0.084375,0.0,0.0,0.0060267857142857146,0.0060267857142857146,0.9999999996875,0.9999999996875,0.3187499999003906,1.8312457775384217,0.15312290179443488,0.15312290179443488
0.9000000000000001,0.0,16982.82421875,365.55712890625,inf,0.0,0.9,0.084375,0.084375,0.0,0.0,0.0060267857142857146,0.0060267857142857146,0.9999999996875,0.9999999996875,0.24687499992285156,1.8312499986826751,0.08125000034811497,-0.08125000034811497
1.0,0.0,17716.00390625,373.745849609375,inf,0.0,0.9,0.08125,0.08125,0.0,0.0,0.005803571428571429,0.005803571428571429,0.9999999996875,0.9999999996875,0.31249999990234373,1.837499999425781,0.08124999997460937,-0.08124999997460937
-1.0,0.10000000000000009,17797.2265625,374.8150329589844,inf,0.0,0.9,0.078125,0.078125,0.0,0.0,0.005580357142857143,0.005580357142857143,0.9999999996875,0.9999999996875,0.2593749999189453,1.843667516784002,0.009521254170522844,-0.009521254170522844
-0.9,0.10000000000000009,17064.283203125,366.6148376464844,inf,0.0,0.9,0.075,0.07523510971786834,0.0,0.003378378377237034,0.005357142857142857,0.005373936408419168,0.9999999996875,0.9968749996884765,0.18749999994140623,1.8482135240558943,0.36122591375138147,0.36122591375138147
-0.8,0.10000000000000009,16390.09375,358.9028625488281,inf,0.0,0.9,0.078125,0.06048387096774194,0.0,0.21016949145417982,0.005650994575045208,0.004320276497695853,0.9999999996875,0.7749999997578124,0.3031249999052734,1.749887190396951,0.7343494867250038,0.7343494867250038
-0.7,0.10000000000000009,15782.708984375,351.756591796875,inf,0.0,0.9,0.071875,0.0,0.0,0.8350168347356846,0.007174048658764816,0.0,0.9999999996875,0.15312499995214843,0.3374999998945312,1.5460755559923507,0.6647286275869815,0.6647286275869815
-0.6,0.10000000000000009,15249.30859375,345.26251220703125,10.713688063924481,0.0,0.9,0.078125,0.0,0.0,0.894915253933927,0.007901390644753477,0.0,0.9999999996875,0.09687499996972655,0.34687499989160153,1.481379982252658,0.6267777893377534,0.6267777893377534
-0.5,0.10000000000000009,14796.4560546875,339.51568603515625,5.308014286692497,0.0,0.9,0.075,0.0,0.0,0.9999999996621621,0.007792207792207792,0.0,0.9999999996875,0.0,0.39062499987792965,1.2556092495890832,0.47378025432340104,0.47378025432340104
-0.3999999999999999,0.10000000000000009,14425.537109375,334.6158752441406,3.284107476355814,0.0,0.9,0.16875,0.0,0.0,0.99999999962406,0.03751770292879958,0.0,0.9999999996875,0.0,0.40937499987207027,1.0383999538423216,0.30307042632531844,0.30307042632531844
-0.29999999999999993,0.10000000000000009,14136.6826171875,330.662353515625,2.3153422369420564,0.0,0.9,0.309375,0.7142857142857143,0.0,0.9819004520443889,0.15386164929143137,0.35714285714285715,0.9999999996875,0.04374999998632812,0.8187499997441405,0.8511130422032984,0.192534573542493,0.1762547005594199
-0.19999999999999996,0.10000000000000009,13930.6220703125,327.7472229003906,1.4116012529340516,0.0,0.9,0.709375,0.8709677419354839,0.0,0.9569892462828073,0.6087978396940735,0.7045454545454546,0.9999999996875,0.09687499996972655,0.9281249997099609,0.45892859763788457,0.17215381337918476,-0.08879353682468834
-0.09999999999999998,0.10000000000000009,13806.5654296875,325.9457702636719,0.7976580937117551,0.0,0.9,0.9,1.0,0.0,0.999999996875,0.8539273807746713,1.0,0.9999999996875,0.30624999990429685,0.9999999996875,0.1773906607766055,0.11943926768351218,-0.11825833523122398
0.0,0.10000000000000009,13764.4091796875,325.3082275390625,0.639594041430226,0.0,0.9,0.978125,0.9927007299270073,0.0,0.8571428448979593,0.9633414502164502,0.9744444444444443,0.9999999996875,0.4281249998662109,0.9999999996875,0.06253422950684219,0.13579335684583138,-0.13579335684583138
0.10000000000000009,0.10000000000000009,13802.6689453125,325.85308837890625,0.7262337300966022,0.0,0.9,0.9375,1.0,0.0,0.9999999949999999,0.9077538419141676,1.0,0.9999999996875,0.15312499995214843,0.9999999996875,0.12398293791433883,0.1445896812172638,-0.14323445268925938
0.20000000000000018,0.10000000000000009,13922.869140625,327.564453125,1.0467417150003768,0.0,0.9,0.765625,1.0,0.0,0.9999999986666668,0.6503767122028831,1.0,0.9999999996875,0.04374999998632812,0.9906249996904296,0.3348498653471587,0.12117454624475431,-0.11189366530978462
0.30000000000000004,0.10000000000000009,14124.15234375,330.3945617675781,1.998413928117964,0.0,0.9,0.45625,0.20930232558139536,0.0,0.8045977006870129,0.2975137083900722,0.05232558139534884,0.9999999996875,0.1343749999580078,0.921874999711914,0.7742326938014568,0.20259590193551164,0.03377242732739995
0.40000000000000013,0.10000000000000009,14407.119140625,334.2695007324219,4.124153769979693,0.0,0.9,0.125,0.2112676056338028,0.0,0.7999999997142857,0.03504688453046743,0.04225352112676056,0.9999999996875,0.22187499993066404,0.6843749997861328,1.1843897192703954,0.45602222210740107,0.45602222210740107
0.5,0.10000000000000009,14771.6279296875,339.0986328125,7.611947193494698,0.0,0.9,0.084375,0.16071428571428573,0.0,0.5187713308809654,0.0060267857142857146,0.014610389610389612,0.9999999996875,0.5249999998359375,0.4468749998603515,1.5912172007303285,0.6959251996120654,0.6959251996120654
0.6000000000000001,0.10000000000000009,15219.3203125,344.78253173828125,inf,0.0,0.9,0.084375,0.084375,0.0,0.0,0.0060267857142857146,0.0060267857142857146,0.9999999996875,0.9999999996875,0.40624999987304683,1.804016669408449,0.7525203223029902,0.7525203223029902
0.7000000000000002,0.10000000000000009,15748.3916015625,351.2213439941406,inf,0.0,0.9,0.084375,0.084375,0.0,0.0,0.0060267857142857146,0.0060267857142857146,0.9999999996875,0.9999999996875,0.3874999998789062,1.8299804989782404,0.6806395406973724,0.6806395406973724
0.8,0.10000000000000009,16352.677734375,358.3197937011719,inf,0.0,0.9,0.084375,0.084375,0.0,0.0,0.0060267857142857146,0.0060267857142857146,0.9999999996875,0.9999999996875,0.3249999998984375,1.8312295347456702,0.3218646822084567,0.3218646822084567
0.9000000000000001,0.10000000000000009,17024.95703125,365.990234375,inf,0.0,0.9,0.084375,0.084375,0.0,0.0,0.0060267857142857146,0.0060267857142857146,0.9999999996875,0.9999999996875,0.2187499999316406,1.831249981542517,0.046875008565238,-0.046875008565238
1.0,0.10000000000000009,17757.052734375,374.1546630859375,inf,0.0,0.9,0.084375,0.084375,0.0,0.0,0.0060267857142857146,0.0060267857142857146,0.9999999996875,0.9999999996875,0.3374999998945312,1.8312499994277343,0.08437499997363282,-0.08437499997363282
-1.0,0.20000000000000018,17913.66796875,376.12030029296875,inf,0.0,0.9,0.078125,0.078125,0.0,0.0,0.005580357142857143,0.005580357142857143,0.9999999996875,0.9999999996875,0.3843749998798828,1.843749999423828,0.07812499997558593,-0.07812499997558593
-0.9,0.20000000000000018,17184.833984375,367.9826965332031,inf,0.0,0.9,0.078125,0.078125,0.0,0.0,0.005580357142857143,0.005580357142857143,0.9999999996875,0.9999999996875,0.1843749999423828,1.843749999423732,0.07812499997558593,-0.07812499997558593
-0.8,0.20000000000000018,16513.791015625,360.3354797363281,inf,0.0,0.9,0.075,0.075,0.0,0.0,0.005357142857142857,0.005357142857142857,0.9999999996875,0.9999999996875,0.3437499998925781,1.849909916509822,0.5718236442572342,0.5718236442572342
-0.7,0.20000000000000018,15908.4833984375,353.2546081542969,inf,0.0,0.9,0.075,0.0784313725490196,0.0,0.04729729728131848,0.005357142857142857,0.0056022408963585435,0.9999999996875,0.9562499997011719,0.34687499989160153,1.812476605151044,0.7934179822588561,0.7934179822588561
-0.6,0.20000000000000018,15376.1796875,346.8255920410156,14.373157976696996,0.0,0.9,0.078125,0.07222222222222222,0.0,0.43389830493766157,0.005650994575045208,0.006018518518518518,0.9999999996875,0.5624999998242187,0.3437499998925781,1.6720780693471031,0.8023574766286536,0.8023574766286536
-0.5,0.20000000000000018,14923.2373046875,341.1410217285156,7.198182343524146,0.0,0.9,0.078125,0.0,0.0,0.7999999997288135,0.005972288580984233,0.0,0.9999999996875,0.1843749999423828,0.3687499998847656,1.4820214007611139,0.6487844743216568,0.6487844743216568
-0.3999999999999999,0.20000000000000018,14552.376953125,336.2977600097656,4.154346382977526,0.0,0.9,0.05,0.0,0.0,0.9999999996710526,0.006098810463007551,0.0,0.9999999996875,0.0,0.38124999988085934,1.2133917167897155,0.46941730546684723,0.46941730546684723
-0.29999999999999993,0.20000000000000018,14263.8125,332.3924865722656,3.0969915724290646,0.0,0.9,0.2375,0.46511627906976744,0.0,0.9057377045468288,0.0991894332414769,0.09302325581395349,0.9999999996875,0.1343749999580078,0.5781249998193358,1.0692179539511268,0.3283753909473384,0.3283753909473384
-0.19999999999999996,0.20000000000000018,14057.3203125,329.5136413574219,2.3559862142480736,0.0,0.9,0.4,0.4339622641509434,0.0,0.8437499995605469,0.25609723223327385,0.07232704402515723,0.9999999996875,0.16562499994824217,0.8624999997304686,0.8728808295893464,0.24710689860556875,0.17969667917640492
-0.09999999999999998,0.20000000000000018,13933.2978515625,327.73370361328125,1.7432735094460532,0.0,0.9,0.596875,0.5,0.0,0.7906976738056608,0.5052307982110937,0.49107142857142855,0.9999999996875,0.1687499999472656,0.9031249997177734,0.6287236441353615,0.16786008127391977,0.0292662996571934
0.0,0.20000000000000018,13891.2392578125,327.10107421875,1.4036143737450342,0.0,0.9,0.646875,0.6086956521739131,0.0,0.8407079638577806,0.5603326687250691,0.5019305019305019,0.9999999996875,0.14374999995507812,0.9781249996943359,0.5053463547199168,0.10392344274886814,0.009156300667299909
0.10000000000000009,0.20000000000000018,13929.61328125,327.6333312988281,1.4831491412125664,0.0,0.9,0.6125,0.6756756756756757,0.0,0.903225805723205,0.5134120389206839,0.3333333333333333,0.9999999996875,0.11562499996386717,0.9906249996904296,0.5731149781502746,0.17513556824557713,0.02588499362233316
0.20000000000000018,0.20000000000000018,14049.9560546875,329.31573486328125,1.9872295935867068,0.0,0.9,0.49375,0.36538461538461536,0.0,0.7962962958047554,0.34449075377277344,0.060897435897435896,0.9999999996875,0.16249999994921874,0.9374999997070312,0.7808996797041332,0.2885441867576528,0.09837801823561654
0.30000000000000004,0.20000000000000018,14251.513671875,332.1022033691406,3.0813195089149916,0.0,0.9,0.265625,0.2702702702702703,0.0,0.7702127656296968,0.13133752107288593,0.04504504504504505,0.9999999996875,0.23124999992773435,0.8343749997392578,1.019434336824693,0.2900355742449154,0.26844911299709606
0.40000000000000013,0.20000000000000018,14534.6513671875,335.9222717285156,5.2794181721521145,0.0,0.9,0.084375,0.2376237623762376,0.0,0.7372013649361087,0.006582155046318869,0.023762376237623763,0.9999999996875,0.31562499990136716,0.6062499998105468,1.3195850038283117,0.591373605065213,0.591373605065213
0.5,0.20000000000000018,14899.9326171875,340.68817138671875,10.03663214637429,0.0,0.9,0.084375,0.12796208530805686,0.0,0.372013651750166,0.0060267857142857146,0.00914014895057549,0.9999999996875,0.6593749997939453,0.4843749998486328,1.675071752940169,0.746796475070272,0.746796475070272
0.6000000000000001,0.20000000000000018,15347.1884765625,346.3040771484375,inf,0.0,0.9,0.08125,0.08125,0.0,0.0,0.005803571428571429,0.005803571428571429,0.9999999996875,0.9999999996875,0.4031249998740234,1.8184830310139883,0.7691639895146337,0.7691639895146337
0.7000000000000002,0.20000000000000018,15874.5205078125,352.6725769042969,inf,0.0,0.9,0.084375,0.084375,0.0,0.0,0.0060267857142857146,0.0060267857142857146,0.9999999996875,0.9999999996875,0.3437499998925781,1.8287643860397866,0.7018857474445,0.7018857474445
0.8,0.20000000000000018,16476.423828125,359.7005615234375,inf,0.0,0.9,0.084375,0.084375,0.0,0.0,0.0060267857142857146,0.0060267857142857146,0.9999999996875,0.9999999996875,0.28749999991015623,1.8310422738155339,0.5248957868846477,0.5248957868846477
0.9000000000000001,0.20000000000000018,17145.578125,367.30206298828125,inf,0.0,0.9,0.08125,0.08125,0.0,0.0,0.005803571428571429,0.005803571428571429,0.9999999996875,0.9999999996875,0.28749999991015623,1.837492181315895,0.0843710838967157,0.0843710838967157
1.0,0.20000000000000018,17874.19140625,375.4001770019531,inf,0.0,0.9,0.084375,0.084375,0.0,0.0,0.0060267857142857146,0.0060267857142857146,0.9999999996875,0.9999999996875,0.3437499998925781,1.8312499927221264,0.0812500033283472,-0.0812500033283472
-1.0,0.30000000000000004,18104.642578125,378.2396545410156,inf,0.0,0.9,0.078125,0.078125,0.0,0.0,0.005580357142857143,0.005580357142857143,0.9999999996875,0.9999999996875,0.36562499988574215,1.843749999423828,0.07812499997558593,-0.07812499997558593
-0.9,0.30000000000000004,17381.62890625,370.2034912109375,inf,0.0,0.9,0.078125,0.078125,0.0,0.0,0.005580357142857143,0.005580357142857143,0.9999999996875,0.9999999996875,0.25312499992089843,1.843749999423828,0.07812499997558593,-0.07812499997558593
-0.8,0.30000000000000004,16715.67578125,362.6608581542969,inf,0.0,0.9,0.078125,0.078125,0.0,0.0,0.005580357142857143,0.005580357142857143,0.9999999996875,0.9999999996875,0.249999999921875,1.8437499985872194,0.07187500072455025,-0.07187500072455025
-0.7,0.30000000000000004,16114.080078125,355.6861877441406,inf,0.0,0.9,0.078125,0.078125,0.0,0.0,0.005580357142857143,0.005580357142857143,0.9999999996875,0.9999999996875,0.33124999989648435,1.843526454204246,0.6529896612610403,0.6529896612610403
-0.6,0.30000000000000004,15583.9033203125,349.362060546875,20.632891814515013,0.0,0.9,0.078125,0.078125,0.0,0.0,0.005580357142857143,0.005580357142857143,0.9999999996875,0.9999999996875,0.3187499999003906,1.81502885659076,0.8370017642267822,0.8370017642267822
-0.5,0.30000000000000004,15131.36328125,343.7779235839844,10.448936825628197,0.0,0.9,0.078125,0.041379310344827586,0.0,0.5288135591427751,0.005580357142857143,0.003183023872679045,0.9999999996875,0.4531249998583984,0.37499999988281246,1.6597284502479572,0.8047681067499334,0.8047681067499334
-0.3999999999999999,0.30000000000000004,14760.1328125,339.0262756347656,5.920626808009582,0.0,0.9,0.025,0.0,0.0,0.8782051279236521,0.0026207500364803732,0.0,0.9999999996875,0.11874999996289062,0.38124999988085934,1.3444180841158286,0.5678010149670444,0.5678010149670444
-0.29999999999999993,0.30000000000000004,14471.76953125,335.1990051269531,4.330929717229672,0.0,0.9,0.084375,0.5714285714285714,0.0,0.9795221839660333,0.007277628032345014,0.19047619047619047,0.9999999996875,0.04374999998632812,0.4031249998740234,1.2717906676627475,0.5581093544932197,0.5581093544932197
-0.19999999999999996,0.30000000000000004,14265.5673828125,332.37945556640625,3.6935799813652164,0.0,0.9,0.109375,0.36764705882352944,0.0,0.8491228067196059,0.025144409794865725,0.04084967320261438,0.9999999996875,0.21249999993359373,0.4937499998457031,1.2748345059512283,0.5663274380717067,0.5663274380717067
-0.09999999999999998,0.30000000000000004,14142.0380859375,330.6359558105469,3.246904737384293,0.0,0.9,0.203125,0.26804123711340205,0.0,0.7215686271680123,0.11428257043163878,0.026804123711340205,0.9999999996875,0.3031249999052734,0.7093749997783203,1.2018863995996987,0.493315599230023,0.48670354904669677
0.0,0.30000000000000004,14100.203125,330.0135498046875,3.009429299247449,0.0,0.9,0.2375,0.2631578947368421,0.0,0.7131147538061006,0.14754400206031096,0.03759398496240601,0.9999999996875,0.29687499990722654,0.821874999743164,1.1310357938199986,0.43766963621884974,0.436138820440395
0.10000000000000009,0.30000000000000004,14138.955078125,330.52911376953125,3.095849499774294,0.0,0.9,0.225,0.26373626373626374,0.0,0.7298387093831296,0.11373218912038788,0.04395604395604396,0.9999999996875,0.2843749999111328,0.8187499997441405,1.100826934011781,0.42762239435569427,0.42580842262158203
0.20000000000000018,0.30000000000000004,14258.82421875,332.1686096191406,3.738813277808573,0.0,0.9,0.21875,0.26262626262626265,0.0,0.7079999997168,0.10100852107002732,0.03751803751803752,0.9999999996875,0.3093749999033203,0.771874999758789,1.130050468045099,0.4150907001891282,0.4055094772266833
0.30000000000000004,0.30000000000000004,14460.638671875,334.88946533203125,5.107593243490225,0.0,0.9,0.171875,0.25,0.0,0.7283018865176218,0.07120680524294982,0.03125,0.9999999996875,0.29999999990625,0.6093749998095702,1.2452308736805613,0.47259362280627476,0.45965351813528066
0.40000000000000013,0.30000000000000004,14744.9931640625,338.6253662109375,8.124390344256577,0.0,0.9,0.084375,0.174496644295302,0.0,0.5802047779589744,0.0060267857142857146,0.0145413870246085,0.9999999996875,0.4656249998544921,0.5624999998242187,1.4865841329757699,0.7182118534494024,0.7182118534494024
0.5,0.30000000000000004,15110.4375,343.2937927246094,inf,0.0,0.9,0.084375,0.10150375939849623,0.0,0.18430034123402717,0.0060267857142857146,0.007250268528464017,0.9999999996875,0.8312499997402343,0.4281249998662109,1.741020275617975,0.7870442322948564,0.7870442322948564
0.6000000000000001,0.30000000000000004,15556.712890625,348.8037109375,inf,0.0,0.9,0.08125,0.08125,0.0,0.0,0.005803571428571429,0.005803571428571429,0.9999999996875,0.9999999996875,0.3437499998925781,1.8140110041611701,0.7790685767772727,0.7790685767772727
0.7000000000000002,0.30000000000000004,16081.8701171875,355.06207275390625,inf,0.0,0.9,0.08125,0.07570977917981073,0.0,0.0034013605430607613,0.005803571428571429,0.005407841369986481,0.9999999996875,0.9906249996904296,0.3343749998955078,1.826950290226456,0.7724137145853588,0.7695084944584689
0.8,0.30000000000000004,16679.892578125,361.97930908203125,inf,0.0,0.9,0.071875,0.06687898089171974,0.0,0.013468013463478782,0.005232029117379436,0.00482315112540193,0.9999999996875,0.9812499996933594,0.26249999991796874,1.8442885961308981,0.7346671521432208,0.7320671319813525
0.9000000000000001,0.30000000000000004,17343.75390625,369.4718322753906,inf,0.0,0.9,0.078125,0.07348242811501597,0.0,0.016949152536627404,0.007711988835424268,0.005282498851630684,0.9999999996875,0.9781249996943359,0.3343749998955078,1.8397470649795138,0.35405057600742523,0.3540016841374685
1.0,0.30000000000000004,18065.767578125,377.4645690917969,inf,0.0,0.9,0.08125,0.08125,0.0,0.0,0.005821764442454097,0.005821764442454097,0.9999999996875,0.9999999996875,0.3437499998925781,1.8371710389644982,0.018955256058408247,-0.018955256058408247
-1.0,0.40000000000000013,18367.486328125,381.14373779296875,inf,0.0,0.9,0.078125,0.078125,0.0,0.0,0.005580357142857143,0.005580357142857143,0.9999999996875,0.9999999996875,0.34062499989355466,1.843749999423828,0.07812499997558593,-0.07812499997558593
-0.9,0.40000000000000013,17652.873046875,373.24346923828125,inf,0.0,0.9,0.078125,0.078125,0.0,0.0,0.005580357142857143,0.005580357142857143,0.9999999996875,0.9999999996875,0.4031249998740234,1.843749999423828,0.07812499997558593,-0.07812499997558593
-0.8,0.40000000000000013,16994.48046875,365.8406066894531,inf,0.0,0.9,0.075,0.075,0.0,0.0,0.005357142857142857,0.005357142857142857,0.9999999996875,0.9999999996875,0.25312499992089843,1.849999999421874,0.0749999999765625,-0.0749999999765625
-0.7,0.40000000000000013,16398.61328125,359.00689697265625,inf,0.0,0.9,0.078125,0.078125,0.0,0.0,0.005580357142857143,0.005580357142857143,0.9999999996875,0.9999999996875,0.32187499989941404,1.8437494804752848,0.22187456472300743,0.22187456472300743
-0.6,0.40000000000000013,15872.6630859375,352.8217468261719,inf,0.0,0.9,0.078125,0.078125,0.0,0.0,0.005580357142857143,0.005580357142857143,0.9999999996875,0.9999999996875,0.29687499990722654,1.8419710296171132,0.689612829229789,0.689612829229789
-0.5,0.40000000000000013,15421.4296875,347.3699035644531,17.094154016027076,0.0,0.9,0.078125,0.07419354838709677,0.0,0.027118644058603848,0.005580357142857143,0.005299539170506912,0.9999999996875,0.9687499996972656,0.37499999988281246,1.7846876858036278,0.88894085817076,0.88894085817076
-0.3999999999999999,0.40000000000000013,15050.1953125,342.73895263671875,9.689191433718612,0.0,0.9,0.078125,0.012658227848101266,0.0,0.7355932200896294,0.005580357142857143,0.0015822784810126582,0.9999999996875,0.24687499992285156,0.371874999883789,1.5064471978617318,0.706502003921897,0.6998120071748974
-0.29999999999999993,0.40000000000000013,14761.625,339.013916015625,6.481535591194483,0.0,0.9,0.1125,0.045454545454545456,0.0,0.9260563377020927,0.05129631346373721,0.16666666666666666,0.9999999996875,0.06874999997851562,0.3781249998818359,1.2333497056244893,0.4535724374735377,0.4535724374735377
-0.19999999999999996,0.40000000000000013,14555.7900390625,336.2725830078125,5.89425847662777,0.0,0.9,0.084375,0.23076923076923078,0.0,0.7269624570897738,0.006201194304088195,0.02097902097902098,0.9999999996875,0.3249999998984375,0.3874999998789062,1.4518588417126952,0.6999485184660867,0.6999485184660867
-0.09999999999999998,0.40000000000000013,14432.5947265625,334.5774230957031,5.70450571095261,0.0,0.9,0.08125,0.1625,0.0,0.5442176868897218,0.005971520440973817,0.014772727272727272,0.9999999996875,0.49999999984375,0.44374999986132807,1.5018261121924672,0.7304794772335249,0.7304794772335249
0.0,0.40000000000000013,14390.3203125,333.9697570800781,5.460345445144897,0.0,0.9,0.096875,0.18243243243243243,0.0,0.5813148786915865,0.016327871650452293,0.016584766584766583,0.9999999996875,0.4624999998554687,0.5281249998349609,1.400123251536908,0.6458657864056341,0.6458657864056341
0.10000000000000009,0.40000000000000013,14428.9248046875,334.4652404785156,5.695629578165045,0.0,0.9,0.140625,0.1953125,0.0,0.6254545452271074,0.05847146382818623,0.021701388888888888,0.9999999996875,0.39999999987499996,0.5624999998242187,1.3283761553479758,0.5300675060144615,0.5262837906553977
0.20000000000000018,0.40000000000000013,14549.693359375,336.0511779785156,6.8545527994628985,0.0,0.9,0.134375,0.1875,0.0,0.624548736236625,0.05043804493628438,0.0234375,0.9999999996875,0.39999999987499996,0.5343749998330077,1.344622942230312,0.5655480399630871,0.5655480399630871
0.30000000000000004,0.40000000000000013,14752.470703125,338.6885070800781,9.358637813315525,0.0,0.9,0.08125,0.19469026548672566,0.0,0.6904761902413346,0.005821764442454097,0.021632251720747297,0.9999999996875,0.3531249998896484,0.5249999998359375,1.4562129972010587,0.6923961408805305,0.6923961408805305
0.40000000000000013,0.40000000000000013,15037.271484375,342.31658935546875,inf,0.0,0.9,0.084375,0.15337423312883436,0.0,0.5290102387273002,0.0060267857142857146,0.013943112102621306,0.9999999996875,0.5093749998408202,0.5093749998408202,1.6119215951135042,0.7949027803385746,0.7949027803385746
0.5,0.40000000000000013,15402.2919921875,346.8592834472656,inf,0.0,0.9,0.084375,0.11392405063291139,0.0,0.283276450415264,0.0060267857142857146,0.0081374321880651,0.9999999996875,0.7406249997685547,0.37499999988281246,1.711454214351843,0.8532332543671226,0.8532332543671226
0.6000000000000001,0.40000000000000013,15847.0703125,352.2315673828125,inf,0.0,0.9,0.075,0.07936507936507936,0.0,0.2162162161431702,0.005357142857142857,0.005668934240362812,0.9999999996875,0.7874999997539062,0.3437499998925781,1.744933586531772,0.8358107727483142,0.8358107727483142
0.7000000000000002,0.40000000000000013,16368.5419921875,358.34600830078125,inf,0.0,0.9,0.040625,0.018604651162790697,0.0,0.31270358296003137,0.003965034059062984,0.0014727540500736377,0.9999999996875,0.6718749997900391,0.2937499999082031,1.7546556447482016,0.7942337383501528,0.7942337383501528
0.8,0.40000000000000013,16961.044921875,365.11749267578125,inf,0.0,0.9,0.0625,0.060085836909871244,0.0,0.26999999990999995,0.008233546830038059,0.00771379980563654,0.9999999996875,0.7281249997724609,0.34687499989160153,1.7479819886285306,0.7220104613735074,0.7220104613735074
0.9000000000000001,0.40000000000000013,17616.9140625,372.4658203125,inf,0.0,0.9,0.075,0.07526881720430108,0.0,0.1283783783350073,0.010567106341754229,0.010240344450870766,0.9999999996875,0.871874999727539,0.3374999998945312,1.801799023498443,0.5479091676623301,0.5479091676623301
1.0,0.40000000000000013,18329.962890625,380.318603515625,inf,0.0,0.9,0.06875,0.06472491909385113,0.0,0.030201342271744515,0.0110841539412968,0.01043531447666786,0.9999999996875,0.9656249996982421,0.33124999989648435,1.8460310510263531,0.2135495292944009,0.2135495292944009
-1.0,0.5,18699.359375,384.7943115234375,inf,0.0,0.9,0.075,0.075,0.0,0.0,0.005357142857142857,0.005357142857142857,0.9999999996875,0.9999999996875,0.3343749998955078,1.8499999994218748,0.0749999999765625,-0.0749999999765625
-0.9,0.5,17995.943359375,377.05908203125,inf,0.0,0.9,0.078125,0.078125,0.0,0.0,0.005580357142857143,0.005580357142857143,0.9999999996875,0.9999999996875,0.34062499989355466,1.843749999423828,0.07812499997558593,-0.07812499997558593
-0.8,0.5,17347.09765625,369.8248596191406,inf,0.0,0.9,0.078125,0.078125,0.0,0.0,0.005580357142857143,0.005580357142857143,0.9999999996875,0.9999999996875,0.30624999990429685,1.843749999423828,0.07812499997558593,-0.07812499997558593
-0.7,0.5,16759.25390625,363.1606140136719,inf,0.0,0.9,0.078125,0.078125,0.0,0.0,0.005580357142857143,0.005580357142857143,0.9999999996875,0.9999999996875,0.2343749999267578,1.8437499994203776,0.07812499997558593,-0.07812499997558593
-0.6,0.5,16239.056640625,357.1415100097656,inf,0.0,0.9,0.075,0.075,0.0,0.0,0.005357142857142857,0.005357142857142857,0.9999999996875,0.9999999996875,0.3187499999003906,1.84995864881698,0.5499769326352988,0.5499769326352988
-0.5,0.5,15791.8095703125,351.8469543457031,inf,0.0,0.9,0.078125,0.07836990595611286,0.0,0.003389830507325481,0.005580357142857143,0.005597850425436633,0.9999999996875,0.9968749996884765,0.3781249998818359,1.8311966966342816,0.9061455231903989,0.9061455231903989
-0.3999999999999999,0.5,15422.806640625,347.3583679199219,inf,0.0,0.9,0.078125,0.06153846153846154,0.0,0.5864406777673082,0.006265664160401002,0.004571428571428572,0.9999999996875,0.40624999987304683,0.371874999883789,1.6041674987781562,0.7754765455432349,0.7754765455432349
-0.29999999999999993,0.5,15134.6904296875,343.7539367675781,11.792608597460816,0.0,0.9,0.128125,0.0,0.0,0.8637992828445163,0.057320239923926555,0.0,0.9999999996875,0.11874999996289062,0.3687499998847656,1.2789361269913402,0.4802505354580192,0.4802505354580192
-0.19999999999999996,0.5,14928.3232421875,341.1043701171875,10.315033706358017,0.0,0.9,0.084375,0.21487603305785125,0.0,0.6757679178580996,0.00608382154123479,0.01790633608815427,0.9999999996875,0.3781249998818359,0.37499999988281246,1.5001698895683235,0.731685689377779,0.731685689377779
-0.09999999999999998,0.5,14803.9921875,339.4663391113281,10.599119165153846,0.0,0.9,0.084375,0.11637931034482758,0.0,0.30034129682582206,0.006045678459471563,0.0083128078817734,0.9999999996875,0.7249999997734374,0.39999999987499996,1.689168294819706,0.7628207049717944,0.7628207049717944
0.0,0.5,14761.2001953125,338.8769836425781,inf,0.0,0.9,0.084375,0.13106796116504854,0.0,0.38907849816072404,0.0060267857142857146,0.010082150858849889,0.9999999996875,0.6437499997988281,0.4187499998691406,1.6590920856221039,0.6826344352291381,0.6826344352291381
0.10000000000000009,0.5,14799.998046875,339.35015869140625,inf,0.0,0.9,0.084375,0.1443850267379679,0.0,0.4539249145208447,0.0060267857142857146,0.011106540518305223,0.9999999996875,0.5843749998173827,0.48124999984960937,1.5914977072755025,0.6588276397606024,0.6588276397606024
0.20000000000000018,0.5,14921.5234375,340.8746643066406,inf,0.0,0.9,0.084375,0.14689265536723164,0.0,0.4846416380598492,0.0060267857142857146,0.011299435028248588,0.9999999996875,0.5531249998271484,0.5062499998417969,1.591890096648963,0.6862449519118172,0.6862449519118172
0.30000000000000004,0.5,15125.6103515625,343.41583251953125,inf,0.0,0.9,0.084375,0.15873015873015872,0.0,0.6382252557548719,0.0060267857142857146,0.01443001443001443,0.9999999996875,0.3937499998769531,0.4531249998583984,1.5794552179755053,0.7623901161448466,0.7623901161448466
0.40000000000000013,0.5,15410.5625,346.91876220703125,inf,0.0,0.9,0.08125,0.2125,0.0,0.7857142854470359,0.005952380952380952,0.030357142857142857,0.9999999996875,0.249999999921875,0.36562499988574215,1.5050974561791184,0.7068210342276556,0.7068210342276556
0.5,0.5,15774.3359375,351.31427001953125,inf,0.0,0.9,0.046875,0.03636363636363636,0.0,0.8262295079258263,0.006020395350505849,0.037037037037037035,0.9999999996875,0.17187499994628905,0.3531249998896484,1.4903920885647717,0.6500055707257327,0.6500055707257327
0.6000000000000001,0.5,16215.7099609375,356.5244445800781,inf,0.0,0.9,0.078125,0.014184397163120567,0.0,0.5288135591427751,0.00806855849300671,0.001182033096926714,0.9999999996875,0.44062499986230463,0.3531249998896484,1.6330921901928372,0.6392137700658151,0.6392137700658151
0.7000000000000002,0.5,16731.86328125,362.46820068359375,inf,0.0,0.9,0.078125,0.08487084870848709,0.0,0.1593220338442976,0.005705157462345961,0.006062203479177649,0.9999999996875,0.8468749997353515,0.40624999987304683,1.7727518538026377,0.6202383041503061,0.6202383041503061
0.8,0.5,17316.333984375,369.0655822753906,inf,0.0,0.9,0.0875,0.0903010033444816,0.0,0.06849315066147495,0.009890688462117034,0.008592221135029355,0.9999999996875,0.9343749997080077,0.31562499990136716,1.7963407207381683,0.36687131243639626,0.36687131243639626
0.9000000000000001,0.5,17962.3359375,376.240966796875,inf,0.0,0.9,0.084375,0.08552631578947369,0.0,0.05119453923167421,0.009237941752043285,0.00957115800865801,0.9999999996875,0.949999999703125,0.3093749999033203,1.8093350538471558,0.2471727260251561,0.2471727260251561
1.0,0.5,18663.78515625,383.9244384765625,inf,0.0,0.9,0.1,0.10423452768729642,0.0,0.04513888887321566,0.013001045660508888,0.01354735883424408,0.9999999996875,0.9593749997001952,0.32187499989941404,1.7804202476689233,0.1124040055455463,0.1124040055455463
-1.0,0.6000000000000001,19098.275390625,389.1469421386719,inf,0.0,0.9,0.078125,0.078125,0.0,0.0,0.005580357142857143,0.005580357142857143,0.9999999996875,0.9999999996875,0.3343749998955078,1.843749999423828,0.07812499997558593,-0.07812499997558593
-0.9,0.6000000000000001,18408.05078125,381.6000671386719,inf,0.0,0.9,0.075,0.075,0.0,0.0,0.005357142857142857,0.005357142857142857,0.9999999996875,0.9999999996875,0.3343749998955078,1.8499999994218748,0.0749999999765625,-0.0749999999765625
-0.8,0.6000000000000001,17771.025390625,374.5570983886719,inf,0.0,0.9,0.078125,0.078125,0.0,0.0,0.005580357142857143,0.005580357142857143,0.9999999996875,0.9999999996875,0.34999999989062497,1.843749999423828,0.07812499997558593,-0.07812499997558593
-0.7,0.6000000000000001,17193.2578125,368.0835876464844,inf,0.0,0.9,0.078125,0.078125,0.0,0.0,0.005580357142857143,0.005580357142857143,0.9999999996875,0.9999999996875,0.2687499999160156,1.843749999423828,0.07812499997558593,-0.07812499997558593
-0.6,0.6000000000000001,16680.91796875,362.25018310546875,inf,0.0,0.9,0.078125,0.078125,0.0,0.0,0.005580357142857143,0.005580357142857143,0.9999999996875,0.9999999996875,0.24062499992480468,1.8437499969910707,0.06562500147351455,-0.06562500147351455
-0.5,0.6000000000000001,16239.337890625,357.1305847167969,inf,0.0,0.9,0.075,0.075,0.0,0.0,0.005357142857142857,0.005357142857142857,0.9999999996875,0.9999999996875,0.29062499990917967,1.8497014041695417,0.7936000103524496,0.7936000103524496
-0.3999999999999999,0.6000000000000001,15874.318359375,352.7993469238281,inf,0.0,0.9,0.075,0.08540925266903915,0.0,0.13175675671224432,0.007113218731475993,0.008241758241758242,0.9999999996875,0.8781249997255859,0.37499999988281246,1.768684783120348,0.845275047288095,0.845275047288095
-0.29999999999999993,0.6000000000000001,15588.2880859375,349.3276062011719,inf,0.0,0.9,0.090625,0.0,0.0,0.6494845358592836,0.012973288512248635,0.0,0.9999999996875,0.3187499999003906,0.371874999883789,1.5196465421915477,0.5542578246624564,0.5542578246624564
-0.19999999999999996,0.6000000000000001,15382.3271484375,346.7788391113281,inf,0.0,0.9,0.078125,0.13861386138613863,0.0,0.7050847455237,0.007221350078492936,0.015167930660888406,0.9999999996875,0.31562499990136716,0.37499999988281246,1.505179988305788,0.7237125942629874,0.7237125942629874
-0.09999999999999998,0.6000000000000001,15257.6953125,345.2033386230469,inf,0.0,0.9,0.084375,0.084375,0.0,0.0,0.0060267857142857146,0.0060267857142857146,0.9999999996875,0.9999999996875,0.4031249998740234,1.8100015998113905,0.734292935839773,0.734292935839773
0.0,0.6000000000000001,15214.8740234375,344.6343994140625,inf,0.0,0.9,0.084375,0.084375,0.0,0.0,0.0060267857142857146,0.0060267857142857146,0.9999999996875,0.9999999996875,0.4531249998583984,1.8157828708884527,0.6676225061748685,0.6676225061748685
0.10000000000000009,0.6000000000000001,15254.017578125,345.0841064453125,inf,0.0,0.9,0.084375,0.0891089108910891,0.0,0.058020477795897446,0.0060267857142857146,0.006364922206506364,0.9999999996875,0.9468749997041015,0.421874999868164,1.774967481238497,0.6851314223887327,0.6851314223887327
0.20000000000000018,0.6000000000000001,15376.015625,346.54278564453125,inf,0.0,0.9,0.08125,0.11764705882352941,0.0,0.3367346937630154,0.005803571428571429,0.009049773755656108,0.9999999996875,0.6906249997841797,0.38124999988085934,1.6841282650009755,0.6803587734384495,0.6803587734384495
0.30000000000000004,0.6000000000000001,15579.4453125,348.9797058105469,inf,0.0,0.9,0.0875,0.10891089108910891,0.0,0.6917808216808969,0.00797195883701074,0.01089108910891089,0.9999999996875,0.31562499990136716,0.2781249999130859,1.510649918961901,0.6920024254352262,0.6920024254352262
0.40000000000000013,0.6000000000000001,15862.3369140625,352.3462219238281,inf,0.0,0.9,0.08125,0.0,0.0,0.3367346937630154,0.005914467697907188,0.0,0.9999999996875,0.6093749998095702,0.31249999990234373,1.6940636263122995,0.7302172486931864,0.7302172486931864
0.5,0.6000000000000001,16222.9970703125,356.58013916015625,inf,0.0,0.9,0.078125,0.0759493670886076,0.0,0.010169491521976442,0.005580357142857143,0.0054249547920434,0.9999999996875,0.9874999996914062,0.3531249998896484,1.828006144962117,0.6547620969262438,0.6547620969262438
0.6000000000000001,0.6000000000000001,16658.98046875,361.611083984375,inf,0.0,0.9,0.08125,0.08125,0.0,0.0,0.005803571428571429,0.005803571428571429,0.9999999996875,0.9999999996875,0.40937499987207027,1.8362778550008447,0.36180635665537125,0.36180635665537125
0.7000000000000002,0.6000000000000001,17167.365234375,367.3647155761719,inf,0.0,0.9,0.08125,0.08125,0.0,0.0,0.005803571428571429,0.005803571428571429,0.9999999996875,0.9999999996875,0.3687499998847656,1.837474088794156,0.14998596000679126,0.14998596000679126
0.8,0.6000000000000001,17741.65234375,373.76690673828125,inf,0.0,0.9,0.08125,0.08125,0.0,0.0,0.005803571428571429,0.005803571428571429,0.9999999996875,0.9999999996875,0.29999999990625,1.8374977551437395,0.018751208870372977,-0.018751208870372977
0.9000000000000001,0.6000000000000001,18375.73046875,380.7466735839844,inf,0.0,0.9,0.084375,0.08463949843260188,0.0,0.0034129692821116145,0.008569017189706844,0.008587324625060474,0.9999999996875,0.9968749996884765,0.28749999991015623,1.8302879402698455,0.06503334000112294,-0.059968374352123564
1.0,0.6000000000000001,19063.8828125,388.23760986328125,inf,0.0,0.9,0.078125,0.07861635220125786,0.0,0.006779661014650962,0.007248096407420399,0.007301587301587302,0.9999999996875,0.9937499996894531,0.2937499999082031,1.8412806857387944,0.024485651330631707,-0.01367710093547301
-1.0,0.7000000000000002,19560.064453125,394.153076171875,inf,0.0,0.9,0.075,0.075,0.0,0.0,0.005357142857142857,0.005357142857142857,0.9999999996875,0.9999999996875,0.3374999998945312,1.8499999994218748,0.0749999999765625,-0.0749999999765625
-0.9,0.7000000000000002,18884.720703125,386.8117370605469,inf,0.0,0.9,0.075,0.075,0.0,0.0,0.005357142857142857,0.005357142857142857,0.9999999996875,0.9999999996875,0.3374999998945312,1.8499999994218748,0.0749999999765625,-0.0749999999765625
-0.8,0.7000000000000002,18261.4140625,379.9762268066406,inf,0.0,0.9,0.078125,0.078125,0.0,0.0,0.005580357142857143,0.005580357142857143,0.9999999996875,0.9999999996875,0.3374999998945312,1.843749999423828,0.07812499997558593,-0.07812499997558593
-0.7,0.7000000000000002,17696.01953125,373.7082214355469,inf,0.0,0.9,0.078125,0.078125,0.0,0.0,0.005580357142857143,0.005580357142857143,0.9999999996875,0.9999999996875,0.34062499989355466,1.843749999423828,0.07812499997558593,-0.07812499997558593
-0.6,0.7000000000000002,17193.74609375,368.073486328125,inf,0.0,0.9,0.078125,0.078125,0.0,0.0,0.005580357142857143,0.005580357142857143,0.9999999996875,0.9999999996875,0.29062499990917967,1.843749999423828,0.07812499997558593,-0.07812499997558593
-0.5,0.7000000000000002,16760.671875,363.1397399902344,inf,0.0,0.9,0.078125,0.078125,0.0,0.0,0.005580357142857143,0.005580357142857143,0.9999999996875,0.9999999996875,0.24062499992480468,1.8437499976253615,0.07187500072455025,-0.07187500072455025
-0.3999999999999999,0.7000000000000002,16401.62109375,358.9746398925781,inf,0.0,0.9,0.078125,0.08503401360544217,0.0,0.0881355931904625,0.007534659433393611,0.008153946510110893,0.9999999996875,0.9187499997128905,0.2749999999140625,1.8006472331385281,0.7176406938151964,0.7176406938151964
-0.29999999999999993,0.7000000000000002,16119.1015625,355.6421813964844,inf,0.0,0.9,0.10625,0.012295081967213115,0.0,0.1573426572876424,0.03257164163204432,0.009518890200708383,0.9999999996875,0.7624999997617187,0.33124999989648435,1.726580991990773,0.5764286743796992,0.5764286743796992
-0.19999999999999996,0.7000000000000002,15915.3671875,353.19873046875,inf,0.0,0.9,0.071875,0.039301310043668124,0.0,0.25925925917196657,0.005494505494505495,0.0028072364316905803,0.9999999996875,0.7156249997763672,0.371874999883789,1.7329578898460927,0.6485534297713536,0.6485534297713536
-0.09999999999999998,0.7000000000000002,15791.2705078125,351.6887512207031,inf,0.0,0.9,0.084375,0.084375,0.0,0.0,0.0060267857142857146,0.0060267857142857146,0.9999999996875,0.9999999996875,0.3687499998847656,1.8243983929842467,0.7157657022507359,0.7157657022507359
0.0,0.7000000000000002,15749.7060546875,351.14129638671875,inf,0.0,0.9,0.084375,0.084375,0.0,0.0,0.0060267857142857146,0.0060267857142857146,0.9999999996875,0.9999999996875,0.3343749998955078,1.8310168576532253,0.5811480279841336,0.5811480279841336
0.10000000000000009,0.7000000000000002,15789.1376953125,351.5671081542969,inf,0.0,0.9,0.08125,0.08176100628930817,0.0,0.0068027210861215225,0.005803571428571429,0.005840071877807726,0.9999999996875,0.9937499996894531,0.3187499999003906,1.8309560829815303,0.6376574244810853,0.6376574244810853
0.20000000000000018,0.7000000000000002,15909.6005859375,352.9579772949219,inf,0.0,0.9,0.08125,0.09349593495934959,0.0,0.24149659855731406,0.005840071877807726,0.006678281068524971,0.9999999996875,0.7687499997597655,0.3374999998945312,1.723258572759842,0.6494713485221049,0.6494713485221049
0.30000000000000004,0.7000000000000002,16111.2109375,355.2869567871094,inf,0.0,0.9,0.096875,0.06666666666666667,0.0,0.46712802752002486,0.01296438752884746,0.013139502376292982,0.9999999996875,0.5156249998388671,0.3531249998896484,1.6309077498143085,0.742747564145499,0.742747564145499
0.40000000000000013,0.7000000000000002,16389.7734375,358.5110778808594,inf,0.0,0.9,0.08125,0.08125,0.0,0.0,0.005803571428571429,0.005803571428571429,0.9999999996875,0.9999999996875,0.3593749998876953,1.835887540567942,0.5364200409620549,0.5364200409620549
0.5,0.7000000000000002,16744.517578125,362.575439453125,inf,0.0,0.9,0.08125,0.08125,0.0,0.0,0.005803571428571429,0.005803571428571429,0.9999999996875,0.9999999996875,0.3874999998789062,1.8374926071954725,0.16874588416842146,0.16874588416842146
0.6000000000000001,0.7000000000000002,17173.35546875,367.4167175292969,inf,0.0,0.9,0.078125,0.078125,0.0,0.0,0.005580357142857143,0.005580357142857143,0.9999999996875,0.9999999996875,0.3281249998974609,1.8437499740918777,0.05312501302972698,-0.05312501302972698
0.7000000000000002,0.7000000000000002,17671.228515625,372.9676818847656,inf,0.0,0.9,0.078125,0.078125,0.0,0.0,0.005580357142857143,0.005580357142857143,0.9999999996875,0.9999999996875,0.28124999991210936,1.843749999423828,0.07812499997558593,-0.07812499997558593
0.8,0.7000000000000002,18232.876953125,379.1601257324219,inf,0.0,0.9,0.075,0.075,0.0,0.0,0.005357142857142857,0.005357142857142857,0.9999999996875,0.9999999996875,0.26249999991796874,1.8499999994218748,0.0749999999765625,-0.0749999999765625
0.9000000000000001,0.7000000000000002,18852.7734375,385.9281921386719,inf,0.0,0.9,0.08125,0.08125,0.0,0.0,0.005803571428571429,0.005803571428571429,0.9999999996875,0.9999999996875,0.2843749999111328,1.837499999425781,0.08124999997460937,-0.08124999997460937
1.0,0.7000000000000002,19525.853515625,393.20953369140625,inf,0.0,0.9,0.078125,0.078125,0.0,0.0,0.005580357142857143,0.005580357142857143,0.9999999996875,0.9999999996875,0.31562499990136716,1.843749999423828,0.07812499997558593,-0.07812499997558593
-1.0,0.8,20079.6171875,399.7622375488281,inf,0.0,0.9,0.078125,0.078125,0.0,0.0,0.005580357142857143,0.005580357142857143,0.9999999996875,0.9999999996875,0.3374999998945312,1.843749999423828,0.07812499997558593,-0.07812499997558593
-0.9,0.8,19420.8125,392.6382141113281,inf,0.0,0.9,0.078125,0.078125,0.0,0.0,0.005580357142857143,0.005580357142857143,0.9999999996875,0.9999999996875,0.3374999998945312,1.843749999423828,0.07812499997558593,-0.07812499997558593
-0.8,0.8,18813.30859375,386.0205078125,inf,0.0,0.9,0.078125,0.078125,0.0,0.0,0.005580357142857143,0.005580357142857143,0.9999999996875,0.9999999996875,0.3343749998955078,1.843749999423828,0.07812499997558593,-0.07812499997558593
-0.7,0.8,18262.451171875,379.9668273925781,inf,0.0,0.9,0.078125,0.078125,0.0,0.0,0.005580357142857143,0.005580357142857143,0.9999999996875,0.9999999996875,0.3343749998955078,1.843749999423828,0.07812499997558593,-0.07812499997558593
-0.6,0.8,17772.91796875,374.53753662109375,inf,0.0,0.9,0.078125,0.078125,0.0,0.0,0.005580357142857143,0.005580357142857143,0.9999999996875,0.9999999996875,0.34062499989355466,1.843749999423828,0.07812499997558593,-0.07812499997558593
-0.5,0.8,17349.90234375,369.7947692871094,inf,0.0,0.9,0.078125,0.078125,0.0,0.0,0.005580357142857143,0.005580357142857143,0.9999999996875,0.9999999996875,0.34062499989355466,1.843749999423828,0.07812499997558593,-0.07812499997558593
-0.3999999999999999,0.8,16998.595703125,365.7994384765625,inf,0.0,0.9,0.078125,0.07886435331230283,0.0,0.010169491521976442,0.006377551020408163,0.006400409626216077,0.9999999996875,0.9906249996904296,0.23749999992578125,1.838488789018568,0.2906359184760905,0.2906359184760905
-0.29999999999999993,0.8,16721.21875,362.6083068847656,inf,0.0,0.9,0.071875,0.03832752613240418,0.0,0.07070707068326361,0.01598639455782313,0.00844988344988345,0.9999999996875,0.8968749997197265,0.2687499999160156,1.805595861904874,0.4516270657380373,0.4516270657380373
-0.19999999999999996,0.8,16520.654296875,360.2713317871094,inf,0.0,0.9,0.075,0.07547169811320754,0.0,0.006756756754474068,0.005357142857142857,0.005390835579514824,0.9999999996875,0.9937499996894531,0.29062499990917967,1.8472310579680176,0.2546602743216247,0.2546602743216247
-0.09999999999999998,0.8,16399.1171875,358.8275146484375,inf,0.0,0.9,0.078125,0.09363295880149813,0.0,0.17966101688825048,0.006094588005850805,0.006948304613674264,0.9999999996875,0.8343749997392578,0.3281249998974609,1.762240887246317,0.7982136214985628,0.7982136214985628
0.0,0.8,16358.6796875,358.3020324707031,inf,0.0,0.9,0.084375,0.084375,0.0,0.0,0.0060267857142857146,0.0060267857142857146,0.9999999996875,0.9999999996875,0.3249999998984375,1.8312475584786545,0.10312385848023294,0.10312385848023294
0.10000000000000009,0.8,16398.115234375,358.7044677734375,inf,0.0,0.9,0.084375,0.084375,0.0,0.0,0.0060267857142857146,0.0060267857142857146,0.9999999996875,0.9999999996875,0.34999999989062497,1.8298925020804802,0.5588698979435834,0.5588698979435834
0.20000000000000018,0.8,16516.501953125,360.0274963378906,inf,0.0,0.9,0.1,0.055,0.0,0.3437499998806423,0.01671127397268476,0.007776213933849402,0.9999999996875,0.6249999998046875,0.34687499989160153,1.6478355076131845,0.6473454678288029,0.6473454678288029
0.30000000000000004,0.8,16713.80078125,362.24786376953125,inf,0.0,0.9,0.08125,0.08125,0.0,0.0,0.005803571428571429,0.005803571428571429,0.9999999996875,0.9999999996875,0.3968749998759765,1.8356287750024571,0.5115230676061097,0.5115230676061097
0.40000000000000013,0.8,16986.8984375,365.3281555175781,inf,0.0,0.9,0.08125,0.08125,0.0,0.0,0.005803571428571429,0.005803571428571429,0.9999999996875,0.9999999996875,0.371874999883789,1.8374997841053657,1.1103904145464726e-07,-1.1103904145464726e-07
0.5,0.8,17333.96484375,369.2198791503906,inf,0.0,0.9,0.08125,0.08125,0.0,0.0,0.005803571428571429,0.005803571428571429,0.9999999996875,0.9999999996875,0.3093749999033203,1.837499999425781,0.08124999997460937,-0.08124999997460937
0.6000000000000001,0.8,17753.4453125,373.8669738769531,inf,0.0,0.9,0.08125,0.08125,0.0,0.0,0.005803571428571429,0.005803571428571429,0.9999999996875,0.9999999996875,0.2656249999169922,1.837499999425781,0.08124999997460937,-0.08124999997460937
0.7000000000000002,0.8,18239.349609375,379.20855712890625,inf,0.0,0.9,0.08125,0.08125,0.0,0.0,0.005803571428571429,0.005803571428571429,0.9999999996875,0.9999999996875,0.27187499991503905,1.837499999425781,0.08124999997460937,-0.08124999997460937
0.8,0.8,18786.482421875,385.1830139160156,inf,0.0,0.9,0.078125,0.078125,0.0,0.0,0.005580357142857143,0.005580357142857143,0.9999999996875,0.9999999996875,0.32187499989941404,1.843749999423828,0.07812499997558593,-0.07812499997558593
0.9000000000000001,0.8,19390.888671875,391.7292785644531,inf,0.0,0.9,0.08125,0.08125,0.0,0.0,0.005803571428571429,0.005803571428571429,0.9999999996875,0.9999999996875,0.3343749998955078,1.837499999425781,0.08124999997460937,-0.08124999997460937
1.0,0.8,20046.689453125,398.7892761230469,inf,0.0,0.9,0.08125,0.08125,0.0,0.0,0.005803571428571429,0.005803571428571429,0.9999999996875,0.9999999996875,0.3343749998955078,1.837499999425781,0.08124999997460937,-0.08124999997460937
-1.0,0.9000000000000001,20653.455078125,405.9237976074219,inf,0.0,0.9,0.078125,0.078125,0.0,0.0,0.005580357142857143,0.005580357142857143,0.9999999996875,0.9999999996875,0.3374999998945312,1.843749999423828,0.07812499997558593,-0.07812499997558593
-0.9,0.9000000000000001,20012.71875,399.0240478515625,inf,0.0,0.9,0.078125,0.078125,0.0,0.0,0.005580357142857143,0.005580357142857143,0.9999999996875,0.9999999996875,0.3343749998955078,1.843749999423828,0.07812499997558593,-0.07812499997558593
-0.8,0.9000000000000001,19422.232421875,392.6293640136719,inf,0.0,0.9,0.071875,0.071875,0.0,0.0,0.005133928571428571,0.005133928571428571,0.9999999996875,0.9999999996875,0.3343749998955078,1.8562499994199217,0.07187499997753906,-0.07187499997753906
-0.7,0.9000000000000001,18886.791015625,386.7935485839844,inf,0.0,0.9,0.075,0.075,0.0,0.0,0.005357142857142857,0.005357142857142857,0.9999999996875,0.9999999996875,0.33124999989648435,1.8499999994218748,0.0749999999765625,-0.0749999999765625
-0.6,0.9000000000000001,18411.435546875,381.57196044921875,inf,0.0,0.9,0.078125,0.078125,0.0,0.0,0.005580357142857143,0.005580357142857143,0.9999999996875,0.9999999996875,0.3343749998955078,1.843749999423828,0.07812499997558593,-0.07812499997558593
-0.5,0.9000000000000001,18000.458984375,377.0206604003906,inf,0.0,0.9,0.075,0.075,0.0,0.0,0.005357142857142857,0.005357142857142857,0.9999999996875,0.9999999996875,0.3374999998945312,1.8499999994218748,0.0749999999765625,-0.0749999999765625
-0.3999999999999999,0.9000000000000001,17657.947265625,373.1943054199219,inf,0.0,0.9,0.078125,0.078125,0.0,0.0,0.005580357142857143,0.005580357142857143,0.9999999996875,0.9999999996875,0.3624999998867187,1.843749999423828,0.07812499997558593,-0.07812499997558593
-0.29999999999999993,0.9000000000000001,17387.57421875,370.14337158203125,inf,0.0,0.9,0.078125,0.046822742474916385,0.0,0.03389830507325481,0.017715194185782424,0.008877783195189339,0.9999999996875,0.9343749997080077,0.19687499993847654,1.8245967173980138,0.30259063413388715,0.30002128353891155
-0.19999999999999996,0.9000000000000001,17192.19921875,367.9114990234375,inf,0.0,0.9,0.075,0.075,0.0,0.0,0.005357142857142857,0.005357142857142857,0.9999999996875,0.9999999996875,0.28124999991210936,1.8499999549807222,0.05625003016313265,-0.05625003016313265
-0.09999999999999998,0.9000000000000001,17073.9296875,366.5328063964844,inf,0.0,0.9,0.075,0.051470588235294115,0.0,0.1283783783350073,0.011069002172205019,0.01034573074908329,0.9999999996875,0.8499999997343749,0.33124999989648435,1.7891685331906155,0.4869263098681731,0.4869263098681731
0.0,0.9000000000000001,17034.845703125,366.0291442871094,inf,0.0,0.9,0.08125,0.08125,0.0,0.0,0.005803571428571429,0.005803571428571429,0.9999999996875,0.9999999996875,0.34999999989062497,1.8374976771587617,0.03437569588813357,-0.03437569588813357
0.10000000000000009,0.9000000000000001,17073.69921875,366.4088439941406,inf,0.0,0.9,0.078125,0.08015267175572519,0.0,0.18305084739557598,0.009902352631452985,0.009915084915084915,0.9999999996875,0.8187499997441405,0.3531249998896484,1.758495166746354,0.5730355889052619,0.5730355889052619
0.20000000000000018,0.9000000000000001,17189.328125,367.66558837890625,inf,0.0,0.9,0.084375,0.08598726114649681,0.0,0.020477815692669685,0.009943527250128346,0.010559678416821273,0.9999999996875,0.9812499996933594,0.39999999987499996,1.8206277523965455,0.22791229534666202,0.22791229534666202
0.30000000000000004,0.9000000000000001,17380.935546875,369.7793884277344,inf,0.0,0.9,0.08125,0.08125,0.0,0.0,0.005803571428571429,0.005803571428571429,0.9999999996875,0.9999999996875,0.3187499999003906,1.837499998680723,0.07812500034909153,-0.07812500034909153
0.40000000000000013,0.9000000000000001,17646.451171875,372.7176513671875,inf,0.0,0.9,0.08125,0.08125,0.0,0.0,0.005803571428571429,0.005803571428571429,0.9999999996875,0.9999999996875,0.27187499991503905,1.837499999425781,0.08124999997460937,-0.08124999997460937
0.5,0.9000000000000001,17984.638671875,376.4379577636719,inf,0.0,0.9,0.08125,0.08125,0.0,0.0,0.005803571428571429,0.005803571428571429,0.9999999996875,0.9999999996875,0.2656249999169922,1.837499999425781,0.08124999997460937,-0.08124999997460937
0.6000000000000001,0.9000000000000001,18392.3046875,380.8907165527344,inf,0.0,0.9,0.08125,0.08125,0.0,0.0,0.005803571428571429,0.005803571428571429,0.9999999996875,0.9999999996875,0.3187499999003906,1.837499999425781,0.08124999997460937,-0.08124999997460937
0.7000000000000002,0.9000000000000001,18865.0390625,386.021484375,inf,0.0,0.9,0.08125,0.08125,0.0,0.0,0.005803571428571429,0.005803571428571429,0.9999999996875,0.9999999996875,0.3281249998974609,1.837499999425781,0.08124999997460937,-0.08124999997460937
0.8,0.9000000000000001,19397.060546875,391.7744140625,inf,0.0,0.9,0.078125,0.078125,0.0,0.0,0.005580357142857143,0.005580357142857143,0.9999999996875,0.9999999996875,0.33124999989648435,1.843749999423828,0.07812499997558593,-0.07812499997558593
0.9000000000000001,0.9000000000000001,19984.361328125,398.0938720703125,inf,0.0,0.9,0.08125,0.08125,0.0,0.0,0.005803571428571429,0.005803571428571429,0.9999999996875,0.9999999996875,0.3343749998955078,1.837499999425781,0.08124999997460937,-0.08124999997460937
1.0,0.9000000000000001,20622.0703125,404.92584228515625,inf,0.0,0.9,0.08125,0.08125,0.0,0.0,0.005803571428571429,0.005803571428571429,0.9999999996875,0.9999999996875,0.3374999998945312,1.837499999425781,0.08124999997460937,-0.08124999997460937
-1.0,1.0,21277.28515625,412.5885009765625,inf,0.0,0.9,0.078125,0.078125,0.0,0.0,0.005580357142857143,0.005580357142857143,0.9999999996875,0.9999999996875,0.34062499989355466,1.843749999423828,0.07812499997558593,-0.07812499997558593
-0.9,1.0,20655.484375,405.91558837890625,inf,0.0,0.9,0.075,0.075,0.0,0.0,0.005357142857142857,0.005357142857142857,0.9999999996875,0.9999999996875,0.3374999998945312,1.8499999994218748,0.0749999999765625,-0.0749999999765625
-0.8,1.0,20083.095703125,399.7453308105469,inf,0.0,0.9,0.075,0.075,0.0,0.0,0.005357142857142857,0.005357142857142857,0.9999999996875,0.9999999996875,0.3281249998974609,1.8499999994218748,0.0749999999765625,-0.0749999999765625
-0.7,1.0,19564.123046875,394.12689208984375,inf,0.0,0.9,0.078125,0.078125,0.0,0.0,0.005580357142857143,0.005580357142857143,0.9999999996875,0.9999999996875,0.33124999989648435,1.843749999423828,0.07812499997558593,-0.07812499997558593
-0.6,1.0,19103.3046875,389.111083984375,inf,0.0,0.9,0.075,0.075,0.0,0.0,0.005357142857142857,0.005357142857142857,0.9999999996875,0.9999999996875,0.3343749998955078,1.8499999994218748,0.0749999999765625,-0.0749999999765625
-0.5,1.0,18705.208984375,384.7483215332031,inf,0.0,0.9,0.078125,0.078125,0.0,0.0,0.005580357142857143,0.005580357142857143,0.9999999996875,0.9999999996875,0.3343749998955078,1.843749999423828,0.07812499997558593,-0.07812499997558593
-0.3999999999999999,1.0,18373.400390625,381.08734130859375,inf,0.0,0.9,0.078125,0.078125,0.0,0.0,0.005580357142857143,0.005580357142857143,0.9999999996875,0.9999999996875,0.34687499989160153,1.843749999423828,0.07812499997558593,-0.07812499997558593
-0.29999999999999993,1.0,18111.966796875,378.1727294921875,inf,0.0,0.9,0.0625,0.04713804713804714,0.0,0.05666666664777777,0.008360085607276618,0.006429677134011499,0.9999999996875,0.9281249997099609,0.249999999921875,1.851672243710144,0.28506425940176705,0.28506425940176705
-0.19999999999999996,1.0,17923.13671875,376.04278564453125,inf,0.0,0.9,0.071875,0.071875,0.0,0.0,0.005133928571428571,0.005133928571428571,0.9999999996875,0.9999999996875,0.29062499990917967,1.8562499927143303,0.0625000033361597,-0.0625000033361597
-0.09999999999999998,1.0,17808.96484375,374.7271728515625,inf,0.0,0.9,0.121875,0.12459016393442623,0.0,0.049822064039209225,0.024729423609363203,0.026493506493506496,0.9999999996875,0.9531249997021484,0.2843749999111328,1.7313401535740311,0.29292597120930636,0.29292597120930636
0.0,1.0,17770.435546875,374.2447509765625,inf,0.0,0.9,0.115625,0.11551155115511551,0.0,0.053003533550175425,0.020950697875716812,0.020989974937343357,0.9999999996875,0.9468749997041015,0.34999999989062497,1.7428880196296508,0.30154734741299577,0.30154734741299577
0.10000000000000009,1.0,17807.984375,374.6027526855469,inf,0.0,0.9,0.078125,0.08012820512820513,0.0,0.027118644058603848,0.0073973645402216825,0.007758548964140111,0.9999999996875,0.9749999996953125,0.37499999988281246,1.8287521984394801,0.0571750380230836,0.0571750380230836
0.20000000000000018,1.0,17920.013671875,375.7958679199219,inf,0.0,0.9,0.08125,0.08125,0.0,0.0,0.005803571428571429,0.005803571428571429,0.9999999996875,0.9999999996875,0.2687499999160156,1.837499999425781,0.08124999997460937,-0.08124999997460937
0.30000000000000004,1.0,18105.353515625,377.8067321777344,inf,0.0,0.9,0.08125,0.08125,0.0,0.0,0.005803571428571429,0.005803571428571429,0.9999999996875,0.9999999996875,0.2687499999160156,1.837499999425781,0.08124999997460937,-0.08124999997460937
0.40000000000000013,1.0,18362.814453125,380.60711669921875,inf,0.0,0.9,0.08125,0.08125,0.0,0.0,0.005803571428571429,0.005803571428571429,0.9999999996875,0.9999999996875,0.3343749998955078,1.837499999425781,0.08124999997460937,-0.08124999997460937
0.5,1.0,18690.494140625,384.1601867675781,inf,0.0,0.9,0.08125,0.08125,0.0,0.0,0.005803571428571429,0.005803571428571429,0.9999999996875,0.9999999996875,0.3343749998955078,1.837499999425781,0.08124999997460937,-0.08124999997460937
0.6000000000000001,1.0,19085.083984375,388.4219055175781,inf,0.0,0.9,0.078125,0.078125,0.0,0.0,0.005580357142857143,0.005580357142857143,0.9999999996875,0.9999999996875,0.33124999989648435,1.843749999423828,0.07812499997558593,-0.07812499997558593
0.7000000000000002,1.0,19542.6328125,393.3441162109375,inf,0.0,0.9,0.078125,0.078125,0.0,0.0,0.005580357142857143,0.005580357142857143,0.9999999996875,0.9999999996875,0.3343749998955078,1.843749999423828,0.07812499997558593,-0.07812499997558593
0.8,1.0,20058.33203125,398.87646484375,inf,0.0,0.9,0.078125,0.078125,0.0,0.0,0.005580357142857143,0.005580357142857143,0.9999999996875,0.9999999996875,0.3281249998974609,1.843749999423828,0.07812499997558593,-0.07812499997558593
0.9000000000000001,1.0,20627.787109375,404.96807861328125,inf,0.0,0.9,0.08125,0.08125,0.0,0.0,0.005803571428571429,0.005803571428571429,0.9999999996875,0.9999999996875,0.3343749998955078,1.837499999425781,0.08124999997460937,-0.08124999997460937
1.0,1.0,21247.00390625,411.5695495605469,inf,0.0,0.9,0.08125,0.08125,0.0,0.0,0.005803571428571429,0.005803571428571429,0.9999999996875,0.9999999996875,0.33124999989648435,1.837499999425781,0.08124999997460937,-0.08124999997460937
