-1.0,-1.0,1995.1876220703125,31.0732364654541,3.2159944866448025,0.0,0.9,0.26078869047619047,0.8244274809160306,0.0,0.9884247608964054,0.136849441348739,0.3316566915039876,0.9999999999627976,0.04873511904580599,0.7313988094965997,0.9351201165893798,0.2666832641819889,0.2663413231758645
-0.9,-1.0,1928.8280029296875,30.12320899963379,2.934421555026454,0.0,0.9,0.29836309523809523,0.8888888888888888,0.0,0.9915164368509269,0.16232577331610754,0.39387032720366055,0.9999999999627976,0.053571428569435586,0.8084077380651634,0.8456018277895299,0.20715547986155483,0.20715547986155483
-0.8,-1.0,1867.4036865234375,29.245235443115234,2.928495675448576,0.0,0.9,0.3515625,0.8846153846153846,0.0,0.9913941479637753,0.20739303160360745,0.3548895656453796,0.9999999999627976,0.04836309523629602,0.789806547589665,0.8177272132064238,0.1365605761594068,0.1357635962980283
-0.7,-1.0,1811.3260498046875,28.446340560913086,2.979343305033575,0.0,0.9,0.39099702380952384,0.8161764705882353,0.0,0.9847281612104625,0.2295966492225474,0.25180610452349583,0.9999999999627976,0.05059523809335584,0.7619047618764173,0.815591921762665,0.1015348181633222,0.09709448728214239
-0.6,-1.0,1761.0748291015625,27.733747482299805,2.5859223656165344,0.0,0.9,0.5026041666666666,0.9117647058823529,0.0,0.9887808525812429,0.31796410961724086,0.3448510195239892,0.9999999999627976,0.06324404761669479,0.8121279761602631,0.7110972765768563,0.08500466402990171,-0.0026595262291930944
-0.5,-1.0,1717.398681640625,27.11465072631836,2.606642152052238,0.0,0.9,0.4869791666666667,0.8820224719101124,0.0,0.9847715735326489,0.3088717065560913,0.2939039138439438,0.9999999999627976,0.06622023809277455,0.7875744047326052,0.7074415707074159,0.046597238030660404,0.021462241783179688
-0.3999999999999999,-1.0,1680.8245849609375,26.595958709716797,2.5999541901946075,0.0,0.9,0.5089285714285714,0.896551724137931,0.0,0.9863636362889118,0.33609996576608325,0.32471708118315035,0.9999999999627976,0.06473214285473466,0.825520833302622,0.6786163560361896,0.06788539819922118,0.01638525601596361
-0.29999999999999993,-1.0,1651.7015380859375,26.183988571166992,2.704136007546261,0.0,0.9,0.48214285714285715,0.7843137254901961,0.0,0.9762931033781398,0.3032757372595001,0.2452988381842137,0.9999999999627976,0.056919642855025314,0.8039434523510438,0.7136933131904292,0.089114652136088,0.06175769300155863
-0.19999999999999996,-1.0,1631.2086181640625,25.884132385253906,2.6615740479949253,0.0,0.9,0.49776785714285715,0.8770053475935828,0.0,0.9829629628901508,0.33363817272199675,0.31549635429505557,0.9999999999627976,0.06956845237836427,0.8284970237787018,0.6777083569679059,0.11408473112601843,0.06652699901027916
-0.09999999999999998,-1.0,1619.296142578125,25.700559616088867,2.6108817623054232,0.0,0.9,0.4992559523809524,0.8848167539267016,0.0,0.9836552748154788,0.34370604026025653,0.2929222304289733,0.9999999999627976,0.07105654761640415,0.8359374999689012,0.6654708315085979,0.11242729657085834,0.07869996657080826
0.0,-1.0,1615.5533447265625,25.635923385620117,2.7203160856963153,0.0,0.9,0.4851190476190476,0.8061224489795918,0.0,0.9725433525308855,0.31771281252680994,0.23883819368511233,0.9999999999627976,0.072916666663954,0.8084077380651634,0.7052613997876737,0.1396501165366852,0.10249632044736348
0.10000000000000009,-1.0,1620.1488037109375,25.691190719604492,2.7030465481750174,0.0,0.9,0.47172619047619047,0.806282722513089,0.0,0.9739436619032433,0.30166757790480453,0.29412658457751295,0.9999999999627976,0.07105654761640415,0.8270089285406619,0.7097245853800063,0.1472086440146771,0.12166654573973101
0.20000000000000018,-1.0,1633.3375244140625,25.86556625366211,2.9242775484123062,0.0,0.9,0.44717261904761907,0.6455696202531646,0.0,0.9434724090885953,0.2771457245348735,0.22591833632206307,0.9999999999627976,0.08816964285386274,0.7968749999703544,0.7618707665149418,0.1782565288429711,0.16122520432534931
0.30000000000000004,-1.0,1654.7633056640625,26.15656089782715,2.9312715943117116,0.0,0.9,0.45126488095238093,0.5,0.0,0.8745762711271473,0.2880313506829477,0.18892946772355804,0.9999999999627976,0.13764880951868866,0.8247767856836021,0.7560999095314455,0.21431787762342397,0.18452860031568974
0.40000000000000013,-1.0,1684.1715087890625,26.56014060974121,3.0514959932515158,0.0,0.9,0.42336309523809523,0.432183908045977,0.0,0.8406451612360873,0.25520617721064454,0.19443012390380812,0.9999999999627976,0.1618303571368367,0.8236607142550721,0.810603399862402,0.2597775587066037,0.2251280802576579
0.5,-1.0,1721.4344482421875,27.071012496948242,3.078651838125046,0.0,0.9,0.4114583333333333,0.43738977072310403,0.0,0.7983565106954262,0.23134618942913765,0.21355851355851357,0.9999999999627976,0.21093749999215264,0.8441220237781205,0.8359954426624001,0.2801960335582413,0.26597779934193905
0.6000000000000001,-1.0,1765.6912841796875,27.68292236328125,3.3249207655896864,0.0,0.9,0.38392857142857145,0.43529411764705883,0.0,0.7971014492272281,0.18594430914799903,0.19181376607606115,0.9999999999627976,0.22135416665843177,0.838169642825961,0.8895811672123595,0.3225844245459605,0.31207887583459376
0.7000000000000002,-1.0,1816.2603759765625,28.38899040222168,3.6781419314502277,0.0,0.9,0.3478422619047619,0.40238450074515647,0.0,0.771249286892684,0.1390643096734141,0.16572169244139673,0.9999999999627976,0.24962797618118945,0.7968749999703544,0.9704532594113858,0.38654609103660653,0.38654609103660653
0.8,-1.0,1873.0133056640625,29.182031631469727,3.6460650107447843,0.0,0.9,0.33556547619047616,0.36585365853658536,0.0,0.7234042552786447,0.1364578485770735,0.19323420776868652,0.9999999999627976,0.28980654760826613,0.8039434523510438,0.9962407669462598,0.40946891859238965,0.40946891859238965
0.9000000000000001,-1.0,1934.9632568359375,30.054792404174805,3.98544874831825,0.0,0.9,0.32626488095238093,0.2865384615384615,0.0,0.5902816123362628,0.13149799668922646,0.15344523146935354,0.9999999999627976,0.38690476189036815,0.8110119047317332,1.046922371352869,0.4440915380080001,0.4440915380080001
1.0,-1.0,2001.9156494140625,31.00020408630371,4.373848212136967,0.0,0.9,0.3165922619047619,0.2612312811980033,0.0,0.5166031572935981,0.12977766793010442,0.15687329969011599,0.9999999999627976,0.4471726190309832,0.7860863094945653,1.1176901489455626,0.4859889964899885,0.4859889964899885
-1.0,-0.9,1928.7332763671875,30.136550903320312,3.2266118563167305,0.0,0.9,0.26004464285714285,0.5561797752808989,0.0,0.960281548468563,0.12718234175058107,0.16909969158200291,0.9999999999627976,0.06622023809277455,0.7146577380686512,0.9446435116205705,0.2916311571250547,0.2916311571250547
-0.9,-0.9,1859.6580810546875,29.15318489074707,2.8971862326623827,0.0,0.9,0.3054315476190476,0.828125,0.0,0.9882163898774389,0.17555594475630676,0.2815261931051405,0.9999999999627976,0.04761904761727608,0.7872023809230952,0.843329616097935,0.2205984884028983,0.2205984884028983
-0.8,-0.9,1795.3489990234375,28.24216651916504,2.787515832303996,0.0,0.9,0.3638392857142857,0.9402985074626866,0.0,0.9953216373686946,0.2254243197265121,0.4605225503663004,0.9999999999627976,0.049851190474335894,0.7883184523516251,0.7912996629890267,0.14668423173832995,0.14322490949475886
-0.7,-0.9,1736.4635009765625,27.411123275756836,2.616388598524997,0.0,0.9,0.45535714285714285,0.8297872340425532,0.0,0.9836065573098629,0.2778766305024686,0.2779817826550349,0.9999999999627976,0.052455357140905684,0.802083333303494,0.7351034290099382,0.07502437430064768,0.028508711237596858
-0.6,-0.9,1683.5040283203125,26.667980194091797,2.4601741005586906,0.0,0.9,0.5342261904761905,0.9325153374233128,0.0,0.9912140574288167,0.33981265336970967,0.35073868589997625,0.9999999999627976,0.06063988095012501,0.837425595206941,0.6508767191548708,0.08443988839985393,-0.04237164028210634
-0.5,-0.9,1637.0697021484375,26.020713806152344,2.5880258021723845,0.0,0.9,0.4888392857142857,0.8211920529801324,0.0,0.9803493449068159,0.29761839422524655,0.2639192817764246,0.9999999999627976,0.05617559523600538,0.7834821428279956,0.7068746903381656,0.07565220540236868,0.018202577492902498
-0.3999999999999999,-0.9,1598.2503662109375,25.47707748413086,2.467814025225661,0.0,0.9,0.5465029761904762,0.8295454545454546,0.0,0.975389663578721,0.3504194369819555,0.2587283950617284,0.9999999999627976,0.06547619047375461,0.8054315475890836,0.6467192564009687,0.08287850862709395,-0.020846717144284634
-0.29999999999999993,-0.9,1567.2635498046875,25.04422950744629,2.3628751607675684,0.0,0.9,0.5900297619047619,0.875,0.0,0.9800362975517207,0.39443745514446693,0.2724335188620903,0.9999999999627976,0.06547619047375461,0.8180803571124227,0.6269215862943982,0.1096903610612821,-0.04170993785994627
-0.19999999999999996,-0.9,1545.0828857421875,24.728357315063477,2.3811443987419243,0.0,0.9,0.6082589285714286,0.8777777777777778,0.0,0.979107312347663,0.41672557564114915,0.2425761287603393,0.9999999999627976,0.06696428571179448,0.8329613094928214,0.609993877589774,0.09368467896478339,-0.04119390529844881
-0.09999999999999998,-0.9,1532.198486328125,24.53425407409668,2.50034355238097,0.0,0.9,0.5710565476190477,0.8481675392670157,0.0,0.9748482219449394,0.37474868619855517,0.3327148215778058,0.9999999999627976,0.07105654761640415,0.7946428571132946,0.6693267254111006,0.13716413129615443,0.00992178174378494
0.0,-0.9,1528.2071533203125,24.46502113342285,2.638011429386694,0.0,0.9,0.5483630952380952,0.8518518518518519,0.0,0.9769357495076658,0.3677002093556668,0.3127533841819556,0.9999999999627976,0.07031249999738422,0.789434523780155,0.6797054285307308,0.11771507793429736,0.03423682360411471
0.10000000000000009,-0.9,1533.238525390625,24.521791458129883,2.5471534242609932,0.0,0.9,0.5550595238095238,0.8053097345132744,0.0,0.963210702260601,0.36473201095857677,0.24075650118203307,0.9999999999627976,0.08407738094925307,0.8084077380651634,0.6740042104327056,0.126439233295741,0.037569171434764986
0.20000000000000018,-0.9,1547.310791015625,24.703664779663086,2.539626223330291,0.0,0.9,0.5587797619047619,0.8269230769230769,0.0,0.9696458683836723,0.3938452911845406,0.3669801522007405,0.9999999999627976,0.07738095237807363,0.8433779761591006,0.6414114462202666,0.08505137178777769,0.040430500478191155
0.30000000000000004,-0.9,1570.1141357421875,25.007780075073242,2.7971571418602537,0.0,0.9,0.49851190476190477,0.7419354838709677,0.0,0.9525222551222164,0.3417544174124596,0.2143169793169793,0.9999999999627976,0.0922619047584724,0.8113839285412432,0.699459118548175,0.11921640090649036,0.11921640090649036
0.40000000000000013,-0.9,1601.5943603515625,25.429513931274414,2.9451899713828325,0.0,0.9,0.4505208333333333,0.5327868852459017,0.0,0.8842247798995108,0.28248438741305476,0.16617445054945054,0.9999999999627976,0.1361607142806488,0.8091517856841833,0.7514716366499585,0.18610733742218666,0.18454650634953335
0.5,-0.9,1641.0643310546875,25.962818145751953,3.040857251057012,0.0,0.9,0.43973214285714285,0.48464912280701755,0.0,0.8439575032640134,0.26626305207197964,0.21020148649637146,0.9999999999627976,0.16964285713654603,0.838913690444981,0.773665749613462,0.22898679986051346,0.21514094760157287
0.6000000000000001,-0.9,1687.6192626953125,26.60062026977539,3.1561592515094556,0.0,0.9,0.3943452380952381,0.43356643356643354,0.0,0.8009828009336005,0.19987554293308235,0.1727701727701728,0.9999999999627976,0.21279761903970248,0.8154761904458528,0.856211509256812,0.3068940302011793,0.2888707265540979
0.7000000000000002,-0.9,1740.75439453125,27.3351993560791,3.4053767554628362,0.0,0.9,0.3560267857142857,0.4400715563506261,0.0,0.8191796648862403,0.14870314370588156,0.17579582931145432,0.9999999999627976,0.2079613095160729,0.8005952380654541,0.9157438918675335,0.3404955336767786,0.3404955336767786
0.8,-0.9,1800.237060546875,28.158567428588867,3.6801855192662325,0.0,0.9,0.3333333333333333,0.3894899536321484,0.0,0.7795758928136397,0.1316741221293509,0.14052277470027358,0.9999999999627976,0.24069940475295018,0.7879464285421152,0.9812734606442652,0.39566548407682645,0.3951507939528347
0.9000000000000001,-0.9,1865.0772705078125,29.062767028808594,3.7398250922214626,0.0,0.9,0.33779761904761907,0.33666666666666667,0.0,0.6646067415356962,0.1354928288056664,0.17689010557389698,0.9999999999627976,0.33482142855897246,0.8270089285406619,1.01604012254669,0.4311057614191959,0.4311057614191959
1.0,-0.9,1934.788330078125,30.04011344909668,4.184399674307366,0.0,0.9,0.30357142857142855,0.2511938872970392,0.0,0.5811965811655343,0.1097397420651015,0.1289862423407437,0.9999999999627976,0.3895089285569379,0.789062499970645,1.1003121201781347,0.46680095184348036,0.46680095184348036
-1.0,-0.8,1867.2020263671875,29.272754669189453,3.057223678871038,0.0,0.9,0.3177083333333333,0.4861111111111111,0.0,0.9394765539291452,0.1691642921876318,0.2865505706414797,0.9999999999627976,0.08035714285415338,0.7704613094951466,0.8795214913936784,0.2661447810888135,0.2661447810888135
-0.9,-0.8,1795.2423095703125,28.256437301635742,2.8973717194781656,0.0,0.9,0.34077380952380953,0.5074626865671642,0.0,0.9441309254546201,0.18724693874728843,0.17809364548494983,0.9999999999627976,0.07477678571150384,0.7462797618769985,0.8537343208331154,0.23065668876394954,0.22034132680787985
-0.8,-0.8,1728.1177978515625,27.312532424926758,2.6148627281373287,0.0,0.9,0.44233630952380953,0.7485029940119761,0.0,0.9719813208157451,0.3001283711854622,0.2637445887445887,0.9999999999627976,0.06212797618816489,0.8284970237787018,0.7299989762290898,0.11706737890430652,0.0929294980314801
-0.7,-0.8,1666.3829345703125,26.449262619018555,2.2791892604830077,0.0,0.9,0.5840773809523809,0.9683544303797469,0.0,0.9955277279968221,0.4093185911497069,0.4128540305010893,0.9999999999627976,0.05877976190257516,0.9017857142521658,0.5972315352732555,0.0749777093217713,-0.05753608834638187
-0.6,-0.8,1610.4915771484375,25.675256729125977,2.4164873445967934,0.0,0.9,0.5465029761904762,0.9285714285714286,0.0,0.9926168990161921,0.36762472366621857,0.5021225053168266,0.9999999999627976,0.04687499999825614,0.837797619016451,0.6477883375963164,0.06255198273067347,-0.04316100831317896
-0.5,-0.8,1561.20947265625,24.99933624267578,2.332611382130395,0.0,0.9,0.5316220238095238,0.7391304347826086,0.0,0.9714058776035419,0.3286899892482483,0.18679267161410018,0.9999999999627976,0.051339285712375775,0.8031994047320239,0.6622913025179729,0.06399468752975492,-0.018719127281119692
-0.3999999999999999,-0.8,1519.7186279296875,24.430150985717773,2.033706790759459,0.0,0.9,0.6558779761904762,0.950920245398773,0.0,0.9913513512441783,0.46740991855646574,0.41256639672587947,0.9999999999627976,0.06063988095012501,0.875744047586468,0.5237309870504543,0.12425650495722981,-0.12228509800683443
-0.29999999999999993,-0.8,1486.68505859375,23.975793838500977,2.273356917622458,0.0,0.9,0.5796130952380952,0.8301886792452831,0.0,0.9761061946038844,0.3791412376139333,0.23703231292517005,0.9999999999627976,0.05915178571208513,0.8002232142559441,0.6294927228409173,0.06162600857789418,-0.02207615818167463
-0.19999999999999996,-0.8,1462.742431640625,23.643314361572266,2.1841042869654173,0.0,0.9,0.6558779761904762,0.9385474860335196,0.0,0.9881081080012857,0.4777570563475192,0.585683388102743,0.9999999999627976,0.06659226190228451,0.8664434523487187,0.5352027931220286,0.08882239158863543,-0.0874125265861578
-0.09999999999999998,-0.8,1448.62158203125,23.438243865966797,2.28189413912469,0.0,0.9,0.6547619047619048,0.9547738693467337,0.0,0.9903017240312175,0.4612634894546868,0.5446903677295835,0.9999999999627976,0.07403273809248391,0.8489583333017501,0.5381841817266872,0.06729012573066621,-0.06729012573066621
0.0,-0.8,1444.3087158203125,23.364166259765625,2.14925520248945,0.0,0.9,0.6793154761904762,0.9512195121951219,0.0,0.9860788861965106,0.4755186960954959,0.4978690990607411,0.9999999999627976,0.09151785713945247,0.874627976157938,0.5113289399950025,0.07117267584378845,-0.07117267584378845
0.10000000000000009,-0.8,1449.6358642578125,23.42242431640625,2.3235460350935466,0.0,0.9,0.6439732142857143,0.8783783783783784,0.0,0.9717868337542542,0.43957145179403034,0.42745922518995544,0.9999999999627976,0.0825892857112132,0.8467261904446903,0.5646704154694562,0.061748220858977194,-0.028619056203251822
0.20000000000000018,-0.8,1464.7177734375,23.611995697021484,2.5069007671931223,0.0,0.9,0.6279761904761905,0.8375,0.0,0.9609999999039001,0.42527293651686193,0.28382042648709316,0.9999999999627976,0.08928571428239265,0.8333333333023314,0.600465081052342,0.10486810805149137,0.000735346562988376
0.30000000000000004,-0.8,1489.3035888671875,23.929601669311523,2.5776297871207263,0.0,0.9,0.5706845238095238,0.8165938864628821,0.0,0.9636048526028071,0.36910550993692215,0.2666891775119473,0.9999999999627976,0.08519345237778299,0.8169642856838928,0.6639645103875573,0.12392780231529342,0.050511982342348244
0.40000000000000013,-0.8,1523.0076904296875,24.36994743347168,2.5221128687526453,0.0,0.9,0.5509672619047619,0.8647686832740213,0.0,0.9685169841782504,0.3854574301566291,0.27018304475611804,0.9999999999627976,0.1045386904723014,0.8563988094919495,0.6304343564567112,0.1320844259362852,0.07943634648922279
0.5,-0.8,1564.77685546875,24.92615509033203,2.8866908822129687,0.0,0.9,0.4523809523809524,0.647887323943662,0.0,0.9150815216769645,0.2602047332282923,0.19429972911430712,0.9999999999627976,0.13206845237603912,0.7983630952083943,0.7576311655829976,0.19031863752802305,0.19031863752802305
0.6000000000000001,-0.8,1613.9136962890625,25.590240478515625,2.992714502952011,0.0,0.9,0.40401785714285715,0.5545243619489559,0.0,0.8801498126791417,0.2170774040819963,0.21813450609746904,0.9999999999627976,0.1603422618987968,0.8154761904458528,0.8054317714174527,0.2500191067906456,0.2500191067906456
0.7000000000000002,-0.8,1669.9620361328125,26.353574752807617,3.118924547898362,0.0,0.9,0.39992559523809523,0.5277777777777778,0.0,0.8419094853786788,0.19897046058120366,0.22955633390091534,0.9999999999627976,0.20089285713538346,0.8452380952066504,0.823746459860193,0.2823535981562934,0.2823535981562934
0.8,-0.8,1732.2889404296875,27.20732879638672,3.3326026178666814,0.0,0.9,0.34523809523809523,0.4542314335060449,0.0,0.8204545454079287,0.14389923159047555,0.1859448824456875,0.9999999999627976,0.21540178570627228,0.8102678571127133,0.9376567760458568,0.3685120869881734,0.3680412197492525
0.9000000000000001,-0.8,1800.0440673828125,28.142810821533203,3.7678527515255156,0.0,0.9,0.3255208333333333,0.40381791483113066,0.0,0.7760617760189706,0.11929726782500909,0.14705089051393228,0.9999999999627976,0.2533482142762891,0.7883184523516251,1.0301541031676502,0.42221406877747536,0.4212525723745473
1.0,-0.8,1872.5828857421875,29.151718139648438,3.7591674749243307,0.0,0.9,0.34151785714285715,0.30558276199804113,0.0,0.5994350282147212,0.1488493875487051,0.1734854356888438,0.9999999999627976,0.3798363095096787,0.8404017856830208,1.0370548903332455,0.43808362846090443,0.43808362846090443
-1.0,-0.7,1811.1192626953125,28.48887062072754,2.9039694370655043,0.0,0.9,0.3489583333333333,0.48760330578512395,0.0,0.9291428570897632,0.2073960497848083,0.21097108619025626,0.9999999999627976,0.09002976190141258,0.7860863094945653,0.8567053118290903,0.26267537404319463,0.2617842072236388
-0.9,-0.7,1736.3212890625,27.440595626831055,2.7022418372210866,0.0,0.9,0.39211309523809523,0.5462962962962963,0.0,0.9400244797466325,0.25507004666378663,0.28055357341071624,0.9999999999627976,0.08035714285415338,0.8284970237787018,0.7925203109551258,0.20612834546446526,0.19704230806694115
-0.8,-0.7,1666.1651611328125,26.46456527709961,2.5034526243094937,0.0,0.9,0.44494047619047616,0.565,0.0,0.9416890079797795,0.29335241156450154,0.22552910052910052,0.9999999999627976,0.07440476190199387,0.8385416666354709,0.7202648369548759,0.15625783910311966,0.12325639531498095
-0.7,-0.7,1601.4542236328125,25.569570541381836,2.4911141762004068,0.0,0.9,0.5238095238095238,0.8923076923076924,0.0,0.9890624999227294,0.36129618695997423,0.3774968217645563,0.9999999999627976,0.04836309523629602,0.8541666666348897,0.6637822878741262,0.07932623813003235,0.02617684921087902
-0.6,-0.7,1542.5986328125,24.76496124267578,2.2733404184891604,0.0,0.9,0.5930059523809523,0.8859060402684564,0.0,0.9844606946083673,0.41172551327539386,0.2709175084175084,0.9999999999627976,0.05543154761698544,0.8798363094910776,0.5778024369753344,0.049116668697713264,-0.03791046833383325
-0.5,-0.7,1490.4410400390625,24.060400009155273,2.174056780270931,0.0,0.9,0.6023065476190477,0.8397435897435898,0.0,0.9766136575325899,0.4113560243104481,0.24073292941687757,0.9999999999627976,0.05803571428355522,0.84933035711126,0.586713896438073,0.07823099188079397,-0.054466620852704324
-0.3999999999999999,-0.7,1445.950439453125,23.46550178527832,2.0418466479641335,0.0,0.9,0.6592261904761905,0.9230769230769231,0.0,0.9868995632110372,0.4665931704375544,0.3913253413253413,0.9999999999627976,0.05803571428355522,0.8802083333005876,0.5149871596067221,0.10710304881746574,-0.10377412907856101
-0.29999999999999993,-0.7,1410.52734375,22.989347457885742,2.0563876409615136,0.0,0.9,0.6618303571428571,0.8834355828220859,0.0,0.9790979096832676,0.4704106365464096,0.37947806579385523,0.9999999999627976,0.06063988095012501,0.8843005952051972,0.505034335245602,0.09748657947272232,-0.08255995334889182
-0.19999999999999996,-0.7,1384.6597900390625,22.639938354492188,2.1182391876921547,0.0,0.9,0.6283482142857143,0.890295358649789,0.0,0.9739739738764791,0.4430538864493156,0.31973340348020657,0.9999999999627976,0.08816964285386274,0.874255952348428,0.5329054454916206,0.061508434680870534,-0.031147896096734375
-0.09999999999999998,-0.7,1369.16845703125,22.423612594604492,1.9590630768498318,0.0,0.9,0.6722470238095238,0.9574468085106383,0.0,0.9863791145304905,0.47527858667851713,0.6903038729677208,0.9999999999627976,0.10491071428181137,0.8850446428242171,0.471978915349733,0.09605543375067598,-0.057348245405900763
0.0,-0.7,1364.343994140625,22.34450340270996,2.098326851185719,0.0,0.9,0.6729910714285714,0.9195046439628483,0.0,0.9704209327678702,0.4751829662027375,0.4604284333479237,0.9999999999627976,0.12016369047172011,0.8571428571109694,0.4928773098877865,0.05970416955970311,-0.0357654202198196
0.10000000000000009,-0.7,1370.0142822265625,22.404186248779297,2.0847541895684216,0.0,0.9,0.6722470238095238,0.9041533546325878,0.0,0.9659477864964873,0.482321208914262,0.44647849310702276,0.9999999999627976,0.11644345237662042,0.8515624999683199,0.5053974476248957,0.06471970234942098,-0.02937913703920416
0.20000000000000018,-0.7,1386.1541748046875,22.601512908935547,2.225726102456949,0.0,0.9,0.6499255952380952,0.9204545454545454,0.0,0.9776833155177808,0.4591812394449353,0.571810729825084,0.9999999999627976,0.09821428571063191,0.8601190475870492,0.5315695526820573,0.023680735501722897,-0.008434247943515006
0.30000000000000004,-0.7,1412.7305908203125,22.932727813720703,2.3799531034161663,0.0,0.9,0.6063988095238095,0.8739495798319328,0.0,0.9716446123845326,0.40670106440280224,0.25325126262626263,0.9999999999627976,0.08854166666337271,0.8366815475879211,0.6046926944584011,0.0928436027991303,0.030993261996115587
0.40000000000000013,-0.7,1448.7725830078125,23.391807556152344,2.389604188134144,0.0,0.9,0.6473214285714286,0.8557046979865772,0.0,0.95464135011027,0.4525247441470204,0.256900116010303,0.9999999999627976,0.11086309523397088,0.8474702380637102,0.57942875158169,0.11076153481035021,0.010765006578990266
0.5,-0.7,1493.185546875,23.970964431762695,2.5670806817968024,0.0,0.9,0.5282738095238095,0.8382838283828383,0.0,0.9613564668011548,0.3408657854854475,0.24604618105398948,0.9999999999627976,0.11272321428152073,0.8690476190152885,0.6661462389742745,0.10889581980908393,0.10511729588972289
0.6000000000000001,-0.7,1545.31884765625,24.66123390197754,2.8410597489469005,0.0,0.9,0.4810267857142857,0.7393617021276596,0.0,0.9297491038760036,0.2926419796011215,0.25349201724201725,0.9999999999627976,0.1398809523757485,0.8772321428245078,0.7066083493272584,0.16765881531140323,0.16765881531140323
0.7000000000000002,-0.7,1604.4063720703125,25.453031539916992,2.975302569934684,0.0,0.9,0.40811011904761907,0.5376984126984127,0.0,0.8535512255906001,0.20193211580838405,0.22771580007877942,0.9999999999627976,0.18749999999302455,0.8962053571095162,0.793220160834584,0.26914868841263284,0.26914868841263284
0.8,-0.7,1669.7322998046875,26.336654663085938,3.247144997903555,0.0,0.9,0.36681547619047616,0.46987951807228917,0.0,0.8190364276839579,0.16093110980736497,0.18801593206532813,0.9999999999627976,0.21614583332529222,0.8571428571109694,0.8977187971564861,0.34061661515735003,0.34061661515735003
0.9000000000000001,-0.7,1740.3548583984375,27.30266761779785,3.383072606614865,0.0,0.9,0.3630952380952381,0.47555555555555556,0.0,0.7932242990190873,0.14887711491242875,0.19920593815945262,0.9999999999627976,0.2511160714192293,0.8671874999677386,0.9409206104098929,0.3760662138054962,0.3760662138054962
1.0,-0.7,1815.6900634765625,28.342166900634766,3.9114231175435736,0.0,0.9,0.31212797619047616,0.3135198135198135,0.0,0.6814494320886182,0.11815183134239918,0.13491704518561548,0.9999999999627976,0.3191964285595537,0.801711309493984,1.0775794356137174,0.45651492369643987,0.45651492369643987
-1.0,-0.6,1761.1905517578125,27.792064666748047,2.911683498557133,0.0,0.9,0.38318452380952384,0.4357976653696498,0.0,0.9125452351681215,0.2488314705880479,0.28243433510648314,0.9999999999627976,0.09561011904406212,0.8028273809225139,0.8249126796333051,0.25698813420285993,0.25656951359521774
-0.9,-0.6,1683.4105224609375,26.71354103088379,2.7068064176734463,0.0,0.9,0.40476190476190477,0.4637096774193548,0.0,0.9168749999426953,0.26414926075874506,0.21853201829616922,0.9999999999627976,0.0922619047584724,0.8162202380648728,0.7920539989022256,0.24001366274418268,0.2235754965581499
-0.8,-0.6,1610.2294921875,25.706878662109375,2.6017751206031097,0.0,0.9,0.43712797619047616,0.502262443438914,0.0,0.927296761339901,0.29301680598705704,0.23499245852187028,0.9999999999627976,0.08221726190170323,0.8195684523504625,0.7466827221647878,0.18634479127148385,0.1676476464983836
-0.7,-0.6,1542.4493408203125,24.781396865844727,2.461370184124234,0.0,0.9,0.5119047619047619,0.7933333333333333,0.0,0.9763719511450936,0.3493662558893651,0.29514540859078675,0.9999999999627976,0.055803571426495405,0.8392857142544909,0.6667907833249004,0.0827595252694291,0.06720009751622107
-0.6,-0.6,1480.5772705078125,23.9471492767334,2.3018027659515763,0.0,0.9,0.5829613095238095,0.9037037037037037,0.0,0.9884032113302048,0.4047504530580154,0.36225790667144053,0.9999999999627976,0.050223214283845866,0.8638392856821488,0.5824560947135715,0.05925089618966769,-0.0037994549429074148
-0.5,-0.6,1425.3931884765625,23.21463966369629,2.170038907810732,0.0,0.9,0.5699404761904762,0.7468354430379747,0.0,0.9653979237919206,0.3739342747211345,0.23353666789713298,0.9999999999627976,0.05877976190257516,0.812872023779283,0.6183587252701618,0.05760891597483061,0.015492645804354215
-0.3999999999999999,-0.6,1377.930419921875,22.594453811645508,2.038055241932061,0.0,0.9,0.6692708333333334,0.9259259259259259,0.0,0.9865016871781214,0.4881641021399297,0.5844927536231884,0.9999999999627976,0.06026785714061504,0.886904761871767,0.49394964658912854,0.09410857149310939,-0.09178661466255392
-0.29999999999999993,-0.6,1339.6282958984375,22.096710205078125,2.073295142709624,0.0,0.9,0.6822916666666666,0.9381443298969072,0.0,0.9859484776363059,0.5093899951859244,0.6482994281922292,0.9999999999627976,0.07217261904493406,0.8943452380619664,0.4826337446772856,0.08687596448707119,-0.08687596448707119
-0.19999999999999996,-0.6,1311.4599609375,21.730424880981445,2.0969536566761215,0.0,0.9,0.6049107142857143,0.8565217391304348,0.0,0.9689265535810803,0.4175157215128926,0.45704698746775235,0.9999999999627976,0.08556547618729296,0.8697916666343084,0.5491909398709865,0.03998806849524113,0.003714552523669363
-0.09999999999999998,-0.6,1294.3857421875,21.502790451049805,1.9545009359304273,0.0,0.9,0.6581101190476191,0.9035087719298246,0.0,0.964091403594767,0.4661072639003052,0.36370274297524774,0.9999999999627976,0.12723214285240952,0.9014136904426557,0.4743969148164519,0.07658519178216282,-0.01978771950800523
0.0,-0.6,1288.9263916015625,21.418550491333008,2.1023858877488286,0.0,0.9,0.5799851190476191,0.9013157894736842,0.0,0.9734278121369859,0.3815712051228878,0.4071560846560846,0.9999999999627976,0.11309523809103068,0.8407738094925308,0.5849144618676761,0.07520199936927016,0.06033265313575488
0.10000000000000009,-0.6,1295.0360107421875,21.479537963867188,2.0406736895815496,0.0,0.9,0.6525297619047619,0.9183673469387755,0.0,0.9700214131723747,0.4646213402754921,0.48648926899251904,0.9999999999627976,0.12760416666191948,0.8820684523481374,0.5044405572621171,0.03992788818080674,0.0019610373029741394
0.20000000000000018,-0.6,1312.588134765625,21.68446159362793,2.1315232209136052,0.0,0.9,0.6164434523809523,0.8819875776397516,0.0,0.9631425799259803,0.4211412592986569,0.32032048112924355,0.9999999999627976,0.11979166666221014,0.8459821428256703,0.5592999224591698,0.053491576829973755,0.03441611280678058
0.30000000000000004,-0.6,1341.323486328125,22.029067993164062,2.0096889771567943,0.0,0.9,0.7034970238095238,0.9484240687679083,0.0,0.9774153072801236,0.5174680168178909,0.5575068718422276,0.9999999999627976,0.12983630951897931,0.9043898809187355,0.45100415197918226,0.07101508634112746,-0.03695023464197608
0.40000000000000013,-0.6,1379.9498291015625,22.506532669067383,2.288508296240682,0.0,0.9,0.6220238095238095,0.9110320284697508,0.0,0.9753937006913983,0.4220281292331182,0.43903053421517063,0.9999999999627976,0.1045386904723014,0.8820684523481374,0.5668892270058277,0.04268337719419637,0.02730965543536247
0.5,-0.6,1427.4339599609375,23.10811424255371,2.481302789048162,0.0,0.9,0.6186755952380952,0.89,0.0,0.9678048779543604,0.4127630269985366,0.29965260773009134,0.9999999999627976,0.11160714285299081,0.9077380952043252,0.5903502203657329,0.1012444559554462,0.030486305184045007
0.6000000000000001,-0.6,1482.71240234375,23.82381820678711,2.573866849402257,0.0,0.9,0.5238095238095238,0.8371335504885994,0.0,0.9609374999249267,0.31417513839831557,0.2707731255951578,0.9999999999627976,0.1142113095195606,0.9051339285377555,0.6523335400802592,0.11877892098395322,0.11245382167356537
0.7000000000000002,-0.6,1544.9949951171875,24.64307975769043,2.7205871477518935,0.0,0.9,0.46763392857142855,0.7592137592137592,0.0,0.9315164220173643,0.2616761921657296,0.36410723090091623,0.9999999999627976,0.15141369047055753,0.9293154761559035,0.6913087686096288,0.19734349497620002,0.19734349497620002
0.8,-0.6,1613.3441162109375,25.555330276489258,2.8983606769036077,0.0,0.9,0.40773809523809523,0.6072144288577155,0.0,0.876884422055472,0.19549129022387704,0.24668591212708857,0.9999999999627976,0.1856398809454747,0.874627976157938,0.8019899029186558,0.2814788422028643,0.2814788422028643
0.9000000000000001,-0.6,1686.7562255859375,26.550405502319336,3.3785729100756634,0.0,0.9,0.36607142857142855,0.4752475247524752,0.0,0.8133802816424073,0.15670513494647104,0.15497352817517912,0.9999999999627976,0.22544642856304145,0.8407738094925308,0.9276531533111061,0.35869698601471156,0.3583702742719984
1.0,-0.6,1764.7738037109375,27.618818283081055,3.7080826784583354,0.0,0.9,0.33630952380952384,0.4206241519674355,0.0,0.7606502241726093,0.1366107525261276,0.1614141917450741,0.9999999999627976,0.27418154760884744,0.8251488094931121,1.0213372239701457,0.4322471994377364,0.4322471994377364
-1.0,-0.5,1717.9522705078125,27.1894588470459,2.8892720499955553,0.0,0.9,0.3828125,0.5678160919540229,0.0,0.8866787220683134,0.24803676943235964,0.2935504409351428,0.9999999999627976,0.1618303571368367,0.802455357113004,0.8419034891081942,0.28433708225701554,0.2842998378385543
-0.9,-0.5,1637.4268798828125,26.08318519592285,2.567369945975525,0.0,0.9,0.43117559523809523,0.6683544303797468,0.0,0.9143230869251586,0.3057384960761177,0.3494453499716658,0.9999999999627976,0.1469494047564379,0.8560267856824395,0.7559890569377012,0.22815300864039623,0.2155541261118306
-0.8,-0.5,1561.29443359375,25.048215866088867,2.3961652744098814,0.0,0.9,0.48995535714285715,0.6894409937888198,0.0,0.9270605396843865,0.35725217403152193,0.4629258173111247,0.9999999999627976,0.11979166666221014,0.897693452347556,0.6681312207417917,0.17076468803720346,0.1441598815286479
-0.7,-0.5,1490.25390625,24.094362258911133,2.297163727944804,0.0,0.9,0.5386904761904762,0.6695278969957081,0.0,0.9379032257308142,0.39670475697569835,0.33868419162536806,0.9999999999627976,0.08668154761582286,0.8668154761582286,0.6401996227201061,0.11098501323231887,0.07948697623940244
-0.6,-0.5,1425.1934814453125,23.23230743408203,2.046754231858986,0.0,0.9,0.6220238095238095,0.8926829268292683,0.0,0.9783464565966195,0.46191369855292863,0.31175268725876015,0.9999999999627976,0.07626488094954371,0.886532738062257,0.5354501319151809,0.06720902485945318,-0.001608801681129251
-0.5,-0.5,1366.88037109375,22.473373413085938,2.0076966067604283,0.0,0.9,0.6473214285714286,0.7989949748743719,0.0,0.9578059070719614,0.4635919290748566,0.27435321463897944,0.9999999999627976,0.07403273809248391,0.8697916666343084,0.5226328450916367,0.0566857434854054,-0.02642825204425653
-0.3999999999999999,-0.5,1316.256103515625,21.829090118408203,1.884901980328644,0.0,0.9,0.7358630952380952,0.9022988505747126,0.0,0.9760563378906963,0.5854184942413174,0.5117757282974674,0.9999999999627976,0.06473214285473466,0.911086309489915,0.4253712122059134,0.11799144712718596,-0.11282218062872151
-0.29999999999999993,-0.5,1274.782958984375,21.310619354248047,1.8870161301097874,0.0,0.9,0.6956845238095238,0.889795918367347,0.0,0.9669926649184606,0.5296547389986466,0.4350521556955885,0.9999999999627976,0.0911458333299425,0.8761160713959779,0.4808358550534028,0.08031604717433058,-0.06388955140310629
-0.19999999999999996,-0.5,1244.053955078125,20.928001403808594,2.0247601790130365,0.0,0.9,0.6811755952380952,0.9222972972972973,0.0,0.9731621935853954,0.5186706602106947,0.5674240965683015,0.9999999999627976,0.11011904761495094,0.8947172618714764,0.4674954372686902,0.03914211666658601,-0.035373414025005184
-0.09999999999999998,-0.5,1225.0980224609375,20.689332962036133,1.977165311124874,0.0,0.9,0.6428571428571429,0.86084142394822,0.0,0.9552083332338325,0.46673780230893624,0.39054997057714447,0.9999999999627976,0.11495535713858053,0.8783482142530377,0.5116242214659819,0.03966336993352687,0.0017875292746405208
0.0,-0.5,1218.9649658203125,20.59999656677246,1.9309361516867745,0.0,0.9,0.6421130952380952,0.8593350383631714,0.0,0.9428274427294359,0.44906304474609005,0.45528851145221055,0.9999999999627976,0.14546130951839803,0.8798363094910776,0.5109266010345476,0.06387605659890282,0.029707167083253147
0.10000000000000009,-0.5,1225.6583251953125,20.662080764770508,2.1661380463637387,0.0,0.9,0.5755208333333334,0.9326241134751773,0.0,0.983347940316972,0.3837508614312702,0.6199485251904607,0.9999999999627976,0.10491071428181137,0.8824404761576473,0.5690273629938402,0.06808511379125448,0.0649344253670058
0.20000000000000018,-0.5,1245.005859375,20.87416648864746,2.086879835950188,0.0,0.9,0.5911458333333334,0.9090909090909091,0.0,0.9727024566903819,0.3957626939558163,0.44759752789056056,0.9999999999627976,0.12276785713828989,0.8683035713962686,0.5558550995122494,0.06276895216229672,0.058251140179836285
0.30000000000000004,-0.5,1276.2137451171875,21.231473922729492,2.099463227927238,0.0,0.9,0.6287202380952381,0.9028132992327366,0.0,0.9619238475990056,0.4219657293184803,0.3383218782710247,0.9999999999627976,0.14546130951839803,0.8790922618720576,0.5359284546218416,0.07225565646493529,0.04667701198079609
0.40000000000000013,-0.5,1317.7772216796875,21.726369857788086,2.116189843770468,0.0,0.9,0.6261160714285714,0.8263305322128851,0.0,0.9383084576180788,0.4292252030554523,0.35179921527747615,0.9999999999627976,0.13281249999505906,0.8917410713953966,0.5511874379553444,0.06138595638243606,0.03555148483611221
0.5,-0.5,1368.48974609375,22.34911346435547,2.297062224073309,0.0,0.9,0.6127232142857143,0.875,0.0,0.9625360229622923,0.40861825133505025,0.34983107915164396,0.9999999999627976,0.11607142856711045,0.8936011904429464,0.5752485725209588,0.049928611705690816,0.04326627750041925
0.6000000000000001,-0.5,1427.0286865234375,23.08869743347168,2.3220614167965983,0.0,0.9,0.6227678571428571,0.918918918918919,0.0,0.9733727809690954,0.3975919349298739,0.36795293115395705,0.9999999999627976,0.1238839285668198,0.9281994047273736,0.5727513991897215,0.0911285253558568,0.03322596195005039
0.7000000000000002,-0.5,1492.47216796875,23.933584213256836,2.5434764903680973,0.0,0.9,0.5026041666666666,0.8494318181818182,0.0,0.9603590126432042,0.2786347494561915,0.29423008498618086,0.9999999999627976,0.13095238094750922,0.8969494047285361,0.6660014938909429,0.14276723924835116,0.14276723924835116
0.8,-0.5,1563.7755126953125,24.872364044189453,2.821794117158105,0.0,0.9,0.42857142857142855,0.8096446700507615,0.0,0.9511718749380746,0.19617611599833273,0.2795229723128802,0.9999999999627976,0.14657738094692793,0.8794642856815676,0.7441967977168317,0.2469977593327373,0.2469977593327373
0.9000000000000001,-0.5,1640.0023193359375,25.89418601989746,3.1060958004974695,0.0,0.9,0.37313988095238093,0.592741935483871,0.0,0.8801186943097852,0.15870188264135512,0.17614646936173026,0.9999999999627976,0.1845238095169448,0.8329613094928214,0.8928539979265558,0.3363230937565284,0.3363230937565284
1.0,-0.5,1720.6143798828125,26.989046096801758,3.382398909508155,0.0,0.9,0.35825892857142855,0.5407066052227343,0.0,0.8266666666187439,0.15075334530697668,0.19786624824779991,0.9999999999627976,0.24218749999099007,0.8511904761588099,0.9583392794172678,0.40964120773735535,0.40964120773735535
-1.0,-0.3999999999999999,1681.80029296875,26.687833786010742,2.9465695180445577,0.0,0.9,0.3861607142857143,0.5748175182481752,0.0,0.858787878735831,0.24220238034073907,0.2730643366023171,0.9999999999627976,0.2038690476114632,0.7875744047326052,0.8611224147226727,0.2959709666313128,0.29282149923319334
-0.9,-0.3999999999999999,1598.9532470703125,25.557157516479492,2.4575292693390023,0.0,0.9,0.4609375,0.6945525291828794,0.0,0.8916494133270083,0.33578452793308533,0.38877118596564036,0.9999999999627976,0.19122023808812424,0.8642113094916588,0.7359549710708048,0.2330224512152489,0.20803779025533714
-0.8,-0.3999999999999999,1520.1593017578125,24.497129440307617,2.4690674342677594,0.0,0.9,0.45163690476190477,0.7528089887640449,0.0,0.9253731342655784,0.31523869205462784,0.33472239639637436,0.9999999999627976,0.16555059523193638,0.8470982142542003,0.7161719955911139,0.18741862833169626,0.1856628409659153
-0.7,-0.3999999999999999,1446.236572265625,23.517967224121094,2.199862341524935,0.0,0.9,0.5695684523809523,0.9516129032258065,0.0,0.9844425236832807,0.4304299659597908,0.5211731412400309,0.9999999999627976,0.1383928571377086,0.8936011904429464,0.5843715989355959,0.08437148327351873,0.06388740661255189
-0.6,-0.3999999999999999,1377.94482421875,22.630929946899414,2.0653801738291513,0.0,0.9,0.6067708333333334,0.916923076923077,0.0,0.9744560074763996,0.45019521172237986,0.45453250352019164,0.9999999999627976,0.12090773809074004,0.8898809523478467,0.5394612943594564,0.050956934039466766,0.024113841878252676
-0.5,-0.3999999999999999,1316.1693115234375,21.84806251525879,1.9333115713318776,0.0,0.9,0.7109375,0.9395017793594306,0.0,0.9781209779950939,0.5424992351020473,0.5120513530182447,0.9999999999627976,0.1045386904723014,0.9270833332988436,0.42636856000812373,0.07148957028541857,-0.07148957028541857
-0.3999999999999999,-0.3999999999999999,1262.1884765625,21.181785583496094,1.8207226096807978,0.0,0.9,0.7347470238095238,0.900990099009901,0.0,0.9719495089800912,0.5864527827276996,0.6054033231226214,0.9999999999627976,0.07514880952101381,0.9077380952043252,0.4190363939616032,0.0917749404201007,-0.08677485846777733
-0.29999999999999993,-0.3999999999999999,1217.2943115234375,20.644245147705078,1.7402497460165838,0.0,0.9,0.7738095238095238,0.9024390243902439,0.0,0.9473684208968145,0.6249402723980008,0.48271284271284276,0.9999999999627976,0.12202380951926996,0.923735119013254,0.3764357459772238,0.10383918811160012,-0.09679984557338328
-0.19999999999999996,-0.3999999999999999,1183.5426025390625,20.246475219726562,1.869261582499316,0.0,0.9,0.7730654761904762,0.9307228915662651,0.0,0.9622950818094599,0.63614123153183,0.6400201472723916,0.9999999999627976,0.12351190475730983,0.9222470237752141,0.3762212979515595,0.10133226931699651,-0.10026670783873193
-0.09999999999999998,-0.3999999999999999,1162.520263671875,19.997459411621094,1.6328356596125824,0.0,0.9,0.7619047619047619,0.9517426273458445,0.0,0.9718749998481446,0.6203485968138117,0.6835631710697719,0.9999999999627976,0.1387648809472186,0.9281994047273736,0.36981706522930535,0.07950859432934895,-0.07948389955908133
0.0,-0.3999999999999999,1155.4378662109375,19.90321159362793,1.8669134404940817,0.0,0.9,0.7083333333333334,0.9019607843137255,0.0,0.9489795917156915,0.5534947459924296,0.5078956836260223,0.9999999999627976,0.1517857142800675,0.9058779761567755,0.42360068922844735,0.0473109693344136,-0.02510691522477123
0.10000000000000009,-0.3999999999999999,1163.0167236328125,19.966100692749023,2.1468150209787944,0.0,0.9,0.6004464285714286,0.8054054054054054,0.0,0.9329608937678807,0.42122638017632064,0.3853541760347767,0.9999999999627976,0.13764880951868866,0.8571428571109694,0.5711770283324169,0.07537353198689929,0.07214401387942951
0.20000000000000018,-0.3999999999999999,1184.5291748046875,20.184572219848633,2.0701433399275313,0.0,0.9,0.6432291666666666,0.8696741854636592,0.0,0.9457768507877188,0.45170562975071527,0.35320801728931267,0.9999999999627976,0.14843749999447778,0.9084821428233452,0.49247085955817665,0.0551082709473324,0.04641888154894153
0.30000000000000004,-0.3999999999999999,1218.5677490234375,20.553327560424805,1.9682011188466015,0.0,0.9,0.6584821428571429,0.9371980676328503,0.0,0.9716775598070069,0.4577921189404714,0.40670544465764524,0.9999999999627976,0.15401785713712732,0.9211309523466842,0.48017097692077426,0.04856494922646402,0.02779936139226391
0.40000000000000013,-0.3999999999999999,1263.4300537109375,21.063941955566406,1.9293187839121198,0.0,0.9,0.7008928571428571,0.945823927765237,0.0,0.9701492536106779,0.5067094691996595,0.4988823205348327,0.9999999999627976,0.16480654761291644,0.9542410713930715,0.42536544297517864,0.06498360593003799,-0.011555350110109776
0.5,-0.3999999999999999,1317.4644775390625,21.705724716186523,2.289390981423059,0.0,0.9,0.6116071428571429,0.8176795580110497,0.0,0.9367816091056722,0.39136751401630787,0.2877421047827674,0.9999999999627976,0.1346726190426089,0.8954613094904963,0.5653155827717055,0.06297587487348297,0.05655367658034089
0.6000000000000001,-0.3999999999999999,1379.3001708984375,22.466678619384766,2.2389593837426522,0.0,0.9,0.6086309523809523,0.9194029850746268,0.0,0.9743346006678388,0.3679330270816539,0.44098472922437215,0.9999999999627976,0.12462797618583973,0.9073660713948153,0.5577490057748676,0.04368487463109718,0.04362019412057195
0.7000000000000002,-0.3999999999999999,1447.8792724609375,23.334373474121094,2.3619899381303195,0.0,0.9,0.5736607142857143,0.896551724137931,0.0,0.9659685863031441,0.3229353967064114,0.36955523791081485,0.9999999999627976,0.14025297618525845,0.9006696428236358,0.6157417507228112,0.10555980471965819,0.08142895631719368
0.8,-0.3999999999999999,1521.9010009765625,24.2966251373291,2.8914896862122066,0.0,0.9,0.42857142857142855,0.7290748898678414,0.0,0.9199218749401092,0.20005497304703188,0.1934440787699579,0.9999999999627976,0.1688988095175261,0.8404017856830208,0.7689912598509281,0.2488739780591983,0.2488739780591983
0.9000000000000001,-0.3999999999999999,1600.6328125,25.34197425842285,3.0438816418154095,0.0,0.9,0.36160714285714285,0.7231121281464531,0.0,0.9294871794330135,0.1513357396761818,0.21376398123272178,0.9999999999627976,0.1625744047558566,0.8526785713968498,0.8594420351967226,0.3316782758068723,0.3316782758068723
1.0,-0.3999999999999999,1683.5814208984375,26.45995330810547,3.387420055861774,0.0,0.9,0.3638392857142857,0.6772151898734177,0.0,0.8807017543344619,0.1539137535746972,0.18459570171012954,0.9999999999627976,0.23511904761030064,0.85044642853979,0.9167152847930661,0.38836951652370955,0.38836951652370955
-1.0,-0.29999999999999993,1653.0147705078125,26.29335594177246,2.8866812461287528,0.0,0.9,0.4270833333333333,0.6407914764079148,0.0,0.8467532466982627,0.29225095241958965,0.3415874346021405,0.9999999999627976,0.24441964284804987,0.8266369047311519,0.8181484588855042,0.28459504458253443,0.27424067040226635
-0.9,-0.29999999999999993,1568.226318359375,25.142459869384766,2.578742228339951,0.0,0.9,0.44754464285714285,0.6844660194174758,0.0,0.8686868686283712,0.31279173109027536,0.2999033048321147,0.9999999999627976,0.22991071427716106,0.8534226190158697,0.7583889607206077,0.23448519140294305,0.22879791492567286
-0.8,-0.29999999999999993,1487.3226318359375,24.06153678894043,2.413155975726951,0.0,0.9,0.4955357142857143,0.7917414721723519,0.0,0.914454277218698,0.36247193122734733,0.30419425162614916,0.9999999999627976,0.20721726189705295,0.8824404761576473,0.6711202681600874,0.1701051400269786,0.1627029760580992
-0.7,-0.29999999999999993,1410.9718017578125,23.06113624572754,2.321828532935066,0.0,0.9,0.5517113095238095,0.8879120879120879,0.0,0.9576763484682426,0.3983677092633495,0.3704292572077411,0.9999999999627976,0.16927083332703607,0.8645833333011689,0.6263432484875231,0.11209869274460303,0.09610555567017458
-0.6,-0.29999999999999993,1339.8775634765625,22.15297508239746,2.059879505271139,0.0,0.9,0.6279761904761905,0.892933618843683,0.0,0.9499999999050001,0.48298264822395137,0.40268604517830525,0.9999999999627976,0.17373511904115568,0.8973214285380461,0.5161046021952335,0.05528416142504747,0.018996272238937868
-0.5,-0.29999999999999993,1274.93212890625,21.349721908569336,2.092027135534174,0.0,0.9,0.6302083333333334,0.847769028871391,0.0,0.9416498993016449,0.4610755401396802,0.40255795006996103,0.9999999999627976,0.14174107142329834,0.8619791666345991,0.5311408458709137,0.033259802701928014,0.0027364631425383125
-0.3999999999999999,-0.29999999999999993,1217.4505615234375,20.6645565032959,1.7783950908075459,0.0,0.9,0.7667410714285714,0.8961625282167043,0.0,0.9266347685922434,0.6421928664873734,0.5522790873337351,0.9999999999627976,0.16480654761291644,0.9255952380608038,0.3755114007807809,0.09234572638940736,-0.08237454650364551
-0.29999999999999993,-0.29999999999999993,1169.0391845703125,20.110498428344727,1.828903399665596,0.0,0.9,0.7433035714285714,0.9678217821782178,0.0,0.9811594201476581,0.5914665072463082,0.6723479525589501,0.9999999999627976,0.15029761904202762,0.9281994047273736,0.38692655483710964,0.07118459296133,-0.07110655753411747
-0.19999999999999996,-0.29999999999999993,1131.923828125,19.69947624206543,1.700332779468972,0.0,0.9,0.7667410714285714,0.8815165876777251,0.0,0.9202551832663071,0.6259182257949631,0.5573909216476995,0.9999999999627976,0.15699404761320707,0.9181547618706044,0.3744528699166223,0.07388577747314738,-0.058187072198445704
-0.09999999999999998,-0.29999999999999993,1108.4093017578125,19.4412841796875,1.7986435421625444,0.0,0.9,0.7626488095238095,0.9161147902869757,0.0,0.94043887132595,0.6118439217307821,0.5924066866206951,0.9999999999627976,0.16852678570801613,0.9136904761564848,0.37446375870740445,0.05098684278909375,-0.044406365820514396
0.0,-0.29999999999999993,1100.285888671875,19.342519760131836,1.8493434416358194,0.0,0.9,0.7142857142857143,0.9502617801047121,0.0,0.9752604165396797,0.5600416864479978,0.7083957491905077,0.9999999999627976,0.1421130952328083,0.9017857142521658,0.42756730156903844,0.030059927670096222,-0.015971807194240416
0.10000000000000009,-0.29999999999999993,1108.7451171875,19.405813217163086,1.682638272184703,0.0,0.9,0.7466517857142857,0.9012345679012346,0.0,0.9295154183657099,0.5923028575809783,0.5520123307049326,0.9999999999627976,0.1808035714218451,0.9174107142515845,0.3915834556163295,0.035339545005381875,-0.02045106176792713
0.20000000000000018,-0.29999999999999993,1132.7635498046875,19.62949562072754,1.910585943850121,0.0,0.9,0.7068452380952381,0.886021505376344,0.0,0.9327411166329009,0.5331121178992005,0.4273155649931082,0.9999999999627976,0.17299107142213577,0.9125744047279549,0.4298196082954304,0.028824531692586586,0.004051188525193555
0.30000000000000004,-0.29999999999999993,1169.96728515625,20.0078067779541,1.895897538632455,0.0,0.9,0.6700148809523809,0.9130434782608695,0.0,0.9639233369826468,0.4960163721951686,0.5245488998257061,0.9999999999627976,0.13690476189966874,0.9304315475844334,0.4551908309171122,0.031664864073272306,0.010330382082522445
0.40000000000000013,-0.29999999999999993,1218.2203369140625,20.531591415405273,1.7589763843572244,0.0,0.9,0.6990327380952381,0.9800884955752213,0.0,0.9888751543895087,0.5077791232982671,0.7337111811123839,0.9999999999627976,0.16815476189850614,0.935639880917573,0.3988805697125065,0.07413549900943142,-0.011483190567175897
0.5,-0.29999999999999993,1275.64013671875,21.189311981201172,1.9170062027996455,0.0,0.9,0.7079613095238095,0.9358407079646017,0.0,0.9630573247180819,0.5084932233437864,0.4485316895860229,0.9999999999627976,0.16815476189850614,0.9445684523458122,0.4138823192542284,0.05706523163350815,-0.021880513963097727
0.6000000000000001,-0.29999999999999993,1340.6192626953125,21.968109130859375,2.170854137565282,0.0,0.9,0.6238839285714286,0.8649350649350649,0.0,0.9485657763651271,0.3864125402538007,0.3181009551757568,0.9999999999627976,0.1432291666613382,0.9140624999659948,0.5205156780347548,0.07927042851573002,0.040109948754398966
0.7000000000000002,-0.29999999999999993,1411.80419921875,22.854759216308594,2.558311899088486,0.0,0.9,0.5171130952380952,0.787292817679558,0.0,0.9406779660292235,0.27073695040160134,0.2230097036704046,0.9999999999627976,0.1346726190426089,0.8236607142550721,0.6855099759010399,0.13108295189466174,0.13100644990736465
0.8,-0.29999999999999993,1488.3033447265625,23.836427688598633,2.5450460850200782,0.0,0.9,0.5223214285714286,0.8926315789473684,0.0,0.9602803737569875,0.28484230744525807,0.34738238060418253,0.9999999999627976,0.17671130951723546,0.9014136904426557,0.6394864024404113,0.14870419802678483,0.14756188348401916
0.9000000000000001,-0.29999999999999993,1569.2811279296875,24.901140213012695,2.8889578767520088,0.0,0.9,0.4025297619047619,0.8207171314741036,0.0,0.9439601493808244,0.18307602304673493,0.2551885360574385,0.9999999999627976,0.18675595237400464,0.8612351190155791,0.7705260770221,0.28846752994152086,0.28846752994152086
1.0,-0.29999999999999993,1654.0782470703125,26.03806495666504,3.338002049354942,0.0,0.9,0.35453869047619047,0.6984126984126984,0.0,0.8904899134933435,0.15836601133784056,0.17374758319901998,0.9999999999627976,0.2343749999912807,0.8526785713968498,0.911340194829848,0.3999008409148049,0.3999008409148049
-1.0,-0.19999999999999996,1632.0631103515625,26.0112247467041,2.969236906111875,0.0,0.9,0.41294642857142855,0.6425269645608629,0.0,0.8529784536848556,0.27791640707003423,0.31815353497623616,0.9999999999627976,0.24144345237197012,0.8072916666366335,0.8319427451526399,0.28137709847049297,0.27955996343084577
-0.9,-0.19999999999999996,1545.7958984375,24.845054626464844,2.652460001125095,0.0,0.9,0.42485119047619047,0.706081081081081,0.0,0.8874514876528168,0.29612352957766186,0.2745467037803039,0.9999999999627976,0.22023809522990187,0.8296130952072317,0.7849986107691355,0.25029675144314667,0.24965964834708881
-0.8,-0.19999999999999996,1463.1748046875,23.748260498046875,2.444981364832041,0.0,0.9,0.5100446428571429,0.8809073724007561,0.0,0.9521640090393193,0.39279178011880655,0.6312729065689521,0.9999999999627976,0.1968005952307738,0.9036458332997156,0.6479880648421236,0.151762144473387,0.14983824986127006
-0.7,-0.19999999999999996,1384.8819580078125,22.731624603271484,2.2367611360654056,0.0,0.9,0.5825892857142857,0.9133858267716536,0.0,0.9607843136398587,0.44493025262620917,0.45151189839705225,0.9999999999627976,0.18898809523106444,0.8947172618714764,0.5797860063636181,0.09727436111980516,0.07114006649890242
-0.6,-0.19999999999999996,1311.801513671875,21.807207107543945,1.836103139774473,0.0,0.9,0.6986607142857143,0.9490566037735849,0.0,0.9666666665473251,0.5812302934824525,0.4761202244178193,0.9999999999627976,0.19717261904028377,0.9501488094884618,0.4100689372559411,0.059132465148628965,-0.030755647398797967
-0.5,-0.19999999999999996,1244.4390869140625,20.988140106201172,2.229482080623578,0.0,0.9,0.6290922619047619,0.8122171945701357,0.0,0.9167502506603059,0.4676197797431294,0.4164936182518935,0.9999999999627976,0.16443452380340645,0.8456101190161603,0.5472764803866679,0.04735003480444166,0.02004657444275827
-0.3999999999999999,-0.19999999999999996,1183.8699951171875,20.288198471069336,1.8267874858708029,0.0,0.9,0.7395833333333334,0.8787234042553191,0.0,0.9185714284402041,0.6059298597453225,0.400985383792111,0.9999999999627976,0.1748511904696856,0.8936011904429464,0.40775841579414834,0.06138339511231974,-0.04194549913137603
-0.29999999999999993,-0.19999999999999996,1132.2220458984375,19.721088409423828,1.7941852225999841,0.0,0.9,0.7994791666666666,0.957169459962756,0.0,0.9573283857222026,0.6714073405696867,0.6540935594369083,0.9999999999627976,0.19977678570685356,0.9348958332985531,0.31649830792592726,0.0913737975777097,-0.08622625453981007
-0.19999999999999996,-0.19999999999999996,1091.5699462890625,19.299461364746094,1.5928102537673254,0.0,0.9,0.8151041666666666,0.9239482200647249,0.0,0.905432595391261,0.6891496205111496,0.6332549615094968,0.9999999999627976,0.22991071427716106,0.9319196428224733,0.3021972372175161,0.07307664672826639,-0.07061989141994414
-0.09999999999999998,-0.19999999999999996,1064.82177734375,19.033769607543945,1.900535302235159,0.0,0.9,0.7276785714285714,0.8869047619047619,0.0,0.9221311474150095,0.5783409425625075,0.7029142113810913,0.9999999999627976,0.18749999999302455,0.9002976190141259,0.4077779223567615,0.030440166839348172,-0.01241358248389927
0.0,-0.19999999999999996,1055.5418701171875,18.931095123291016,1.9078236162651196,0.0,0.9,0.7127976190476191,0.8993576017130621,0.0,0.9391191708628085,0.5498584702331061,0.7017447796507331,0.9999999999627976,0.17373511904115568,0.9017857142521658,0.43006382063019766,0.016286284022362946,0.0061859004330875236
0.10000000000000009,-0.19999999999999996,1065.0904541015625,18.994295120239258,1.8690279649329915,0.0,0.9,0.7585565476190477,0.9371069182389937,0.0,0.9537750383738406,0.6125884512022183,0.8403191373733555,0.9999999999627976,0.1774553571362554,0.9363839285365929,0.3611780580304284,0.03665583744776663,-0.03638049974772885
0.20000000000000018,-0.19999999999999996,1091.8629150390625,19.221614837646484,1.6318423624013474,0.0,0.9,0.8139880952380952,0.9845261121856866,0.0,0.9839999998032,0.6963781141068153,0.8649447044183888,0.9999999999627976,0.19233630951665417,0.9620535713927808,0.28252923931283347,0.07396856919153978,-0.0717202468417068
0.30000000000000004,-0.19999999999999996,1132.5174560546875,19.60692024230957,1.6433768673210927,0.0,0.9,0.7738095238095238,0.9409368635437881,0.0,0.9523026314223187,0.6263541018942205,0.6251093465328753,0.9999999999627976,0.18266369046939496,0.9408482142507125,0.3469636289901632,0.05393930083920658,-0.052894689232917104
0.40000000000000013,-0.19999999999999996,1184.04833984375,20.140483856201172,2.000077310977134,0.0,0.9,0.6994047619047619,0.9096509240246407,0.0,0.9455445543384228,0.5017327683855393,0.4381420584428103,0.9999999999627976,0.1811755952313551,0.9129464285374649,0.43143595914252375,0.04585393044537845,0.0031122750997480504
0.5,-0.19999999999999996,1244.390380859375,20.810089111328125,1.6287406544847525,0.0,0.9,0.7924107142857143,0.9248554913294798,0.0,0.9301075267150346,0.6225146047137211,0.4094090386143407,0.9999999999627976,0.1930803571356741,0.9568452380596413,0.3303365919275218,0.08070229418095201,-0.07250880916761501
0.6000000000000001,-0.19999999999999996,1311.8428955078125,21.602188110351562,1.9225126629422944,0.0,0.9,0.7202380952380952,0.9423503325942351,0.0,0.9654255317865126,0.48846774830405987,0.44436437664797646,0.9999999999627976,0.1677827380889962,0.9326636904414932,0.415294766404277,0.04377787568479302,-0.03505753159980724
0.7000000000000002,-0.19999999999999996,1385.2484130859375,22.502946853637695,2.3640390351184783,0.0,0.9,0.5974702380952381,0.8755186721991701,0.0,0.9445471348480086,0.3502140752999401,0.28076192997500504,0.9999999999627976,0.17931547618380525,0.8802083333005876,0.5600919720149949,0.0668586510942214,0.0668586510942214
0.8,-0.19999999999999996,1463.756591796875,23.4990291595459,2.6030050482535394,0.0,0.9,0.5018601190476191,0.8416289592760181,0.0,0.947722180661111,0.2532709984707174,0.3045862276060746,0.9999999999627976,0.16443452380340645,0.8612351190155791,0.6830252695564586,0.14374557896913848,0.14367327300018137
0.9000000000000001,-0.19999999999999996,1546.420166015625,24.578083038330078,2.7188829203992677,0.0,0.9,0.41443452380952384,0.8736462093862816,0.0,0.9555273188719486,0.19635984335405615,0.4137195930983311,0.9999999999627976,0.20610119046852304,0.8924851190144165,0.712515226121982,0.2670713488534134,0.26685725620715073
1.0,-0.19999999999999996,1632.670654296875,25.728986740112305,2.9956062052565056,0.0,0.9,0.3679315476190476,0.8041733547351525,0.0,0.9281930546834495,0.1737614491563305,0.2598850345560872,0.9999999999627976,0.2317708333247109,0.8805803571100975,0.8398376939701107,0.36190465425778817,0.36190465425778817
-1.0,-0.09999999999999998,1619.3658447265625,25.845369338989258,2.712791870674477,0.0,0.9,0.4646577380952381,0.7391304347826086,0.0,0.8790826962557968,0.35182234116697086,0.37093998500789,0.9999999999627976,0.24813988094314957,0.8675595237772485,0.7591408980233969,0.2555008154275834,0.24712753546384872
-0.9,-0.09999999999999998,1532.1529541015625,24.66948890686035,2.8170896587963727,0.0,0.9,0.44717261904761907,0.7978533094812165,0.0,0.9239569312971765,0.30934904650961825,0.3103905503501191,0.9999999999627976,0.2079613095160729,0.8396577380640009,0.7677801235111191,0.22675000203977022,0.22528650075538995
-0.8,-0.09999999999999998,1448.433349609375,23.56254768371582,2.3866660254283163,0.0,0.9,0.5033482142857143,0.8899803536345776,0.0,0.9580524343851645,0.3774612356931893,0.35290867573374696,0.9999999999627976,0.1893601190405744,0.8883928571098069,0.6662276690036106,0.15709664632037493,0.15571161695767666
-0.7,-0.09999999999999998,1368.8187255859375,22.535457611083984,2.496310086210408,0.0,0.9,0.48660714285714285,0.7875288683602771,0.0,0.9333333332657004,0.3324323988234833,0.26945262013681753,0.9999999999627976,0.16108630951781674,0.8232886904455622,0.7025413322422885,0.13170456629094074,0.13018523806152027
-0.6,-0.09999999999999998,1294.2557373046875,21.600488662719727,1.9650723348106027,0.0,0.9,0.6462053571428571,0.906930693069307,0.0,0.9505783384910013,0.5033453935663745,0.4528281191435195,0.9999999999627976,0.18787202380253454,0.9162946428230546,0.4765217497296598,0.04953266171828139,0.003920067974669017
-0.5,-0.09999999999999998,1225.3338623046875,20.77106285095215,2.0409189357302107,0.0,0.9,0.6692708333333334,0.8122605363984674,0.0,0.8897637794274732,0.5229214093728998,0.380142348550666,0.9999999999627976,0.19419642856420402,0.8790922618720576,0.49169774499743435,0.06093824626306098,-0.005845956778293509
-0.3999999999999999,-0.09999999999999998,1163.0487060546875,20.06133270263672,1.7372389252489475,0.0,0.9,0.7927827380952381,0.9003623188405797,0.0,0.9012567323337062,0.6753793597635018,0.490472329139711,0.9999999999627976,0.2053571428495031,0.9311755952034534,0.339615817390835,0.09344948295417427,-0.0774016296826869
-0.29999999999999993,-0.09999999999999998,1109.0390625,19.485441207885742,2.017821721540543,0.0,0.9,0.6949404761904762,0.8604166666666667,0.0,0.9182926828148424,0.5512836885204142,0.5513016190602916,0.9999999999627976,0.1785714285647853,0.8768601190149978,0.44988715238044447,0.04298384497523593,0.005358372573172396
-0.19999999999999996,-0.09999999999999998,1065.3062744140625,19.056522369384766,1.8785064388575854,0.0,0.9,0.7232142857142857,0.8409475465313029,0.0,0.8736559138610678,0.5698464434515218,0.569727229999373,0.9999999999627976,0.2198660714203919,0.8809523809196075,0.42250298954862464,0.05114787220728231,0.008329313378161576
-0.09999999999999998,-0.09999999999999998,1035.330810546875,18.785465240478516,1.8798826746232171,0.0,0.9,0.7447916666666666,0.8607038123167156,0.0,0.8615160348598374,0.5994214646880414,0.6622344340365687,0.9999999999627976,0.25372023808579913,0.9077380952043252,0.39636070640463067,0.04430947573695761,-0.006623079753621173
0.0,-0.09999999999999998,1023.9495849609375,18.6796932220459,1.830269005936268,0.0,0.9,0.7697172619047619,0.9133089133089133,0.0,0.8852988690007595,0.6207783887496416,0.7687573831084741,0.9999999999627976,0.3046874999886649,0.911086309489915,0.3548653782143488,0.022657228016234692,-0.0024493768828570224
0.10000000000000009,-0.09999999999999998,1035.1014404296875,18.74222183227539,1.7564622405783694,0.0,0.9,0.7738095238095238,0.9438700147710487,0.0,0.937499999845806,0.6288335372549383,0.7399042627085056,0.9999999999627976,0.2518601190382493,0.9386160713936528,0.3429538061840874,0.03737417834477578,-0.023120773125647143
0.20000000000000018,-0.09999999999999998,1064.841796875,18.971250534057617,1.6539656068953816,0.0,0.9,0.7927827380952381,0.9497041420118343,0.0,0.9389587071922876,0.6541687197320034,0.8551241128121723,0.9999999999627976,0.2514880952287393,0.9427083332982624,0.3121521005766631,0.038940400592150655,-0.035979928761600985
0.30000000000000004,-0.09999999999999998,1108.3743896484375,19.360422134399414,1.9902807483515044,0.0,0.9,0.6964285714285714,0.8905982905982905,0.0,0.9215686273380431,0.520035616364676,0.5223755675571131,0.9999999999627976,0.21763392856333208,0.899181547585596,0.45611007146454113,0.031645980358443855,0.02464865563981701
0.40000000000000013,-0.09999999999999998,1162.469482421875,19.899635314941406,1.8382162081570639,0.0,0.9,0.7347470238095238,0.9271028037383178,0.0,0.9453015426444178,0.5571330976281408,0.6171573765723948,0.9999999999627976,0.19903273808783362,0.9311755952034534,0.3836554921185483,0.03137647102396218,-0.013638929093783211
0.5,-0.09999999999999998,1224.84521484375,20.57623291015625,1.778542606626381,0.0,0.9,0.7760416666666666,0.96,0.0,0.9667774084772796,0.5806775498583201,0.6607667772924791,0.9999999999627976,0.1860119047549847,0.9423363094887525,0.3205751067237415,0.06067955728505762,-0.049901288110041575
0.6000000000000001,-0.09999999999999998,1294.0174560546875,21.376235961914062,2.319498245359216,0.0,0.9,0.5829613095238095,0.8064516129032258,0.0,0.9197145405067159,0.35756268183955575,0.2164565484035508,0.9999999999627976,0.17299107142213577,0.837797619016451,0.5882746869938217,0.10399386187585372,0.10338524969996134
0.7000000000000002,-0.09999999999999998,1369.0306396484375,22.285425186157227,2.192685584683197,0.0,0.9,0.6644345238095238,0.8849721706864564,0.0,0.9312638579898821,0.4275252332445217,0.2792086358352865,0.9999999999627976,0.2005208333258735,0.9073660713948153,0.47484141927420176,0.06426875495936711,0.021034911070739473
0.8,-0.09999999999999998,1448.662109375,23.290136337280273,2.655996469577121,0.0,0.9,0.5885416666666666,0.8366972477064221,0.0,0.919529837168216,0.3424710467856603,0.22053668211472033,0.9999999999627976,0.2027529761829333,0.8835565475861773,0.6040566249797731,0.11481174973515365,0.07810160852385921
0.9000000000000001,-0.09999999999999998,1532.364013671875,24.377771377563477,2.711774027702919,0.0,0.9,0.45498511904761907,0.7990726429675425,0.0,0.9112627985726099,0.24037762232064522,0.2054525634102862,0.9999999999627976,0.24069940475295018,0.8776041666340177,0.6821152852476449,0.21974291344517966,0.21911008133233795
1.0,-0.09999999999999998,1619.4383544921875,25.53705406188965,2.9454111642190672,0.0,0.9,0.37276785714285715,0.7602427921092565,0.0,0.9062870699343839,0.17804604922610565,0.20016086089574217,0.9999999999627976,0.24516369046706982,0.8783482142530377,0.8147246517865355,0.347384294089538,0.347384294089538
-1.0,0.0,1615.4742431640625,25.798185348510742,2.960941656760324,0.0,0.9,0.42931547619047616,0.806390977443609,0.0,0.9328552802520954,0.2948836348527918,0.3060323497022709,0.9999999999627976,0.1979166666593037,0.8113839285412432,0.7928582621290962,0.2495003502439095,0.2495003502439095
-0.9,0.0,1527.916748046875,24.618566513061523,2.84319176734901,0.0,0.9,0.44828869047619047,0.8595825426944972,0.0,0.9501011462609507,0.30790727433699705,0.28659851283773696,0.9999999999627976,0.19605654761175387,0.8366815475879211,0.7650740395659491,0.22591844037015113,0.22591844037015113
-0.8,0.0,1443.6767578125,23.50765609741211,2.40949216620914,0.0,0.9,0.5305059523809523,0.9328621908127208,0.0,0.9698890648993748,0.4033755119778713,0.3496743747221453,0.9999999999627976,0.21056547618264265,0.9114583332994249,0.616580075178379,0.1356201764023098,0.13195992958869895
-0.7,0.0,1363.555908203125,22.476411819458008,2.332122649589248,0.0,0.9,0.5438988095238095,0.8076285240464345,0.0,0.9053833604481742,0.4004343737894529,0.2905316479388404,0.9999999999627976,0.22433035713451152,0.8508184523493,0.6364366771394722,0.11483976746344197,0.11230443473857542
-0.6,0.0,1288.3328857421875,21.53716468811035,2.20311001128213,0.0,0.9,0.6190476190476191,0.8305400372439479,0.0,0.9111328124110221,0.47103188339037283,0.34050191757213333,0.9999999999627976,0.19977678570685356,0.8843005952051972,0.5453013660195035,0.07067494701674351,0.03110702432974857
-0.5,0.0,1218.7730712890625,20.703432083129883,2.045141690641388,0.0,0.9,0.7008928571428571,0.8884826325411335,0.0,0.9241293531188894,0.5734390829677656,0.4620925519125966,0.9999999999627976,0.20349702380195325,0.9215029761561941,0.42159913800032234,0.060257648673229795,-0.024772365862531037
-0.3999999999999999,0.0,1155.8944091796875,19.9894962310791,2.155375045515073,0.0,0.9,0.6674107142857143,0.798804780876494,0.0,0.8870246084018989,0.514786617988037,0.4079857309615538,0.9999999999627976,0.18675595237400464,0.8705357142533283,0.4966081836255673,0.04816688992804219,0.014928269651746606
-0.29999999999999993,0.0,1101.1116943359375,19.40966033935547,2.006358252584777,0.0,0.9,0.6781994047619048,0.7897623400365631,0.0,0.8670520230211501,0.5338375662310648,0.47879451745571733,0.9999999999627976,0.20349702380195325,0.8671874999677386,0.48927233904782713,0.05512210939206827,0.027768742028526364
-0.19999999999999996,0.0,1056.2275390625,18.97723960876465,2.109569734704962,0.0,0.9,0.6636904761904762,0.8058823529411765,0.0,0.8904867255652117,0.5087553218733994,0.6476819230561058,0.9999999999627976,0.18973214285008438,0.8727678571103882,0.49568788680253695,0.049416481277336985,0.03370157792926823
-0.09999999999999998,0.0,1024.3875732421875,18.703296661376953,1.9948514425374135,0.0,0.9,0.6302083333333334,0.7387518142235123,0.0,0.8189134808029263,0.4614527487078117,0.5282063288342169,0.9999999999627976,0.2563244047523689,0.8415178571115507,0.5569867409085563,0.0997294063366427,0.0997294063366427
0.0,0.0,1010.465087890625,18.59539222717285,1.913279260609902,0.0,0.9,0.7254464285714286,0.8373101952277657,0.0,0.7967479673717144,0.5563458952930471,0.6491656421945123,0.9999999999627976,0.34300595236819176,0.8761160713959779,0.4326547846190459,0.04996776473257172,0.04996776473257172
0.10000000000000009,0.0,1023.7325439453125,18.65662384033203,1.8421854787061975,0.0,0.9,0.7362351190476191,0.9041916167664671,0.0,0.8871650210314295,0.5861460757437105,0.7194525965545926,0.9999999999627976,0.31063988094082445,0.9092261904423652,0.3928657658333947,0.031623067438055145,0.023402370818986183
0.20000000000000018,0.0,1055.0025634765625,18.885210037231445,1.6743666106616868,0.0,0.9,0.7648809523809523,0.8906077348066298,0.0,0.8433544302463047,0.6110561161976367,0.6270799463635011,0.9999999999627976,0.3366815476065223,0.9125744047279549,0.3660599535976541,0.02456519772739503,0.003721777939435931
0.30000000000000004,0.0,1099.6995849609375,19.27472496032715,1.6982979719847848,0.0,0.9,0.7708333333333334,0.9232704402515723,0.0,0.900974025827764,0.6129211793465598,0.5533809312875365,0.9999999999627976,0.2957589285604256,0.935267857108063,0.34767318741469166,0.021822680427096654,-0.009829497932379246
0.40000000000000013,0.0,1154.7857666015625,19.81495475769043,1.9507629101150985,0.0,0.9,0.7127976190476191,0.9454887218045113,0.0,0.962435233035954,0.5287528776171578,0.7295291623090485,0.9999999999627976,0.1979166666593037,0.922619047584724,0.40608579331349776,0.04720246474914291,0.01169500459101865
0.5,0.0,1217.9964599609375,20.493099212646484,2.0702566157163407,0.0,0.9,0.7206101190476191,0.8850174216027874,0.0,0.9121171769757501,0.5188244503354067,0.4956481690506502,0.9999999999627976,0.21354166665872243,0.9021577380616758,0.4024922051431549,0.03917093713817908,0.013461210256346274
0.6000000000000001,0.0,1287.8724365234375,21.295032501220703,2.1767552812156374,0.0,0.9,0.6875,0.9226519337016574,0.0,0.9499999998869048,0.4530184149339126,0.35692477948117046,0.9999999999627976,0.20200892856391336,0.8984374999665761,0.4304359762611969,0.05880051088726163,0.027352254367533413
0.7000000000000002,0.0,1363.3773193359375,22.206396102905273,2.088872544106207,0.0,0.9,0.6778273809523809,0.8764415156507414,0.0,0.9133949190631184,0.4528374689363263,0.2366875489990171,0.9999999999627976,0.2258184523725514,0.897693452347556,0.46483862542413623,0.07037954478217748,0.03549224717608621
0.8,0.0,1443.5511474609375,23.21342658996582,2.4173212816948095,0.0,0.9,0.6056547619047619,0.8265139116202946,0.0,0.8999999999150943,0.35803086969055337,0.2208879982046178,0.9999999999627976,0.2273065476105913,0.8839285713956873,0.5764368292608548,0.10272106464981161,0.07790265733933704
0.9000000000000001,0.0,1527.4913330078125,24.303428649902344,2.9874738099856755,0.0,0.9,0.47507440476190477,0.6970149253731344,0.0,0.856130403908141,0.2483538770617587,0.19309651395247052,0.9999999999627976,0.24925595237167947,0.8221726190170323,0.750373006952927,0.20030506042245666,0.20030506042245666
1.0,0.0,1614.8465576171875,25.46506690979004,3.2756579298410498,0.0,0.9,0.37797619047619047,0.7238493723849372,0.0,0.881578947315695,0.17561743987502404,0.1763100420917278,0.9999999999627976,0.26674107141864806,0.8619791666345991,0.817977524922126,0.32139772167978176,0.32139772167978176
-1.0,0.10000000000000009,1620.3580322265625,25.87038230895996,2.8839898608432892,0.0,0.9,0.45796130952380953,0.9010309278350516,0.0,0.9670555936192823,0.33714208663398076,0.33528244044494887,0.9999999999627976,0.18043154761233515,0.8392857142544909,0.7522227262707686,0.21630503409579968,0.21420766431532026
-0.9,0.10000000000000009,1532.893310546875,24.693115234375,3.171194125753952,0.0,0.9,0.4088541666666667,0.7137330754352031,0.0,0.9068596601065538,0.2641029642433654,0.2438164469594297,0.9999999999627976,0.19233630951665417,0.7741815475902463,0.8177111095217912,0.2403779157671929,0.2403779157671929
-0.8,0.10000000000000009,1448.967041015625,23.584577560424805,2.76974846827577,0.0,0.9,0.48549107142857145,0.8418181818181818,0.0,0.9370932754203114,0.3246185259535742,0.2981986727025908,0.9999999999627976,0.20461309523048316,0.8485863094922401,0.6908264869888974,0.1574914293252127,0.15740522266920776
-0.7,0.10000000000000009,1369.198974609375,22.555660247802734,2.6306904889095875,0.0,0.9,0.5305059523809523,0.7962648556876061,0.0,0.9049128366953317,0.37677033092244955,0.28884709653092006,0.9999999999627976,0.21912202380137197,0.85044642853979,0.6567339096165383,0.1254378399681872,0.11764005705045266
-0.6,0.10000000000000009,1294.383544921875,21.618610382080078,2.3288662576857218,0.0,0.9,0.5837053571428571,0.801125703564728,0.0,0.9052725647090909,0.45133230633633314,0.2995826657467902,0.9999999999627976,0.19828869046881367,0.8619791666345991,0.6034230678213898,0.07889446296548122,0.06654800731288339
-0.5,0.10000000000000009,1225.4031982421875,20.786848068237305,1.9075605738725612,0.0,0.9,0.6927083333333334,0.9151624548736462,0.0,0.9430992734935716,0.5643172993856416,0.41823053284634654,0.9999999999627976,0.20610119046852304,0.9248511904417839,0.4485275095560125,0.034455155776196005,-0.012618117020436092
-0.3999999999999999,0.10000000000000009,1163.2393798828125,20.074520111083984,2.0337363390524565,0.0,0.9,0.6599702380952381,0.8010204081632653,0.0,0.8719912471693664,0.5236163730206769,0.38707878896239345,0.9999999999627976,0.21874999999186198,0.8798363094910776,0.49605796753961673,0.07988020174889085,0.04077588062331315
-0.29999999999999993,0.10000000000000009,1109.339599609375,19.49580192565918,1.9001396423466073,0.0,0.9,0.7247023809523809,0.8671586715867159,0.0,0.9027027025807159,0.5812053865395089,0.5509790199461642,0.9999999999627976,0.2016369047544034,0.9270833332988436,0.4019387391555588,0.06421060934348473,-0.023778392641957954
-0.19999999999999996,0.10000000000000009,1065.7205810546875,19.063861846923828,2.0221407649168097,0.0,0.9,0.7001488095238095,0.7744,0.0,0.8250620346370892,0.5350572306898387,0.5014727278668752,0.9999999999627976,0.23251488094373085,0.8679315475867585,0.4658328049989568,0.05855189908112021,0.02243642992547993
-0.09999999999999998,0.10000000000000009,1035.7716064453125,18.78964614868164,2.069645056451661,0.0,0.9,0.6588541666666666,0.7674418604651163,0.0,0.85823336959016,0.4905154590810413,0.5487849020241988,0.9999999999627976,0.2079613095160729,0.8749999999674479,0.49868620380485656,0.07243992346979741,0.057353946247688824
0.0,0.10000000000000009,1023.9813232421875,18.680654525756836,1.9747298994049471,0.0,0.9,0.6677827380952381,0.8079658605974396,0.0,0.8488241880348462,0.49246509029338353,0.5389640562683629,0.9999999999627976,0.2615327380855085,0.8675595237772485,0.4960884639132885,0.07827166281594694,0.07827166281594694
0.10000000000000009,0.10000000000000009,1034.8922119140625,18.7399845123291,1.7261078486897712,0.0,0.9,0.7909226190476191,0.9227110582639715,0.0,0.88434163685332,0.6508158574364893,0.7188465034211748,0.9999999999627976,0.31287202379788426,0.9188988094896243,0.32712333892910755,0.027441683866574484,-0.015152717106038976
0.20000000000000018,0.10000000000000009,1064.3035888671875,18.96590805053711,1.9363168531250377,0.0,0.9,0.7135416666666666,0.9130434782608695,0.0,0.9168831167640412,0.5369931673772923,0.7145788165532548,0.9999999999627976,0.2738095237993375,0.922619047584724,0.4151364351958936,0.03020638362429193,0.027836574503617532
0.30000000000000004,0.10000000000000009,1107.468994140625,19.352121353149414,1.8688593249442667,0.0,0.9,0.7217261904761905,0.8832116788321168,0.0,0.8716577538941634,0.5410367656085477,0.5580003025180363,0.9999999999627976,0.30580357141719483,0.910714285680405,0.4214110241719803,0.036361014976406425,0.036361014976406425
0.40000000000000013,0.10000000000000009,1161.5562744140625,19.888566970825195,1.8550729182329972,0.0,0.9,0.734375,0.912568306010929,0.0,0.9103641455307614,0.5516838772321593,0.5495657152633753,0.9999999999627976,0.2723214285612976,0.9014136904426557,0.3946158289004157,0.031161220351983505,0.012919022831002045
0.5,0.10000000000000009,1224.1494140625,20.5626220703125,2.1563407159735197,0.0,0.9,0.6636904761904762,0.8514680483592401,0.0,0.9048672565370722,0.4484114058143925,0.41777447378034877,0.9999999999627976,0.21540178570627228,0.8664434523487187,0.4844301038691324,0.05832655637445869,0.05832655637445869
0.6000000000000001,0.10000000000000009,1293.4586181640625,21.360309600830078,2.301582190449161,0.0,0.9,0.6402529761904762,0.8581314878892734,0.0,0.915201654507218,0.4023416537725881,0.31276330021838455,0.9999999999627976,0.2150297618967623,0.886160714252747,0.49837844894968014,0.07001759936946751,0.06643320232496319
0.7000000000000002,0.10000000000000009,1368.4637451171875,22.267412185668945,2.277459204451041,0.0,0.9,0.6729910714285714,0.8323076923076923,0.0,0.8759954492746308,0.44829437049364385,0.28364925326396745,0.9999999999627976,0.24181547618148008,0.8999255952046159,0.48618976479256937,0.06571491644559163,0.05472439804703361
0.8,0.10000000000000009,1448.17919921875,23.270263671875,2.541026915449279,0.0,0.9,0.5706845238095238,0.7918622848200313,0.0,0.8847487000966422,0.32510489358326666,0.21692429284720904,0.9999999999627976,0.23772321427687043,0.8727678571103882,0.609108632542203,0.12129325189914053,0.12129325189914053
0.9000000000000001,0.10000000000000009,1531.7559814453125,24.356250762939453,2.6809487477684506,0.0,0.9,0.5427827380952381,0.7548209366391184,0.0,0.8551668022086927,0.30449066864383156,0.1845732740663178,0.9999999999627976,0.2700892857042378,0.8768601190149978,0.6567436681060989,0.16900560271477683,0.1519615380768347
1.0,0.10000000000000009,1618.7044677734375,25.514074325561523,3.23107566518323,0.0,0.9,0.3984375,0.7006993006993008,0.0,0.8676561533167807,0.19827923608143017,0.26332940255561954,0.9999999999627976,0.2659970237996281,0.8720238094913683,0.793004578089195,0.2915487928042487,0.2912256394343181
-1.0,0.20000000000000018,1633.5989990234375,26.060914993286133,3.1992314864234985,0.0,0.9,0.4322916666666667,0.8411214953271028,0.0,0.9554390562938768,0.2894467073856779,0.2620072040983483,0.9999999999627976,0.1592261904702669,0.7596726190193575,0.7810751964808824,0.20539940199122186,0.20539940199122186
-0.9,0.20000000000000018,1546.9093017578125,24.891952514648438,2.9012497906635355,0.0,0.9,0.47098214285714285,0.8759842519685039,0.0,0.9556962024644376,0.3369969782822414,0.315035272908802,0.9999999999627976,0.18898809523106444,0.8500744047302801,0.7069928317465654,0.18026698024896884,0.17937401877740428
-0.8,0.20000000000000018,1464.0081787109375,23.79195213317871,2.6224829179902924,0.0,0.9,0.5003720238095238,0.8752327746741154,0.0,0.950111690174973,0.35156928232317874,0.3054781992310597,0.9999999999627976,0.19977678570685356,0.8720238094913683,0.6690274225518198,0.15350392936681737,0.14723758531707284
-0.7,0.20000000000000018,1385.4234619140625,22.77166175842285,2.7604051478828824,0.0,0.9,0.49851190476190477,0.7918871252204586,0.0,0.9124629079441793,0.34268384389012574,0.27369665823517564,0.9999999999627976,0.21093749999215264,0.8519345237778299,0.6898784051311609,0.14756224876860097,0.13978652169104577
-0.6,0.20000000000000018,1312.071533203125,21.843097686767578,2.569310051613497,0.0,0.9,0.5580357142857143,0.7759856630824373,0.0,0.8947811447058265,0.41222761253861906,0.2916292960951793,0.9999999999627976,0.2075892857065629,0.8664434523487187,0.6510929903090354,0.15170597419624882,0.09256515497211401
-0.5,0.20000000000000018,1244.533935546875,21.019380569458008,2.254566454060681,0.0,0.9,0.6264880952380952,0.8107142857142857,0.0,0.8944223106678862,0.4916339678552149,0.3668136259394341,0.9999999999627976,0.20833333332558285,0.8783482142530377,0.5746667624939892,0.10898620334540743,0.044376855245540886
-0.3999999999999999,0.20000000000000018,1184.27099609375,20.31429100036621,2.046534875413469,0.0,0.9,0.6655505952380952,0.8138297872340425,0.0,0.8832035594123244,0.5314414460961191,0.401491879898283,0.9999999999627976,0.20982142856362274,0.9036458332997156,0.5066770490753277,0.06754552291401464,0.025287297743642603
-0.29999999999999993,0.20000000000000018,1133.01953125,19.741573333740234,2.2511952267134774,0.0,0.9,0.6264880952380952,0.7871485943775101,0.0,0.8944223106678862,0.4715232497354478,0.40483593279922697,0.9999999999627976,0.18526785713596475,0.8649553571106788,0.5591521376237318,0.06953597543842208,0.06201637325126161
-0.19999999999999996,0.20000000000000018,1092.53857421875,19.313966751098633,2.084513156900473,0.0,0.9,0.6547619047619048,0.7891682785299806,0.0,0.8825431033531743,0.49779633438021165,0.4617144743564021,0.9999999999627976,0.19233630951665417,0.8764880952054879,0.4867077965697316,0.07633185240109067,0.047628638657232436
-0.09999999999999998,0.20000000000000018,1065.63671875,19.042028427124023,2.0001769841345434,0.0,0.9,0.6941964285714286,0.8187022900763359,0.0,0.8844282237366876,0.5496483556308507,0.5054310575627633,0.9999999999627976,0.19494047618322397,0.8913690475858866,0.4624708856933765,0.03704024742132949,0.016561739503027494
0.0,0.20000000000000018,1055.7960205078125,18.93299674987793,2.0647929531276965,0.0,0.9,0.6982886904761905,0.7774343122102009,0.0,0.8224414302315116,0.5315960311965598,0.4598196019873235,0.9999999999627976,0.24069940475295018,0.8563988094919495,0.47878838323954637,0.06066478326793667,0.054769163547413874
0.10000000000000009,0.20000000000000018,1064.9132080078125,18.989870071411133,1.8182269319885138,0.0,0.9,0.7496279761904762,0.85875,0.0,0.832095096458827,0.595586773494533,0.5811399013442053,0.9999999999627976,0.2976190476079755,0.9133184523469748,0.38921109648280977,0.03452339726644452,0.0199096847633359
0.20000000000000018,0.20000000000000018,1090.95654296875,19.21103858947754,1.8012705743000186,0.0,0.9,0.7607886904761905,0.9055745164960182,0.0,0.8709175737370268,0.6042288740309654,0.6218076323911563,0.9999999999627976,0.32700892855926306,0.9337797618700231,0.35469865647290605,0.039178623477324384,0.012719144984703303
0.30000000000000004,0.20000000000000018,1130.965087890625,19.590484619140625,1.7879836403191958,0.0,0.9,0.7537202380952381,0.9360189573459715,0.0,0.9184290028824126,0.5826252727413423,0.6333855852549822,0.9999999999627976,0.31398809522641413,0.9319196428224733,0.3682253974563677,0.020448830151178984,0.011467157038196967
0.40000000000000013,0.20000000000000018,1182.32275390625,20.118562698364258,2.249548103448727,0.0,0.9,0.6607142857142857,0.8329297820823245,0.0,0.8486842104332584,0.46287737560789166,0.42671453750482297,0.9999999999627976,0.3072916666552347,0.8616071428250891,0.5058641930019306,0.08772656145836999,0.08704169096751416
0.5,0.20000000000000018,1242.69970703125,20.78310775756836,2.1360410798395213,0.0,0.9,0.6398809523809523,0.8097112860892388,0.0,0.8502066114824167,0.42195050639859477,0.3878219317760667,0.9999999999627976,0.2834821428465967,0.862723214253619,0.5346973395767377,0.09359402422399489,0.09359402422399489
0.6000000000000001,0.20000000000000018,1310.3138427734375,21.57059669494629,2.197638983262399,0.0,0.9,0.6793154761904762,0.8724082934609251,0.0,0.9071925753007898,0.458176689099691,0.4018495585185375,0.9999999999627976,0.2332589285627508,0.898809523776086,0.47083778010784133,0.04932064122551741,0.047545272385550036
0.7000000000000002,0.20000000000000018,1384.017822265625,22.467206954956055,2.584923732370447,0.0,0.9,0.5584077380952381,0.7647058823529411,0.0,0.8753159224199396,0.3161778416579737,0.2966460610773342,0.9999999999627976,0.23400297618177074,0.838913690444981,0.6314112433828958,0.1457952108592894,0.1457952108592894
0.8,0.20000000000000018,1462.5277099609375,23.459575653076172,2.7737505937565206,0.0,0.9,0.5565476190476191,0.7748917748917749,0.0,0.8691275167056101,0.3189886705030748,0.22631644469129747,0.9999999999627976,0.2578124999904088,0.8768601190149978,0.6233292762394387,0.15585276588994512,0.15585276588994512
0.9000000000000001,0.20000000000000018,1545.0662841796875,24.53532600402832,3.0077163278402166,0.0,0.9,0.4973958333333333,0.7077562326869806,0.0,0.8438193929797321,0.2532951661240772,0.19206050607455746,0.9999999999627976,0.2686011904661979,0.8489583333017501,0.7142322387147166,0.19754436526747232,0.19754436526747232
1.0,0.20000000000000018,1631.1671142578125,25.683313369750977,3.481782558643446,0.0,0.9,0.39806547619047616,0.6284680337756333,0.0,0.8096415327064498,0.1936921883548145,0.15973266675852882,0.9999999999627976,0.3084077380837646,0.8325892856833115,0.8380608806406137,0.3091113318411048,0.3091113318411048
-1.0,0.30000000000000004,1654.8460693359375,26.367055892944336,3.271708463644675,0.0,0.9,0.4460565476190476,0.8329519450800915,0.0,0.9509738078609151,0.30525097502755894,0.29111425592134665,0.9999999999627976,0.1625744047558566,0.7518601190196481,0.756820100120286,0.18589069756155802,0.18487492542545256
-0.9,0.30000000000000004,1569.6905517578125,25.21194076538086,3.0048847694604737,0.0,0.9,0.4713541666666667,0.8663883089770354,0.0,0.9549612947955691,0.33124629275790635,0.2996195436062546,0.9999999999627976,0.17819940475527532,0.8221726190170323,0.710347745301944,0.1688989467534578,0.16835216666966407
-0.8,0.30000000000000004,1488.4232177734375,24.12619972229004,3.040029013298349,0.0,0.9,0.46577380952380953,0.8131021194605009,0.0,0.9324512534169601,0.31757918107534716,0.2692760510696544,0.9999999999627976,0.1930803571356741,0.8184523809219326,0.7230558085984791,0.18340714678715284,0.18195417722003784
-0.7,0.30000000000000004,1411.7213134765625,23.12032127380371,2.7391048207233983,0.0,0.9,0.48660714285714285,0.743455497382199,0.0,0.8934782608048204,0.33980672063285894,0.25549746626893755,0.9999999999627976,0.21316964284921244,0.8459821428256703,0.7233954617502697,0.16476374577422026,0.16360596392969973
-0.6,0.30000000000000004,1340.443603515625,22.205974578857422,2.656651158478826,0.0,0.9,0.5472470238095238,0.7686084142394822,0.0,0.8824979456957684,0.4001043640871339,0.26492289676843095,0.9999999999627976,0.22991071427716106,0.8720238094913683,0.665061565722793,0.1625842249352224,0.11306820454901778
-0.5,0.30000000000000004,1275.5301513671875,21.395801544189453,2.648685412117758,0.0,0.9,0.5543154761904762,0.7252747252747253,0.0,0.8747913187917535,0.4125815349328857,0.2757098255527708,0.9999999999627976,0.20312499999244327,0.8753720237769579,0.6546964930042297,0.13969764957047978,0.09314891964219651
-0.3999999999999999,0.30000000000000004,1218.199462890625,20.703006744384766,2.2414321789280303,0.0,0.9,0.6409970238095238,0.7532679738562091,0.0,0.8435233159747645,0.501789871978723,0.2860101977715225,0.9999999999627976,0.22767857142010126,0.9069940475853053,0.5606059618625424,0.12010835897993594,0.04950590458912646
-0.29999999999999993,0.30000000000000004,1170.4000244140625,20.140663146972656,2.3396053599102062,0.0,0.9,0.5766369047619048,0.6974358974358974,0.0,0.8444639718062861,0.4239453471678843,0.26612421154966476,0.9999999999627976,0.21763392856333208,0.8560267856824395,0.6471962935873069,0.13198786392513648,0.11513791297970694
-0.19999999999999996,0.30000000000000004,1133.3045654296875,19.720821380615234,2.2127344740113295,0.0,0.9,0.6130952380952381,0.7225225225225225,0.0,0.8519230768411612,0.45668273305021123,0.3156236055926803,0.9999999999627976,0.206473214278033,0.8779761904435277,0.5768159184395069,0.11788673331212865,0.08705037961321774
-0.09999999999999998,0.30000000000000004,1109.3843994140625,19.453439712524414,2.0425179892682226,0.0,0.9,0.6819196428571429,0.8033613445378152,0.0,0.863157894635888,0.5264683455289851,0.415367158093801,0.9999999999627976,0.22135416665843177,0.9006696428236358,0.46028440434872064,0.0701783959204241,0.03259433481780379
0.0,0.30000000000000004,1100.99609375,19.345312118530273,2.2224157569967637,0.0,0.9,0.6644345238095238,0.7511177347242921,0.0,0.8148558757411468,0.48897365705284224,0.3822148638627861,0.9999999999627976,0.24962797618118945,0.8563988094919495,0.5317068615520291,0.10072459556223584,0.05986389991814445
0.10000000000000009,0.30000000000000004,1108.740478515625,19.3992919921875,1.9831010723013374,0.0,0.9,0.6945684523809523,0.8409090909090909,0.0,0.8721071862518749,0.529108342772598,0.48374822330699435,0.9999999999627976,0.24553571427657978,0.911086309489915,0.45300919182405225,0.04990843937021906,0.025492702456958293
0.20000000000000018,0.30000000000000004,1131.6016845703125,19.613901138305664,2.017733570528605,0.0,0.9,0.7299107142857143,0.8688311688311688,0.0,0.8608815425811458,0.5525768568156477,0.5264777317223942,0.9999999999627976,0.2864583333226764,0.9267113094893337,0.4026131528795111,0.049987989283587685,0.016909434034498988
0.30000000000000004,0.30000000000000004,1168.0400390625,19.983552932739258,2.0693370721570488,0.0,0.9,0.6655505952380952,0.7901726427622842,0.0,0.8242491656480258,0.4663679539078204,0.39683677834888054,0.9999999999627976,0.28013392856100694,0.8634672618726389,0.5068306564214959,0.07971265547098921,0.07923532229064353
0.40000000000000013,0.30000000000000004,1215.773681640625,20.499216079711914,2.129982682106725,0.0,0.9,0.6819196428571429,0.8403465346534653,0.0,0.8491228069182313,0.4866609896051839,0.4237889038624431,0.9999999999627976,0.30059523808405525,0.8720238094913683,0.47778820362927055,0.07704914653180538,0.06694340630447182
0.5,0.30000000000000004,1272.9981689453125,21.14942741394043,2.1170069936460707,0.0,0.9,0.6867559523809523,0.906030855539972,0.0,0.9204275533348661,0.4768343743373442,0.5201692127970988,0.9999999999627976,0.26525297618060817,0.9043898809187355,0.4518406231308315,0.05037083512334206,0.036296931040942226
0.6000000000000001,0.30000000000000004,1338.118896484375,21.92137336730957,2.4635901903350885,0.0,0.9,0.5825892857142857,0.7697456492637216,0.0,0.8467023172150888,0.35662003998907343,0.2665331812532969,0.9999999999627976,0.27790178570394714,0.8396577380640009,0.6027841328559785,0.14938207307610435,0.1490167022720874
0.7000000000000002,0.30000000000000004,1409.4117431640625,22.80182647705078,2.475718577484905,0.0,0.9,0.5956101190476191,0.7720797720797721,0.0,0.8528058876860344,0.36905922245907163,0.2971812228422966,0.9999999999627976,0.2611607142759985,0.9047619047282455,0.5609243990769635,0.14463263438976165,0.14340974086318006
0.8,0.30000000000000004,1486.0074462890625,23.777942657470703,2.8722350472228713,0.0,0.9,0.5208333333333334,0.724233983286908,0.0,0.8462732918597613,0.27442460881778996,0.17681566689162434,0.9999999999627976,0.267113095228158,0.8608630952060691,0.6870260558148904,0.20743468736063525,0.2072383201995276
0.9000000000000001,0.30000000000000004,1566.96826171875,24.837711334228516,3.1065108758894313,0.0,0.9,0.49962797619047616,0.6745635910224439,0.0,0.8059479553304127,0.2571135631915278,0.14871417471962886,0.9999999999627976,0.29836309522699545,0.8340773809213513,0.7474268983119486,0.22060493095322892,0.22060493095322892
1.0,0.30000000000000004,1651.6234130859375,25.97024917602539,3.2652059942794605,0.0,0.9,0.47953869047619047,0.6582857142857143,0.0,0.7862759113090582,0.24551236918510855,0.2533948543358194,0.9999999999627976,0.3255208333212232,0.8712797618723482,0.7696449938717133,0.23888876354681166,0.23503284940588196
-1.0,0.40000000000000013,1684.2537841796875,26.784589767456055,3.476248080060345,0.0,0.9,0.43936011904761907,0.7951807228915663,0.0,0.9435965493733512,0.2858743233034494,0.2617844827586207,0.9999999999627976,0.1543898809466373,0.6971726190216826,0.7709087076552232,0.18033699626803829,0.17599645157958482
-0.9,0.40000000000000013,1601.0377197265625,25.64825439453125,3.4118402774502576,0.0,0.9,0.4289434523809524,0.7405764966740577,0.0,0.9237785015684834,0.280544650014601,0.23886108994323454,0.9999999999627976,0.1677827380889962,0.7191220237827708,0.7901593947224591,0.20409758504002795,0.19979710069318918
-0.8,0.40000000000000013,1521.8519287109375,24.581787109375,3.3447819045446985,0.0,0.9,0.4252232142857143,0.6620825147347741,0.0,0.8886731391010567,0.2786452012571838,0.2193379267106812,0.9999999999627976,0.1893601190405744,0.7496279761625882,0.7998378446958028,0.20813629742171927,0.20689033631627587
-0.7,0.40000000000000013,1447.4984130859375,23.595335006713867,2.852561787784377,0.0,0.9,0.49181547619047616,0.669051878354204,0.0,0.8645680819279232,0.342561365945943,0.3020586073723953,0.9999999999627976,0.2079613095160729,0.8511904761588099,0.7096623982971089,0.1583687240452387,0.14774397796385946
-0.6,0.40000000000000013,1378.958984375,22.700111389160156,2.837244977894131,0.0,0.9,0.5208333333333334,0.6696696696696697,0.0,0.8291925465194726,0.3820737943425971,0.3066613995362753,0.9999999999627976,0.2477678571336396,0.8727678571103882,0.6882986714303296,0.154966092188117,0.1430724063596957
-0.5,0.40000000000000013,1317.3021240234375,21.908132553100586,2.5618103142323885,0.0,0.9,0.5755208333333334,0.6790945406125166,0.0,0.7887817703077316,0.4522310456159707,0.2382860749752324,0.9999999999627976,0.279389880941987,0.9118303571089349,0.6236033738511769,0.1411148941716392,0.11436631558613441
-0.3999999999999999,0.40000000000000013,1263.5960693359375,21.231843948364258,2.6741923257189844,0.0,0.9,0.5264136904761905,0.627906976744186,0.0,0.798900235601029,0.38080167741888904,0.24433479358535376,0.9999999999627976,0.25595238094285894,0.8727678571103882,0.6909348781448325,0.16187261667146668,0.14633325600762276
-0.29999999999999993,0.40000000000000013,1218.93994140625,20.6834774017334,2.5992493539185513,0.0,0.9,0.5331101190476191,0.5966620305980529,0.0,0.7689243027275757,0.37356362391964715,0.2268591164608434,0.9999999999627976,0.267485119037668,0.84933035711126,0.7032834596295233,0.17169378453518025,0.16183909803945956
-0.19999999999999996,0.40000000000000013,1185.1361083984375,20.274215698242188,2.19659386407013,0.0,0.9,0.6302083333333334,0.6919831223628692,0.0,0.7796780683320244,0.4713238765336113,0.27207850149343554,0.9999999999627976,0.2645089285615882,0.8958333333000063,0.5774164538238062,0.13987160852801017,0.08141424303923628
-0.09999999999999998,0.40000000000000013,1163.7999267578125,20.013246536254883,2.3476152023550374,0.0,0.9,0.6004464285714286,0.7181964573268921,0.0,0.8370577280412422,0.4284377029895451,0.28671719492457115,0.9999999999627976,0.231026785705691,0.8906249999668667,0.6052418529702541,0.13934596468156002,0.09998990312487661
0.0,0.40000000000000013,1156.3818359375,19.906831741333008,1.9398526758600803,0.0,0.9,0.6603422619047619,0.8518518518518519,0.0,0.894852135717979,0.5002580596942279,0.3679915476212404,0.9999999999627976,0.24107142856246017,0.9334077380605131,0.47530579035928394,0.07719044667067929,0.043590764659323274
0.10000000000000009,0.40000000000000013,1163.0162353515625,19.957603454589844,2.0325806234420702,0.0,0.9,0.7113095238095238,0.8190348525469169,0.0,0.8260309277286043,0.5411678034105649,0.32342571697407374,0.9999999999627976,0.2775297618944372,0.9088541666328552,0.4583296294838153,0.08718909179049997,0.013355661839254525
0.20000000000000018,0.40000000000000013,1183.3480224609375,20.164257049560547,2.1445487899468687,0.0,0.9,0.6770833333333334,0.8186738836265224,0.0,0.8456221197182463,0.4897983548398014,0.3616798472410344,0.9999999999627976,0.27492559522786736,0.9148065475850147,0.48303965553866063,0.07674167629857356,0.04468903215493174
0.30000000000000004,0.40000000000000013,1216.37060546875,20.521703720092773,2.0348966853760677,0.0,0.9,0.7072172619047619,0.8586810228802153,0.0,0.866581956687855,0.5088630690626615,0.3358053084241377,0.9999999999627976,0.27641369046590725,0.8965773809190262,0.4452724173811404,0.043670270155992,0.01968337748051062
0.40000000000000013,0.40000000000000013,1260.461669921875,21.02168083190918,2.3508884453430965,0.0,0.9,0.6514136904761905,0.7740384615384616,0.0,0.7993596583992146,0.44798705126006755,0.25492204156721243,0.9999999999627976,0.3095238095122945,0.84970238092077,0.5474487890290921,0.11035953039833374,0.087753335306953
0.5,0.40000000000000013,1314.0186767578125,21.653600692749023,2.4166468664940473,0.0,0.9,0.5933779761904762,0.7603513174404015,0.0,0.8252516010223923,0.36424560733539224,0.2628864603864604,0.9999999999627976,0.2965029761794456,0.8560267856824395,0.5916046406473713,0.13681187726733252,0.1340671296240902
0.6000000000000001,0.40000000000000013,1375.7569580078125,22.405517578125,2.4777263343945357,0.0,0.9,0.5818452380952381,0.7666277712952159,0.0,0.8220640568663643,0.36954087858934226,0.25512876276527996,0.9999999999627976,0.31882440475004376,0.8649553571106788,0.6060993600223074,0.16556831200331817,0.1654643781909706
0.7000000000000002,0.40000000000000013,1444.241455078125,23.265018463134766,2.5536522804494166,0.0,0.9,0.6130952380952381,0.803921568627451,0.0,0.8557692306869452,0.38564377067427824,0.310507733007733,0.9999999999627976,0.28459821427512655,0.9077380952043252,0.5608372527906529,0.14629292987142625,0.14629292987142625
0.8,0.40000000000000013,1518.3909912109375,24.21990203857422,3.0096404026670984,0.0,0.9,0.5122767857142857,0.6766623207301173,0.0,0.8108314263302188,0.26543421527139954,0.20186779745402889,0.9999999999627976,0.2853422618941465,0.8355654761593913,0.7352021166734389,0.23204373025973346,0.23204373025973346
0.9000000000000001,0.40000000000000013,1597.1370849609375,25.258663177490234,3.1086710106539095,0.0,0.9,0.5446428571428571,0.7064327485380117,0.0,0.7949346404579302,0.3052376512030689,0.19020747468884766,0.9999999999627976,0.31808035713102384,0.8656994047296988,0.703632875321635,0.196951562526204,0.19175956529635046
1.0,0.40000000000000013,1679.8326416015625,26.37078094482422,3.5194817527352193,0.0,0.9,0.4609375,0.616304347826087,0.0,0.7563837128532516,0.22104983473954753,0.1529842622667183,0.9999999999627976,0.34226190474917184,0.8363095237784112,0.8197326963563052,0.27525183327797453,0.2676819294790378
-1.0,0.5,1721.2152099609375,27.3081111907959,3.5426193391375187,0.0,0.9,0.44754464285714285,0.8262108262108262,0.0,0.9589225588579849,0.29716396647222487,0.3108787274457093,0.9999999999627976,0.13058035713799926,0.6700148809274549,0.7537927279780332,0.1538634202584917,0.1538634202584917
-0.9,0.5,1640.267822265625,26.194711685180664,3.5786196192049875,0.0,0.9,0.40848214285714285,0.7274939172749392,0.0,0.9295597483692101,0.2532270068344221,0.22558566031722835,0.9999999999627976,0.15290178570859742,0.6614583333087255,0.8159431901268176,0.2009659809061693,0.2009659809061693
-0.8,0.5,1563.6229248046875,25.151681900024414,3.5003916395949712,0.0,0.9,0.42857142857142855,0.6393762183235867,0.0,0.8795572916094038,0.27685867916681817,0.20051343051032566,0.9999999999627976,0.1908482142786143,0.7064732142594319,0.7979712709454356,0.20029920620186065,0.20029920620186065
-0.7,0.5,1492.096435546875,24.188753128051758,3.121167527442248,0.0,0.9,0.4486607142857143,0.6174496644295302,0.0,0.8461538460967507,0.2944081089988617,0.19859713519541208,0.9999999999627976,0.22172619046794176,0.7581845237813176,0.7780045843740039,0.2023910709048488,0.1995000235103459
-0.6,0.5,1426.6668701171875,23.31656265258789,3.1130569900460996,0.0,0.9,0.4568452380952381,0.6170212765957447,0.0,0.8273972602173015,0.30756316015582075,0.22109957307419506,0.9999999999627976,0.24479166665755986,0.8050595237795737,0.7683813961885664,0.2084655123956528,0.2051613850950746
-0.5,0.5,1368.4365234375,22.54641342163086,3.1188241254254203,0.0,0.9,0.46056547619047616,0.5862573099415205,0.0,0.8048275861513912,0.3156914695667562,0.2158204029988198,0.9999999999627976,0.25446428570481905,0.8236607142550721,0.7776027674596688,0.20931307334445637,0.20627126464161086
-0.3999999999999999,0.5,1318.041259765625,21.88987159729004,2.610541839855395,0.0,0.9,0.5587797619047619,0.6798469387755102,0.0,0.7883642495119423,0.41804865963144455,0.3548289692574143,0.9999999999627976,0.291666666655816,0.9211309523466842,0.6515732631476986,0.16846957715601157,0.1335151935618184
-0.29999999999999993,0.5,1276.5797119140625,21.358200073242188,2.9544224668731314,0.0,0.9,0.49776785714285715,0.5924479166666666,0.0,0.7681481480912482,0.3446606154109282,0.2261665708437401,0.9999999999627976,0.2857142857036565,0.85044642853979,0.7427559159749949,0.20077906281237773,0.19437337484410805
-0.19999999999999996,0.5,1245.582763671875,20.96161460876465,2.507565350465836,0.0,0.9,0.5323660714285714,0.613607188703466,0.0,0.7605409705043324,0.3785059690504643,0.25574258064276556,0.9999999999627976,0.28980654760826613,0.8947172618714764,0.6904021775835151,0.1669983414432492,0.1650183804970255
-0.09999999999999998,0.5,1226.339111328125,20.708450317382812,2.5613432039856616,0.0,0.9,0.5297619047619048,0.6232616940581542,0.0,0.7642405062686518,0.3585987282660163,0.24262575857521101,0.9999999999627976,0.2942708333223858,0.8664434523487187,0.6991856138259757,0.1811333930945112,0.1764736283544354
0.0,0.5,1219.61181640625,20.604366302490234,2.0896329148811637,0.0,0.9,0.6595982142857143,0.8685567010309279,0.0,0.8885245900668279,0.5138965900000207,0.37918613116749406,0.9999999999627976,0.28869047617973626,0.9453124999648321,0.5117090695452757,0.13735570591972848,0.0651867367108678
0.10000000000000009,0.5,1225.58935546875,20.65175437927246,2.2631247103258354,0.0,0.9,0.6242559523809523,0.80545229244114,0.0,0.8445544553619253,0.45012421091508004,0.27174162934557655,0.9999999999627976,0.3002232142745453,0.9036458332997156,0.5553762450242431,0.14947439621890415,0.09252131273864173
0.20000000000000018,0.5,1243.7733154296875,20.849483489990234,2.163980633544699,0.0,0.9,0.6428571428571429,0.8076923076923077,0.0,0.8385416665793186,0.45233940147637264,0.30897018099929263,0.9999999999627976,0.29985119046503533,0.9103422618708951,0.545230604579688,0.11423526789703173,0.06962377627860644
0.30000000000000004,0.5,1273.859375,21.19301414489746,2.200008636867713,0.0,0.9,0.6551339285714286,0.788056206088993,0.0,0.8047464939800705,0.4554862149404648,0.2643291684823552,0.9999999999627976,0.3177083333215138,0.874627976157938,0.5361514987929322,0.12056912011334382,0.06367772067585338
0.40000000000000013,0.5,1314.4400634765625,21.674903869628906,2.323060311167796,0.0,0.9,0.5900297619047619,0.7482758620689656,0.0,0.8012704173501569,0.37912338142817154,0.25963542123324684,0.9999999999627976,0.3236607142736734,0.8630952380631289,0.5987550575240683,0.1354323412356262,0.1326130404155157
0.5,0.5,1364.3759765625,22.285551071166992,2.631147528809688,0.0,0.9,0.5807291666666666,0.7756041426927502,0.0,0.8269742678946783,0.36799692050296934,0.2838903214670327,0.9999999999627976,0.32328869046416336,0.8705357142533283,0.6074897349095508,0.15496501598969617,0.15496501598969617
0.6000000000000001,0.5,1422.423828125,23.014001846313477,2.696905827913033,0.0,0.9,0.5833333333333334,0.778516057585825,0.0,0.8214285713552295,0.3576963506626326,0.30735236030877255,0.9999999999627976,0.33593749998750233,0.8709077380628383,0.6190277405827511,0.17263008862118767,0.17026439624641254
0.7000000000000002,0.5,1487.6453857421875,23.848758697509766,2.7188003225533874,0.0,0.9,0.5680803571428571,0.7453646477132262,0.0,0.822566752728461,0.33789152870201944,0.2864155196962506,0.9999999999627976,0.3009672618935652,0.874627976157938,0.6515648245503057,0.19516097043239627,0.1901279862286967
0.8,0.5,1558.92431640625,24.778383255004883,3.0947076746508366,0.0,0.9,0.5219494047619048,0.6802884615384616,0.0,0.7929961088877046,0.2781804533655496,0.20064322278013152,0.9999999999627976,0.3095238095122945,0.8396577380640009,0.7295532644964134,0.22316708083526826,0.22316708083526826
0.9000000000000001,0.5,1635.0836181640625,25.791990280151367,3.2317218760338147,0.0,0.9,0.5353422619047619,0.6626768226332971,0.0,0.7518014410927301,0.28905546550831884,0.22859932216127715,0.9999999999627976,0.3418898809396618,0.8470982142542003,0.7300008028920908,0.21943183927318366,0.2001035221668347
1.0,0.5,1715.5445556640625,26.879505157470703,3.5299830352659325,0.0,0.9,0.4445684523809524,0.6163655685441021,0.0,0.7582049564127122,0.2095549144466124,0.13786744927873223,0.9999999999627976,0.3500744047488812,0.8214285713980124,0.8416657060724343,0.2907124990753933,0.28507846231462686
-1.0,0.6000000000000001,1765.1680908203125,27.93128776550293,3.8745937822823158,0.0,0.9,0.4017857142857143,0.6923076923076923,0.0,0.9378109452153102,0.23225460523053043,0.2449139735438473,0.9999999999627976,0.12090773809074004,0.6086309523583099,0.8192282346038262,0.18711318617489495,0.18711318617489495
-0.9,0.6000000000000001,1686.9010009765625,26.84416389465332,3.7377325264174672,0.0,0.9,0.39546130952380953,0.6467236467236467,0.0,0.9236923076354651,0.23669770064779727,0.1649519371180805,0.9999999999627976,0.13058035713799926,0.6164434523580192,0.8380850313545004,0.1953753952971217,0.1953753952971217
-0.8,0.6000000000000001,1613.1422119140625,25.827823638916016,3.5441393313718987,0.0,0.9,0.4427083333333333,0.6496815286624203,0.0,0.8898531374572861,0.28065045544258704,0.2274848829873678,0.9999999999627976,0.17522321427919557,0.6703869047369648,0.7843908533137536,0.18877789557383184,0.18877789557383184
-0.7,0.6000000000000001,1544.759765625,24.89152717590332,3.300368664467477,0.0,0.9,0.4646577380952381,0.6495016611295681,0.0,0.8533703960491056,0.3146641653946517,0.2379792914913809,0.9999999999627976,0.22395833332500156,0.7094494047355115,0.7520130067372869,0.1834749210409325,0.1834749210409325
-0.6,0.6000000000000001,1482.534423828125,24.045263290405273,3.301087658265792,0.0,0.9,0.4694940476190476,0.6019971469329529,0.0,0.8043478260305506,0.3255878714201307,0.25982221045477477,0.9999999999627976,0.2607886904664885,0.7429315475914089,0.770212008833781,0.20564908627183642,0.2049958871163159
-0.5,0.6000000000000001,1427.4462890625,23.29953956604004,3.2598068352695755,0.0,0.9,0.45014880952380953,0.5833333333333334,0.0,0.7801082543450535,0.29856797041588057,0.18091965898331294,0.9999999999627976,0.2901785714177761,0.7633928571144571,0.802768183967321,0.2439840294522989,0.24381836895028064
-0.3999999999999999,0.6000000000000001,1380.292724609375,22.66499137878418,3.175404572306013,0.0,0.9,0.4564732142857143,0.574726609963548,0.0,0.7604380560738919,0.2971879534629005,0.23637833165974287,0.9999999999627976,0.3061755952267048,0.8039434523510438,0.798141854275999,0.2448296717874879,0.23770086762107473
-0.29999999999999993,0.6000000000000001,1341.762451171875,22.151859283447266,2.8932449181107405,0.0,0.9,0.5003720238095238,0.5915032679738562,0.0,0.7207743856499795,0.3483676197080783,0.2301505516931647,0.9999999999627976,0.34151785713015187,0.8824404761576473,0.7442730402409914,0.22086400966886752,0.2076204395854319
-0.19999999999999996,0.6000000000000001,1313.0811767578125,21.769346237182617,2.5082331410360945,0.0,0.9,0.5505952380952381,0.6435536294691224,0.0,0.7276490065622807,0.3893565461182139,0.27979911284508163,0.9999999999627976,0.3433779761777017,0.9293154761559035,0.6815494255509903,0.20138754777505197,0.1617557613500878
-0.09999999999999998,0.6000000000000001,1295.429931640625,21.5249080657959,2.6869685727812205,0.0,0.9,0.5264136904761905,0.6376811594202898,0.0,0.7250589158896261,0.3636360758816477,0.2694301834013417,0.9999999999627976,0.3593749999866304,0.9081101190138352,0.7020803543991112,0.19707357561130479,0.18956635525987214
0.0,0.6000000000000001,1289.3421630859375,21.42359161376953,2.5401672944260585,0.0,0.9,0.5126488095238095,0.6341201716738197,0.0,0.7396946564320843,0.3432669597205975,0.2339645542368124,0.9999999999627976,0.34672619046329145,0.8776041666340177,0.7183639751449267,0.21667557808085755,0.20693410221800884
0.10000000000000009,0.6000000000000001,1294.8326416015625,21.467546463012695,2.3091735359115964,0.0,0.9,0.5829613095238095,0.8378063010501751,0.0,0.8760035681644956,0.4188381692806987,0.32112807283560635,0.9999999999627976,0.31882440475004376,0.9430803571077724,0.5922920744123686,0.1561399292634209,0.14896137679989568
0.20000000000000018,0.6000000000000001,1311.4456787109375,21.655797958374023,2.3350649477220875,0.0,0.9,0.5747767857142857,0.8015521064301552,0.0,0.8433945756042524,0.4115780111124502,0.3285087910902825,0.9999999999627976,0.3355654761779924,0.924107142822764,0.5962297064354168,0.17005048244081222,0.13926750062578414
0.30000000000000004,0.6000000000000001,1338.84423828125,21.984359741210938,2.443151998947165,0.0,0.9,0.5643601190476191,0.7482993197278912,0.0,0.8104184457036363,0.36095258797473867,0.28530251473304685,0.9999999999627976,0.328124999987793,0.8683035713962686,0.6383936514178151,0.14920867579759456,0.14060127122263982
0.40000000000000013,0.6000000000000001,1376.2691650390625,22.44662857055664,2.463892226937661,0.0,0.9,0.5766369047619048,0.7117768595041323,0.0,0.7548330403554627,0.3700791340629843,0.23719954188717063,0.9999999999627976,0.36011904760565033,0.8482142856827302,0.6392290555605864,0.16055598717064884,0.15866259537824606
0.5,0.6000000000000001,1422.802001953125,23.034006118774414,2.5509461046971347,0.0,0.9,0.5811011904761905,0.7418073485600795,0.0,0.7690941384752136,0.3706268305128643,0.26395888846602616,0.9999999999627976,0.37462797617653915,0.8697916666343084,0.6345203029966552,0.17098509064433814,0.1702925994324972
0.6000000000000001,0.6000000000000001,1477.30712890625,23.736587524414062,2.6619494068253466,0.0,0.9,0.5918898809523809,0.7901364113326338,0.0,0.8176845942736841,0.36676542653662614,0.30352460468667236,0.9999999999627976,0.3545386904630008,0.886904761871767,0.6191713627776436,0.16682135469975437,0.16557823376150121
0.7000000000000002,0.6000000000000001,1539.010986328125,24.54384994506836,3.030674421950993,0.0,0.9,0.5245535714285714,0.7073760580411125,0.0,0.8106416274796054,0.279764033972682,0.30731913828130936,0.9999999999627976,0.3076636904647447,0.8407738094925308,0.7221330952111021,0.22251859862899567,0.22238082495707628
0.8,0.6000000000000001,1607.0440673828125,25.445207595825195,3.088845549336185,0.0,0.9,0.5249255952380952,0.6296703296703297,0.0,0.7361002348679639,0.28136403455031056,0.26180602891461396,0.9999999999627976,0.33854166665407215,0.8370535713974311,0.7391233093191333,0.21952042348241135,0.21840679746329822
0.9000000000000001,0.6000000000000001,1680.4366455078125,26.43045425415039,3.4651899510712507,0.0,0.9,0.4564732142857143,0.561,0.0,0.6995208760643723,0.22269872706408844,0.14445216049382714,0.9999999999627976,0.3720238095099694,0.8065476190176136,0.8392975935187575,0.3002403505813055,0.2766394935281553
1.0,0.6000000000000001,1758.3087158203125,27.49005126953125,3.663904243782856,0.0,0.9,0.42224702380952384,0.6142433234421365,0.0,0.7488731486961446,0.2019468788020205,0.23490935474770588,0.9999999999627976,0.37611607141457903,0.8277529761596819,0.8328067360366466,0.3193033338270952,0.3193033338270952
-1.0,0.7000000000000002,1815.880126953125,28.64724349975586,3.991381130479026,0.0,0.9,0.43526785714285715,0.7470588235294118,0.0,0.9716732542179398,0.25822320613295024,0.22733848277326538,0.9999999999627976,0.06324404761669479,0.6112351190248797,0.7707544642042077,0.1408399902103015,0.1408399902103015
-0.9,0.7000000000000002,1740.3570556640625,27.588890075683594,3.9504972091347907,0.0,0.9,0.40587797619047616,0.5709090909090909,0.0,0.9261114589276073,0.23116104840080393,0.1599929562890904,0.9999999999627976,0.10230654761524158,0.6015624999776205,0.8257465511269838,0.18482281021743346,0.18482281021743346
-0.8,0.7000000000000002,1669.6575927734375,26.601598739624023,3.7687868698395786,0.0,0.9,0.42038690476190477,0.5689655172413793,0.0,0.8876765082870554,0.24744845072872934,0.16655844155844157,0.9999999999627976,0.15104166666104757,0.6331845237859679,0.8137498262758418,0.1899848673695013,0.18920938370913643
-0.7,0.7000000000000002,1604.3658447265625,25.694087982177734,3.5239477130455583,0.0,0.9,0.4348958333333333,0.5518453427065027,0.0,0.8321263988918942,0.2759266398102629,0.17817492833181847,0.9999999999627976,0.21168154761117258,0.6532738094995062,0.812211160757904,0.21176796548694027,0.21132766065235814
-0.6,0.7000000000000002,1545.2589111328125,24.875675201416016,3.666013879221748,0.0,0.9,0.4114583333333333,0.5528846153846154,0.0,0.8236409607570391,0.24251076982238257,0.18833919902860102,0.9999999999627976,0.2321428571342209,0.668154761879905,0.8493296779124335,0.24224114407615438,0.24144368507299613
-0.5,0.7000000000000002,1493.30859375,24.156024932861328,3.4829083995544474,0.0,0.9,0.4133184523809524,0.5074424898511503,0.0,0.7691819910736092,0.2521317791808343,0.1712914217504613,0.9999999999627976,0.27492559522786736,0.6737351190225546,0.8735132498180034,0.27566175032513524,0.2741840707085433
-0.3999999999999999,0.7000000000000002,1448.958740234375,23.544818878173828,3.359493593891043,0.0,0.9,0.43638392857142855,0.571767497034401,0.0,0.7617161715668834,0.26990342153895297,0.24628112788823434,0.9999999999627976,0.3136160714169042,0.7511160714006282,0.836024046252209,0.26375176901725206,0.26196421939928216
-0.29999999999999993,0.7000000000000002,1413.1251220703125,23.051271438598633,3.068775547191428,0.0,0.9,0.44754464285714285,0.5783261802575107,0.0,0.7353535353040166,0.2797959418595847,0.23130011627482014,0.9999999999627976,0.34672619046329145,0.7864583333040752,0.8144019475001912,0.26499532969795925,0.26479703336880744
-0.19999999999999996,0.7000000000000002,1386.526123046875,22.6835994720459,3.0109198419090037,0.0,0.9,0.46205357142857145,0.6035328753680078,0.0,0.7206085753305249,0.28841935192911927,0.2379798547260723,0.9999999999627976,0.3790922618906588,0.8541666666348897,0.8038392272151517,0.26146430393956477,0.26146430393956477
-0.09999999999999998,0.7000000000000002,1370.2410888671875,22.44839859008789,3.0164879488649436,0.0,0.9,0.4732142857142857,0.584817244611059,0.0,0.6871468926068399,0.28762841497968555,0.19690897274135782,0.9999999999627976,0.3969494047471373,0.8686755952057785,0.8026300142307446,0.26584621110940176,0.2573638695574876
0.0,0.7000000000000002,1364.643798828125,22.350128173828125,2.6154280469701967,0.0,0.9,0.49851190476190477,0.6127450980392157,0.0,0.7069732937160998,0.31621009361380265,0.23625446608909567,0.9999999999627976,0.37946428570016877,0.9073660713948153,0.7627026490560375,0.2447747942300231,0.22720393768973596
0.10000000000000009,0.7000000000000002,1369.5980224609375,22.39069175720215,2.7527349014816926,0.0,0.9,0.4962797619047619,0.6401515151515151,0.0,0.7193500738021159,0.3113972561982095,0.20443945047489825,0.9999999999627976,0.39285714284252765,0.8939732142524563,0.7546891986478702,0.24097474399890295,0.23944292905297557
0.20000000000000018,0.7000000000000002,1384.830078125,22.569265365600586,2.613889497823121,0.0,0.9,0.5264136904761905,0.7424714434060229,0.0,0.805184603236042,0.328876273823359,0.24538930456369576,0.9999999999627976,0.3582589285581005,0.8776041666340177,0.6861659851055097,0.20982130028443302,0.2031249793111569
0.30000000000000004,0.7000000000000002,1409.9796142578125,22.882383346557617,2.566693583689705,0.0,0.9,0.5338541666666666,0.7035957240038873,0.0,0.7565841978645982,0.3239966344127676,0.23409798538414575,0.9999999999627976,0.3828124999857585,0.8590029761585193,0.6722315154630137,0.1953036701553761,0.19355072811231533
0.40000000000000013,0.7000000000000002,1444.7281494140625,23.32425308227539,2.678315650148806,0.0,0.9,0.5744047619047619,0.7559523809523809,0.0,0.7849650348964191,0.3655001921643104,0.26896668498415033,0.9999999999627976,0.3749999999860491,0.8749999999674479,0.6497847946850586,0.17923354618628295,0.1630967701798708
0.5,0.7000000000000002,1488.138671875,23.887256622314453,2.6558565859911156,0.0,0.9,0.5591517857142857,0.7437619961612284,0.0,0.7746835442384232,0.34191453410371486,0.2822518681898817,0.9999999999627976,0.38764880950938807,0.8519345237778299,0.6780414206288444,0.2072583869396336,0.19467223688426083
0.6000000000000001,0.7000000000000002,1539.2677001953125,24.56252670288086,2.8954649356748603,0.0,0.9,0.5736607142857143,0.7078544061302682,0.0,0.733856893478721,0.35503859616544436,0.27360237745214266,0.9999999999627976,0.38839285712840804,0.8467261904446903,0.6834740321110423,0.21043129678702546,0.18559272798563425
0.7000000000000002,0.7000000000000002,1597.7274169921875,25.34053611755371,3.2653804712658845,0.0,0.9,0.5107886904761905,0.5805805805805806,0.0,0.6813688212409605,0.2737103316457316,0.22231461399767688,0.9999999999627976,0.3716517857004594,0.8084077380651634,0.7761144716263405,0.2457433687748385,0.24357775344173366
0.8,0.7000000000000002,1662.505859375,26.211580276489258,3.453150102363563,0.0,0.9,0.5044642857142857,0.553072625698324,0.0,0.6396396395916186,0.2691690937080432,0.12409214152263069,0.9999999999627976,0.3995535714137071,0.7950148809228046,0.7895085718582636,0.25874121956228546,0.25132765019820513
0.9000000000000001,0.7000000000000002,1732.7069091796875,27.16619110107422,3.708144797851309,0.0,0.9,0.3913690476190476,0.5379746835443038,0.0,0.6876528116939087,0.18557644332328144,0.13480990124843648,0.9999999999627976,0.4114583333180261,0.7749255952092662,0.8761183838052216,0.3664145273873228,0.3657997415523111
1.0,0.7000000000000002,1807.6444091796875,28.195404052734375,3.9327006246391125,0.0,0.9,0.36532738095238093,0.5666364460562103,0.0,0.7198124266869981,0.1519428357138798,0.13125612461522712,0.9999999999627976,0.41034226188949624,0.7808779761614257,0.9226012107204077,0.3995098238396341,0.3995098238396341
-1.0,0.8,1872.6373291015625,29.448816299438477,4.097860530905682,0.0,0.9,0.40476190476190477,0.6956521739130435,0.0,0.9737499999391406,0.23103334123587552,0.2297671676982022,0.9999999999627976,0.051339285712375775,0.6015624999776205,0.799600141482559,0.14460353223850783,0.14460353223850783
-0.9,0.8,1800.0093994140625,28.420957565307617,3.9690023622926063,0.0,0.9,0.4107142857142857,0.6381909547738693,0.0,0.9545454544851928,0.23408779788231796,0.1267503132567275,0.9999999999627976,0.07403273809248391,0.6056547618822301,0.8094442383638155,0.1580252211571106,0.1580252211571106
-0.8,0.8,1732.234375,27.464242935180664,4.04971372684653,0.0,0.9,0.34598214285714285,0.4074074074074074,0.0,0.8907849828844832,0.16971012568019125,0.0753597909286532,0.9999999999627976,0.12053571428123008,0.5691964285502531,0.9157041062545747,0.24058809257232794,0.24058809257232794
-0.7,0.8,1669.941162109375,26.58683204650879,3.69320787390616,0.0,0.9,0.42782738095238093,0.5458422174840085,0.0,0.8615084524797458,0.27001281885063455,0.17336309523809523,0.9999999999627976,0.17447916666017563,0.6473214285473468,0.8260820634559068,0.20816018734106012,0.20816018734106012
-0.6,0.8,1614.0091552734375,25.797332763671875,3.784047679747033,0.0,0.9,0.42373511904761907,0.48700173310225303,0.0,0.8089089734790891,0.2544445182364926,0.17390136577459725,0.9999999999627976,0.21465773808725233,0.6484374999758766,0.8410747211045211,0.22885977572340416,0.22532636541455564
-0.5,0.8,1564.90185546875,25.10457420349121,3.5518258214579097,0.0,0.9,0.4445684523809524,0.5348525469168901,0.0,0.7675820495132228,0.2765242117713757,0.1918805863599914,0.9999999999627976,0.2775297618944372,0.691220238069523,0.8309570688685035,0.2443509358680621,0.24388941239539602
-0.3999999999999999,0.8,1523.2152099609375,24.517297744750977,3.6364409269308253,0.0,0.9,0.41294642857142855,0.5351418002466092,0.0,0.7610899872774974,0.23962541533931034,0.21054325122046452,0.9999999999627976,0.3017113095125852,0.7001488094977624,0.8858421051263755,0.2807164819491781,0.2807164819491781
-0.29999999999999993,0.8,1489.60302734375,24.043739318847656,3.386948883984263,0.0,0.9,0.4244791666666667,0.5603813559322034,0.0,0.7317388493386077,0.25272902603706227,0.20437056908515333,0.9999999999627976,0.3511904761774111,0.7362351190202294,0.8697183712716636,0.29400614227089195,0.2929271547635006
-0.19999999999999996,0.8,1464.9720458984375,23.6911678314209,3.1807055198914402,0.0,0.9,0.44680059523809523,0.6075697211155379,0.0,0.7350369871731649,0.27114881185432327,0.22389063150827215,0.9999999999627976,0.37351190474800927,0.8098958333032034,0.8267886984986831,0.27900567861391246,0.2773783125978
-0.09999999999999998,0.8,1449.8961181640625,23.46538543701172,3.0227525644765905,0.0,0.9,0.46242559523809523,0.6084656084656085,0.0,0.6927335639659008,0.2919300118100047,0.21945292361721472,0.9999999999627976,0.4218749999843053,0.8697916666343084,0.800983002347243,0.28268963822842463,0.28268963822842463
0.0,0.8,1444.5579833984375,23.370296478271484,3.214714664230182,0.0,0.9,0.4095982142857143,0.5348432055749129,0.0,0.6635160680111206,0.21321223652748145,0.18778619077426978,0.9999999999627976,0.42708333331744486,0.8147321428268329,0.8889895531667734,0.33388731648851766,0.333833621915291
0.10000000000000009,0.8,1449.028564453125,23.407583236694336,2.953892709306578,0.0,0.9,0.4334077380952381,0.5484429065743944,0.0,0.6572554168970942,0.23176816701531197,0.18161580308349384,0.9999999999627976,0.4300595237935246,0.8218005952075224,0.8617864241406421,0.309332027904739,0.309332027904739
0.20000000000000018,0.8,1463.0577392578125,23.576553344726562,2.8169909307983283,0.0,0.9,0.4836309523809524,0.6303972366148531,0.0,0.6916426512469998,0.2658052520026376,0.20858344985787974,0.9999999999627976,0.43080357141254455,0.837797619016451,0.7779144596800236,0.2648644167211171,0.26397778457814497
0.30000000000000004,0.8,1486.37548828125,23.87421417236328,2.8026279030782417,0.0,0.9,0.5033482142857143,0.7082945013979497,0.0,0.7655430711037046,0.28816080758768514,0.23998068022154379,0.9999999999627976,0.39918154760419716,0.8441220237781205,0.7378141598505472,0.2628468743888494,0.24516367242995296
0.40000000000000013,0.8,1518.7015380859375,24.295522689819336,2.876856047728851,0.0,0.9,0.5,0.6685133887349953,0.0,0.7328869047073745,0.27356075779069633,0.2409747285265192,0.9999999999627976,0.40290178569929685,0.8069196428271236,0.7514236234179846,0.24081223075447575,0.23990023685934642
0.5,0.8,1559.3306884765625,24.833776473999023,2.922015600399845,0.0,0.9,0.5286458333333334,0.6625766871165644,0.0,0.6961325966301395,0.31427404608189047,0.2627583712168008,0.9999999999627976,0.42447916665087504,0.8154761904458528,0.7416256557156565,0.2596979403766842,0.2240934265113792
0.6000000000000001,0.8,1607.4383544921875,25.481117248535156,3.390752545866599,0.0,0.9,0.5018601190476191,0.5782918149466192,0.0,0.6460044809076919,0.2859281903948707,0.23546574457540972,0.9999999999627976,0.4181547618892056,0.7979910713988843,0.7911422313167626,0.2802286175469121,0.25996863497558304
0.7000000000000002,0.8,1662.7244873046875,26.228973388671875,3.46641192292078,0.0,0.9,0.45014880952380953,0.5086599817684594,0.0,0.6353179972506551,0.2424770855665907,0.1415205270886617,0.9999999999627976,0.4081101190324364,0.7823660713994656,0.8421010523234973,0.31131022859583546,0.30744518211635674
0.8,0.8,1724.3509521484375,27.068538665771484,3.8137100276516396,0.0,0.9,0.4025297619047619,0.4922232387923147,0.0,0.6544209215034607,0.1951962134713539,0.08630398976483124,0.9999999999627976,0.40662202379439655,0.7499999999720982,0.8917805539117996,0.3544075759959289,0.3544075759959289
0.9000000000000001,0.8,1791.3670654296875,27.991085052490234,3.8961156400376877,0.0,0.9,0.3869047619047619,0.5248041775456919,0.0,0.6686893203477736,0.1730077667323323,0.14287071419999692,0.9999999999627976,0.4274553571269548,0.777529761875836,0.9012421869900703,0.3834098320213109,0.3834098320213109
1.0,0.8,1863.283935546875,28.988256454467773,4.2995485873258605,0.0,0.9,0.34672619047619047,0.529004329004329,0.0,0.6902050113502161,0.14056391804165913,0.12197825048496334,0.9999999999627976,0.4296874999840146,0.7477678571150385,1.0013297476058889,0.43728895968855963,0.43728895968855963
-1.0,0.9000000000000001,1934.9647216796875,30.32884407043457,4.276593300310014,0.0,0.9,0.37611607142857145,0.5899280575539568,0.0,0.9660107333949903,0.202551763664383,0.12237052648011552,0.9999999999627976,0.05171130952188574,0.5736607142643728,0.8633864786677828,0.18063809692037516,0.1786959730337902
-0.9,0.9000000000000001,1865.1212158203125,29.33250617980957,4.290352453507104,0.0,0.9,0.3634672619047619,0.5714285714285714,0.0,0.9491525423174078,0.1919077255267092,0.09758541834813021,0.9999999999627976,0.07552083333052378,0.5844494047401619,0.8853245928881294,0.22270280153775687,0.21806843364170672
-0.8,0.9000000000000001,1800.15625,28.40717887878418,4.2320201807076705,0.0,0.9,0.3482142857142857,0.5488215488215489,0.0,0.9235159816824476,0.18289116953177534,0.09716753522486006,0.9999999999627976,0.11049107142446091,0.5885416666447716,0.9155349782234679,0.2543534142038627,0.2543534142038627
-0.7,0.9000000000000001,1740.9212646484375,27.560449600219727,4.069068989829272,0.0,0.9,0.36904761904761907,0.48131868131868133,0.0,0.8608490565530159,0.20434640473351476,0.10625,0.9999999999627976,0.16927083332703607,0.6149553571199794,0.8932530136718126,0.24682505509867667,0.2434950567938954
-0.6,0.9000000000000001,1687.9051513671875,26.800222396850586,4.008725599553577,0.0,0.9,0.37016369047619047,0.44,0.0,0.8098050796922738,0.20211910303976022,0.09959821509786035,0.9999999999627976,0.2139136904682324,0.6153273809294894,0.9292000467605177,0.27207043438639605,0.27207043438639605
-0.5,0.9000000000000001,1641.4627685546875,26.13450813293457,4.069709308334987,0.0,0.9,0.39992559523809523,0.46956521739130436,0.0,0.7730936143352081,0.23121323403066688,0.09751078710275121,0.9999999999627976,0.25669642856187885,0.6391369047381273,0.917812163523885,0.28070921853230296,0.2804958026371804
-0.3999999999999999,0.9000000000000001,1602.1915283203125,25.571157455444336,3.7342912778044015,0.0,0.9,0.41555059523809523,0.5133495145631068,0.0,0.7447485677438097,0.23469137617577865,0.16944685338308016,0.9999999999627976,0.30654761903621475,0.6655505952133353,0.9012962199045185,0.29337645007094854,0.29185015449600105
-0.29999999999999993,0.9000000000000001,1570.620361328125,25.117483139038086,3.7796314580934824,0.0,0.9,0.4017857142857143,0.5164718384697131,0.0,0.7170398009504328,0.22319965729174773,0.1684426279337874,0.9999999999627976,0.3500744047488812,0.6871279761649134,0.9233273187227207,0.3206303281047374,0.3206303281047374
-0.19999999999999996,0.9000000000000001,1547.5958251953125,24.779891967773438,3.6366176178040504,0.0,0.9,0.39248511904761907,0.5081809432146295,0.0,0.6870789956713362,0.20205591517356372,0.1886742196523561,0.9999999999627976,0.3865327380808582,0.7232142856873804,0.9310220668390813,0.34406095992708086,0.34406095992708086
-0.09999999999999998,0.9000000000000001,1533.4920654296875,24.563459396362305,3.51487992221828,0.0,0.9,0.38467261904761907,0.5083114610673666,0.0,0.6602176541317885,0.19104407421054834,0.16439393498786864,0.9999999999627976,0.425223214269895,0.7518601190196481,0.9456943255873381,0.3650344051939378,0.3640287458353009
0.0,0.9000000000000001,1528.506591796875,24.471588134765625,3.319883083204656,0.0,0.9,0.40848214285714285,0.5397489539748954,0.0,0.6540880502733277,0.2098583588705606,0.19772111403520065,0.9999999999627976,0.4445684523644134,0.813988095207813,0.8935376118012275,0.3447248332281813,0.3447248332281813
0.10000000000000009,0.9000000000000001,1532.598388671875,24.50575828552246,3.225117516786074,0.0,0.9,0.4322916666666667,0.5769534333070244,0.0,0.6487549147674472,0.23147125856724074,0.20177406887848873,0.9999999999627976,0.4713541666491312,0.8407738094925308,0.8549465183139603,0.3272498039880552,0.3261436475275383
0.20000000000000018,0.9000000000000001,1545.4666748046875,24.665393829345703,2.9794206888922075,0.0,0.9,0.43526785714285715,0.5801407349491791,0.0,0.6462450592459654,0.2341723085544321,0.2116955910980938,0.9999999999627976,0.4758184523632508,0.8225446428265423,0.8431958944076653,0.32946736852355957,0.32946736852355957
0.30000000000000004,0.9000000000000001,1567.2039794921875,24.947919845581055,3.3092350710687537,0.0,0.9,0.41964285714285715,0.6305676855895197,0.0,0.7288461537994328,0.2156835476609774,0.2190118991510826,0.9999999999627976,0.4259672618889149,0.800967261874964,0.868684483840803,0.35333519301979643,0.35333519301979643
0.40000000000000013,0.9000000000000001,1597.3448486328125,25.348968505859375,3.261142748493113,0.0,0.9,0.43117559523809523,0.608767576509512,0.0,0.6906474819692185,0.22214443474129592,0.23499450823285595,0.9999999999627976,0.44977678569755297,0.7805059523519158,0.833676404845937,0.3297110795331927,0.323869205533635
0.5,0.9000000000000001,1635.52685546875,25.862682342529297,3.3225334917160922,0.0,0.9,0.43117559523809523,0.5568910256410257,0.0,0.6383257030321565,0.23163041303671073,0.24845798415320106,0.9999999999627976,0.4642857142684418,0.8043154761605538,0.8209157928950875,0.3376381141303796,0.3361948959485216
0.6000000000000001,0.9000000000000001,1680.9976806640625,26.48212242126465,3.437844506661458,0.0,0.9,0.44345238095238093,0.5241864555848724,0.0,0.6383689839145474,0.2437710399034791,0.2634095860566449,0.9999999999627976,0.42299107141283515,0.8046874999700637,0.8254322959205326,0.32422227589132835,0.32279597452966846
0.7000000000000002,0.9000000000000001,1733.2532958984375,27.19964027404785,3.6056213179525467,0.0,0.9,0.4453125,0.5064377682403434,0.0,0.6143527833256638,0.2504530946896523,0.18606587078302272,0.9999999999627976,0.4334077380791143,0.7957589285418245,0.8478030761515567,0.3157857229853731,0.3157857229853731
0.8,0.9000000000000001,1791.7857666015625,28.007274627685547,3.798552470018589,0.0,0.9,0.4103422619047619,0.5038759689922481,0.0,0.6365930598967449,0.21263634681329172,0.10185535582886576,0.9999999999627976,0.4319196428410744,0.7883184523516251,0.8887327412000753,0.3517756845826451,0.3517756845826451
0.9000000000000001,0.9000000000000001,1855.7886962890625,28.897058486938477,4.157760610217758,0.0,0.9,0.3671875,0.48314606741573035,0.0,0.648442092848416,0.1607033345942664,0.08960095148673794,0.9999999999627976,0.43043154760303454,0.7619047618764173,0.9788725119130184,0.41980587736966946,0.4194427953085452
1.0,0.9000000000000001,1924.7232666015625,29.861257553100586,4.4164444500356,0.0,0.9,0.3645833333333333,0.5555555555555556,0.0,0.6768149882507719,0.14785150191514165,0.13478036003475927,0.9999999999627976,0.462053571411382,0.7838541666375055,0.9948279461569793,0.4414925228924249,0.4414925228924249
-1.0,1.0,2002.3017578125,31.280349731445312,4.733394912394287,0.0,0.9,0.33891369047619047,0.34294871794871795,0.0,0.8846370286502736,0.17089863393644367,0.09954311534076726,0.9999999999627976,0.11607142856711045,0.5442708333130852,0.9504850997647107,0.24016691142933552,0.23226316976654518
-0.9,1.0,1935.1737060546875,30.315963745117188,4.525166285049391,0.0,0.9,0.35825892857142855,0.3971830985915493,0.0,0.875942028934728,0.1948165472857301,0.09083230564811505,0.9999999999627976,0.13206845237603912,0.5539434523603444,0.9313229943626065,0.23715724050635803,0.2260553431766634
-0.8,1.0,1873.0665283203125,29.422245025634766,4.429223152241532,0.0,0.9,0.37351190476190477,0.5538847117794486,0.0,0.8942992873578207,0.20048603607450882,0.10905855648557282,0.9999999999627976,0.14843749999447778,0.5885416666447716,0.9123551663879644,0.24055458819964484,0.2376558715099646
-0.7,1.0,1816.6685791015625,28.606201171875,4.302098621615734,0.0,0.9,0.36421130952380953,0.5638506876227898,0.0,0.8700994733253306,0.19119746686709374,0.10273257980375108,0.9999999999627976,0.1893601190405744,0.6015624999776205,0.9315871205955826,0.27445638455877464,0.27130841837358227
-0.6,1.0,1766.157470703125,27.875049591064453,4.23399249272196,0.0,0.9,0.35453869047619047,0.49390243902439024,0.0,0.8086455330946025,0.17744474278739064,0.09756488881488881,0.9999999999627976,0.24404761903853991,0.6168154761675292,0.9463024049692678,0.3051084814531454,0.3051084814531454
-0.5,1.0,1722.1966552734375,27.23602867126465,4.144209607792994,0.0,0.9,0.3333333333333333,0.48621553884711777,0.0,0.7712053570998211,0.14417589966497807,0.09986367309386596,0.9999999999627976,0.29687499998895556,0.6090029761678198,0.9807125989736619,0.35230134290432086,0.3493306220935908
-0.3999999999999999,1.0,1685.094970703125,26.696151733398438,4.193703953658019,0.0,0.9,0.37276785714285715,0.5334063526834611,0.0,0.7473309608097668,0.1675199294376652,0.15286336230615796,0.9999999999627976,0.339657738082602,0.6521577380709763,0.9441489844640182,0.3390911376419888,0.338859284785891
-0.29999999999999993,1.0,1655.4637451171875,26.26190185546875,4.076679850136192,0.0,0.9,0.35751488095238093,0.4563894523326572,0.0,0.6896352055188398,0.15808677773142318,0.09833021223470662,0.9999999999627976,0.3668154761768298,0.6294642856908682,0.9994546758357371,0.3704686787397823,0.3704686787397823
-0.19999999999999996,1.0,1633.8702392578125,25.938892364501953,3.8570804560878345,0.0,0.9,0.38095238095238093,0.4765840220385675,0.0,0.6574519230374127,0.1965089092464251,0.1361860348410966,0.9999999999627976,0.40513392855635666,0.6826636904507938,0.9750529221927197,0.37031008355971884,0.37009310960079395
-0.09999999999999998,1.0,1620.6644287109375,25.731557846069336,3.763183806178719,0.0,0.9,0.39620535714285715,0.48662640207075064,0.0,0.6333949475888234,0.1984972812429726,0.1708683966367016,0.9999999999627976,0.4311755952220545,0.7671130952095568,0.949201911517138,0.3608947154980747,0.36051507558579354
0.0,1.0,1615.9691162109375,25.642864227294922,3.8803963057906503,0.0,0.9,0.3671875,0.46536267318663405,0.0,0.6143445031972754,0.1705429216401008,0.149764747397446,0.9999999999627976,0.45647321426873244,0.7566964285432777,1.0016754030583364,0.4036250582319864,0.4019237677714628
0.10000000000000009,1.0,1619.671875,25.67410659790039,3.670606893927914,0.0,0.9,0.3790922619047619,0.4673998428908091,0.0,0.5937687237511223,0.18471155964261154,0.1579827704038167,0.9999999999627976,0.473586309506191,0.7812499999709357,0.9851235916032104,0.39687047811945275,0.3961079687065362
0.20000000000000018,1.0,1631.62646484375,25.82480239868164,3.754185491660552,0.0,0.9,0.3932291666666667,0.4926184926184926,0.0,0.5996321274923585,0.19118730254209043,0.18280061910917228,0.9999999999627976,0.4787946428393306,0.7626488094954372,0.9667235901988411,0.3968842065442606,0.39574838118477407
0.30000000000000004,1.0,1651.9046630859375,26.092750549316406,3.56470539175246,0.0,0.9,0.3939732142857143,0.5004149377593361,0.0,0.6304481276469952,0.20119160967703004,0.16672072351577133,0.9999999999627976,0.4482886904595131,0.764508928542987,0.9484165779803576,0.3915603597669408,0.3915603597669408
0.40000000000000013,1.0,1680.1510009765625,26.474172592163086,3.562122949565804,0.0,0.9,0.39620535714285715,0.49659284497444633,0.0,0.6358595193693247,0.19373049404520604,0.18692291175047454,0.9999999999627976,0.43675595236470405,0.7693452380666167,0.9174715357798038,0.3744338774495886,0.3744338774495886
0.5,1.0,1715.992919921875,26.963966369628906,3.6766451679973557,0.0,0.9,0.4099702380952381,0.4884297520661157,0.0,0.6097099621305353,0.21381274291056349,0.16981584434883984,0.9999999999627976,0.45014880950706293,0.7905505952086849,0.9018430008219008,0.3780504338567787,0.3716516599847534
0.6000000000000001,1.0,1758.9202880859375,27.556028366088867,3.8028720697048723,0.0,0.9,0.4095982142857143,0.49411764705882355,0.0,0.6206679268670027,0.21496220653967107,0.18147570947570948,0.9999999999627976,0.44270833331686354,0.8039434523510438,0.8999773774318228,0.3704991553242371,0.370170630851857
0.7000000000000002,1.0,1808.4078369140625,28.24355697631836,4.104507794144293,0.0,0.9,0.3861607142857143,0.48,0.0,0.6139393939021854,0.1904334923123455,0.11056786785386849,0.9999999999627976,0.45572916664971247,0.7860863094945653,0.9472166289060763,0.3898211860629516,0.3888603071665645
0.8,1.0,1864.0345458984375,29.019411087036133,4.384681010024499,0.0,0.9,0.36495535714285715,0.46875,0.0,0.6215582893601899,0.17284268422007737,0.077858842020305,0.9999999999627976,0.45238095236412273,0.7619047618764173,0.9994764825123738,0.41503623293873443,0.41503623293873443
0.9000000000000001,1.0,1925.203369140625,29.876340866088867,4.427117984312671,0.0,0.9,0.36123511904761907,0.48089171974522293,0.0,0.6202679091077304,0.15092221994359284,0.0809859865142187,0.9999999999627976,0.4672619047445215,0.7793898809233858,1.0061520541640432,0.44232209878645384,0.4421996454662049
1.0,1.0,1991.301025390625,30.807233810424805,4.865568802238831,0.0,0.9,0.33482142857142855,0.4637784090909091,0.0,0.5777404921377103,0.13159415380912629,0.10323789000290494,0.9999999999627976,0.5238095237900369,0.765997023781027,1.0792627986369192,0.49747268075428064,0.49747268075428064
