-1.0,-1.0,4208.1630859375,105.11890411376953,inf,0.0,0.9,0.028409090909090908,0.029498525073746312,0.0,0.03801169590087548,0.006688226545244345,0.007109386356459501,0.9999999998579546,0.9630681816813824,0.2826704545053025,1.9232409879146775,0.30554019001732713,0.30554019001732713
-0.9,-1.0,4081.183837890625,103.11640167236328,inf,0.0,0.9,0.028409090909090908,0.02631578947368421,0.0,0.026315789469836873,0.006314826151211037,0.005362240730400976,0.9999999998579546,0.971590908952899,0.26278409087176363,1.9294406971668845,0.23971801864411596,0.23971801864411596
-0.8,-1.0,3964.13330078125,101.27564239501953,inf,0.0,0.9,0.028409090909090908,0.02785923753665689,0.0,0.030701754381476352,0.006040994201035414,0.005684933168376876,0.9999999998579546,0.9687499998623935,0.25142045450974143,1.9259252813803622,0.20358641772826166,0.20358641772826166
-0.7,-1.0,3857.986083984375,99.61212158203125,inf,0.0,0.9,0.028409090909090908,0.02936857562408223,0.0,0.033625730989236005,0.006912265027019125,0.007135995732202572,0.9999999998579546,0.9673295453171408,0.23153409087620255,1.926041301970761,0.1877602534954324,0.1877602534954324
-0.6,-1.0,3763.24169921875,98.1417465209961,inf,0.0,0.9,0.036931818181818184,0.036656891495601175,0.0,0.030973451322865275,0.010993911335296747,0.010353768030719027,0.9999999998579546,0.9687499998623935,0.2400568181477192,1.9146699825139126,0.18195163709933126,0.18195163709933126
-0.5,-1.0,3681.0615234375,96.88035583496094,inf,0.0,0.9,0.041193181818181816,0.04142011834319527,0.0,0.039999999994074074,0.009253434737305704,0.009779031631741219,0.9999999998579546,0.9602272725908768,0.2528409090549942,1.900991745920366,0.1503828613877943,0.1503828613877943
-0.3999999999999999,-1.0,3611.882568359375,95.8431396484375,inf,0.0,0.9,0.052556818181818184,0.053019145802650956,0.0,0.035982008990107645,0.024872138883934983,0.025153229933174485,0.9999999998579546,0.9644886362266352,0.2599431817812581,1.8801304677140172,0.151423936344537,0.151423936344537
-0.29999999999999993,-1.0,3556.469482421875,95.04393768310547,inf,0.0,0.9,0.07386363636363637,0.07267441860465117,0.0,0.0214723926347435,0.030894967364755183,0.03014866485565804,0.9999999998579546,0.9772727271339102,0.26988636359802753,1.8441091252812558,0.11477585371873257,0.11477585371873257
-0.19999999999999996,-1.0,3515.935791015625,94.49427032470703,inf,0.0,0.9,0.07244318181818182,0.07488986784140969,0.0,0.03522205206198744,0.026185644034328246,0.026997971118271867,0.9999999998579546,0.9673295453171408,0.27414772723378583,1.8407059831053598,0.16591287672620134,0.16591287672620134
-0.09999999999999998,-1.0,3491.061279296875,94.20265197753906,inf,0.0,0.9,0.09517045454545454,0.097953216374269,0.0,0.0313971742493882,0.03155701879211123,0.03212474431272043,0.9999999998579546,0.971590908952899,0.29261363632207193,1.7986347637161804,0.1305294088313041,0.1305294088313041
0.0,-1.0,3481.844482421875,94.17395782470703,inf,0.0,0.9,0.09375,0.0967741935483871,0.0,0.03448275861528484,0.024130549716174312,0.024671633359226043,0.9999999998579546,0.9687499998623935,0.3011363635935886,1.7974343196230194,0.13718648684261212,0.13718648684261212
0.10000000000000009,-1.0,3488.30029296875,94.40922546386719,inf,0.0,0.9,0.125,0.12572254335260116,0.0,0.01785714285424397,0.03687864981730545,0.03619197065689228,0.9999999998579546,0.9829545453149213,0.3423295454059191,1.742128254780177,0.06610408093571435,0.06610408093571435
0.20000000000000018,-1.0,3510.52490234375,94.90565490722656,inf,0.0,0.9,0.11079545454545454,0.11353711790393013,0.0,0.02715654951642867,0.0289548538587344,0.02923624073538408,0.9999999998579546,0.9758522725886574,0.32244318177238024,1.7675021638964374,0.03502981737904616,0.03502981737904616
0.30000000000000004,-1.0,3547.99951171875,95.6569595336914,inf,0.0,0.9,0.109375,0.1111111111111111,0.0,0.017543859646324746,0.028603624138613996,0.028900569288500322,0.9999999998579546,0.9843749998601741,0.31818181813662194,1.7755198078758523,0.028724274531680666,-0.0036121352869935685
0.40000000000000013,-1.0,3600.12109375,96.6538314819336,inf,0.0,0.9,0.11647727272727272,0.11654676258992806,0.0,0.012861736332337342,0.03172749691833802,0.031012525021966407,0.9999999998579546,0.9872159089506796,0.31818181813662194,1.7628504516327452,0.05208123858308039,-0.03418124220449206
0.5,-1.0,3666.864501953125,97.88451385498047,inf,0.0,0.9,0.11079545454545454,0.11063218390804598,0.0,0.011182108624411805,0.02868258609655046,0.028540879949713823,0.9999999998579546,0.9886363634959324,0.30539772722934694,1.7746427927117356,0.07943431518317844,-0.06599443851865926
0.6000000000000001,-1.0,3747.6787109375,99.3354721069336,inf,0.0,0.9,0.11363636363636363,0.11396011396011396,0.0,0.003205128204614563,0.029597759729141325,0.029760815867040227,0.9999999998579546,0.997159090767449,0.28693181814106083,1.771248250679082,0.08734677457539251,-0.08342353154858352
0.7000000000000002,-1.0,3840.885009765625,100.99211883544922,inf,0.0,0.9,0.10511363636363637,0.10398860398860399,0.0,0.0015873015870496348,0.022914712263355144,0.02261259937824763,0.9999999998579546,0.997159090767449,0.2897727272315664,1.789520449637587,0.08171204779164609,-0.08022894068370662
0.8,-1.0,3946.023193359375,102.83926391601562,inf,0.0,0.9,0.11931818181818182,0.11948790896159317,0.0,0.001612903225546306,0.027569443349984093,0.027584063233025032,0.9999999998579546,0.9985795453127018,0.3068181817745997,1.7605350986558304,0.10882918882509174,-0.10715618753528511
0.9000000000000001,-1.0,4062.05615234375,104.86174011230469,inf,0.0,0.9,0.12642045454545456,0.12642045454545456,0.0,0.0,0.029353687248424087,0.029353687248424087,0.9999999998579546,0.9999999998579546,0.29971590904833584,1.747155122838492,0.12074062302767556,-0.12074062302767556
1.0,-1.0,4188.1904296875,107.04473114013672,inf,0.0,0.9,0.11931818181818182,0.11931818181818182,0.0,0.0,0.030266708375828753,0.030266708375828753,0.9999999998579546,0.9999999998579546,0.29971590904833584,1.7612601798643361,0.1151105810476582,-0.1151105810476582
-1.0,-0.9,4081.210205078125,103.05673217773438,inf,0.0,0.9,0.03125,0.028700906344410877,0.0,0.05718475072475297,0.008297547771878402,0.007121521056480407,0.9999999998579546,0.940340908957338,0.3508522726774358,1.9114014407895128,0.4376156874310893,0.4376156874310893
-0.9,-0.9,3949.649169921875,100.97398376464844,inf,0.0,0.9,0.02556818181818182,0.022388059701492536,0.0,0.04518950436659045,0.006071798012337949,0.00436310815361625,0.9999999998579546,0.9517045453193602,0.3565340908584469,1.9277189508130883,0.3301125688813132,0.3301125688813132
-0.8,-0.9,3828.471923828125,99.05296325683594,inf,0.0,0.9,0.029829545454545456,0.02967359050445104,0.0,0.04245973645059155,0.007394151056122887,0.007707912689899676,0.9999999998579546,0.9573863635003713,0.3309659090438969,1.9216931903970729,0.3071000629623842,0.3071000629623842
-0.7,-0.9,3718.36767578125,97.31047821044922,inf,0.0,0.9,0.029829545454545456,0.02976190476190476,0.0,0.04538799413683924,0.009360051342901637,0.009495773903848157,0.9999999998579546,0.9545454544098657,0.3196022726818747,1.9177724133245078,0.2874547835406655,0.2874547835406655
-0.6,-0.9,3620.153564453125,95.76390838623047,inf,0.0,0.9,0.03409090909090909,0.03566121842496285,0.0,0.0455882352874135,0.011740994481146181,0.01283864283864284,0.9999999998579546,0.9559659089551186,0.29261363632207193,1.9076894824299653,0.2452503974668423,0.2452503974668423
-0.5,-0.9,3534.656005859375,94.4307632446289,inf,0.0,0.9,0.03551136363636364,0.03392330383480826,0.0,0.0353460971965617,0.010002869605142331,0.008366748329250202,0.9999999998579546,0.9630681816813824,0.2954545454125775,1.9092155806287328,0.27229890664531525,0.27229890664531525
-0.3999999999999999,-0.9,3462.5537109375,93.32805633544922,inf,0.0,0.9,0.05539772727272727,0.05693430656934306,0.0,0.02857142856713212,0.01867750309622767,0.01927157223387026,0.9999999998579546,0.9730113634981519,0.3196022726818747,1.873668048772122,0.2432857058691324,0.2432857058691324
-0.29999999999999993,-0.9,3404.95947265625,92.4715576171875,inf,0.0,0.9,0.07386363636363637,0.07555555555555556,0.0,0.042944785269487,0.031249778273395742,0.03229411370801491,0.9999999998579546,0.9588068180456241,0.32386363631763304,1.8303934361993335,0.2724758657581674,0.2724758657581674
-0.19999999999999996,-0.9,3362.572998046875,91.87474060058594,inf,0.0,0.9,0.07954545454545454,0.08,0.0,0.04166666666023663,0.036985984223948054,0.03831639621867549,0.9999999998579546,0.9588068180456241,0.31818181813662194,1.8203930718752441,0.2998911466963906,0.2998911466963906
-0.09999999999999998,-0.9,3336.263427734375,91.54792022705078,inf,0.0,0.9,0.08806818181818182,0.09118086696562033,0.0,0.05295950154938326,0.02976750594223933,0.030595246830540948,0.9999999998579546,0.9502840907741075,0.3380681817701608,1.8009368886082555,0.31098959799227605,0.31098959799227605
0.0,-0.9,3326.552001953125,91.49732971191406,inf,0.0,0.9,0.10795454545454546,0.1111111111111111,0.0,0.057324840755203055,0.036027554798284546,0.03445066075690015,0.9999999998579546,0.9460227271383491,0.35369318176794134,1.7593063258689055,0.25056843005251417,0.25056843005251417
0.10000000000000009,-0.9,3333.0009765625,91.72462463378906,inf,0.0,0.9,0.12357954545454546,0.13050075872534142,0.0,0.07131280387823132,0.04829265929722391,0.04948749930083892,0.9999999998579546,0.9360795453215797,0.3678977272204691,1.7224910322444773,0.19673271667782255,0.19673271667782255
0.20000000000000018,-0.9,3356.19677734375,92.2269287109375,inf,0.0,0.9,0.125,0.13114754098360656,0.0,0.053571428562731914,0.036972610676878966,0.03842306744922537,0.9999999998579546,0.953124999864613,0.38352272721824965,1.730093174207645,0.12033396803892485,0.12033396803892485
0.30000000000000004,-0.9,3395.458251953125,92.99713134765625,inf,0.0,0.9,0.10795454545454546,0.10964912280701754,0.0,0.030254777065246055,0.033508999426739204,0.03393257735324127,0.9999999998579546,0.971590908952899,0.34659090904167744,1.7708280566712702,0.09457781220660165,0.09457781220660165
0.40000000000000013,-0.9,3449.876953125,94.0245590209961,inf,0.0,0.9,0.11079545454545454,0.11255411255411256,0.0,0.01757188498121855,0.036488138043550195,0.03712000707138153,0.9999999998579546,0.9843749998601741,0.31818181813662194,1.7713816480389089,0.013509446795813044,0.00938112645306144
0.5,-0.9,3519.7099609375,95.29576110839844,inf,0.0,0.9,0.109375,0.11079136690647481,0.0,0.014354066983356608,0.033704735339587365,0.03389826689951622,0.9999999998579546,0.9872159089506796,0.29829545450308304,1.7740621386002877,0.028447638106967838,-0.010118226191991372
0.6000000000000001,-0.9,3603.735107421875,96.79539489746094,inf,0.0,0.9,0.11931818181818182,0.11874105865522175,0.0,0.006451612902185224,0.03518567906594514,0.035140063235055786,0.9999999998579546,0.9928977271316907,0.2911931817768192,1.7592945829068838,0.0667677459225686,-0.05838723190916494
0.7000000000000002,-0.9,3700.566650390625,98.50703430175781,inf,0.0,0.9,0.11789772727272728,0.11908177905308465,0.0,0.011272141705109156,0.028909073963060652,0.029198621890978625,0.9999999998579546,0.9900568180411852,0.2968749999578303,1.7594670780713277,0.08728685426040092,-0.07280776791164911
0.8,-0.9,3809.445068359375,100.41387939453125,inf,0.0,0.9,0.11505681818181818,0.11505681818181818,0.0,0.0,0.026783637092622166,0.026783637092622166,0.9999999998579546,0.9999999998579546,0.2897727272315664,1.769791167447591,0.09806032308326505,-0.09806032308326505
0.9000000000000001,-0.9,3929.66015625,102.49928283691406,inf,0.0,0.9,0.12215909090909091,0.12215909090909091,0.0,0.0,0.02737759579978695,0.02737759579978695,0.9999999998579546,0.9999999998579546,0.3068181817745997,1.7554445718160485,0.10523708586765894,-0.10523708586765894
1.0,-0.9,4060.259765625,104.74717712402344,inf,0.0,0.9,0.12073863636363637,0.12091038406827881,0.0,0.0016155088850378823,0.025214539204558472,0.02531808269282354,0.9999999998579546,0.9985795453127018,0.2968749999578303,1.7578452704765697,0.11592045534700017,-0.11419347833146436
-1.0,-0.8,3963.8408203125,101.15874481201172,inf,0.0,0.9,0.032670454545454544,0.030534351145038167,0.0,0.06754772392547023,0.00975695971406645,0.007113956593907173,0.9999999998579546,0.9303977271405686,0.36505681812996355,1.9012822186135092,0.6669826671182323,0.6669826671182323
-0.9,-0.8,3828.132568359375,98.99711608886719,inf,0.0,0.9,0.024147727272727272,0.022556390977443608,0.0,0.053857350792742745,0.006212242321304109,0.0035638108954502766,0.9999999998579546,0.9446022725930963,0.3508522726774358,1.9229173228496037,0.5649023447170104,0.5649023447170104
-0.8,-0.8,3702.708984375,96.9966812133789,inf,0.0,0.9,0.02556818181818182,0.02533532041728763,0.0,0.04664723031389982,0.00628621718409723,0.005554538041760785,0.9999999998579546,0.953124999864613,0.3963068181255246,1.9240747780634255,0.496453885971487,0.496453885971487
-0.7,-0.8,3588.771240234375,95.17546844482422,inf,0.0,0.9,0.032670454545454544,0.02457757296466974,0.0,0.06754772392547023,0.009814694365856445,0.0037398456197121383,0.9999999998579546,0.9247159089595575,0.36931818176572184,1.8994863112835096,0.42668009105679183,0.42668009105679183
-0.6,-0.8,3487.181640625,93.55245971679688,inf,0.0,0.9,0.041193181818181816,0.04294478527607362,0.0,0.07555555554436215,0.012003549861630549,0.012299677957256144,0.9999999998579546,0.9261363635048102,0.3721590908562274,1.8860445168417157,0.39419827341170627,0.39419827341170627
-0.5,-0.8,3398.548828125,92.14690399169922,inf,0.0,0.9,0.04971590909090909,0.04732824427480916,0.0,0.0672645739809769,0.019356091797009516,0.01684276547498432,0.9999999998579546,0.9303977271405686,0.35937499994895244,1.8695743102383207,0.4182078132329428,0.4182078132329428
-0.3999999999999999,-0.8,3323.696044921875,90.9777603149414,inf,0.0,0.9,0.05539772727272727,0.04573170731707317,0.0,0.05864661653253435,0.019761864822388973,0.014884972436520002,0.9999999998579546,0.9318181816858213,0.37073863631097465,1.8641570568273584,0.4206977647474656,0.4206977647474656
-0.29999999999999993,-0.8,3263.752197265625,90.06275939941406,inf,0.0,0.9,0.07670454545454546,0.0779816513761468,0.0,0.07230769229656805,0.03581486487591154,0.03720258718610861,0.9999999998579546,0.9289772725953158,0.3607954544942052,1.8137553853127866,0.42600917225942003,0.42600917225942003
-0.19999999999999996,-0.8,3219.554443359375,89.41741180419922,inf,0.0,0.9,0.07386363636363637,0.08,0.0,0.08282208587686778,0.02554025846691249,0.028288732384425027,0.9999999998579546,0.9232954544143047,0.3678977272204691,1.8142661345332984,0.4947692619581547,0.4947692619581547
-0.09999999999999998,-0.8,3192.053955078125,89.05384063720703,inf,0.0,0.9,0.08948863636363637,0.09448818897637795,0.0,0.10296411854867955,0.03481914770061809,0.03680441690006832,0.9999999998579546,0.9019886362355131,0.39346590903501905,1.779080008517685,0.4720456597012215,0.4720456597012215
0.0,-0.8,3181.56982421875,88.97974395751953,inf,0.0,0.9,0.11079545454545454,0.1178343949044586,0.0,0.11501597442252141,0.04119261958635221,0.042002058831869735,0.9999999998579546,0.8920454544187436,0.3977272726707774,1.726967093399061,0.4205865193589976,0.4205865193589976
0.10000000000000009,-0.8,3188.2841796875,89.19764709472656,inf,0.0,0.9,0.10795454545454546,0.1179245283018868,0.0,0.10668789807218346,0.03575615292490239,0.03824522666935107,0.9999999998579546,0.9034090907807658,0.41193181812330515,1.7355583896327966,0.3689768794931455,0.3689768794931455
0.20000000000000018,-0.8,3212.165283203125,89.70471954345703,inf,0.0,0.9,0.13210227272727273,0.141321044546851,0.0,0.08510638296479438,0.04341308477105905,0.04665655050126168,0.9999999998579546,0.9247159089595575,0.4218749999400746,1.7000438600824972,0.2586908927206074,0.2586908927206074
0.30000000000000004,-0.8,3253.080322265625,90.49308776855469,inf,0.0,0.9,0.12215909090909091,0.1263001485884101,0.0,0.04854368931253339,0.038021684710559535,0.03786175993090955,0.9999999998579546,0.9559659089551186,0.3906249999445135,1.7352768094146096,0.20689998314229477,0.2065650548661619
0.40000000000000013,-0.8,3309.862060546875,91.55062866210938,inf,0.0,0.9,0.10511363636363637,0.1067251461988304,0.0,0.03015873015394306,0.03234797181038104,0.03294583941323072,0.9999999998579546,0.971590908952899,0.33380681813440244,1.776444039426555,0.13423088266965527,0.13423088266965527
0.5,-0.8,3382.5439453125,92.86207580566406,inf,0.0,0.9,0.10653409090909091,0.10869565217391304,0.0,0.022257551665777815,0.028896844551098793,0.029740225445265615,0.9999999998579546,0.9801136362244157,0.3068181817745997,1.778020865416431,0.06180007975078825,0.06180007975078825
0.6000000000000001,-0.8,3469.777587890625,94.41010284423828,inf,0.0,0.9,0.10653409090909091,0.10806916426512968,0.0,0.015898251189841298,0.03241870534658235,0.03334523642296243,0.9999999998579546,0.9857954544054268,0.2727272726885331,1.780255901312014,0.02235901018344676,0.02235901018344676
0.7000000000000002,-0.8,3570.09326171875,96.17632293701172,inf,0.0,0.9,0.11789772727272728,0.11891117478510028,0.0,0.00966183574723642,0.0326362314441896,0.03282226913563903,0.9999999998579546,0.9914772725864379,0.28835227268631364,1.7597716535192764,0.05809881634718862,-0.04543913499913653
0.8,-0.8,3683.05322265625,98.1421890258789,inf,0.0,0.9,0.12357954545454546,0.12393162393162394,0.0,0.003241491085374151,0.03146975890278241,0.031544001368899025,0.9999999998579546,0.997159090767449,0.30397727268409414,1.7519089212070516,0.08921259975839002,-0.0843347043781775
0.9000000000000001,-0.8,3807.408935546875,100.28958892822266,inf,0.0,0.9,0.11079545454545454,0.11095305832147938,0.0,0.0015974440892016863,0.024987861047516616,0.025007106148205345,0.9999999998579546,0.9985795453127018,0.2954545454125775,1.7780129678086356,0.09224514251562059,-0.0897050835516348
1.0,-0.8,3942.03515625,102.6012191772461,inf,0.0,0.9,0.12215909090909091,0.1225071225071225,0.0,0.0032362459541688923,0.02648856990962254,0.026542622952677942,0.9999999998579546,0.997159090767449,0.30539772722934694,1.7546477013960549,0.11863258534097537,-0.11432797507127798
-1.0,-0.7,3856.989501953125,99.43929290771484,inf,0.0,0.9,0.03977272727272727,0.0313588850174216,0.0,0.1775147928731487,0.010423270594960484,0.007069419145921877,0.9999999998579546,0.8153409089750937,0.3806818181277441,1.8367977921301182,0.8273448291298117,0.8273448291298117
-0.9,-0.7,3717.230224609375,97.20157623291016,inf,0.0,0.9,0.02556818181818182,0.024154589371980676,0.0,0.11661807578474956,0.00501717032967033,0.0034743407226628703,0.9999999998579546,0.8821022726019742,0.3664772726752163,1.893214761296156,0.8269982080932909,0.8269982080932909
-0.8,-0.7,3587.8564453125,95.12386322021484,inf,0.0,0.9,0.022727272727272728,0.02304147465437788,0.0,0.07558139533785155,0.00456323921372647,0.0036311950225273544,0.9999999998579546,0.9247159089595575,0.374999999946733,1.9124699617077618,0.7557737187621376,0.7557737187621376
-0.7,-0.7,3470.365966796875,93.22552490234375,inf,0.0,0.9,0.03835227272727273,0.0296875,0.0,0.0827178729567625,0.013563819643421736,0.008036811157015761,0.9999999998579546,0.9090909089617769,0.3863636363087552,1.8823738163903283,0.6675813404326847,0.6675813404326847
-0.6,-0.7,3365.418701171875,91.52703857421875,inf,0.0,0.9,0.03835227272727273,0.038880248833592534,0.0,0.08714918757944622,0.01722904857203471,0.01431368668677953,0.9999999998579546,0.9133522725975353,0.37642045449198575,1.8739280085334313,0.6796016405750737,0.6796016405750737
-0.5,-0.7,3273.877685546875,90.04950714111328,inf,0.0,0.9,0.056818181818181816,0.0589171974522293,0.0,0.10993975901958739,0.023560626793385418,0.02303615776887839,0.9999999998579546,0.8920454544187436,0.38778409085400795,1.834842067897395,0.6557798066563513,0.6557798066563513
-0.3999999999999999,-0.7,3196.436279296875,88.81391906738281,inf,0.0,0.9,0.06960227272727272,0.06369426751592357,0.0,0.10229007632026106,0.029551381208370583,0.02588960875520151,0.9999999998579546,0.8920454544187436,0.41761363630431625,1.8125132786592177,0.6359434773057195,0.6359434773057195
-0.29999999999999993,-0.7,3134.285888671875,87.84012603759766,inf,0.0,0.9,0.07954545454545454,0.08006535947712418,0.0,0.13117283948593011,0.034462031962031965,0.03500708338345161,0.9999999998579546,0.8693181816946992,0.4161931817590635,1.7857855951017347,0.6375120919043206,0.6375120919043206
-0.19999999999999996,-0.7,3088.233154296875,87.14566802978516,inf,0.0,0.9,0.08664772727272728,0.0935483870967742,0.0,0.12597200620124852,0.04136997702412428,0.04266798013412107,0.9999999998579546,0.8806818180567214,0.46022727266189956,1.7713103148096994,0.6722705962858726,0.6722705962858726
-0.09999999999999998,-0.7,3059.59423828125,86.7445297241211,inf,0.0,0.9,0.10795454545454546,0.11577181208053691,0.0,0.16082802545209746,0.05290884940022387,0.05950034591535173,0.9999999998579546,0.8465909089706547,0.470170454478669,1.7153369409179617,0.6373375615176081,0.6367181765231402
0.0,-0.7,3048.640869140625,86.64588928222656,inf,0.0,0.9,0.12073863636363637,0.13494809688581316,0.0,0.192245557319508,0.05494114179020379,0.05654187454425162,0.9999999998579546,0.8210227271561048,0.4886363635669551,1.676421153546303,0.5805558865152444,0.5805558865152444
0.10000000000000009,-0.7,3055.455322265625,86.8531723022461,inf,0.0,0.9,0.13494318181818182,0.14983164983164984,0.0,0.1707717569506122,0.05329401627469911,0.054255192005121224,0.9999999998579546,0.8437499998801492,0.47869318175018566,1.6602688397191105,0.5381863419449762,0.5381863419449762
0.20000000000000018,-0.7,3080.13671875,87.36367797851562,inf,0.0,0.9,0.1434659090909091,0.1620745542949757,0.0,0.14262023214881922,0.04477935573091769,0.051970604919967286,0.9999999998579546,0.8764204544209631,0.470170454478669,1.655344243496533,0.44704245156613515,0.44704245156613515
0.30000000000000004,-0.7,3122.10693359375,88.16887664794922,inf,0.0,0.9,0.13068181818181818,0.13771517996870108,0.0,0.09967320259809262,0.0437587841633178,0.044047314670059255,0.9999999998579546,0.9076704544165242,0.4403409090283607,1.7005763104099885,0.35273062561433344,0.35273062561433344
0.40000000000000013,-0.7,3181.415283203125,89.25521087646484,inf,0.0,0.9,0.12073863636363637,0.1282051282051282,0.0,0.06623586428655318,0.039667386653222524,0.042204845841011626,0.9999999998579546,0.9417613635025908,0.4147727272138107,1.7307027798943164,0.2691990069546242,0.2691990069546242
0.5,-0.7,3256.86181640625,90.60554504394531,inf,0.0,0.9,0.12642045454545456,0.12797619047619047,0.0,0.047154471537048055,0.037211959664283804,0.03736896510170264,0.9999999998579546,0.9545454544098657,0.37073863631097465,1.7282089684601438,0.18072267846438256,0.18072267846438256
0.6000000000000001,-0.7,3347.285888671875,92.20037078857422,inf,0.0,0.9,0.11931818181818182,0.12209302325581395,0.0,0.025806451608740896,0.03842670467670468,0.03944839544506365,0.9999999998579546,0.9772727271339102,0.28693181814106083,1.7495904279506616,0.07054165936118259,0.07054165936118259
0.7000000000000002,-0.7,3451.224853515625,94.01935577392578,inf,0.0,0.9,0.11363636363636363,0.11577424023154848,0.0,0.02083333332999466,0.0251529634824165,0.025664556613003413,0.9999999998579546,0.9815340907696685,0.2784090908695442,1.7660283323324566,0.025327518322373642,0.025327518322373642
0.8,-0.7,3568.059326171875,96.04218292236328,inf,0.0,0.9,0.11789772727272728,0.11874105865522175,0.0,0.008051529789363684,0.02530772530106314,0.025500417172812685,0.9999999998579546,0.9928977271316907,0.28693181814106083,1.7609938633397073,0.05757849548478645,-0.04791243523597039
0.9000000000000001,-0.7,3696.326171875,98.24923706054688,inf,0.0,0.9,0.12215909090909091,0.12215909090909091,0.0,0.0,0.02538441312634861,0.02538441312634861,0.9999999998579546,0.9999999998579546,0.29261363632207193,1.7553597577470177,0.08255123820561856,-0.08255123820561856
1.0,-0.7,3835.0498046875,100.62210845947266,inf,0.0,0.9,0.11363636363636363,0.11253561253561253,0.0,0.0016025641023072815,0.021953794286830974,0.021652589467553867,0.9999999998579546,0.997159090767449,0.29403409086732474,1.7723114114948,0.09497075928941197,-0.09271574954926277
-1.0,-0.6,3761.70556640625,97.91303253173828,inf,0.0,0.9,0.03835227272727273,0.03292181069958848,0.0,0.3057607089651757,0.00860616341532372,0.007703703703703704,0.9999999998579546,0.6903409089928494,0.38210227267299685,1.7700192336653717,0.8436972639357336,0.8436972639357336
-0.9,-0.6,3618.439453125,95.60352325439453,inf,0.0,0.9,0.032670454545454544,0.03398926654740608,0.0,0.20704845811937617,0.007998907314027356,0.0074140527378167955,0.9999999998579546,0.794034090796302,0.3920454544897663,1.8211652076124347,0.8768699733731358,0.8768699733731358
-0.8,-0.6,3485.4794921875,93.452392578125,inf,0.0,0.9,0.03977272727272727,0.018998272884283247,0.0,0.15976331358583384,0.01585791162072854,0.00232468663305186,0.9999999998579546,0.8224431817013576,0.3920454544897663,1.8393496107169132,0.8713753264944254,0.8706053131195823
-0.7,-0.6,3364.335693359375,91.4801025390625,inf,0.0,0.9,0.036931818181818184,0.02857142857142857,0.0,0.1474926253469775,0.013480547520612089,0.008899555261891802,0.9999999998579546,0.845170454425402,0.3977272726707774,1.8497411374178314,0.8599045342540969,0.8599045342540969
-0.6,-0.6,3255.940673828125,89.70868682861328,inf,0.0,0.9,0.048295454545454544,0.04671280276816609,0.0,0.17761194027199823,0.021911945085055704,0.022659330238467428,0.9999999998579546,0.8210227271561048,0.39488636358027185,1.8090371303423591,0.8289587761866805,0.8289587761866805
-0.5,-0.6,3161.389404296875,88.16107177734375,inf,0.0,0.9,0.0625,0.060240963855421686,0.0,0.17272727270110194,0.027648907703508186,0.026889154727884765,0.9999999998579546,0.825284090791863,0.40767045448754685,1.7839496960170236,0.8256852279165603,0.8256852279165603
-0.3999999999999999,-0.6,3081.43408203125,86.8603286743164,inf,0.0,0.9,0.09090909090909091,0.08976660682226212,0.0,0.20781249996752932,0.04716579904871919,0.04207557895379508,0.9999999998579546,0.7911931817057964,0.44744318175462455,1.7202483014849448,0.7823128915020786,0.7823128915020786
-0.29999999999999993,-0.6,3017.66259765625,85.82853698730469,inf,0.0,0.9,0.11221590909090909,0.10442477876106195,0.0,0.19039999996953602,0.06042289288020566,0.04985019357218321,0.9999999998579546,0.8025568180678186,0.4886363635669551,1.6903561873303108,0.7795127872493093,0.7795127872493093
-0.19999999999999996,-0.6,2970.24072265625,85.0853500366211,inf,0.0,0.9,0.13494318181818182,0.14492753623188406,0.0,0.22495894905994107,0.07449226423481166,0.07718406649453351,0.9999999998579546,0.7840909089795326,0.5497159090128245,1.6129885772097874,0.7412435933597334,0.7412435933597334
-0.09999999999999998,-0.6,2940.351318359375,84.6466293334961,inf,0.0,0.9,0.13210227272727273,0.15204678362573099,0.0,0.28805237311161175,0.07830216853862984,0.0803912996554506,0.9999999998579546,0.7286931817146743,0.5610795453748467,1.5950243913104107,0.6963804940256365,0.6963804940256365
0.0,-0.6,2928.86962890625,84.52299499511719,inf,0.0,0.9,0.1875,0.22903885480572597,0.0,0.34090909084949145,0.09843996693503593,0.12159468677570323,0.9999999998579546,0.6946022726286076,0.565340909010605,1.478543973967263,0.6308975087998594,0.6308975087998594
0.10000000000000009,-0.6,2935.585693359375,84.71868896484375,inf,0.0,0.9,0.20880681818181818,0.23404255319148937,0.0,0.28904847391579025,0.10330724935197173,0.11629470038017864,0.9999999998579546,0.7343749998956854,0.6008522726419244,1.4597382384284658,0.571929292911192,0.5701975088869077
0.20000000000000018,-0.6,2961.136474609375,85.23116302490234,inf,0.0,0.9,0.19318181818181818,0.2130841121495327,0.0,0.2588028168558446,0.09697224068770031,0.09590415504458917,0.9999999998579546,0.7599431817102353,0.5724431817368689,1.5129017443742263,0.539100135931695,0.5382987229331576
0.30000000000000004,-0.6,3004.97802734375,86.05122375488281,inf,0.0,0.9,0.1534090909090909,0.16987740805604204,0.0,0.2046979865428359,0.05569691284583259,0.05657145956998046,0.9999999998579546,0.8110795453393354,0.5610795453748467,1.603948770433241,0.5337491430906177,0.5337065263070202
0.40000000000000013,-0.6,3066.239013671875,87.16399383544922,inf,0.0,0.9,0.13494318181818182,0.14845024469820556,0.0,0.1428571428336852,0.040389762512610734,0.044064890557312456,0.9999999998579546,0.870738636239952,0.4886363635669551,1.6713948500058458,0.42663166006321285,0.42663166006321285
0.5,-0.6,3144.381103515625,88.55040740966797,inf,0.0,0.9,0.12926136363636365,0.13761467889908258,0.0,0.07993474713214768,0.040089406417621,0.04124648328431173,0.9999999998579546,0.9289772725953158,0.43039772721159125,1.7101677337786771,0.30873590411574087,0.30873590411574087
0.6000000000000001,-0.6,3237.499755859375,90.18891906738281,inf,0.0,0.9,0.11789772727272728,0.12388059701492538,0.0,0.054750402567673044,0.030673150329032457,0.03191919191919192,0.9999999998579546,0.9517045453193602,0.32954545449864414,1.7424852449684356,0.2169119431780331,0.2169119431780331
0.7000000000000002,-0.6,3344.880615234375,92.05712127685547,inf,0.0,0.9,0.11505681818181818,0.11756168359941944,0.0,0.02407704654509197,0.025625815697481673,0.02599856765849424,0.9999999998579546,0.978693181679163,0.27556818177903863,1.7605906881560003,0.1003636506750186,0.1003636506750186
0.8,-0.6,3465.40087890625,94.13298797607422,inf,0.0,0.9,0.12357954545454546,0.125,0.0,0.012965964341496604,0.027302547142800802,0.02760054091385328,0.9999999998579546,0.9886363634959324,0.2769886363242914,1.746877949996922,0.04205503472240632,-0.027282259476287887
0.9000000000000001,-0.6,3597.42333984375,96.3956298828125,inf,0.0,0.9,0.11363636363636363,0.11444921316165951,0.0,0.008012820511536407,0.023405061361861695,0.023557495374821175,0.9999999998579546,0.9928977271316907,0.2727272726885331,1.7697465226877687,0.069786402337854,-0.05871194327150379
1.0,-0.6,3739.9462890625,98.82564544677734,inf,0.0,0.9,0.11931818181818182,0.11965811965811966,0.0,0.003225806451092612,0.025704689477594543,0.025811177394805325,0.9999999998579546,0.997159090767449,0.2897727272315664,1.7598459180771222,0.08912377553154188,-0.08473144755328463
-1.0,-0.5,3679.572021484375,96.59436798095703,inf,0.0,0.9,0.061079545454545456,0.038356164383561646,0.0,0.46898638419531224,0.015370612316000348,0.01287581699346405,0.9999999998579546,0.5184659090172634,0.4147727272138107,1.6449180956595442,0.7630231544651223,0.7609287350563483
-0.9,-0.5,3532.8037109375,94.21914672851562,14.031988796636352,0.0,0.9,0.05539772727272727,0.03935185185185185,0.0,0.37593984956752785,0.018021920526201347,0.012435475406707697,0.9999999998579546,0.6136363635491994,0.40624999994229405,1.6849166350760538,0.8041306885979804,0.8041306885979804
-0.8,-0.5,3396.576171875,92.00025177001953,14.079089210137498,0.0,0.9,0.05113636363636364,0.03289473684210526,0.0,0.3398203592305658,0.018617614288345997,0.008805294322535703,0.9999999998579546,0.6477272726352661,0.39914772721603015,1.7173347588338883,0.8216698355742078,0.8216698355742078
-0.7,-0.5,3271.868408203125,89.95917510986328,inf,0.0,0.9,0.04971590909090909,0.03036876355748373,0.0,0.3318385649728194,0.0196448741292471,0.004457044946698108,0.9999999998579546,0.6548295453615299,0.40056818176128295,1.7159543391476335,0.8194354753073252,0.8194354753073252
-0.6,-0.5,3160.48876953125,88.11930084228516,inf,0.0,0.9,0.078125,0.05517241379310345,0.0,0.36671802767847184,0.048551134006006316,0.025251222601251726,0.9999999998579546,0.6178977271849577,0.44176136357361345,1.648438664503465,0.7747107854259719,0.7747107854259719
-0.5,-0.5,3063.074951171875,86.50532531738281,inf,0.0,0.9,0.08948863636363637,0.07728337236533958,0.0,0.38533541335642196,0.050232287831195536,0.03889606011357038,0.9999999998579546,0.6065340908229355,0.47301136356917456,1.6178861135273384,0.7651942843064012,0.7651942843064012
-0.3999999999999999,-0.5,2980.79345703125,85.14237976074219,inf,0.0,0.9,0.12357954545454546,0.1367713004484305,0.0,0.3760129659034015,0.07572495547463379,0.06883829997058805,0.9999999998579546,0.6335227271827383,0.5568181817390884,1.5526305113335064,0.7444890187219556,0.7444890187219556
-0.29999999999999993,-0.5,2915.246337890625,84.05474853515625,inf,0.0,0.9,0.16335227272727273,0.20293398533007334,0.0,0.44651952454218685,0.10770850166921883,0.12258909495455178,0.9999999998579546,0.5809659090083855,0.6406249999090021,1.4398531143231066,0.6934746975108294,0.6934746975108294
-0.19999999999999996,-0.5,2866.556884765625,83.26432037353516,6.92693084141633,0.0,0.9,0.24431818181818182,0.2869822485207101,0.0,0.5469924811001894,0.17753729894636608,0.17743017189687862,0.9999999998579546,0.4801136362954384,0.7301136362599271,1.2641317430530201,0.5660766373557393,0.5639610647347808
-0.09999999999999998,-0.5,2835.7978515625,82.78887939453125,inf,0.0,0.9,0.3210227272727273,0.3850746268656716,0.0,0.5690376567847202,0.2198656964975338,0.26924329424329424,0.9999999998579546,0.4758522726596801,0.7826704544342798,1.1341024082484856,0.47116965568809477,0.47092865478516294
0.0,-0.5,2823.73046875,82.6403579711914,inf,0.0,0.9,0.3465909090909091,0.390745501285347,0.0,0.4847826085902646,0.23965609196329482,0.2608014606649247,0.9999999998579546,0.55255681810333,0.7485795453482131,1.1240987137965448,0.4612646865771447,0.4591448652630262
0.10000000000000009,-0.5,2830.7421875,82.82379913330078,inf,0.0,0.9,0.3181818181818182,0.3827433628318584,0.0,0.4187499999127604,0.20335691072842596,0.23632146620801234,0.9999999998579546,0.642045454454255,0.7286931817146743,1.20012502022631,0.49130979689203674,0.49130979689203674
0.20000000000000018,-0.5,2857.046142578125,83.33661651611328,inf,0.0,0.9,0.30113636363636365,0.38235294117647056,0.0,0.40243902430844736,0.1845274144280226,0.21796539277629245,0.9999999998579546,0.6761363635403216,0.6789772726308271,1.2483837408923961,0.4935701860865168,0.4935701860865168
0.30000000000000004,-0.5,2902.262939453125,84.1689453125,inf,0.0,0.9,0.24147727272727273,0.2784313725490196,0.0,0.31086142316276005,0.13283567454392003,0.15434185618529722,0.9999999998579546,0.724431818078916,0.6235795453659688,1.3990126211716136,0.5437673893572001,0.5435098044537119
0.40000000000000013,-0.5,2965.556396484375,85.3045883178711,inf,0.0,0.9,0.18039772727272727,0.20802919708029197,0.0,0.24783362214075674,0.07481230501556907,0.0795770690190795,0.9999999998579546,0.7784090907985215,0.55255681810333,1.5350190160737025,0.535731323348696,0.535731323348696
0.5,-0.5,3045.6171875,86.72271728515625,inf,0.0,0.9,0.15198863636363635,0.1644295302013423,0.0,0.16582914570086615,0.04273845277080082,0.04374727770512405,0.9999999998579546,0.8465909089706547,0.5099431817457467,1.6298259487157087,0.4711886127477557,0.4711886127477557
0.6000000000000001,-0.5,3141.6318359375,88.39984893798828,inf,0.0,0.9,0.12926136363636365,0.13694267515923567,0.0,0.11582381727311195,0.035258575963138306,0.03511522601205433,0.9999999998579546,0.8920454544187436,0.4161931817590635,1.6943768247446802,0.34003880774200235,0.34003880774200235
0.7000000000000002,-0.5,3252.17333984375,90.3116455078125,inf,0.0,0.9,0.12926136363636365,0.1368421052631579,0.0,0.06362153343170938,0.0326259562664736,0.033929327717177285,0.9999999998579546,0.9446022725930963,0.3124999999556108,1.7161027254673016,0.17829353900155634,0.17829353900155634
0.8,-0.5,3375.841064453125,92.43453979492188,inf,0.0,0.9,0.12926136363636365,0.13196480938416422,0.0,0.034257748770920436,0.0322614036102105,0.032553272615795485,0.9999999998579546,0.9687499998623935,0.25142045450974143,1.7275198131009963,0.04436315799608045,0.04436315799608045
0.9000000000000001,-0.5,3511.3447265625,94.74659729003906,inf,0.0,0.9,0.11505681818181818,0.11654676258992806,0.0,0.014446227927055182,0.024605870080983205,0.024717232739620797,0.9999999998579546,0.9872159089506796,0.2400568181477192,1.7644574079189514,0.03004840078442335,-0.010732239698254228
1.0,-0.5,3657.398681640625,97.2277603149414,inf,0.0,0.9,0.11647727272727272,0.11731044349070101,0.0,0.008038585207710839,0.027757340800242804,0.028003276543665533,0.9999999998579546,0.9928977271316907,0.2769886363242914,1.7636848500925493,0.08120340245575695,-0.07030737567160182
-1.0,-0.3999999999999999,3611.205322265625,95.4970932006836,7.634237133328891,0.0,0.9,0.078125,0.08839779005524862,0.0,0.7457627117494973,0.018384968100185122,0.03435672514619883,0.9999999998579546,0.25710227269075253,0.4389204544831079,1.4290332132304837,0.6028785016719718,0.6028785016719718
-0.9,-0.3999999999999999,3461.358642578125,93.06398010253906,8.085157754396072,0.0,0.9,0.08096590909090909,0.05531914893617021,0.0,0.6568778978891997,0.020695632455887798,0.01324791280148423,0.9999999998579546,0.33380681813440244,0.42329545448532735,1.4731187297831698,0.637119900524553,0.637119900524553
-0.8,-0.3999999999999999,3321.956787109375,90.78495788574219,8.073239946665282,0.0,0.9,0.08380681818181818,0.055776892430278883,0.0,0.6325581394368127,0.027623419729365477,0.028467731710409536,0.9999999998579546,0.3565340908584469,0.4218749999400746,1.4941574424780177,0.6682611177473168,0.6682611177473168
-0.7,-0.3999999999999999,3194.3115234375,88.68232727050781,7.394938358357561,0.0,0.9,0.10369318181818182,0.08235294117647059,0.0,0.6291600632917338,0.049881755881667336,0.029339276203291006,0.9999999998579546,0.362215909039458,0.44886363629987736,1.4650417501115611,0.6539608720198604,0.6539608720198604
-0.6,-0.3999999999999999,3080.239990234375,86.78067016601562,6.5284360378823605,0.0,0.9,0.11221590909090909,0.1245136186770428,0.0,0.6399999998976,0.056403585509727024,0.05635383268094889,0.9999999998579546,0.36505681812996355,0.48295454538594396,1.419417831151051,0.6347018778795868,0.6347018778795868
-0.5,-0.3999999999999999,2980.591064453125,85.10621643066406,5.37199357957889,0.0,0.9,0.16335227272727273,0.20346320346320346,0.0,0.6876061119375881,0.10294802681713446,0.09641241694439204,0.9999999998579546,0.32812499995339134,0.5795454544631328,1.2881562040129824,0.5631212831164847,0.5631212831164847
-0.3999999999999999,-0.3999999999999999,2896.3291015625,83.6860122680664,4.109041761843573,0.0,0.9,0.26136363636363635,0.4052631578947368,0.0,0.78269230754179,0.18227295257664627,0.22404280904280904,0.9999999998579546,0.26988636359802753,0.7400568180766965,1.0972572830626786,0.4500446470218639,0.4500446470218639
-0.29999999999999993,-0.3999999999999999,2828.899169921875,82.54651641845703,3.307164725669397,0.0,0.9,0.37357954545454547,0.605,0.0,0.8208616778183987,0.29479047849613454,0.3668634174891997,0.9999999998579546,0.2840909090505553,0.8394886362443909,0.8961233222360051,0.3396717588754571,0.3396717588754571
-0.19999999999999996,-0.3999999999999999,2778.78125,81.71172332763672,2.738440878855416,0.0,0.9,0.5255681818181818,0.7699530516431925,0.0,0.8532934129181756,0.4328875147433615,0.5611539699876413,0.9999999998579546,0.3025568181388414,0.8764204544209631,0.7004103912953729,0.203383225608418,0.203383225608418
-0.09999999999999998,-0.3999999999999999,2747.116943359375,81.2012939453125,2.5990847112886444,0.0,0.9,0.5994318181818182,0.8142857142857143,0.0,0.8156028365902117,0.5010163029125526,0.5992615107017071,0.9999999998579546,0.3977272726707774,0.8863636362377325,0.5944444954623167,0.18443779475276978,0.17832452857193792
0.0,-0.3999999999999999,2734.86181640625,81.02859497070312,2.7569865062808137,0.0,0.9,0.6235795454545454,0.8528528528528528,0.0,0.8150943393150587,0.5174315469291427,0.6319368845869882,0.9999999998579546,0.47301136356917456,0.8877840907829853,0.5584756237031503,0.16352728048221,0.16352728048221
0.10000000000000009,-0.3999999999999999,2742.151611328125,81.19923400878906,inf,0.0,0.9,0.5539772727272727,0.7472527472527473,0.0,0.7070063692015903,0.4362995711654908,0.5170418437399429,0.9999999998579546,0.5170454544720107,0.8650568180589409,0.6996990623803012,0.2240104279161887,0.2240104279161887
0.20000000000000018,-0.3999999999999999,2769.523681640625,81.71054077148438,inf,0.0,0.9,0.4375,0.5845771144278606,0.0,0.5782828281367972,0.3028212072188297,0.3608780365434913,0.9999999998579546,0.5710227271916161,0.8082386362488297,0.9386511068020351,0.35374206845347733,0.35374206845347733
0.30000000000000004,-0.3999999999999999,2815.8984375,82.55182647705078,inf,0.0,0.9,0.3380681818181818,0.44419642857142855,0.0,0.46566523595157394,0.2125962250219824,0.24948973120828297,0.9999999998579546,0.6363636362732439,0.7457386362577076,1.1457009360429684,0.4364872499313608,0.4364872499313608
0.40000000000000013,-0.3999999999999999,2880.40087890625,83.70561218261719,inf,0.0,0.9,0.26704545454545453,0.3542116630669546,0.0,0.4205426355774142,0.13951959457522944,0.17136755670175377,0.9999999998579546,0.6576704544520354,0.6434659089995077,1.3095257078273996,0.49315397401604666,0.49315397401604666
0.5,-0.3999999999999999,2962.3017578125,85.14945220947266,inf,0.0,0.9,0.17329545454545456,0.21115537848605578,0.0,0.31958762881106745,0.06379698133022098,0.0702520234306215,0.9999999998579546,0.7130681817168938,0.5624999999200995,1.5193852814123792,0.5341853490017081,0.5341853490017081
0.6000000000000001,-0.3999999999999999,3060.551513671875,86.85809326171875,inf,0.0,0.9,0.14488636363636365,0.16753926701570682,0.0,0.20764119597879716,0.04511546411313885,0.04727534350321738,0.9999999998579546,0.8139204544298408,0.457386363571394,1.628420109950196,0.43261292334573354,0.43261292334573354
0.7000000000000002,-0.3999999999999999,3173.47509765625,88.8055419921875,inf,0.0,0.9,0.125,0.1359375,0.0,0.10227272725612456,0.029024173213275342,0.030772882928929244,0.9999999998579546,0.9090909089617769,0.37784090903723855,1.7092605379549388,0.3198703469274651,0.3198703469274651
0.8,-0.3999999999999999,3299.86181640625,90.96697235107422,inf,0.0,0.9,0.13068181818181818,0.13513513513513514,0.0,0.05882352940215302,0.033706427923691905,0.03444948996104286,0.9999999998579546,0.9460227271383491,0.2897727272315664,1.7161173950702668,0.126961549209764,0.126961549209764
0.9000000000000001,-0.3999999999999999,3438.792724609375,93.31983947753906,inf,0.0,0.9,0.11931818181818182,0.12209302325581395,0.0,0.025806451608740896,0.02917923317010538,0.029590623941179225,0.9999999998579546,0.9772727271339102,0.25142045450974143,1.7506816143342856,0.02640624395177698,0.02640624395177698
1.0,-0.3999999999999999,3588.24609375,95.84407806396484,inf,0.0,0.9,0.125,0.12571428571428572,0.0,0.006493506492452353,0.034006311435418546,0.034132088534854964,0.9999999998579546,0.9943181816769435,0.26846590905277473,1.7467247055127029,0.079027155735687,-0.07218426416172066
-1.0,-0.29999999999999993,3556.789306640625,94.6335678100586,4.122771138945156,0.0,0.9,0.10511363636363637,0.08695652173913043,0.0,0.9666666665132275,0.0370599990302837,0.012987012987012988,0.9999999998579546,0.03267045454081386,0.47301136356917456,1.1550809568388716,0.3507945519009596,0.3507945519009596
-0.9,-0.29999999999999993,3404.40283203125,92.15215301513672,4.5857671407480645,0.0,0.9,0.109375,0.24,0.0,0.9393939392441158,0.03836901954274108,0.14164696611505123,0.9999999998579546,0.07102272726263882,0.47727272720493286,1.2134599786335407,0.42517544108388133,0.42517544108388133
-0.8,-0.29999999999999993,3262.3759765625,89.82260131835938,4.583514085196037,0.0,0.9,0.11363636363636363,0.19117647058823528,0.0,0.9118589742128431,0.04132254873027778,0.069208211143695,0.9999999998579546,0.0965909090771888,0.48295454538594396,1.214470487425649,0.4438398505074509,0.4438398505074509
-0.7,-0.29999999999999993,3132.759521484375,87.66783142089844,4.1478540953780065,0.0,0.9,0.15056818181818182,0.20238095238095238,0.0,0.8879598660722475,0.07061738539221268,0.08721833721833722,0.9999999998579546,0.11931818180123321,0.5198863635625162,1.175392887087939,0.42155177685646916,0.42155177685646916
-0.6,-0.29999999999999993,3016.434814453125,85.71332550048828,3.465965196138487,0.0,0.9,0.19460227272727273,0.373134328358209,0.0,0.9259259257626233,0.10867740979967945,0.20049242424242425,0.9999999998579546,0.09517045453193602,0.6150568180944522,1.0559703931102191,0.36218906283274643,0.36218906283274643
-0.5,-0.29999999999999993,2914.750732421875,83.98663330078125,2.638998831253131,0.0,0.9,0.3465909090909091,0.6714285714285714,0.0,0.9499999997934783,0.23521477414137448,0.39685525826830176,0.9999999998579546,0.09943181816769435,0.7840909089795326,0.8657540573566075,0.20571776044142795,0.20571776044142795
-0.3999999999999999,-0.29999999999999993,2828.767822265625,82.51638793945312,1.9305855618878653,0.0,0.9,0.5397727272727273,0.875,0.0,0.9598765429136182,0.4260121555579529,0.578669711362806,0.9999999998579546,0.14772727270628874,0.8977272725997547,0.6200327147537802,0.07733157362131057,0.04263420147347607
-0.29999999999999993,-0.29999999999999993,2759.650390625,81.3309326171875,1.4208679720281423,0.0,0.9,0.7386363636363636,0.9655172413793104,0.0,0.972826086427812,0.6245052071370386,0.8485164338822876,0.9999999998579546,0.20596590906165257,0.9474431816836019,0.39221768951346964,0.08185910575650987,-0.07360729313093968
-0.19999999999999996,-0.29999999999999993,2708.5166015625,80.45623016357422,1.1949622414067986,0.0,0.9,0.8423295454545454,0.9886792452830189,0.0,0.9729729720964208,0.7457142644849516,0.9175308641975308,0.9999999998579546,0.37642045449198575,0.9687499998623935,0.2440264781508416,0.08925871171358818,-0.07700959074343311
-0.09999999999999998,-0.29999999999999993,2676.021728515625,79.9137191772461,1.2254753326502366,0.0,0.9,0.8678977272727273,0.9921875,0.0,0.9677419344432883,0.785136162089916,0.9132852332852333,0.9999999998579546,0.5454545453770662,0.9659090907718879,0.19875220718217212,0.038797090449743214,-0.029703172552581543
0.0,-0.29999999999999993,2663.423828125,79.71802520751953,1.322856858538576,0.0,0.9,0.8678977272727273,0.9883720930232558,0.0,0.9462365581223263,0.7938893259379967,0.9216666666666666,0.9999999998579546,0.6107954544586939,0.9744318180434046,0.1967131894325633,0.03406455562725863,-0.01576108681448846
0.10000000000000009,-0.29999999999999993,2671.16259765625,79.8753890991211,1.7381303477498682,0.0,0.9,0.7982954545454546,0.9529702970297029,0.0,0.8661971824885936,0.6911028241025787,0.7747355501340323,0.9999999998579546,0.5738636362821217,0.9460227271383491,0.3060770538361073,0.04022954920645325,0.02993911024686262
0.20000000000000018,-0.29999999999999993,2699.54833984375,80.38291931152344,inf,0.0,0.9,0.65625,0.8891891891891892,0.0,0.83057851205348,0.5270966012232822,0.6383956128350974,0.9999999998579546,0.5255681817435273,0.9261363635048102,0.5022172218311798,0.11916602447311397,0.11916602447311397
0.30000000000000004,-0.29999999999999993,2747.138671875,81.22907257080078,inf,0.0,0.9,0.484375,0.6923076923076923,0.0,0.7024793386494547,0.34064061939695306,0.4133802903039063,0.9999999998579546,0.4985795453837245,0.8465909089706547,0.8009193421488557,0.26088288266547255,0.26088288266547255
0.40000000000000013,-0.29999999999999993,2812.67041015625,82.39511108398438,inf,0.0,0.9,0.33238636363636365,0.4909560723514212,0.0,0.5808510637062019,0.19010198222876887,0.2406758351295732,0.9999999998579546,0.5497159090128245,0.7301136362599271,1.1268439366506442,0.4286853662419462,0.4275192715558621
0.5,-0.29999999999999993,2896.1103515625,83.8570785522461,inf,0.0,0.9,0.23863636363636365,0.317351598173516,0.0,0.44216417902198435,0.11063300893030979,0.1295759716072809,0.9999999998579546,0.6221590908207161,0.5937499999156606,1.3426103599453634,0.5199498494606403,0.5199498494606403
0.6000000000000001,-0.29999999999999993,2995.7041015625,85.58822631835938,inf,0.0,0.9,0.1846590909090909,0.23193916349809887,0.0,0.29616724733516253,0.06401417802606583,0.0720284727299845,0.9999999998579546,0.7471590908029604,0.4886363635669551,1.5062010316798746,0.5061211960696727,0.5061211960696727
0.7000000000000002,-0.29999999999999993,3110.53759765625,87.56114959716797,inf,0.0,0.9,0.15625,0.18016528925619835,0.0,0.16498316495539006,0.04977877534764485,0.05374559242082342,0.9999999998579546,0.8593749998779298,0.4048295453970413,1.6202281475121443,0.35027793333700713,0.35027793333700713
0.8,-0.29999999999999993,3239.803466796875,89.7500228881836,inf,0.0,0.9,0.13210227272727273,0.13813813813813813,0.0,0.06055646480187292,0.034488684940921874,0.0355361893669422,0.9999999998579546,0.9460227271383491,0.33948863631541354,1.7100107143198608,0.21170287022496406,0.21170287022496406
0.9000000000000001,-0.29999999999999993,3381.277099609375,92.13230895996094,inf,0.0,0.9,0.10795454545454546,0.11094890510948906,0.0,0.030254777065246055,0.02811843236045832,0.028606331077883587,0.9999999998579546,0.9730113634981519,0.2613636363265109,1.7725032830215242,0.10059300944079397,0.10059300944079397
1.0,-0.29999999999999993,3533.38232421875,94.68920135498047,inf,0.0,0.9,0.11505681818181818,0.11577424023154848,0.0,0.019261637236073575,0.028919192413025895,0.028992347862670197,0.9999999998579546,0.9815340907696685,0.26278409087176363,1.7621802296840021,0.045693689462391135,-0.020048282682437437
-1.0,-0.19999999999999996,3517.504150390625,94.01416778564453,2.5754805027303953,0.0,0.9,0.19602272727272727,0.0,0.0,0.9840989397554596,0.08904270703037616,0.0,0.9999999998579546,0.012784090907274987,0.6576704544520354,0.9205332234426304,0.08882204380168796,0.08882204380168796
-0.9,-0.19999999999999996,3363.053466796875,91.4956283569336,2.7508399886697874,0.0,0.9,0.17755681818181818,0.0,0.0,0.9810017269462865,0.08740535731151462,0.0,0.9999999998579546,0.015624999997780541,0.6392045453637494,0.9612483234080951,0.15661239065282706,0.1482376670854309
-0.8,-0.19999999999999996,3219.271484375,89.12691497802734,2.7701633374931443,0.0,0.9,0.18607954545454544,0.1111111111111111,0.0,0.9860383942432743,0.08852991060214035,0.041666666666666664,0.9999999998579546,0.012784090907274987,0.6406249999090021,0.9503245987416491,0.18506288150390018,0.18506288150390018
-0.7,-0.19999999999999996,3087.52783203125,86.931396484375,2.540595161576643,0.0,0.9,0.22017045454545456,0.375,0.0,0.9908925316956481,0.1116021965515164,0.16666666666666666,0.9999999998579546,0.01136363636202221,0.7045454544453771,0.8955930189971983,0.16380919062484228,0.16380919062484228
-0.6,-0.19999999999999996,2969.35595703125,84.93516540527344,2.164831185167573,0.0,0.9,0.36079545454545453,0.6666666666666666,0.0,0.9911111108908641,0.22197305446459195,0.45555555555555555,0.9999999998579546,0.017045454543033318,0.8139204544298408,0.7850097465430836,0.09091228915439575,0.05399645493266117
-0.5,-0.19999999999999996,2866.2861328125,83.16670989990234,1.644525339608541,0.0,0.9,0.5625,0.9411764705882353,0.0,0.9935064931839264,0.4156487736061452,0.8333333333333334,0.9999999998579546,0.0482954545385944,0.9360795453215797,0.5950204443611817,0.09826123484728083,-0.09826123484728083
-0.3999999999999999,-0.19999999999999996,2778.932861328125,81.6559066772461,1.1929247162483196,0.0,0.9,0.8210227272727273,0.9761904761904762,0.0,0.984126983345931,0.7108425215304135,0.8163265306122449,0.9999999998579546,0.11931818180123321,0.9829545453149213,0.37367955813918385,0.2523823894979461,-0.2523823894979461
-0.29999999999999993,-0.19999999999999996,2708.6767578125,80.43248748779297,0.8982378433672242,0.0,0.9,0.9289772727272727,1.0,0.0,0.999999998,0.8707724649811249,1.0,0.9999999998579546,0.21448863633316922,0.9999999998579546,0.19340079363459522,0.22308762498946252,-0.22308762498946252
-0.19999999999999996,-0.19999999999999996,2656.45361328125,79.52409362792969,0.7653678423487373,0.0,0.9,0.9829545454545454,1.0,0.0,0.9999999916666668,0.9661578195741837,1.0,0.9999999998579546,0.46164772720715236,0.9999999998579546,0.08130930808167203,0.15363439550425134,-0.15363439550425134
-0.09999999999999998,-0.19999999999999996,2623.387939453125,78.95356750488281,0.7757951709272195,0.0,0.9,0.9772727272727273,1.0,0.0,0.9999999937499999,0.9541137492658429,1.0,0.9999999998579546,0.7102272726263882,0.9999999998579546,0.05145434381169376,0.08356786008193227,-0.08350176571547868
0.0,-0.19999999999999996,2610.698974609375,78.7366943359375,0.8758503498303184,0.0,0.9,0.9630681818181818,1.0,0.0,0.9999999961538462,0.9285928606458449,1.0,0.9999999998579546,0.7840909089795326,0.997159090767449,0.06261352626760451,0.04645497022907538,-0.0463377832224125
0.10000000000000009,-0.19999999999999996,2619.0810546875,78.88024139404297,1.0252998486423075,0.0,0.9,0.9303977272727273,1.0,0.0,0.9999999979591837,0.8715996947431006,1.0,0.9999999998579546,0.6974431817191132,0.9928977271316907,0.10626353458399336,0.047201770004489094,-0.047201770004489094
0.20000000000000018,-0.19999999999999996,2647.989501953125,79.38121032714844,1.3913615598769766,0.0,0.9,0.8480113636363636,0.9779951100244498,0.0,0.9158878496113199,0.7496445969385713,0.871455773169483,0.9999999998579546,0.5809659090083855,0.9772727271339102,0.23331057455807708,0.016903495693956865,-0.013501217392984221
0.30000000000000004,-0.19999999999999996,2696.446533203125,80.22731018066406,2.5033697420902823,0.0,0.9,0.6335227272727273,0.8715596330275229,0.0,0.8372093020010816,0.4793933280158561,0.6389431440693126,0.9999999998579546,0.4644886362976579,0.914772727142788,0.5296787253262211,0.13089888927841972,0.13089888927841972
0.40000000000000013,-0.19999999999999996,2763.333251953125,81.39862823486328,inf,0.0,0.9,0.39204545454545453,0.6633333333333333,0.0,0.764018691410276,0.2324639085943914,0.31568779675037323,0.9999999998579546,0.4261363635758329,0.7997159089773132,0.9085871120188241,0.32193485034862346,0.3203959295978701
0.5,-0.19999999999999996,2847.9794921875,82.86995697021484,inf,0.0,0.9,0.2784090909090909,0.46883468834688347,0.0,0.6141732282255564,0.13318966337109522,0.19144111327227337,0.9999999998579546,0.5241477271982745,0.6576704544520354,1.2082854908313896,0.4573691614621611,0.4573691614621611
0.6000000000000001,-0.19999999999999996,2949.1142578125,84.61320495605469,inf,0.0,0.9,0.20170454545454544,0.26419213973799127,0.0,0.4003558718148833,0.08827737154397328,0.09930501948318908,0.9999999998579546,0.6505681817257716,0.5071022726552412,1.433207313127051,0.5007542108378666,0.5007542108378666
0.7000000000000002,-0.19999999999999996,3065.7001953125,86.59976196289062,inf,0.0,0.9,0.12926136363636365,0.14938488576449913,0.0,0.2104404567356541,0.04131361872221619,0.04231035032531185,0.9999999998579546,0.8082386362488297,0.4048295453970413,1.6475047847768436,0.4587271856669382,0.4587271856669382
0.8,-0.19999999999999996,3196.3017578125,88.80274963378906,inf,0.0,0.9,0.11789772727272728,0.12519561815336464,0.0,0.09983896938810967,0.033232448079734266,0.032599649645723844,0.9999999998579546,0.9076704544165242,0.36505681812996355,1.7212968655697802,0.2724708460953804,0.2724708460953804
0.9000000000000001,-0.19999999999999996,3339.6015625,91.19987487792969,inf,0.0,0.9,0.12073863636363637,0.12648809523809523,0.0,0.05169628432121223,0.02983912635658729,0.03068897333603216,0.9999999998579546,0.9545454544098657,0.31107954541035804,1.7376656172526577,0.10466865194022767,0.10466865194022767
1.0,-0.19999999999999996,3493.49853515625,93.7761001586914,inf,0.0,0.9,0.125,0.1262699564586357,0.0,0.022727272723583235,0.031205162419019352,0.03131331355463931,0.9999999998579546,0.978693181679163,0.2613636363265109,1.7415662479717458,0.036703979400170096,-0.009553910367327868
-1.0,-0.09999999999999998,3493.666748046875,93.6466293334961,3.5269818418822854,0.0,0.9,0.09375,0.5555555555555556,0.0,0.9937304073677539,0.01548412335087661,0.1851851851851852,0.9999999998579546,0.012784090907274987,0.5156249999267578,1.2420388559302684,0.5414671906627758,0.5382157122058981
-0.9,-0.09999999999999998,3338.14111328125,91.10334777832031,2.556242399385501,0.0,0.9,0.203125,0.0,0.0,0.9964349374337906,0.07873787862782086,0.0,0.9999999998579546,0.0028409090905055527,0.6463068180900132,0.922629538278243,0.15152493095595596,0.15074047500986673
-0.8,-0.09999999999999998,3192.9794921875,88.70830535888672,2.3069498762736558,0.0,0.9,0.2684659090909091,0.0,0.0,0.9980582522333868,0.12782786302073684,0.0,0.9999999998579546,0.0014204545452527763,0.7542613635292242,0.847201638296296,0.05866162514163767,0.049791117083562667
-0.7,-0.09999999999999998,3060.243896484375,86.48505401611328,2.111516153040061,0.0,0.9,0.3465909090909091,0.5,0.0,0.9956521736965973,0.18582279931831114,0.4444444444444444,0.9999999998579546,0.005681818181011105,0.8281249998823687,0.7823138429052294,0.08089367297068702,-0.023333784974395852
-0.6,-0.09999999999999998,2940.920654296875,84.46002960205078,1.8451839300951909,0.0,0.9,0.48295454545454547,1.0,0.0,0.9999999997252746,0.2940141536004883,1.0,0.9999999998579546,0.007102272726263882,0.9062499998712713,0.6897574245059142,0.1392811819622347,-0.1392811819622347
-0.5,-0.09999999999999998,2836.52587890625,82.6622085571289,1.4808093933388,0.0,0.9,0.6732954545454546,1.0,0.0,0.9999999995652175,0.4890037220392893,1.0,0.9999999998579546,0.017045454543033318,0.9673295453171408,0.533556519171055,0.26535818915141385,-0.26535818915141385
-0.3999999999999999,-0.09999999999999998,2748.10595703125,81.1222152709961,1.1184631917884684,0.0,0.9,0.8849431818181818,1.0,0.0,0.9999999987654322,0.7919250226939912,1.0,0.9999999998579546,0.046874999993341625,0.9985795453127018,0.35334566614542007,0.37024603631167263,-0.37024603631167263
-0.29999999999999993,-0.09999999999999998,2677.216796875,79.87075805664062,0.8327809659070611,0.0,0.9,0.9559659090909091,1.0,0.0,0.9999999967741935,0.926133961729324,1.0,0.9999999998579546,0.13494318179901377,0.9999999998579546,0.17991722711006494,0.2835301828021699,-0.2821564759546678
-0.19999999999999996,-0.09999999999999998,2624.16259765625,78.9364242553711,0.6555978975517601,0.0,0.9,0.9943181818181818,1.0,0.0,0.9999999750000006,0.9909754177083426,1.0,0.9999999998579546,0.362215909039458,0.9999999998579546,0.05246441420413115,0.16171927076748685,-0.16171927076748685
-0.09999999999999998,-0.09999999999999998,2590.310546875,78.3431396484375,0.6328109824566372,0.0,0.9,0.9971590909090909,1.0,0.0,0.9999999500000026,0.9953821334946561,1.0,0.9999999998579546,0.7215909089884104,0.9999999998579546,0.018731888346708258,0.0856494829546235,-0.0856494829546235
0.0,-0.09999999999999998,2577.100830078125,78.1075210571289,0.6799203962590633,0.0,0.9,0.9957386363636364,1.0,0.0,0.9999999666666678,0.9932895157937555,1.0,0.9999999998579546,0.832386363518127,0.9999999998579546,0.01679757320676476,0.06054518695791771,-0.060201368730355594
0.10000000000000009,-0.09999999999999998,2585.912109375,78.23677062988281,0.7646392135032105,0.0,0.9,0.9872159090909091,1.0,0.0,0.9999999888888891,0.9800240725212778,1.0,0.9999999998579546,0.7613636362554882,0.9999999998579546,0.034147324215504336,0.06959228484984419,-0.06959228484984419
0.20000000000000018,-0.09999999999999998,2615.586181640625,78.7279281616211,0.9607754804225739,0.0,0.9,0.9460227272727273,0.9954022988505747,0.0,0.9473684185595568,0.9006689721739274,0.9691244239631337,0.9999999998579546,0.6178977271849577,0.9999999998579546,0.10758867554144651,0.08202354891932054,-0.08161603293512325
0.30000000000000004,-0.09999999999999998,2664.7138671875,79.5682601928711,1.623401486203802,0.0,0.9,0.7372159090909091,0.9493243243243243,0.0,0.918918918422206,0.5906909813335344,0.7798278024704823,0.9999999998579546,0.4204545453948218,0.9730113634981519,0.37633377476643987,0.049677252248691225,0.023117927096586305
0.40000000000000013,-0.09999999999999998,2732.45166015625,80.73709869384766,inf,0.0,0.9,0.4616477272727273,0.7947761194029851,0.0,0.8548812662652028,0.28295622341648385,0.3770697436062547,0.9999999998579546,0.3806818181277441,0.8110795453393354,0.7792005239272726,0.2508968022464669,0.24867850194729108
0.5,-0.09999999999999998,2818.135009765625,82.20825958251953,inf,0.0,0.9,0.3068181818181818,0.5457317073170732,0.0,0.6946721310051901,0.15015447862579764,0.22272637519612784,0.9999999998579546,0.46590909084291066,0.686079545357091,1.0982055341379784,0.41777171517280676,0.41777171517280676
0.6000000000000001,-0.09999999999999998,2920.413330078125,83.95269775390625,inf,0.0,0.9,0.23863636363636365,0.34057971014492755,0.0,0.4906716416995016,0.11777068300587511,0.13313939164981667,0.9999999998579546,0.5880681817346495,0.508522727200494,1.3276046298752808,0.48380271809665154,0.48380271809665154
0.7000000000000002,-0.09999999999999998,3038.028076171875,85.940673828125,inf,0.0,0.9,0.15198863636363635,0.18470149253731344,0.0,0.26800670012261196,0.05502506784991065,0.058317555921609227,0.9999999998579546,0.7613636362554882,0.4218749999400746,1.5857237338396846,0.4794118307465597,0.4794118307465597
0.8,-0.09999999999999998,3169.97265625,88.14388275146484,inf,0.0,0.9,0.12073863636363637,0.13162118780096307,0.0,0.1260096930329548,0.032968812247383156,0.03302734802109813,0.9999999998579546,0.8849431816924797,0.4048295453970413,1.7065816533806522,0.3302807881237658,0.3302807881237658
0.9000000000000001,-0.09999999999999998,3314.050048828125,90.53841400146484,inf,0.0,0.9,0.11647727272727272,0.12293853073463268,0.0,0.05948553053706021,0.03335650299962988,0.03474858258206999,0.9999999998579546,0.9474431816836019,0.33948863631541354,1.7409709917837053,0.14726865049131835,0.14726865049131835
1.0,-0.09999999999999998,3468.887451171875,93.11543273925781,inf,0.0,0.9,0.11221590909090909,0.11403508771929824,0.0,0.030399999995136002,0.02971337327668554,0.029094790581660795,0.9999999998579546,0.971590908952899,0.3082386363198525,1.7630279846890253,0.050971338774765784,0.050971338774765784
-1.0,0.0,3485.029052734375,93.53547668457031,6.955868961214957,0.0,0.9,0.08522727272727272,0.08522727272727272,0.0,0.0,0.005681818181818181,0.005681818181818181,0.9999999998579546,0.9999999998579546,0.3735795454014802,1.771533231133122,0.8849848289455454,0.8849848289455454
-0.9,0.0,3329.3603515625,90.98064422607422,4.133209017545668,0.0,0.9,0.08380681818181818,0.5294117647058824,0.0,0.9379844959786071,0.005667627281460135,0.0661764705882353,0.9999999998579546,0.12073863634648599,0.45454545448088846,1.4234250429891249,0.6862843937331917,0.6862843937331917
-0.8,0.0,3184.160400390625,88.572998046875,2.9741376042920087,0.0,0.9,0.16193181818181818,1.0,0.0,0.9999999998305086,0.06554808888265042,1.0,0.9999999998579546,0.0042613636357583294,0.6321022726374855,1.0785505204336912,0.37144498051391034,0.3519549787129033
-0.7,0.0,3051.1728515625,86.3360824584961,2.4719018928183036,0.0,0.9,0.24573863636363635,0.6666666666666666,0.0,0.998116760640656,0.11233265705002439,0.5,0.9999999998579546,0.0042613636357583294,0.7215909089884104,0.9056407432747111,0.1803883094729111,0.17304503726863774
-0.6,0.0,2931.486083984375,84.29633331298828,2.172938803945962,0.0,0.9,0.296875,1.0,0.0,0.9999999997979797,0.14299877518700507,1.0,0.9999999998579546,0.0014204545452527763,0.819602272610852,0.8093711962460292,0.1259086860998098,0.10105481172946412
-0.5,0.0,2826.20556640625,82.48287200927734,1.8263099677777308,0.0,0.9,0.4119318181818182,1.0,0.0,0.9999999997584541,0.23901528055763113,1.0,0.9999999998579546,0.005681818181011105,0.9204545453237991,0.6845429667676816,0.0856685957565078,0.003021331356792351
-0.3999999999999999,0.0,2737.302001953125,80.92648315429688,1.4391260341381331,0.0,0.9,0.6150568181818182,1.0,0.0,0.9999999996309962,0.43412403313429254,1.0,0.9999999998579546,0.017045454543033318,0.9914772725864379,0.5252041141694207,0.16382510147228718,-0.16382510147228718
-0.29999999999999993,0.0,2666.002197265625,79.65815734863281,1.0500545406249482,0.0,0.9,0.8863636363636364,1.0,0.0,0.9999999987500001,0.8034643854113653,1.0,0.9999999998579546,0.05539772726485828,0.9985795453127018,0.3209387970212978,0.3379870118271081,-0.3379870118271081
-0.19999999999999996,0.0,2612.4990234375,78.70690155029297,0.7564701694296364,0.0,0.9,0.9786931818181818,1.0,0.0,0.9999999933333334,0.9489132032850974,1.0,0.9999999998579546,0.14630681816103597,0.9999999998579546,0.1334872810038383,0.2680876615553224,-0.26753217180601585
-0.09999999999999998,0.0,2578.03662109375,78.0970458984375,0.6302168582930975,0.0,0.9,0.9957386363636364,1.0,0.0,0.9999999666666678,0.9900815197500062,1.0,0.9999999998579546,0.3068181817745997,0.9999999998579546,0.04552973613698494,0.15784641739477354,-0.15784641739477354
0.0,0.0,2562.802490234375,77.84564971923828,0.6093233985127372,0.0,0.9,0.9971590909090909,1.0,0.0,0.9999999500000026,0.9955549381000895,1.0,0.9999999998579546,0.6576704544520354,0.9999999998579546,0.020453436688373364,0.09597533445337228,-0.09597533445337228
0.10000000000000009,0.0,2573.5390625,77.96028137207031,0.6535575438819821,0.0,0.9,0.9928977272727273,1.0,0.0,0.9999999800000003,0.9889077092522495,1.0,0.9999999998579546,0.6761363635403216,0.9999999998579546,0.026193350393378168,0.08901645079020631,-0.08901645079020631
0.20000000000000018,0.0,2603.742431640625,78.43815612792969,0.7910320253419253,0.0,0.9,0.9715909090909091,1.0,0.0,0.9999999949999999,0.9487251207332396,1.0,0.9999999998579546,0.534090909015044,0.9999999998579546,0.07683444360660287,0.11903330306567801,-0.11903330306567801
0.30000000000000004,0.0,2652.961181640625,79.26657104492188,1.2601518082933865,0.0,0.9,0.8338068181818182,0.9731800766283525,0.0,0.9401709393673753,0.697297478297202,0.9321068964052447,0.9999999998579546,0.37073863631097465,0.9943181816769435,0.29069894930283524,0.1003622272738894,-0.09510551782574779
0.40000000000000013,0.0,2721.140625,80.42462158203125,2.7842474597627898,0.0,0.9,0.5241477272727273,0.8381742738589212,0.0,0.8835820892884829,0.32055707015645274,0.4125950539952526,0.9999999998579546,0.3423295454059191,0.8622159089684353,0.6904571491126935,0.18779829503096251,0.169384502409049
0.5,0.0,2807.2216796875,81.8858871459961,inf,0.0,0.9,0.31107954545454547,0.5746753246753247,0.0,0.7298969070660006,0.15515332794696748,0.22477967460055068,0.9999999998579546,0.43749999993785516,0.660511363542541,1.0521959380908064,0.41434694887995793,0.41434694887995793
0.6000000000000001,0.0,2910.09912109375,83.62092590332031,inf,0.0,0.9,0.24147727272727273,0.36363636363636365,0.0,0.5280898875415563,0.11807497599868978,0.14820496659660023,0.9999999998579546,0.5624999999200995,0.5014204544742301,1.2950776937652932,0.49297583182350335,0.49297583182350335
0.7000000000000002,0.0,3028.325927734375,85.5996322631836,inf,0.0,0.9,0.171875,0.212,0.0,0.32418524865794424,0.06905137596244407,0.08095460249446952,0.9999999998579546,0.7102272726263882,0.4332386363020968,1.5169420423554767,0.47960800779733803,0.47960800779733803
0.8,0.0,3160.683349609375,87.79270935058594,inf,0.0,0.9,0.11789772727272728,0.13682432432432431,0.0,0.17713365536600104,0.03319927562351805,0.0374611026852172,0.9999999998579546,0.8409090907896436,0.40198863630653575,1.687735826513147,0.40998576715205526,0.40998576715205526
0.9000000000000001,0.0,3305.08935546875,90.17278289794922,inf,0.0,0.9,0.11505681818181818,0.125193199381762,0.0,0.09149277687134948,0.03054319644752782,0.03219489677813577,0.9999999998579546,0.9190340907785464,0.35369318176794134,1.7332205154584521,0.22174277622253846,0.22174277622253846
1.0,0.0,3459.796630859375,92.71483612060547,inf,0.0,0.9,0.10653409090909091,0.11127819548872181,0.0,0.06041335452139693,0.031818061835433835,0.03303053013566341,0.9999999998579546,0.9446022725930963,0.32386363631763304,1.76186118917592,0.15627259555032433,0.15627259555032433
-1.0,0.10000000000000009,3491.779052734375,93.87236785888672,10.595217781848119,0.0,0.9,0.08238636363636363,0.08238636363636363,0.0,0.0,0.005492424242424242,0.005492424242424242,0.9999999998579546,0.9999999998579546,0.36363636358471074,1.8256659005329658,0.9123517434705757,0.9123517434705757
-0.9,0.10000000000000009,3336.500732421875,91.12873840332031,6.84670801874253,0.0,0.9,0.08380681818181818,0.08380681818181818,0.0,0.0,0.005587121212121212,0.005587121212121212,0.9999999998579546,0.9999999998579546,0.36931818176572184,1.765606142322068,0.8818128539842404,0.8818128539842404
-0.8,0.10000000000000009,3192.081298828125,88.7225112915039,4.630031110113842,0.0,0.9,0.08522727272727272,0.27722772277227725,0.0,0.7732919253457622,0.005714285714285714,0.025202520252025205,0.9999999998579546,0.28693181814106083,0.4332386363020968,1.5363940532404912,0.7565959340930108,0.7565959340930108
-0.7,0.10000000000000009,3059.546142578125,86.48628997802734,3.5473173642623914,0.0,0.9,0.09801136363636363,0.75,0.0,0.9937007872450866,0.019515849042427074,0.25,0.9999999998579546,0.02272727272404442,0.6178977271849577,1.2832130695027635,0.5839481227201517,0.5833629110675109
-0.6,0.10000000000000009,2939.924072265625,84.44633483886719,2.955835749024318,0.0,0.9,0.18181818181818182,1.0,0.0,0.999999999826389,0.08384987763744935,1.0,0.9999999998579546,0.008522727271516659,0.7002840908096187,1.1068663808435226,0.42471226366149656,0.39932709926135157
-0.5,0.10000000000000009,2835.02490234375,82.63140106201172,2.4871144718869944,0.0,0.9,0.23863636363636365,1.0,0.0,0.9999999998134329,0.12176726015435049,1.0,0.9999999998579546,0.015624999997780541,0.7755681817080159,0.961295114053414,0.3053777908094201,0.2916498292357474
-0.3999999999999999,0.10000000000000009,2746.352294921875,81.0718994140625,2.033588651029654,0.0,0.9,0.3181818181818182,1.0,0.0,0.9999999997916666,0.18370405350591895,1.0,0.9999999998579546,0.0241477272692972,0.8934659089639964,0.8043057896315714,0.19988433616888146,0.17847232380156466
-0.29999999999999993,0.10000000000000009,2675.07080078125,79.79850006103516,1.5280087397121664,0.0,0.9,0.4900568181818182,1.0,0.0,0.9999999997214484,0.336406762239902,1.0,0.9999999998579546,0.031249999995561082,0.9914772725864379,0.5932038053199006,0.05080196095483924,-0.009255508894449156
-0.19999999999999996,0.10000000000000009,2622.11328125,78.8398666381836,1.1012294734198589,0.0,0.9,0.8323863636363636,1.0,0.0,0.9999999991525425,0.7160591378969385,1.0,0.9999999998579546,0.05681818181011106,0.9999999998579546,0.35515387007660837,0.2975551815011862,-0.2975551815011862
-0.09999999999999998,0.10000000000000009,2588.135498046875,78.22016906738281,0.8290661118738103,0.0,0.9,0.9730113636363636,1.0,0.0,0.9999999947368421,0.9469460341635105,1.0,0.9999999998579546,0.09801136362244157,0.9999999998579546,0.1821308644060486,0.31557335159429273,-0.31557335159429273
0.0,0.10000000000000009,2574.791259765625,77.9564208984375,0.6803340037226079,0.0,0.9,0.9943181818181818,1.0,0.0,0.9999999750000006,0.9911395035794334,1.0,0.9999999998579546,0.17613636361134427,0.9999999998579546,0.08190238456659342,0.2241087422019887,-0.22350871728894942
0.10000000000000009,0.10000000000000009,2583.56005859375,78.056396484375,0.6680386655938468,0.0,0.9,0.9928977272727273,1.0,0.0,0.9999999800000003,0.9868176216930719,1.0,0.9999999998579546,0.3380681817701608,0.9999999998579546,0.06707100010803287,0.18496491827782677,-0.18496491827782677
0.20000000000000018,0.10000000000000009,2613.0693359375,78.51766204833984,0.7760391218988593,0.0,0.9,0.9715909090909091,0.9959016393442623,0.0,0.94999999525,0.9499977105837927,0.98991452991453,0.9999999998579546,0.34659090904167744,0.9999999998579546,0.11368751529860904,0.19006099682121189,-0.19006099682121189
0.30000000000000004,0.10000000000000009,2662.046875,79.32795715332031,1.1761808180088134,0.0,0.9,0.8224431818181818,0.985,0.0,0.9759999992192,0.6761227192258686,0.9546721394547482,0.9999999998579546,0.2840909090505553,0.9857954544054268,0.29123328053488856,0.12871225235025097,-0.12871225235025097
0.40000000000000013,0.10000000000000009,2729.667236328125,80.46694946289062,2.6095051744958315,0.0,0.9,0.5213068181818182,0.7918552036199095,0.0,0.8635014834232932,0.3147340373457808,0.36819301347458816,0.9999999998579546,0.3139204545008636,0.8437499998801492,0.6876854190849028,0.1489673420461098,0.138092019097895
0.5,0.10000000000000009,2815.360595703125,81.90873718261719,inf,0.0,0.9,0.3096590909090909,0.5137931034482759,0.0,0.7098765430638114,0.15839351808317328,0.21183793137508164,0.9999999998579546,0.41193181812330515,0.642045454454255,1.0444390327052362,0.4042985101487183,0.4042985101487183
0.6000000000000001,0.10000000000000009,2918.219482421875,83.6244888305664,inf,0.0,0.9,0.22727272727272727,0.34102564102564104,0.0,0.5275735293147843,0.10456888469836126,0.13587318361064718,0.9999999998579546,0.5539772726485828,0.4886363635669551,1.2994292559292608,0.5061942771828607,0.5061942771828607
0.7000000000000002,0.10000000000000009,3036.2822265625,85.58493041992188,inf,0.0,0.9,0.17045454545454544,0.2068230277185501,0.0,0.3630136985679771,0.07433577253929195,0.0783349439350725,0.9999999998579546,0.6661931817235521,0.444602272664119,1.5048029647785712,0.5176698675435764,0.5176698675435764
0.8,0.10000000000000009,3168.134765625,87.7625961303711,inf,0.0,0.9,0.125,0.15384615384615385,0.0,0.2499999999594156,0.042673107226745645,0.04725074666935132,0.9999999998579546,0.7755681817080159,0.40767045448754685,1.6413571846879935,0.4726387429672738,0.4726387429672738
0.9000000000000001,0.10000000000000009,3312.00927734375,90.13533020019531,inf,0.0,0.9,0.10795454545454546,0.11980033277870217,0.0,0.1576433120768084,0.03679650845626473,0.03864567129997352,0.9999999998579546,0.8536931816969187,0.36505681812996355,1.7218636859606893,0.40239219590971187,0.40239219590971187
1.0,0.10000000000000009,3466.622802734375,92.69902801513672,inf,0.0,0.9,0.06534090909090909,0.07221350078492936,0.0,0.10182370819121221,0.012935910604161905,0.015058889523175238,0.9999999998579546,0.9048295453260186,0.31818181813662194,1.8182512867236824,0.47204670546388494,0.47204670546388494
-1.0,0.20000000000000018,3514.285888671875,94.46402740478516,14.003424257073362,0.0,0.9,0.08380681818181818,0.08380681818181818,0.0,0.0,0.005587121212121212,0.005587121212121212,0.9999999998579546,0.9999999998579546,0.36363636358471074,1.8293565158673668,0.9115474546498155,0.9115474546498155
-0.9,0.20000000000000018,3360.304931640625,91.73531341552734,9.549128272204081,0.0,0.9,0.07954545454545454,0.07954545454545454,0.0,0.0,0.005303030303030303,0.005303030303030303,0.9999999998579546,0.9999999998579546,0.37073863631097465,1.8234060195829431,0.9109510180633431,0.9109510180633431
-0.8,0.20000000000000018,3216.754638671875,89.1534423828125,6.674344045478154,0.0,0.9,0.08380681818181818,0.08380681818181818,0.0,0.0,0.005587121212121212,0.005587121212121212,0.9999999998579546,0.9999999998579546,0.374999999946733,1.7548303402614025,0.8762680235335036,0.8762680235335036
-0.7,0.20000000000000018,3085.093017578125,86.93193054199219,5.003507308556317,0.0,0.9,0.078125,0.17350157728706625,0.0,0.596302002989784,0.0052231718898385565,0.012392969806219017,0.9999999998579546,0.4502840908451301,0.46590909084291066,1.613371670142002,0.8022523647592372,0.8022523647592372
-0.6,0.20000000000000018,2966.295654296875,84.90579223632812,3.977947242293098,0.0,0.9,0.08948863636363637,0.7959183673469388,0.0,0.9843993758214666,0.007074352548036758,0.11370262390670553,0.9999999998579546,0.06960227271738605,0.5965909090061661,1.4144571200321823,0.6921392620628569,0.6915223043732796
-0.5,0.20000000000000018,2862.45703125,83.10307312011719,3.308190857550105,0.0,0.9,0.10369318181818182,0.9523809523809523,0.0,0.9984152137878899,0.022652200723297166,0.47619047619047616,0.9999999998579546,0.029829545450308304,0.7144886362621465,1.2529024161834377,0.5820893289936234,0.5801147579138212
-0.3999999999999999,0.20000000000000018,2774.530517578125,81.55340576171875,2.749813596696086,0.0,0.9,0.15625,1.0,0.0,0.9999999998316499,0.06209630871362403,1.0,0.9999999998579546,0.03977272726707774,0.7826704544342798,1.0942499232479868,0.4682953514823586,0.46101720109609357
-0.29999999999999993,0.20000000000000018,2704.3525390625,80.28636932373047,2.1992544494448105,0.0,0.9,0.23863636363636365,0.9696969696969697,0.0,0.9981343281719899,0.12749292735830942,0.48484848484848486,0.9999999998579546,0.046874999993341625,0.8778409089662158,0.9024118253755172,0.3201042233149926,0.3097761548676299
-0.19999999999999996,0.20000000000000018,2652.156982421875,79.32978057861328,1.690583658021533,0.0,0.9,0.3806818181818182,1.0,0.0,0.9999999997706421,0.2509896166048976,1.0,0.9999999998579546,0.05397727271960551,0.9630681816813824,0.6805392320492031,0.12435959884365098,0.1052047732419078
-0.09999999999999998,0.20000000000000018,2619.34716796875,78.70697021484375,1.289724273227571,0.0,0.9,0.7088068181818182,1.0,0.0,0.9999999995121952,0.5904137506967746,1.0,0.9999999998579546,0.05823863635536383,0.997159090767449,0.46500271227591433,0.21827284781609546,-0.21827284781609546
0.0,0.20000000000000018,2606.563232421875,78.43450927734375,0.9908009189785172,0.0,0.9,0.9048295454545454,1.0,0.0,0.9999999985074628,0.841794009445851,1.0,0.9999999998579546,0.062499999991122164,0.9999999998579546,0.2841795360926622,0.3367227944782415,-0.3367227944782415
0.10000000000000009,0.20000000000000018,2614.595703125,78.52011108398438,0.8697741115134477,0.0,0.9,0.9730113636363636,1.0,0.0,0.9999999947368421,0.9496705794694651,1.0,0.9999999998579546,0.07954545453415549,0.9999999998579546,0.2047709244409342,0.33519962125494757,-0.33519962125494757
0.20000000000000018,0.20000000000000018,2643.174072265625,78.96183776855469,0.9352940615244181,0.0,0.9,0.9261363636363636,0.9803921568627451,0.0,0.9615384596893491,0.8503270413953624,0.8494208494208494,0.9999999998579546,0.1448863636157832,0.9999999998579546,0.2289106265165454,0.2790230418571843,-0.2790230418571843
0.30000000000000004,0.20000000000000018,2691.111328125,79.74835205078125,1.3522708184679315,0.0,0.9,0.7670454545454546,0.9714285714285714,0.0,0.975609755502677,0.5998142517439082,0.8471022517534146,0.9999999998579546,0.1988636363353887,0.9559659089551186,0.3965590624435284,0.1535151120821421,-0.15290681667525055
0.40000000000000013,0.20000000000000018,2757.980224609375,80.8604965209961,2.6733155441008956,0.0,0.9,0.5184659090909091,0.7627118644067796,0.0,0.876106194431827,0.3283758043070925,0.27758829221093373,0.9999999998579546,0.25142045450974143,0.8153409089750937,0.7062601533780424,0.1398803839778776,0.10961626947789413
0.5,0.20000000000000018,2843.012451171875,82.27367401123047,inf,0.0,0.9,0.31107954545454547,0.4921259842519685,0.0,0.7340206184053565,0.16481504384863035,0.2254503000387147,0.9999999998579546,0.3607954544942052,0.6150568180944522,1.0411647851977754,0.37629031452196826,0.37226942186079875
0.6000000000000001,0.20000000000000018,2944.80712890625,83.9605484008789,inf,0.0,0.9,0.21022727272727273,0.3138888888888889,0.0,0.5557553955834973,0.09384282203721954,0.12638881081124914,0.9999999998579546,0.5113636362909995,0.4460227272093718,1.3105248721040237,0.530957924591172,0.530957924591172
0.7000000000000002,0.20000000000000018,3061.870361328125,85.89356994628906,inf,0.0,0.9,0.14488636363636365,0.18588235294117647,0.0,0.4252491693645766,0.056859246109549434,0.05960367268778482,0.9999999998579546,0.60369318173243,0.41193181812330515,1.4932188141874103,0.5521164814826806,0.5521164814826806
0.8,0.20000000000000018,3192.567138671875,88.0477523803711,inf,0.0,0.9,0.08948863636363637,0.11627906976744186,0.0,0.2886115444167533,0.0261131030101921,0.03392809109328905,0.9999999998579546,0.7329545453504326,0.39488636358027185,1.6795977952962506,0.6183395397735838,0.6183395397735838
0.9000000000000001,0.20000000000000018,3335.293701171875,90.40345001220703,inf,0.0,0.9,0.078125,0.09252669039145907,0.0,0.2141756548206201,0.017874683592126638,0.0221748753376721,0.9999999998579546,0.7982954544320603,0.33380681813440244,1.7445426945500628,0.6860887585676276,0.6860887585676276
1.0,0.20000000000000018,3488.6708984375,92.94766998291016,inf,0.0,0.9,0.05539772727272727,0.07128309572301425,0.0,0.3142857142384533,0.012217544217182944,0.016448125143777317,0.9999999998579546,0.6974431817191132,0.3011363635935886,1.7520091326595262,0.8204671371798885,0.8204671371798885
-1.0,0.30000000000000004,3552.2568359375,95.30440521240234,17.647396967587586,0.0,0.9,0.08664772727272728,0.08664772727272728,0.0,0.0,0.005776515151515152,0.005776515151515152,0.9999999998579546,0.9999999998579546,0.362215909039458,1.8252984129345806,0.8968016665128706,0.8968016665128706
-0.9,0.30000000000000004,3400.017578125,92.60273742675781,12.308638980982144,0.0,0.9,0.08522727272727272,0.08522727272727272,0.0,0.0,0.005681818181818181,0.005681818181818181,0.9999999998579546,0.9999999998579546,0.3451704544964247,1.8224229665489928,0.9105798328466049,0.9105798328466049
-0.8,0.30000000000000004,3258.059326171875,90.0484390258789,8.788302861862153,0.0,0.9,0.08238636363636363,0.08238636363636363,0.0,0.0,0.005492424242424242,0.005492424242424242,0.9999999998579546,0.9999999998579546,0.33948863631541354,1.8062873082191502,0.9020543041583987,0.9020543041583987
-0.7,0.30000000000000004,3127.552001953125,87.66380310058594,6.5666669335309,0.0,0.9,0.08238636363636363,0.08238636363636363,0.0,0.0,0.005492424242424242,0.005492424242424242,0.9999999998579546,0.9999999998579546,0.37073863631097465,1.7451547784527688,0.8709931967051201,0.8709931967051201
-0.6,0.30000000000000004,3010.65771484375,85.6643295288086,5.162589416388014,0.0,0.9,0.08664772727272728,0.15885416666666666,0.0,0.4976671849925868,0.005776515151515152,0.010590277777777777,0.9999999998579546,0.5454545453770662,0.49005681811220786,1.6211404929096962,0.8058286617123294,0.8058286617123294
-0.5,0.30000000000000004,2908.300537109375,83.88632202148438,4.248537415115059,0.0,0.9,0.08380681818181818,0.8070175438596491,0.0,0.9829457362817139,0.005619047619047619,0.10087719298245613,0.9999999998579546,0.08096590907940826,0.5639204544653522,1.4859762970279262,0.734227102811458,0.734227102811458
-0.3999999999999999,0.30000000000000004,2822.148681640625,82.35811614990234,3.5586588059206514,0.0,0.9,0.08522727272727272,0.8947368421052632,0.0,0.9937888197214614,0.00674423717103197,0.2236842105263158,0.9999999998579546,0.05397727271960551,0.7258522726241687,1.3441143628474215,0.65813137686909,0.65813137686909
-0.29999999999999993,0.30000000000000004,2753.02880859375,81.1078872680664,2.9567268276184016,0.0,0.9,0.11221590909090909,1.0,0.0,0.9999999998400001,0.029602356406480117,1.0,0.9999999998579546,0.04403409090283607,0.781249999889027,1.1775314181596437,0.553145420619059,0.5458994682652284
-0.19999999999999996,0.30000000000000004,2701.756591796875,80.16188049316406,2.3721751300863274,0.0,0.9,0.17329545454545456,1.0,0.0,0.9999999998281788,0.07824099340466927,1.0,0.9999999998579546,0.03835227272182496,0.8565340907874242,0.9716443052181671,0.39628113290706785,0.3884011195069427
-0.09999999999999998,0.30000000000000004,2669.589599609375,79.54220581054688,1.9016063257219251,0.0,0.9,0.2784090909090909,1.0,0.0,0.9999999998031496,0.16371341682744178,1.0,0.9999999998579546,0.036931818176572186,0.9090909089617769,0.7744198490572423,0.22541876078120618,0.20603955834450613
0.0,0.30000000000000004,2657.24462890625,79.26453399658203,1.5016374993360604,0.0,0.9,0.5866477272727273,1.0,0.0,0.9999999996563573,0.468867739931865,1.0,0.9999999998579546,0.029829545450308304,0.9559659089551186,0.5645989872882238,0.145752036462127,-0.145752036462127
0.10000000000000009,0.30000000000000004,2664.7802734375,79.33641815185547,1.2494964269274629,0.0,0.9,0.7698863636363636,1.0,0.0,0.9999999993827161,0.632239685836316,1.0,0.9999999998579546,0.02272727272404442,0.9914772725864379,0.4251282886860014,0.2950344376530784,-0.2950344376530784
0.20000000000000018,0.30000000000000004,2692.494384765625,79.75641632080078,1.2506010418688147,0.0,0.9,0.7883522727272727,0.9333333333333333,0.0,0.9865771805459214,0.6245145098700103,0.6481481481481481,0.9999999998579546,0.04261363635758329,0.9730113634981519,0.4092125053523126,0.2725532662733227,-0.2705451291676276
0.30000000000000004,0.30000000000000004,2739.244140625,80.5143814086914,1.742992461138118,0.0,0.9,0.6818181818181818,0.7894736842105263,0.0,0.9464285710060587,0.49877072021319807,0.4873949579831933,0.9999999998579546,0.08096590907940826,0.8877840907829853,0.5550308710060337,0.21201602999753444,-0.14105617247661253
0.40000000000000013,0.30000000000000004,2804.97216796875,81.5927734375,3.0371099759479816,0.0,0.9,0.48863636363636365,0.5528455284552846,0.0,0.8472222219868827,0.332947938873548,0.25565006793076966,0.9999999998579546,0.1747159090660915,0.7755681817080159,0.8056312212887845,0.25370657753655246,0.09042052130912298
0.5,0.30000000000000004,2889.327392578125,82.96895599365234,5.627901459596093,0.0,0.9,0.28267045454545453,0.41899441340782123,0.0,0.7940594057833545,0.15246391683982766,0.19201705504896993,0.9999999998579546,0.254261363600247,0.5866477271893966,1.079746344021352,0.3799466289317688,0.36458013770275444
0.6000000000000001,0.30000000000000004,2989.476318359375,84.61750030517578,inf,0.0,0.9,0.18323863636363635,0.23825503355704697,0.0,0.6052173911990927,0.08566468580041194,0.08653461384553823,0.9999999998579546,0.42329545448532735,0.4218749999400746,1.3167583568121446,0.5188925805666801,0.5188925805666801
0.7000000000000002,0.30000000000000004,3104.575439453125,86.51274871826172,inf,0.0,0.9,0.11505681818181818,0.1630170316301703,0.0,0.4478330657387106,0.03906504765459134,0.055061541268437826,0.9999999998579546,0.5838068180988911,0.40056818176128295,1.5196393264654589,0.6276118340071717,0.6276118340071717
0.8,0.30000000000000004,3233.780029296875,88.63094329833984,inf,0.0,0.9,0.078125,0.10377358490566038,0.0,0.4144838211996173,0.018315581516987423,0.025180196147938084,0.9999999998579546,0.6022727271871772,0.3607954544942052,1.6542207724694313,0.7388244169395084,0.7388244169395084
0.9000000000000001,0.30000000000000004,3374.783935546875,90.9516830444336,inf,0.0,0.9,0.05539772727272727,0.059113300492610835,0.0,0.42556390971044156,0.01290751211877101,0.012604291838547709,0.9999999998579546,0.5767045453726273,0.3124999999556108,1.688914784117462,0.8024277191730476,0.8024277191730476
1.0,0.30000000000000004,3526.113525390625,93.45696258544922,25.403092240098843,0.0,0.9,0.028409090909090908,0.04262295081967213,0.0,0.5730994151208919,0.005066175006991229,0.005864018015599601,0.9999999998579546,0.4332386363020968,0.28693181814106083,1.6671646280861614,0.7762276308033016,0.7762276308033016
-1.0,0.40000000000000013,3604.888916015625,96.38434600830078,inf,0.0,0.9,0.08522727272727272,0.08534850640113797,0.0,0.0015527950308147835,0.005681818181818181,0.005689900426742531,0.9999999998579546,0.9985795453127018,0.3437499999511719,1.8283498686346238,0.8841672975255626,0.8841672975255626
-0.9,0.40000000000000013,3454.8427734375,93.72052764892578,15.368637292036714,0.0,0.9,0.08238636363636363,0.08238636363636363,0.0,0.0,0.005492424242424242,0.005492424242424242,0.9999999998579546,0.9999999998579546,0.31676136359136914,1.8312314296561871,0.9138029973611546,0.9138029973611546
-0.8,0.40000000000000013,3315.19970703125,91.20486450195312,11.101596384561127,0.0,0.9,0.08380681818181818,0.08380681818181818,0.0,0.0,0.005587121212121212,0.005587121212121212,0.9999999998579546,0.9999999998579546,0.32954545449864414,1.819174817040289,0.9085541798318986,0.9085541798318986
-0.7,0.40000000000000013,3187.236572265625,88.8589096069336,8.290636203996813,0.0,0.9,0.07954545454545454,0.07954545454545454,0.0,0.0,0.005303030303030303,0.005303030303030303,0.9999999998579546,0.9999999998579546,0.3153409090461164,1.7976303047807225,0.897340974758258,0.897340974758258
-0.6,0.40000000000000013,3072.149169921875,86.70645141601562,6.431634974531191,0.0,0.9,0.08380681818181818,0.08380681818181818,0.0,0.0,0.005587121212121212,0.005587121212121212,0.9999999998579546,0.9999999998579546,0.4090909090327996,1.7276023484706724,0.8614853238660446,0.8614853238660446
-0.5,0.40000000000000013,2971.784423828125,84.96377563476562,5.2092699964495965,0.0,0.9,0.08238636363636363,0.15466666666666667,0.0,0.5092879256177573,0.005492424242424242,0.011047619047619047,0.9999999998579546,0.5326704544697911,0.5142045453815051,1.6298473177629618,0.81065003420889,0.81065003420889
-0.3999999999999999,0.40000000000000013,2887.595458984375,83.4668960571289,4.379655754848811,0.0,0.9,0.08096590909090909,0.8113207547169812,0.0,0.9845440493068711,0.005420827389443651,0.10141509433962265,0.9999999998579546,0.07528409089839715,0.5539772726485828,1.5104732539127754,0.7464945461052737,0.7464945461052737
-0.29999999999999993,0.40000000000000013,2819.93505859375,82.2421646118164,3.6158532550855385,0.0,0.9,0.08806818181818182,0.9285714285714286,0.0,0.9968847350472143,0.005904761904761904,0.30952380952380953,0.9999999998579546,0.03977272726707774,0.7031249999001243,1.3529758279190447,0.6623741730425261,0.6612476609138052
-0.19999999999999996,0.40000000000000013,2769.902587890625,81.31394958496094,3.0341137913660665,0.0,0.9,0.08948863636363637,1.0,0.0,0.9999999998439938,0.008116685577097002,1.0,0.9999999998579546,0.029829545450308304,0.7400568180766965,1.1831156772271836,0.5691059916522837,0.5640745147489145
-0.09999999999999998,0.40000000000000013,2738.403564453125,80.70275115966797,2.5074417146401564,0.0,0.9,0.16477272727272727,1.0,0.0,0.999999999829932,0.07157078356884995,1.0,0.9999999998579546,0.017045454543033318,0.8053977271583243,0.9924521551947919,0.3985145572742381,0.3823400845747516
0.0,0.40000000000000013,2726.5126953125,80.423095703125,2.042260509044774,0.0,0.9,0.2684659090909091,1.0,0.0,0.9999999998058253,0.15388673100666328,1.0,0.9999999998579546,0.005681818181011105,0.8749999998757103,0.79335574409251,0.19736224688801193,0.17648477248487107
0.10000000000000009,0.40000000000000013,2733.67236328125,80.48220825195312,1.7259664486988502,0.0,0.9,0.49857954545454547,1.0,0.0,0.9999999997167138,0.34328839324140076,1.0,0.9999999998579546,0.005681818181011105,0.9332386362310741,0.6480650592725938,0.10897807714334341,-0.09961245633292543
0.20000000000000018,0.40000000000000013,2760.458740234375,80.87910461425781,1.7250540424793395,0.0,0.9,0.6477272727272727,0.9375,0.0,0.995967741533884,0.44973049204310594,0.6444444444444445,0.9999999998579546,0.02272727272404442,0.9176136362332936,0.6233946010879594,0.2649045476370986,-0.22082874064209465
0.30000000000000004,0.40000000000000013,2805.843994140625,81.60491180419922,2.1322105712389097,0.0,0.9,0.5710227272727273,0.49122807017543857,0.0,0.9039735096344458,0.3951904924622953,0.13959931798806477,0.9999999998579546,0.08096590907940826,0.8536931816969187,0.7080208721538889,0.25905480001144243,-0.12086855917621922
0.40000000000000013,0.40000000000000013,2870.2216796875,82.64402770996094,3.347036873127135,0.0,0.9,0.4275568181818182,0.39090909090909093,0.0,0.8337468980561422,0.28830378398193246,0.17857142857142858,0.9999999998579546,0.1562499999778054,0.7215909089884104,0.9050380016989164,0.2988824221852492,0.0879350821072499
0.5,0.40000000000000013,2952.64990234375,83.97596740722656,5.279984989717089,0.0,0.9,0.23295454545454544,0.3,0.0,0.7666666665246914,0.11687667770409003,0.10046976734321647,0.9999999998579546,0.25568181814549973,0.5454545453770662,1.1228985448105282,0.37448883730090143,0.3669344820951156
0.6000000000000001,0.40000000000000013,3051.128173828125,85.57746887207031,8.668539792064124,0.0,0.9,0.1278409090909091,0.16666666666666666,0.0,0.6254071660219207,0.04950738911559765,0.07274567537725432,0.9999999998579546,0.3920454544897663,0.4332386363020968,1.365820359793099,0.5824059491923536,0.5824059491923536
0.7000000000000002,0.40000000000000013,3164.3779296875,87.42457580566406,12.34239853129003,0.0,0.9,0.07386363636363637,0.0949367088607595,0.0,0.5613496931654371,0.018722976027400664,0.02357702530116323,0.9999999998579546,0.44886363629987736,0.3906249999445135,1.5451027677083633,0.6995661741897032,0.6995661741897032
0.8,0.40000000000000013,3291.422607421875,89.49441528320312,inf,0.0,0.9,0.06392045454545454,0.07692307692307693,0.0,0.562974203252963,0.014106021831965333,0.016177420745406505,0.9999999998579546,0.44318181811886626,0.33522727267965524,1.5924300398824704,0.7294140070439261,0.7294140070439261
0.9000000000000001,0.40000000000000013,3430.1572265625,91.76587677001953,16.717295407994403,0.0,0.9,0.045454545454545456,0.07894736842105263,0.0,0.7395833332232763,0.01063928517513014,0.013793130077533747,0.9999999998579546,0.26988636359802753,0.2911931817768192,1.5629125661271084,0.7034678338605944,0.7034678338605944
1.0,0.40000000000000013,3578.77001953125,94.21924591064453,16.31563822045598,0.0,0.9,0.026988636363636364,0.037914691943127965,0.0,0.7036496349337739,0.0048917748917748916,0.005628276678504989,0.9999999998579546,0.29971590904833584,0.29971590904833584,1.614173840275594,0.7418507924746591,0.7418507924746591
-1.0,0.5,3671.20751953125,97.69215393066406,inf,0.0,0.9,0.08522727272727272,0.08428571428571428,0.0,0.00465838509244435,0.005689900426742531,0.005619047619047619,0.9999999998579546,0.9943181816769435,0.36363636358471074,1.8272736334059845,0.7865077324302717,0.7865077324302717
-0.9,0.5,3524.29052734375,95.07534790039062,inf,0.0,0.9,0.08238636363636363,0.08250355618776671,0.0,0.0015479876158594446,0.005492424242424242,0.005500237079184447,0.9999999998579546,0.9985795453127018,0.3323863635891497,1.8314647633330903,0.9064483362046243,0.9064483362046243
-0.8,0.5,3387.452880859375,92.6075668334961,13.530717033143606,0.0,0.9,0.08806818181818182,0.08806818181818182,0.0,0.0,0.005871212121212122,0.005871212121212122,0.9999999998579546,0.9999999998579546,0.32954545449864414,1.8157053744018967,0.9069424756556288,0.9069424756556288
-0.7,0.5,3262.513916015625,90.30944061279297,10.160302156501693,0.0,0.9,0.08664772727272728,0.08664772727272728,0.0,0.0,0.005776515151515152,0.005776515151515152,0.9999999998579546,0.9999999998579546,0.36363636358471074,1.8034687868220691,0.9001533169666998,0.9001533169666998
-0.6,0.5,3150.208251953125,88.20354461669922,7.820860618237871,0.0,0.9,0.08096590909090909,0.08096590909090909,0.0,0.0,0.005397727272727273,0.005397727272727273,0.9999999998579546,0.9999999998579546,0.38210227267299685,1.7778347310887845,0.8869668134308671,0.8869668134308671
-0.5,0.5,3052.218505859375,86.3139877319336,6.295530305330606,0.0,0.9,0.07954545454545454,0.07954545454545454,0.0,0.0,0.005303030303030303,0.005303030303030303,0.9999999998579546,0.9999999998579546,0.41335227266855795,1.7173636240114194,0.855972333133422,0.855972333133422
-0.3999999999999999,0.5,2970.006591796875,84.85614013671875,5.168335824278113,0.0,0.9,0.08806818181818182,0.30303030303030304,0.0,0.7850467288496812,0.005871212121212122,0.027548209366391185,0.9999999998579546,0.28124999996004973,0.5184659090172634,1.6088767543272315,0.7986225730728607,0.7986225730728607
-0.29999999999999993,0.5,2904.22705078125,83.66365814208984,4.392449339035927,0.0,0.9,0.08238636363636363,0.9565217391304348,0.0,0.9984520122293419,0.005492424242424242,0.4782608695652174,0.9999999998579546,0.03267045454081386,0.52698863628878,1.5009444129551344,0.7419973452632245,0.7391902954153651
-0.19999999999999996,0.5,2855.6396484375,82.75886535644531,3.695809569139158,0.0,0.9,0.08522727272727272,1.0,0.0,0.9999999998447205,0.005689900426742531,1.0,0.9999999998579546,0.014204545452527764,0.6150568180944522,1.3502811196394393,0.6557565951938717,0.6532882734624084
-0.09999999999999998,0.5,2825.120361328125,82.16038513183594,3.09532212564572,0.0,0.9,0.08238636363636363,1.0,0.0,0.9999999998452013,0.005500237079184447,1.0,0.9999999998579546,0.005681818181011105,0.6803977271760799,1.1714945263623089,0.5439016303908699,0.543071972587913
0.0,0.5,2813.460693359375,81.88150787353516,2.558714865051556,0.0,0.9,0.1534090909090909,1.0,0.0,0.9999999998322148,0.05981081519414859,1.0,0.9999999998579546,0.0014204545452527763,0.7343749998956854,0.9682255197078543,0.3492763003108,0.3366353315108394
0.10000000000000009,0.5,2820.476318359375,81.92892456054688,2.2001211768324223,0.0,0.9,0.28267045454545453,1.0,0.0,0.9999999998019802,0.15184083759232617,1.0,0.9999999998579546,0.0028409090905055527,0.781249999889027,0.8157188033849649,0.1503861271763116,0.11941346124106646
0.20000000000000018,0.5,2846.42236328125,82.30209350585938,2.1404226823772445,0.0,0.9,0.4375,0.4,0.0,0.9696969694520967,0.2614925666319967,0.4444444444444444,0.9999999998579546,0.02840909090505553,0.8025568180678186,0.7659540026790442,0.11162751998694298,-0.05712368256200426
0.30000000000000004,0.5,2890.771728515625,82.99343872070312,2.4553109509331086,0.0,0.9,0.4659090909090909,0.3191489361702128,0.0,0.9148936167779538,0.29916477422794313,0.25,0.9999999998579546,0.0667613636268805,0.8124999998845881,0.8244883970551387,0.22294521165490405,-0.07176890589836425
0.40000000000000013,0.5,2952.93359375,83.9892807006836,3.3648217935712004,0.0,0.9,0.3565340909090909,0.21428571428571427,0.0,0.8543046355730012,0.2296414468215618,0.1438738738738739,0.9999999998579546,0.11931818180123321,0.7002840908096187,0.9746125141907463,0.3516771476690469,0.093074127101795
0.5,0.5,3032.932373046875,85.27135467529297,4.91976664145427,0.0,0.9,0.15625,0.14173228346456693,0.0,0.8164983163608589,0.07340132474899579,0.04864672364672365,0.9999999998579546,0.1803977272471026,0.5056818181099884,1.1809665920393302,0.40845868972032195,0.3916022392624716
0.6000000000000001,0.5,3129.068115234375,86.81863403320312,6.995307425281252,0.0,0.9,0.06818181818181818,0.07960199004975124,0.0,0.7179878047685995,0.020055642381785668,0.030147058823529412,0.9999999998579546,0.28551136359580803,0.38920454539926075,1.3976353532079717,0.5849452138670527,0.5849452138670527
0.7000000000000002,0.5,3239.703857421875,88.6089096069336,8.835463703635345,0.0,0.9,0.05823863636363636,0.12222222222222222,0.0,0.7616892909861706,0.01313815848920213,0.026772247360482653,0.9999999998579546,0.25568181814549973,0.32244318177238024,1.4762038651323617,0.6433597580873319,0.6433597580873319
0.8,0.5,3364.323486328125,90.62026977539062,10.224755801101741,0.0,0.9,0.045454545454545456,0.1092436974789916,0.0,0.8422619046365682,0.009514194465497023,0.02071781205691932,0.9999999998579546,0.1690340908850804,0.31107954541035804,1.473477591961701,0.6425362912406194,0.6425362912406194
0.9000000000000001,0.5,3500.31591796875,92.83180236816406,11.012379286095737,0.0,0.9,0.03409090909090909,0.07608695652173914,0.0,0.8749999998713236,0.006919719145643903,0.009268719894905854,0.9999999998579546,0.13068181816325544,0.2968749999578303,1.4864433416587186,0.6356262571652413,0.6356262571652413
1.0,0.5,3646.322509765625,95.22357177734375,11.217480644205432,0.0,0.9,0.03409090909090909,0.06993006993006994,0.0,0.8044117645875866,0.006079729058463874,0.009502923976608188,0.9999999998579546,0.20312499997114702,0.29971590904833584,1.5356253567463773,0.6878437406373706,0.6878437406373706
-1.0,0.6000000000000001,3751.724609375,99.21434020996094,inf,0.0,0.9,0.08380681818181818,0.08416547788873038,0.0,0.0046511627899765646,0.005587121212121212,0.005611031859248692,0.9999999998579546,0.9957386362221963,0.35369318176794134,1.8301325436445193,0.6574432350354192,0.6574432350354192
-0.9,0.6000000000000001,3608.095458984375,96.65191650390625,inf,0.0,0.9,0.08522727272727272,0.0844062947067239,0.0,0.006211180123259134,0.005681818181818181,0.005627086313781593,0.9999999998579546,0.9928977271316907,0.36505681812996355,1.8260221432790684,0.8822689374267557,0.8822689374267557
-0.8,0.6000000000000001,3474.533935546875,94.23927307128906,16.901974611082903,0.0,0.9,0.08096590909090909,0.07902298850574713,0.0,0.009273570323141644,0.005397727272727273,0.005268199233716475,0.9999999998579546,0.9886363634959324,0.336647727224908,1.8307299653387632,0.9123798274623596,0.9123798274623596
-0.7,0.6000000000000001,3352.794189453125,91.99602508544922,12.442129195416902,0.0,0.9,0.08522727272727272,0.08522727272727272,0.0,0.0,0.005681818181818181,0.005681818181818181,0.9999999998579546,0.9999999998579546,0.3508522726774358,1.8128445413221843,0.9048165080239957,0.9048165080239957
-0.6,0.6000000000000001,3243.670654296875,89.943359375,9.492418462982853,0.0,0.9,0.08522727272727272,0.08547008547008547,0.0,0.003105590061629567,0.005681818181818181,0.005698005698005698,0.9999999998579546,0.997159090767449,0.3551136363131941,1.7898477873999064,0.8926541818270416,0.8926541818270416
-0.5,0.6000000000000001,3148.502685546875,88.10369873046875,7.542249350906531,0.0,0.9,0.08522727272727272,0.08522727272727272,0.0,0.0,0.005681818181818181,0.005681818181818181,0.9999999998579546,0.9999999998579546,0.34659090904167744,1.7502531606327532,0.8722650785448011,0.8722650785448011
-0.3999999999999999,0.6000000000000001,3068.367431640625,86.4997787475586,6.148601996272031,0.0,0.9,0.08380681818181818,0.08380681818181818,0.0,0.0,0.005587121212121212,0.005587121212121212,0.9999999998579546,0.9999999998579546,0.36363636358471074,1.6883359327045644,0.839888713326068,0.839888713326068
-0.29999999999999993,0.6000000000000001,3004.6328125,85.3443603515625,5.176485708167868,0.0,0.9,0.07954545454545454,0.5833333333333334,0.0,0.9691358023195779,0.005303030303030303,0.07291666666666667,0.9999999998579546,0.06818181817213327,0.4161931817590635,1.6036175018185939,0.7941190798720121,0.7941190798720121
-0.19999999999999996,0.6000000000000001,2957.655029296875,84.46696472167969,4.345262704707595,0.0,0.9,0.08238636363636363,1.0,0.0,0.9999999998452013,0.005492424242424242,1.0,0.9999999998579546,0.005681818181011105,0.4502840908451301,1.473682948389118,0.7213700247008867,0.7203548635322112
-0.09999999999999998,0.6000000000000001,2927.90966796875,83.88430786132812,3.6623391338674294,0.0,0.9,0.08522727272727272,1.0,0.0,0.9999999998447205,0.005681818181818181,1.0,0.9999999998579546,0.0028409090905055527,0.5227272726530218,1.308454029123026,0.6197570597003078,0.6192790980909665
0.0,0.6000000000000001,2916.780029296875,83.6083755493164,3.042573120894266,0.0,0.9,0.09090909090909091,0.0,0.0,0.9999999998437501,0.012476157303743511,0.0,0.9999999998579546,0.0,0.5951704544609133,1.1156649026143481,0.4872553984226504,0.47480776245162704
0.10000000000000009,0.6000000000000001,2923.748046875,83.64527893066406,2.61645214996729,0.0,0.9,0.14914772727272727,0.0,0.0,0.9999999998330551,0.04190316495759649,0.0,0.9999999998579546,0.0,0.6477272726352661,0.946561911304177,0.3076255985070367,0.28661191660761576
0.20000000000000018,0.6000000000000001,2949.01806640625,83.99484252929688,2.424933714929691,0.0,0.9,0.26704545454545453,0.6,0.0,0.9961240308147047,0.1174030972444,0.375,0.9999999998579546,0.007102272726263882,0.7116477271716409,0.8603438931738574,0.13815742402708095,0.09756743303096073
0.30000000000000004,0.6000000000000001,2992.0869140625,84.6506118774414,2.6025558798618524,0.0,0.9,0.2911931818181818,0.0967741935483871,0.0,0.9438877753619463,0.14418286213413228,0.16666666666666666,0.9999999998579546,0.04403409090283607,0.7258522726241687,0.8946918358420185,0.11290986178339016,0.06087066238108525
0.40000000000000013,0.6000000000000001,3052.379150390625,85.60077667236328,3.1585590118755933,0.0,0.9,0.2684659090909091,0.09302325581395349,0.0,0.924271844480724,0.16466154056830018,0.1111111111111111,0.9999999998579546,0.06107954544586939,0.6889204544475965,0.9908859107084486,0.26642348690238893,0.12486705213591079
0.5,0.6000000000000001,3129.742431640625,86.8292465209961,3.946089903764073,0.0,0.9,0.12926136363636365,0.0,0.0,0.911908645854501,0.05394180611166605,0.0,0.9999999998579546,0.07670454544364992,0.5156249999267578,1.1234111002949163,0.33013181267695196,0.33013181267695196
0.6000000000000001,0.6000000000000001,3223.096435546875,88.31712341308594,5.090164051598429,0.0,0.9,0.06392045454545454,0.09523809523809523,0.0,0.9423368739085984,0.017084221684036942,0.05210643015521064,0.9999999998579546,0.05965909090061661,0.38352272721824965,1.2762295955148961,0.4881629504302496,0.4881629504302496
0.7000000000000002,0.6000000000000001,3330.8203125,90.04412078857422,6.176208179853408,0.0,0.9,0.04403409090909091,0.22580645161290322,0.0,0.9643387814317477,0.008031844873950138,0.04415584415584416,0.9999999998579546,0.04403409090283607,0.3082386363198525,1.3227009639470215,0.5233885976721177,0.5233885976721177
0.8,0.6000000000000001,3451.91552734375,91.9896469116211,7.038827745431156,0.0,0.9,0.03125,0.21052631578947367,0.0,0.9780058649592367,0.006298046659686958,0.046703296703296704,0.9999999998579546,0.026988636359802753,0.30539772722934694,1.3306411342139752,0.5228582509766725,0.5228582509766725
0.9000000000000001,0.6000000000000001,3584.532470703125,94.1335220336914,7.669450213328263,0.0,0.9,0.028409090909090908,0.046511627906976744,0.0,0.9400584793947283,0.005442534490431686,0.008,0.9999999998579546,0.06107954544586939,0.29261363632207193,1.381643157064645,0.5585885999954422,0.5585885999954422
1.0,0.6000000000000001,3727.232421875,96.45642852783203,7.817820217847142,0.0,0.9,0.019886363636363636,0.014705882352941176,0.0,0.9028985505937829,0.0037871489115270207,0.004524886877828054,0.9999999998579546,0.0965909090771888,0.3139204545008636,1.4345352150628579,0.6100405050876605,0.6100405050876605
-1.0,0.7000000000000002,3845.15283203125,100.9361801147461,inf,0.0,0.9,0.08096590909090909,0.07758620689655173,0.0,0.007727975269284703,0.005413105413105413,0.005172413793103448,0.9999999998579546,0.9886363634959324,0.36505681812996355,1.834974890815981,0.539231197957576,0.5382027059150395
-0.9,0.7000000000000002,3705.381591796875,98.4337387084961,inf,0.0,0.9,0.08948863636363637,0.08789625360230548,0.0,0.012480499218021763,0.007015873015873015,0.005868205868205868,0.9999999998579546,0.9857954544054268,0.35795454540369964,1.8150773161521758,0.7840744660860144,0.7832425609794685
-0.8,0.7000000000000002,3575.677001953125,96.08160400390625,inf,0.0,0.9,0.08664772727272728,0.0838150289017341,0.0,0.013996889577916503,0.0057847321005215745,0.005587668593448941,0.9999999998579546,0.9829545453149213,0.35369318176794134,1.8173160445869734,0.8926451240149351,0.8926451240149351
-0.7,0.7000000000000002,3457.0390625,93.898193359375,15.37021388906273,0.0,0.9,0.08238636363636363,0.0830945558739255,0.0,0.009287925695156669,0.005492424242424242,0.0055396370582617,0.9999999998579546,0.9914772725864379,0.32386363631763304,1.820681256979895,0.9069606576298952,0.9069606576298952
-0.6,0.7000000000000002,3351.225830078125,91.9033432006836,11.588457435682658,0.0,0.9,0.08522727272727272,0.0815450643776824,0.0,0.003105590061629567,0.005681818181818181,0.0054363376251788265,0.9999999998579546,0.9928977271316907,0.3437499999511719,1.8019006594091649,0.8983916571179932,0.8983916571179932
-0.5,0.7000000000000002,3258.98388671875,90.11760711669922,9.183883496804674,0.0,0.9,0.08096590909090909,0.07977207977207977,0.0,0.0015455950538569405,0.005397727272727273,0.005318138651471985,0.9999999998579546,0.997159090767449,0.3437499999511719,1.7832657380251942,0.8892322964462248,0.8892322964462248
-0.3999999999999999,0.7000000000000002,3181.698974609375,88.56178283691406,7.33459851793043,0.0,0.9,0.08522727272727272,0.08522727272727272,0.0,0.0,0.005681818181818181,0.005681818181818181,0.9999999998579546,0.9999999998579546,0.3508522726774358,1.7282590422525397,0.8603002914117756,0.8603002914117756
-0.29999999999999993,0.7000000000000002,3119.7734375,87.25578308105469,6.001965814993449,0.0,0.9,0.08522727272727272,0.08522727272727272,0.0,0.0,0.005681818181818181,0.005681818181818181,0.9999999998579546,0.9999999998579546,0.36363636358471074,1.660041678390397,0.8241573352952235,0.8241573352952235
-0.19999999999999996,0.7000000000000002,3074.490234375,86.40829467773438,5.0682295858693225,0.0,0.9,0.07954545454545454,1.0,0.0,0.9999999998456791,0.005303030303030303,1.0,0.9999999998579546,0.0014204545452527763,0.3977272726707774,1.5724371425306711,0.7754137756727344,0.7751534841322834
-0.09999999999999998,0.7000000000000002,3046.158935546875,85.84353637695312,4.235139613230742,0.0,0.9,0.08664772727272728,0.0,0.0,0.9999999998444791,0.005776515151515152,0.0,0.9999999998579546,0.0,0.4403409090283607,1.4238863378624118,0.686039212267612,0.686039212267612
0.0,0.7000000000000002,3035.186279296875,85.57217407226562,3.531803835926362,0.0,0.9,0.08380681818181818,0.0,0.0,0.9999999998449612,0.00560303893637227,0.0,0.9999999998579546,0.0,0.4943181817479662,1.2508328049660997,0.5726514990337032,0.5709462596944669
0.10000000000000009,0.7000000000000002,3041.926513671875,85.59974670410156,2.9671011134821197,0.0,0.9,0.09943181818181818,0.0,0.0,0.9999999998422714,0.01545905012357403,0.0,0.9999999998579546,0.0,0.5355113635602967,1.0540914663576184,0.3939937875875431,0.39371672193747453
0.20000000000000018,0.7000000000000002,3066.384033203125,85.92628479003906,2.6325444502360353,0.0,0.9,0.15056818181818182,0.0,0.0,0.999999999832776,0.0345809277855079,0.0,0.9999999998579546,0.0,0.6107954544586939,0.9312521816519943,0.22893310195917851,0.22416093301703519
0.30000000000000004,0.7000000000000002,3107.970947265625,86.54643249511719,2.567875275242438,0.0,0.9,0.19602272727272727,1.0,0.0,0.9999999998233217,0.06297066216066866,1.0,0.9999999998579546,0.0014204545452527763,0.6363636362732439,0.9026391839149268,0.1225336683259706,0.12136161298213591
0.40000000000000013,0.7000000000000002,3166.54248046875,87.44998168945312,2.7588027573254816,0.0,0.9,0.20880681818181818,1.0,0.0,0.9999999998204668,0.09687789199417243,1.0,0.9999999998579546,0.0014204545452527763,0.6448863635447605,0.9456330635903941,0.1186134840090489,0.10063448757377398
0.5,0.7000000000000002,3241.261962890625,88.62287902832031,3.213378703642136,0.0,0.9,0.109375,0.0,0.0,0.9999999998405105,0.05218139285460039,0.0,0.9999999998579546,0.0,0.5127840908362523,1.0290600108553314,0.2347626201754779,0.2347626201754779
0.6000000000000001,0.7000000000000002,3331.253662109375,90.04833221435547,3.7528592115301818,0.0,0.9,0.03977272727272727,0.0,0.0,0.9970414199708519,0.008541896409795214,0.0,0.9999999998579546,0.0028409090905055527,0.3792613635824913,1.1068437113233751,0.34659094221136194,0.34659094221136194
0.7000000000000002,0.7000000000000002,3435.67529296875,91.70796966552734,4.416508937913329,0.0,0.9,0.03835227272727273,0.0,0.0,0.9999999998522896,0.006598450497891931,0.0,0.9999999998579546,0.0,0.31107954541035804,1.1547840875856923,0.37189172960803196,0.37189172960803196
0.8,0.7000000000000002,3553.20751953125,93.58277893066406,4.9661715662920844,0.0,0.9,0.03409090909090909,0.0,0.0,0.9999999998529412,0.004924997060888851,0.0,0.9999999998579546,0.0,0.29971590904833584,1.1823144175163054,0.3925663566860349,0.3925663566860349
0.9000000000000001,0.7000000000000002,3682.127197265625,95.65382385253906,5.457882224663784,0.0,0.9,0.019886363636363636,0.06666666666666667,0.0,0.9797101447855493,0.004429817861705245,0.16666666666666666,0.9999999998579546,0.021306818178791646,0.2826704545053025,1.2515105215714752,0.4605861286827943,0.4605861286827943
1.0,0.7000000000000002,3821.211181640625,97.90270233154297,5.6409138253391715,0.0,0.9,0.029829545454545456,0.0,0.0,0.9604685210892433,0.007896134542337665,0.0,0.9999999998579546,0.03835227272182496,0.28835227268631364,1.2845706446911622,0.4803635742193912,0.4803635742193912
-1.0,0.8,3950.602294921875,102.84243774414062,inf,0.0,0.9,0.08380681818181818,0.08321377331420372,0.0,0.009302325579953129,0.005635148042024833,0.005571565802113352,0.9999999998579546,0.9900568180411852,0.3735795454014802,1.827399401206876,0.48028376323283806,0.48028376323283806
-0.9,0.8,3814.833984375,100.40389251708984,inf,0.0,0.9,0.078125,0.07111756168359942,0.0,0.013867488441622883,0.005230622919638611,0.004748062015503876,0.9999999998579546,0.978693181679163,0.36363636358471074,1.8349678063194435,0.7019296900315855,0.7008096938819732
-0.8,0.8,3688.80712890625,98.11579895019531,inf,0.0,0.9,0.08096590909090909,0.07913669064748201,0.0,0.010819165376998584,0.005451936872309899,0.005314009661835748,0.9999999998579546,0.9872159089506796,0.34090909086066634,1.8293469012041461,0.8746616373131227,0.8746616373131227
-0.7,0.8,3574.12353515625,95.99539947509766,18.8952043722928,0.0,0.9,0.08380681818181818,0.08272859216255443,0.0,0.020155038756565113,0.005611031859248692,0.005523255813953488,0.9999999998579546,0.978693181679163,0.3437499999511719,1.816367457781003,0.8977043451168982,0.8977043451168982
-0.6,0.8,3471.8642578125,94.0610122680664,14.229601210500386,0.0,0.9,0.08380681818181818,0.07814761215629522,0.0,0.012403100773270838,0.005587121212121212,0.005209840810419681,0.9999999998579546,0.9815340907696685,0.3508522726774358,1.8106907430226549,0.9016373106844813,0.9016373106844813
-0.5,0.8,3382.994140625,92.33149719238281,11.135249730230196,0.0,0.9,0.08380681818181818,0.08,0.0,0.0015503875966588548,0.005587121212121212,0.005333333333333333,0.9999999998579546,0.9943181816769435,0.35795454540369964,1.7902771397866453,0.8926678589811518,0.8926678589811518
-0.3999999999999999,0.8,3308.60986328125,90.82557678222656,8.783241365520338,0.0,0.9,0.08380681818181818,0.08189655172413793,0.0,0.009302325579953129,0.005587121212121212,0.005459770114942529,0.9999999998579546,0.9886363634959324,0.3607954544942052,1.7568457997317057,0.8754675493688132,0.8754675493688132
-0.29999999999999993,0.8,3249.106689453125,89.5611343383789,7.0852464551976,0.0,0.9,0.08664772727272728,0.08726752503576538,0.0,0.007776049765509168,0.005776515151515152,0.005817835002384359,0.9999999998579546,0.9928977271316907,0.3664772726752163,1.7004537415634149,0.8452040665296804,0.8452040665296804
-0.19999999999999996,0.8,3205.076416015625,88.55416107177734,5.8968779287916995,0.0,0.9,0.08522727272727272,0.0,0.0,0.9999999998447205,0.005681818181818181,0.0,0.9999999998579546,0.0,0.3565340908584469,1.6309066562280317,0.8068209667393575,0.8068209667393575
-0.09999999999999998,0.8,3177.67822265625,88.00845336914062,4.951049369538468,0.0,0.9,0.08380681818181818,0.0,0.0,0.9999999998449612,0.005587121212121212,0.0,0.9999999998579546,0.0,0.38352272721824965,1.5271957908028118,0.7463968177667583,0.7463968177667583
0.0,0.8,3167.2509765625,87.7427978515625,4.130500799255857,0.0,0.9,0.08380681818181818,0.0,0.0,0.9999999998449612,0.005587121212121212,0.0,0.9999999998579546,0.0,0.4261363635758329,1.3790490785947165,0.6514542006725609,0.6514542006725609
0.10000000000000009,0.8,3173.61376953125,87.76213836669922,3.4625102725401344,0.0,0.9,0.08664772727272728,0.0,0.0,0.9999999998444791,0.006948853615520282,0.0,0.9999999998579546,0.0,0.4389204544831079,1.198923139074298,0.5178456306859057,0.5143178665185166
0.20000000000000018,0.8,3196.926513671875,88.06668090820312,2.897858918462014,0.0,0.9,0.10085227272727272,0.0,0.0,0.9999999998420221,0.015404082829979866,0.0,0.9999999998579546,0.0,0.46164772720715236,1.0165615361461164,0.33200328640104415,0.3300463816606336
0.30000000000000004,0.8,3237.281982421875,88.65190887451172,2.6268514914560024,0.0,0.9,0.1590909090909091,0.0,0.0,0.9999999998310811,0.037347966173102785,0.0,0.9999999998579546,0.0,0.534090909015044,0.9205199832916889,0.1760818346021628,0.15545858176380792
0.40000000000000013,0.8,3293.82568359375,89.50914001464844,2.5341161800972904,0.0,0.9,0.16477272727272727,0.0,0.0,0.999999999829932,0.04806733267803341,0.0,0.9999999998579546,0.0,0.6150568180944522,0.8981851327283056,0.09141036307106708,0.07395940743656652
0.5,0.8,3365.619140625,90.62609100341797,2.642971968465658,0.0,0.9,0.14488636363636365,0.0,0.0,0.9999999998338871,0.0568293206977761,0.0,0.9999999998579546,0.0,0.5894886362799022,0.9259032124763037,0.08057006404621907,0.07326003384329521
0.6000000000000001,0.8,3452.464111328125,91.98796081542969,2.9258732096238536,0.0,0.9,0.045454545454545456,0.0,0.0,0.9999999998511905,0.012674056807947077,0.0,0.9999999998579546,0.0,0.4034090908517885,0.9733812800872627,0.18143017719128,0.18143017719128
0.7000000000000002,0.8,3553.43359375,93.5782699584961,3.2398901341414796,0.0,0.9,0.03551136363636364,0.0,0.0,0.9999999998527247,0.009823046271833093,0.0,0.9999999998579546,0.0,0.32244318177238024,1.0151151085425638,0.21936117045909914,0.21936117045909914
0.8,0.8,3667.110107421875,95.37974548339844,3.6023168453103587,0.0,0.9,0.02130681818181818,0.0,0.0,0.9999999998548622,0.0043755035368397135,0.0,0.9999999998579546,0.0,0.3025568181388414,1.0598567474216327,0.2733146942581664,0.2716939162573747
0.9000000000000001,0.8,3792.231689453125,97.37484741210938,3.9248047818664547,0.0,0.9,0.029829545454545456,0.0,0.0,0.9985358710104634,0.009139476011887204,0.0,0.9999999998579546,0.0014204545452527763,0.28124999996004973,1.1132807630775992,0.3177788049949689,0.3177788049949689
1.0,0.8,3927.490478515625,99.54639434814453,4.129179721921065,0.0,0.9,0.019886363636363636,0.0,0.0,0.9695652172507877,0.005438526251730499,0.0,0.9999999998579546,0.029829545450308304,0.2826704545053025,1.161964919027041,0.3639812692667288,0.3639812692667288
-1.0,0.9000000000000001,4067.032470703125,104.91780090332031,inf,0.0,0.9,0.08096590909090909,0.07225433526011561,0.0,0.007727975269284703,0.006351313732628107,0.00579449747332959,0.9999999998579546,0.9829545453149213,0.36505681812996355,1.8339182343811156,0.42964313709470914,0.42825486620306463
-0.9,0.9000000000000001,3935.100341796875,102.54559326171875,inf,0.0,0.9,0.07670454545454546,0.06657018813314038,0.0,0.007692307691124261,0.005187319884726225,0.004496578690127077,0.9999999998579546,0.9815340907696685,0.362215909039458,1.8430165054020549,0.6306363045565225,0.627911290577911
-0.8,0.9000000000000001,3813.34814453125,100.32354736328125,inf,0.0,0.9,0.08238636363636363,0.07069219440353461,0.0,0.02321981423789167,0.005587668593448941,0.004747774480712166,0.9999999998579546,0.9644886362266352,0.3423295454059191,1.8230544680170968,0.7927040767849892,0.7921161538514441
-0.7,0.9000000000000001,3702.699951171875,98.26773071289062,inf,0.0,0.9,0.08238636363636363,0.07566765578635015,0.0,0.03560371516476723,0.005547584887613582,0.005067064083457526,0.9999999998579546,0.9573863635003713,0.34659090904167744,1.8130149560066613,0.8875416689318084,0.8875416689318084
-0.6,0.9000000000000001,3604.187255859375,96.39495849609375,17.845749085923767,0.0,0.9,0.07954545454545454,0.07578008915304606,0.0,0.04012345678393157,0.005348615090735435,0.005059523809523809,0.9999999998579546,0.9559659089551186,0.33522727267965524,1.8101818871298216,0.8969953665534199,0.8969953665534199
-0.5,0.9000000000000001,3518.673095703125,94.72235870361328,13.560917210842026,0.0,0.9,0.08380681818181818,0.07917888563049853,0.0,0.02635658914320053,0.005611031859248692,0.005278592375366569,0.9999999998579546,0.9687499998623935,0.35227272722268854,1.7919282721225065,0.891517524874005,0.891517524874005
-0.3999999999999999,0.9000000000000001,3447.127685546875,93.26680755615234,10.703118747164696,0.0,0.9,0.08522727272727272,0.07964601769911504,0.0,0.031055900616295668,0.005681818181818181,0.005309734513274336,0.9999999998579546,0.9630681816813824,0.362215909039458,1.7667029739229085,0.8790126460689004,0.8790126460689004
-0.29999999999999993,0.9000000000000001,3389.921630859375,92.04421997070312,8.538670722324673,0.0,0.9,0.08238636363636363,0.0763582966226138,0.0,0.02631578946961056,0.005492424242424242,0.005090553108174254,0.9999999998579546,0.9673295453171408,0.3551136363131941,1.73706340475396,0.8638451820055175,0.8638451820055175
-0.19999999999999996,0.9000000000000001,3347.634521484375,91.06874084472656,6.983489493259782,0.0,0.9,0.08380681818181818,0.056074766355140186,0.0,0.060465116269695335,0.005587121212121212,0.003738317757009346,0.9999999998579546,0.9119318180522824,0.35227272722268854,1.6780384609016197,0.8322780145471311,0.8322780145471311
-0.09999999999999998,0.9000000000000001,3321.112548828125,90.3519058227539,5.7954483805832595,0.0,0.9,0.08806818181818182,0.0,0.0,0.9999999998442368,0.005871212121212122,0.0,0.9999999998579546,0.0,0.349431818132183,1.5916753881003125,0.7829693011622062,0.7829693011622062
0.0,0.9000000000000001,3311.076416015625,90.0926513671875,4.8242754064159445,0.0,0.9,0.08806818181818182,0.0,0.0,0.9999999998442368,0.005871212121212122,0.0,0.9999999998579546,0.0,0.3735795454014802,1.4778963071570548,0.7139639654656931,0.7139639654656931
0.10000000000000009,0.9000000000000001,3317.2236328125,90.10476684570312,4.070115225810786,0.0,0.9,0.08096590909090909,0.0,0.0,0.9999999998454405,0.005397727272727273,0.0,0.9999999998579546,0.0,0.4161931817590635,1.341183030693244,0.6192955574753624,0.6192955574753624
0.20000000000000018,0.9000000000000001,3339.682373046875,90.3885269165039,3.4073683689040735,0.0,0.9,0.08948863636363637,0.0,0.0,0.9999999998439938,0.008091823034351771,0.0,0.9999999998579546,0.0,0.42329545448532735,1.166000358904816,0.49406991690361235,0.47842291335877146
0.30000000000000004,0.9000000000000001,3378.505615234375,90.94019317626953,2.9458717165082553,0.0,0.9,0.08664772727272728,0.0,0.0,0.9999999998444791,0.007998653708612058,0.0,0.9999999998579546,0.0,0.4090909090327996,1.0218302729393918,0.3356456142502451,0.3289320748487935
0.40000000000000013,0.9000000000000001,3432.8076171875,91.75225830078125,2.676281406174708,0.0,0.9,0.10653409090909091,0.0,0.0,0.9999999998410175,0.019263442600889948,0.0,0.9999999998579546,0.0,0.46590909084291066,0.9344166215091556,0.19059498469029829,0.17622281507718524
0.5,0.9000000000000001,3501.84375,92.81415557861328,2.5688018348556523,0.0,0.9,0.125,0.0,0.0,0.9999999998376624,0.028815453008185825,0.0,0.9999999998579546,0.0,0.5511363635580773,0.9073630883111686,0.1056240219212572,0.06826029303467145
0.6000000000000001,0.9000000000000001,3585.3994140625,94.1128158569336,2.582879389777224,0.0,0.9,0.1377840909090909,0.0,0.0,0.9999999998352554,0.04572071324394767,0.0,0.9999999998579546,0.0,0.52698863628878,0.9122683076494547,0.041986050777055556,0.015772000559734056
0.7000000000000002,0.9000000000000001,3682.589599609375,95.63360595703125,2.701280699361471,0.0,0.9,0.09090909090909091,0.0,0.0,0.9999999998437501,0.03420916220554863,0.0,0.9999999998579546,0.0,0.47159090902392176,0.9318555414471658,0.06554259158322061,0.06290214188114683
0.8,0.9000000000000001,3792.182373046875,97.36090850830078,2.860729429941245,0.0,0.9,0.041193181818181816,0.0,0.0,0.999999999851852,0.017865220745717374,0.0,0.9999999998579546,0.0,0.3721590908562274,0.9584061443366835,0.1371620070409212,0.13629437190901691
0.9000000000000001,0.9000000000000001,3913.319580078125,99.2787857055664,3.01354442371082,0.0,0.9,0.041193181818181816,0.0,0.0,0.999999999851852,0.01766430111751622,0.0,0.9999999998579546,0.0,0.3196022726818747,0.9868032731058187,0.1669397570372743,0.1669397570372743
1.0,0.9000000000000001,4044.290283203125,101.3713607788086,3.1864675318869384,0.0,0.9,0.03977272727272727,0.0,0.0,0.9985207099114615,0.024243405525469264,0.0,0.9999999998579546,0.0014204545452527763,0.34090909086066634,1.0297311824570148,0.22327077922526173,0.22327077922526173
-1.0,1.0,4193.251953125,107.14741516113281,inf,0.0,0.9,0.07528409090909091,0.0747800586510264,0.0,0.03072196620111798,0.005165692007797271,0.005089820359281437,0.9999999998579546,0.9687499998623935,0.35227272722268854,1.8331682788494468,0.38523057590977405,0.38523057590977405
-0.9,1.0,4065.698974609375,104.84268951416016,inf,0.0,0.9,0.07244318181818182,0.06861313868613139,0.0,0.02297090351868746,0.004963503649635036,0.004669647292598112,0.9999999998579546,0.9730113634981519,0.35227272722268854,1.8396934565564107,0.5352147555468802,0.5352147555468802
-0.8,1.0,3948.330078125,102.68742370605469,inf,0.0,0.9,0.07102272727272728,0.05970149253731343,0.0,0.03669724770081082,0.004830917874396135,0.004028197381671702,0.9999999998579546,0.9517045453193602,0.3437499999511719,1.8407515275311266,0.731791841182721,0.731791841182721
-0.7,1.0,3841.66259765625,100.69645690917969,inf,0.0,0.9,0.07670454545454546,0.06456456456456457,0.0,0.04153846153207101,0.0052249637155297535,0.004343434343434344,0.9999999998579546,0.9460227271383491,0.34659090904167744,1.8226444275587497,0.843789219812174,0.8436925082112361
-0.6,1.0,3747.031982421875,98.88519287109375,inf,0.0,0.9,0.07528409090909091,0.06646525679758308,0.0,0.050691244231844665,0.005098605098605099,0.004471544715447155,0.9999999998579546,0.940340908957338,0.3565340908584469,1.8154489565530496,0.8944544199817341,0.8944544199817341
-0.5,1.0,3664.8603515625,97.2691421508789,16.62660713686283,0.0,0.9,0.08238636363636363,0.08091603053435115,0.0,0.06811145509781556,0.005571565802113352,0.0054109239407861155,0.9999999998579546,0.9303977271405686,0.35937499994895244,1.7853897247970658,0.8836369562560283,0.8836369562560283
-0.3999999999999999,1.0,3595.927001953125,95.86339569091797,12.939025414488086,0.0,0.9,0.08522727272727272,0.07786259541984733,0.0,0.062111801232591336,0.005689900426742531,0.005190839694656489,0.9999999998579546,0.9303977271405686,0.36363636358471074,1.7661145123728148,0.8763471309598821,0.8763471309598821
-0.29999999999999993,1.0,3541.1328125,94.68207550048828,10.260091688342651,0.0,0.9,0.08522727272727272,0.07186544342507645,0.0,0.05745341614014699,0.005681818181818181,0.004791029561671763,0.9999999998579546,0.9289772725953158,0.3565340908584469,1.7404727909535502,0.8631481775612037,0.8631481775612037
-0.19999999999999996,1.0,3500.460205078125,93.73765563964844,8.325385104701311,0.0,0.9,0.08096590909090909,0.0701219512195122,0.0,0.0571870169927068,0.005397727272727273,0.00467479674796748,0.9999999998579546,0.9318181816858213,0.35369318176794134,1.7106265556090983,0.8497874914808915,0.8497874914808915
-0.09999999999999998,1.0,3475.150146484375,93.04029846191406,6.746689518370051,0.0,0.9,0.08664772727272728,0.0136986301369863,0.0,0.664074649974483,0.005776515151515152,0.0009132420091324201,0.9999999998579546,0.31107954541035804,0.36505681812996355,1.6378991020906435,0.8096411549587643,0.8096411549587643
0.0,1.0,3465.296142578125,92.59720611572266,5.7132837036235795,0.0,0.9,0.078125,0.0,0.0,0.9999999998459168,0.005208333333333333,0.0,0.9999999998579546,0.0,0.349431818132183,1.5667658126844546,0.7674561682490609,0.7674561682490609
0.10000000000000009,1.0,3471.44091796875,92.60298156738281,4.765113700549526,0.0,0.9,0.08806818181818182,0.0,0.0,0.9999999998442368,0.005871212121212122,0.0,0.9999999998579546,0.0,0.37073863631097465,1.4351932298306638,0.6833818260313734,0.6833818260313734
0.20000000000000018,1.0,3492.780517578125,92.8673095703125,4.112346655133785,0.0,0.9,0.08380681818181818,0.0,0.0,0.9999999998449612,0.005587121212121212,0.0,0.9999999998579546,0.0,0.4204545453948218,1.309185579915511,0.5914007402758366,0.5914007402758366
0.30000000000000004,1.0,3529.786376953125,93.38705444335938,3.564886494219915,0.0,0.9,0.08238636363636363,0.0,0.0,0.9999999998452013,0.005508072174738841,0.0,0.9999999998579546,0.0,0.41193181812330515,1.1771813983998658,0.4785567166545068,0.4785567166545068
0.40000000000000013,1.0,3582.23974609375,94.15580749511719,3.170113838160209,0.0,0.9,0.08806818181818182,0.0,0.0,0.9999999998442368,0.0059301769488283125,0.0,0.9999999998579546,0.0,0.39488636358027185,1.0639024455007342,0.36014560978469856,0.3575429463800365
0.5,1.0,3648.61865234375,95.16436767578125,2.952288665808773,0.0,0.9,0.08522727272727272,0.0,0.0,0.9999999998447205,0.005797101449275362,0.0,0.9999999998579546,0.0,0.3977272726707774,0.9993263358968433,0.2665802854963393,0.26134152085164153
0.6000000000000001,1.0,3728.7529296875,96.40133666992188,2.8135716442607213,0.0,0.9,0.08948863636363637,0.0,0.0,0.9999999998439938,0.008634818133012813,0.0,0.9999999998579546,0.0,0.43039772721159125,0.9613366243782139,0.18266217170600024,0.17636268122029491
0.7000000000000002,1.0,3821.929443359375,97.8537368774414,2.7816816207122406,0.0,0.9,0.08238636363636363,0.0,0.0,0.9999999998452013,0.007814350807114016,0.0,0.9999999998579546,0.0,0.4559659090261412,0.9513547643454668,0.13599049097835658,0.13599049097835658
0.8,1.0,3927.269287109375,99.507568359375,2.814270600830628,0.0,0.9,0.07386363636363637,0.0,0.0,0.9999999998466258,0.02430248825338349,0.0,0.9999999998579546,0.0,0.43181818175684406,0.9522235512745783,0.1218666731930712,0.1218666731930712
0.9000000000000001,1.0,4044.286376953125,101.34838104248047,2.809299205036478,0.0,0.9,0.09232954545454546,0.0,0.0,0.9999999998435055,0.03614368705707546,0.0,0.9999999998579546,0.0,0.41193181812330515,0.949318011631886,0.10334451186619176,0.10334451186619176
1.0,1.0,4171.0673828125,103.3616943359375,2.852816187326305,0.0,0.9,0.07244318181818182,0.0,0.0,0.9999999998468607,0.035453185529810104,0.0,0.9999999998579546,0.0,0.4048295453970413,0.9656755635270293,0.13805688247334236,0.13805688247334236
