-1.0,-1.0,24186.505859375,423.7933654785156,2.063888985364066,0.0,0.9,0.315625,0.0,0.0,0.999999999543379,0.1848704537780168,0.0,0.9999999996875,0.0,0.8624999997304686,0.7997351530939273,0.11486561007494014,0.06586068321952282
-0.9,-1.0,23668.779296875,416.4214782714844,2.006922896301056,0.0,0.9,0.346875,0.0,0.0,0.9999999995215312,0.2496872545689441,0.0,0.9999999996875,0.0,0.8249999997421874,0.7739818600583513,0.07167649628425489,0.03672683666015078
-0.8,-1.0,23191.294921875,409.6373291015625,1.9490313378580573,0.0,0.9,0.4,0.0,0.0,0.9999999994791667,0.2947933093976181,0.0,0.9999999996875,0.0,0.8499999997343749,0.7458325484845914,0.1325231287714625,-0.0020234648486759004
-0.7,-1.0,22758.708984375,403.4969482421875,1.861342392887898,0.0,0.9,0.446875,0.0,0.0,0.9999999994350283,0.32956111336287763,0.0,0.9999999996875,0.0,0.8656249997294921,0.7111900071105102,0.1492321367934508,-0.03646691556199275
-0.6,-1.0,22374.759765625,398.05682373046875,1.7450470813786603,0.0,0.9,0.525,0.0,0.0,0.9999999993421053,0.38321750174172015,0.0,0.9999999996875,0.0,0.9093749997158203,0.6667284520788198,0.14757198632553112,-0.09582978381852068
-0.5,-1.0,22041.9765625,393.37322998046875,1.622354951836348,0.0,0.9,0.609375,0.0,0.0,0.9999999992,0.4601826336500037,0.0,0.9999999996875,0.0,0.9312499997089843,0.6184918311504098,0.1950953500590715,-0.16277081416381645
-0.3999999999999999,-1.0,21763.814453125,389.4993896484375,1.520028966067011,0.0,0.9,0.63125,0.0,0.0,0.9999999991525425,0.4779921689760613,0.0,0.9999999996875,0.0,0.9624999996992187,0.5741172829316993,0.17414507076275984,-0.1735727561113396
-0.29999999999999993,-1.0,21543.330078125,386.4830322265625,1.4187641098464585,0.0,0.9,0.684375,0.0,0.0,0.999999999009901,0.5422793774351387,0.0,0.9999999996875,0.0,0.971874999696289,0.5253157838644713,0.22213555839507312,-0.22001495394943746
-0.19999999999999996,-1.0,21382.994140625,384.3642578125,1.3726725542192173,0.0,0.9,0.7,0.0,0.0,0.9999999989583334,0.5624853135103203,0.0,0.9999999996875,0.0,0.9749999996953125,0.5016234417040563,0.24205570522499512,-0.24054395105453089
-0.09999999999999998,-1.0,21286.91015625,383.1729431152344,1.3580850091160708,0.0,0.9,0.725,0.0,0.0,0.9999999988636364,0.5955918129749133,0.0,0.9999999996875,0.0,0.9781249996943359,0.49819872917194086,0.27008527587484743,-0.27008527587484743
0.0,-1.0,21254.689453125,382.926513671875,1.380126138741166,0.0,0.9,0.703125,0.0,0.0,0.9999999989473685,0.5774718782754498,0.0,0.9999999996875,0.0,0.9781249996943359,0.5154653023320699,0.2575447259476989,-0.2575447259476989
0.10000000000000009,-1.0,21290.986328125,383.6290283203125,1.434275193139142,0.0,0.9,0.6375,0.0,0.0,0.9999999991379311,0.48540316968968,0.0,0.9999999996875,0.0,0.9812499996933594,0.5464327166902648,0.2009241939357381,-0.2009241939357381
0.20000000000000018,-1.0,21389.826171875,385.27081298828125,1.5236122780299517,0.0,0.9,0.5875,0.0,0.0,0.9999999992424243,0.431042323999464,0.0,0.9999999996875,0.0,0.9843749996923827,0.5911028748390851,0.17317782501941076,-0.15965629414158983
0.30000000000000004,-1.0,21549.060546875,387.8288879394531,1.656380167258444,0.0,0.9,0.484375,0.0,0.0,0.9999999993939395,0.3248730091509594,0.0,0.9999999996875,0.0,0.9812499996933594,0.6474842117581747,0.13164754435577472,-0.06941441401732067
0.40000000000000013,-1.0,21767.890625,391.2688293457031,1.816838156602995,0.0,0.9,0.365625,0.0,0.0,0.9999999995073892,0.20117253240233152,0.0,0.9999999996875,0.0,0.9312499997089843,0.7087044286198503,0.09127430301765355,0.04116801562253352
0.5,-1.0,22045.712890625,395.546630859375,1.9669275128846553,0.0,0.9,0.3125,0.0,0.0,0.9999999995454546,0.1543258713059692,0.0,0.9999999996875,0.0,0.921874999711914,0.7620819435885353,0.13400536598745347,0.09625179313227328
0.6000000000000001,-1.0,22378.46875,400.611572265625,2.163594345689905,0.0,0.9,0.221875,0.0,0.0,0.9999999995983936,0.09703861143013373,0.0,0.9999999996875,0.0,0.821874999743164,0.8301112756812151,0.24156508871755414,0.1992210427121251
0.7000000000000002,-1.0,22762.28125,406.4084777832031,2.350412464817312,0.0,0.9,0.175,0.0,0.0,0.999999999621212,0.07104246343328223,0.0,0.9999999996875,0.0,0.6999999997812499,0.8860761606952963,0.28888263617656246,0.2672802567715467
0.8,-1.0,23194.845703125,412.8804016113281,2.5829376180952757,0.0,0.9,0.1625,0.0,0.0,0.9999999996268656,0.0652497715504112,0.0,0.9999999996875,0.0,0.6343749998017578,0.9446407934110918,0.32414206878633023,0.30381499194344774
0.9000000000000001,-1.0,23672.068359375,419.9704284667969,2.8343044190982134,0.0,0.9,0.146875,0.0,0.0,0.9999999996336996,0.06849164399291081,0.0,0.9999999996875,0.0,0.5937499998144531,1.0046596679429667,0.3511108599262036,0.34251180607492904
1.0,-1.0,24190.5390625,427.6230773925781,3.0765104632195466,0.0,0.9,0.140625,0.0,0.0,0.9999999996363635,0.09055356408297585,0.0,0.9999999996875,0.0,0.5343749998330077,1.0551740257318325,0.367285974120363,0.367285974120363
-1.0,-0.9,23668.41796875,416.2208557128906,2.0232657743158735,0.0,0.9,0.31875,0.0,0.0,0.9999999995412844,0.20515985946063636,0.0,0.9999999996875,0.0,0.8281249997412109,0.7831994025399623,0.12701459336617119,0.08964932012610097
-0.9,-0.9,23135.74609375,408.58111572265625,1.9499056187701371,0.0,0.9,0.378125,0.0,0.0,0.9999999994974874,0.26972811882450437,0.0,0.9999999996875,0.0,0.8343749997392578,0.7459246727129086,0.11764723792335671,0.04043872952430101
-0.8,-0.9,22643.41796875,401.5329284667969,1.8727509362464583,0.0,0.9,0.45,0.0,0.0,0.9999999994318182,0.3344926352456934,0.0,0.9999999996875,0.0,0.8624999997304686,0.7090960823795608,0.13021279566475716,-0.018728507738766068
-0.7,-0.9,22196.560546875,395.13690185546875,1.7493670352107182,0.0,0.9,0.525,0.75,0.0,0.9934210519780126,0.390410207544715,0.375,0.9999999996875,0.012499999996093749,0.8781249997255859,0.6601884862478503,0.15445565324926802,-0.0785134175619748
-0.6,-0.9,21799.521484375,389.4557800292969,1.6019783653298174,0.0,0.9,0.6125,1.0,0.0,0.9999999991935484,0.46133164017668626,1.0,0.9999999996875,0.018749999994140624,0.9124999997148436,0.5992746936617382,0.21061411181688297,-0.14068804588926012
-0.5,-0.9,21455.19140625,384.55169677734375,1.467031616434209,0.0,0.9,0.678125,1.0,0.0,0.9999999990291263,0.5292083701680806,1.0,0.9999999996875,0.012499999996093749,0.9531249997021484,0.5438164424846264,0.20448243294189186,-0.1838630631555592
-0.3999999999999999,-0.9,21167.30859375,380.48480224609375,1.3366187305155501,0.0,0.9,0.71875,0.0,0.0,0.9999999988888889,0.5833132397295324,0.0,0.9999999996875,0.0,0.9749999996953125,0.48173924407358304,0.20791750081374544,-0.2055607798440277
-0.29999999999999993,-0.9,20939.166015625,377.3095703125,1.2491880405451088,0.0,0.9,0.7625,0.0,0.0,0.9999999986842106,0.6360671958668128,0.0,0.9999999996875,0.0,0.9781249996943359,0.43561726131092365,0.23889515891203603,-0.23889515891203603
-0.19999999999999996,-0.9,20772.740234375,375.0718688964844,1.1863894225307563,0.0,0.9,0.8,0.0,0.0,0.9999999984375001,0.6838090115692614,0.0,0.9999999996875,0.0,0.9843749996923827,0.40074248537063206,0.2735564774427367,-0.2735564774427367
-0.09999999999999998,-0.9,20672.05859375,373.806396484375,1.1607012278159436,0.0,0.9,0.80625,0.0,0.0,0.9999999983870967,0.6872418645065991,0.0,0.9999999996875,0.0,0.9874999996914062,0.38870028323855144,0.28095802888668736,-0.28095802888668736
0.0,-0.9,20640.69140625,373.5334777832031,1.1565546519711407,0.0,0.9,0.803125,0.0,0.0,0.9999999984126984,0.6830367265220064,0.0,0.9999999996875,0.0,0.9874999996914062,0.3890654322006413,0.2846799824977221,-0.2846799824977221
0.10000000000000009,-0.9,20675.890625,374.2581787109375,1.1903516292920273,0.0,0.9,0.79375,0.0,0.0,0.9999999984848486,0.6630692382020927,0.0,0.9999999996875,0.0,0.9874999996914062,0.4119471540477141,0.2898060881100683,-0.2898060881100683
0.20000000000000018,-0.9,20778.2890625,375.9693298339844,1.2590346084557824,0.0,0.9,0.725,1.0,0.0,0.9999999988636364,0.5616444192420424,1.0,0.9999999996875,0.003124999999023437,0.9937499996894531,0.4559583917706643,0.24312069851866655,-0.24312069851866655
0.30000000000000004,-0.9,20943.544921875,378.6404113769531,1.3865548094957714,0.0,0.9,0.64375,0.0,0.0,0.999999999122807,0.4726754941361643,0.0,0.9999999996875,0.0,0.9968749996884765,0.5235903634962098,0.18809573524714893,-0.18234703977419986
0.40000000000000013,-0.9,21170.77734375,382.2319641113281,1.5436407018923837,0.0,0.9,0.55,1.0,0.0,0.9999999993055556,0.3796746875092668,1.0,0.9999999996875,0.009374999997070312,0.9749999996953125,0.595776100942993,0.11273820389930915,-0.10522793160558025
0.5,-0.9,21459.1328125,386.6940002441406,1.725589979945903,0.0,0.9,0.421875,1.0,0.0,0.9999999994594595,0.2515773202100711,1.0,0.9999999996875,0.012499999996093749,0.9562499997011719,0.6724715854588386,0.06165690635955787,0.01764177292676337
0.6000000000000001,-0.9,21803.521484375,391.96905517578125,1.9485623446804865,0.0,0.9,0.334375,1.0,0.0,0.9999999995305164,0.1908279612764095,1.0,0.9999999996875,0.012499999996093749,0.9343749997080077,0.7622698126442562,0.14918063392289121,0.11357362458136395
0.7000000000000002,-0.9,22200.7578125,397.995361328125,2.192220477128796,0.0,0.9,0.2625,1.0,0.0,0.9999999995762712,0.1374637545822424,1.0,0.9999999996875,0.009374999997070312,0.8812499997246093,0.8460889179244392,0.2202593601234217,0.19676842943007875
0.8,-0.9,22647.8671875,404.70977783203125,2.450508974656202,0.0,0.9,0.19375,1.0,0.0,0.999999999612403,0.07759401581780563,1.0,0.9999999996875,0.009374999997070312,0.7687499997597655,0.9164944795146568,0.2908764158205958,0.28641700344717663
0.9000000000000001,-0.9,23140.970703125,412.0499267578125,2.729031317489686,0.0,0.9,0.153125,0.0,0.0,0.9999999996309962,0.058108108108108104,0.0,0.9999999996875,0.0,0.6843749997861328,0.984087247640192,0.3466938776809501,0.3466938776809501
1.0,-0.9,23675.40625,419.95574951171875,2.971907413172325,0.0,0.9,0.146875,0.0,0.0,0.9999999996336996,0.07357495284650477,0.0,0.9999999996875,0.0,0.6249999998046875,1.0335421774763418,0.3694323515800431,0.36229971802727196
-1.0,-0.8,23190.857421875,409.2247314453125,1.969962605177774,0.0,0.9,0.353125,0.0,0.0,0.9999999995169082,0.219381334951563,0.0,0.9999999996875,0.0,0.8343749997392578,0.7588907304630561,0.13110754480886408,0.07951473253616145
-0.9,-0.8,22642.96875,401.3192138671875,1.8986381866289819,0.0,0.9,0.41875,0.0,0.0,0.9999999994623656,0.3056638850518259,0.0,0.9999999996875,0.0,0.8499999997343749,0.720954600693944,0.12365602244288046,0.022873596564096165
-0.8,-0.8,22137.021484375,394.00701904296875,1.7871754050447608,0.0,0.9,0.5125,0.75,0.0,0.9935897429528271,0.3779524913710103,0.375,0.9999999996875,0.012499999996093749,0.8812499997246093,0.662530414462691,0.13514513495461014,-0.05350358797280655
-0.7,-0.8,21676.11328125,387.35369873046875,1.639999952894886,0.0,0.9,0.609375,1.0,0.0,0.9999999992,0.465569390518412,1.0,0.9999999996875,0.018749999994140624,0.8812499997246093,0.5995726107024528,0.19981758976173072,-0.12667003564730628
-0.6,-0.8,21266.4375,381.4278869628906,1.4788423004020967,0.0,0.9,0.675,1.0,0.0,0.9999999990384616,0.5243280783890799,1.0,0.9999999996875,0.028124999991210934,0.921874999711914,0.5312622146991943,0.19894476659128765,-0.15858289699104855
-0.5,-0.8,20911.462890625,376.2985534667969,1.3309868069526516,0.0,0.9,0.7125,1.0,0.0,0.9999999989130436,0.5736402316706737,1.0,0.9999999996875,0.02187499999316406,0.9562499997011719,0.47032708322873423,0.16606424248794843,-0.16368474514098608
-0.3999999999999999,-0.8,20614.65234375,372.03326416015625,1.2083429333297844,0.0,0.9,0.78125,1.0,0.0,0.9999999985714286,0.6548475567383131,1.0,0.9999999996875,0.012499999996093749,0.9843749996923827,0.40902573560310035,0.20765639239182127,-0.20765639239182127
-0.29999999999999993,-0.8,20379.583984375,368.693603515625,1.114366842870744,0.0,0.9,0.80625,1.0,0.0,0.9999999983870967,0.6920933492760498,1.0,0.9999999996875,0.009374999997070312,0.9874999996914062,0.3608082175024311,0.2146329541882428,-0.2146329541882428
-0.19999999999999996,-0.8,20208.91015625,366.3322448730469,1.044234207249471,0.0,0.9,0.85,0.0,0.0,0.9999999979166666,0.7540278297394047,0.0,0.9999999996875,0.0,0.9874999996914062,0.31846377068001497,0.24939742066050846,-0.24833304348918928
-0.09999999999999998,-0.8,20106.072265625,364.9889831542969,1.0096117175358845,0.0,0.9,0.85625,0.0,0.0,0.999999997826087,0.7506431039149933,0.0,0.9999999996875,0.0,0.9874999996914062,0.2999234684128414,0.24969301985634443,-0.24969301985634443
0.0,-0.8,20073.626953125,364.6880798339844,0.9961977282602494,0.0,0.9,0.865625,0.0,0.0,0.9999999976744186,0.7535202726590977,0.0,0.9999999996875,0.0,0.9874999996914062,0.2941279309469355,0.2651995715253572,-0.2641521154590666
0.10000000000000009,-0.8,20110.15234375,365.43499755859375,1.0059393919982165,0.0,0.9,0.88125,1.0,0.0,0.999999997368421,0.774708689031168,1.0,0.9999999996875,0.015624999995117187,0.9999999996875,0.30425257198203437,0.29728176323244093,-0.29728176323244093
0.20000000000000018,-0.8,20212.275390625,367.21728515625,1.05106654449228,0.0,0.9,0.846875,1.0,0.0,0.9999999979591837,0.7062147977470559,1.0,0.9999999996875,0.02187499999316406,0.9999999996875,0.334766562042686,0.2839834502630302,-0.2839834502630302
0.30000000000000004,-0.8,20383.462890625,370.00457763671875,1.1575020081762537,0.0,0.9,0.7625,1.0,0.0,0.9999999986842106,0.6035937434939596,1.0,0.9999999996875,0.03437499998925781,0.9999999996875,0.3989587807919973,0.2339977045888001,-0.2339977045888001
0.40000000000000013,-0.8,20617.837890625,373.75177001953125,1.3051153637216062,0.0,0.9,0.6875,1.0,0.0,0.999999999,0.5247196589507932,1.0,0.9999999996875,0.03437499998925781,0.9937499996894531,0.47927491298551167,0.1806695891003119,-0.1806695891003119
0.5,-0.8,20915.5,378.40185546875,1.51094118911101,0.0,0.9,0.565625,1.0,0.0,0.9999999992805756,0.39539899423188857,1.0,0.9999999996875,0.028124999991210934,0.9781249996943359,0.5797108432840672,0.09431872441314716,-0.07549040581015262
0.6000000000000001,-0.8,21270.796875,383.8900451660156,1.74343906730407,0.0,0.9,0.440625,1.0,0.0,0.9999999994413408,0.280214072786581,1.0,0.9999999996875,0.024999999992187497,0.9531249997021484,0.6835531778065788,0.10031702363473348,0.041425410870848396
0.7000000000000002,-0.8,21680.826171875,390.1476135253906,1.9994437771497962,0.0,0.9,0.3375,1.0,0.0,0.9999999995283019,0.1973943568508786,1.0,0.9999999996875,0.02187499999316406,0.9312499997089843,0.7845417095190088,0.16174938348789733,0.1448209701526252
0.8,-0.8,22142.439453125,397.10504150390625,2.292691804808395,0.0,0.9,0.271875,1.0,0.0,0.9999999995708154,0.15215497750761067,1.0,0.9999999996875,0.02187499999316406,0.8249999997421874,0.8747610358766668,0.24147943217625445,0.21843168722421602
0.9000000000000001,-0.8,22650.705078125,404.6939392089844,2.6025276140413665,0.0,0.9,0.18125,1.0,0.0,0.9999999996183205,0.0642865193414644,1.0,0.9999999996875,0.02187499999316406,0.7624999997617187,0.9518847608343322,0.32513011485142507,0.32167318606841966
1.0,-0.8,23200.6328125,412.8498840332031,2.8541098023843565,0.0,0.9,0.146875,1.0,0.0,0.9999999996336996,0.046166859053457,1.0,0.9999999996875,0.015624999995117187,0.7156249997763672,1.0054862915018878,0.3608223717999678,0.35814719109215
-1.0,-0.7,22757.666015625,402.8617858886719,1.9078686809435785,0.0,0.9,0.4125,0.0,0.0,0.9999999994680852,0.27123114321269043,0.0,0.9999999996875,0.0,0.8593749997314453,0.7299671461155804,0.07196552239017041,0.032255915506622226
-0.9,-0.7,22195.09375,394.69720458984375,1.8192165487749707,0.0,0.9,0.484375,0.0,0.0,0.9999999993939395,0.347830219537773,0.0,0.9999999996875,0.0,0.871874999727539,0.6779714029618841,0.09878730987902636,-0.024356142897710827
-0.8,-0.7,21675.443359375,387.1257629394531,1.6796561382055832,0.0,0.9,0.58125,1.0,0.0,0.9999999992537314,0.43626120420687486,1.0,0.9999999996875,0.012499999996093749,0.8812499997246093,0.6037173646968466,0.16287188188567472,-0.09994305803209942
-0.7,-0.7,21202.11328125,380.2178955078125,1.514613979564898,0.0,0.9,0.696875,0.9090909090909091,0.0,0.9896907206291848,0.5483527903655678,0.45454545454545453,0.9999999996875,0.03437499998925781,0.8999999997187499,0.5277066334775864,0.20580746520750912,-0.1785873828856153
-0.6,-0.7,20780.98828125,374.048095703125,1.3556871143047147,0.0,0.9,0.709375,0.9285714285714286,0.0,0.9892473107642503,0.5625565219642544,0.4642857142857143,0.9999999996875,0.04374999998632812,0.9312499997089843,0.46343207640066086,0.15141892136145968,-0.1456950725219273
-0.5,-0.7,20415.421875,368.69268798828125,1.2029493568156466,0.0,0.9,0.75625,1.0,0.0,0.9999999987179488,0.6157598277635948,1.0,0.9999999996875,0.04374999998632812,0.9687499996972656,0.3993169988498634,0.15660491477213795,-0.15299808123051747
-0.3999999999999999,-0.7,20111.041015625,364.22650146484375,1.0991945762140454,0.0,0.9,0.79375,1.0,0.0,0.9999999984848486,0.6727263366640165,1.0,0.9999999996875,0.024999999992187497,0.9874999996914062,0.3486733296349066,0.1603347662576996,-0.15921340450211904
-0.29999999999999993,-0.7,19871.4765625,360.71929931640625,1.005408409991319,0.0,0.9,0.83125,1.0,0.0,0.9999999981481481,0.7347844714809001,1.0,0.9999999996875,0.015624999995117187,0.9999999996875,0.2974576061774121,0.17586385891906964,-0.17586385891906964
-0.19999999999999996,-0.7,19698.978515625,358.231201171875,0.9355883649628542,0.0,0.9,0.853125,1.0,0.0,0.9999999978723404,0.755520084033909,1.0,0.9999999996875,0.012499999996093749,0.9999999996875,0.25611672268470403,0.18276186840235373,-0.18276186840235373
-0.09999999999999998,-0.7,19593.564453125,356.8077697753906,0.892185264863509,0.0,0.9,0.875,1.0,0.0,0.9999999975,0.7831002476045581,1.0,0.9999999996875,0.009374999997070312,0.9999999996875,0.2296557221962411,0.19376777247136157,-0.19376777247136157
0.0,-0.7,19559.775390625,356.4771423339844,0.8715655748576594,0.0,0.9,0.90625,1.0,0.0,0.9999999966666666,0.8159462558969949,1.0,0.9999999996875,0.024999999992187497,0.9999999996875,0.21726806710996313,0.2273867757990659,-0.22709739625044661
0.10000000000000009,-0.7,19596.80078125,357.2460632324219,0.8655616110304425,0.0,0.9,0.93125,1.0,0.0,0.9999999954545454,0.8556551487427065,1.0,0.9999999996875,0.05312499998339843,0.9999999996875,0.21551118066719555,0.26775137271273697,-0.26775137271273697
0.20000000000000018,-0.7,19701.578125,359.1001281738281,0.9028466759356811,0.0,0.9,0.915625,1.0,0.0,0.9999999962962962,0.8284892693072416,1.0,0.9999999996875,0.04687499998535156,0.9999999996875,0.24281061163217704,0.28071436291013435,-0.28071436291013435
0.30000000000000004,-0.7,19873.943359375,362.00482177734375,0.98727082423728,0.0,0.9,0.878125,1.0,0.0,0.9999999974358974,0.7744583229357664,1.0,0.9999999996875,0.04687499998535156,0.9999999996875,0.2973140602594978,0.27946520725379864,-0.27946520725379864
0.40000000000000013,-0.7,20114.724609375,365.90863037109375,1.142079330490933,0.0,0.9,0.7625,1.0,0.0,0.9999999986842106,0.6326837043923987,1.0,0.9999999996875,0.04687499998535156,0.9937499996894531,0.39129667609100255,0.19632129487708616,-0.19632129487708616
0.5,-0.7,20420.9453125,370.7471618652344,1.3476922480934572,0.0,0.9,0.64375,1.0,0.0,0.999999999122807,0.4989279333197579,1.0,0.9999999996875,0.03749999998828125,0.9812499996933594,0.503365566310488,0.12588652611516618,-0.10450458618405137
0.6000000000000001,-0.7,20787.2265625,376.4478454589844,1.57769610110599,0.0,0.9,0.546875,1.0,0.0,0.9999999993103449,0.3883493160501171,1.0,0.9999999996875,0.03437499998925781,0.9624999996992187,0.6151771220090241,0.15582081374975865,-0.021337960573166777
0.7000000000000002,-0.7,21209.048828125,382.934326171875,1.8434304822353942,0.0,0.9,0.415625,1.0,0.0,0.9999999994652407,0.25656198803470676,1.0,0.9999999996875,0.028124999991210934,0.9374999997070312,0.7263298021873377,0.12839511575789522,0.0941697226811199
0.8,-0.7,21683.53515625,390.13043212890625,2.1507877396533126,0.0,0.9,0.33125,1.0,0.0,0.9999999995327103,0.2029130825587643,1.0,0.9999999996875,0.028124999991210934,0.8781249997255859,0.8319954535910732,0.18198936182662165,0.174834980191905
0.9000000000000001,-0.7,22206.30078125,397.96221923828125,2.456709812621175,0.0,0.9,0.209375,1.0,0.0,0.9999999996047431,0.08636295453514335,1.0,0.9999999996875,0.024999999992187497,0.7499999997656249,0.9087347562932246,0.3009784054638127,0.29169522867341013
1.0,-0.7,22770.96875,406.36077880859375,2.7222054413902415,0.0,0.9,0.16875,1.0,0.0,0.99999999962406,0.05163499002095241,1.0,0.9999999996875,0.024999999992187497,0.7343749997705078,0.9695545402532395,0.3419436818381524,0.3292270726290928
-1.0,-0.6,22371.9140625,397.19024658203125,1.8406638492569745,0.0,0.9,0.453125,0.0,0.0,0.9999999994285714,0.3037688935923656,0.0,0.9999999996875,0.0,0.8749999997265624,0.6965492615208203,0.08745740257827246,-0.00023674292638359035
-0.9,-0.6,21796.345703125,388.77911376953125,1.7281648051812717,0.0,0.9,0.55625,0.0,0.0,0.9999999992957747,0.43003151130344114,0.0,0.9999999996875,0.0,0.8812499997246093,0.6241428288093486,0.0924995175587934,-0.08225718109759075
-0.8,-0.6,21264.068359375,380.95880126953125,1.5747599525212193,0.0,0.9,0.678125,1.0,0.0,0.9999999990291263,0.5366228108529635,1.0,0.9999999996875,0.006249999998046874,0.8906249997216796,0.5413666651656311,0.18750286874646044,-0.1799082649825714
-0.7,-0.6,20779.408203125,373.80487060546875,1.390167113157351,0.0,0.9,0.734375,1.0,0.0,0.9999999988235295,0.5884693997702813,1.0,0.9999999996875,0.018749999994140624,0.9156249997138671,0.46100890961381963,0.183731842397007,-0.17696517305970902
-0.6,-0.6,20347.921875,367.3974304199219,1.2419152249862193,0.0,0.9,0.753125,1.0,0.0,0.9999999987341773,0.6168974624014589,1.0,0.9999999996875,0.040624999987304684,0.9624999996992187,0.4030688667600781,0.14739728499602772,-0.1451516416534765
-0.5,-0.6,19974.67578125,361.8197937011719,1.111022307109998,0.0,0.9,0.790625,1.0,0.0,0.9999999985074628,0.6660391045057265,1.0,0.9999999996875,0.05624999998242187,0.9874999996914062,0.3468664610369556,0.139466554712597,-0.139466554712597
-0.3999999999999999,-0.6,19664.0234375,357.1548767089844,1.0053622044716133,0.0,0.9,0.81875,1.0,0.0,0.9999999982758621,0.706545961505639,1.0,0.9999999996875,0.06874999997851562,0.9999999996875,0.2931227209737954,0.12824027734882606,-0.12824027734882606
-0.29999999999999993,-0.6,19421.75390625,353.480712890625,0.9201241070781697,0.0,0.9,0.853125,1.0,0.0,0.9999999978723404,0.7615039556083343,1.0,0.9999999996875,0.05937499998144531,0.9999999996875,0.2480994457046631,0.14158500123048554,-0.14158500123048554
-0.19999999999999996,-0.6,19246.919921875,350.8652038574219,0.8519922443699146,0.0,0.9,0.8875,1.0,0.0,0.9999999972222222,0.8136656993799852,1.0,0.9999999996875,0.03437499998925781,0.9999999996875,0.2061137530680389,0.15860073284860957,-0.15860073284860957
-0.09999999999999998,-0.6,19140.935546875,349.36065673828125,0.8046541291477011,0.0,0.9,0.9125,1.0,0.0,0.9999999964285714,0.8352873052873054,1.0,0.9999999996875,0.05624999998242187,0.9999999996875,0.17530970398107631,0.17331959322769205,-0.1696333191975787
0.0,-0.6,19106.05859375,348.9990539550781,0.7815854631509445,0.0,0.9,0.934375,1.0,0.0,0.9999999952380952,0.868537510185373,1.0,0.9999999996875,0.09999999996874999,0.9999999996875,0.16019405356915584,0.1940673308023858,-0.1940673308023858
0.10000000000000009,-0.6,19142.4609375,349.7886962890625,0.7752879583750086,0.0,0.9,0.934375,1.0,0.0,0.9999999952380952,0.8641480261474271,1.0,0.9999999996875,0.11874999996289062,0.9999999996875,0.15695616764239165,0.20923589333812093,-0.205627338918007
0.20000000000000018,-0.6,19249.064453125,351.7133483886719,0.7961800535229626,0.0,0.9,0.94375,1.0,0.0,0.9999999944444444,0.8811067617010963,1.0,0.9999999996875,0.11249999996484374,0.9999999996875,0.17136391834041045,0.2418925237266787,-0.2418925237266787
0.30000000000000004,-0.6,19424.697265625,354.7336120605469,0.8680582826571448,0.0,0.9,0.90625,1.0,0.0,0.9999999966666666,0.8279489946891269,1.0,0.9999999996875,0.06562499997949219,0.9999999996875,0.22015420311057898,0.2445222108222676,-0.241119771488591
0.40000000000000013,-0.6,19668.15234375,358.79132080078125,1.0087525523614174,0.0,0.9,0.84375,1.0,0.0,0.999999998,0.7475385098772195,1.0,0.9999999996875,0.05624999998242187,0.9999999996875,0.3130172906243134,0.22476499496232516,-0.22353164497301137
0.5,-0.6,19981.150390625,363.81414794921875,1.2052730319248128,0.0,0.9,0.715625,1.0,0.0,0.9999999989010989,0.5897012313473912,1.0,0.9999999996875,0.049999999984374995,0.9937499996894531,0.4278224148873147,0.13912665202442534,-0.12997458132303727
0.6000000000000001,-0.6,20355.7578125,369.7213134765625,1.4330793332540017,0.0,0.9,0.575,1.0,0.0,0.999999999264706,0.4212751496489066,1.0,0.9999999996875,0.04374999998632812,0.9749999996953125,0.5460914974696801,0.07873471738264436,-0.00939943414649404
0.7000000000000002,-0.6,20788.9453125,376.4288635253906,1.7036336081239831,0.0,0.9,0.484375,1.0,0.0,0.9999999993939395,0.32955850751760934,1.0,0.9999999996875,0.031249999990234374,0.9406249997060546,0.6721295971467179,0.13941074779658122,0.0531585186846693
0.8,-0.6,21276.326171875,383.85382080078125,1.9751174054897171,0.0,0.9,0.396875,1.0,0.0,0.9999999994818654,0.23823217924203144,1.0,0.9999999996875,0.028124999991210934,0.8781249997255859,0.7670808971765428,0.13949130615128721,0.12244934317731027
0.9000000000000001,-0.6,21811.9296875,391.9169921875,2.30917682797723,0.0,0.9,0.315625,1.0,0.0,0.999999999543379,0.1811117122376506,1.0,0.9999999996875,0.028124999991210934,0.7843749997548828,0.8670188648458291,0.20500676844226126,0.18455038567156956
1.0,-0.6,22390.216796875,400.5448913574219,2.5874263722779616,0.0,0.9,0.2125,1.0,0.0,0.9999999996031746,0.08490895305411435,1.0,0.9999999996875,0.024999999992187497,0.7406249997685547,0.9276200516760934,0.2818708379579694,0.2772966117386937
-1.0,-0.5,22038.3203125,392.2684631347656,1.7415275940680686,0.0,0.9,0.515625,0.0,0.0,0.9999999993548387,0.357179810798167,0.0,0.9999999996875,0.0,0.8781249997255859,0.6421992079742285,0.159667504779354,-0.06329692612462134
-0.9,-0.5,21451.224609375,383.6293029785156,1.5980492987503787,0.0,0.9,0.628125,0.0,0.0,0.9999999991596639,0.48909926622986116,0.0,0.9999999996875,0.0,0.8968749997197265,0.551117333262459,0.15555902163782753,-0.1504113297873382
-0.8,-0.5,20907.845703125,375.5775451660156,1.4347613286122074,0.0,0.9,0.746875,0.0,0.0,0.9999999987654322,0.6007009614070745,0.0,0.9999999996875,0.0,0.9124999997148436,0.4688582545560303,0.23457024432221316,-0.22052378885299415
-0.7,-0.5,20413.603515625,368.19256591796875,1.2800751668499737,0.0,0.9,0.7625,1.0,0.0,0.9999999986842106,0.628716991947268,1.0,0.9999999996875,0.009374999997070312,0.9312499997089843,0.40307237374964316,0.17725882807436127,-0.17466369304232218
-0.6,-0.5,19973.794921875,361.56036376953125,1.139670277690298,0.0,0.9,0.778125,1.0,0.0,0.9999999985915494,0.6474570461052374,1.0,0.9999999996875,0.04374999998632812,0.9531249997021484,0.3470418988111737,0.14325579152064916,-0.1343049503177914
-0.5,-0.5,19594.453125,355.7709045410156,1.0224623475622276,0.0,0.9,0.8125,1.0,0.0,0.9999999983333333,0.6919034938716374,1.0,0.9999999996875,0.07187499997753906,0.9937499996894531,0.2962059223760594,0.12315788033009539,-0.1217970670314349
-0.3999999999999999,-0.5,19280.626953125,350.9150390625,0.9318955354277936,0.0,0.9,0.84375,1.0,0.0,0.999999998,0.7425990057281007,1.0,0.9999999996875,0.0843749999736328,0.9999999996875,0.25040382805186556,0.11332791613578472,-0.11332791613578472
-0.29999999999999993,-0.5,19035.08203125,347.07916259765625,0.8498402783179833,0.0,0.9,0.86875,1.0,0.0,0.9999999976190476,0.7780632855931398,1.0,0.9999999996875,0.10624999996679686,0.9999999996875,0.2052864565769058,0.11550473789458629,-0.11222527696818041
-0.19999999999999996,-0.5,18859.09765625,344.33929443359375,0.7760343515638161,0.0,0.9,0.915625,1.0,0.0,0.9999999962962962,0.8501136672617766,1.0,0.9999999996875,0.11249999996484374,0.9999999996875,0.15715922929338005,0.13744164805849732,-0.13744164805849732
-0.09999999999999998,-0.5,18752.8828125,342.7546081542969,0.7454892486247608,0.0,0.9,0.93125,1.0,0.0,0.9999999954545454,0.8714953114112779,1.0,0.9999999996875,0.15312499995214843,0.9999999996875,0.1381601874758928,0.13965227304398056,-0.13965227304398056
0.0,-0.5,18717.65234375,342.3614807128906,0.7170679902667945,0.0,0.9,0.946875,1.0,0.0,0.9999999941176471,0.8941099773242632,1.0,0.9999999996875,0.1937499999394531,0.9999999996875,0.11804511692688209,0.15851697626260544,-0.15624952267054606
0.10000000000000009,-0.5,18753.953125,343.169677734375,0.7063088275791457,0.0,0.9,0.95,1.0,0.0,0.9999999937499999,0.8973270143173211,1.0,0.9999999996875,0.20624999993554685,0.9999999996875,0.1101299720298218,0.16869621488891845,-0.16869621488891845
0.20000000000000018,-0.5,18862.03125,345.1609191894531,0.7236121032950918,0.0,0.9,0.965625,1.0,0.0,0.9999999909090911,0.9282834369931144,1.0,0.9999999996875,0.1937499999394531,0.9999999996875,0.12030733536924419,0.20444502994244185,-0.20444502994244185
0.30000000000000004,-0.5,19040.072265625,348.2910461425781,0.7854905209799479,0.0,0.9,0.9375,1.0,0.0,0.9999999949999999,0.8783579219842436,1.0,0.9999999996875,0.16249999994921874,0.9999999996875,0.16481937121750162,0.21713042785644016,-0.21713042785644016
0.40000000000000013,-0.5,19287.0625,352.49481201171875,0.8999246298095823,0.0,0.9,0.88125,1.0,0.0,0.999999997368421,0.8049444692981103,1.0,0.9999999996875,0.10624999996679686,0.9999999996875,0.24378382952307912,0.20848926264167233,-0.20848926264167233
0.5,-0.5,19602.33203125,357.6917724609375,1.081581523244468,0.0,0.9,0.78125,1.0,0.0,0.9999999985714286,0.6722524619616227,1.0,0.9999999996875,0.06562499997949219,0.9968749996884765,0.357381068097995,0.15775873539092344,-0.15657744670083726
0.6000000000000001,-0.5,19984.12109375,363.79315185546875,1.2974117257988969,0.0,0.9,0.64375,1.0,0.0,0.999999999122807,0.5024237101002927,1.0,0.9999999996875,0.05312499998339843,0.9812499996933594,0.4752698408829177,0.08410400308881605,-0.05653374171483374
0.7000000000000002,-0.5,20426.751953125,370.7071838378906,1.5612697765901562,0.0,0.9,0.509375,1.0,0.0,0.9999999993630574,0.35085987603872415,1.0,0.9999999996875,0.03437499998925781,0.949999999703125,0.6065945620288615,0.07389173561953663,0.050356037553013176
0.8,-0.5,20924.4375,378.3446044921875,1.8483781444899565,0.0,0.9,0.428125,1.0,0.0,0.9999999994535519,0.2682519279447706,1.0,0.9999999996875,0.024999999992187497,0.8968749997197265,0.7222744103209406,0.1484879595766759,0.10140476928763684
0.9000000000000001,-0.5,21471.353515625,386.62103271484375,2.1441942262964133,0.0,0.9,0.378125,1.0,0.0,0.9999999994974874,0.21747887258687396,1.0,0.9999999996875,0.028124999991210934,0.821874999743164,0.8126353261430166,0.1639750075875359,0.12682186229954787
1.0,-0.5,22061.8984375,395.4590148925781,2.4462378489481678,0.0,0.9,0.275,1.0,0.0,0.9999999995689656,0.13279281960384323,1.0,0.9999999996875,0.028124999991210934,0.7624999997617187,0.8849171361614333,0.22103059106164089,0.2060170102249058
-1.0,-0.3999999999999999,21759.740234375,388.152099609375,1.6176633749724771,0.0,0.9,0.565625,0.0,0.0,0.9999999992805756,0.4003423847563763,0.0,0.9999999996875,0.0,0.893749999720703,0.5725283477178487,0.14604939449557783,-0.1204038317101496
-0.9,-0.3999999999999999,21162.734375,379.31048583984375,1.4726854506640887,0.0,0.9,0.725,0.0,0.0,0.9999999988636364,0.5715963434713434,0.0,0.9999999996875,0.0,0.9093749997158203,0.48955144050307403,0.23600236593305057,-0.23600236593305057
-0.8,-0.3999999999999999,20610.6640625,371.05169677734375,1.31256360766749,0.0,0.9,0.778125,0.0,0.0,0.9999999985915494,0.6459981028529416,0.0,0.9999999996875,0.0,0.9281249997099609,0.4105714042767043,0.22833892262596212,-0.22833892262596212
-0.7,-0.3999999999999999,20108.921875,363.45867919921875,1.1578655726602545,0.0,0.9,0.8125,1.0,0.0,0.9999999983333333,0.6847181388299809,1.0,0.9999999996875,0.006249999998046874,0.9374999997070312,0.3396494908027833,0.20095181857824607,-0.19780473549420785
-0.6,-0.3999999999999999,19662.841796875,356.62237548828125,1.0224095497689416,0.0,0.9,0.834375,1.0,0.0,0.9999999981132075,0.7112259849914225,1.0,0.9999999996875,0.04374999998632812,0.9843749996923827,0.2828639014694117,0.16169285390703908,-0.15314187562876358
-0.5,-0.3999999999999999,19280.697265625,350.6390380859375,0.9335218362070351,0.0,0.9,0.84375,0.967741935483871,0.0,0.9799999980399999,0.7295605534161481,0.78,0.9999999996875,0.09687499996972655,0.9937499996894531,0.2424450277869422,0.11975926394920217,-0.1168072316197463
-0.3999999999999999,-0.3999999999999999,18963.87109375,345.6068420410156,0.8610767669123758,0.0,0.9,0.875,0.9787234042553191,0.0,0.9749999975625,0.7845724910010625,0.7875,0.9999999996875,0.14687499995410155,0.9999999996875,0.20907361662331447,0.1275791846259064,-0.10981320252415899
-0.29999999999999993,-0.3999999999999999,18716.546875,341.62042236328125,0.7882897219356215,0.0,0.9,0.9,1.0,0.0,0.999999996875,0.8259445352255502,1.0,0.9999999996875,0.14062499995605468,0.9999999996875,0.16556150292641023,0.11480620777404676,-0.10779514107398347
-0.19999999999999996,-0.3999999999999999,18538.904296875,338.763671875,0.7301008078467143,0.0,0.9,0.925,1.0,0.0,0.9999999958333333,0.863575398076618,1.0,0.9999999996875,0.2093749999345703,0.9999999996875,0.12855038489854545,0.11318766750570687,-0.11110676711985511
-0.09999999999999998,-0.3999999999999999,18432.90234375,337.10260009765625,0.7056213118572697,0.0,0.9,0.934375,1.0,0.0,0.9999999952380952,0.8777027205598634,1.0,0.9999999996875,0.29687499990722654,0.9999999996875,0.11316195446630128,0.1112627117429141,-0.10904748261778106
0.0,-0.3999999999999999,18398.40234375,336.6781005859375,0.6804853899280424,0.0,0.9,0.95,1.0,0.0,0.9999999937499999,0.9066430519170666,1.0,0.9999999996875,0.28749999991015623,0.9999999996875,0.0940284525911322,0.12156057889238525,-0.12156057889238525
0.10000000000000009,-0.3999999999999999,18434.916015625,337.501220703125,0.6693747028943968,0.0,0.9,0.96875,1.0,0.0,0.9999999900000002,0.9383618301821066,1.0,0.9999999996875,0.25312499992089843,0.9999999996875,0.08303193262050901,0.14838729395445843,-0.14838729395445843
0.20000000000000018,-0.3999999999999999,18543.15625,339.552001953125,0.6794013245124069,0.0,0.9,0.971875,1.0,0.0,0.9999999888888891,0.9478787682704732,1.0,0.9999999996875,0.22499999992968747,0.9999999996875,0.089427789596052,0.1683410265976447,-0.1683410265976447
0.30000000000000004,-0.3999999999999999,18722.068359375,342.7814025878906,0.7214303468422976,0.0,0.9,0.959375,1.0,0.0,0.9999999923076924,0.9221769436349645,1.0,0.9999999996875,0.2281249999287109,0.9999999996875,0.12019890872545982,0.19337267099271996,-0.19337267099271996
0.40000000000000013,-0.3999999999999999,18972.056640625,347.11724853515625,0.8327234816899517,0.0,0.9,0.90625,1.0,0.0,0.9999999966666666,0.8419852441477412,1.0,0.9999999996875,0.15312499995214843,0.9999999996875,0.20030530820656944,0.19298120762486864,-0.19298120762486864
0.5,-0.3999999999999999,19290.44921875,352.4713134765625,0.9862785738146201,0.0,0.9,0.81875,1.0,0.0,0.9999999982758621,0.7273070707299624,1.0,0.9999999996875,0.10312499996777343,0.9999999996875,0.3008190137236573,0.16128985011834301,-0.16128985011834301
0.6000000000000001,-0.3999999999999999,19675.96484375,358.7467956542969,1.1793329718280743,0.0,0.9,0.684375,1.0,0.0,0.999999999009901,0.5594963897781106,1.0,0.9999999996875,0.04687499998535156,0.9843749996923827,0.41328756314946885,0.07390170129934406,-0.07390170129934406
0.7000000000000002,-0.3999999999999999,20125.724609375,365.8452453613281,1.4383394907339426,0.0,0.9,0.534375,1.0,0.0,0.9999999993288591,0.3977814597322129,1.0,0.9999999996875,0.03437499998925781,0.9624999996992187,0.5468710320136955,0.07546620705591169,0.03513001713705344
0.8,-0.3999999999999999,20632.064453125,373.67120361328125,1.7048768894635582,0.0,0.9,0.4625,1.0,0.0,0.9999999994186047,0.2972760499420846,1.0,0.9999999996875,0.028124999991210934,0.9031249997177734,0.6589264702373099,0.087202533275383,0.07460944587478233
0.9000000000000001,-0.3999999999999999,21188.431640625,382.1357116699219,2.0013468818938387,0.0,0.9,0.375,1.0,0.0,0.9999999995000001,0.2135359967660922,1.0,0.9999999996875,0.028124999991210934,0.8374999997382812,0.758140105924507,0.14249338436257455,0.12590703436097073
1.0,-0.3999999999999999,21788.849609375,391.1580810546875,2.2871181984287783,0.0,0.9,0.321875,1.0,0.0,0.9999999995391705,0.1616586565753855,1.0,0.9999999996875,0.024999999992187497,0.7999999997499999,0.835081274014489,0.18840955677245655,0.14700953628059707
-1.0,-0.29999999999999993,21538.958984375,384.8922424316406,1.5081592735019755,0.0,0.9,0.703125,0.0,0.0,0.9999999989473685,0.5265511250997055,0.0,0.9999999996875,0.0,0.9281249997099609,0.5189778840507221,0.263900150222647,-0.263900150222647
-0.9,-0.29999999999999993,20934.283203125,375.88067626953125,1.3622226681061935,0.0,0.9,0.790625,0.0,0.0,0.9999999985074628,0.6419000237548625,0.0,0.9999999996875,0.0,0.9374999997070312,0.43876754546008845,0.2893323629562393,-0.2893323629562393
-0.8,-0.29999999999999993,20375.060546875,367.44683837890625,1.2166564221237808,0.0,0.9,0.815625,0.0,0.0,0.9999999983050847,0.6956262399642267,0.0,0.9999999996875,0.0,0.9468749997041015,0.36389194513904055,0.2503932321527113,-0.24534963762286155
-0.7,-0.29999999999999993,19868.330078125,359.6766357421875,1.0764471077206306,0.0,0.9,0.853125,1.0,0.0,0.9999999978723404,0.7427781080745897,1.0,0.9999999996875,0.003124999999023437,0.9593749997001952,0.2962033941622386,0.21316023535409637,-0.20880766653611846
-0.6,-0.29999999999999993,19420.4921875,352.6651611328125,0.9714624210614742,0.0,0.9,0.85625,0.9523809523809523,0.0,0.9782608674385633,0.7455187987295152,0.7818181818181819,0.9999999996875,0.06562499997949219,0.9812499996933594,0.2517460382736136,0.15468317493627914,-0.1481533727381989
-0.5,-0.29999999999999993,19035.173828125,346.5140380859375,0.869143206379648,0.0,0.9,0.88125,0.972972972972973,0.0,0.9736842079639889,0.7872931075264112,0.7875,0.9999999996875,0.11562499996386717,0.9937499996894531,0.20313169687433008,0.1259189016806639,-0.1259189016806639
-0.3999999999999999,-0.29999999999999993,18716.78515625,341.3280334472656,0.8051967102182398,0.0,0.9,0.89375,0.9821428571428571,0.0,0.9705882324394464,0.8077383280158957,0.7909090909090909,0.9999999996875,0.17499999994531248,0.9999999996875,0.1717223066604223,0.09908567265290563,-0.09908567265290563
-0.29999999999999993,-0.29999999999999993,18467.876953125,337.208984375,0.7389152975118857,0.0,0.9,0.91875,1.0,0.0,0.9999999961538462,0.8515364964944797,1.0,0.9999999996875,0.21562499993261716,0.9999999996875,0.13463724482193418,0.10127394920207272,-0.09785552331728185
-0.19999999999999996,-0.29999999999999993,18289.88671875,334.2481384277344,0.6971877554692393,0.0,0.9,0.9375,1.0,0.0,0.9999999949999999,0.8830630744916459,1.0,0.9999999996875,0.3187499999003906,0.9999999996875,0.10681143153384871,0.10064884625752218,-0.09852918143603576
-0.09999999999999998,-0.29999999999999993,18183.744140625,332.5176086425781,0.6746383651273804,0.0,0.9,0.95,1.0,0.0,0.9999999937499999,0.9021277788303651,1.0,0.9999999996875,0.3874999998789062,0.9999999996875,0.09094300954778259,0.0994934155402412,-0.0994934155402412
0.0,-0.29999999999999993,18149.6171875,332.0626525878906,0.6518285740186348,0.0,0.9,0.965625,1.0,0.0,0.9999999909090911,0.9328300006871435,1.0,0.9999999996875,0.40937499987207027,0.9999999996875,0.07285366380720093,0.1119620366686869,-0.1119620366686869
0.10000000000000009,-0.29999999999999993,18186.5078125,332.8958435058594,0.6463123430689314,0.0,0.9,0.971875,1.0,0.0,0.9999999888888891,0.9478494623655914,1.0,0.9999999996875,0.3374999998945312,0.9999999996875,0.06759854958752887,0.12318342623310816,-0.12318342623310816
0.20000000000000018,-0.29999999999999993,18294.298828125,334.99530029296875,0.6520032633080487,0.0,0.9,0.975,1.0,0.0,0.9999999875000002,0.9531505863994342,1.0,0.9999999996875,0.2687499999160156,0.9999999996875,0.07226950100460203,0.1421060384927806,-0.1421060384927806
0.30000000000000004,-0.29999999999999993,18473.77734375,338.3077392578125,0.6859243374968758,0.0,0.9,0.9625,1.0,0.0,0.9999999916666668,0.933199922197618,1.0,0.9999999996875,0.23749999992578125,0.9999999996875,0.09617432392661816,0.16111690605877085,-0.16111690605877085
0.40000000000000013,-0.29999999999999993,18724.703125,342.7548522949219,0.7625783648563123,0.0,0.9,0.928125,1.0,0.0,0.9999999956521739,0.8761543760046064,1.0,0.9999999996875,0.1593749999501953,0.9999999996875,0.15167572713807354,0.1761786955009469,-0.1761786955009469
0.5,-0.29999999999999993,19046.44140625,348.240966796875,0.8899014891027576,0.0,0.9,0.875,1.0,0.0,0.9999999975,0.8111585063297112,1.0,0.9999999996875,0.11874999996289062,0.9999999996875,0.2382016153403835,0.18510619333821168,-0.18510619333821168
0.6000000000000001,-0.29999999999999993,19435.76953125,354.66265869140625,1.0941328783553794,0.0,0.9,0.721875,1.0,0.0,0.9999999988764046,0.6225431872512467,1.0,0.9999999996875,0.04687499998535156,0.9968749996884765,0.36447272960309407,0.11055063552145387,-0.0934779254754247
0.7000000000000002,-0.29999999999999993,19888.486328125,361.9151916503906,1.314714071682403,0.0,0.9,0.609375,1.0,0.0,0.9999999992,0.4859748600265842,1.0,0.9999999996875,0.031249999990234374,0.971874999696289,0.4787439482120092,0.05652497927566311,-0.026091776704507998
0.8,-0.29999999999999993,20401.490234375,369.89801025390625,1.573299114232565,0.0,0.9,0.521875,1.0,0.0,0.9999999993464053,0.37901431219472076,1.0,0.9999999996875,0.02187499999316406,0.921874999711914,0.5968385008532932,0.11620564719238603,0.009955984749250999
0.9000000000000001,-0.29999999999999993,20965.080078125,378.518310546875,1.83966699735583,0.0,0.9,0.409375,1.0,0.0,0.9999999994708995,0.25635919464976953,1.0,0.9999999996875,0.028124999991210934,0.8749999997265624,0.6984713277340104,0.1186453840642202,0.07837471087077054
1.0,-0.29999999999999993,21573.078125,387.6927490234375,2.115154438631054,0.0,0.9,0.328125,1.0,0.0,0.9999999995348837,0.16998143377788547,1.0,0.9999999996875,0.024999999992187497,0.8249999997421874,0.7795923876601223,0.17841728080979535,0.12382476607355718
-1.0,-0.19999999999999996,21378.451171875,382.5325012207031,1.4299368333931455,0.0,0.9,0.74375,0.0,0.0,0.9999999987804878,0.5713924782540012,0.0,0.9999999996875,0.0,0.9406249997060546,0.4867358518301451,0.29508377363529753,-0.29508377363529753
-0.9,-0.19999999999999996,20768.388671875,373.38970947265625,1.2857865553236976,0.0,0.9,0.81875,0.0,0.0,0.9999999982758621,0.6873521378047239,0.0,0.9999999996875,0.0,0.9406249997060546,0.4062219047175335,0.30741339822426117,-0.3055084804392096
-0.8,-0.19999999999999996,20205.099609375,364.8199157714844,1.139560009099669,0.0,0.9,0.85,0.0,0.0,0.9999999979166666,0.7418074610371016,0.0,0.9999999996875,0.0,0.949999999703125,0.3298560208645395,0.2632217068210656,-0.2627152676875939
-0.7,-0.19999999999999996,19696.322265625,356.9111328125,1.021059790694069,0.0,0.9,0.875,1.0,0.0,0.9999999975,0.7858302332452862,1.0,0.9999999996875,0.012499999996093749,0.9656249996982421,0.2671042601899458,0.20972334742226326,-0.20972334742226326
-0.6,-0.19999999999999996,19246.306640625,349.7615966796875,0.9054310021512371,0.0,0.9,0.884375,0.9565217391304348,0.0,0.9729729703433163,0.7946138639315156,0.734375,0.9999999996875,0.07187499997753906,0.9843749996923827,0.2131468687618108,0.1588289464489686,-0.15525662518278566
-0.5,-0.19999999999999996,18859.35546875,343.4770202636719,0.8223314240021324,0.0,0.9,0.90625,0.9767441860465116,0.0,0.9666666634444444,0.8304915668217572,0.7909090909090909,0.9999999996875,0.1343749999580078,0.9999999996875,0.17367523753244904,0.13351341892566315,-0.1256641416459175
-0.3999999999999999,-0.19999999999999996,18540.361328125,338.16754150390625,0.7604202595260918,0.0,0.9,0.91875,0.9827586206896551,0.0,0.9615384578402366,0.8557709227996337,0.7923076923076924,0.9999999996875,0.18124999994335936,0.9999999996875,0.14519169993989464,0.1059072114380004,-0.1059072114380004
-0.29999999999999993,-0.19999999999999996,18291.94140625,333.94073486328125,0.7046987631048162,0.0,0.9,0.940625,1.0,0.0,0.9999999947368421,0.8911396506392617,1.0,0.9999999996875,0.3093749999033203,0.9999999996875,0.11025038688909009,0.10376021625704844,-0.10142735011293555
-0.19999999999999996,-0.19999999999999996,18114.82421875,330.8938293457031,0.6722484692591931,0.0,0.9,0.953125,1.0,0.0,0.9999999933333334,0.912852022529442,1.0,0.9999999996875,0.40624999987304683,0.9999999996875,0.0881825049808404,0.09861351754861468,-0.09861351754861468
-0.09999999999999998,-0.19999999999999996,18008.58984375,329.1044006347656,0.6495733727240172,0.0,0.9,0.9625,1.0,0.0,0.9999999916666668,0.9280339604072322,1.0,0.9999999996875,0.48749999984765624,0.9999999996875,0.07179064087122579,0.09863654577372447,-0.09563711164072772
0.0,-0.19999999999999996,17974.03515625,328.62109375,0.6375123134902932,0.0,0.9,0.965625,1.0,0.0,0.9999999909090911,0.9387596195319061,1.0,0.9999999996875,0.5281249998349609,0.9999999996875,0.061724378159099945,0.09430237485717603,-0.09430237485717603
0.10000000000000009,-0.19999999999999996,18010.453125,329.45782470703125,0.6323299162283711,0.0,0.9,0.971875,1.0,0.0,0.9999999888888891,0.9470660884453989,1.0,0.9999999996875,0.4843749998486328,0.9999999996875,0.05771925346098196,0.10433287963858137,-0.10433287963858137
0.20000000000000018,-0.19999999999999996,18117.408203125,331.5914001464844,0.6363680473846385,0.0,0.9,0.975,1.0,0.0,0.9999999875000002,0.9536250202998972,1.0,0.9999999996875,0.3624999998867187,0.9999999996875,0.06190546124590937,0.12243963348114956,-0.12243963348114956
0.30000000000000004,-0.19999999999999996,18296.8046875,334.9651794433594,0.6642039643007596,0.0,0.9,0.9625,1.0,0.0,0.9999999916666668,0.9331367997699636,1.0,0.9999999996875,0.2687499999160156,0.9999999996875,0.08230782667190878,0.1386157543906909,-0.1386157543906909
0.40000000000000013,-0.19999999999999996,18548.44140625,339.4953308105469,0.7258834693690494,0.0,0.9,0.93125,1.0,0.0,0.9999999954545454,0.8804476945865195,1.0,0.9999999996875,0.16562499994824217,0.9999999996875,0.12716364606341163,0.15183556111989485,-0.14967478176362473
0.5,-0.19999999999999996,18871.232421875,345.0809020996094,0.8434263299103429,0.0,0.9,0.896875,1.0,0.0,0.999999996969697,0.8310759966971146,1.0,0.9999999996875,0.1093749999658203,0.9999999996875,0.2079494445169639,0.17804332269484763,-0.17804332269484763
0.6000000000000001,-0.19999999999999996,19263.13671875,351.6126708984375,1.01610513085435,0.0,0.9,0.778125,1.0,0.0,0.9999999985915494,0.6876138459864575,1.0,0.9999999996875,0.049999999984374995,0.9999999996875,0.3180701072615775,0.1283378885790135,-0.1283378885790135
0.7000000000000002,-0.19999999999999996,19718.984375,358.9811096191406,1.2314579478973913,0.0,0.9,0.65625,1.0,0.0,0.9999999990909092,0.5584590275506293,1.0,0.9999999996875,0.028124999991210934,0.971874999696289,0.43372307287557776,0.09438199580500573,-0.059651981673751464
0.8,-0.19999999999999996,20234.3125,367.0815734863281,1.4553850836547495,0.0,0.9,0.584375,1.0,0.0,0.9999999992481203,0.4775120352547089,1.0,0.9999999996875,0.028124999991210934,0.9374999997070312,0.5371401634024062,0.06068228251113844,-0.043023748795268844
0.9000000000000001,-0.19999999999999996,20803.173828125,375.8186950683594,1.7124288216474195,0.0,0.9,0.4875,1.0,0.0,0.999999999390244,0.341216642225959,1.0,0.9999999996875,0.028124999991210934,0.8968749997197265,0.6397086187564849,0.12060530912522915,-0.004403735422534592
1.0,-0.19999999999999996,21416.115234375,385.1064453125,1.9703004204557468,0.0,0.9,0.375,1.0,0.0,0.9999999995000001,0.22363951929890405,1.0,0.9999999996875,0.028124999991210934,0.843749999736328,0.7238497540002307,0.13541392635327967,0.05908957640920605
-1.0,-0.09999999999999998,21281.427734375,381.1061706542969,1.4204233362308154,0.0,0.9,0.715625,0.0,0.0,0.9999999989010989,0.5416849262704841,0.0,0.9999999996875,0.0,0.9406249997060546,0.4863269103701045,0.2564296157027009,-0.2564296157027009
-0.9,-0.09999999999999998,20667.947265625,371.876220703125,1.2688636526012425,0.0,0.9,0.79375,0.0,0.0,0.9999999984848486,0.6583583535205678,0.0,0.9999999996875,0.0,0.949999999703125,0.4057347877230262,0.2756797215879797,-0.2736533866330585
-0.8,-0.09999999999999998,20103.478515625,363.2154235839844,1.1142679706879681,0.0,0.9,0.8625,0.0,0.0,0.9999999977272727,0.7666729935818607,0.0,0.9999999996875,0.0,0.9593749997001952,0.3193766482450827,0.26521095527809146,-0.26521095527809146
-0.7,-0.09999999999999998,19592.677734375,355.21319580078125,0.9766849799322427,0.0,0.9,0.890625,1.0,0.0,0.9999999971428571,0.8083696253211381,1.0,0.9999999996875,0.015624999995117187,0.9687499996972656,0.24780079117432055,0.21751113402957367,-0.21355996489149195
-0.6,-0.09999999999999998,19141.603515625,347.9697265625,0.8709320967056561,0.0,0.9,0.909375,1.0,0.0,0.9999999965517241,0.8374543214435876,1.0,0.9999999996875,0.06562499997949219,0.9843749996923827,0.19571717634140345,0.16882183711422782,-0.16882183711422782
-0.5,-0.09999999999999998,18753.94140625,341.5933532714844,0.7948076804463146,0.0,0.9,0.915625,1.0,0.0,0.9999999962962962,0.8455297084761372,1.0,0.9999999996875,0.14374999995507812,0.9999999996875,0.1576610038192508,0.12861137823740132,-0.12534928725288058
-0.3999999999999999,-0.09999999999999998,18436.09375,336.1976318359375,0.733092281461659,0.0,0.9,0.934375,1.0,0.0,0.9999999952380952,0.8785095896627245,1.0,0.9999999996875,0.2343749999267578,0.9999999996875,0.1271944459189273,0.11012130202095995,-0.11012130202095995
-0.29999999999999993,-0.09999999999999998,18188.4296875,331.8943176269531,0.6753742798198459,0.0,0.9,0.95,1.0,0.0,0.9999999937499999,0.9050199169482187,1.0,0.9999999996875,0.40937499987207027,0.9999999996875,0.09067647885784273,0.10216191594382729,-0.10006392420209444
-0.19999999999999996,-0.09999999999999998,18011.513671875,328.7845764160156,0.6512830961624179,0.0,0.9,0.965625,1.0,0.0,0.9999999909090911,0.9370954012918299,1.0,0.9999999996875,0.5281249998349609,0.9999999996875,0.07171753997692557,0.09977091103042035,-0.09977091103042035
-0.09999999999999998,-0.09999999999999998,17905.978515625,326.9498596191406,0.6329331748260777,0.0,0.9,0.96875,0.9948717948717949,0.0,0.8999999910000002,0.9426183604755033,0.9966555183946488,0.9999999996875,0.6093749998095702,0.9999999996875,0.05790458280010283,0.09082754848447691,-0.09082754848447691
0.0,-0.09999999999999998,17871.0625,326.4412841796875,0.6282504432913143,0.0,0.9,0.975,1.0,0.0,0.9999999875000002,0.9573846732115366,1.0,0.9999999996875,0.649999999796875,0.9999999996875,0.054546040313118216,0.0946688325904154,-0.0946688325904154
0.10000000000000009,-0.09999999999999998,17906.548828125,327.2738342285156,0.623539351867134,0.0,0.9,0.98125,1.0,0.0,0.9999999833333336,0.9678520225294419,1.0,0.9999999996875,0.5843749998173827,0.9999999996875,0.05094131467124764,0.10325031308517545,-0.10325031308517545
0.20000000000000018,-0.09999999999999998,18012.720703125,329.4236755371094,0.626907622196955,0.0,0.9,0.98125,1.0,0.0,0.9999999833333336,0.9678382464096751,1.0,0.9999999996875,0.4468749998603515,0.9999999996875,0.05452538281760962,0.1164101094842017,-0.1164101094842017
0.30000000000000004,-0.09999999999999998,18192.40234375,332.8316955566406,0.6508446563251479,0.0,0.9,0.965625,1.0,0.0,0.9999999909090911,0.9376830540083361,1.0,0.9999999996875,0.2843749999111328,0.9999999996875,0.07376421177752868,0.12739310065805193,-0.12739310065805193
0.40000000000000013,-0.09999999999999998,18444.087890625,337.4107666015625,0.7059328653292797,0.0,0.9,0.9375,1.0,0.0,0.9999999949999999,0.8944797355313872,1.0,0.9999999996875,0.1593749999501953,0.9999999996875,0.11377902868086782,0.14303850573239155,-0.1407546653350111
0.5,-0.09999999999999998,18767.0625,343.0561828613281,0.8050578433196195,0.0,0.9,0.909375,1.0,0.0,0.9999999965517241,0.8477803388249778,1.0,0.9999999996875,0.10312499996777343,0.9999999996875,0.18149505744787556,0.17446506337625295,-0.17446506337625295
0.6000000000000001,-0.09999999999999998,19159.392578125,349.6549377441406,0.95663538450041,0.0,0.9,0.825,1.0,0.0,0.9999999982142856,0.7354572766055382,1.0,0.9999999996875,0.03437499998925781,0.9999999996875,0.2802994467571127,0.15206625905281013,-0.15206625905281013
0.7000000000000002,-0.09999999999999998,19617.046875,357.09423828125,1.1470675477449892,0.0,0.9,0.71875,1.0,0.0,0.9999999988888889,0.6048839821191044,1.0,0.9999999996875,0.028124999991210934,0.9937499996894531,0.38437023470852427,0.12593751275051346,-0.10435658441687626
0.8,-0.09999999999999998,20134.515625,365.26727294921875,1.3641899551304464,0.0,0.9,0.659375,1.0,0.0,0.9999999990825689,0.5410386736275579,1.0,0.9999999996875,0.028124999991210934,0.9343749997080077,0.4876950509121589,0.1088736681081437,-0.1088736681081437
0.9000000000000001,-0.09999999999999998,20703.513671875,374.0760803222656,1.604883042662776,0.0,0.9,0.578125,1.0,0.0,0.9999999992592593,0.45186825036011957,1.0,0.9999999996875,0.028124999991210934,0.9093749997158203,0.5915280439682052,0.16048998436431874,-0.09397412990687122
1.0,-0.09999999999999998,21319.880859375,383.4339599609375,1.8564285860708911,0.0,0.9,0.453125,1.0,0.0,0.9999999994285714,0.3120765249488931,1.0,0.9999999996875,0.024999999992187497,0.8812499997246093,0.6803529073172163,0.09278608180781452,-0.025204434499507215
-1.0,0.0,21247.728515625,380.6343688964844,1.4380258272575497,0.0,0.9,0.7125,0.0,0.0,0.9999999989130436,0.5310884518835742,0.0,0.9999999996875,0.0,0.9374999997070312,0.49245844559763463,0.2502275777094116,-0.2502275777094116
-0.9,0.0,20635.533203125,371.36480712890625,1.2788722497750329,0.0,0.9,0.778125,0.0,0.0,0.9999999985915494,0.6413313791681933,0.0,0.9999999996875,0.0,0.9531249997021484,0.4126713633330016,0.2539433053423046,-0.2539433053423046
-0.8,0.0,20070.02734375,362.662109375,1.1194910302377428,0.0,0.9,0.853125,0.0,0.0,0.9999999978723404,0.7627913771447131,0.0,0.9999999996875,0.0,0.9656249996982421,0.32960395481264654,0.25808239692049295,-0.25695451650133894
-0.7,0.0,19558.701171875,354.6159973144531,0.9702136441737605,0.0,0.9,0.884375,0.0,0.0,0.9999999972972973,0.8021224331089147,0.0,0.9999999996875,0.0,0.9812499996933594,0.24987162269726684,0.21312810538418192,-0.21213572153517762
-0.6,0.0,19107.375,347.3274841308594,0.8455397198369472,0.0,0.9,0.9125,1.0,0.0,0.9999999964285714,0.847911354866242,1.0,0.9999999996875,0.05312499998339843,0.9906249996904296,0.1835701946071422,0.17105904188739787,-0.1703843018933567
-0.5,0.0,18720.208984375,340.90606689453125,0.7666903461659794,0.0,0.9,0.928125,0.9787234042553191,0.0,0.9565217349716446,0.8705392478858401,0.7923076923076924,0.9999999996875,0.14687499995410155,0.9999999996875,0.1424870038304188,0.1393183698668207,-0.137568195505084
-0.3999999999999999,0.0,18403.123046875,335.46661376953125,0.7036045529788427,0.0,0.9,0.940625,1.0,0.0,0.9999999947368421,0.8905915118368126,1.0,0.9999999996875,0.3093749999033203,0.9999999996875,0.10827581524827652,0.11621903325807845,-0.11395801901591851
-0.29999999999999993,0.0,18155.697265625,331.12249755859375,0.6582898604342089,0.0,0.9,0.953125,1.0,0.0,0.9999999933333334,0.9108939537792066,1.0,0.9999999996875,0.4468749998603515,0.9999999996875,0.07741011192341071,0.10929754067484224,-0.1007119912589797
-0.19999999999999996,0.0,17979.349609375,327.9770202636719,0.643141960155807,0.0,0.9,0.96875,1.0,0.0,0.9999999900000002,0.9424236051540198,1.0,0.9999999996875,0.5624999998242187,0.9999999996875,0.06533965697621043,0.10128278510139133,-0.10128278510139133
-0.09999999999999998,0.0,17873.294921875,326.1130676269531,0.6273581736978011,0.0,0.9,0.96875,1.0,0.0,0.9999999900000002,0.9476018616258765,1.0,0.9999999996875,0.6374999998007812,0.9999999996875,0.053675151350508384,0.09578574198325199,-0.08787977069441438
0.0,0.0,17838.08984375,325.583251953125,0.6211501831755986,0.0,0.9,0.978125,1.0,0.0,0.9999999857142858,0.9626601509089988,1.0,0.9999999996875,0.6874999997851562,0.9999999996875,0.048888703795652834,0.09269714204460655,-0.09269714204460655
0.10000000000000009,0.0,17873.923828125,326.4031677246094,0.6199257369033956,0.0,0.9,0.98125,1.0,0.0,0.9999999833333336,0.9679918562407043,1.0,0.9999999996875,0.6718749997900391,0.9999999996875,0.04878894904001436,0.0995891848400034,-0.0995891848400034
0.20000000000000018,0.0,17980.94140625,328.5489807128906,0.6262388700168791,0.0,0.9,0.975,1.0,0.0,0.9999999875000002,0.9525774225774226,1.0,0.9999999996875,0.5093749998408202,0.9999999996875,0.0545801834137867,0.10512350618905036,-0.10512350618905036
0.30000000000000004,0.0,18159.052734375,331.9606018066406,0.6429971804765432,0.0,0.9,0.9625,1.0,0.0,0.9999999916666668,0.933482110029896,1.0,0.9999999996875,0.28124999991210936,0.9999999996875,0.0686275036326304,0.11914615519081902,-0.11608497358273824
0.40000000000000013,0.0,18410.8046875,336.5500793457031,0.6957534889306943,0.0,0.9,0.946875,1.0,0.0,0.9999999941176471,0.908808497559793,1.0,0.9999999996875,0.1593749999501953,0.9999999996875,0.10584170566619987,0.14532120827644363,-0.14300867401968215
0.5,0.0,18734.01953125,342.2109069824219,0.7878639063618624,0.0,0.9,0.896875,1.0,0.0,0.999999996969697,0.8353730021807155,1.0,0.9999999996875,0.09687499996972655,0.9999999996875,0.16973517785870593,0.15466381914092237,-0.1487966285865598
0.6000000000000001,0.0,19126.525390625,348.8287658691406,0.9253049188565725,0.0,0.9,0.853125,1.0,0.0,0.9999999978723404,0.7754576579793044,1.0,0.9999999996875,0.031249999990234374,0.9999999996875,0.2560793764691,0.1705378928008782,-0.1705378928008782
0.7000000000000002,0.0,19584.10546875,356.2896423339844,1.118327070757848,0.0,0.9,0.75,1.0,0.0,0.9999999987500001,0.6453714523503989,1.0,0.9999999996875,0.028124999991210934,0.9937499996894531,0.3650768182760677,0.12957336919008974,-0.12957336919008974
0.8,0.0,20101.5078125,364.48529052734375,1.3061547018126969,0.0,0.9,0.703125,1.0,0.0,0.9999999989473685,0.5694422789894006,1.0,0.9999999996875,0.028124999991210934,0.949999999703125,0.45559891529537333,0.14197392870051093,-0.14197392870051093
0.9000000000000001,0.0,20671.41015625,373.3172302246094,1.543519895200769,0.0,0.9,0.640625,1.0,0.0,0.9999999991304348,0.5008869535528856,1.0,0.9999999996875,0.028124999991210934,0.9156249997138671,0.5590633174723584,0.1499236745296499,-0.1499236745296499
1.0,0.0,21287.12890625,382.69805908203125,1.793839180355516,0.0,0.9,0.5375,1.0,0.0,0.9999999993243244,0.4051021384647026,1.0,0.9999999996875,0.02187499999316406,0.8843749997236328,0.6588129189168905,0.1620309425094276,-0.10701787037970042
-1.0,0.10000000000000009,21284.611328125,381.12420654296875,1.4893697679192086,0.0,0.9,0.68125,0.0,0.0,0.9999999990196079,0.4990037025673234,0.0,0.9999999996875,0.0,0.9281249997099609,0.5135350076565114,0.22677792520035167,-0.2256119506183527
-0.9,0.10000000000000009,20669.583984375,371.864013671875,1.3286957713463114,0.0,0.9,0.759375,0.0,0.0,0.9999999987012987,0.6106317190764808,0.0,0.9999999996875,0.0,0.9531249997021484,0.4343862971306904,0.24291428695274409,-0.2393867489655856
-0.8,0.10000000000000009,20104.359375,363.1700439453125,1.1513600119154266,0.0,0.9,0.8,0.0,0.0,0.9999999984375001,0.6860334684069994,0.0,0.9999999996875,0.0,0.9624999996992187,0.3501554558553435,0.21340680981022425,-0.21340680981022425
-0.7,0.10000000000000009,19593.666015625,355.1316833496094,0.9831254285644201,0.0,0.9,0.86875,0.0,0.0,0.9999999976190476,0.7850839864211274,0.0,0.9999999996875,0.0,0.9812499996933594,0.2640065610592741,0.21217405391386557,-0.21019485874879731
-0.6,0.10000000000000009,19143.78125,347.84918212890625,0.854844803402524,0.0,0.9,0.921875,1.0,0.0,0.999999996,0.8627925054417906,1.0,0.9999999996875,0.012499999996093749,0.9906249996904296,0.19089602372711567,0.19683814778660358,-0.19683814778660358
-0.5,0.10000000000000009,18758.244140625,341.431640625,0.7571541157925866,0.0,0.9,0.940625,1.0,0.0,0.9999999947368421,0.8908797091285571,1.0,0.9999999996875,0.13749999995703124,0.9999999996875,0.13747290181790414,0.1592679402497114,-0.1592679402497114
-0.3999999999999999,0.10000000000000009,18441.51953125,335.9931640625,0.6932572941411407,0.0,0.9,0.94375,1.0,0.0,0.9999999944444444,0.8951347959336682,1.0,0.9999999996875,0.27187499991503905,0.9999999996875,0.10057045056126782,0.12807674433516086,-0.12639079213117127
-0.29999999999999993,0.10000000000000009,18194.466796875,331.6463623046875,0.6585913288005245,0.0,0.9,0.959375,1.0,0.0,0.9999999923076924,0.9259076167173458,1.0,0.9999999996875,0.41562499987011714,0.9999999996875,0.07723642316014966,0.11916906617206409,-0.11431311666446912
-0.19999999999999996,0.10000000000000009,18017.162109375,328.49371337890625,0.6387297144936247,0.0,0.9,0.96875,1.0,0.0,0.9999999900000002,0.9468194735159022,1.0,0.9999999996875,0.4749999998515625,0.9999999996875,0.06261110623031219,0.10419140484416758,-0.10419140484416758
-0.09999999999999998,0.10000000000000009,17911.392578125,326.6179504394531,0.6275692098988721,0.0,0.9,0.978125,1.0,0.0,0.9999999857142858,0.9625874722648915,1.0,0.9999999996875,0.5906249998154296,0.9999999996875,0.053844754760043405,0.10353107750978024,-0.10353107750978024
0.0,0.10000000000000009,17875.966796875,326.071533203125,0.6216139669073202,0.0,0.9,0.98125,1.0,0.0,0.9999999833333336,0.9677362055933486,1.0,0.9999999996875,0.6249999998046875,0.9999999996875,0.04951296498111463,0.10172795828765824,-0.10172795828765824
0.10000000000000009,0.10000000000000009,17911.90625,326.87017822265625,0.623700451297811,0.0,0.9,0.98125,1.0,0.0,0.9999999833333336,0.9682299514787995,1.0,0.9999999996875,0.628124999803711,0.9999999996875,0.05273766125182749,0.10679425194809278,-0.10679425194809278
0.20000000000000018,0.10000000000000009,18018.310546875,328.9908447265625,0.6320763103908529,0.0,0.9,0.971875,1.0,0.0,0.9999999888888891,0.9429325700754273,1.0,0.9999999996875,0.5062499998417969,0.9999999996875,0.060435592164113795,0.10963811852781156,-0.10963811852781156
0.30000000000000004,0.10000000000000009,18196.0078125,332.37445068359375,0.6530903208767922,0.0,0.9,0.9625,1.0,0.0,0.9999999916666668,0.9339021995243194,1.0,0.9999999996875,0.25624999991992187,0.9999999996875,0.07674293874062789,0.12246827928184169,-0.12246827928184169
0.40000000000000013,0.10000000000000009,18447.65234375,336.9338073730469,0.7078602887679041,0.0,0.9,0.940625,1.0,0.0,0.9999999947368421,0.9009373870321076,1.0,0.9999999996875,0.14062499995605468,0.9999999996875,0.11597886426969102,0.1414732726152868,-0.1414732726152868
0.5,0.10000000000000009,18770.73828125,342.5637512207031,0.7962946494107158,0.0,0.9,0.8875,1.0,0.0,0.9999999972222222,0.8226273872600709,1.0,0.9999999996875,0.0749999999765625,0.9999999996875,0.1734944760061785,0.14881015748544998,-0.13737636998857689
0.6000000000000001,0.10000000000000009,19162.78515625,349.1508483886719,0.9290625624810656,0.0,0.9,0.8625,1.0,0.0,0.9999999977272727,0.7881954502231,1.0,0.9999999996875,0.028124999991210934,0.9999999996875,0.2533229830013417,0.17549370413092033,-0.17549370413092033
0.7000000000000002,0.10000000000000009,19619.994140625,356.58172607421875,1.1162897721192424,0.0,0.9,0.784375,1.0,0.0,0.9999999985507247,0.6833203435231482,1.0,0.9999999996875,0.028124999991210934,0.9843749996923827,0.3605155527029899,0.16453298950600423,-0.16453298950600423
0.8,0.10000000000000009,20137.33203125,364.7487487792969,1.3132412409394598,0.0,0.9,0.690625,1.0,0.0,0.999999998989899,0.5645719562657983,1.0,0.9999999996875,0.028124999991210934,0.9562499997011719,0.45520885262730226,0.1424825954345827,-0.13036937805224946
0.9000000000000001,0.10000000000000009,20706.431640625,373.55364990234375,1.5368764093106895,0.0,0.9,0.634375,1.0,0.0,0.9999999991452992,0.5004822195060722,1.0,0.9999999996875,0.028124999991210934,0.9187499997128905,0.5539230656791427,0.1466528019706745,-0.1390951345813851
1.0,0.10000000000000009,21323.591796875,382.9092712402344,1.7970585463647373,0.0,0.9,0.525,1.0,0.0,0.9999999993421053,0.40964289387083497,1.0,0.9999999996875,0.018749999994140624,0.8843749997236328,0.660777693314473,0.17426281060210053,-0.09622123626549683
-1.0,0.20000000000000018,21383.1171875,382.5684509277344,1.5478130984687868,0.0,0.9,0.64375,0.0,0.0,0.999999999122807,0.45289187270516906,0.0,0.9999999996875,0.0,0.9124999997148436,0.5383445282034526,0.2026414834006961,-0.19902319799684615
-0.9,0.20000000000000018,20772.03125,373.3657531738281,1.3838758668689914,0.0,0.9,0.7125,0.0,0.0,0.9999999989130436,0.5418225858458627,0.0,0.9999999996875,0.0,0.949999999703125,0.45939465686341824,0.20585832957826783,-0.20585832957826783
-0.8,0.20000000000000018,20206.744140625,364.7301025390625,1.2155720467639985,0.0,0.9,0.78125,0.0,0.0,0.9999999985714286,0.6620614825811477,0.0,0.9999999996875,0.0,0.9687499996972656,0.3806595739611644,0.20879655018086982,-0.20879655018086982
-0.7,0.20000000000000018,19698.787109375,356.7500305175781,1.0275489124781965,0.0,0.9,0.834375,0.0,0.0,0.9999999981132075,0.728694796786309,0.0,0.9999999996875,0.0,0.9843749996923827,0.2912973048888952,0.1992471373024948,-0.1992471373024948
-0.6,0.20000000000000018,19251.16796875,349.5236511230469,0.8921181738766917,0.0,0.9,0.89375,0.0,0.0,0.9999999970588235,0.8161988691973974,0.0,0.9999999996875,0.0,0.9906249996904296,0.2182331904877252,0.19611702263048103,-0.19611702263048103
-0.5,0.20000000000000018,18867.107421875,343.1579895019531,0.7793437563476341,0.0,0.9,0.934375,1.0,0.0,0.9999999952380952,0.8759274063026599,1.0,0.9999999996875,0.09062499997167968,0.9968749996884765,0.15355951337554646,0.1802001497448542,-0.17673045663121606
-0.3999999999999999,0.20000000000000018,18550.537109375,337.76409912109375,0.7014138677504397,0.0,0.9,0.959375,1.0,0.0,0.9999999923076924,0.917669995629006,1.0,0.9999999996875,0.2187499999316406,0.9968749996884765,0.10247187058726943,0.15677343371490035,-0.15677343371490035
-0.29999999999999993,0.20000000000000018,18303.5234375,333.45172119140625,0.6672191486429216,0.0,0.9,0.9625,1.0,0.0,0.9999999916666668,0.9354325776391647,1.0,0.9999999996875,0.2781249999130859,0.9999999996875,0.0817010198708598,0.13038604082343172,-0.13038604082343172
-0.19999999999999996,0.20000000000000018,18126.15625,330.32025146484375,0.6457187642653427,0.0,0.9,0.975,1.0,0.0,0.9999999875000002,0.9564550264550264,1.0,0.9999999996875,0.3843749998798828,0.9999999996875,0.06824538660017235,0.12442698432631918,-0.12442698432631918
-0.09999999999999998,0.20000000000000018,18019.9609375,328.449951171875,0.6351319543650794,0.0,0.9,0.96875,1.0,0.0,0.9999999900000002,0.9419382537585302,1.0,0.9999999996875,0.4468749998603515,0.9999999996875,0.06052969101168522,0.11536938376889863,-0.10667726832981476
0.0,0.20000000000000018,17984.677734375,327.89166259765625,0.6301435582970922,0.0,0.9,0.98125,1.0,0.0,0.9999999833333336,0.9679711523069567,1.0,0.9999999996875,0.5187499998378906,0.9999999996875,0.05702826724047124,0.11765472449117617,-0.11765472449117617
0.10000000000000009,0.20000000000000018,18020.3984375,328.6612243652344,0.6341042272585588,0.0,0.9,0.971875,1.0,0.0,0.9999999888888891,0.9434928826673968,1.0,0.9999999996875,0.4687499998535156,0.9999999996875,0.06144344217434054,0.11080639238669933,-0.11080639238669933
0.20000000000000018,0.20000000000000018,18126.501953125,330.73663330078125,0.6426434626796624,0.0,0.9,0.9625,1.0,0.0,0.9999999916666668,0.9341316095431781,1.0,0.9999999996875,0.3281249998974609,0.9999999996875,0.06843789892580911,0.12239786684746921,-0.11380242958016466
0.30000000000000004,0.20000000000000018,18304.638671875,334.0614929199219,0.6787863237999143,0.0,0.9,0.953125,1.0,0.0,0.9999999933333334,0.919537797605194,1.0,0.9999999996875,0.24062499992480468,0.9999999996875,0.09578026870111866,0.13200923144702614,-0.12981681432101191
0.40000000000000013,0.20000000000000018,18555.5546875,338.5518798828125,0.7386861891828802,0.0,0.9,0.9125,1.0,0.0,0.9999999964285714,0.8543812878872539,1.0,0.9999999996875,0.1093749999658203,0.9999999996875,0.13663118479350495,0.13322037406537096,-0.12819486603768512
0.5,0.20000000000000018,18877.599609375,344.1061096191406,0.826746483003492,0.0,0.9,0.890625,1.0,0.0,0.9999999971428571,0.824957706776428,1.0,0.9999999996875,0.04374999998632812,0.9999999996875,0.19029439525428615,0.1498700756469456,-0.1498700756469456
0.6000000000000001,0.20000000000000018,19268.375,350.6138916015625,0.9599054263776056,0.0,0.9,0.8625,1.0,0.0,0.9999999977272727,0.7905456479417713,1.0,0.9999999996875,0.028124999991210934,0.9968749996884765,0.2673555628868229,0.1839531073955138,-0.1839531073955138
0.7000000000000002,0.20000000000000018,19724.412109375,357.9645080566406,1.1469378241986947,0.0,0.9,0.790625,1.0,0.0,0.9999999985074628,0.6889716302912338,1.0,0.9999999996875,0.028124999991210934,0.9812499996933594,0.36760509109309614,0.18178369882977743,-0.18178369882977743
0.8,0.20000000000000018,20238.96875,366.0525207519531,1.3506226031068715,0.0,0.9,0.671875,1.0,0.0,0.9999999990476192,0.5414494521081205,1.0,0.9999999996875,0.028124999991210934,0.9374999997070312,0.4649132950980372,0.12885143525200685,-0.12474941404482534
0.9000000000000001,0.20000000000000018,20807.92578125,374.781005859375,1.5922690311505299,0.0,0.9,0.6,1.0,0.0,0.99999999921875,0.4595919286693664,1.0,0.9999999996875,0.024999999992187497,0.8968749997197265,0.5701061083026051,0.12138224077535845,-0.11724067449241334
1.0,0.20000000000000018,21421.501953125,384.06378173828125,1.8479541408973623,0.0,0.9,0.525,1.0,0.0,0.9999999993421053,0.40862825799526226,1.0,0.9999999996875,0.018749999994140624,0.871874999727539,0.6758831707390829,0.15138438246309485,-0.09770034381179209
-1.0,0.30000000000000004,21542.517578125,384.94580078125,1.6382323175847797,0.0,0.9,0.59375,0.0,0.0,0.9999999992307693,0.39577114242221273,0.0,0.9999999996875,0.0,0.8843749997236328,0.5805020157965347,0.1621394100808424,-0.1621394100808424
-0.9,0.30000000000000004,20938.2578125,375.8457336425781,1.4648093884284215,0.0,0.9,0.678125,0.0,0.0,0.9999999990291263,0.4880905260415532,0.0,0.9999999996875,0.0,0.9406249997060546,0.496232980059233,0.2022316393140535,-0.19075972549115303
-0.8,0.30000000000000004,20378.8828125,367.3149719238281,1.30153395910726,0.0,0.9,0.74375,0.0,0.0,0.9999999987804878,0.613642191568459,0.0,0.9999999996875,0.0,0.9593749997001952,0.4182410306150049,0.1926045411177439,-0.1926045411177439
-0.7,0.30000000000000004,19871.630859375,359.43975830078125,1.1242538227297671,0.0,0.9,0.778125,0.0,0.0,0.9999999985915494,0.6608640422028315,0.0,0.9999999996875,0.0,0.9781249996943359,0.34125336342397006,0.17125901535970417,-0.16709993093126016
-0.6,0.30000000000000004,19427.00390625,352.3156433105469,0.9570240067765731,0.0,0.9,0.85,0.0,0.0,0.9999999979166666,0.7588006424545352,0.0,0.9999999996875,0.0,0.9906249996904296,0.25953939128539993,0.18464032192370494,-0.18464032192370494
-0.5,0.30000000000000004,19045.3125,346.0455322265625,0.8212186649110759,0.0,0.9,0.9125,1.0,0.0,0.9999999964285714,0.850193367945469,1.0,0.9999999996875,0.03749999998828125,0.9968749996884765,0.18172337642977768,0.19301243214851704,-0.19301243214851704
-0.3999999999999999,0.30000000000000004,18729.1953125,340.7361145019531,0.7370285721238999,0.0,0.9,0.953125,1.0,0.0,0.9999999933333334,0.9121030771286696,1.0,0.9999999996875,0.13749999995703124,0.9999999996875,0.12932318564426878,0.18711728971583833,-0.18711728971583833
-0.29999999999999993,0.30000000000000004,18482.0546875,336.4918212890625,0.6931777338628857,0.0,0.9,0.959375,1.0,0.0,0.9999999923076924,0.9217137624280483,1.0,0.9999999996875,0.20312499993652341,0.9999999996875,0.10120313718420562,0.15498047543503593,-0.15498047543503593
-0.19999999999999996,0.30000000000000004,18304.994140625,333.4071960449219,0.6672802076398084,0.0,0.9,0.96875,1.0,0.0,0.9999999900000002,0.9418573822490873,1.0,0.9999999996875,0.249999999921875,0.9999999996875,0.08255314067066243,0.14220346125477198,-0.14220346125477198
-0.09999999999999998,0.30000000000000004,18199.513671875,331.55810546875,0.6568040358789644,0.0,0.9,0.96875,1.0,0.0,0.9999999900000002,0.940557323287738,1.0,0.9999999996875,0.29062499990917967,0.9999999996875,0.07699869647459862,0.13315390578567085,-0.13315390578567085
0.0,0.30000000000000004,18164.091796875,330.99273681640625,0.6561933147798812,0.0,0.9,0.9625,1.0,0.0,0.9999999916666668,0.9286392142502107,1.0,0.9999999996875,0.29062499990917967,0.9999999996875,0.07731443441104002,0.12139483380335242,-0.12139483380335242
0.10000000000000009,0.30000000000000004,18199.46484375,331.7264099121094,0.657322560515353,0.0,0.9,0.9625,1.0,0.0,0.9999999916666668,0.9295849729720697,1.0,0.9999999996875,0.25624999991992187,0.9999999996875,0.0783441300196673,0.12486189479371508,-0.12486189479371508
0.20000000000000018,0.30000000000000004,18306.2734375,333.7391357421875,0.6787341339739928,0.0,0.9,0.95,1.0,0.0,0.9999999937499999,0.9107184982902049,1.0,0.9999999996875,0.23749999992578125,0.9999999996875,0.09526929285991387,0.12936932466409035,-0.126937766835439
0.30000000000000004,0.30000000000000004,18484.09375,336.9781494140625,0.7191952799962823,0.0,0.9,0.9375,1.0,0.0,0.9999999949999999,0.8931654376030125,1.0,0.9999999996875,0.1843749999423828,0.9999999996875,0.12366119585481965,0.1403987560269337,-0.1403987560269337
0.40000000000000013,0.30000000000000004,18733.951171875,341.3647766113281,0.7909375867012373,0.0,0.9,0.896875,1.0,0.0,0.999999996969697,0.8322894838421194,1.0,0.9999999996875,0.08749999997265624,0.9999999996875,0.1690502365991961,0.1471754000732784,-0.13143396851167463
0.5,0.30000000000000004,19055.28125,346.802734375,0.8870528282138384,0.0,0.9,0.878125,1.0,0.0,0.9999999974358974,0.8074496415708875,1.0,0.9999999996875,0.031249999990234374,0.9968749996884765,0.2237862283946606,0.16219809145862177,-0.16219809145862177
0.6000000000000001,0.30000000000000004,19443.654296875,353.18695068359375,1.0283074054096515,0.0,0.9,0.825,1.0,0.0,0.9999999982142856,0.7319353208130248,1.0,0.9999999996875,0.028124999991210934,0.9843749996923827,0.30089637494079446,0.17135883759616616,-0.170149409090443
0.7000000000000002,0.30000000000000004,19896.4765625,360.4112854003906,1.2145339484494944,0.0,0.9,0.76875,1.0,0.0,0.9999999986486487,0.6513105819382634,1.0,0.9999999996875,0.024999999992187497,0.9687499996972656,0.39457417010281914,0.17861620123868943,-0.17861620123868943
0.8,0.30000000000000004,20408.857421875,368.3735656738281,1.4259325695953622,0.0,0.9,0.6625,1.0,0.0,0.9999999990740741,0.5321917490168763,1.0,0.9999999996875,0.024999999992187497,0.9062499997167968,0.4890116219208558,0.1565163054922157,-0.13449866364023275
0.9000000000000001,0.30000000000000004,20972.04296875,376.9797058105469,1.6750870608052044,0.0,0.9,0.571875,1.0,0.0,0.999999999270073,0.42859049853877956,1.0,0.9999999996875,0.018749999994140624,0.871874999727539,0.5892914992994028,0.1072941753296339,-0.1072941753296339
1.0,0.30000000000000004,21580.26953125,386.1448059082031,1.937468895309765,0.0,0.9,0.4375,1.0,0.0,0.9999999994444445,0.2856812788273993,1.0,0.9999999996875,0.015624999995117187,0.8374999997382812,0.6924109098284998,0.10439022701001663,-0.026210298956220016
-1.0,0.40000000000000013,21760.888671875,388.2232360839844,1.7294527184779622,0.0,0.9,0.55,0.0,0.0,0.9999999993055556,0.3646996783392518,0.0,0.9999999996875,0.0,0.8749999997265624,0.6213931279701211,0.17847416082199669,-0.12681191270552927
-0.9,0.40000000000000013,21165.138671875,379.2657775878906,1.5682915850739876,0.0,0.9,0.6375,0.0,0.0,0.9999999991379311,0.44433482143053454,0.0,0.9999999996875,0.0,0.921874999711914,0.5454879455917668,0.16930314870053823,-0.16930314870053823
-0.8,0.40000000000000013,20614.033203125,370.8805847167969,1.3982957321888094,0.0,0.9,0.703125,0.0,0.0,0.9999999989473685,0.5474065043314692,0.0,0.9999999996875,0.0,0.9593749997001952,0.4652262941988525,0.17863760822196195,-0.17863760822196195
-0.7,0.40000000000000013,20113.76171875,363.1512145996094,1.2322503797129025,0.0,0.9,0.74375,0.0,0.0,0.9999999987804878,0.6066047439916309,0.0,0.9999999996875,0.0,0.971874999696289,0.39122007590175095,0.19598128722079564,-0.15719458857306703
-0.6,0.40000000000000013,19669.5546875,356.1689453125,1.0611686732727812,0.0,0.9,0.7875,0.0,0.0,0.9999999985294119,0.6712621868115901,0.0,0.9999999996875,0.0,0.9937499996894531,0.31769372567925663,0.1563114311783197,-0.14684817613846282
-0.5,0.40000000000000013,19290.587890625,350.0318298339844,0.9205126101450456,0.0,0.9,0.834375,1.0,0.0,0.9999999981132075,0.7476038269558837,1.0,0.9999999996875,0.006249999998046874,0.9968749996884765,0.2462257932789633,0.15242638919433923,-0.15242638919433923
-0.3999999999999999,0.40000000000000013,18976.345703125,344.8404846191406,0.8238064243541022,0.0,0.9,0.903125,1.0,0.0,0.9999999967741935,0.8431147574936989,1.0,0.9999999996875,0.08749999997265624,0.9968749996884765,0.18819999031473805,0.17738599786524226,-0.17738599786524226
-0.29999999999999993,0.40000000000000013,18730.90625,340.6925964355469,0.7642859306066153,0.0,0.9,0.9125,1.0,0.0,0.9999999964285714,0.8463046544423021,1.0,0.9999999996875,0.13124999995898437,0.9999999996875,0.14916982908304158,0.15219080520065575,-0.15159916418623123
-0.19999999999999996,0.40000000000000013,18555.025390625,337.67626953125,0.7308703634000182,0.0,0.9,0.94375,1.0,0.0,0.9999999944444444,0.9022219221297563,1.0,0.9999999996875,0.16249999994921874,0.9968749996884765,0.12449370967425835,0.15704211599281834,-0.15704211599281834
-0.09999999999999998,0.40000000000000013,18449.427734375,335.8615417480469,0.703650949233408,0.0,0.9,0.94375,1.0,0.0,0.9999999944444444,0.8942948916163201,1.0,0.9999999996875,0.1593749999501953,0.9999999996875,0.11070030248827777,0.14553775571362298,-0.14553775571362298
0.0,0.40000000000000013,18415.05859375,335.2934265136719,0.699079022731066,0.0,0.9,0.94375,1.0,0.0,0.9999999944444444,0.8979685000959632,1.0,0.9999999996875,0.14374999995507812,0.9999999996875,0.10674627232695923,0.1402652154514442,-0.14008918496128867
0.10000000000000009,0.40000000000000013,18450.759765625,335.9863586425781,0.7004219511137838,0.0,0.9,0.946875,1.0,0.0,0.9999999941176471,0.901115280222423,1.0,0.9999999996875,0.13124999995898437,0.9999999996875,0.10750993904000217,0.14360242773654008,-0.14360242773654008
0.20000000000000018,0.40000000000000013,18557.255859375,337.9225158691406,0.7305450054925544,0.0,0.9,0.934375,1.0,0.0,0.9999999952380952,0.8890571328136877,1.0,0.9999999996875,0.12187499996191406,0.9999999996875,0.12961665642363532,0.15165474666092993,-0.14990040220965145
0.30000000000000004,0.40000000000000013,18734.646484375,341.05377197265625,0.7807005845332355,0.0,0.9,0.9125,1.0,0.0,0.9999999964285714,0.8578621709266872,1.0,0.9999999996875,0.1249999999609375,0.9999999996875,0.16131996873623541,0.15662437340281996,-0.15326466482309747
0.40000000000000013,0.40000000000000013,18983.2734375,345.3080749511719,0.8551206417720988,0.0,0.9,0.8875,1.0,0.0,0.9999999972222222,0.8209306945335072,1.0,0.9999999996875,0.05937499998144531,0.9999999996875,0.20525522197205548,0.16983122259425498,-0.16394562177635305
0.5,0.40000000000000013,19302.462890625,350.59600830078125,0.9680591628058699,0.0,0.9,0.85,1.0,0.0,0.9999999979166666,0.7726760448771834,1.0,0.9999999996875,0.024999999992187497,0.9968749996884765,0.26889688514009624,0.17125505968313962,-0.17125505968313962
0.6000000000000001,0.40000000000000013,19687.068359375,356.8191833496094,1.1152883545023993,0.0,0.9,0.8,1.0,0.0,0.9999999984375001,0.6955603410195247,1.0,0.9999999996875,0.024999999992187497,0.9781249996943359,0.3421058480279609,0.17745405933470554,-0.17745405933470554
0.7000000000000002,0.40000000000000013,20135.8359375,363.8774719238281,1.309527466332644,0.0,0.9,0.73125,1.0,0.0,0.9999999988372094,0.6091043031822091,1.0,0.9999999996875,0.024999999992187497,0.9281249997099609,0.43053504137107773,0.17323548405459116,-0.16786663756058934
0.8,0.40000000000000013,20641.8671875,371.6733093261719,1.5398474623747425,0.0,0.9,0.659375,1.0,0.0,0.9999999990825689,0.5262137649200979,1.0,0.9999999996875,0.024999999992187497,0.8749999997265624,0.5231734763730276,0.16065789273255748,-0.1595829038866231
0.9000000000000001,0.40000000000000013,21197.845703125,380.1161193847656,1.7842280507869965,0.0,0.9,0.51875,1.0,0.0,0.9999999993506494,0.3747370254397321,1.0,0.9999999996875,0.012499999996093749,0.8343749997392578,0.6173552261400006,0.12884024688015486,-0.08601980836495286
1.0,0.40000000000000013,21798.0859375,389.12347412109375,2.0416410753094514,0.0,0.9,0.39375,1.0,0.0,0.9999999994845361,0.23059424843282578,1.0,0.9999999996875,0.009374999997070312,0.8093749997470703,0.7121162569973156,0.0799821216324368,-0.006026408927772846
-1.0,0.5,22035.8671875,392.356689453125,1.86961003379005,0.0,0.9,0.45625,0.0,0.0,0.9999999994252874,0.27895830861348103,0.0,0.9999999996875,0.0,0.8156249997451172,0.6814101115800725,0.13650525884924886,-0.04238204575871962
-0.9,0.5,21450.564453125,383.57598876953125,1.6987250703574688,0.0,0.9,0.5625,0.0,0.0,0.9999999992857144,0.3680993571792768,0.0,0.9999999996875,0.0,0.8781249997255859,0.6045301162802929,0.14850653836883276,-0.1140666387051579
-0.8,0.5,20909.611328125,375.3706970214844,1.5354488780968696,0.0,0.9,0.634375,0.0,0.0,0.9999999991452992,0.4545048044470313,0.0,0.9999999996875,0.0,0.921874999711914,0.5255185661046914,0.13790051978910622,-0.13790051978910622
-0.7,0.5,20417.158203125,367.8205261230469,1.3712589704919957,0.0,0.9,0.709375,0.0,0.0,0.9999999989247312,0.5603265217818472,0.0,0.9999999996875,0.0,0.9593749997001952,0.4538672706219803,0.15926537306710556,-0.15809199838293556
-0.6,0.5,19979.255859375,361.0121154785156,1.2093106743230027,0.0,0.9,0.746875,0.0,0.0,0.9999999987654322,0.6175079688052377,0.0,0.9999999996875,0.0,0.9749999996953125,0.3874058096901866,0.1459501249149049,-0.14351187122136233
-0.5,0.5,19601.23828125,355.0375671386719,1.0550324348205244,0.0,0.9,0.803125,0.0,0.0,0.9999999984126984,0.7064539015198479,0.0,0.9999999996875,0.0,0.9937499996894531,0.31474604160426595,0.15171680799323176,-0.15171680799323176
-0.3999999999999999,0.5,19290.224609375,349.99041748046875,0.9410183479932926,0.0,0.9,0.8375,0.0,0.0,0.9999999980769231,0.7601770285085079,0.0,0.9999999996875,0.0,0.9968749996884765,0.254009499652129,0.15415551134056682,-0.1438125935932903
-0.29999999999999993,0.5,19047.55859375,345.9608154296875,0.8678302591326525,0.0,0.9,0.865625,1.0,0.0,0.9999999976744186,0.8050592145370393,1.0,0.9999999996875,0.06874999997851562,0.9968749996884765,0.21172931075810816,0.14558289808498853,-0.14356164747037337
-0.19999999999999996,0.5,18873.58203125,343.0291748046875,0.8210285380189739,0.0,0.9,0.89375,1.0,0.0,0.9999999970588235,0.8281016755901548,1.0,0.9999999996875,0.08749999997265624,0.9999999996875,0.18611777850868969,0.15322033573203453,-0.15322033573203453
-0.09999999999999998,0.5,18768.478515625,341.25921630859375,0.7880925974583628,0.0,0.9,0.90625,1.0,0.0,0.9999999966666666,0.8412954491769888,1.0,0.9999999996875,0.09374999997070312,0.9999999996875,0.16534881703619986,0.16212677477383303,-0.15201504749314518
0.0,0.5,18734.349609375,340.6921691894531,0.7756448948226429,0.0,0.9,0.915625,1.0,0.0,0.9999999962962962,0.8552871325297796,1.0,0.9999999996875,0.09374999997070312,0.9999999996875,0.15755914147029276,0.15946427216862272,-0.15946427216862272
0.10000000000000009,0.5,18770.91015625,341.34136962890625,0.7822894655172355,0.0,0.9,0.91875,1.0,0.0,0.9999999961538462,0.8620038145844597,1.0,0.9999999996875,0.09062499997167968,0.9999999996875,0.16187952201517591,0.1692360919589,-0.1692360919589
0.20000000000000018,0.5,18877.15234375,343.1911926269531,0.8136634544718175,0.0,0.9,0.903125,1.0,0.0,0.9999999967741935,0.844107592995246,1.0,0.9999999996875,0.0843749999736328,0.9999999996875,0.18279777354539095,0.17152030835883117,-0.17152030835883117
0.30000000000000004,0.5,19053.34765625,346.198974609375,0.8707505051985153,0.0,0.9,0.875,1.0,0.0,0.9999999975,0.809350536389707,1.0,0.9999999996875,0.0843749999736328,0.9999999996875,0.21645898596810134,0.1671486157202965,-0.1669146427854128
0.40000000000000013,0.5,19300.291015625,350.29949951171875,0.9546466398044671,0.0,0.9,0.8375,1.0,0.0,0.9999999980769231,0.7601036052168954,1.0,0.9999999996875,0.06874999997851562,0.9968749996884765,0.2632273684456577,0.1653372511938505,-0.1599825818574372
0.5,0.5,19615.0390625,355.4113464355469,1.0683364892915344,0.0,0.9,0.790625,1.0,0.0,0.9999999985074628,0.6958459059314717,1.0,0.9999999996875,0.018749999994140624,0.9874999996914062,0.3233759056839599,0.1530574926572858,-0.1530574926572858
0.6000000000000001,0.5,19997.48046875,361.44403076171875,1.23192500988451,0.0,0.9,0.7375,1.0,0.0,0.9999999988095238,0.6220730600588749,1.0,0.9999999996875,0.015624999995117187,0.9656249996982421,0.39723586211515854,0.15691440425817835,-0.1558196690473365
0.7000000000000002,0.5,20439.890625,368.3041687011719,1.4325402926992916,0.0,0.9,0.671875,1.0,0.0,0.9999999990476192,0.5361713378648864,1.0,0.9999999996875,0.012499999996093749,0.8968749997197265,0.47611467220860765,0.14920205088352684,-0.14920205088352684
0.8,0.5,20937.3125,375.89996337890625,1.6814749381417413,0.0,0.9,0.61875,1.0,0.0,0.9999999991803279,0.4738598762507188,1.0,0.9999999996875,0.006249999998046874,0.8406249997373046,0.5660589776024382,0.16064131422559874,-0.16064131422559874
0.9000000000000001,0.5,21483.986328125,384.14520263671875,1.9293521972070233,0.0,0.9,0.4875,1.0,0.0,0.999999999390244,0.3145896932306242,1.0,0.9999999996875,0.006249999998046874,0.8031249997490234,0.6560657589664597,0.11806530222533158,-0.09126669272904213
1.0,0.5,22074.291015625,392.96075439453125,2.19078956037122,0.0,0.9,0.3625,1.0,0.0,0.999999999509804,0.22689341560789247,1.0,0.9999999996875,0.003124999999023437,0.7468749997666015,0.7493772691762701,0.07887242850875102,-0.0012064973778216726
-1.0,0.6000000000000001,22366.048828125,397.295166015625,1.9917114574725945,0.0,0.9,0.403125,0.0,0.0,0.9999999994764398,0.21284070776948047,0.0,0.9999999996875,0.0,0.7781249997568359,0.7205383970092268,0.20049918667970118,0.013190426687799281
-0.9,0.6000000000000001,21792.888671875,388.71868896484375,1.8295864931400205,0.0,0.9,0.490625,0.0,0.0,0.9999999993865031,0.30020642084598004,0.0,0.9999999996875,0.0,0.8187499997441405,0.6586273957033165,0.14602106716826305,-0.0557665719412037
-0.8,0.6000000000000001,21262.962890625,380.719970703125,1.6689560794825116,0.0,0.9,0.575,0.0,0.0,0.999999999264706,0.3881969719988153,0.0,0.9999999996875,0.0,0.8562499997324218,0.5841277728145732,0.10931745862889607,-0.10571802604324822
-0.7,0.6000000000000001,20780.779296875,373.3745422363281,1.4985369859441773,0.0,0.9,0.665625,0.0,0.0,0.9999999990654206,0.5084836849719645,0.0,0.9999999996875,0.0,0.9062499997167968,0.5117611212880838,0.15093323560973457,-0.15093323560973457
-0.6,0.6000000000000001,20350.953125,366.7640075683594,1.3552609172612367,0.0,0.9,0.715625,0.0,0.0,0.9999999989010989,0.5785915051091803,0.0,0.9999999996875,0.0,0.9593749997001952,0.45044834183141813,0.1564525300209034,-0.1564525300209034
-0.5,0.6000000000000001,19979.29296875,360.9736022949219,1.206474828432454,0.0,0.9,0.765625,0.0,0.0,0.9999999986666668,0.6427820678640043,0.0,0.9999999996875,0.0,0.9781249996943359,0.38508236541205104,0.163086737517054,-0.163086737517054
-0.3999999999999999,0.6000000000000001,19670.537109375,356.0893249511719,1.0911677976766134,0.0,0.9,0.8125,0.0,0.0,0.9999999983333333,0.7270233113090256,0.0,0.9999999996875,0.0,0.9906249996904296,0.3298728504455413,0.16714970227514636,-0.16714970227514636
-0.29999999999999993,0.6000000000000001,19430.865234375,352.19293212890625,1.0037587084290067,0.0,0.9,0.81875,0.0,0.0,0.9999999982758621,0.7334327382945565,0.0,0.9999999996875,0.0,0.9937499996894531,0.28600389500925544,0.15588161803935346,-0.13940323852122993
-0.19999999999999996,0.6000000000000001,19259.53515625,349.3572998046875,0.9500050354737762,0.0,0.9,0.834375,1.0,0.0,0.9999999981132075,0.756250376176064,1.0,0.9999999996875,0.05937499998144531,0.9937499996894531,0.2592573921655343,0.14658068337590824,-0.13847897431735132
-0.09999999999999998,0.6000000000000001,19155.220703125,347.6396789550781,0.9091769513446591,0.0,0.9,0.840625,1.0,0.0,0.9999999980392157,0.7677695386697454,1.0,0.9999999996875,0.06562499997949219,0.9968749996884765,0.23769256105047232,0.16222469603944514,-0.13918515523582978
0.0,0.6000000000000001,19122.28515625,347.0765686035156,0.8962949811967199,0.0,0.9,0.853125,1.0,0.0,0.9999999978723404,0.7825055697382092,1.0,0.9999999996875,0.0749999999765625,0.9968749996884765,0.23235780781177384,0.16901813071800129,-0.1527439333051116
0.10000000000000009,0.6000000000000001,19159.009765625,347.68072509765625,0.8959286868200431,0.0,0.9,0.85,1.0,0.0,0.9999999979166666,0.778276334464974,1.0,0.9999999996875,0.07812499997558593,0.9999999996875,0.23188024548212802,0.16436044203897407,-0.15710800090412888
0.20000000000000018,0.6000000000000001,19264.74609375,349.43865966796875,0.9161918933735498,0.0,0.9,0.865625,1.0,0.0,0.9999999976744186,0.8032981568115636,1.0,0.9999999996875,0.0749999999765625,0.9999999996875,0.24429963758713347,0.19164829685834875,-0.19164829685834875
0.30000000000000004,0.6000000000000001,19439.3828125,352.31292724609375,0.9800637287584055,0.0,0.9,0.83125,1.0,0.0,0.9999999981481481,0.7581165901781143,1.0,0.9999999996875,0.07812499997558593,0.9999999996875,0.2796949187968801,0.18037023428443413,-0.18037023428443413
0.40000000000000013,0.6000000000000001,19683.03125,356.24554443359375,1.0563553718057843,0.0,0.9,0.803125,1.0,0.0,0.9999999984126984,0.7090577091051474,1.0,0.9999999996875,0.05937499998144531,0.9874999996914062,0.3196489727376206,0.18268877429918506,-0.18268877429918506
0.5,0.6000000000000001,19994.62890625,361.1634826660156,1.1955091714175754,0.0,0.9,0.75625,0.0,0.0,0.9999999987179488,0.6367362481975274,0.0,0.9999999996875,0.0,0.9687499996972656,0.38633910497538354,0.17876464935370773,-0.1764627525472316
0.6000000000000001,0.6000000000000001,20370.28125,366.98455810546875,1.3570457902342672,0.0,0.9,0.690625,0.0,0.0,0.999999998989899,0.544451792132455,0.0,0.9999999996875,0.0,0.9249999997109374,0.451473096853851,0.16171990273809975,-0.16171990273809975
0.7000000000000002,0.6000000000000001,20804.0390625,373.6227111816406,1.586555163123633,0.0,0.9,0.628125,0.0,0.0,0.9999999991596639,0.4662397072467553,0.0,0.9999999996875,0.0,0.8531249997333984,0.536576070839472,0.15980476112035746,-0.15980476112035746
0.8,0.6000000000000001,21291.33984375,380.99285888671875,1.8334663978094317,0.0,0.9,0.5625,0.0,0.0,0.9999999992857144,0.40684391807218334,0.0,0.9999999996875,0.0,0.8093749997470703,0.6174051098677359,0.15300201620602485,-0.1514658735981068
0.9000000000000001,0.6000000000000001,21826.95703125,389.0134582519531,2.0980744180681135,0.0,0.9,0.434375,0.0,0.0,0.9999999994475138,0.2973508625557965,0.0,0.9999999996875,0.0,0.743749999767578,0.7099502738328044,0.12582570789649786,-0.0722859911689256
1.0,0.6000000000000001,22405.56640625,397.609375,2.3677924636304786,0.0,0.9,0.31875,0.0,0.0,0.9999999995412844,0.19836022583118823,0.0,0.9999999996875,0.0,0.628124999803711,0.7967257857420458,0.127060868869847,0.02026237850270012
-1.0,0.7000000000000002,22748.08984375,402.9825439453125,2.1209885888287023,0.0,0.9,0.325,0.0,0.0,0.9999999995370371,0.13728099444712252,0.0,0.9999999996875,0.0,0.7343749997705078,0.758393851155485,0.19609393473857614,0.0858495448611766
-0.9,0.7000000000000002,22188.556640625,394.6310119628906,1.982479318069835,0.0,0.9,0.421875,0.0,0.0,0.9999999994594595,0.22767822986319725,0.0,0.9999999996875,0.0,0.7593749997626953,0.7134261858326324,0.13415377768881123,0.004192339921856358
-0.8,0.7000000000000002,21671.3828125,386.8584289550781,1.8281721703152185,0.0,0.9,0.484375,0.0,0.0,0.9999999993939395,0.2891178525013619,0.0,0.9999999996875,0.0,0.8187499997441405,0.6498848849574914,0.09206988327424082,-0.040607220294239896
-0.7,0.7000000000000002,21200.29296875,379.7358703613281,1.6677549505468785,0.0,0.9,0.58125,0.0,0.0,0.9999999992537314,0.3930029324417079,0.0,0.9999999996875,0.0,0.8687499997285155,0.5835670303157245,0.11980426908273274,-0.1105235405811837
-0.6,0.7000000000000002,20780.357421875,373.3391418457031,1.522253983570118,0.0,0.9,0.665625,0.0,0.0,0.9999999990654206,0.5099684902103431,0.0,0.9999999996875,0.0,0.9093749997158203,0.5232418817259321,0.15785835881177304,-0.15452216076173475
-0.5,0.7000000000000002,20416.646484375,367.746826171875,1.3820945463327183,0.0,0.9,0.7125,0.0,0.0,0.9999999989130436,0.5802703972494448,0.0,0.9999999996875,0.0,0.9562499997011719,0.4665721267882441,0.1628304821975728,-0.1628304821975728
-0.3999999999999999,0.7000000000000002,20115.5078125,363.03680419921875,1.2599141345764975,0.0,0.9,0.76875,0.0,0.0,0.9999999986486487,0.6699457404577964,0.0,0.9999999996875,0.0,0.971874999696289,0.410800394419318,0.18051679615945848,-0.179319923091501
-0.29999999999999993,0.7000000000000002,19877.79296875,359.282958984375,1.1668155436802907,0.0,0.9,0.7875,0.0,0.0,0.9999999985294119,0.699725959096312,0.0,0.9999999996875,0.0,0.9843749996923827,0.37101044462201505,0.16704034913821442,-0.16634519840770295
-0.19999999999999996,0.7000000000000002,19709.830078125,356.55010986328125,1.102634586692883,0.0,0.9,0.8,1.0,0.0,0.9999999984375001,0.7174160029202047,1.0,0.9999999996875,0.006249999998046874,0.9906249996904296,0.3415143805697392,0.16393590017313692,-0.16364408214268225
-0.09999999999999998,0.7000000000000002,19608.208984375,354.8891296386719,1.07287893533716,0.0,0.9,0.796875,1.0,0.0,0.9999999984615385,0.7161124966077066,1.0,0.9999999996875,0.03749999998828125,0.9906249996904296,0.3333457477371636,0.1543971248519381,-0.1543971248519381
0.0,0.7000000000000002,19575.537109375,354.33270263671875,1.0462873845651275,0.0,0.9,0.80625,1.0,0.0,0.9999999983870967,0.7253094068078189,1.0,0.9999999996875,0.05624999998242187,0.9937499996894531,0.3200097437357133,0.16293748836798833,-0.16293748836798833
0.10000000000000009,0.7000000000000002,19612.0234375,354.8920593261719,1.052801289960057,0.0,0.9,0.803125,1.0,0.0,0.9999999984126984,0.7324078578944313,1.0,0.9999999996875,0.05624999998242187,0.9999999996875,0.3258262338244417,0.1773525511630865,-0.17665746841926577
0.20000000000000018,0.7000000000000002,19716.052734375,356.555908203125,1.0820318124848824,0.0,0.9,0.7875,1.0,0.0,0.9999999985294119,0.7091124667025995,1.0,0.9999999996875,0.05624999998242187,0.9999999996875,0.34191725893655367,0.18314289632555442,-0.18314289632555442
0.30000000000000004,0.7000000000000002,19888.93359375,359.2919006347656,1.1393475066243657,0.0,0.9,0.7625,1.0,0.0,0.9999999986842106,0.6660951999002911,1.0,0.9999999996875,0.05937499998144531,0.9968749996884765,0.37072597112127104,0.17991087655956695,-0.17991087655956695
0.40000000000000013,0.7000000000000002,20129.693359375,363.0490417480469,1.2084670301977247,0.0,0.9,0.75625,1.0,0.0,0.9999999987179488,0.6391428464175862,1.0,0.9999999996875,0.024999999992187497,0.971874999696289,0.40306270789527826,0.20271074485528512,-0.2016400673805129
0.5,0.7000000000000002,20434.8203125,367.7626037597656,1.331270143586389,0.0,0.9,0.70625,0.0,0.0,0.9999999989361703,0.5527049405620834,0.0,0.9999999996875,0.0,0.949999999703125,0.45583782871644896,0.1899527025951441,-0.18947823222609037
0.6000000000000001,0.7000000000000002,20801.732421875,373.3586120605469,1.5268559865756122,0.0,0.9,0.596875,0.0,0.0,0.9999999992248062,0.4222293273866577,0.0,0.9999999996875,0.0,0.893749999720703,0.529307559269166,0.15204560840558978,-0.12916257068491868
0.7000000000000002,0.7000000000000002,21225.818359375,379.7591247558594,1.7630215053813545,0.0,0.9,0.51875,0.0,0.0,0.9999999993506494,0.34635757641325665,0.0,0.9999999996875,0.0,0.8187499997441405,0.6044349020373075,0.17435014932879966,-0.09884970811726805
0.8,0.7000000000000002,21701.556640625,386.8854675292969,2.019868953361776,0.0,0.9,0.44375,0.0,0.0,0.9999999994382023,0.2667939316717126,0.0,0.9999999996875,0.0,0.7593749997626953,0.6819768903856747,0.2161517028693179,-0.07075615081689528
0.9000000000000001,0.7000000000000002,22224.240234375,394.66180419921875,2.2812934419229594,0.0,0.9,0.371875,0.0,0.0,0.9999999995024876,0.22058596983127182,0.0,0.9999999996875,0.0,0.6406249997998047,0.7644686786511987,0.16110928247982065,-0.03448515445433526
1.0,0.7000000000000002,22789.32421875,403.01678466796875,2.5495252576185035,0.0,0.9,0.234375,0.0,0.0,0.9999999995918367,0.14052393572190353,0.0,0.9999999996875,0.0,0.5656249998232421,0.8468818798239948,0.18186987771115598,0.08316482823932579
-1.0,0.8,23178.560546875,409.36083984375,2.2345841437696206,0.0,0.9,0.278125,0.0,0.0,0.9999999995670996,0.10357157183726343,0.0,0.9999999996875,0.0,0.6843749997861328,0.7832389329347768,0.2087119769147184,0.12835342113674233
-0.9,0.8,22634.0234375,401.24853515625,2.1160018020860916,0.0,0.9,0.384375,0.0,0.0,0.9999999994923858,0.18920333242466145,0.0,0.9999999996875,0.0,0.7281249997724609,0.7528630602903341,0.17617973188031805,0.028540916233936682
-0.8,0.8,22130.0,393.71478271484375,1.9745591960816309,0.0,0.9,0.43125,0.0,0.0,0.9999999994505495,0.23694051921467887,0.0,0.9999999996875,0.0,0.7906249997529297,0.7053701780796198,0.12181962270752116,-0.007675075518978161
-0.7,0.8,21671.76953125,386.82611083984375,1.828962909358852,0.0,0.9,0.490625,0.0,0.0,0.9999999993865031,0.2978647587533575,0.0,0.9999999996875,0.0,0.821874999743164,0.6479008412811008,0.06225506543948424,-0.04865686612516352
-0.6,0.8,21263.08984375,380.6525573730469,1.6996889966534978,0.0,0.9,0.540625,0.0,0.0,0.9999999993197279,0.34603435137181665,0.0,0.9999999996875,0.0,0.8687499997285155,0.5984883907987602,0.11016750404186243,-0.06727009151753764
-0.5,0.8,20909.845703125,375.2654113769531,1.5795305651424818,0.0,0.9,0.61875,0.0,0.0,0.9999999991803279,0.46174934029277337,0.0,0.9999999996875,0.0,0.9156249997138671,0.5549320310365151,0.11176309151773198,-0.11069886158849707
-0.3999999999999999,0.8,20617.287109375,370.73529052734375,1.4808082999660483,0.0,0.9,0.653125,0.0,0.0,0.9999999990990992,0.5261718436269291,0.0,0.9999999996875,0.0,0.9531249997021484,0.5189351876018027,0.12450867526535411,-0.11538651130805011
-0.29999999999999993,0.8,20387.125,367.1280517578125,1.392101665311348,0.0,0.9,0.709375,0.0,0.0,0.9999999989247312,0.6146554361057845,0.0,0.9999999996875,0.0,0.9656249996982421,0.48283492242553533,0.1448117671930967,-0.1448117671930967
-0.19999999999999996,0.8,20219.30078125,364.5010070800781,1.3341104002205628,0.0,0.9,0.71875,0.0,0.0,0.9999999988888889,0.639166694551772,0.0,0.9999999996875,0.0,0.9749999996953125,0.46336462099790154,0.13509749327476964,-0.13509749327476964
-0.09999999999999998,0.8,20120.939453125,362.89898681640625,1.2894444207748321,0.0,0.9,0.728125,1.0,0.0,0.9999999988505748,0.6406180201363586,1.0,0.9999999996875,0.003124999999023437,0.9812499996933594,0.44862962813667456,0.14150527618345107,-0.14150527618345107
0.0,0.8,20089.486328125,362.35076904296875,1.2635425314918447,0.0,0.9,0.73125,0.0,0.0,0.9999999988372094,0.6474972944788613,0.0,0.9999999996875,0.0,0.9812499996933594,0.4426215039565904,0.15973445947225873,-0.1575827904529301
0.10000000000000009,0.8,20125.26171875,362.8666076660156,1.2657766089007763,0.0,0.9,0.7375,0.0,0.0,0.9999999988095238,0.6435396662281985,0.0,0.9999999996875,0.0,0.9906249996904296,0.4479549720467845,0.1806410433134635,-0.1806410433134635
0.20000000000000018,0.8,20227.763671875,364.4371032714844,1.2839346867312793,0.0,0.9,0.7125,1.0,0.0,0.9999999989130436,0.5920920318498789,1.0,0.9999999996875,0.03749999998828125,0.9906249996904296,0.4565583576726648,0.18962076404179726,-0.17737240637437174
0.30000000000000004,0.8,20398.765625,367.0343017578125,1.32048961859448,0.0,0.9,0.659375,1.0,0.0,0.9999999990825689,0.5196953871544829,1.0,0.9999999996875,0.04374999998632812,0.9906249996904296,0.47219862254352657,0.14633097796281835,-0.14300521612859343
0.40000000000000013,0.8,20633.2890625,370.61383056640625,1.4037103849049182,0.0,0.9,0.653125,0.0,0.0,0.9999999990990992,0.4886924239425156,0.0,0.9999999996875,0.0,0.9531249997021484,0.501316859023659,0.164642250730124,-0.164642250730124
0.5,0.8,20929.994140625,375.1189270019531,1.5310903958231994,0.0,0.9,0.578125,0.0,0.0,0.9999999992592593,0.39277501622267186,0.0,0.9999999996875,0.0,0.9124999997148436,0.5439865777891115,0.1472735167969743,-0.12097500353212168
0.6000000000000001,0.8,21286.361328125,380.4836730957031,1.714213027048442,0.0,0.9,0.528125,0.0,0.0,0.9999999993377484,0.3358543733817985,0.0,0.9999999996875,0.0,0.8374999997382812,0.6010027816018119,0.17578830955901648,-0.10505661495696042
0.7000000000000002,0.8,21698.68359375,386.63763427734375,1.9636286104390366,0.0,0.9,0.459375,0.0,0.0,0.9999999994219654,0.2745990561846473,0.0,0.9999999996875,0.0,0.7124999997773437,0.6713719124626631,0.19363190988427934,-0.07483128758947105
0.8,0.8,22162.07421875,393.50921630859375,2.2170919928590878,0.0,0.9,0.428125,0.0,0.0,0.9999999994535519,0.25093112818676727,0.0,0.9999999996875,0.0,0.621874999805664,0.742742367491327,0.16715665744992222,-0.08388529771659536
0.9000000000000001,0.8,22671.384765625,401.0281066894531,2.4712272626634673,0.0,0.9,0.33125,0.0,0.0,0.9999999995327103,0.17314228099288534,0.0,0.9999999996875,0.0,0.5593749998251952,0.8170430046659921,0.10041180670083603,-0.016994986678413433
1.0,0.8,23221.427734375,409.1277160644531,2.705940573932946,0.0,0.9,0.18125,0.0,0.0,0.9999999996183205,0.0825963097674155,0.0,0.9999999996875,0.0,0.5062499998417969,0.8863988432232538,0.21499617183369762,0.1268767962852086
-1.0,0.9000000000000001,23653.99609375,416.3714904785156,2.339737511570118,0.0,0.9,0.271875,0.0,0.0,0.9999999995708154,0.10304863490155784,0.0,0.9999999996875,0.0,0.6406249997998047,0.8028921180497421,0.1942318849828204,0.12094587890697416
-0.9,0.9000000000000001,23124.1953125,408.50689697265625,2.2224476369780493,0.0,0.9,0.35,0.0,0.0,0.9999999995192308,0.16242998931195324,0.0,0.9999999996875,0.0,0.6812499997871093,0.775695371126084,0.1514820738092164,0.04726283200786229
-0.8,0.9000000000000001,22635.1484375,401.21905517578125,2.088113266190615,0.0,0.9,0.390625,0.0,0.0,0.9999999994871795,0.19401246678032394,0.0,0.9999999996875,0.0,0.7406249997685547,0.7389057828745533,0.09760537814145567,0.01241643155408675
-0.7,0.9000000000000001,22190.560546875,394.56951904296875,1.9824871620409306,0.0,0.9,0.4375,0.0,0.0,0.9999999994444445,0.25206902997459896,0.0,0.9999999996875,0.0,0.793749999751953,0.703766980873036,0.07968848942494534,-0.020495017368523494
-0.6,0.9000000000000001,21794.61328125,388.6224060058594,1.8745394570236762,0.0,0.9,0.5,0.0,0.0,0.9999999993750001,0.3113822106348172,0.0,0.9999999996875,0.0,0.821874999743164,0.6673185661855311,0.11492956124342502,-0.05485336577973496
-0.5,0.9000000000000001,21452.400390625,383.442626953125,1.783892333592478,0.0,0.9,0.521875,0.0,0.0,0.9999999993464053,0.3200719505382818,0.0,0.9999999996875,0.0,0.8406249997373046,0.6371572700808312,0.08976035838231468,-0.0419998588767476
-0.3999999999999999,0.9000000000000001,21169.6171875,379.09320068359375,1.7092842952286817,0.0,0.9,0.571875,0.0,0.0,0.999999999270073,0.411247244312563,0.0,0.9999999996875,0.0,0.8874999997226561,0.6104834719148465,0.12722277368064078,-0.0616138246532236
-0.29999999999999993,0.9000000000000001,20946.517578125,375.63250732421875,1.6369372994145743,0.0,0.9,0.596875,0.0,0.0,0.9999999992248062,0.4545062637456844,0.0,0.9999999996875,0.0,0.9374999997070312,0.5894334753767935,0.11917547549775576,-0.06841601176552893
-0.19999999999999996,0.9000000000000001,20784.494140625,373.1112060546875,1.5743968648743674,0.0,0.9,0.63125,0.0,0.0,0.9999999991525425,0.5025574859684301,0.0,0.9999999996875,0.0,0.9531249997021484,0.5717832643381515,0.1421052942750636,-0.09122874667714001
-0.09999999999999998,0.9000000000000001,20685.9921875,371.56866455078125,1.5478758025538364,0.0,0.9,0.646875,0.0,0.0,0.9999999991150443,0.5226715923354579,0.0,0.9999999996875,0.0,0.9656249996982421,0.5718030064870652,0.17151022097583565,-0.1113032630780998
0.0,0.9000000000000001,20656.552734375,371.0299987792969,1.519052498953972,0.0,0.9,0.659375,0.0,0.0,0.9999999990825689,0.5404496820295671,0.0,0.9999999996875,0.0,0.9749999996953125,0.5704731968199531,0.1950618246297997,-0.13857109738520013
0.10000000000000009,0.9000000000000001,20692.095703125,371.5043029785156,1.5099127944324813,0.0,0.9,0.65,0.0,0.0,0.9999999991071429,0.5203315991616484,0.0,0.9999999996875,0.0,0.971874999696289,0.5724167002400605,0.1832275384302224,-0.14619451799448666
0.20000000000000018,0.9000000000000001,20793.8125,372.9840393066406,1.5241548948632766,0.0,0.9,0.5875,0.0,0.0,0.9999999992424243,0.43273135265110546,0.0,0.9999999996875,0.0,0.9624999996992187,0.5794697334548906,0.1396659585901417,-0.1030384403388824
0.30000000000000004,0.9000000000000001,20959.40625,375.445068359375,1.5566270993758808,0.0,0.9,0.559375,0.0,0.0,0.9999999992907802,0.3910662247922415,0.0,0.9999999996875,0.0,0.9468749997041015,0.5820632065408067,0.1280214275953287,-0.0935204413105005
0.40000000000000013,0.9000000000000001,21187.61328125,378.8492736816406,1.6179888640101567,0.0,0.9,0.540625,0.0,0.0,0.9999999993197279,0.3444316316739165,0.0,0.9999999996875,0.0,0.8999999997187499,0.592401198603601,0.14294335621825502,-0.09741814551738379
0.5,0.9000000000000001,21475.404296875,383.146728515625,1.7378151784471265,0.0,0.9,0.521875,0.0,0.0,0.9999999993464053,0.3390135330395387,0.0,0.9999999996875,0.0,0.8249999997421874,0.62389089673748,0.17868144573482003,-0.10763448726386021
0.6000000000000001,0.9000000000000001,21819.787109375,388.2793273925781,1.9111544942094663,0.0,0.9,0.475,0.0,0.0,0.9999999994047619,0.29038624536320384,0.0,0.9999999996875,0.0,0.7593749997626953,0.6687135664351067,0.17124709396694224,-0.08559550380410333
0.7000000000000002,0.9000000000000001,22218.33984375,394.1840515136719,2.150938968555012,0.0,0.9,0.45625,0.0,0.0,0.9999999994252874,0.27329556187795895,0.0,0.9999999996875,0.0,0.6468749997978516,0.7286972113901722,0.17156032415516692,-0.09861053635378611
0.8,0.9000000000000001,22667.974609375,400.7957763671875,2.398080634792904,0.0,0.9,0.4,0.0,0.0,0.9999999994791667,0.2278596472115304,0.0,0.9999999996875,0.0,0.571874999821289,0.800307891742217,0.10279835834903177,-0.07606764228313859
0.9000000000000001,0.9000000000000001,23162.779296875,408.0503234863281,2.6336887309718553,0.0,0.9,0.275,0.0,0.0,0.9999999995689656,0.12560847592761423,0.0,0.9999999996875,0.0,0.5281249998349609,0.8694561554663696,0.07107462748021003,0.033317502405642296
1.0,0.9000000000000001,23697.83984375,415.8856506347656,2.857722272938938,0.0,0.9,0.165625,0.0,0.0,0.999999999625468,0.04150708444587455,0.0,0.9999999996875,0.0,0.44374999986132807,0.9279285117590603,0.1870182899672798,0.1440817486253961
-1.0,1.0,24170.74609375,423.9576110839844,2.420323466531885,0.0,0.9,0.3,0.0,0.0,0.9999999995535714,0.12573961069472878,0.0,0.9999999996875,0.0,0.6343749998017578,0.8116612807618233,0.14862679029663967,0.07031759283640429
-0.9,1.0,23656.84765625,416.3446350097656,2.321355391805314,0.0,0.9,0.34375,0.0,0.0,0.9999999995238096,0.16604993956592132,0.0,0.9999999996875,0.0,0.6812499997871093,0.792925442673747,0.0861877257039648,0.031057199961317818
-0.8,1.0,23182.78125,409.3047790527344,2.226500943476573,0.0,0.9,0.346875,0.0,0.0,0.9999999995215312,0.17869810342741216,0.0,0.9999999996875,0.0,0.6968749997822266,0.7745308938450509,0.145354416272084,0.03659113698778446
-0.7,1.0,22752.474609375,402.8948059082031,2.1411463309258525,0.0,0.9,0.353125,0.0,0.0,0.9999999995169082,0.1865697012461909,0.0,0.9999999996875,0.0,0.743749999767578,0.7553017058622729,0.11677883672031741,0.04467978534596063
-0.6,1.0,22369.25,397.1731262207031,2.060088164135761,0.0,0.9,0.45625,0.0,0.0,0.9999999994252874,0.2554983145725895,0.0,0.9999999996875,0.0,0.7687499997597655,0.7309459369658421,0.12527560382869593,-0.031712375638927044
-0.5,1.0,22038.80859375,392.1984558105469,2.0018527345830015,0.0,0.9,0.48125,0.0,0.0,0.9999999993975904,0.2801106071456,0.0,0.9999999996875,0.0,0.8031249997490234,0.712649912972649,0.14965036636861354,-0.026339075682437006
-0.3999999999999999,1.0,21765.455078125,388.0267639160156,1.934180817067421,0.0,0.9,0.509375,0.0,0.0,0.9999999993630574,0.318934572806474,0.0,0.9999999996875,0.0,0.8249999997421874,0.6875537250853005,0.07019661252534959,-0.02485566571018604
-0.29999999999999993,1.0,21549.970703125,384.7099609375,1.8791092496797779,0.0,0.9,0.5375,0.0,0.0,0.9999999993243244,0.3595757118155517,0.0,0.9999999996875,0.0,0.8749999997265624,0.6740560400515587,0.11777245566012039,-0.033364832056530715
-0.19999999999999996,1.0,21394.646484375,382.2923278808594,1.8444321025080253,0.0,0.9,0.528125,0.0,0.0,0.9999999993377484,0.3563658696751389,0.0,0.9999999996875,0.0,0.9062499997167968,0.6719513458950801,0.10305731184813326,-0.017954630165264926
-0.09999999999999998,1.0,21300.447265625,380.8083190917969,1.8238121860045302,0.0,0.9,0.5125,0.0,0.0,0.9999999993589744,0.34196683323893823,0.0,0.9999999996875,0.0,0.9468749997041015,0.6806905030175273,0.09978486148927582,-0.009529001671227541
0.0,1.0,21269.333984375,380.2799377441406,1.79252465954593,0.0,0.9,0.525,0.0,0.0,0.9999999993421053,0.3542670271510944,0.0,0.9999999996875,0.0,0.9531249997021484,0.6840334354719713,0.13222283211797412,-0.04131631114041305
0.10000000000000009,1.0,21306.01953125,380.7153015136719,1.7842411876504423,0.0,0.9,0.51875,0.0,0.0,0.9999999993506494,0.3349831495161493,0.0,0.9999999996875,0.0,0.9468749997041015,0.6883965505509354,0.14153736339026354,-0.05057293365925916
0.20000000000000018,1.0,21405.005859375,382.108154296875,1.7637742643460967,0.0,0.9,0.49375,0.0,0.0,0.9999999993827161,0.2974009352984198,0.0,0.9999999996875,0.0,0.9468749997041015,0.679371641927731,0.1309332321518672,-0.04095609959709754
0.30000000000000004,1.0,21565.15234375,384.43798828125,1.7837148548057442,0.0,0.9,0.490625,0.0,0.0,0.9999999993865031,0.30124867304492114,0.0,0.9999999996875,0.0,0.8874999997226561,0.6745327809838811,0.1388078539889579,-0.05895184885787491
0.40000000000000013,1.0,21785.876953125,387.671875,1.816693889523666,0.0,0.9,0.48125,0.0,0.0,0.9999999993975904,0.28855085586992907,0.0,0.9999999996875,0.0,0.8281249997412109,0.6665290476054758,0.11537569963037712,-0.07166509996775026
0.5,1.0,22064.49609375,391.7663879394531,1.8966252901314589,0.0,0.9,0.478125,0.0,0.0,0.9999999994011977,0.2918767966123647,0.0,0.9999999996875,0.0,0.771874999758789,0.6793039010428631,0.1558046738721395,-0.09422234615699988
0.6000000000000001,1.0,22396.916015625,396.6702880859375,2.0799753726766155,0.0,0.9,0.45,0.0,0.0,0.9999999994318182,0.27568513979040155,0.0,0.9999999996875,0.0,0.6874999997851562,0.7293882239461685,0.11712847991780906,-0.09274993572783215
0.7000000000000002,1.0,22781.51171875,402.32757568359375,2.3087655082527903,0.0,0.9,0.421875,0.0,0.0,0.9999999994594595,0.25171104035379555,0.0,0.9999999996875,0.0,0.5999999998125,0.7885586763228022,0.10226450673923844,-0.0898339463091876
0.8,1.0,23216.521484375,408.6796569824219,2.5380079715481902,0.0,0.9,0.328125,0.0,0.0,0.9999999995348837,0.1543071682696067,0.0,0.9999999996875,0.0,0.5656249998232421,0.8533987919530481,0.05791954839710352,-0.017720066356943787
0.9000000000000001,1.0,23695.724609375,415.66790771484375,2.772370139941391,0.0,0.9,0.184375,0.0,0.0,0.9999999996168581,0.04110989149284012,0.0,0.9999999996875,0.0,0.5031249998427734,0.9147687183005785,0.12732470810762694,0.1212625007891643
1.0,1.0,24215.181640625,423.2348327636719,2.9658860567101106,0.0,0.9,0.1625,0.0,0.0,0.9999999996268656,0.02926061508196864,0.0,0.9999999996875,0.0,0.42499999986718745,0.958725213667642,0.1475785811905998,0.13760717089018829
